x1 x2 x3 x4
16.4480853511144 31.4789317806995 1.6214250006572 56.5090443679563
1.2187633784883 4.98208818032906 -24.479788579407 10.2949722708941
-29.3644657594931 1.75835436041059 -8.44610783310458 8.41079708719965
3.20517191569571 11.3582166506854 10.1252844749697 13.7129497292249
-26.4712253775539 4.4006176842048 -7.94108712118461 9.05394445130992
-1.98991667761316 -2.42062027616287 -4.47929559394243 -13.710777309302
-0.260780177537834 5.26321737961971 -23.9844554647529 9.66280353959722
-2.36304187309796 48.1782380736239 36.285863053486 81.603185888427
13.5250097351411 25.4491841036629 21.77442257252 30.3570125995986
11.6653699563881 23.1320712589796 23.2262406277772 36.5931731118148
6.2435068320904 8.71104506934105 7.38416457047548 13.1899712918393
17.8866544185377 33.7218598536923 3.89088370084026 61.7200713497261
3.7071526862732 9.74841005322785 6.18263022833436 10.0262759066887
0.931992218872708 0.84851795198343 -22.9229570002981 11.2336699189716
-22.5701201078444 2.26153397813461 -4.77855897578803 11.438242388383
8.847594758707 8.91059265348307 29.2291448631997 67.3455890551843
-4.39774565925777 50.8397718779899 37.6941112785475 81.7095919608821
16.3433365843209 32.2403868879364 4.78494363519582 60.6291835680092
7.31050915744266 8.60629284202491 8.12836557869414 9.26956155597711
24.6930018390592 53.4831544782079 19.147502059771 82.494516142384
-1.93211466295397 4.57740056829602 -23.6161424804775 13.0915682492421
-2.74131941512271 9.78277304750762 -23.9616229387615 16.5202041040026
13.8558774123956 9.59313282142758 27.6932592742117 62.1255597143571
0.191936747250225 8.81539375402798 11.1376094212651 9.86765214613461
28.7234407108634 51.5529863843806 14.5950873415454 83.4923591745752
-0.234721270175299 7.21585608433652 9.82359414894642 8.81749366571444
26.6819500195821 46.2302325188298 19.0181984062598 80.2583901682983
8.45864263209516 16.6806973274005 -16.1227128152366 43.3817912630207
19.182221178647 37.6811385594022 42.0042028660448 57.0520148570676
-19.9045378210487 15.6237280168059 -0.0157617849434981 28.5843486711886
-0.725897916368928 -7.69617178145905 -24.0326500400854 17.3360239037415
15.3108170206982 34.0278367172586 4.83994431637367 62.3720691224708
0.977171836407887 -12.2833809375291 -9.66566285589586 -12.0361010023734
-16.0181231824007 18.2100802816818 7.20735925042739 32.174307727682
0.270275544295364 9.37039804465253 6.84210601923186 12.5082371120407
-5.60871638436091 -3.20694121787436 -9.63832765807415 -12.7106756539023
6.77232810572564 15.6615732838557 -7.96846286740636 37.4838172907627
-2.75150237443517 48.2465279635774 38.9787940356606 78.6755897729986
-4.4531356461692 -16.1554581151576 -5.62288042862922 16.5071673975297
16.7183495867269 27.8715570396548 5.82393033860583 58.7799708599185
17.4006194119597 41.839567151722 17.7564186387043 86.4584952577663
1.97062168007115 -6.43227808069575 10.7509143961449 41.2501967507836
4.71061223224189 21.7194216544418 -11.1223780237093 39.5995710558508
-8.80075277518956 -18.0264596651171 -3.11793644889674 21.6166621711774
12.7349203316831 7.5103113778186 24.7965194371713 63.0742907319418
3.59111357929401 -2.14873205213657 -25.8935200000833 13.913727386471
2.97836924288312 -3.07823418782537 8.98382347340755 41.2970443400866
-2.36966585505793 -8.67130642883085 -7.0351239081715 -12.4187515088078
28.3377002694662 55.4414752038174 50.5714614978468 75.3630055350647
-24.0174873190727 2.45809872809475 -4.77752718848356 12.4100257565401
2.63065626801035 6.35474034452199 -25.0923898515924 14.7375219542439
-4.3731358594778 -9.22554720977269 -9.16003374335641 -13.2397707215473
11.1074773086778 29.2976252258828 24.8631293354893 36.8576749415468
20.6507009957195 52.0249337476102 15.0422687356473 79.755572337412
8.88856039214148 26.8023653823131 25.055510750462 34.8507775754352
11.6038270004577 9.40486913194391 23.2392678513512 65.4959140612094
24.7415078863868 50.2311687808815 18.3465055127022 80.9333961704179
-11.1635466751071 -12.1979833608059 -7.28606593345188 -10.9002706767998
19.4263680038834 39.6761894454213 45.5415206003079 55.0144168773893
6.5933005148753 8.46563856170847 6.28150621988082 10.4684729395903
23.887934801026 48.4345055201494 16.4855616556523 81.6703420853828
-9.44529832846292 35.5840918257135 21.0367837180422 58.9809524358868
3.68691750580347 -8.9835665294035 11.4794396589886 40.4691596764412
29.5541243538284 44.8862531082119 16.2743953853577 82.6840621066443
18.7905801785424 33.288880587923 5.56101863643088 59.224589051099
14.9095586551839 32.003055727257 5.44089555031025 58.5944928361114
7.44119615111796 -3.45187303150954 10.1822986615507 37.5063560147169
23.0831245317196 46.4970221727176 19.2225885546096 82.4754763731835
3.11847649847549 7.55940031172771 -27.4144000814471 9.98687299754573
25.412696650792 52.0298162471199 55.2366033879001 81.5834053993894
15.8106113809311 36.5862178707225 43.717381373916 55.5180750786614
-8.23343665531629 34.8417834742283 26.5702764690921 55.163780378923
2.03952776259157 4.03656746759074 -27.6319760369852 12.1720671893307
-6.20349910016382 -10.3207516323109 -6.72119734393692 -13.2294055368022
7.55553038426671 -5.93343985724836 10.1837767506722 40.5023670142612
-25.2984767426339 2.40929438245062 -3.5287209574503 8.70682040610985
0.488677132626822 -1.13902454978537 9.11787726498103 33.1334276831763
-4.77243585043575 -17.5310941963136 -6.09640715427831 17.4940918428663
27.9089087660013 54.849728237302 46.5041556391168 79.6786080849549
8.16833467498265 15.9844064622515 -12.8566677087089 42.9810894344626
-5.46620840035333 -8.73671151242909 -8.16406491692964 -9.21218078261397
17.0860921451381 38.3554575504292 2.3331859767455 61.2522951632284
-7.12229895292473 34.0498929797658 22.7697714653714 59.9413858916805
-23.2710920905685 3.06589937687787 -6.08201523271285 11.6492694552627
-12.2871057165156 33.7560860806193 24.3504027165115 57.4676422455891
27.9528651880104 47.143398749854 49.6609271680991 76.8857906087986
17.3164851465656 33.02241402876 1.32120934973433 58.407656748367
-4.95698292632662 -6.93553280391778 -7.78407105525753 -9.26657293758987
24.9922335306361 45.3973550826814 17.3396765767906 83.3939597348738
11.320734479307 20.1468220815728 18.7904903247959 37.1861767890788
21.1338261934853 35.7414800140061 34.0140290961677 58.8618270573725
1.56161377134525 -6.79328871113356 10.6404324258461 37.811834733824
-1.29675417503621 50.168962996904 37.1131254205798 76.5947691973339
22.2313434466789 42.1463070526133 38.7676427477482 55.8120122660259
31.1283394299336 58.3464491313316 49.1435549511276 83.1056040850452
14.934659716795 42.869952433566 33.3696076093298 58.0091735312957
-25.2524527643344 2.03984888630627 -9.4588026527785 9.18037486756409
19.4578644357111 40.2594176961271 39.328231799157 55.4028161428508
24.7293380020006 57.5428749071846 50.3729181332591 84.0737232098011
-27.6161553853059 3.88502516732412 -7.0977571831593 10.5015616285924
-0.0751569203385345 -6.32347769959247 -8.22458902934642 -15.7317167908007
-1.18415947431992 -6.97275053653326 10.8929491690534 40.2321411169813
6.0838281822404 2.02810481421628 -27.7628230215131 11.5757212877676
18.1242118970906 29.9468623970788 4.44716792253052 64.2331094299615
3.6888740940678 5.44738951380715 3.65267590911282 7.54814546484984
-7.3683482908531 33.3881452208361 23.9358621138216 53.4474172657859
-2.1596795752583 -23.3016685472405 -4.11949221223077 16.421280343939
-1.52749872827307 49.0283445157364 35.2895652508473 81.4668720444323
14.2451876003931 28.1100742732951 24.4919862794818 37.0078747620438
30.3356154527486 51.8032053291997 49.631993613746 82.3912363496975
-7.03626874093696 -15.3539954555601 -8.45757996726198 -12.5298894936267
25.7566024224886 51.7195289295575 48.2687008162864 76.2561733354989
-14.0603395982455 18.1566959992294 7.49269625628907 38.6989702722989
-2.42994271469995 50.0427652399745 38.4303658721842 78.1837479384032
-8.10037732891302 30.1405441297661 22.2631555405968 52.7369950751853
5.14520223326595 12.7160410693748 6.36815388558495 6.53397882207122
3.33031699770342 5.72426619520163 6.83847277912554 12.404162213564
13.8465006058269 9.27298189812243 21.0523530479562 67.8042439352708
-0.635656325345314 -5.69644008232687 6.85473327984137 49.0457675909932
-1.78080030440074 53.5660801334347 33.7793319191531 81.8794404917719
25.1321060042912 53.3512673656119 49.9937491861367 81.3756661554113
-1.15854922541667 5.90142825406988 10.7294038846812 13.5900536948014
-5.7694893504044 -20.4700008503888 -5.13749806386457 16.7125114030521
6.09120029891231 -4.91871169983439 14.9847132729329 40.8618283457438
-0.0247619655185898 4.83282171799962 -24.9842868960936 13.7759212806824
25.899249994004 51.433426273206 16.8313229267254 81.2358467943643
28.6826097730493 46.4619593502731 49.8947597756409 80.3401905523178
-0.326373650070374 -9.10853323687801 -11.6827432054824 -11.4053930119981
-26.9610562150121 5.40257769833442 -3.11685679083487 9.28286455084601
-14.0165052415855 17.0442543243362 11.2717235007629 35.5813011990946
-2.46734535312133 52.7083974909408 40.1180912553978 80.6104376827215
5.63819222498948 1.74825531912365 -27.6502396708961 11.9348185952711
3.59204177941052 5.7032302047185 5.87887262313626 13.2815973407249
-4.33129054220562 -20.1360515963861 -5.67753409908772 18.4883137495796
3.84428775201845 -2.82340593008777 -26.1521774119038 14.4147553579166
30.037238269594 46.8693093054548 20.9507801716474 83.0974466339191
17.8684096742492 53.1903014345261 21.6269651798974 76.7190205482701
1.57069344587453 5.68104895379105 7.90927387437912 13.142519083233
-8.69485883400655 33.6616436189759 24.9413264516526 54.29778913112
-2.33073275386387 48.6295798111082 37.5937436638283 85.9140205140562
13.416779399405 9.08654531630254 21.7004981784319 70.1569807763674
-7.25691024177246 30.7318709496322 16.6649446344379 54.973660200946
19.2816644987053 28.527304190267 3.08435135773645 58.5984675388853
10.652366734993 21.3564039091911 -8.93821978490206 39.5896326320213
-8.37267777062746 33.833783190493 21.4494932958951 57.4263940230579
13.2184135854796 27.5538231083953 23.8777263324915 35.8893018494295
2.07141827150518 1.53715474548466 -27.3782615782598 4.68943478857753
2.90958781821638 -5.13455389743508 7.94333638074099 42.1507822247685
24.7480290679031 52.1306297737724 54.7398063183641 77.9434006379028
30.3758815154639 52.7424829157115 21.9264831791208 82.7919064734147
-20.738351628774 20.9235116060711 3.66743300358439 30.2183106038423
8.28380071585337 27.2635804495583 21.2305791946194 34.8567960972527
-1.07491462070378 3.81518172164446 -26.0944446093821 10.5079574284198
-2.58154470577919 46.7378164715127 39.3105292132589 78.7236544247979
-10.5050684287443 35.513817169333 19.8237766672052 56.8947484680452
-17.6918065455978 16.8518332691919 8.89178499141781 30.5186854870585
-28.0460566338191 0.944681807086836 -3.49115788310985 8.82966211934362
3.01083214618776 8.10340852479201 7.75665826345564 11.9192497124574
-0.78804270433735 4.17221514919752 -25.8307639037592 15.2087515374741
-5.26665873141936 -19.0868923218993 -5.52218245086252 19.2802910817905
18.6623559344202 30.5941761736096 3.65827241170545 56.4870377823899
0.22842047118277 6.56282398114807 -24.8525654080026 12.6787910095902
14.4236015859886 37.1447641678759 2.36932378598115 61.192305940144
10.6082195789553 22.1244006867744 20.9181227964132 33.8423501382011
2.68363654360647 5.09273390155444 11.1922318670429 10.0583082928506
8.69698124712088 21.4755168017241 21.7196895862377 33.2592951317993
4.77931846924417 4.10993084275102 5.28659317043066 11.0622596566686
18.0910958749434 31.5647261147789 6.76429528055102 55.5893480108004
19.4144808733881 37.3676310399635 34.391768053099 60.2008431609292
-20.9147479078228 11.8531768236207 8.80189742452993 33.0457803364431
4.85238904207191 -6.25967941963497 14.8325767902395 41.7654045986176
3.08826303493314 2.98833202128779 -21.9648399262804 14.1362602826362
13.0777570947819 9.8210644720369 28.52507466789 60.393135036234
-7.98217744871466 40.0723854694625 24.8321554568394 55.7868004744145
-5.83452418624601 -2.80154188597375 -7.39728749538833 -11.3470356472516
-0.122026785703688 51.0793472549934 37.2962664365511 81.1190471778069
-19.4556117682414 15.8879936875329 8.05351409554674 32.6303191277625
5.64570302897448 7.99321350757291 10.1365964613664 11.2708069546224
4.36887816700625 -8.80418421375242 12.7474719328748 42.8942946413302
10.8981147366348 19.2731014669699 -10.7712110611112 34.262378360135
-10.5025220288209 34.2713434515003 26.5610150087465 56.9990133380979
26.2933060802312 53.3334159837873 48.9309466050419 76.5675824602017
-5.51565962727849 -11.1143852003108 -9.03036669392871 -14.3179162156434
5.75562601109503 -5.80936105749418 -27.6940571703844 14.481258102577
14.1142779350781 30.1555528426493 27.9548806740416 36.8085699540923
-0.387195305452095 -9.15668524329389 -8.6347309914365 -13.418325310716
15.8269260818074 36.5671595452856 3.11448417101546 57.5058985458858
4.49908218560471 22.2195759347209 -9.83385291970886 35.837170736324
27.931258551046 53.6351809666129 47.24461161293 76.9415516801982
17.9442435374101 38.6683702858984 4.81706776208695 55.2816357812551
6.2140074315326 3.56653326089539 9.46615372765351 11.6717698929454
-3.72079738933324 50.3854517369953 37.5180380967287 80.4431365621229
-0.27068280146255 -8.12365846758552 -8.1865917037157 -9.52434707778912
0.736520133582061 4.58379142455209 9.55335995080084 15.3882539700193
-9.58690950684077 34.6856787706449 23.0854181697797 55.6484838120872
11.0098560175403 19.443223959353 24.6013652784351 33.960953809542
18.7007576417528 39.4005333340843 42.0887448102289 60.0577964835854
27.1605458639433 56.8199273318008 51.7174372166725 82.1024587149372
24.3086930007404 49.980773100267 17.3402022579097 83.270889204421
4.23104713244321 0.51599565186502 -25.2257305873115 15.0311320781241
2.01062164374354 -8.91538346420314 -11.8501339788014 -14.946920991488
25.4452876828983 50.2969836825478 52.5866298336194 80.6455148053238
3.24157519377303 -6.63751278855223 12.4637417520896 43.2984759242458
6.5571971735237 12.6089988466749 25.9417262601935 64.4851099464232
11.7444404964302 25.243024030676 23.6817219268413 36.4175457164769
12.1043114126786 18.1596930845055 -10.1665467638934 33.6021732272775
21.8144184943574 53.0498868351113 55.3977736608453 81.2181615058402
-1.6034596543573 51.0241105133552 38.8957129114607 82.9579596925163
-5.67456715845862 -16.3127256414559 0.97356289945106 16.4412391218733
-2.91928091466545 55.8438600892133 39.8718146286133 75.9710658967289
25.5646283553512 46.9144725764799 20.1403854023705 86.1327079917916
3.12691118370253 -7.12281645764772 9.70240428365509 36.743565382338
-21.5906401491474 4.13922439775019 -5.70827173079862 12.2271004688565
-0.543599227503889 48.4729655391739 37.7758405018 77.2802371810517
12.6807974211577 17.9891883517373 19.0345986404268 30.699536084659
-17.3841450092113 21.8781572271472 5.44801819556786 36.870229778558
0.0858568019930219 5.73870900650315 -23.302839146334 7.87092763360497
-0.82796091822504 49.420561331413 39.7529143449385 81.9506630032332
-0.777964263762308 44.7714872765989 37.5023254105342 76.322882508988
19.8697311717025 40.562222908163 39.1019936757734 62.4715350379171
9.9091273078359 23.1780393641646 26.6720973698763 38.7167561906
20.3979749110401 41.9683748094998 39.8632587698727 58.3322643830369
-4.09979093259569 -22.4325161691551 -3.57129972657095 15.5581704367313
20.5932685483341 33.2857263181944 39.2465187643656 61.0492196981357
-19.2955930752999 2.64811497312944 -6.9804480348956 14.4972208035973
16.4053889519252 30.6895098509723 6.03669767606638 62.0219838659304
24.4517951344654 60.5993964444516 54.4413239963538 78.6458219768147
-18.6010147892518 19.2173056635032 2.43031579793137 37.333372105167
6.60004261719079 11.2326911399463 8.41294940364201 9.39782339625778
6.33465032081452 21.7255315688522 -10.9817665572709 33.8430168321155
15.8717008653693 26.7974249902997 21.8554630930497 33.938897860716
22.1338348854092 38.6755350115802 34.1922283830801 57.8494373130347
-1.0751333644984 -20.9902818696537 -4.06310378939843 16.3212316588765
-4.20028659423645 -23.9598141156376 -2.03498528724744 23.5723506936616
-5.61866833640658 -21.1226851074917 -4.32638625557489 16.1588937666019
-8.52871987881536 32.453619593569 24.4754988435071 54.6911639051516
7.56136248279104 10.622956020453 28.9627497060226 64.6168787365107
-18.6300886681975 17.2174297430999 9.0645761703351 33.6766103362565
-4.19912705292179 -20.3026097361267 0.309306213671294 18.5519147132581
25.8534035200846 44.1016208944576 16.2557680299998 80.7036372963482
-5.95324255477548 -24.1914133067419 -4.82415716907544 19.282983083531
11.9275447097577 16.6917138934642 -12.3934445295225 32.9166825792111
-3.19520672129323 -23.7243601768215 -5.21724624164554 17.3089007465261
17.1604567572426 31.575810957043 5.33173495717999 58.5011010362229
-9.70106912489545 32.2582843842252 21.5333942294911 56.4389443492886
28.822228709832 54.8973893787076 49.2399839780521 79.6345753565517
-20.4300730056988 2.45294062819211 -8.43252461871429 11.6511808586919
7.5960418503135 13.5414597911536 -11.5472001224282 33.8047196740106
-11.0034794569605 31.2132719521246 20.3583501104305 56.5196982335204
23.8545695200431 46.0886893637137 24.6971758099595 82.6854897446805
-5.45660010512531 -16.2100601823913 -4.24762425829334 16.9304940971951
-8.64553476026032 33.2312897078946 22.2910063834609 57.503469177983
0.386539032316542 -1.99958371693109 -5.99525282273478 -12.3387878278541
28.4281251938368 50.5485453010232 47.2486900444314 79.5547174498586
3.5541260230976 11.8922073824806 7.40926769638615 7.80475390622643
-9.56232924404402 34.2227566735049 24.2748791368632 61.8479052595832
-26.6352946738562 3.79567110310048 -5.17621596723142 10.5071018188869
10.4445225998818 7.9610413899646 24.8606801936948 62.3321034131105
8.89912294616845 18.1519620828662 -6.61993265135085 32.6886243411512
22.6211623011948 37.194470575844 29.3099388275868 61.0845451723144
14.8324174293014 36.1281568997106 38.9394831355206 51.6826381303248
-28.5747374117 7.58243317859662 -8.33153847858323 8.05430492741655
-1.54318985626784 -11.8412488838125 -9.0330510655074 -12.9954629502215
0.94912142570201 -9.21383118163098 -8.81755998063093 -12.3884007612432
3.97758554718781 10.2003993702515 4.33851371953261 8.4645990093421
6.82446842414696 8.57760925841688 4.0765249732268 10.6917487698106
-5.28598896710268 -24.5972236508324 -4.63393418258181 22.4377459280954
14.4831238419343 34.3518091083247 7.73447750222283 59.5357405163529
-3.94486016026885 -7.11013947436488 -6.65174593937549 -11.9878565660731
20.2811117320644 40.813667737828 35.6883381336592 60.356596837086
11.3349794323536 19.0883760824345 -12.2345105786534 38.350082881668
12.6827869665247 27.514139129172 25.7977120498794 31.5150866565017
0.562589174138437 47.7421634557129 36.0575574163678 81.987643420821
4.06900261196198 9.02581652902373 -27.3374825876575 11.5227362678174
29.3603209020307 56.5372889226333 47.1813910895372 82.5052719474313
22.4978510297225 52.9100912951024 52.2358777811283 84.2950838761291
10.9436319010009 22.6211997619254 -9.13477329082868 35.9897776106515
2.39079937285203 -3.07139989617973 13.4891591862627 39.087482795652
-3.42395651123147 -5.56619152904263 -3.70183096698787 -12.8053298628706
20.9031169637984 53.0835597382801 21.3289926092944 79.6385609769386
-1.81331245528157 -24.3555382273966 -1.79821543403567 19.0211458551873
-8.42282761555275 36.7425376247016 24.9194775122566 62.4452107900817
-19.1181393597501 23.4114902099695 7.4008506902467 31.7317666679552
-16.7746660155698 21.4574829791186 12.076750407311 30.1115140379654
-2.261754063389 45.3026546807197 37.1430722746872 82.3786187770561
29.4901131760325 58.0368949881817 50.7521129142427 82.1685041149545
26.1809281236135 54.9573778799792 46.6223249027661 77.2048335123308
-0.345341288441684 0.860461665760371 -27.4149361155333 14.8666219480351
9.84537323932692 11.9567928181907 26.5100468854635 62.4543299741135
9.4785625955291 10.5855804693625 20.8008327632626 67.1097979018172
20.9071393294768 39.4870554226208 29.3631181005806 58.3195019277294
22.0503163048087 36.8723966995212 36.6083209632454 63.3448684133159
-18.1818298883273 13.7241918840441 7.57463213668552 32.136775889979
8.52282525464887 24.2912870509448 24.5339361622134 33.538563273876
-3.19338811254995 51.7500013444595 40.4641736438235 77.3942543819832
5.68195924417037 2.80337965456208 -23.83519782554 11.3449805270225
23.9381522627187 47.1425499677043 23.5394249451577 88.2858848542024
3.09234662971114 -4.07322058003802 9.71452668805653 40.2981953439034
-27.6780835890615 4.24948080689743 -5.78500708494576 9.30798568682082
-4.51792200070282 -22.1626680880924 -5.47739027297385 14.9843605331817
12.9596759165184 10.937974639822 22.7671651227315 70.1675745390875
6.40468086378741 -6.84063147451088 13.3736616660673 37.9654325798941
-2.54122853963627 -8.89552727834713 -4.2796029333104 -7.80515475757858
-16.3274921725085 21.0948265256894 14.6393663069662 36.0896435046115
-19.6305278532624 3.1545998510235 -5.82193945930668 12.8326994748455
14.4695955637942 33.6814415462444 4.93046878782572 61.6434137618442
-9.75513828645704 33.2828890426836 24.454542559375 59.9109249271271
-2.10395587501214 44.894146171756 38.8732506120561 79.6574262695624
6.96121863370522 23.4485414441522 -11.9218342002999 32.0535497280757
-3.51292419721691 -19.2984132832137 -4.74353151888935 15.1820744324338
-7.89641280648976 -9.47989801303128 -11.6847177136385 -6.53114342456985
13.2142514602148 17.7695834628376 16.4026202410851 33.7269831820267
-1.11668919380006 54.4871396825914 38.1938543749722 79.6873921101613
-3.26980023722416 44.3316846313624 40.5502722241056 83.5628100879405
9.15011392194458 16.3649944116495 -6.81836556992384 36.0278239365997
19.1524434699137 38.9476463239383 35.3951839706373 60.5943101848159
28.0342235021117 53.8502121238982 54.4677572735307 80.8453487750552
-4.64703656862111 -17.2104851774102 -3.4181482599205 21.5268279629258
19.042535289723 40.1519120492537 3.81273593115207 56.7657285037066
-5.88289808332289 45.4524174403065 39.2928169216495 79.8604948248966
-5.21897368374485 -5.44423193770061 0.889204876842652 -11.2356935732386
17.3939598968831 37.8278099007767 40.2380466308042 59.1380973612743
10.9401742020362 40.2792380360165 41.0000682651787 57.0138650540886
1.7441324480978 -7.61047852542867 10.5557788326066 38.7221448131247
4.48380424340964 10.726223908347 5.43509869060145 9.51238482228632
16.7940248875539 33.1844509821373 2.34442735825417 57.386062894066
12.0524280449352 9.19477687490783 21.1979693220098 69.3828557510633
-29.6294392333398 2.95300487205451 -3.23562872150158 8.47008054294696
17.7795794445911 37.8228055100655 34.3732389712395 55.1209626607167
2.77152689192784 -5.83427963778495 12.1226205241578 47.585053998851
-0.233970126734767 3.91482680901114 -23.7477907110634 10.1651644537675
25.682477777234 53.3026386380804 22.7601269860414 82.8384274660779
-0.830459607191273 47.4461000926443 39.7483738303948 81.2288543622129
2.27012704168944 5.80063580823713 9.7606886087194 11.1602021755942
21.834829550131 45.5385235366512 17.5395435648145 80.1501990144516
7.17315735853519 6.4534648789116 12.8724322353786 10.5883353758179
10.3070314432679 23.9223948734889 23.9067943786924 32.7745513364935
8.51048611599433 23.3772384656937 -10.2392709703607 38.4060490079354
12.2345560587827 9.23456165140718 29.2032603833378 61.9513707290962
-3.52024464563322 50.1959816733917 34.4517097741915 76.9119653064591
20.3352336090295 38.4866345472957 41.0226637152795 52.8978776225259
22.8840456375826 49.1335021215076 20.2596294642772 81.1168135133257
-5.01349142047394 -23.2901366552267 -4.5526045679835 18.2129553680409
3.20258289431857 -0.374891247208127 -22.6889066749031 15.8644496131502
24.4876497352382 57.3588579878143 49.885036137261 79.9656816872328
-19.0606809350586 17.9136703378381 13.6806209819613 28.9462320654757
14.1395081676045 22.3557207852992 20.1055472834295 40.3610691010602
-2.77434935001694 -10.1405837243414 -9.57334348051514 -14.2609381255521
29.7018783886843 60.957383881544 51.2234991505489 82.4536418810707
-19.047892319721 19.163400758062 10.964783088956 32.3980936322194
8.82363756897028 16.396565499185 -5.60351374029876 37.1239744843302
25.9768090377656 53.9395248575358 52.3611089609722 81.352450943668
-22.2609580499595 1.51059992289991 -9.41486975711453 11.4888387678343
17.6683018574698 38.6047318016442 2.17370767995054 62.4771057571518
21.4829438801488 38.3673135115751 34.2989880960063 60.3474553905263
7.54879869662912 15.5679974673981 -10.2369771940892 42.399219614221
7.87750629268525 -3.57725407527637 12.7889450531375 40.5549372002526
-23.2715202874211 5.00104954588451 -8.55320245701184 10.897227222272
3.54004861238507 -1.04761505030927 10.7406146558612 41.595306569002
-1.2308623365846 -24.5806612841495 -5.55445995980206 21.0377220762663
19.8058241511652 42.784795280128 35.5805875371796 62.0108361960949
14.5446010061698 11.7748420246939 28.2547163922154 65.1119742473879
-1.27022858818277 -16.6753390508428 -3.44565506264313 17.845136344545
-0.198541343818975 -1.83323832009993 -19.3844146976895 16.2872278963592
24.2970037290215 50.150685145529 50.7894478516675 77.1045810748946
-1.87385242530091 5.4158569831442 8.1084865113838 13.4740737787836
-1.84480076281678 -12.0891034588725 -5.59014420068329 -8.83369497550678
21.1603610741824 52.1314732558313 16.9988615368332 84.4782065725308
22.8461201048727 41.9416887743722 42.5580788734589 55.9471192155497
-8.51828241450476 -6.77545230926412 -5.7896942360032 -9.93829523623086
13.9121272829209 24.5899690878171 17.9976437750065 32.6837183944033
-2.04098848646588 48.4207751397044 41.3178380866565 79.2706134301102
2.45889732856289 -6.16939458138057 12.9422449129268 44.4062967230689
1.06827240684212 -8.50737277507975 -8.64583618961841 -8.31193396495694
-5.30801413623773 -19.4440222185955 -4.46744801351272 15.9120793770521
6.96366960842837 24.4950961362036 -10.5611944471368 36.503885368332
19.7051139990047 34.3518659564289 0.866748676213025 56.5664289586924
15.6641579580723 31.646842188335 4.71956838480694 57.2144186551769
17.8053366034786 39.8315659928523 36.2832326941405 54.4948694745549
13.4874624257429 7.20308845024821 25.2742628954115 62.6826778814825
24.0967784459005 51.8080558967109 22.5761595845836 81.4395434291547
13.1064482909515 39.0468703067051 36.9655480204509 56.9126224902416
17.9276626916518 38.1086127359658 33.830050329072 55.8120522678262
21.3897664165183 39.2413322426291 34.8614306654482 57.3867609587618
-16.8623209593908 17.7602892292205 14.3003666312994 32.2314237880817
-18.6984218587175 20.426880192489 7.7675510646338 29.8455681517289
5.19621634453603 26.9355176863163 24.4141007516957 38.5973691243994
-1.10595363426284 45.103717736256 40.398426449073 76.245932204933
0.848486247267612 51.4164201949208 35.2079541801792 80.8275064907796
20.3584850365566 50.8629978231453 52.3898845972249 84.7112145829321
-12.2703495126805 33.8835790433358 25.9201106539611 61.3345727905061
3.65817242540099 3.2294608116896 -22.7358625288492 14.4815457020886
16.6082748802267 11.2021221840819 28.8959966330278 68.884117789417
22.7490791174167 42.0771974103449 23.9118373650862 85.4878523403746
5.58381947249474 4.70614314691282 -23.3651984588012 6.23220693469203
-3.84772588524366 -16.0394608259664 -9.19493287027173 17.2411919395487
5.190534961267 -6.07520654085326 8.9447180178989 43.386195209116
16.3273378296193 40.9374060078696 4.52786644374444 57.0526103706443
17.447573939819 38.3326564490853 36.7511196174273 57.0180235750001
-27.6933649824721 3.47193049112912 -8.61874608851638 10.203679055801
10.0191098155762 16.7642741942194 -8.68193532798039 37.6730889892265
11.6852731965912 21.8835479813112 20.2762261763997 36.9311186715414
16.4822494375712 38.1487604211609 38.6487087137907 57.1103091571856
-27.5610632703632 4.36664593325147 -7.30128959126659 13.1959932796134
1.92137889755462 4.48247011486886 -0.631041670876814 11.9799896126608
2.3154154825276 8.07135305588491 2.92483237446824 10.2412601165702
-3.14445001233187 5.17957641538371 -23.0275246431443 17.5077173720325
8.13510422146052 12.1256608143239 2.71512314418672 6.13990271428876
3.72421815946421 7.22565274322148 4.45361448794499 11.1515060893784
-1.96579268666998 -24.889812175279 -2.5985934777634 11.496544962112
11.301647748306 27.0595934848084 13.0094242227852 32.2944155567498
28.2762058366779 53.1497498860135 21.2133336391733 76.8513671623795
1.45621011242448 -1.48833112873933 -22.702763857458 7.9217007335839
32.5791631618881 52.1998077575251 48.9508546341604 76.2637834579023
15.4046831685506 38.2423391478527 39.9069834111474 54.2137488998249
5.32236515251021 -4.77923489599081 7.07585557090606 39.8728403983522
-5.98214206548897 -18.4766825948916 -5.6592722632461 17.3821827328453
2.09891517085404 -11.6014690628759 -7.33125629374535 -12.4687502161055
7.61298219810443 8.13951601479416 25.3996816218997 65.4736964775851
13.9538806386869 36.9495064899327 31.6278391626721 54.9101600126813
9.22694678321558 -2.66939605432453 -24.4074384225548 9.68384910850559
-21.7336450398378 4.31142600879979 -2.64575572779076 9.9992962599051
-2.65875469518827 -16.4755255252791 -7.57294714000654 20.2543167098987
23.5320550430004 51.0018103896908 24.3014340850721 83.0269701105236
-11.2396995409324 31.0584823051279 23.0030441664642 58.9542521084456
-9.58471671321007 32.1979880133097 19.9375680080997 56.61777990334
-3.03599105256498 -6.38103464094459 -9.40103559853338 -8.88983997328961
-1.6368229993323 49.960051647965 39.8707686903836 80.8274023093635
-15.6394102897003 19.4730530493985 7.56209613255154 36.3735777598358
-1.04798450128424 51.7312384440265 38.9759092954305 79.6228235064402
-7.88578095540125 -10.4185853428729 -4.97405750916379 -10.5319120958858
10.840226396701 23.2435946271877 26.6836790778236 34.4205720061867
-10.8654781582498 33.5968988394084 22.6006365073597 58.4762986395982
18.2010092916277 57.1860540546735 48.7538155071327 81.1893970053561
3.04685606538917 -4.94821527641957 12.8517300149916 38.0771865097712
-3.45123104446881 52.2806061084895 38.1755052744022 79.1321862994858
-9.54069815481489 -7.51936114604775 -8.30118270923628 -11.7819572325685
32.177575063944 52.7775463425405 58.0861932588407 78.4560961593796
10.1989315091179 19.4641565318971 -10.9199926338118 33.3327148235395
7.22100814868204 5.3854547456891 9.20566383960947 15.1723881844689
-3.86898980208583 -17.2051381303519 -6.22986989478804 18.2461563088083
18.7754061599793 9.54447501404835 23.3290265345452 64.5758205282794
-19.5552030620952 17.7595206630793 13.6140826301181 34.7823132347278
22.8064673370631 52.2514800813386 46.8854015053175 84.5346697909494
6.19077642750305 4.51635167067758 9.81353848450284 15.0492215396353
2.24226796597483 50.2051122723896 39.1317915200809 78.7289872169403
-26.6121052485991 0.710348567982242 -9.85837682137383 7.66997220120583
-0.114789872295439 47.5225616054601 34.5791468419726 79.4736743864086
5.18194763101813 -7.6291309833331 10.6687368500476 37.1437944734415
32.0033492326098 53.5668085995557 55.0561839579929 84.6462255838414
-1.72121115075652 8.6969345115523 -31.3786174661408 14.4285106625592
0.507686399355263 9.67939744189087 6.03341100036646 9.33054582615144
-12.4591713369941 -5.99689064665711 -6.98971840675183 -11.1098238115153
-18.5286414800735 19.6306386062052 9.17400003571274 37.4127509487091
3.9372816072119 -3.65822436335312 12.0516478795749 41.6992655863496
6.09057944796514 20.0771475515536 -8.81470523530224 37.6813308710296
-3.49424467233928 -19.8490783060372 -6.19854937603214 15.2562515093669
-6.4227350583604 -19.5413114716172 1.11573122192519 19.8366137010115
15.49297847752 36.9280050667397 38.4037712099991 54.8771674274429
10.9295212119975 9.3806825136445 25.6364917968638 67.8191136770944
2.22494021681756 2.47848842331079 -22.5584253608457 13.6846562909115
1.42975174746526 0.45715075274582 -27.7558430639134 10.1087631653942
17.6946527260842 30.7820957151702 4.45302895101601 60.6190955548978
-26.1448608902792 7.93484070649428 -9.76229329283701 9.76218209630752
-1.21510499499833 7.78754187600262 -23.8237827758783 14.0606780318054
-9.41628469697563 36.5634129379839 27.690798024354 55.1090620265532
15.8104232886394 34.5176149349787 4.44316426799072 58.5782717751197
-16.5102657834262 22.3830101016658 5.88888570897675 36.1341538184964
-6.52894324487987 -22.3701806356041 -4.14160888139614 19.7448750278389
-5.21382423335986 -22.3066841891559 -7.3913470605485 17.9547543018027
-8.39763635942073 -10.209311670422 -10.0117588812909 -13.2030532653618
7.41238513891635 21.9229373585682 -9.3209225177545 40.1945341719329
16.5568342632553 36.9309200775336 34.6089653949528 59.8924029308041
3.80116785743782 -5.69325032541306 7.73126847338682 36.6757170412573
33.8635810611769 53.438252994362 48.9862426288544 83.0385340859143
11.5045870468924 22.5641237038072 28.4441075505584 39.3083845439173
1.20672305659666 6.61478720400274 -25.2984142888063 12.5842350806045
-1.48895804234405 48.3880551620465 38.8324491014381 76.2341522135779
10.609348112352 17.2939659453144 -11.6362417882475 39.4568947552313
13.1330549018941 10.9147419201811 24.9591679803415 58.3402432872612
-12.6250896032308 36.785141070746 23.5776301093416 60.004581793825
11.9408384629282 18.3042046360488 -10.6743616517911 37.4813722276382
16.2250952264404 35.9547817270076 33.8835425527303 54.9133799998103
23.7718394818193 54.8472188405317 50.5616763602595 78.7639627564664
21.5126889761118 40.0646980842051 32.2940704429317 53.9586758659401
11.8676648152528 22.7505664331994 22.5105509196978 34.420202335412
1.02939300409487 9.06861424754232 7.19616812010329 14.0137271443271
-2.35750922306876 52.2337870611436 36.9865019848206 78.9248807975917
25.0861811416232 42.8169352290321 18.235913790437 82.1301378564786
-2.40146397073806 9.04294163321769 -24.2431427627793 13.5312113185844
-3.92707591223607 -6.92456009693176 -12.8499401929632 -8.37154670725475
11.6267546337779 15.3365495537134 21.6345296016376 36.6398857692791
-6.90518928621368 35.7467167707287 20.0206454508584 58.2704628607442
4.37310764360943 11.2857871110551 12.8399240535831 10.7700749343137
19.1068013432951 35.6361519260889 41.2078976139797 56.8986088347287
18.434938311704 32.0236446450933 1.74024977404899 60.961310944075
28.5972316354373 53.7409187079399 55.9206891383939 80.2825201233948
14.6345227648191 30.0482416221699 4.49435116881772 63.5056087389398
28.1628325137181 49.8944285616856 54.0832296216326 79.8116445354289
30.8007056633984 51.9297415337201 53.4600388920376 81.4372477718977
0.729715113954873 -6.50214338077837 -9.47716235070067 -9.39022291121492
-16.9503091142213 16.4529977498791 6.30290080023651 37.085691075611
-18.274974551965 13.5611535409873 6.92927600362851 32.1092908171502
-0.510372306910313 4.8817767856601 2.68480256739842 13.4967034936196
-21.6990744048741 18.7835488770562 15.6150074735929 30.3732043010524
19.5159454977575 53.6957736499066 55.6435703692186 85.1145646973086
-8.97911955806052 31.7619878893525 18.6218297021507 57.9177496965781
12.5247408709665 21.9670484949014 26.4810090962908 37.7661709829499
13.0411159944062 23.6184687526123 23.7640999614661 33.9254747514253
7.36561806450588 10.7897469045918 23.9874524299575 61.715838024252
16.4562829436788 11.5276138470258 25.6438319991055 61.7588334595167
-22.825171335271 4.17494019920035 -5.00413490257061 9.496526992268
-24.983818278342 0.683965639850235 -7.05238691769654 11.8741696958032
-6.85931565936145 -23.3828870574818 -3.92952793662811 17.1251968479392
16.6704144898026 32.0793973328181 3.2709098665308 61.1366587787476
11.8236856399664 15.6488953883859 22.245704471329 36.2694083949703
13.0712287369098 21.5966410236243 -14.4002904797502 32.9985358498678
-8.51882033166937 34.2690884696344 18.6514494413293 54.1181172560678
-24.674824164712 1.21280127315224 -8.99517403596285 9.99739350407947
10.6157916085005 22.4100643394897 -6.32418637518222 38.271288054707
4.8212196049539 10.3018327021561 1.29610095052289 11.7388049303839
-0.566171510299226 5.41734926155396 9.50989089577697 11.5507917620147
9.25808957206067 19.2304965570823 -11.1220520870563 34.5264329979111
17.4114867684978 32.7448164016374 3.06359029124251 58.0725986730563
25.9650063474068 49.9118732786525 20.7084197242819 82.3198826871058
-2.12496097894005 -24.8117013565882 -5.77489421811336 22.5095536185075
14.9670326379482 23.181452609833 26.1820830160562 36.2745229087674
-4.87952673535877 50.6092108915011 31.5720605236986 79.5513625674941
17.3101531806327 37.2891833027094 4.49011087694773 62.8993290285691
29.0193351001282 52.3279288650719 54.579530853266 84.641113185843
-17.896733096556 25.7452455837228 5.00544922808552 30.2145080142702
4.83139219034279 7.16152070010863 6.1789288933827 7.35265399496029
-19.8721080625505 17.4062060948471 6.63162940741184 30.10969478071
10.7476379645146 6.96312443616215 27.8529432988765 59.6897102179402
0.0795898842470062 8.42446615401227 12.7024104084627 11.7452132553382
-1.75723620560124 51.5897123523165 35.5293245133652 77.5077376937878
-14.4669318878102 19.3380029450726 12.5816690744244 34.9509210287596
11.2423668088533 20.9869006114194 25.5365974478186 35.3139274409448
8.04087992937216 7.97411847959862 8.98878688137995 10.8875133319631
-5.78401323473795 -20.9093077195951 -3.12582141520839 14.0369600509911
4.63882949764588 19.968497312203 -7.66594781360799 33.5981384533782
-5.4277328611227 32.4230282261839 20.396781582632 56.8784931117223
17.8774593251746 34.5545167639284 35.0750031947582 56.6142526685225
23.0234744906116 57.9957113870812 45.8273070607326 80.3922762961278
5.17335262643635 10.3285690692976 5.73303324407213 9.45783593857233
7.68137231933836 19.6197424012533 -9.86273644272267 38.5375007050829
17.0520478781727 40.3743703496398 45.4817269734998 57.3578705769919
1.03092067613808 6.37269649659144 -23.3940778456676 11.2126580072511
7.27933834545152 10.5557056064107 7.50130058057849 7.14181977795558
10.0197371876425 21.9940757938771 20.9607390688146 36.6439458630649
15.1741489708609 40.913275184269 39.8084171905886 56.763663530247
0.635698598359352 -6.38636022253778 -5.7449551032731 -14.520249951417
6.63134455873288 7.29327977920849 9.67691546660286 9.05302456925028
33.5906819877812 54.0384054645073 47.9558585313904 83.1686687929438
15.8672452514828 37.0557171897945 9.25979919592818 57.5672189188446
11.8112474461403 9.41750272538335 21.5899884697133 62.5425784335489
17.2155170844165 33.4108157845664 35.0573365352823 58.9015931586101
2.88261468209235 7.30509207817304 11.530836179164 12.1052113954111
3.23558774379092 -23.3769982099104 -5.87471779174571 18.7060384537896
-15.7091109335102 20.519673654391 11.8845095303282 34.7694272929935
-3.1169069082081 -10.8650498158213 -9.3272970128923 -9.15116998958661
-0.0901236816536466 51.5379630128641 34.0269644260417 79.2175401844118
-8.61029899198766 33.0336460431054 20.4408057008116 55.4587743131959
8.04223018044858 7.84494783257721 24.7465451415079 62.4024560641244
11.8189765377459 19.5442688860424 26.4027235340131 35.0405764004369
19.7960176024585 34.9238687157673 36.9234155577903 57.9250529607504
1.45663848356159 -5.92388777098619 9.15605273207188 44.4636138656539
27.58331680721 51.0493533349561 49.8511335099173 85.3181113375987
1.12795112482413 1.30807121872069 -26.1442345582903 14.4352442064569
1.06198745536663 50.3972852821249 35.3345217073842 77.9294895486107
11.7555259357743 24.2772372077564 22.1601198998519 31.6496673072073
9.07362198672349 -5.92891955777603 9.77490477450084 36.7508313434028
7.83513361395394 9.89768839098021 27.0713305469022 63.7881474873985
9.5628885218544 18.8317134975287 -8.63438993884834 39.1755846755729
-16.0672420758011 12.0081449679893 0.779448929145382 34.4977302979765
27.1193213668559 50.9185365680663 15.3578223770014 84.3083914539106
-15.5701738219098 13.4718928135079 7.78097985984172 29.1975384957775
25.5989341607834 48.9982587771195 19.2141589496873 79.4123186479425
31.4451710692745 56.2463819174609 55.6879909894516 78.5999466131187
9.20340340918014 24.8618721655263 23.0901508997412 35.4212187899326
-4.08659620093209 -20.9657482194493 -3.24399260540144 17.8158462957821
3.24953277365719 7.00124205658698 8.336434214356 11.6689513206584
16.6098545538501 31.9074992545269 5.44695725833294 59.7487947446102
1.86660535736216 -6.02247896010044 8.86913578938212 36.4104076571949
-4.78665418020744 -3.20230024328678 -11.2520473382228 -6.23877040757518
0.62348530576301 -3.31685659166767 9.49650610123948 44.0590467284888
8.45281207823191 16.6631130633402 -9.37458967344083 41.2974946385081
-2.07206992505933 8.11690715715913 11.5641324703721 13.5004363829384
19.2827753505611 33.7736874551036 7.26231837059568 57.5759113547254
-19.6347342777866 18.6700079275595 3.8685720713485 33.3748612230483
-26.0644972266729 2.77832937915082 -4.54106702688687 7.86009564349409
15.0456837773316 36.5161163084637 3.24880601451426 61.6695236461475
25.8455003002678 57.0441603275415 53.0085972688437 83.669991239463
-29.6123262424259 5.12491366864484 -4.86823282109608 8.16507579710705
13.2398517304811 23.9365062424674 14.9214747124243 36.3960057354494
-24.6365931647067 0.126168100401965 -8.18560810232259 10.3321024861436
-7.46132234720506 -2.8199567739603 -7.13286465499272 -5.42894374529607
-18.7355000776412 3.27368901853293 -4.7819230988281 12.0391703659784
3.2762215010658 -5.96865895971815 9.95615564926266 38.601783480018
28.9282299448885 53.2452628412849 50.9659150423715 80.0704997604286
21.9839038072957 55.1159433025813 51.426451839468 78.4504392379347
-26.5973605001013 -0.789762557573149 -3.3684071736722 8.70235650575273
3.09624752995746 -8.28181043852151 7.74906034330201 42.7091483966717
-23.6254826959034 4.41236731472634 -2.73298218067008 10.1677954485088
20.7444148162786 34.916806807782 38.3273728102938 56.3311530693789
6.96160697187752 22.7756568923495 20.3067367758079 33.4070863703863
26.7282093331069 52.3758131231196 46.8417504672144 75.3360931068857
28.9013194708474 48.2533298892373 22.8879649959667 79.5231987404461
2.43120251447109 8.19276978675273 6.06252639634204 17.0754406799105
19.0154153409215 30.7598723362313 7.68560630110464 55.8676302911504
-30.4062223076659 0.364120925492749 -9.40879195782424 5.77941136189655
-4.27149574921988 -7.38166515539528 -4.4927823956721 -10.4629124700844
11.9381526906938 10.8757375274667 23.1454154766076 67.0842635043408
5.01363804432644 6.99419396037449 7.5555732861498 14.9116473049589
24.4078956126573 47.6419299841095 17.3910142626019 80.9509259238413
-2.9899468523956 -19.9268710435561 0.0742810877109257 19.0063418981803
18.7808004837409 35.9461949695293 42.5574822069588 55.7734889068087
-2.07668611356812 4.81551273183483 -25.1345610439537 13.9758763007052
-24.6394895041012 5.67286129034989 -5.39426478574114 9.03126259339264
21.6982098608224 44.9636873250145 19.7175016053991 84.3962308763052
33.4128943678128 52.6379124615156 53.6709035317766 80.4179006605651
10.2604252264257 9.05164847742034 22.2888661421899 62.1322686217439
-11.350626476494 35.8275898551403 23.0250297256851 56.0358814213069
7.54959040073859 19.7374927793823 -9.066693494178 39.8521126108817
9.07918935457548 21.5358803579162 -10.3006657622264 32.0485478409552
28.3185768867768 52.6292186639651 53.1887771975824 78.871536644278
-2.68494171923648 -8.87597435220346 10.9424623777772 41.9124788129756
18.2317113369452 39.5861188583001 38.2876197741121 52.7050677009777
5.61111866486204 13.1033487446598 4.09206640596487 11.9293281118399
12.8969428171067 24.2930537879776 -9.80288706315364 29.5164431263065
17.0316108061216 38.5012503957455 7.15778525622198 56.8870332793096
-2.4789214171853 -19.29883264424 -6.95431055975325 19.9871219272401
-23.6040764624138 2.40830583291695 -5.83036663117265 9.96300998130425
0.373038307614926 -6.80256511497001 13.8407111842428 39.8760332229063
-1.58818549938447 -12.3774731053822 -3.89271751930658 -13.3520093446912
-5.4022215746329 -1.80632844773717 -8.29931467043741 -12.3058710347467
30.3070338285212 48.906173201187 50.8351832582883 75.1916057097324
20.6719100294553 38.9622046524768 35.8052062683801 59.3845499726068
2.52734316236364 2.97275072290346 -26.8671646823481 12.6100546131362
2.6046383697567 5.44523033044814 6.92980229708187 15.9753471177068
-9.27186222440756 32.8719389492492 23.6865462893249 55.4392282211619
11.455574739916 10.6676847034153 8.53596312153881 10.1315657281087
10.43311938233 20.5940863795072 20.3063112595402 34.9902497463312
-19.5682943558685 14.0551766235092 12.5308761526879 30.1939837623341
-1.80356581478016 -19.105097391263 -6.2584922890683 12.5326917610676
6.75264795707357 -1.02287575494089 -26.9110157006589 9.70842372908879
9.94862030578839 28.2645547880275 18.6979859241228 35.361458317308
-5.48451265343618 -5.64139216418516 -7.85623970741914 -7.34138185699219
-1.90621660144119 -15.8890703886795 -8.26182906306355 16.4461219243496
-6.26234810294805 -23.6562296966137 -6.40416271105617 22.0668515789653
10.9763512206962 26.692924228503 17.1970628681444 35.3980936294812
28.5827110018021 52.2317597781389 52.9613910624819 80.9101618264393
10.5667081794727 20.8484949207745 22.0939091957788 35.9166075698754
5.34619742423132 7.2028974565474 10.9254438376808 12.6442984413777
-23.4634747925579 2.36216639302562 -6.7001539874181 13.1232029086421
10.0973416469144 17.1317507149052 -9.37258190071546 33.8399554014693
-2.40850176247381 -9.68105403605014 -3.50579694800988 -8.99836302451792
27.3091669533474 51.7970004543362 48.0570130741842 77.9070151377314
-4.06423228943807 47.5221047735568 41.6806349861154 81.6140123938921
-15.4907404563113 21.6581371820218 6.36907766745493 34.4087054117062
-5.05255255632887 -21.1036488364478 -2.60330036325511 17.5504893726802
6.65877490964464 20.9227025819561 -8.34934162068178 33.5223974549278
15.8992139993054 8.38849503657961 24.9457892832544 69.1815945128225
15.849893615979 40.0806213643176 30.3508713302844 60.1565151516491
1.6808795143356 -7.48827079957168 -9.78773285423171 -10.9127886359426
0.975668002483283 9.58710984860197 5.65120038337974 9.46280444224299
-10.3294125413985 32.6069591567957 23.4248525485208 54.8855089678006
17.9850626608946 40.7640260437056 38.3462455554869 58.6920837159944
-3.64997711664456 -20.9595308640454 -6.47300977103204 19.0178596187486
-18.7176951308483 18.5710515518888 12.47705290354 34.2653020519666
2.40318764250326 45.1347187703904 40.0195599384937 81.2956778414838
9.97684587257405 27.742350853532 25.9358683949986 35.2100333915733
-2.663733657896 -22.0347080461729 -5.29072953744972 19.2620276613697
15.5907352370462 33.578624303663 3.86640714811264 61.2313652227785
13.4652128662747 11.2126264933889 24.3586298745402 60.639775988241
-23.7156692378053 1.35498557055602 -6.43077964597041 9.95767999186945
-4.56160383359588 -18.4157714303846 -5.14063409044233 17.715405317667
9.04611275499608 17.4260652687777 -11.3055049419968 35.4001789093684
-0.218204617255413 47.8907281824929 39.6585284939549 77.8910981911133
10.8021062225729 16.4558512582062 -5.97170622615912 33.8191231674309
25.2974660458149 49.9208205887892 19.7525321180864 80.7447207339449
23.4698383591868 40.2875162546201 35.4122283429589 62.2326170737903
-4.3373808378444 -21.1698991519018 -2.85874017181952 12.0243079052432
2.33453827165977 0.814593456464186 -23.0139670029849 12.3882344016285
-20.3751744147816 4.75162262082186 -8.46827392640994 12.9187009875234
7.30527203240568 21.6128847000855 -11.5501448595497 35.1549382591039
4.20359242029755 -4.20978930306394 11.8759301894655 34.8105246154697
-14.2792278546607 17.9882923974267 8.304720500418 37.7404676580705
-10.0805306028424 36.9700813662536 18.5419970902398 60.1261731902285
16.5279998277158 30.5839969379772 4.71153477252064 59.3101972866078
-26.2677707942678 2.48548084972939 -4.22150645200746 9.6765296574434
27.9283615914715 49.2104121501201 19.8024222740932 82.1647150287286
-16.1424792103023 23.4501810273009 8.05642320296521 29.7730670103087
8.84762211561898 16.0713565326824 -10.1108326171524 36.633703777816
-24.2960231176596 0.230616563329519 -4.35285120680024 10.0053081040606
-8.86076601086015 33.7953663493395 23.7310870186546 55.9293674791706
17.6944955007137 45.3374639851712 19.2813891269877 83.0059400059999
9.37721215778474 22.820471515034 22.7000485826321 32.2258846203021
-2.53135078418285 48.919027342173 33.951592914853 80.9890173976563
0.840106919308881 50.2527561195732 39.3069650675094 78.8007619927707
-0.16418535925734 -1.4871255697803 10.4266553312818 37.6692252887642
13.8602426956945 23.9511938294736 19.574334246459 34.4988552651226
4.0123468263374 5.6828403868206 5.01358506402989 12.754840918488
-3.6719929746125 -18.7677633282223 -3.5955587991789 16.193016956988
0.173050362908513 47.5473544120059 37.8268096953185 79.6824482938777
-26.6040370594326 -0.973909321270639 -6.83012285557913 13.4325483468346
1.17584500028264 48.085464784966 40.7425346588105 78.1300239818206
9.60166543427761 6.37276702323886 31.635946816224 60.8023160589861
-26.1171452227597 3.97381822678431 -5.59745781893171 10.3265235233215
24.5326687521917 37.7779629494681 33.3489817760767 55.8229792393815
-8.0021228204516 33.8949574369465 22.4343148638744 56.4760345288634
-2.04495458352299 -14.8966244937862 -4.32756791492742 -13.0651386456777
10.7058529775352 23.4887655088652 18.6237374519762 36.8467811782175
5.92320279197357 -5.44158002383305 9.1176320656078 37.8888650103902
-3.4585733090437 -7.63455020500886 -9.27858365127366 -13.7033264081243
-19.43668286937 16.7522751185219 5.21721394684076 34.2356181052826
14.1574021767715 10.9268592692943 22.9139520205813 62.4374392559355
0.6742445877268 -24.0014204780343 -5.2131968148103 15.8631856735078
-0.65014853890723 2.75831305110158 -23.4388916524602 16.6397541683574
-7.5238828558865 -23.6230240047065 -4.60367437609696 22.3561092453486
27.8737412301577 50.7869916584115 18.3416975178379 77.6294473230781
2.59387699060682 -5.05061885979787 7.11680530829633 34.3406597747926
-24.8621178607415 1.71911446456388 -5.73290509301346 9.29930423210168
-6.57111539212791 -26.7892368836716 -6.82956295476214 22.1192891040222
-2.63936704719118 47.9376103893214 38.2803451193845 80.6915603599384
2.77948306448388 -8.4049959723264 11.2045484918707 41.6201963143772
-4.98750578434331 -25.6519462033667 -3.63163386238181 17.4255912548788
-0.554821882192525 45.2320622870012 36.8492933378054 80.7888369225947
-10.8871692060754 34.9383737718713 21.5330469496858 61.2855361328441
27.7469782478381 51.2692639279543 50.3415104173623 83.2795683342711
5.38697732999881 -7.7272408716496 9.11627288729658 38.8605416856561
12.1992140427203 21.1346362886291 21.6100542554608 32.8703611483705
7.53270056562722 7.38976322151832 5.03119143573464 13.6496876288466
12.199250348904 23.8743158346429 21.7631470041941 30.0737851558642
16.8071704705022 13.0197648402164 20.7596594907781 56.9187364660127
-2.89019099219953 46.2731070896154 36.4192714859264 78.565408852108
13.8186750559938 23.3919483441191 20.4727114299289 30.9857819150565
-2.48953190471556 -1.99000282688679 -9.71368152518895 -12.866021723365
-8.23702836653561 32.8384827538925 17.5335030015253 57.3216076195346
-20.8091918475081 1.9834764406815 -2.78440155662755 13.249885906987
18.453824680816 29.3202952088213 0.976369662671545 60.8968243816758
1.77826977530449 7.15531815568617 7.16369627499904 15.3621323794207
-3.37433217612201 50.4182127118957 32.5869848941452 75.9602609306613
26.2216468520381 49.3469596732911 22.0945322834846 85.9074324222176
2.56272827217944 5.1923598460959 3.75700912696683 11.6550730459424
-3.12926449706498 -8.69086667861775 -9.73976446472595 -15.7440274646988
4.59204597359491 -5.85440816167283 7.95895230364295 41.1935098740219
-17.0027526221742 19.2899760660314 3.2477762098629 37.4677384860894
16.4170862070539 29.9250023373802 2.17006070928305 60.4841903061056
-10.1202219689436 32.5324316086903 22.029755984232 57.030612367687
25.24220802205 52.8805575275252 51.1418406365749 77.8107551586072
0.550882301494007 7.86333085786862 7.57283123276912 15.1071702319913
-21.2306201973673 3.42070307137624 -4.31855207409281 10.8425704644014
-0.239695646210891 -1.84845560779534 5.91352496665324 44.1350930467578
-1.72047211395931 49.7739795127484 36.4834068475898 81.8376973185624
29.1569616665614 51.9728067794209 55.1714600559445 85.3102665797377
3.33986832608765 -3.2908846460334 9.34835771251674 38.5353535399507
-5.02677358227131 -19.6121887609052 -7.24382619583685 17.3010383394303
9.00643579986228 20.4831514076569 -8.66019580552765 42.9458151705841
17.0074042888474 36.1629296989819 4.06703860149571 57.4471615868761
1.77998586172804 52.458534100261 39.0804449501636 79.178548126207
16.4351218789111 11.3221609815903 25.1976382250285 59.8430758435928
4.67209215554161 6.18251101157347 8.27707282628749 13.6930717789465
-6.06600429213264 -18.3425574284329 -4.13935073639351 20.4085769799531
12.7367206473249 7.67342090489698 28.3327216228987 63.0071052317208
3.62717318577345 8.29876691175606 11.1649156146759 11.4939373045457
-6.61792052182007 -5.39325159200636 -4.48016011715558 -9.66509928300704
17.5473009347188 30.398611455903 6.17386244020932 55.2206697585009
-6.80756186967482 -21.398371249455 -3.77598656110338 21.3703866863491
-0.77096429153385 2.33563152949783 -22.7418484449725 9.37687177001732
-30.8043122688459 -1.57573364782013 -10.8168945638591 11.0259323759507
5.66808053712344 0.909286024881212 -25.5216756891184 14.6751303107714
31.3231436585346 55.892897877607 53.1766791294561 87.6377542761996
-2.16194102006506 -13.9041393869425 -8.62775866256139 -10.1853077425845
20.5150607954652 54.6203723634914 50.9049416618195 85.7777149369053
23.3041877489877 45.4574946034765 20.278659907009 80.9701011666834
-0.451356865685085 -7.71442994381679 -6.77754467064181 -9.71226757613311
23.7483059178604 50.5089032328554 51.3964189554047 81.0222721146864
22.3412994243365 50.7403834417172 16.9210607962787 80.9765488522973
0.0613913210600185 7.00130194644088 7.66480995402512 16.3412293608269
4.25459151400027 5.95054250309742 11.4419481371297 10.056034025691
10.1221508330895 10.4570691459785 20.5229582879753 65.1158036754718
5.40962392068165 9.39432051340893 6.12138776194938 6.56451194409047
0.882756894547405 49.0942964045785 41.6352444953626 83.0457025871871
-4.10563612147906 -17.536229942331 -8.23732403487479 15.6497836331747
18.2036532837417 36.2241020668227 9.81677172828722 59.2121205764699
-10.5143726520106 33.4563068963864 23.4988795756986 60.3937035347627
2.51681709647355 9.67680602876676 7.58192091258778 8.69586493142176
3.01328599485674 3.0979241492228 -29.4842023876492 16.0158689208949
3.5302090717834 9.29061732739351 7.96929681828493 10.5637679446799
-2.37956357057184 -6.4256217744886 10.8372373989748 40.4643682160058
10.3682362139297 13.2405207658638 -7.80177097546251 37.2080477947484
-16.8194189509139 17.3762327390966 5.50190057737839 35.5894630921469
-21.2166959372921 1.84858190956094 -6.79540898037806 12.7390197730257
13.5967140002364 9.69033909087032 31.8762029713036 71.63867663741
25.007667715688 58.1599966802795 47.9664410398574 77.808751676477
5.82032962650997 -6.21808416509242 8.499083452503 37.552079319952
23.5458903454102 36.5883068000816 39.8630872619533 58.2006671648079
8.33436320275063 10.2390427742588 3.43994930756981 8.20193151553812
-2.84287248689701 48.7707154132858 28.8836258015083 82.7689052335795
8.31898934731275 -7.31080654365042 12.7660312098171 38.577324013732
-18.126114073442 17.4351962635081 3.18156312399527 31.8853012715302
16.9759351411142 39.6733579807869 32.2650416363383 58.846487318427
1.88447868426015 -8.00079932560092 10.3370944747373 42.0081333015377
1.24431853971175 7.2303356933239 12.5982812399188 13.6792028512195
24.4566695545348 52.5478762286077 54.8077882555229 79.0981405298986
-9.5482039091622 33.2162240046916 23.434716620677 53.6116792238622
7.6748856116904 9.02315273270372 6.46707828480793 10.212532766675
7.82075437103908 25.3983373352743 20.439086035159 31.9910154343618
5.54338716217681 6.09538347425173 9.40667967575086 10.5245082970885
-18.3196950035369 11.2119185139865 13.5506660382684 31.2279631759093
-10.8893531738952 31.7583890045788 25.7468956194479 57.7795715880239
29.3719468374149 52.6051195693221 56.1058327654319 79.8132259670279
-6.95348370806508 -8.62574283414375 -10.3073055123738 -9.63963476108584
-8.36096803186153 -3.52778999995423 -4.12736893290564 -10.9716808662202
8.14757992422985 14.1785916652048 -8.12105862319953 32.51661262607
-14.9945481561761 20.9209855684117 8.89105434927971 28.8614834670758
-27.4438436444919 6.51696577432984 -6.26892890247599 9.09938233679785
-23.2465903254447 -0.265819136608722 -5.72439097137545 10.7459305865934
17.3184860262928 35.4601566635192 5.87826133843751 57.2894610535729
-17.6683152691105 23.1109653152358 -0.933263142233917 34.8022157009554
24.2501266462356 47.8539530927113 45.4871658143122 79.9147096952428
10.7699869775785 22.0604066562751 25.1971154980306 37.7498180896824
19.8525486187404 38.2044576504877 2.4118619058218 57.2678458093324
9.73570028353888 20.8283868886734 21.7251253621045 37.2271239871217
17.3994030590104 35.0606576914004 35.3032364973854 61.4648256476559
3.09844024196662 3.0998365513418 5.61252271765677 18.1783267380207
12.987283261553 6.93431433761001 25.9800739904384 68.5264715177139
3.82028467115608 5.29407333350087 6.32945059257504 13.8864247942638
-22.8291452521648 5.14980010681211 -5.95822991336734 12.7684057100633
11.7619425866993 9.97205847013029 27.1057743160334 68.1127465696792
10.810473654964 20.1151795588169 19.543645922805 33.7179654651522
3.02595662883996 6.06338128567341 7.05785816722326 10.2077942637756
-9.00682863977287 34.3892167649384 22.9007934766848 59.4364384567501
-2.72314896297179 -19.6082561551148 -6.75061984234097 18.3010965247166
3.32629441779937 18.5168576222131 -14.9604752900513 41.9340063287262
2.28184533959301 12.2996879387381 -23.673646636629 17.1100490145719
-26.174619293727 3.67122996880989 -9.78442239199848 10.5176090833509
-17.6554452571624 18.405759790469 13.0442174696236 35.5725960560645
9.26623542526132 17.9851683825467 -12.3664823856725 36.0886746276475
17.4807569408004 35.8041220321946 35.2905455254264 59.3861387148131
12.7339755477457 25.8502236613323 20.9925905006449 38.5596442017046
10.2319294757517 31.356730309302 19.9625058042529 32.6192207976363
19.5604173069033 33.8252245736642 5.92044669590943 59.0146085571962
28.0542530522224 53.875531503118 50.1961928799946 81.9046595659767
14.6332131846286 24.5887943945783 24.9542157009911 38.7286543885852
-17.6248249801353 12.0529893970225 4.0175742923105 40.6922881236311
35.173595806175 52.0356246851796 51.2329924572682 78.2414929925535
-0.828292251523539 -19.3538333320969 -4.74694212480161 16.9694919878213
6.38506122184952 13.3665684161884 -12.4571588752538 36.5774540156323
-22.7425387764326 3.96569755198425 -4.70691421911942 10.7550324124766
11.7067337301871 22.6212458941741 -11.396604659752 34.7720621540281
8.16077736918522 -4.85647007551444 11.1937855474452 40.4801236356068
20.3248484107918 51.5668229962433 52.6612614905737 84.1025068407524
25.4496986201069 42.1685708751809 38.9011427350146 60.5924729390343
5.51077310154325 11.3667626214533 16.1538980646927 10.0951286305133
5.50447435150943 22.9223346993253 -8.93735182135599 36.3518847856649
11.600931999887 24.502522709668 24.7802501756976 37.0993842478085
2.55069046645802 6.91202476620796 8.19226605928587 14.363213107326
27.7472364698627 57.8923571220588 51.7212236130588 84.8225417567175
24.9434567073489 40.5028264390083 14.2463406498198 82.4750544921051
-26.0346078076967 1.24260436656556 -5.51774104995476 9.82539827131279
25.0156098175981 39.3836524632857 20.0993315591585 87.7006598049078
11.6750953818972 9.00403637673606 26.6916341654197 61.7506782516776
9.0528614918074 8.59782933098044 24.8497911119338 65.0923158855987
-26.1089454173144 4.00956828003822 -9.38145069421921 9.87436260917266
-5.01665498444411 -4.66324185842457 -4.07510073107423 -7.27302179268592
11.1211666239887 10.8974899339817 22.486939961577 61.0961619851924
3.76339399562457 10.5604848099002 11.1176171189011 9.66320009069807
1.78681701868291 -2.23958602543528 8.70721961396255 41.2809541715759
29.2713699412767 50.1260734982969 20.8750028618703 82.2960469455639
3.36348109195431 2.60528520243654 -24.8270832674204 11.6481395064275
9.68673635607431 5.86853174759819 27.6525456665648 61.216845918347
-2.81007200865553 51.037010618235 34.4382705914504 78.3098713497382
23.5096324131421 40.5833270205071 29.7239387268774 61.9349784888281
-0.365041723147573 2.59570845221962 -23.9730211210426 8.71251370570256
30.8654944570209 52.4591155538621 51.8257854620473 82.3731450957912
-10.0305575031443 31.3748851978159 19.1218038763504 55.8984073541341
18.4555495609244 40.5032403153071 40.2609208268199 56.8145103279774
5.35625438257826 -7.20898315283893 9.58043077449222 39.9972266033645
27.0387484334352 47.7359826208414 24.7465510258697 85.1709675116701
7.69254948453949 5.51405141396664 10.6510139109944 9.0439692530184
12.3029088574582 17.4193327564846 22.3245228613405 38.5454909042086
0.915518933285064 3.51353171239391 11.3680243210546 12.5826436602262
16.1675843989193 34.6322603122299 2.04407902991306 59.5211470802914
10.0090377921671 8.31031602442806 26.0062324359901 68.2380405312218
-1.08182107283505 1.9472686622854 -25.359597286641 12.8807259132552
5.57496530833007 -8.91034191150519 9.50472632935943 41.0431095695305
-3.0776940600699 45.3942877529782 33.6502597109613 80.5352753042619
-2.58095664002395 51.74092644249 44.3823477083321 76.1571413326457
17.4285570851129 31.9891874360282 3.02429251664485 54.2102793146607
17.5226287253037 37.7256418669345 7.37683055532795 53.8084729050197
14.201168086537 20.5939334679619 20.6866565677504 35.7022125667589
-24.704860988722 1.15532591193259 -7.54569043719046 8.24775116412391
12.8577277331667 7.14832194676998 25.3912637613968 66.1114806540182
16.8908909871301 38.414827910727 35.2034270884295 55.3052455878002
17.8967812272448 34.4569367883394 5.66915499018651 61.0269084242413
5.58147648539902 18.4876522122018 -7.30519005192127 32.5063695523884
-7.60679300120523 5.74272811164233 -32.0937101463221 17.2792332116055
18.2043170150462 34.9551519437021 5.24177111829902 56.0693732585467
-0.196774016212147 -20.9024119872135 -2.66289123315967 16.045252670539
20.3716172284603 38.184264986947 38.0065754945879 52.8449213108764
24.8609143361641 53.4367707166289 51.1564633492069 74.1604735143673
-2.76769549136584 -17.0284798205959 -2.44385857083042 16.9389145795601
33.1974212344226 52.3405209898891 18.5696252108372 80.7831629846876
-9.01053124383347 33.2264571009805 20.1304022672446 59.7092782008945
5.11300010009496 -5.01962312435076 7.64007669964873 42.3982229100274
-9.04280605727335 33.3086997001587 23.5657288162947 59.1783681303503
-11.8039303502346 32.3356150921145 23.6458180038576 56.957474225543
3.38398484763928 4.61080451742937 -24.5363175798057 11.7794343590681
25.8270843178899 42.9349578056397 16.6643366721117 82.3503315295861
-23.1862583912436 1.66458070298031 -6.29366319972371 12.3649606603151
-11.0105438166127 32.8347948467672 19.1942527025847 56.6019765261066
4.76215874560646 -4.44237282589588 14.2517218031093 42.3952066201962
5.98487847305409 -2.86376936472117 10.2477391860348 40.2669497664923
-7.69363830609046 32.7879864381543 19.2887075680348 54.0422498897589
19.3080885843977 38.8226648420657 28.1489615221404 60.530137333902
-18.0780785663966 18.3275235328875 -1.76099696833937 34.4247774566171
20.5766082701431 35.3989496630239 37.7148717325867 56.0480837732032
-7.60596426723312 -7.45026753929279 -7.11838526818804 -8.08923807531545
-4.67409828557253 -18.4349246103029 -1.09852375873507 11.6523572294815
28.7434448614194 55.4663903480413 52.1137369499947 81.6511593299833
-21.5476958987904 12.6734198760074 10.0081933359505 27.1505574492067
-26.9859213556677 0.676420176092923 -12.3759792615665 11.3273995834754
-10.5630594350957 35.4007930530016 25.0716373657833 57.4559633510389
5.68440291482019 8.930100252858 5.50031826810684 8.66464589881301
27.7278980969659 49.1733735628757 10.8178293562168 82.7402765276612
-9.81299755157799 33.8353625217479 21.8195402934622 55.6313839805896
1.74710348185329 4.8419764187384 -22.9585404577779 12.1557788775636
17.3764165085521 31.8198080924435 4.24109209736462 58.7173833551474
23.3156616159678 38.8465373599563 25.0389381750402 61.5371672978634
6.58741453553654 2.68590003546675 4.5432638098028 12.1055113392062
9.47311594140979 20.1527760306131 22.6886529167009 31.1657235228028
17.3833883676125 53.0363906241737 46.2866425360113 80.9408345806036
4.93510234530146 -9.78735231683537 11.33816391503 40.4305450562715
3.25508213140899 7.94602711254863 9.4632543795089 10.4216150649224
0.620925946792557 -0.976796267598772 14.2452176277662 45.0857952932179
25.7429360285819 47.3826662019092 20.525747267021 84.0338311603211
-7.83013460502565 36.1920550310266 22.0566453481852 55.356670779841
5.20062899913646 10.0847910648162 9.42525876202289 8.24765112047523
-4.78661138803345 -19.683858121216 -3.8323363801257 18.8647364008855
26.9459327008675 54.0685906892571 51.464612498776 81.46601728975
18.1269801822811 37.5714004172805 6.28246423874582 59.7391097219498
-4.09221610361049 -19.1070732905997 -1.73319281943434 14.4771723929223
4.23969544197162 5.02892450720982 7.45275237043704 12.385470096521
23.8380186678397 58.9224143312565 49.5902364916007 80.8041559651352
20.8083979723419 37.2322784038013 36.664956198998 60.5003643338217
13.1641107396734 30.624199912656 18.0482650188239 35.8691759537703
-0.341394887170748 11.1995565589145 -26.9667489591068 14.9822432312887
-26.6630406964475 2.8806719923235 -6.273748086484 10.0418697484851
5.58023659809857 -6.85128522454418 6.87750542733097 39.2502502542376
4.68520062970923 4.56452091647386 5.14966076215897 12.0742308821218
12.4586169972697 23.175954395584 22.8064160374909 33.9389394995126
-0.302440149480362 -9.79076909231749 -9.22555671095393 -11.5321075357115
-4.55033683870422 -11.575020416819 -4.55886470645989 -10.3604664861842
28.5190350886042 53.0196709283358 52.6185895205563 81.1002513188278
-23.9565160844721 4.69346705501673 -10.2499597150261 10.8175973130557
-30.0034387692169 1.82984377049893 -10.5821463125091 9.55642914442241
8.55053769590776 16.6419938813523 -8.55919413088966 29.7600652188946
6.09182359796114 10.1483533819303 23.8266846707498 69.5352712817392
14.6746091246747 38.7293455316062 7.13127509855984 57.7774898325769
18.0020371207093 35.8838681054094 4.71227255481284 56.081239997294
19.6994114680215 41.7516887768779 34.2995163476775 61.3771437638065
17.7431316550764 35.1751365567872 35.1910088668273 55.0033761333813
-24.545705624032 3.80967949438767 -11.5110995716646 8.54902449497252
3.45619695561344 -0.0112779443968392 -21.5401214594655 13.8428266948119
11.6199043382173 23.6036954628588 20.8333409420881 36.4794011860696
12.4008097613037 24.7699362520204 21.7995453490585 32.1071460096385
17.4275913255862 40.5684199453827 40.6123096552589 57.3025357055857
-23.5474566514979 -0.459833765860223 -9.84612521901899 10.6884420095667
-9.66334358554297 32.9293248050286 19.1065975646203 61.2663554030949
18.0096078174832 34.9400317384132 9.30588906556288 58.0948550792131
12.9824713848242 25.8443759580333 28.8397713928054 36.5347889887003
-14.6903376570309 14.5124147357578 3.11054059519016 33.6461499844169
14.8561198094571 37.4940246487596 38.1173573685322 57.9300228730448
-5.94552358334661 -9.23128778062554 -4.84727727360428 -15.1779251133125
10.4590265991682 21.1671582006731 25.988700468729 36.4844127900068
-5.33796484019091 -8.74934662131569 -4.58770055345723 -13.3138822725296
-2.92130755314629 -26.0418358039494 -6.37732327177665 19.4587109904013
18.6495329569233 36.6378378527223 37.4656069444314 54.5504797546874
26.9209512000073 56.5757045991477 17.2412173362456 81.2959758638302
30.3659879450266 52.1050113033269 48.9931062121582 80.7363827965079
2.05278875638185 -4.95997192824455 10.6393982831698 40.961816812906
16.566178355339 34.5108571545367 6.63808629057442 62.7893152953272
18.8565617621977 40.4350021810391 34.3303283000023 58.0128288759877
8.4055761493262 -8.10376380834604 9.56071882197661 44.4619758278001
-7.19642736248736 31.1584815303708 21.439775154548 54.9002142485951
19.8401761097579 13.6089776043992 27.2918655879951 62.7805090932727
-17.5417684718161 14.6999366918885 6.12772461662317 32.7480487682416
17.4509630335906 38.7704308774923 32.2615128923871 60.2200928130721
-24.581224327403 3.73430548727523 -5.72668552891797 12.5766079719783
1.09143259171746 -3.52142161818217 9.74150883278224 36.8695403420806
3.55340746615136 2.37968460632207 -20.9817108678331 8.18302890995278
-22.6364238092324 0.0928387334689433 -7.50629281433922 13.2897871328206
3.37567398697733 8.96069392072378 -24.6932418478889 14.070609176574
-25.5541272402137 3.78434265253224 -9.46936936568797 9.69658758275753
-5.02101400566417 -9.12056024595162 -3.9559509654918 -9.10067404000718
-1.57336297192138 48.0130953478784 36.4313741926538 78.3975594499878
1.72469749390347 6.29651506600024 -27.0987459458437 9.83095875980366
13.2358597080428 23.200066160092 18.5794231808819 32.9846486016224
19.7086001612795 32.0850617983327 39.9311262432263 59.1986054501952
-0.771520965424657 -6.79627828680343 9.70171573631311 37.5880227245018
16.8244218354071 30.8935251447525 7.21770401623091 60.2290618661849
19.1033667693993 31.3280609928481 1.56350033323372 54.5321813983706
12.5895098193257 11.7718804519231 22.3025103796281 62.9504664319393
19.2191237153532 39.6051868009052 45.6327609231361 58.154204541953
-2.29503693319709 -9.95717548708033 -9.61387349044524 -10.1682339647168
0.392116649740496 50.3738559155642 35.0462627346421 79.0015630024469
29.5490260914962 57.1195066069053 53.1966927784716 80.5327077307908
-5.10357460027673 -19.5121008136432 -0.321994434145918 17.0335688687139
13.1341580711328 29.5348397447508 20.8851682224413 35.190642549281
-19.3196058965502 20.5306833983491 7.44763723205137 36.8600093163653
-17.4569697182629 18.790362066739 12.3377027124434 31.4819541993299
18.7705797122778 28.3840414118257 6.24608557259998 58.9919466550581
27.2874148545946 46.5350091156202 22.5365407023165 78.7201579050317
-10.6993620463026 32.8609499053706 18.2299912411233 60.0686259114855
-2.55201681541781 -5.61966586476369 -4.65014521883576 -10.4470214786225
17.8884403029398 39.0938404560819 38.6412579222108 51.8977473504851
0.457319562249343 -6.23353086969057 -8.30359355417003 -14.9554412786178
-0.580117892326006 0.61134568963305 -23.7893957672148 11.2298667160173
-5.08978875604248 -4.30528555130841 -4.72892925169121 -12.7503481329008
-9.27788424043081 30.1437462480134 25.2337430572279 56.5932506188067
5.90366013470555 9.12756107011098 9.63287994834443 8.74119642621123
23.7147951592031 45.9174580360002 19.1572529024059 85.6862523414271
11.6141351234163 21.280283493267 -6.57754912674503 30.0351529546257
23.0612877618192 52.2321737253552 24.5914124865419 79.0452244227174
-23.216814804219 0.509272476136557 -6.77802079362914 9.36392397419478
18.4089787344555 40.266655476121 36.1560700417899 58.8269308627922
6.89568229313519 13.2027031084357 -10.2527308987415 32.6569757647793
-8.84612111829753 29.9505097269474 22.6018497366399 59.6560237836187
-6.64973775170848 35.2029292766849 24.696284245023 60.8785126959127
0.198374582323378 -10.4963494267528 -9.6877721677189 -13.4396877431595
3.00072212367249 -10.0633706636101 -6.72613009116223 -16.1457680300265
-0.157064668959483 -6.86570837480048 13.013932202515 39.4411248271854
6.49280787079312 0.227305188533039 -27.814764899049 9.58195496381902
-6.73213474627318 -5.37100220494893 -7.48196042018015 -12.3004344811215
12.7125556873298 19.5412596640272 -10.2889360990021 35.6414113908727
7.09157540475623 20.212326672984 -13.0855631509526 36.4485232758764
9.36473917580619 18.3579105560888 -12.0436249757635 39.0791191032329
18.4196407393915 38.7763381952879 35.814285539082 58.2644487865356
6.95975626234189 2.216498472079 -25.1068480713899 9.90556013830557
0.620937920223152 0.0495662815421363 -23.8969188433035 13.0025635357023
-6.31734712098929 -20.2877073703286 -7.18678440600183 14.4700150144711
29.5769761864601 55.6088293173459 51.994304094116 81.3897541837853
7.13972615011743 -2.17046238152429 9.59785627252842 35.0148703187964
20.5780368620716 40.8731222595901 28.6143779786791 55.5627687625193
25.5585278727964 53.3812693067715 23.8066729152841 85.6053409052979
14.9231392198258 34.342504200798 2.0129288406345 60.377049732236
18.1064775428602 38.7006964999602 34.048719501666 62.0191763748681
17.0303949103051 39.0250893494625 3.94229184596618 57.7928601994568
27.7235039010256 53.408150043418 46.1349900990987 82.3085214461746
-7.96393029232398 29.0068599898456 24.3764977275082 57.4633958698165
8.04799792361978 10.611329553823 7.52710202369844 8.55830846356311
-16.3819164135641 14.2979490265194 12.481021747368 31.2188909303362
12.6359415277836 12.7306416164553 -7.19954236083262 37.5170173615856
-6.64823903962382 -12.1333715684881 -7.48735984803641 -14.1872957911171
6.45126824960338 9.66930223245805 10.2268068433874 13.6398543093557
19.846882607747 46.0838060287238 23.5805217225835 79.6002836546453
1.13316593255306 7.67650461913726 6.1081874053069 9.06436508429549
-19.4789766731748 16.598491683945 7.76630986343458 34.3106139874924
-21.5996190931868 21.9529371461193 5.31044846589956 30.1235303537704
14.5354538746021 9.58724624704954 23.8969599097845 61.9487257366623
29.1861331153178 49.4983182403227 26.847732345021 82.6430427845058
-3.8720993086925 -17.910843904969 -3.25580834626064 16.0605845145266
-6.80699669570382 -21.9460026523825 -1.96092466293201 24.0436736999199
16.3329779096956 43.1927590142908 39.908019429168 63.5860727828209
22.9827883054979 51.1363987696036 53.2065037988108 78.1068327330958
9.55858859200435 9.88094457610234 27.3384986420141 62.5546387160843
-4.40662705724152 48.2152304205944 36.8339939970233 78.7107139156271
3.42502861791145 -4.67618852329896 10.7426269442225 38.0081571329429
3.21251216701491 1.28766804318544 -26.4249733426425 11.438065618385
16.888013318922 40.3353572866683 35.8327411071487 60.5183719139215
8.65067055940201 21.9102100965501 -12.6500106707991 43.123533037935
-6.07632392929734 -10.2330407124686 -7.27887421173309 -15.6625570234485
18.9578377199735 36.8252405418032 6.31995314728096 61.1171447909725
3.34235016879762 7.19535674354461 5.9094109280789 15.5054786855165
3.71157065242907 1.32341024955365 -25.3671180505769 15.8727371750959
4.33567748441555 3.74030560969789 -25.4673662128165 10.1006602386936
15.6473315069735 40.3821656470479 5.75615419026521 59.127896593372
3.38494083493045 6.67792578060102 11.1406083843555 10.5839160166451
-5.48238924809183 -23.1257300070345 -9.17851650298573 15.3475184203038
-5.83522189014578 -21.614827472901 -5.58828243766684 22.045595123927
27.2523770461021 58.4390505453739 51.8954405424672 81.5486270931432
-19.0715918712627 23.5612210158912 4.59685107900112 29.0144376543767
-5.51561678376532 -18.1349241549967 -5.21576427087628 19.236842782905
-0.870397042324571 -6.66387098440266 11.1553072900686 42.4077181640947
1.31765734657282 -8.54296359556691 13.5286898197666 40.6613173920891
10.4540293446014 17.6900902063911 15.783710818899 35.9174196053895
22.4560411325447 53.1861390853182 54.0755097054215 82.198382578536
9.16424493787755 20.5631326725271 -13.686065582402 44.9309001193587
-0.700439959387199 -4.33812841999185 9.66868959991863 43.4372270627699
11.655727373264 20.8837434456467 -14.4786428277811 38.2744163672702
-5.85170917805388 -21.0654046078326 -4.74318539184471 20.6406275636238
17.8741357973277 32.8506774930134 4.9370509448189 60.9971363926905
6.3835619783724 6.23919850664588 7.90321831545895 10.2251018566258
25.5215900936074 50.3081365786984 22.4570995740393 84.1857790146156
12.6744326560833 32.6256683254811 39.6783261759651 57.4524860403828
-17.8629107046157 16.9543379347073 2.38993445431417 37.2009821343019
7.8646740007028 26.0538251457718 22.0810202184595 31.6268113294576
6.48145958827048 8.47009816151769 4.29443819639534 12.7711612788713
1.66042224587956 4.30679347945658 8.34742170002414 9.60101464415773
-12.6857091827952 21.7898265791684 3.03399293887992 31.2085702364266
11.4726660561068 22.5178545542084 23.7109323837356 30.3235118730215
26.6729925334316 49.494544014232 17.2681956230875 80.7862149974956
-5.47418677928823 -22.4270285524942 -3.44779283606595 15.1570363666109
8.75526733028231 21.7235517252703 -7.6335291094482 39.5220388829189
17.6357356409959 31.332278179181 1.86039694410692 59.992125922172
2.9503506817945 4.05206488137979 -23.2360161205136 7.33046520401134
-8.72848646404532 31.6772933534069 25.7340446823853 56.7406563715819
5.02925314167033 9.81591459855048 5.30189136806702 8.80829024756093
3.51467031955435 8.8097178612301 -19.3534813681764 13.7992898770335
16.9305682427656 35.8807985847652 42.1819371116492 59.15951623551
-1.32078631143222 0.478532078816995 -26.6847107474887 13.5452606447516
17.8391113436712 41.0920621527011 35.3913202376813 56.7239722128541
-24.7928220688584 5.58129771589276 -6.07760116528594 9.55505017687594
3.33467788930237 -3.02015915534303 8.44871717396127 40.3796723365962
27.2355423455293 49.9290795512026 51.1901076784798 78.862336646486
-4.93762143609792 49.6520845321898 31.8004857200921 73.538447748038
4.35551900465753 3.18095726555684 9.8979896863269 16.3961094052454
11.9975065952668 18.6850784228927 -9.70829523971409 31.1476417588911
3.97345634512647 -8.14968731545759 11.0721041937741 40.9604125585094
-5.61362515845343 -15.6582054421545 -2.1054674009537 17.1206843435764
-1.37970952124037 -7.16784825252311 -4.96658380138534 -4.87574788246893
-15.0829750947141 21.8601161679445 7.92277209438325 37.4652285325805
21.4152793475919 37.5110842228075 37.5246014102801 56.4117444462373
1.89266900941575 -5.30505213426481 -9.4342580159063 -13.7865316832471
-8.81943435346575 30.7202226159712 22.7153627864449 57.8270559362363
6.95809928447437 18.7492964210534 -9.76441590955942 37.1451716908363
-18.3954373572097 18.1814026949473 9.28038462193734 34.3929788340187
7.5745562797169 19.6043679840661 -9.280794842048 35.9853017337798
1.59059803858834 -4.45723237506924 8.25815703671265 41.3171507509994
35.8912230192988 54.5490521043307 55.2707637706916 78.7812679963401
2.31788112397982 -6.41372633292969 11.808264591221 40.3089974744264
-26.562228381472 2.96462062861041 -12.5326127461829 15.4042090343292
-2.1730433875429 49.9775129622808 34.9558510099364 83.154677736173
-29.4597029069474 2.09981545200087 -9.1376188209355 12.3715846685515
2.6152713398231 -4.465854119559 9.00846603272322 39.2190319777378
7.73822781431317 12.2972705359912 -8.89190522503059 35.8584940283787
15.1932412391223 22.3693261987467 20.4108944999372 37.7282050299205
7.20963560098063 13.5932884836372 -13.2350005826698 41.7317335742363
22.4594988879025 42.6380036117125 20.4823670884909 83.6003188865499
27.8898659484077 51.3248665770935 20.8949080077404 83.7294180692097
-6.40750604593908 -6.22093221779761 -7.46328316162825 -11.0240708283447
-13.3878242632698 31.8340178511048 23.2345491053476 57.8601849978291
4.40377552481018 9.37307674396729 8.95320193358484 11.3682905990721
13.6559790205404 21.3470756076917 24.2790945368659 33.7908832510753
9.26307728236035 16.2521984427676 -13.2540261012715 33.7612226258787
8.41300582856235 22.6120949092577 -7.00419049869322 36.9169778690324
10.9559812840856 24.1877467676226 23.3450310047091 34.258107319256
28.0288451594042 51.3692938985612 50.8949037216732 83.0315034205401
-0.341302853452168 -5.95392316711757 9.19836983765955 37.5070054939309
24.0162673890208 48.6331540378404 21.0089094364904 84.1991804478649
2.73921526214316 -4.17127511593967 12.119247397571 43.9006474278628
8.33425328322816 16.1278020977093 -7.39032443799667 39.6344896613953
6.42531140858592 -5.67136254836535 10.4993585747328 38.222840843455
5.50186372663927 7.00941075050887 -22.5911186453433 10.3945533645311
32.9118781473764 55.7570510115036 53.3960865005416 80.2095574908351
-18.9061137832896 15.2962426157128 3.32019954259377 33.7095645751708
13.8089731005157 11.362835827217 28.4690210424176 60.0686511885649
4.12067660460609 -6.66003430301068 14.3363185092871 44.1154031728103
0.110086718947747 -9.86537980096154 6.23415407786951 41.5139881190841
21.6488405780101 43.2825733763119 15.760781608515 86.4219560984092
6.8599156726309 7.13901237113705 26.5888585262268 69.5005472831877
8.09971740940152 15.4317557714854 -7.59290449429734 33.4580214308323
12.1360877608594 9.13888231359938 28.5133788358522 63.3791367323886
2.249770862247 7.12456586483844 8.35157902436939 8.93085763087929
6.06394859990262 8.63167834053972 -0.171742527804056 9.70709234751168
22.4969909218133 50.391620482507 15.5288163648646 80.9571087909525
7.5819050226671 -2.50766561675201 13.4152938949924 39.9893444495083
33.1656243274873 53.2934288531224 49.3644131070909 84.9049513183435
17.1272148810108 39.9017576697788 28.723581158995 56.6184795211492
-4.12767770306796 -20.4325570383016 -4.6462501116709 18.399880137457
16.6697530678983 33.9572070383768 5.90721517244474 59.8708368322674
4.44552886485583 3.68993441414918 -24.1616549725309 14.8551435344051
22.3582194258084 10.3641601086061 24.4790481297106 66.3903213014698
-9.58722838917319 32.1335240832251 20.0715857495232 60.26044478993
-9.29383240649264 35.358618228563 23.9348874984466 56.651218858214
-5.45846739326058 47.0026115941961 40.0436544371397 78.2345812197245
11.2453180811036 22.3011329933587 -10.9270608768116 37.348670255677
-2.14206691409052 -19.3880069071654 -6.14317298386054 16.8251472014743
10.5628359647426 22.5528015098392 21.9422233781102 31.6757601274926
-15.5268061662908 19.952189127384 7.88896881714521 29.5543817018409
1.25621809011498 -7.48227380914951 7.9973483601239 37.9753049967382
5.46532517102127 -1.36830210540809 -20.9257981936356 9.22783646540083
-2.67882506920473 49.338324180734 42.4965632735395 82.4996162776762
1.52312764707853 10.6118224038313 7.7140897381187 10.2912596743637
2.96524161245571 6.51035132142856 -23.5043660932973 9.5373374849478
-23.4993501453454 2.39273716171286 -0.600297485354255 9.73056473388375
2.86002977243022 -6.80833972002223 4.73166369246866 40.8036392230401
6.33265829905215 10.1441992131642 7.183353861074 14.9955326638304
-8.46170559652962 31.8362362498047 27.1002245777846 54.8458209236133
-10.8634215550281 29.6662675719205 23.7796621839908 55.98447018823
16.0752196343861 33.2308808677434 4.58416477393752 59.4537927922309
2.02522460906515 4.18692987084513 -23.6031800906254 7.16890940420924
-29.8203538243452 0.619251293012905 -5.35065655980015 11.3387779335291
-16.2040037879013 21.9941773355594 17.3282948744335 35.8156096561904
13.3396092016444 7.63515233856304 23.3593723620817 60.5426946730798
13.3711409862426 9.00138994666352 24.2400948076936 58.0840987507089
-5.04824165159858 -19.3806921450931 -4.20303776824568 19.6282458581272
23.1269729354138 52.9428643756334 48.5600809072808 77.9099321913152
12.6182221259426 25.3066987824329 22.3271707219628 36.6257946221874
25.0726900670555 50.712607645505 19.6542951971172 79.6038289273673
19.948179416493 37.5794488649898 29.8223217522632 61.2266584548909
1.57404106917609 -7.51745111700106 12.317865823099 38.7116544233468
12.2522884342529 19.419483013048 -10.6458116599596 31.101342649671
3.03655696179309 -4.75813056100364 12.1962573543785 40.4943043951411
3.6810033568364 4.72180005136465 5.48390194956046 10.6279124000906
-17.0954411507986 17.1787938672458 13.7775330432452 42.5628592002139
1.38049409553575 0.55213535120085 -27.001306652006 16.3049168558617
3.86402074971198 6.06441032413502 14.6379986082123 6.67020494568124
29.8392826247019 52.0259484879583 49.018907945073 81.2465335380486
18.4620269941571 55.4522991783276 53.0073547168969 82.5151693375826
15.6610705540721 36.0836390591958 6.8344650203057 61.1913607088848
10.6924359951433 9.72183262157341 22.0515313561303 67.6075200728087
10.3804770258566 19.4459258388927 26.9118625247085 34.0049803913932
4.13399209880938 5.85575591099993 7.04827369918022 11.9225862912378
25.2487647612125 52.6369272852717 20.5391718212458 85.0628381711747
13.2497414710532 16.504233061767 -11.213420780982 34.702961161875
14.6662908093707 8.23038243799848 25.7413638623822 63.8328639067094
-1.71378765248915 52.8238978694173 38.7762621949908 83.1333400413419
16.9322990704579 11.5386354991686 21.3946667896069 65.1457007401787
-2.50996707726817 50.0502800747347 34.5989619685611 82.310774552522
3.67147716388187 7.51953571197134 11.3815618811415 16.86157754909
27.3222507685235 57.0530145386713 47.1173443397882 77.7275441335304
-6.11423120403851 -19.5871193637453 0.508033031828269 16.6001999747538
14.7878319394499 18.940065413769 23.1254724242483 36.572925846252
5.83205183748939 10.3419097534702 2.88440266362765 7.68993506696047
3.26008707785427 3.54033451615157 8.27364237306948 13.5514497419673
16.0136238678839 40.5984165514336 36.2858969620229 57.3246890629582
10.2107691945222 10.9119900381184 23.680233595084 67.8184443113055
24.7892391406063 54.9747411031025 49.9284827991522 81.7506815163128
-4.37391981848204 -22.2094955930149 -4.64794152924609 22.5804059268051
7.83583861746603 5.88953962464055 11.6375470056693 14.0433956110787
1.1192194559895 7.93275519366952 -21.9093446042701 6.03419008152905
-18.635096826249 25.0870914386396 9.87932068408356 35.7726284964265
24.6805818768677 47.0357098003055 14.1383984271911 85.7430049233982
26.5663858225481 54.9133625059035 48.837627890886 79.8375429174911
13.507649476434 22.2362143065118 23.5412217621515 35.7300245642758
6.00417758253233 21.9222243493394 22.5719135772674 35.8902149418735
15.7749758002853 36.0107052357929 5.56379297356912 58.7868581669098
16.1421359272771 33.9592099691493 5.24964537879638 55.7839673565273
-21.3030819913268 2.21050234990275 -3.26134162016663 13.0989669571262
17.0021708472001 33.0533332914659 6.269753991158 58.9852066745071
6.12300343643028 16.6895978361827 -8.1366996576343 38.2566584543675
7.3974595081774 19.4594909205182 -12.4084278111628 35.8191266534803
-3.99669116665856 -7.4484434061214 -4.77063173019676 -15.699976959354
-18.2377391807078 3.4772691333816 -8.03955702087796 12.9264788220069
-15.8439484883364 18.4049052790534 14.5471937787175 32.6813587058422
-1.18607474562732 5.84051391763481 -25.6468953342854 16.5521360259469
31.2978336625647 50.7463960294057 51.1133200007269 81.7185751429943
8.38063014585325 17.5441232105143 -9.21386081424548 35.6093719789393
11.0385697892198 7.0730682126157 24.9233998719024 64.8841520085692
10.3205063214874 19.9508544242704 -12.8857163804066 38.3686110695969
1.30761761425487 2.03879853883407 -29.5336159530604 9.78944054573564
16.6612208198052 32.1422960383507 4.4760452428932 61.756403711037
5.825330813726 10.0168340926919 6.76115064970928 12.3933570916941
4.8259227635714 8.75040451971276 5.346753617065 9.121256771408
31.0870254026825 53.8459899268191 51.5376366069794 81.3049774514924
26.9356874304883 48.8691539729627 17.5727798497897 83.7327884748176
-2.81078316066517 -24.421319115555 -2.71654802600863 18.6309483068876
8.55884799988386 27.3030454204857 23.2272538005144 34.1306355616848
-15.4040055080847 20.1381339186401 13.0932021879805 28.2822885449869
2.87151753176635 -4.91794786490777 13.3705261016079 33.8475878392303
-7.49703570947598 34.1254573948714 20.9680647257198 57.0010948938236
4.63769496909245 7.73287612470932 2.31452903705665 13.8160326219478
26.533127711827 55.7691117856177 50.0649869041067 86.0332655685586
-21.2312042677973 4.25939346267421 -5.78438810450514 10.7970232417812
-1.84037894838344 6.2372255684508 -24.9291292105316 12.9032156233928
-3.1694754592541 -21.7042386994609 -3.92536101185623 16.225486867974
27.2631536794398 50.3270326115403 52.5283195321192 80.9449416335197
11.8979980866055 19.9324209697946 -9.91781215519278 37.3232670394824
-0.532694597726608 -9.96216461586626 -8.34007029872922 -17.3837511560243
13.2238105476288 18.0584983540455 20.1337815977295 29.8927218667165
30.2774120424618 56.4233899083855 46.2398674460228 78.2768654400632
-26.2237179169716 2.84541785047032 -9.19597804273597 12.8599030073186
20.6343781471419 36.053710987016 30.3331177785468 60.8597849503023
1.87911774712642 4.76015801785952 -24.0814740168681 14.5767792205087
1.51891875991107 49.0442542220466 35.7887960566542 83.0276015053905
-8.11451674328211 -11.7137625169031 -4.90187459058413 -14.5390495056391
17.4118231088071 33.056084697073 2.46535308895588 58.0130259303332
-3.84330651406125 48.2152496740782 35.2076942192935 86.700424240309
20.2795435634882 37.8609171832091 38.0915481828643 59.3761726545094
19.1086863465749 40.3154829393182 38.4810321625844 56.7474495367738
8.28197539191742 17.8111871704058 -10.6320855062517 38.6200123385735
11.3279879199661 25.4182663993779 23.5183496616399 32.0595047652447
6.82263767173365 8.38056642195306 6.14362891931973 9.90110857493806
20.3141414597109 41.7784502169866 20.3972336550273 81.923391205929
-20.7208669607975 5.49097345466244 -6.92109381230711 10.5836502974619
-9.66235364303663 33.7418781412269 23.3491598218377 56.6569115611317
28.625993653124 51.0605136558094 52.9939861658447 84.6797429152645
-3.92669128914351 -22.7274506956144 -4.6996474249128 20.6298094308038
-16.8959036616804 15.1294371639902 4.8516268671883 36.0938069856445
20.4710380086276 40.3201456557024 38.6387113347936 54.3977094540437
19.9924152156979 47.4719880914586 22.575536730831 81.9328261156042
-12.2126149853349 31.7558707576083 24.7776963783134 56.7603391553777
-6.36495330226186 -10.8367526823443 -10.7987505372201 -8.12980870492404
-3.56172776832384 -21.5535377008331 -5.90859941199922 17.492192818401
-8.98235202851198 33.5232941767244 21.5903446091764 55.8963288489385
20.4764755721928 46.2913341446608 22.3977978760845 85.9412016294352
-24.509988800673 2.8653949332794 -1.8935227074972 8.69323097034784
-9.55860385350949 35.5935851113199 22.5387944134755 51.0411728321807
13.1722718034227 25.1886654502088 21.9660752634776 37.2145868531653
10.2793566021176 21.7059433811131 -12.4781624957989 37.5695637482998
-0.683020473564579 -16.7014681506521 -7.1160102345576 16.2071132061875
19.3692455979403 35.7352032548581 5.36181155079533 56.452017189487
27.3046998260916 52.4046803925024 47.142777288017 78.3930745362385
26.913622072837 55.5992097136276 53.6526564915999 80.400743234646
-0.832212152400212 47.4483305471825 37.1589235311204 81.3308497327282
-7.50083618182793 33.0697747796873 20.8798940396206 56.3544418003855
1.02078053756655 1.47135460768269 -22.7751016178704 12.4271180391754
-19.1780474677436 19.9794418883194 8.99279348936105 28.1426286668254
3.45986773456511 -2.4095069895541 -21.2513756389537 13.4371401167199
14.235467435707 24.0011474089694 25.3723760442668 33.6101380378911
1.13340691835743 5.96220571470621 7.17998577659482 11.2573567227448
3.3271149738521 -3.23397131245188 12.6718353259998 42.2893327733973
26.2411431992295 51.839585184544 53.0820376080495 83.0698628162882
20.8487381569398 41.6653476870209 21.5765252476344 84.3645326107552
9.27272385806691 20.5890004272935 -14.6646675611304 35.5959950884552
18.3526840817541 36.4901728200187 38.4175120191445 61.8238740945382
5.6205706123364 0.53254029133873 -26.3475623916333 9.46258515578899
26.5393686138326 54.6228141500309 52.7970738516619 84.9023334056489
-2.89200755208546 -10.526002980983 -3.03401374173921 -10.9964103658303
18.3539167290458 27.1722985760275 4.3971804634345 56.5403412850012
17.2611294852529 33.4915066231818 4.16092902277929 58.9116364907356
-26.3691509175216 -0.170061196069526 -4.38750902615333 6.2603556694666
-16.3103915354962 18.2300236588989 -3.15141387077623 34.1854966650205
3.46545413903058 5.58933504515422 7.09285829719607 17.4949759536821
-18.4483259233465 12.3367590293385 16.8285474775941 36.1148091897905
2.96685857806928 8.20690697917174 7.33666289913754 10.603727164308
18.3462699718505 33.3494974342138 7.1667791979595 60.6537582886899
18.3308888720447 41.0009106718136 39.1061749460418 57.1743520334604
15.4273767809149 32.4662239339841 3.46493039796064 56.5092969799011
23.7616514346879 53.0633099565348 50.7442783276562 80.565783591582
12.0882553827882 20.4504246167317 -11.586660950733 37.1332627320502
0.568943132985739 11.3454720886597 -27.5932427490915 10.5941588532943
-25.5146203128637 3.1451745921991 -5.85765627105036 9.07597917566776
14.0510698548287 12.0190009839506 24.7873451436962 62.4960083582846
5.018253411985 6.68488541571834 2.36952185805613 10.819301756936
0.949836567574919 -8.17829821611572 8.18916449176478 39.6477226843672
0.757763193700508 4.8448520061932 -28.8433903842171 7.40525528624241
4.98465239185018 3.85253157785303 -24.1290637914346 15.5902871643024
-2.86551442314319 5.22483935273775 -26.8323267794487 14.3130239727
26.6562137638853 45.9264195397061 19.1352605319434 86.0276822201204
4.01655188622447 -4.11799930817966 7.75426848427042 37.3525261474153
12.2707675273055 10.8801343397975 21.9115952367706 58.0131652496181
24.6655432678157 56.7923356778584 48.3956577648121 78.1993760149994
3.25735019540409 3.33322554395297 -25.3329132854141 9.1589094617839
-11.317880273976 31.8834677572636 20.8469096432516 55.51993737754
7.07565506889287 18.9861354024003 -10.954683782185 34.365805298687
-4.57686612297524 -5.37763150651173 -2.37738990722174 -13.3273957673074
0.395393480009887 -4.26704783099479 6.8287471367267 46.9197518949957
3.59592468310748 2.625953558799 -22.720918384956 12.0577803569381
-16.8760980008165 20.4203577094678 8.10824056723787 35.1322870422653
12.52749747902 15.2046620125111 -6.33452392897599 33.2583242861598
9.92844054792197 18.6408652156619 -11.9568941173374 40.0933799287129
18.7554234982736 39.1796102694415 38.7048056868097 58.2420807824124
2.02739918714906 3.86384928754181 -26.2860105638224 11.7190923973863
6.22260200909789 4.91846290155205 12.4897792778665 13.7628446042898
22.6204544719775 39.0753168904685 44.5116079439218 56.9396036996902
-7.04488188478866 -20.4416846956263 -3.09512087176145 17.5542312505413
-9.41042180426668 35.4403646923774 24.8721653952177 58.9072772663431
17.8876215654265 35.8539123890195 5.73836613766891 56.9969060546954
17.4052732802274 31.4852368940408 42.5139106548417 55.3858420199185
0.425833029390724 -6.40360896610641 -4.39606926126804 -7.04559367776055
-27.940194937212 0.570816818178062 -4.75113482164448 11.7944015084327
-5.65172069029399 -20.3380165437838 -4.3998880137641 16.9505126910797
-5.93774802602349 -7.49180171390975 -10.3740002796431 -8.29929267449795
-9.0216788237243 -9.09270741046669 -7.95643480337255 -6.02468651558235
18.3898102312949 40.0872063504457 33.2831856436211 57.3607924865948
-2.2079804290045 -10.1529938516511 -8.2867551411637 -6.320975236071
6.81049300446114 -9.29557940297032 13.4975157271245 41.491390932117
10.5370437333217 19.5165725747992 19.8527476752003 29.0127152362299
-1.50076758398435 -9.03543928832868 -4.55994458390592 -12.5056422938485
-26.8916768613967 0.530144708584797 -6.53797482330964 9.00391383649013
29.4567504591664 54.453724653074 51.2608844172572 80.1549587647966
8.5639957069832 29.4296619853294 17.4148932244224 36.3504974810953
-1.69094644213603 -8.92637941761337 -4.94330242306707 -7.83694762777502
17.3409312384364 35.4765342246263 4.60411536888531 57.9046924402894
7.01308264395372 7.09307653709875 1.52953022013391 10.3293390211119
26.592079209901 52.8491508184313 48.095222780678 80.092378527346
25.9539192843162 56.7310614436452 53.1754960164006 78.3305877190416
23.4427059171304 41.0085808564173 41.9917324293799 54.7637767581936
-25.2350199152359 1.80533253671304 -3.96438328764081 9.49689519261658
25.6919192682484 56.9580582637641 50.1241336700038 78.2118451799233
8.09656268220929 6.48800690926664 27.5984640044658 63.1349189532047
7.72104885247705 24.0086228593725 -12.1281006368334 41.6678127609271
15.7566621018519 27.2279458946673 4.60932566740577 56.722471172618
-5.61699849168114 -17.3660312454728 -7.47311610799103 21.651326708525
2.98920591450661 -0.0985817225005889 -25.5852347797896 9.30873330155435
26.7976923294309 51.416827678895 24.7440555178478 86.7465891760057
-7.62050800218958 -25.5984493674121 -8.65756407222647 17.0615854502531
-22.0167685970171 2.49826757613959 -3.76624058480524 11.2576254976249
5.1158168869905 -3.28128741008588 11.1232636278022 45.6657457565699
-3.77309127934395 -5.82675647431674 -7.84499520299954 -16.8054898697946
12.6563993426371 27.4628166951466 24.4403377200354 37.2087989617131
-8.07604556292446 -18.3331970662314 -6.0265634048344 16.3833151954503
-16.9470149502018 18.5332568859767 16.7729669763089 33.8651073802034
-1.46943951909472 -6.83301606924023 8.81475694336837 38.277745320034
2.71500118843234 -1.40116129080305 -26.8416077259156 14.7807278389252
29.1318190466788 55.159941435385 53.0320391516596 77.3453461969417
12.8527873285692 25.9722093559656 20.6830131353356 31.1790159525134
27.7064799825286 45.2297288022868 20.7833584489118 82.9508149195524
0.286959576476744 -2.39288546987052 4.23492267636425 43.9210621303974
-5.56494001926098 48.2748255839753 36.1643318811487 80.0291057114758
14.4068437916721 34.0637886827332 3.30451638381314 59.158365469289
22.4581033619535 48.4019756086068 17.5071862626393 83.03462417886
-0.25847356213167 -4.08726906315587 -11.1124263312651 -9.80677063789003
-3.07982376673865 -20.9834732307348 -8.09061386076933 18.893002635894
34.0523305185861 53.6755927246171 47.8865383354038 81.5898144066132
-3.96503789572409 -9.94485433784248 -3.66622394208614 -5.98566752690561
7.8614224767155 -7.65980630978415 8.38729993249436 41.3676294144663
-0.990089909158143 48.2536662932233 36.6489504080066 80.9460377190659
27.1552370166866 53.8907861683936 50.476331657002 79.3573657207018
0.67556109374 5.26423171882795 -25.355075921517 17.7458049150926
19.1361036806338 34.8470941466785 4.39755117137837 54.2130546648326
-4.49257116981623 -1.40265507566238 -10.2283487305498 -14.0987755905927
11.9565919940748 11.5027226479422 -13.0046519849306 36.0581696274379
6.77544764329698 12.7382468045709 26.3713112083588 65.7717991226903
8.43800527729165 15.2801146154785 -12.9040674380239 40.0896053959334
24.287300084429 48.5293729008752 16.6083977263534 83.5270792992229
8.25704034858245 21.9876321721006 -4.91401322396532 41.2275751817736
24.3265462597993 51.3140498317127 17.5928156139024 76.1948255413148
11.7309213861912 20.6576506073077 19.9119243734567 31.2466496132108
24.8368130040385 57.4666213620899 52.373766274454 82.8952078901375
-11.2927576783326 34.8566463544556 21.1416920003973 55.3839806383008
24.6907110806889 56.4141292474787 16.4413645684796 81.2019246984486
-2.79680731918721 -9.89816511286196 -7.78196398338305 -13.1414236519847
-5.7817252297976 -9.95644523186745 -7.93671072821285 -9.3319267904421
10.8571351797857 19.2485562657137 -5.81756269026465 34.8939292312962
25.6280456758668 55.6988406296334 56.735505279542 86.3138847529638
-26.0616986176026 5.86668371466354 -3.90858716217644 8.68895554176703
0.749504420719098 4.555838023906 -25.1683183250454 15.585627415814
-3.34838803849999 -10.0598023349751 -6.96873653438099 -11.559577836119
2.24793967839627 9.06191002568045 9.67990000014171 11.2289910838584
2.64862285614595 -8.15420470395993 6.68121008122115 38.3985195804977
6.83414634436335 8.5987756427074 8.596958029218 6.75988560105559
17.6878379885587 30.9978280993968 7.37180429079198 60.0215565071664
0.622845805991442 -12.6724629297501 -7.34624758970912 -11.6433809062488
18.2959233565183 36.351933683111 33.9891479616145 55.7423356341714
-1.86234723573221 10.7258896216341 -24.2449905333109 12.1805929420621
0.723466353101915 50.7864238034151 36.8025362231792 77.7322341799833
24.4276552796745 53.5163995303532 47.1645126318039 78.9021510882628
-16.0299698109916 24.6577359225861 12.2009823863387 30.330029055505
6.00846179649744 23.2330342821474 -10.5702138375378 39.4957620384709
-2.65507480051594 46.4750253260378 39.6996054470933 79.3159844413262
11.7062193650284 19.5654029720983 -10.8782550742242 32.198555850428
25.2202873958608 55.7268942527374 50.9425470935306 82.530001091549
9.84196188166388 9.01355968657552 25.4218170977123 58.1101407359047
4.08851841521281 -0.888806974519022 -24.1020252513061 10.6777662511831
1.48892703150198 6.66427728629284 -26.51093980065 16.3304696940816
13.266626338768 37.4275000012371 34.4844843101505 57.6252620676468
26.6312563258432 49.8812018802967 50.6763472779096 83.5598789201785
12.125785074751 10.6062059068286 26.8336987406566 62.9200597784773
13.4853195731582 18.93861365205 24.1599093885445 32.0086485320757
3.71937921821169 -6.32740385081764 15.3186925887631 42.1265977679
24.4185101578268 43.8988335378904 34.7371947989087 59.2920586992466
20.5638962703704 39.1679332308323 34.9733932860344 58.163704889327
23.4910455508109 54.0749594136696 53.2283261594526 85.1024681570905
-0.637222195737605 48.1155862087694 34.3760056543697 76.2001166656436
23.7534201786367 37.9853352683804 31.7241278262472 55.2626614719933
-0.719907791559056 4.88451873911696 -23.7829886563411 15.2424980292368
-4.96790390088765 -23.1953543983179 -7.01464246737225 22.8009230777466
-4.95779681649783 -21.6333424411331 -7.13707275360986 18.4173281789219
-16.2766867909099 14.9378176139251 8.26820824775014 32.215713143886
-26.2012358336352 4.64013340107866 -8.69193003004072 12.0977240247909
2.30748099327331 -7.07103441259448 8.61123602185553 38.8393360258691
22.3595118557392 51.9307494418901 49.6815546731363 83.707217338461
-4.26851798246152 44.7977892829395 36.8908143460072 76.7645160233273
11.6460924625554 22.8072125852624 16.5391444778505 34.5493106364168
8.61911253907329 21.0799554611684 -6.26490409372233 36.3877193134399
5.73262384281767 13.9244679297119 -6.84106555173436 36.6124646045015
2.60711014245656 -6.28101923850641 7.58377212540101 42.3493607265144
-15.806871978101 19.9852415867624 9.48297888281974 34.1779357515695
-27.3551262320203 1.68713603734512 -3.48262383382712 9.80990819054571
10.6379238661626 3.15233525793276 -27.8551642336135 13.4927711876249
13.7695680041939 37.2034037330356 36.3806508140226 55.948861698174
25.2145488263452 50.9514219423432 53.9373359266463 86.5260020910536
-18.9022563790385 19.2833505155525 9.3355196872151 38.2406619981171
19.8987348003997 47.2009541240913 22.1344895112042 82.4759092130665
-15.8172343291518 0.895525105196379 -5.63963500991007 13.2760693404763
13.6081321440472 9.35991335748638 22.7879107694255 63.150250607036
3.83937653563698 4.13603673383223 -28.990609809488 13.1227653552602
25.2721781555048 53.306821563503 48.8562565188897 85.457648534358
-26.0764893914002 2.83114740539906 -7.00150009780737 10.8282758823117
4.54934831110267 20.414401479973 -7.69423602986308 34.17934371384
3.6114316515397 0.948571638445336 -26.7509051194865 11.045166134575
-7.79013728182402 35.8639250307059 23.9579998248773 53.3137479342808
0.0516575445586924 6.74298083339397 -24.5959272563384 14.4005190605874
-7.06613611435416 -21.4067957897327 -4.31564953545149 22.3947202366678
17.0210513297738 36.8349409641097 0.955058916823093 59.2362754467266
-5.2836332415416 -19.338038830722 -2.0294949832643 16.0038521075004
3.94041758056981 -6.13844840115541 7.2639960725033 35.77411911807
14.8718660650685 10.1758524949275 21.2472385199474 65.3313249547965
-6.52781894249212 -19.7084365657414 -2.87253719080952 15.0817724861417
26.5164837235067 52.5244247402699 48.9635075722924 78.4030686496278
-9.70806919078656 35.3098480277906 25.2645078408547 56.9726453413702
-0.917825259902337 -9.67404307593471 -8.83417783423684 -8.20758980459031
13.8851892652182 8.38910590920286 22.0808640811576 65.3065156085702
-1.90790974152687 -18.0961783939321 -5.55534774454552 17.3445465492221
-7.3683045373829 -7.90776762545449 -7.61806495200351 -11.4392664340875
-26.0214663750897 4.51861527896559 -5.61956552378678 9.22903111409809
-0.733464467764558 -21.3306004589116 -11.8411742226455 15.5652078710089
2.11660026802901 -8.92266353486871 11.3887326001845 41.0077923439783
6.34264165035317 21.9426058735313 19.3120619626669 31.7787339851903
-1.30889319858856 -1.88663621740956 -25.0412998432823 17.9877382511463
11.4687954731116 8.73869644127661 23.666630430106 64.0524353867984
-1.38919474313964 -10.587313001163 -9.61911262116134 -10.8462946722069
-6.90775202533118 -10.6411386417491 -7.69351299531417 -17.2664119357144
-8.01603391815657 30.9847655943944 22.0105317163722 55.7363948585023
-10.9189198418938 28.8555487514869 21.3123606511007 59.9469485711699
-1.3885390555132 49.4796420196396 38.8720826890634 81.8147882532151
-1.47864009929935 48.9476932407503 34.495919586652 80.2283856398156
28.6389931069172 49.5996935335066 48.0355172146861 82.0034374164615
-2.46084677803002 -22.5399833842166 -5.76120722988897 19.1652708828729
7.5764337659251 6.53432886706659 10.4957834568086 7.40329210209874
2.24834669462118 -1.23443597750907 -23.7913822432913 10.2449285216471
30.0822466587399 55.9452151006349 48.4572739353587 80.6852092822151
25.4818758651303 53.0527427640288 17.1495888470818 84.4135664404729
12.0894202341584 12.8844799277036 27.1003370849081 62.9151332886414
-4.50085494461881 -6.53328522669024 -4.49046092794761 -8.06953159386736
-27.6799632501471 2.86306832328639 -7.03367447156012 8.5060054552274
3.43917365652079 -5.43472852963587 13.4590773934571 36.917267566027
-8.61726084838754 -7.31111358901133 -10.5656030244581 -7.39569368131102
11.1905009286284 21.7096690331139 21.9318142249766 35.5899875444964
4.44438575034441 -4.18281850092694 8.43390660071225 43.681605489788
16.0006392047746 38.1732889500875 33.8126792626766 54.3257084041504
1.32776639787409 7.1403322845127 -24.1940454640505 11.6338618286197
16.8053859502216 36.0935079550026 6.51556622134162 57.0339550727635
-18.7671709001372 20.7626629304449 0.552479229739221 34.6084921237538
-1.33905712313978 47.5214693561666 35.3387928531296 80.3926896418975
27.7214154102743 52.5256080069836 51.2002095517676 84.7616357465463
-27.562315491182 2.29180308700079 -9.65319725471955 7.42511512782723
2.82509031350242 8.32873283798435 7.57984398638468 10.7742619052874
-18.4889538847712 16.4177308532535 12.6420854962399 34.2108983739272
18.6481577213749 35.4783425002755 36.0957125559285 57.9018864419594
11.9158100101465 16.9956322093295 -8.16562788029377 38.69819234391
0.476220250056892 6.6126924092644 13.6856419053153 12.7819744413703
26.113827690287 54.5057211047942 48.7023958330873 80.0825313470118
7.88754130595009 21.1218527610985 -10.360052411289 34.6706176407429
28.0861416935649 56.159907261937 48.8971593555954 84.0479266897586
-11.482368467087 29.097403074161 19.2455591315255 59.9710326045371
8.78623426732132 23.8722703652504 -10.2803555022883 34.2105629635252
2.63778727491153 -5.3359291622217 14.7960645454177 42.0985238940642
19.4077862314407 36.2136084098616 5.59826874641635 62.5929899785698
-10.3998958551597 33.86909253024 19.0010443944925 55.3113683142326
16.1098389068589 29.20635709266 2.68771955944003 60.4812773465582
-11.9338324084599 30.6717087360243 22.2231918107577 60.760670726543
17.3167501414965 34.6005004768608 5.7386377638425 55.8575273390995
-5.44816171360935 48.251001153492 38.9042710731619 77.4146251790439
-8.82168342995122 33.9227769281153 24.4821137636507 56.4798017931116
0.587403858802875 9.62881690485452 -27.4807487969627 14.4530993926483
24.4770397517541 39.7725993231388 37.0475761773194 57.0051062727855
-1.3088145053016 -22.7970637790678 -1.88162396355325 17.2758742038592
3.61658715527426 9.80041384202593 7.8848210993334 11.5640136038693
23.3275088143428 51.7560228405622 20.8161441546827 81.4516335734084
-2.05261265386631 47.4275907776126 42.5089113590592 82.7507043736947
3.31632842667232 0.562901435865789 -26.0558555881094 11.4019409346309
27.7215827246152 45.0878097988923 23.0086935962206 86.5292986966848
1.94859170238777 -10.8323492480885 8.73423801724799 41.8810864565095
-3.97189806311121 9.52983668056509 -24.6362895229276 15.4904405105373
5.00441399878665 1.02465083381801 8.55328843803312 34.3715621523382
-7.0584277944889 33.8807186253292 25.4974217854982 58.6610988646761
-2.18131850405149 -5.66963814858421 -8.8440697627825 -8.43971431429597
21.878023679241 36.6582833954525 38.7012754245158 54.2447051355417
9.12326610332749 20.4708324630335 23.2466652492709 33.8105200266289
0.575410554746588 9.07309404228365 2.8536075522918 14.826694363705
28.4937366372682 49.5565107484186 23.0069205921487 84.2523933266542
12.2874275248814 17.5274147462612 -11.9074281761876 32.3699627569715
7.34593242283398 19.0230097928831 -14.9062942547499 37.2880749838754
6.61456424436595 -4.65625183939373 13.7510759255703 37.5526557541711
-4.82042143538544 -6.23451307707299 -5.43599294004532 -13.3019338792455
-25.426058286066 6.41552111924152 -6.00096008923023 11.2026225797523
-5.54573521815616 -23.1285432841287 -3.783708398384 18.1575710971464
-20.4523656987206 21.6457978022812 12.2333173706287 34.1826954756328
3.62765586083147 5.54267156883116 8.30471750284754 12.9692427790393
-0.166314948191003 -6.71877042914377 11.7319673419414 37.3185056023764
3.06306796012233 9.64733502180099 -25.1652663192676 12.0955850731094
2.91246316160616 7.58834287564165 -29.5869857378254 9.48280914989817
13.3184194428984 24.3085492167568 23.5094761418144 38.8097215072522
17.3202959965531 40.6313848577296 35.5268585346247 63.4716326939807
-1.68855674792278 -22.1903128725862 -6.30275401574249 18.9928953619426
17.9641482865796 34.6592574938545 33.9515490155784 54.6730010352463
-5.47705611718228 -1.73549627040714 -4.63985446801144 -10.8323938305853
3.49238047331722 -0.125083397944834 -24.027888973274 13.0611628249608
-19.4567134791767 15.4484771398441 7.64759057976757 37.6792000147863
-22.4040684531201 2.30421962403288 -6.33839013041212 11.0935190001735
-20.2979425991625 3.94339963450838 -5.18865755908248 11.34432076591
27.0739198050724 52.8566848742209 21.7724266275331 82.0952416729538
11.0229223117659 20.2918783137688 16.8092299673144 30.6939908404412
12.9663308257194 26.6136117804734 21.5930335807668 34.4022414935316
16.4289578786992 26.8274902679523 4.06529339794282 62.721229069893
13.3782175113575 23.8819825997975 20.8806250083809 33.0100281559662
-9.80606891146478 32.2380700121421 26.9677527655229 59.1276489191271
7.50336628349502 -6.11599864307143 8.53292180182638 38.7723219946631
-0.38655763961207 -5.02101903152371 10.5479037231186 42.9234160995551
8.69986306161175 19.9907683599165 -15.5614783233235 41.7300899621012
5.09809029502037 -4.0889358161144 10.7987921303457 39.5061132311689
-17.6723287426628 -1.55912404192008 -3.91246845017757 10.8184277806901
2.81938452611926 -4.15354721557595 5.59509200894222 41.8911907722295
-3.36694063341672 -22.7762915186756 -4.91015186345552 18.573316257098
2.85440434437838 9.64731803977755 -22.6000716767535 11.6224686839848
8.39535410558062 18.5153076721135 -11.7812347808315 32.1222087272889
4.77271098376905 5.93259432532818 -24.9464776968879 11.3687568204482
1.92445824026584 8.39378113081033 1.79039359078958 15.6278569955415
-0.850946666879801 -2.77332850817128 -27.4753651438291 17.7191726004628
-19.8461629716673 -1.75928852802528 -8.80815581222986 14.9385686053775
4.56062827934288 -4.56093354736717 11.1427405887127 38.696148060696
11.3195451679465 22.0737393958635 21.8923164002719 36.7766903058124
-29.6901438368027 5.01609787079902 -10.3015994563853 8.62375596517523
-1.23593841330454 -0.107481421936625 -19.8742997639205 11.4219385290938
-7.89142404238385 -3.76808751252445 -13.4033640232132 -14.2891435945008
30.9172221338593 54.0244848668284 52.0290853027823 80.5990336786043
10.2745714205869 18.7227571024885 -12.0237109664641 39.2462489429073
-3.97554590459351 -6.76854077964953 -2.46798955426802 -13.2364270262437
23.7378039588036 50.4596588409618 12.9136317273098 83.7050903141983
7.59301743308596 -1.87040158473129 8.55718079931501 37.0550429865
1.69442573470596 1.27038151667248 -25.6643497969625 10.3576616196206
7.94409059982958 18.6832658825986 -10.8661602165865 32.4955221490139
4.41252296228487 -7.80048631982672 -8.75681309954634 -11.6146783422842
7.22087515758347 7.92495909796509 24.2048990953552 62.8953557067143
19.7073419014566 44.0334892475873 16.8839944554159 78.7877840017413
7.80917947457613 6.34253712860052 2.98385348146256 11.3095848460213
-2.91432359926152 -23.7199993600787 -2.28733199417103 16.2911817105914
-9.75129770979057 32.3790471575 23.5207619900865 56.1903083817384
-0.390484674474492 0.888171194455362 -21.4407727808673 12.5150189689455
-2.22391968076195 -24.093856173786 -5.30889977956861 17.215227535044
8.24777865532641 0.634502344366219 -25.0654165018345 15.6803439648911
15.8088810127085 31.5548811816608 5.54007252025255 54.2762355227217
24.1973282107466 52.2592379903352 23.0159669549766 81.4328099777551
18.1259398143404 28.0316625082314 2.33009460857549 53.6577776213082
31.1807472570012 51.4861054509393 52.9976862748373 84.1058590964633
12.1403915852346 22.1753121491444 25.222669383911 31.3109803083496
17.4235469672441 28.0696044625093 6.46398075393241 56.6331652576653
20.1659803196157 35.878836976176 36.6323812936756 63.1794138014508
-18.1697699038405 17.1664927546913 3.53269160423675 33.3422020209928
27.6225936994356 48.4774854868986 23.7880397856014 82.7436537123521
-5.67159458989538 -6.08486442131035 -2.11389789213423 -14.3694397369192
26.393808055683 52.9358867788764 24.0266529908091 82.3970097189661
12.0115584444711 20.8766590519884 -12.8419213270275 35.3523527395692
23.0636601206176 51.2105299594706 17.8011304092311 82.2062714013915
16.6515739008607 32.333506183816 7.67600556770433 62.5665180066154
3.89080927664439 6.34226009185371 6.51960206216492 9.2748104608493
11.1225959793644 9.31890461096599 25.1272901444372 64.3954488098913
4.32384322212969 2.16488003519719 -23.9390993510137 15.3496924268007
5.45905651490792 6.59158496092945 5.74749295980304 15.0523028488983
-3.67029615065896 -9.52248997047263 -12.6627707354002 -14.1551077626692
-0.34455093206269 -2.96499477662271 10.7986362546926 40.2553583446106
2.14135848968597 -5.33445769923355 9.88830856537559 45.1837899243298
-0.447761660566085 47.571670718927 40.9244780743755 78.0065653416291
26.4504464515314 55.8853857227153 52.3995747707995 80.4373793021247
-1.73238442103271 7.46989951090184 8.59883251905124 13.0945187992728
25.1607920375303 55.8523370583199 53.704740880491 80.4706804140042
17.8323398400902 30.6590926750293 5.87122321012002 62.5212421131085
4.48511230264862 -3.01690494276543 10.1277743065772 42.567971193663
-8.93996715562554 36.9604690826054 26.4825508103642 60.3029786608779
-22.0233100284585 9.04531115313794 -5.38682798010113 10.7916448652777
-18.7048121598207 17.1833061643988 7.57186561057593 34.017751203313
-1.9945619037907 -5.80784614938652 13.3408386347627 42.2521206093134
21.3255838662466 39.8090623737455 41.8057492062807 54.9937603543681
24.7180843008153 47.9788594440056 22.7050518962397 85.3978812107098
0.978311012087164 -6.53119933109684 9.30104476700254 41.6007324731736
24.3225728577696 52.9969394515037 17.3123790862851 77.5842980181503
3.79545547552498 7.08817806192034 12.4327618786649 9.08131080091777
-8.71054947928826 36.174368892538 22.471500282713 58.0763671684065
11.3185858457751 21.6057186140396 -11.3013203486214 39.5424014133711
14.339904804071 35.5736643571777 3.20355390713919 59.0993313557864
11.5196647267459 20.5012888354775 -9.95938911062109 42.8447214877047
-9.23347156911186 -12.3632256867323 -10.0565385782877 -11.9275371422989
-1.57216469487483 3.7199619317746 -22.263903838975 13.309015130817
11.2515594757135 28.5373034782801 23.3749890132114 34.2088653840954
13.0507386594181 22.676327163702 25.624955615007 30.2187489409169
4.49438181543059 9.31093538817784 3.95035744204675 8.59818758298272
22.5041826064004 40.9278681412664 41.2518438595435 57.7576965660983
19.3260271144896 29.6019594184134 3.18312912273785 57.376143621381
22.7819160349313 39.2156513347566 38.6182732151674 57.2812069198555
2.46485291333785 -0.460483851106761 -27.950582989502 12.4056444526538
8.22474222390996 9.47271880735106 28.3168497144716 70.4714397004227
10.652555374038 18.1074530688638 -12.4467145119134 36.4591106453011
17.1418915882907 39.1239053283535 7.93527614111124 60.9948866362622
24.8074402874536 45.4191242827675 16.763258695725 78.995758044024
7.77589316404722 21.6326758996717 -9.66300877114953 34.7970271172404
3.2074547330074 3.17693464039586 12.3103955525212 9.9699129941214
17.940008081271 30.351786479103 5.31904492605505 58.7092309910679
15.6650443988396 38.5915424156963 36.0208989453454 57.7086543970304
8.86545702893598 15.6252494167102 -8.41422246588927 34.5327674913769
3.5253938050052 -8.01773820664254 9.05919664835251 37.472354187051
26.1485441837557 59.087946696691 53.6506208650066 82.8439000934163
12.4849419602057 20.7019745567813 19.0425206793977 29.5932512418436
-5.27341256782692 -21.4568065983334 -4.05643975392802 17.9340460719103
16.7117482588602 29.3265026777183 3.34936292792686 59.4599209978194
6.82775188296898 18.3749791105868 -10.1506425614433 30.9789116704253
18.9979618597995 39.4307134430503 33.4973546962457 53.0530396753017
9.51790679690665 15.1895007329756 -11.5471811758748 40.3739010939683
9.45116566483721 26.1024256709322 25.2141474020629 39.2954761832843
-5.33681114998365 45.7058249916185 37.8374209528481 80.9390034483472
19.7334969373238 39.1967581636429 34.7134204279382 63.4391620893515
-17.4733356603528 20.5319061668302 8.49500510346409 33.159599989734
10.6870836774448 16.3960171619986 -8.9275688546035 35.5745420464781
-22.4305050954583 -1.38563019796302 -6.09665183126332 11.1383029562766
5.9172020535739 3.9418916341593 -24.8490212201591 6.8924314518532
3.27934328607755 10.188071032056 7.47422991825292 14.3375886856998
8.32289946683166 18.5445167339898 -9.67032848463043 34.6309643066933
-4.46427075059787 -23.6075789987886 -8.08747989917837 19.2239537534379
13.0059733856841 22.6055224766635 21.8066825747681 31.4971410138135
8.14690378866802 10.4671273699694 23.8467430685389 65.8144160625468
10.6972497641839 19.3141433386239 25.1074567193847 35.6512996813599
-1.74100970847192 -24.8395004110328 -1.41433591519839 18.4172629373247
17.5159091516046 33.8448250829691 40.2554672729876 58.4589350052947
-4.18602801135279 -24.6532435408434 -6.36474405996678 18.7940120972598
0.49513768295708 49.537266190032 31.6825919836605 79.5285100370476
-4.2235395721624 -24.0771585472191 -4.51278754297264 22.117392996912
-3.84444801613572 6.91457658035613 -25.0034702856586 13.1253155192034
-7.10260560841661 -5.30196588216519 -9.81010890577698 -7.99814622829553
19.7738424663156 34.3181286268343 37.0802703871032 60.5276503374222
-6.47547159948575 30.6482886020522 20.6315367790314 56.9712968455202
16.8890495030524 36.2658567065279 6.60785184205316 62.3052756816369
-7.40047604592709 33.5108161222592 27.341060184513 57.9819202257188
15.5036331366933 10.2571998186095 21.6510752628601 68.0967642879122
8.94716839220132 17.1596736888862 -12.6983448431084 35.8160026008
2.00056332904771 4.95888529774597 6.51820400209024 11.7374487128371
-0.216261342429126 8.11130613429657 -22.2105655295588 11.3255822163136
4.72423717924338 -7.46134061793618 7.90311726967699 43.3082722235921
12.7136657574451 17.6946399643383 22.0704345620374 35.2936871670716
-4.06673294345563 50.6061297647128 34.5054673837739 78.7784198173046
24.6642780546232 53.2945210544967 49.5069171747505 83.4618122576413
-1.91689421048344 -7.65608803883283 -9.64860964492485 -12.2023717543267
20.1573795270463 49.2477994989827 19.4656995664473 79.3025813820223
13.5931990976634 8.49276126792829 22.4942830561086 66.3836807266448
12.3830628475913 20.5021086700848 -12.5451888919416 40.1192577797018
11.6908796481628 20.1672780187798 20.3709777014504 33.3677734422301
-2.6664236418556 -6.01801014790834 -5.89398525177209 -11.6197099280267
1.66645530870325 4.59065642347666 -22.5558047396686 15.8515109081974
5.94023536314809 -5.58412065000732 9.45376231090555 37.5641245368741
15.0774606076051 45.1906177451768 6.57964961605968 55.3316111917
20.2869260588315 46.173186640509 18.7300497307299 80.522808223479
13.2298936651528 22.3819509204114 22.6763127328598 38.6794293782193
-17.7296953456399 16.1763513524917 9.62666847969859 29.2358303296129
-2.06985960402571 49.4843331422536 35.9589497589054 78.4263797766571
4.80613663401493 9.25545803909891 9.11669739100542 10.9943291720691
1.70876964293635 48.0845703017872 38.8471796041347 77.44494189545
4.14502312365032 9.45650101759677 7.8086032431564 10.4562111920293
14.6800973705553 21.0887859706405 18.0499020074565 33.2447848143965
9.19669857137518 15.4792566390474 -13.3686172392605 33.7197215039851
6.70610143852971 -9.40282140926891 12.2528625215311 41.0059824781053
17.5001822176713 38.2223407797432 38.6348708365083 57.182568073922
-2.7550121504285 44.9179640652507 35.7171793803735 79.9112071031268
10.4435034904314 20.581212246351 22.3789396850971 32.7414191442872
29.1454140025245 49.9096387857984 14.7516924185561 79.5811940868394
5.09492244034973 8.8132668339406 3.57335675325473 10.6941603520519
-24.8137334155291 6.68729594645907 -11.0148438146506 10.3280428259041
10.2977372673296 21.1289802768882 -10.1009124928024 32.88004550003
0.329441775950239 49.5233455409067 39.1242105379145 78.6070779702256
-8.64196275675752 35.440114325389 22.8857638106489 54.167035075506
6.3012036866019 2.44699326798967 -18.6948956729669 12.4049576864929
9.55387864426929 14.9794874363943 -14.0885988635115 35.7477389149506
23.9167630302142 52.5297093313781 25.6507875495904 79.1025480080253
10.8136855963718 23.5556851590256 19.6886079918585 31.1339317479352
10.5692251222908 10.2399193761485 23.1007173485786 65.5881042971356
-9.39666757683879 33.5151125598907 23.2091857417076 54.2704539308615
3.78280534467332 7.87432911780299 3.85782056199088 13.0674960858411
21.1191712843753 45.5534410080523 22.1478986170913 84.9707665689897
-19.7780577160438 19.616496317117 0.139917937066546 34.9946233838102
4.23634454536287 -7.99907388198463 11.5131324314844 38.8501646554569
-4.85704660871112 -7.08354141901872 -8.17795217839936 -11.9436545089442
5.07845625034275 -8.90778061068884 7.97340578618097 43.2021331704054
11.0925608717571 10.5811411545807 28.2200483845304 61.855812046785
28.7639376316118 51.1463552843167 47.820982493425 81.7645801255989
-7.87134441486225 31.2307869892809 19.8871356894051 56.0783070305177
-4.15786191394773 -9.79692846547304 -9.54504303703149 -10.9613606085883
-6.82581995308177 -4.78801405425963 -4.24239510249714 -12.3254380690991
20.86299263079 31.2352549865358 3.29566531480937 51.5668341998232
15.5531718631447 29.6951883785563 6.43385654376592 60.7155998620364
20.0212871377275 35.667432860714 33.6543179038015 57.7387262625018
20.1875716997518 33.3994073514875 1.89141675367322 52.4206334896109
0.308397819370384 4.95208301409647 -24.2952652460208 11.4619311496175
0.406263144255071 5.3928422708293 3.63115041418778 12.5654802296638
-1.86617485883224 -6.52361391607808 -5.97711064882617 -12.5708591890019
-26.0290965699939 -0.0702192058076019 -5.91474982150144 10.2051730758601
9.03756396149642 23.3741218652849 22.1293944986977 37.5566481044798
20.3635491182005 42.3966502017324 33.4586309795897 60.790519796255
3.21466413978777 -6.6629467880421 3.5700175523514 45.4947953628706
-0.33849167272798 48.4437011663352 36.8382177207282 80.1518014044291
-9.26906212460694 29.2028244202645 19.8765110977342 59.1437545622828
17.0036673067733 35.823356141725 3.81242624737676 65.1279501399855
6.9659155462006 11.1320031014901 3.31778594131203 10.3296809876255
-17.5925834759222 17.495291737884 3.29534385789784 35.4351880917007
7.13337001124505 16.2853120398626 -10.4781241457334 37.4782095344768
-4.79753977749396 -4.99153636322894 -6.13779401472221 -9.73211282612728
7.88802675893798 21.4872289270639 -10.03538636918 37.86043941134
3.42631370771249 2.26935466908001 -24.1085254374095 13.9249054064162
16.703631842177 48.2471103560932 15.8274410347868 77.6821641336976
-4.32256318593529 -17.3168827910603 -4.248076184815 21.0130640522176
12.9978724578022 11.3573392503316 20.8382429727434 61.9723270629113
-3.22519048856159 -12.0408870304768 -7.89181934594132 -9.28874885646143
-9.34422417738666 34.0570739158959 22.2767397360575 51.6204043244918
12.7036410794492 22.9533385386608 -12.5691429420424 34.4364591931962
-7.78084807952537 35.552012868541 20.8408931557561 57.0440564510831
8.39161905433577 16.9344636163186 -9.23694395939445 32.5272963873635
-8.66371607168456 31.3431849918575 24.188714609264 57.9313171204994
-0.604317178888623 47.3164783793509 37.6632245210959 76.9199901352124
23.1311575597176 53.9860276577537 50.1780904610868 81.7137005876544
-0.0687535446690575 -5.6019648349731 -12.3061473842085 -9.26863877344051
15.2161557065487 37.0126331361157 33.7779119891018 56.0197731315189
-18.675920464625 25.1235447423983 7.16116594550172 34.557924780957
-9.85343029750342 29.8549303551804 21.5230844372122 55.3998068090635
-2.48524636185033 -21.0053580302834 -10.106843397431 18.263895558985
11.9395505892444 23.8269728622438 19.3647493999412 39.6017309561326
17.2368873750797 34.6999394506915 37.5130216587014 55.3645695019982
16.3018368969752 38.525702801787 36.62302506834 57.034105401504
0.0834207805571909 5.34289231679011 -24.6644111357765 12.7326659023168
20.1216443145493 33.1194500109194 -1.68801112904503 55.4601479433907
5.82797190714786 8.32884067374052 5.72916474069316 15.2870980017777
-2.96753427829415 -9.50484491509566 -9.20837349656038 -14.5059039838469
-24.0345674523694 3.72796072909332 -5.28334654413971 13.0105636680904
17.4293052333448 35.483944044653 6.09728583299611 59.4013870242462
11.7450791774212 9.09584454181901 22.5281290222737 62.3948636258137
18.0418686482091 33.5552321360264 3.87779457984509 55.2144920810061
-24.3978043446148 4.1102046653902 -11.1290062934117 11.5144874589211
28.8385654764808 54.6789735833235 51.0974147803219 82.4543132431812
17.9298150809724 32.1132959673564 6.0180657026971 60.0491715131386
17.8751176743275 33.8230222264673 5.47558109837397 57.9901316176567
-4.63227408644417 -3.53734314445073 -12.022152907195 -15.7506928261647
8.80744289733979 24.8539368742325 23.0641955534867 33.3835940082037
14.9325831791703 33.8171986733447 4.81679803290314 60.7489110245074
9.65087574272741 9.52563956144365 23.9427368003519 65.3437757604564
19.4930207135517 36.771649078598 31.5546866533027 58.7400865110167
4.14702745334466 4.33962675092495 -24.7818279591431 14.0040598620059
-4.86646337352002 -19.9493642145853 -4.20539504240779 18.7238498618858
7.18402342361212 15.4121837086222 -11.4268584833817 37.2207299624746
14.038192918957 9.04983495690219 26.9515815266113 66.5880132781608
18.6136613205832 33.612133639493 4.60781915720785 57.0917207222406
10.9606269090954 18.3956652642771 24.7804560862444 36.1061585391774
10.7835300299283 30.2981084339414 21.526836398548 37.9691720351483
12.3773857164024 21.9808126830879 -7.65917161886297 41.7499523033247
-17.589130984119 14.8447394559516 12.0364019472682 33.7875419345362
1.16783489925393 -5.62328038514594 7.98659116691916 41.4982302355265
6.37333279440145 -5.2905684053013 11.9432345388502 44.6062048475648
32.1560128833955 56.4382806122527 53.1750932186383 83.9815392669764
-5.35698384153001 -2.35290036207643 -6.90573899876055 -14.2405769681374
3.54633891454271 -3.10000444184142 6.75423508346341 38.3956893179299
15.2773124279493 9.99809709510057 25.0186543853292 66.9179433364079
15.473307006195 34.7134123064838 3.34209432218452 56.520027600813
28.2110027816954 54.6490771015893 56.8696029064084 85.0723943323308
26.3215840005735 58.3699585825672 57.0387165546625 80.0419111310142
-4.27912308772286 -5.32959438902537 -10.2799386602374 -10.491811686969
4.91747976679118 0.106548492496162 -28.2748920977128 10.9359867367798
19.0510272647451 30.8338769182207 6.56037492466748 52.6400891613168
-4.58897755811394 -17.077857642953 -4.40895529104358 17.4405550521726
8.12639459089339 -3.01685218755967 16.5521711457889 42.1884602916151
-4.34869766197247 -19.7538083061106 -1.99157959809643 22.6995067578199
9.54105196656899 23.6552725787057 18.8701360736494 32.8700483714653
-8.68983157825406 33.0301273965222 20.6422340172999 57.0859414416487
23.1853067141563 44.5810014868192 25.0081312470706 82.0874813275447
4.4755115548148 -7.89585046262998 9.94877961227391 41.2181641413067
-2.04206267833462 2.9779763379841 -24.8038635828007 14.473048790598
6.82284379173099 3.11983063537645 -30.5802167697286 8.8784287256958
8.63851019536939 1.02698897128705 -27.498349068944 14.6370479305623
17.5753756326995 35.1415563682014 8.4558615106845 58.3333262856925
23.8089130925207 52.3422254738416 45.5154526359144 79.8541868419543
-3.07029442409005 46.5978769626025 36.9536515947352 78.5504551135651
21.2090854696305 50.0115900770613 52.0482052645555 76.8589651992513
-0.936083837337023 46.4765699468474 38.6688828803211 79.2756145762164
11.9309069602504 16.0555976499273 -13.578639916125 32.8023174678758
16.802607843741 33.7263280240664 4.7672159992595 60.7753406739966
5.59759704648205 -6.52706141760183 8.30374142784577 40.5237410598581
17.7133746041537 31.6543422534696 6.48279264335777 55.6230035997199
29.2180092247471 55.4093303948965 52.6540036807947 79.2461165739942
-15.4951975376074 16.3766470411906 13.8245293168196 30.8039697177224
19.734290877072 47.9315235689003 18.2964494264905 78.7392782554336
-0.303895310382756 -7.8963288193786 -5.50720154946812 -8.90494125582704
-7.61949545371689 -6.82593090684022 -4.17139585326551 -11.1859843849756
14.3984426580342 30.9064569422741 10.9740721465473 63.0597206624678
11.8724505784262 24.9999651630663 23.5189453676101 32.9864206498974
5.69195810523282 10.7411358123891 9.03183420430055 6.44259285379465
11.8556234680117 7.59380877024382 23.5378566668956 62.7891465321456
-7.29966860446606 31.122349209285 17.4372110560905 58.8270171569602
3.67315219008034 7.69293400613172 8.06525404494103 10.3198198764689
-17.6821770930893 13.6352511090164 4.84736714083813 32.652226589129
9.71366377120266 11.795138148309 20.7462543635571 65.3343902579253
-0.20400329406434 48.8324204027386 32.0878669946201 80.1584391130552
7.58059920219181 26.7931705924214 24.1478760841548 33.2652080774976
9.92823452421234 23.8268080769552 21.613371067964 35.2274398806747
4.6395284836786 6.3145632325513 3.38392039310992 9.83350798645451
2.13538493871564 -6.7318408090778 11.0898529848246 46.8901502693994
11.2902794206147 21.0883962040128 19.8904071510355 36.1761466953978
-10.6285869293748 35.1460784203724 20.9273159538854 58.5995609161163
-29.413338765225 5.89359112190455 -4.76002809780495 10.1999297976702
-9.11449792044508 -7.61752526479024 -3.49301862991863 -13.7612324925925
-14.674609165954 20.7381555960807 8.86153497967743 36.329492947691
-0.14210197063132 -7.9364408494873 -5.87849886563137 -9.13557371855011
5.25974609724885 6.83839953030725 10.4410609099219 11.639057427184
0.790649728014703 4.55332922669604 -26.2340551564387 15.0934690215211
3.79318861862875 9.17152934251713 10.1601303041029 11.7698584094607
23.1034622166247 36.205230146824 39.3766921545143 61.857690894207
-6.01225150949312 46.0292077608886 38.4867356229936 80.1379753769681
-5.51356265015214 -3.98587922424876 -6.11270455144946 -6.44616379789531
-2.22311993116144 48.9260730335832 38.7626262367515 81.7502143400387
-3.87830245899849 -3.16931865314459 -10.1693541561164 -3.23626718106667
-9.9267960805849 30.7869895920827 26.7846098258806 52.4573509518815
8.98663514294084 23.6951693896077 25.9879048487775 39.4827536018622
7.08267946986008 18.2067313606272 -10.7657341744559 37.6083587673888
3.49823786154282 8.62016079683727 9.02861540894026 11.3087952479403
2.263730014973 7.2588008009773 -25.068787352326 6.95594996193099
9.14015321662651 10.1661760467746 21.3239085363247 64.4316271046512
0.519235869874921 -12.2333174800262 -10.0739501210041 -11.5163124301543
-5.68323269758227 49.7974188603608 35.8258151529206 81.2281858964341
11.8484409174231 21.6933288887853 24.6902013290204 35.5128522032974
0.285525425871701 8.1647283603909 -24.3203062029702 14.2416504391584
12.8231369567435 20.2279224917637 -9.07463806879888 35.4193203084048
-0.531934891406455 -11.6526896563852 -13.2214078154038 -18.1278410899468
-7.93309517669357 28.50084559044 21.1108404250895 58.9594078729121
21.0034490455849 40.9677096893857 42.8537800237913 57.9272605854583
-17.6706721800567 15.491401523722 10.3151101341697 30.7353063887601
-16.2474465305153 23.4103821487752 9.96098211994402 35.5463511175472
-23.0179811948884 2.55990177775325 -9.67618152535459 13.1936015225359
-4.95427457627802 -22.8450391925824 -3.107079117469 16.1057022954707
14.0210528736499 29.5414291744586 19.9204879775328 37.8165640873203
28.0748042234031 48.8430604724165 49.093763466211 81.7981175020111
25.7543260451842 52.346309638175 16.8089036582852 81.1917853193136
27.7378337456131 56.3488915604738 52.5408801119133 82.0531138230009
-21.1371767056835 17.4444336997608 10.4039130177458 28.2584176989262
-16.4535126660167 16.6287013101023 6.16577899101412 32.7161346372262
-1.73056254069689 48.3548684849518 39.9322128365911 75.8224391135933
-0.324232770818746 50.7949500677412 40.204052167624 75.5281057705717
-7.00379074604447 32.99607646986 18.7108840949918 58.0554233524407
4.83627996153635 5.89410640418535 -27.5589076496831 11.3736064064997
11.2240302069299 24.2317675774056 21.1479858126299 33.0240360105493
3.25933758040489 51.3421656341143 38.0824964514437 78.8505865503242
-3.79381705623176 48.8747589452531 41.7533961875106 80.2624894550516
7.6639727283137 -6.20361735032882 12.1484989469361 40.367352133164
11.3002806185072 16.1568595075663 -10.8720803031213 34.8208249152465
5.11459409959015 8.31642758363587 2.30434666983917 9.66116155055602
-1.74928883978689 47.4344849568689 34.6860160330145 80.2525996212538
0.29471085791206 50.6897519646536 30.0610331790106 80.2141917027139
-0.788896386330348 -23.8721088036986 -1.51694659291276 17.3629038257647
21.7483034121226 40.204593386411 41.447089059384 62.3133146386028
31.1718081232766 56.8218167041781 49.9357205704577 81.8719428146135
-0.439143853431817 -6.57839904382597 -6.4487975474997 -13.7211014897512
27.9606605646002 53.5702376338631 20.882187803465 81.3781790194615
-11.0251524073911 35.5275352653595 23.0868813828681 56.0962774943634
-4.54752932963911 -18.4913162558811 -9.27812043311896 15.7449459123381
27.3466397541844 51.83073702361 19.6847237366648 80.8257127046731
11.6811699852108 20.3346671975464 25.6442872200352 34.0757051229504
12.4140732740113 19.7425078816502 26.4806209802976 31.4847624498931
0.1023436707076 49.7894777801195 37.7337396148958 78.0052436287777
6.65212905939883 9.35189444405853 -22.782432096648 12.415494867748
4.83537592513762 -8.83337086519718 10.1943706729754 39.9536983094241
6.62437538429352 10.2528702257964 1.60045927024186 10.5628246211434
-21.9495232882975 1.78894857370205 -5.65396520812974 12.1867656191895
10.6801130309567 19.6486974898788 -11.03062208051 35.8215322295601
9.4960019041937 18.170108366772 -7.3989243945155 34.2347035420695
-24.6643567804961 -0.311179917274033 -1.22595288555605 9.88960555800546
5.06542949047484 9.4267728783306 11.7565232623424 13.9015297649415
0.98750067724857 -7.79703207498785 7.05447250181497 39.332139619786
11.4303168491994 10.3498383580145 26.1467889083067 66.2986702133256
-17.8098163764791 15.1304234020231 12.3068881194876 36.254509487315
9.3168016207915 5.95345496659815 -23.4251839226794 9.73367378401485
-25.4220129651455 -1.37020133075466 -8.8033528766117 8.61759587160557
30.8023477655147 59.0836944415615 53.7068610429296 80.9198148453587
-2.38798860873441 48.3648120630947 37.297382808264 81.1613015438985
-20.1427485530839 8.3560952955583 -1.17206881367159 11.1643618186343
16.9041311818949 29.7508723615317 3.45282400812029 58.9614482023455
-11.7353947788806 35.056912561536 23.615416507571 58.8347280481809
-12.4989139568619 33.0474713910031 24.9831096185232 59.6355026265093
0.139682953739346 -7.01605598655998 6.91535239439876 41.5635614088701
9.69917685313946 7.96677806135885 24.5486129560823 63.2645295258206
30.8666727116089 53.7870762662352 48.7287536898223 76.6743047819408
13.8574774335701 36.9995808400893 33.895371581524 57.9806156575921
-9.16355114175773 37.3521992468698 22.4031020500572 58.4765740207488
10.575773505729 22.7515773469205 24.3738206310983 34.7346870216997
2.1009630061004 -25.7580454214598 -8.12856341905017 14.1447343079232
17.8176487485252 38.2139853889711 2.72312034173883 57.5066358813407
0.992689731847509 -8.6628345709679 -3.9895852184414 -12.6487727750454
-22.6175446470766 10.5598000442886 5.05875881735334 32.7729965800055
13.2561068143616 21.8735600445626 22.9258436200317 35.1310889547336
8.42764350606212 14.0818814350205 -12.1186325565192 38.0814303188337
16.7806137551948 38.1156238846663 38.1372281175594 60.2593287024414
3.20041081717708 5.5047441572555 -24.0544332889052 12.887242591948
10.2492007821293 10.133507276833 24.0693078306654 63.419814207147
22.2067590262765 56.0336801720083 48.805800353871 76.2189720604405
3.83468325920566 -6.7683272853263 9.23456669588492 44.0229044258208
18.2754957669747 34.7288222059126 5.5744067703482 55.9993067883651
-10.7462235017225 34.956480965973 23.4388717134493 61.1214130084832
4.24894805298259 6.64823266661757 -26.4337757236579 13.735642807161
-3.8887271908582 -21.5259002978437 -4.69782379079474 19.5834861547901
3.63269945454188 -4.16428455666099 9.92096750197247 39.3239026814718
-8.32774992760282 33.3937611809735 25.2361553568143 54.4559609906009
7.06233578393861 24.7577376646982 -10.7055776159915 34.6275480483872
0.0216293736337896 -6.30567391437494 -7.29405696336117 -14.9938177954774
4.3312809853249 -7.73056814987105 17.2128440011827 41.6908988381947
0.477906490914946 2.45538741177748 -27.1748685174112 8.83821013029512
20.2406112922613 36.2947635065917 40.0979986322467 57.3886668327987
-15.9028908674938 14.1577340636965 0.144610550661991 32.9238795710917
4.84304859285726 21.4868367348636 -7.1540536515246 36.1865327751505
-1.644592014972 -3.28655925650556 -10.2146677127363 -10.4880708908723
-4.92667602101471 -6.33918010739411 -10.725015432053 -10.6338018375439
-1.34154676841596 8.48476777667599 -26.5954904666426 13.1755257791909
19.2976609787206 40.7519493358797 30.8222896706691 60.114891228414
-4.93785014781167 -23.148660280437 -8.18942210271359 15.8768827155807
14.927883859045 9.65094898099963 20.8530432683497 68.132509498452
-2.74386136843101 47.4786475360984 36.0612225534281 79.9407799337743
0.492114633941121 4.39577485597233 -27.590066737232 10.9834602984093
14.0470682530586 31.880990301867 3.35674897781237 61.0151074327883
-2.55119390681999 -20.5961185943885 -2.12766107550174 16.3863527276832
-2.53390463706086 8.72804663457672 -26.9273631012011 18.3372296376086
29.4672314113856 55.9544507508261 53.0899617217908 80.8817426122869
12.4439139201439 10.4223237490975 23.1151093080574 64.5722631912658
-3.39586567118921 -17.2804012416275 -4.45596015873396 21.7623548398711
-7.23239572695994 -19.190976455438 -5.4444208503904 21.29885643751
3.51293586696234 -0.196567345913495 9.27925562267928 40.109463639622
3.00536060146731 -4.10584320616583 4.63691132254376 42.9101989917805
3.01810826660712 4.59787870756012 -23.244620086133 13.6894474234074
3.53380680848751 7.3818494712386 5.99659667730635 12.92929804424
3.40087903507453 6.88883115375965 9.78975819216133 11.4392475892736
6.69920167735672 5.08928061827974 -27.0557133854496 9.42996132852483
-23.23045344692 14.309159449663 9.47239051000263 34.0418541594187
-19.8540595722685 21.6803796377629 5.15319971233917 34.9055363631234
-2.10898821018939 -0.665799199533418 -22.2025798988713 14.1000693192905
22.9213757990262 47.381234680422 18.6978884326222 84.6335204853885
16.3381069868735 28.5622188243741 4.83670790027629 59.8300389685195
18.8983798663318 52.585392799717 14.2458212887665 76.7286853317511
8.94447525307135 15.4457973297862 -11.9728650805207 36.4074988277347
11.4804059435364 8.92454143431321 23.2534080509779 62.6966848000695
20.8492186223684 37.730172910873 37.9449228614606 58.4919209268679
14.6982475902931 24.8483853808095 18.0811991239405 32.8234687198752
-3.43051731787349 -17.4222489124919 0.00961959714979344 20.2176226873272
-9.14771625973986 37.2431550402881 21.2036806423064 58.361315063779
-5.00523303465434 -18.4843998422609 -4.14319391127749 16.2672319357309
18.6000763307642 32.6299822700986 35.0089107718731 59.4006999571801
-6.95978526176902 -3.87922537633007 -10.4264349853729 -7.00809824198498
6.78827506258402 7.91132481873648 7.94432405351075 11.7660436633498
19.068107404078 34.3920911606364 7.80732651103193 54.7271860335122
-24.9808521439271 1.5879209269665 -7.92963175575577 11.523358718061
-0.601610167613138 48.6387862143884 32.6472580065987 77.6486732002217
-9.68163415282958 -15.9445969923388 -6.8714869101618 15.6529822535497
14.6990952627577 23.9124801559288 20.636937005505 35.5978186855832
0.943000213223159 3.58214970826483 -22.2610252307388 10.7641030421001
-2.59392378926028 -20.9538060606747 -2.47260066817009 16.8026230180877
11.4958311704335 23.6289101687686 25.7062728365752 35.5001185763983
9.23564094289275 24.1709511794384 20.6929497113664 32.2770336611105
3.65428961247032 3.50736003398567 0.628296418222949 13.5104013284253
19.2248357854542 36.5509972700474 6.42290736115189 60.735141148526
24.8457901645576 47.0395406796108 23.2804427531147 76.1948110308501
10.4315875244337 25.9451913271226 20.830102215407 33.5528079471889
21.1063920053118 45.6166224931758 23.0536618633126 85.17700371067
4.71043532112421 -3.62253869574873 10.1857678766542 43.7943608176936
1.11948110482178 -6.90877354281308 12.2926344440794 40.5999942387482
-0.53012625536224 5.55830589921582 8.81400632962404 16.3077844301561
-5.70332411874798 -16.6863890465119 -2.76689738343571 14.4199717538233
-1.1325854625487 48.1536043612134 38.9318505133947 81.3262469816775
-10.0353396710153 35.8612783509209 21.4052594952 56.0160071221469
-10.2558820789018 31.1387058210368 24.0509342789486 57.3629518409273
18.7350171018938 39.3485890420539 38.491058780792 57.2361786094525
11.5322791768266 20.8690757936349 -8.51411462596908 34.3464871079083
-3.77477041336935 53.033807517823 34.6642455631281 78.9937093290044
27.1352240492652 52.2916996717409 53.4462846706171 78.8550158345686
13.2548774344335 19.5412779995901 18.8400466796696 32.1974365702206
10.9203392521606 23.141709082874 20.3432581061545 31.928886193951
21.3513357802806 37.6380312458499 35.1129867181228 57.5423447172293
23.2819968754734 37.3667194802127 37.9689399472303 58.2067611484358
27.610594550605 47.2566387330197 25.5609505959392 82.1302664809706
14.6044263537615 37.9885978364997 43.3720093473912 59.2742623066895
3.91328495560304 -6.49557446145073 9.29603699807351 41.8100833099886
19.3998181986427 57.4674246958185 50.2203912851937 79.9730145031565
8.01526022219915 6.84004350702847 7.65044755650269 11.4602010697214
26.9346524583916 51.2928558442802 49.6415888361047 77.8888008534574
0.53999942389075 45.2262160732582 37.1541035130921 78.9974047241617
12.4503753892676 28.154642047954 23.4884306251728 35.2783241860741
-4.61238778385885 45.5746794956214 39.7576644911706 82.1246690848877
0.694497638450603 -4.0803870584376 14.1035895287425 33.6192008929839
-0.471487648009067 4.7998432934016 -28.0532811649994 11.3571554814838
-1.04221070798225 49.3991447911323 33.3410586240206 81.7884372921954
4.35885540024867 -5.28271766413611 8.75364402758961 41.3525040647912
18.3714480810184 36.1119316561623 1.3594191386807 55.2794204850133
16.7853853450526 34.8819578833979 3.55874205055591 59.1273574258827
-23.7633464712137 4.97023008102944 -11.1395794645398 12.3873946002589
16.7636858089298 34.4208437033244 8.24416552006418 65.8298704713876
15.9422310413568 38.471096059254 33.166007084225 58.7108319669342
29.7758707617849 47.8855583523112 21.0778600197553 83.9761553167623
-2.17764902368346 -10.5743375872429 -9.3755191307353 -12.9061076214308
22.6332615493032 37.2355661247294 35.6270908250599 58.8513349528603
-5.19468681559524 -21.5923512976009 -6.40699743499854 15.4757333288423
12.3468060606149 6.93851739201464 24.7772749482541 65.7776817469659
15.7919316368608 34.3984354781022 4.41100873754871 57.8597843323337
10.6401935438063 21.6874824095696 21.3401762262601 36.35705271614
31.0709386993706 51.6657154170256 19.6108735838309 85.6879391384418
-22.800898524431 2.69131369985614 -3.65365961152 10.7494989267892
-10.7896978352785 32.3010070983278 22.3558127045587 56.3925286232027
16.7654124482485 35.0270896019662 7.35508472719682 57.0920050678909
13.7963675984298 10.2362615823822 25.3872544985451 62.6506202648717
16.9455120657253 38.8441637080866 7.5206880658609 58.530454961312
30.3424835883587 53.9584533699168 50.3987554463914 80.9434198107734
3.14920596648945 -8.30396239038959 7.42292804081427 43.9907188083296
17.6263335162797 59.9007178344641 51.4018600607811 82.9989219728582
-14.8328272374798 21.1312025076234 8.51742903958841 32.7757725779978
21.9825097190422 40.5166489635234 37.2713784781194 56.3244574731632
3.38908168547709 -3.04083640648574 7.7228195536664 39.0729090800786
-5.31806308771314 -17.8691825756454 -0.648717976629333 17.7951009384308
5.05818934712383 8.80453330646812 7.92526316524937 8.58820150102076
-1.23655291191766 -3.12775241623051 11.3265665787847 44.2998049198884
8.75801233962086 17.7772587374402 -10.6269219933586 35.1775191886278
-0.393854423488492 -5.14892478108446 12.6962642298407 42.791861376694
-15.2532702705617 20.6777834897937 8.5468465458422 36.8135891736581
10.7928593966374 20.5704316144187 -10.2503885537742 35.8485641946323
17.7824014777852 37.3830336815118 35.4146326476367 54.5809465568795
8.91668796174854 15.0572873480683 -12.3467301803151 38.8400991766894
-6.28676582741908 -23.2730290349114 -2.70721883934982 20.6788948830987
15.0772658002265 12.980691611962 28.3033597074236 63.8662632522341
19.7130080442735 38.5175746957984 35.7525150171697 57.80206357543
27.5346753918506 46.0875736242968 22.8669866497523 81.573382796351
15.0302732791281 34.0303786309883 7.40017072662964 61.6302841721042
-28.3398922494921 3.24990536748383 -5.13035680904223 11.5648170061943
17.2022866134564 36.2027095784383 -0.459333608668287 55.547288689664
23.3017150834267 45.1330416544406 20.5155152158167 80.8111063863721
5.97312995643154 8.28025715205161 7.51469966768995 15.0673561195003
-8.57729459547669 33.5918213782102 22.5776370393296 61.2624294657086
22.3997876659923 49.6587400677502 54.5020006841476 79.8814644957108
26.7455480721126 49.9220842157702 25.3995501906088 83.7559633096582
-1.5859363481624 -22.000166809236 -11.11354783513 15.8568458704079
3.61145152478082 -6.24356835204617 9.67504774432552 39.1485075298405
3.70278368581509 2.90673488488905 -27.1635676835037 8.91547933612418
12.4208165570648 9.11330415443882 20.6176005544085 67.6185290425423
12.6041609923485 23.7794772724341 20.3511917563177 38.7492824845912
22.6267783479278 42.4955827109801 35.6421703114799 56.5714493228056
3.02461069542997 -2.39145339073789 5.24140340844696 40.4734752058897
5.29604519885012 -3.40635881581044 9.4425117870704 42.4913782518402
14.7612000059579 37.618797406544 4.81966897078216 63.4569072240363
27.1812813259123 53.1981536786303 51.5114963722025 83.794224797863
-22.3126692465902 3.13021308559836 -11.260730403332 12.6274836947065
4.11330295522399 -0.467628002655734 -24.2155948676077 14.9554198578183
-0.22762907028515 -7.14448501065078 -7.95185352052521 -11.5663164269611
-2.90003549988931 5.7898909658464 -26.5421068483031 19.6247159013058
17.7598337549232 35.2968444374209 5.00917452268436 58.6544850457878
11.8408527339917 20.2055596416077 18.8409329008704 39.7257049245494
-13.248828306104 31.9081163493644 20.3151141755865 59.4344537600832
-1.73778850023427 -22.3412102745141 -6.98333447947704 13.0145895612269
9.7997421825198 9.19094879708482 33.8126367041543 65.2034890220299
5.24920030889881 -4.90705035603747 7.31010990837189 38.6648535169852
1.11932241537579 -26.0504222870916 -6.66011688304332 18.7023555691345
11.9172351725247 23.130281084508 20.1474189006649 34.6548283797348
30.639447697757 55.2373426222275 48.7106695718373 83.6642352965015
7.67913568835942 4.48987281997349 -23.3873638255073 11.2366772490482
-27.8870220643372 1.5237868892747 -5.19579849363209 6.88552396790631
3.43003438801677 8.24644456164475 12.5144412278929 11.9842901645381
-9.06338769562491 32.4967099042698 20.2035356233941 58.5937521152606
-4.0506585900064 -21.1871001701504 -3.25218550901226 17.0025077358555
17.3425980702362 37.5076505192542 6.40900842129962 63.4614845778089
18.152665796198 37.0331520406717 4.54377676904255 55.3041799999127
31.059293160373 58.2307538577565 54.3949637418648 81.3630924704879
3.27935685743208 8.49369167888806 5.1817565847116 13.3101617010728
12.3361414498129 24.2823318639733 26.6810368346267 31.4131677220921
9.05819030271669 25.5138093068869 26.9374823155991 34.0859926374836
-0.567779967824338 -6.23227040484981 -4.27606700700027 -8.9225299533271
17.1769343855322 39.3154366808394 4.77096847174412 55.3234094767403
30.2643127220597 49.0941995529068 22.9322695958421 82.4502754732448
19.438163246519 45.4037978827206 20.5692209258469 82.6251902941587
2.27671797247016 6.81050797030776 5.28957077716603 11.7053508280572
-10.2732794337053 33.3322047468498 21.3460111396848 59.9723227771252
12.3044470776843 9.81052708268826 26.1480679966076 64.5656473873346
4.02979530806316 6.59574794544183 7.39356882858025 14.1828495634609
4.83852799988485 7.46040950801102 9.19804725932885 11.7387129343541
3.45600518401611 8.0101584507994 7.58024216636159 11.122888601427
-6.95165128752002 -5.23008022921092 -8.27455162758411 -13.4551692445527
-17.646478127771 18.8062110930426 1.0074437540217 29.2425335575665
-17.6821589091505 21.2273736576186 9.77976563470345 34.9279247543292
15.01325990187 36.6634600518148 6.57178555029053 59.9151249143692
-14.9720377475691 13.5271258790689 5.58613340141545 29.4037632129442
-10.7949346363789 31.0494380797288 24.4396689808877 56.1825060215427
-6.468377472841 -16.2714707262964 -3.9848147187356 19.9636584469546
-4.89385145421865 -6.78324267672495 -7.07455367989067 -13.9699633996029
16.5021518588734 38.9280325844866 4.45115725179557 59.0380037941573
14.9956074439034 29.9612900491446 8.22283455632505 59.7588139238789
-7.31256642369857 47.1329082195149 38.7282238841357 84.0421915998451
-0.66905458342771 -6.5296541374149 8.51301195798732 40.556568189629
8.6240442173394 8.26485735669586 8.6877593964455 10.1137377447252
26.8272014786251 59.2051129703545 47.7492826400192 81.3011963739072
13.9375138061636 9.56428714835246 22.3123534866882 57.4727327868075
11.4927389100136 9.29898768217503 22.8387286829626 61.7315189261525
-5.43894744358454 -22.4991092455492 -3.82506185315646 17.0166020320507
-8.79983261483255 31.991089557919 26.1910099614485 57.9172064859313
30.3768310981832 46.4719164412188 21.825953700124 80.9214318752547
19.6097417961662 38.5472952033995 39.943474432123 57.8048410598966
18.1099870161137 35.8767936152955 36.0798840237336 55.5780365285652
0.542487226470073 -5.34732536691416 7.82143580057985 35.6473799417272
9.46890618307406 16.2798583475174 -9.92206725364553 35.6991114685357
-5.10890817736442 -19.4260135946491 -6.56493227008002 18.9778707682991
26.8435489509432 52.393532716894 51.6584757944957 81.0724705650891
15.5978012648872 41.3345478658086 39.1098845824395 63.0981353991591
18.1777290743285 34.5025438127049 8.84298108801014 60.6762511906169
-24.8219581264823 2.16971209247358 -3.62679732480006 10.3029855993666
-7.94691562330155 36.2706032870298 26.812063995337 55.8063650116894
-2.67438479848647 -6.12368563433777 11.1307617099928 39.2017899143816
-19.053624519698 11.4536031475403 11.2216011310925 31.4681927699016
28.911413429185 59.2078622867845 53.7302815410482 79.1186378069567
8.16105191101693 -3.58847027225816 11.4200747352438 44.4693368260696
4.55066214366069 -6.46775817698192 8.92691045176208 38.7053997048531
16.0542440641784 9.8433114236808 26.289391558428 67.1588294548389
3.98712192261521 -6.83916193077698 10.8179080293851 41.1522851652926
20.9964004450433 48.9796100570359 21.4360647769061 84.5333422830029
1.32570448542728 1.53269572325612 -27.06283573492 8.50899370699678
24.0752519715282 53.6003201007871 50.6891134823739 79.9143744066625
6.19536685953536 5.05668967159331 9.17786481243422 14.0140487254354
0.954658706183739 49.8235033812949 38.0744490513911 79.0349874683032
-19.4864133474953 16.0835268842458 3.0160769776798 33.6321338384718
-2.12659342139613 47.6087939735458 36.0450614678823 80.3218995781211
-25.3756261742009 5.78280854354369 -8.69119931508638 8.85102313793337
8.37272986002242 12.2870058998077 -11.5217363892459 40.0876958084649
