x1 x2 x3 x4
9.05306373046312 -8.91948754854481 -4.91961685624021 0.245684556797482
-1.55990535577338 -3.30318620073455 -3.76208755976724 -6.43133182146599
16.0514348397851 8.83593255965583 -5.48914156017975 9.64614383428906
15.2008396293381 8.99018602947465 -3.44906081225275 12.611986626537
1.47784860405172 3.79320773280837 4.708255799313 4.25541111918463
5.26432528527652 7.37918243459366 0.919239308298692 5.10430445934757
20.3757240432166 11.2396439829779 6.00688259573389 -3.88314860886176
18.5801737874439 11.4545191536255 8.39545512824544 11.5034442296268
18.797018912974 12.6845858953174 5.96503234075663 13.3941498259807
7.26852816287388 2.20262181488847 1.56142296969752 6.04882702815579
17.4954505809548 14.7051682013391 9.54745202133699 10.8705599309371
8.60979603964473 4.19089347891348 -4.4423320059381 -1.02641057017788
7.03003966934649 -12.2105495471407 -5.51180816035694 -0.792812284565553
17.5139026044882 13.336061865247 8.74770619378259 12.9740588250231
7.1639460696547 -1.01727752096444 -3.80952917210853 -11.099662721833
10.7155358172541 -9.83302851664425 0.926237053488705 -1.95840982205476
21.6452987169436 8.3094143452551 1.42534995251759 -8.15382543891024
18.3578934053831 10.0359222267823 2.08511122543841 -5.1799357305109
16.2514342463956 14.1969338043562 8.04353533909503 12.4498769643161
19.0971650112556 13.9387238285213 2.46263711874465 -0.750648331067593
12.2289513940019 8.55155945702789 3.0290131313701 1.34887648088399
19.1535904719306 13.6585534326931 4.19914969282081 12.0143014997615
17.893865208519 13.5353262195773 10.945041530323 12.3621575294137
6.72412979750883 3.98696839354943 5.43481671975487 -11.3496631862884
18.8509034837242 13.8492608482676 1.63110660518864 0.234118547962424
15.4705388752847 11.7936667403863 10.3372740228821 12.7738510666033
6.54117232468673 3.09712438428759 -16.993640127426 3.77457634116889
8.21703011196635 0.235091964574095 -6.1040408148381 0.808527620076791
14.3291641766225 12.6372508807337 9.72026741259349 12.8960125843757
16.1782692984629 11.7229975548884 8.39596201759989 13.7298267778129
15.7854101603334 13.3735155509807 11.4836244946235 10.8997254813815
11.9395173780742 -8.05522834054775 -3.05044768376957 1.74414074146838
13.179090290997 10.2595415250733 -7.12368246039171 10.8754532919379
20.3377995011255 10.1023156936539 1.9534367378398 -6.29885302193437
-9.0487650567005 -3.55071644712541 -3.19913258874074 -7.1141224259698
3.54982387890673 3.19488083949568 2.73356287420436 -0.0953142951757648
17.5976637739835 9.09231553040787 3.98472086362026 0.909045207616744
10.4090080926682 -11.961794577659 -0.991815534013465 0.0318379387471789
5.94151684888059 5.50637689301891 4.8400637849557 8.62198392846188
9.23554114687418 -12.4326319135537 0.645007238759998 -0.627149714662957
19.2446941849388 16.7081391054688 4.66085157918594 -1.41350515537798
4.14577555717246 2.36794962520201 3.30621513243123 2.16426027495167
-5.11828666008995 -5.03696787551529 -2.50987241490182 -7.49151014340869
7.07850621888587 2.21066620451136 -1.79834252646774 2.99813101830494
10.3881980722904 -11.1405224874588 -0.273045074356494 -0.805545585380277
-4.37930582525915 -3.19613444705954 -2.96157363542926 -6.9548383388644
14.117303784595 11.8336314166463 8.35607141588342 10.4802537339431
15.2866932806126 9.33452630471818 -7.04136562106493 11.9112948125529
7.65029342254364 3.80244386832524 0.0173843801382105 -2.53562957646674
6.0386601003438 4.53834512369978 -13.0955829909216 0.554122362702375
21.6351296758375 6.37118749550983 4.82567418973481 -10.4087465178
14.0727688378293 14.353183638594 7.59278833524651 10.0689763620946
12.7001124192703 12.6603277809759 13.4163847511988 11.1164630045703
16.2293568426504 9.41604692738733 -3.32023824352404 9.90750124928839
8.18478981740622 0.568070557605874 -0.823684211396716 -11.7177359169546
16.6901171699222 11.6185605356947 8.82712968587993 13.5555556050318
9.46124120441344 -10.9245106110493 -7.60090763796139 -1.16110273602663
12.0459695970792 -11.6022214447568 -0.6230631446865 -3.83004127488425
-1.59627351785555 -5.9301073526156 -2.47530517921882 -4.19172729239764
9.50165715249169 2.2219937197061 -10.3588077179462 -12.9552450927095
16.6137779639667 15.0102785318382 12.7318418293259 13.6702986412174
9.57660757191718 2.21137948188406 2.55156105469397 -12.1666526185727
4.27252159553635 4.59254638737855 8.73408318706885 3.10952420993679
10.4075985109937 -13.2407572704157 0.378209635425418 2.58199555933035
21.2889695562472 15.019361187048 3.60946602263538 -11.2284038703457
11.1639344827209 -0.264506115655699 -14.5143278970403 1.89178092285575
16.048049431258 11.826353886377 8.71964692975211 10.2260108865599
9.97556359448958 5.16414750845283 4.29308501011711 1.95361651510757
4.07286943990317 6.70976004689197 -1.57721910847176 5.59731253638158
12.0304212721915 -16.371940986175 -3.36802317638931 -1.96094963324942
9.5105625928542 1.08195554330353 -2.74571172447686 -13.7888503556122
12.5672292963226 14.5570165590219 -12.772812937778 12.2013966619986
5.70976422509282 4.6259333207492 -4.64296176976092 -9.61226266435195
9.66173468225012 -8.3736319151859 -2.55633107904879 -3.19301242068019
8.41243311208203 -10.7215773489524 -6.23250945105516 -1.2409616759364
15.4261678134042 12.2189591815234 -8.28457982675255 8.04253021071792
13.5290264561273 9.86660003831094 -5.02298385928598 10.8951773620997
-6.26922360022388 -6.73618904358798 -2.59592986210873 -5.2023551786853
13.555540157448 9.08419067213169 -2.74476951633841 7.84967887331589
-1.44234429115148 -6.62357768781937 -1.42753162457987 -2.66988876358257
16.8465121809482 12.7036089887173 11.5673350919211 12.3816001547712
7.61061417489305 -6.87574032764041 -1.76419756268801 -0.387734205207613
6.78023780465803 8.14855072907873 2.18365826388626 4.1384821560678
8.2868535204396 -7.24987598493658 -3.41890042116868 -0.610365265699534
20.3840784109873 14.1181095086185 3.63296014618953 -8.16297377269631
7.94449088038477 -10.1333193821095 -2.90234316582553 -1.92461518391497
18.3034810595265 17.8253584976812 7.04583760544584 9.51081781743733
11.9915078805153 -10.1010334213322 -1.14839075371212 -4.13498464298242
9.77670193175096 -13.4277453307623 -6.30729548603149 -0.668047419071542
2.20768733162185 0.668600818506499 -12.604203403602 -1.1003782393281
20.9741327837072 10.679071320771 3.51382129493927 -3.63315208611175
11.0650323964424 3.96184835338102 -3.51989190442946 -14.4374333068401
9.64569878173974 -9.33175941610584 2.14327748009009 1.61372402390586
16.9673002389087 14.3631515594136 -2.99118803920536 9.49374421777261
17.4224169533168 10.7283296706112 -11.6509866056724 9.3680434673535
7.07081204781575 2.91200834749943 -16.6960001609224 -3.21325199035433
19.0563981494643 17.2877268392061 -5.42839230054718 11.4346938926915
14.2133750288186 8.07173213341989 -6.52836224171227 12.5765857381212
16.3284656339987 13.6538313452501 6.01450562630704 10.978747383584
13.5816112780128 14.4708117886521 8.15748802670355 12.2018198069068
5.39589866332087 3.65632833032195 4.57884456447144 0.120307018487769
14.9033743099429 10.9842286279829 3.21598478681955 -1.58161561837445
-1.92571260878116 0.531353214867389 1.65810853051717 -15.1879115131
17.9182746053021 5.89305451383847 -7.65931354838701 10.8651307828622
10.4732004974192 3.03460344829089 -2.68251437168613 -15.061665726929
0.367219414593079 3.00179692143382 3.2926757098603 7.47284849201829
6.91125153595035 -1.01240317982832 -2.60275155808277 -13.1001432908565
11.5605315361796 12.6801667417293 8.70131706543456 13.442940007763
12.8104538892399 -13.2929947073462 -3.70047505599374 1.58826139813603
16.7126418709944 14.7166561253446 11.2692866248741 8.45781656279662
13.3481193840775 11.1487615907385 17.435480839173 12.7436105193676
9.91087531061008 -11.1420776368466 -0.77354930359176 -2.01044716381519
7.64523382516373 6.90304475620227 5.73856250057227 7.74880184687671
18.3502019948115 7.5844715019643 5.8880867622188 -5.29493532516271
14.7930003450876 9.31909686313739 -5.10939104022568 9.64346196070331
9.52956786077645 5.17561629396064 -7.48032777900219 -11.6871708715031
17.4469082399055 10.016395404855 -5.04973952880858 8.01242462207744
10.1075755307204 -10.2994828917688 0.728609473932232 -2.09988232075275
8.10877095046402 8.35089482110297 -0.638001279385524 -10.8143778004614
13.8201660118887 -13.5564392038914 -2.4480490215191 -4.96241890554009
8.44370827783619 3.3379340953914 -5.31814287128666 -11.156030547243
7.0234583739808 4.3847604473032 1.13179988078549 2.43565683759867
13.7646207507167 -10.5547489935168 -1.74488975994779 -1.44238095805924
-2.85520718759782 -3.47005167548143 -3.64576076382577 -4.34140563576395
6.06549017628874 -7.13345260896298 -1.09445066436643 -2.49551463122203
8.58329326894215 1.53773148661251 -13.2432970282119 0.892064498904362
17.7116042344523 13.2060939295088 -9.30519496446499 12.2777719700263
16.6413862715112 12.4677970356391 2.26808895415347 3.29786196146932
9.13148866507974 6.65110023146327 -4.52767029568622 -15.2685786183438
9.20720762312592 2.4117723137959 -2.94318943528783 -12.2941566850659
9.98009219393653 -9.56690266412487 -1.62970115262207 2.72821308517094
9.20028158364624 2.04257356938399 0.722684328879758 -10.8869077372095
9.70595657668786 -13.2677311035991 -7.12037876343983 0.4314036437516
12.962162969398 9.93296687168439 8.32489440605654 14.968034561447
16.1000672148136 10.9124978120492 10.2757835620293 10.237839008527
16.5889007005028 9.74261700125791 -10.5397561725074 8.98567664220708
13.9871657168019 10.8875175638348 13.6124127478513 11.3211657908565
7.99029409543713 3.59956466291312 2.55783288480188 -1.37901912563122
9.1346123038664 5.76451804036685 -9.40339829703501 -9.93944862442693
12.0146169477151 -9.23718990943298 1.40891480040532 -0.913030033752117
9.8915250079279 -0.912070233291709 -4.49951009426903 -10.6892698712917
-5.53854242978078 -2.1913590122997 -2.12024982686238 -0.825380250878913
9.3028504935899 2.3238291439181 -3.38145284130373 -12.6629935835425
4.34997323552467 3.47082466577199 6.19815709180331 7.23895258172955
7.68822793105784 5.9273870901702 -4.71676328993191 -12.286473907024
4.99947658066913 6.75204922913148 3.86206610976847 2.28893963784746
15.1480238484416 11.8225059483739 4.20389035561514 -0.894929340150572
9.92358679850342 -13.2331879775813 -4.08132902781979 -3.21364078470621
15.4541651330698 10.1296260663172 -7.14283211635517 9.09402801913149
5.06037985202392 6.41191364265053 -0.00675603617832321 3.65373111186411
18.5195181341246 9.08384658890074 1.86648272212959 -1.42577897744252
12.9289100228216 12.4689812879552 6.14342042098454 13.5361751084941
4.04600788556517 -1.24936161307763 2.6307780071819 2.23388488897112
18.913983077751 8.4357513400362 -2.56533837385265 5.8722392053673
-10.7004903532861 -4.02198626114166 -0.803631446450554 -5.68472274865782
20.3533652026409 7.26944789994877 -4.37536473160829 7.8472077952511
12.5918323803292 3.41843314307968 -6.59894269118777 -10.103434364641
9.04578895526154 -0.963119639565246 -13.6270672796797 0.00240508802542871
13.3911287262083 -13.7029472548353 0.0738601906877543 3.59376215953393
8.16846760524753 -12.2074076921083 -4.46262631306328 -4.09763462844893
-8.67023797370072 -1.45171987030078 -3.71915699193003 -4.08841816886441
9.65473207250174 -4.49349837718395 1.71113789429385 0.805120484337296
4.96693871617951 -1.65184927704635 -6.70756360734466 -2.25142001204588
15.7076074334542 12.7206325643707 -6.33910153314471 9.22331758448533
18.3403943285105 3.98570282770195 2.02720466626753 -0.84222219565492
12.4318364693872 -11.1741045517171 -0.79053692639158 -1.1043161245596
19.7757373557437 14.7180035148409 2.17167200737346 -0.396746031752668
17.3239328254706 10.8367395370176 2.82560099446963 0.0692900159964411
6.77434436318986 5.69605769781638 -3.49537466335457 -14.6247285493283
9.11697475606814 -9.42606221768551 -4.47496466717242 -3.57056156249465
15.6225857032651 13.7167915467913 4.29776866977177 -3.88094091272234
18.6771633893294 9.18022086012003 5.072447546547 -7.63196671574005
9.66616886408091 -11.7485395561743 -5.26002517841076 -1.99297231569598
19.8342685322515 15.361903693167 6.72272874452728 13.9715429612615
17.2073385054184 13.419941965625 8.59573414652924 10.5517077933013
8.77656404295684 -12.060180153775 -1.97228728850093 0.403299822371743
8.77720883066251 -0.64011466409677 -10.4941002837187 2.38999264104467
0.8877218173946 -4.59519720064718 -16.0563104183228 -5.1543546277934
7.82333400630565 -0.879102403253919 -10.5844858479482 3.54071870427141
19.3130793735183 15.5786325031429 -5.78877997989543 8.92136403019434
5.61716592931025 4.99986119254647 1.1907768596797 -12.6899884959078
6.25563531295776 5.27955819543428 3.64174625864554 8.89911149239845
8.59863385822475 1.28478992691393 -2.05889420605532 -13.9579212513306
9.50425688728899 -5.61636919521416 -2.34484537356868 -0.294263119621187
17.0578162464145 11.7926263245555 -6.55440674619871 9.3760021014076
10.3896445599779 0.612441686821316 -2.32687245796714 -11.9518143401741
4.05955871831577 2.43157387509988 2.74934342688966 2.75892637848779
16.2122537589942 8.30360372929277 5.01034183088492 -3.47748737303786
8.7281909334332 -9.26544882278817 -3.00946145570431 -3.21521465994313
4.71352263611192 -9.26562274501758 -2.6193164016612 -2.38220367515591
14.0539154892055 5.78328961187524 -6.37643526336269 10.3783039283607
4.9724353363898 -1.76466677536533 -2.70723881442251 -14.9861710311122
3.73797864902838 1.99859258280561 4.87150393315334 3.66344039892298
16.2416407716198 11.4645462568522 12.6053351719688 9.1766390888166
17.4382784317727 13.9519809621348 -4.84197964107879 9.28278022114102
-2.75100950697364 -3.11269510087987 -3.32715787615462 -3.73286485808037
8.15726472286429 -3.70875666653175 -15.3453024809215 -5.20557144882144
14.5907603065007 10.3312239952069 -7.06365159359544 7.99579937330719
16.195182932728 11.4140332325328 15.5282574985738 10.4414879082752
16.1857060283763 9.23898245500705 -8.47036787477629 8.85997031962464
21.3147092054963 9.10875236241953 -6.33966315316929 11.0245731206786
7.34817468314246 -1.63213125827902 -2.59711778780727 -14.1174212440149
6.63662098618638 -1.78022177062282 -14.4372837889169 -2.39538126404621
16.799204412452 9.8695871892654 -4.47834610641549 7.06640693107398
4.92849363429824 6.09899075544889 2.86659410909394 7.17283999038789
5.957573062195 -2.73774177961258 1.88762545842231 -11.9045273151325
17.4120546059708 11.038206536958 4.77314710022146 -2.36008659189933
9.90980669526274 -10.118245193207 -5.63566780512047 2.11973290964346
6.27488524118527 4.7911185943423 1.73752000620189 4.78952326565325
6.35587957938279 2.7672897492188 -3.14092256475973 -13.9971837120816
10.1431110976966 -7.48957810330643 -5.8926920485435 -1.74799901792336
13.6908168741921 -10.0265920091992 -1.70429560306342 -1.26881915361641
6.84253415593221 1.2017713962868 -14.9762701770641 1.20785090440235
6.51721583952129 0.678815117314803 -5.39348147069408 -11.2847455564901
16.4814688291976 16.0775954488081 9.74578880877078 15.9337647450696
17.6440861611899 14.844923746507 9.56200585733666 10.5188907844076
17.381552737672 13.0094898205228 11.6034071502727 12.6865812543877
9.16006843292675 2.32706492140259 -5.8542972481932 -15.3752997510482
19.7330664770377 6.63608625005684 4.55951330543541 -5.33618566984919
3.46110653188514 -2.43302851772173 0.812401916258617 1.42612504402399
7.35166533517923 5.46406157912376 -3.13285105656825 -15.5398834701411
3.40920921083338 1.99716344559129 -0.953772049547029 -10.4519285502699
7.1851150537479 1.55452715147675 5.16443260044825 1.41684333861024
5.62373758159822 0.057689337370002 -7.98273486452048 -14.3710175527026
-9.21310464246956 -3.40730070911974 -3.34316554165477 -2.91427876948386
9.87986861581518 -8.57162217871239 -5.85355356714194 0.0585610652219414
5.64306792321424 2.33847120255922 -13.1800746325685 -1.94613621029772
9.07218462796999 -10.8978510231237 -3.50132770541376 -1.1870419153891
4.13422579921774 3.57187043240097 -0.185482837296519 3.11405290606177
2.30497865862192 7.62226444000553 -1.1741503430863 3.23242071325317
18.1250021009537 7.54984755583274 -5.70648927294211 7.41765844506644
-3.67518558043722 -2.27402675447934 -2.98483061534934 -4.17307875319274
17.588545997174 11.9924809983899 8.09136735306505 10.9568780804268
13.0936943731231 12.5985667072343 10.4993801411073 11.4861847951516
2.32680961362777 -1.11345293248109 -14.2526786839833 -0.323946557053199
19.9974543924309 9.93902895323817 1.79665953154976 -3.0039331363715
19.2118680643034 7.28832291212787 7.32198774220437 -6.35437790994998
3.84944293986547 3.51324358239796 0.415725524099957 5.61789854776146
15.1383452627482 11.4188333143191 -4.56597858506266 8.01026499771915
10.7782212747084 11.6502247088725 14.555783843435 7.58561740787652
7.90708257604662 0.621907174292016 -14.6596326875112 7.2672362244733
18.7156316862625 9.16205235346355 -7.93018670380387 11.0076804699859
16.1898058489007 13.539428212116 5.7706493206744 -2.63039243101337
12.7075234585575 14.4026600095778 8.03412837516605 11.5047988326105
15.0213795267716 12.0131853399732 10.0689761680684 12.6396228525514
2.29819020091852 -1.98217502577782 -14.6311734189081 3.52724184648939
8.71720076912927 1.4223625016901 -0.431862671013846 -14.7105148432982
15.2600260978592 16.961867280755 7.04517201789722 14.4722875578833
15.0226017077434 12.2313195961976 -12.1973261597235 9.46237233090243
15.1915830105287 13.8930730047492 -7.79734923390171 12.9231074397917
15.7472951689306 11.4818697976717 7.65447794065476 10.0697197482597
5.1664517431601 3.93831224651795 1.43332941509254 8.9531413764498
17.4107107862411 12.986269187863 -6.73573856875874 8.6671701633824
18.8803733230614 14.7177148433058 4.26389316493473 -6.75371329432318
19.1120002630312 11.9366212077491 -6.56315846055909 5.79912545734305
12.9587942585079 -7.26497655920199 -2.03541063028837 5.49804004469043
19.5337058410291 10.8073441388367 -10.0372901324296 11.1607574668259
12.7724602051497 -8.09491361583994 0.966935986766182 -0.611781737124914
12.1313359219304 6.7755689995552 -7.94337585596048 6.60001893999272
13.7339054906785 13.3700396293578 -8.86726325089454 10.409802691176
14.9193671141026 14.3136235562562 10.1324995644443 11.1411725827925
19.0436137379877 18.0519183490029 3.05833863160099 -2.50130686528805
14.3489169941286 14.70671978933 10.6769073819869 12.0365519366365
8.99659152973627 1.35456661775424 -1.77123565535736 -8.97499557745802
-7.24308127756495 -3.3603155856045 -2.90268273111828 -5.80424802908076
4.50253970586001 0.210519860115262 -0.229268470484499 -12.5922978915727
8.59583289035528 4.51094311632017 -3.6969995082198 -12.6418547143569
8.51471633412822 0.200208925617388 -11.0498676986405 -0.0153713307387406
16.1159586382544 11.2072925902632 -6.92806944226488 11.5598134682092
15.5625012720102 10.5221970873914 10.6481914922296 8.18597618887316
12.7031570177298 11.7916352987504 13.988698631076 10.4941117281132
-2.86874387509655 -4.83112749165809 -2.96194356399431 -3.71518783828093
3.39042209757865 4.34581426485731 -1.63646980099506 -13.1717508741959
20.9914268736474 9.45499858103653 3.64762227180191 4.77382129247909
9.20083591953602 -8.18978313521435 -3.01573134772541 2.43318161288098
18.9501375086608 11.1332214721457 -5.25403872077655 12.2082945816721
5.85137818991378 -8.72603184327401 -5.36595026910207 -1.86913544169095
16.6427965507228 11.5678819900362 12.2786288867655 9.42284800784122
-6.74043910509069 -3.99492485018252 -2.54141500121734 -1.70359370525897
3.89863227616381 -1.69391602587024 -13.052095241652 0.899683583683286
2.74407866593871 6.83619479258958 -1.31556180071786 -13.4460349191179
17.2780614650534 11.2977365396471 2.29051821056672 0.815022344761634
9.8111511478218 -9.42796284705661 2.71370483163837 1.07180324483391
17.7541654491851 13.9524630156258 11.6512415963165 10.9056387597525
17.8989214368226 7.29512977084677 3.80873796406965 0.0862302993460746
6.06892485937204 4.56421196420526 -1.0158842104749 -11.7449773543417
11.4677211373702 10.8844019769518 10.2457776238084 10.005194622875
6.30040840438187 7.68091586541077 2.57972660566464 4.0989290002653
2.70000325823373 4.49287261860365 -11.165413916921 -0.0562879440625397
9.55597437695701 0.380548732979344 -15.3411633567085 1.34342926996617
17.313288789007 11.9851003193591 7.55969385696824 11.5552892867613
5.85020636470714 0.0609369407102438 -13.2334676191022 1.85816044799974
12.1605759563089 13.3658019817846 14.8731158118227 9.45549384377784
6.98680746911149 6.97730164564745 5.67476890308733 4.32233121748678
7.45848525520743 3.82172894572791 2.37862946332896 2.03496069730307
15.4065593663169 14.2274725171799 -9.15263675640916 10.9510726829789
19.8806858188386 16.0735447451157 7.688160509263 -3.51161185489841
17.5646929391745 14.0438207209218 10.083707988904 13.866192313336
5.2154199631435 0.235947582226197 -3.56958080487644 5.28369320324993
4.27098147170701 1.48257872312019 5.63817656863662 2.23604965191081
14.1502199737501 13.7355292948524 -9.3216318517951 10.8138723068263
16.011029765143 8.61743982989272 -8.6858938880197 11.9627613917952
1.03965279822827 -5.90892428543213 -2.08193580610025 -2.17946678283808
16.6678998157201 13.295174413104 11.2998099647309 13.204865481725
9.74591298550523 -9.63361009711906 -3.01080034946207 2.6951431909934
2.34305642256076 -2.07288893501723 -12.5139283639995 2.66127269671263
20.721581549296 10.1642419414143 1.47317187457367 -3.14136490190393
6.36082222676947 2.29833237298687 -11.8995559613809 -0.522581432574956
15.823582540755 11.5259963390987 11.8149899515362 10.4991777538386
8.16753263650842 2.21333627441852 -2.28851546021229 -11.8374449833153
6.4588211574078 1.06909144763742 1.06309725526053 5.006386489073
10.9510423471746 -10.6602031353302 -1.72432013869347 -2.67584837164352
17.1324689861836 9.78222929932823 6.31853207840718 -8.48134523338045
2.44294809344832 1.58239396501975 -12.2163650100831 3.70552110798808
7.67821045045786 1.07933844488199 9.1198434446673 3.67185699540995
6.76717505226112 5.39955375246741 1.45779879779835 0.400172511145456
14.9987207826434 17.2715757304524 13.6321596067731 15.1808839031421
-6.6176706125108 -3.96193730058144 -3.6690084134099 -3.32241033015082
18.9876954713689 14.6142792718535 8.4683842209201 11.5311877075823
15.5253678959587 15.5705415914426 5.54204827617805 -3.02417406564716
20.1104395192065 13.6342105542854 1.55880153672384 -0.381639350205641
6.63838967186939 1.55418214180098 -14.5698762974212 6.90451372669526
16.2666110078365 14.5642809031132 0.912490225089974 9.35468638726872
9.52864683021724 -1.52678739471755 -0.79244185865077 -9.54843359767549
10.0102747077843 -1.83566677986799 -3.21704153399805 -11.0501106992986
17.588530778658 8.7327328093027 -6.1341254869623 10.1589924861859
9.37570425240528 8.30008017238181 6.13371318616803 3.91868414917459
6.94468169849656 5.25513695443802 1.98609891361586 6.78692340415323
10.5816730502499 12.7752772957594 13.081939729591 11.9374311030628
14.3616367542793 12.4731796303248 10.0049110038927 11.8619195962322
17.7703089147459 8.85289680915237 5.44729354114113 -1.14257984208294
13.0325214569671 -8.00874858342714 0.405955513157246 -3.51700928656588
8.00787527360604 6.52160288819457 3.3524652197429 4.13497772305864
-10.2807398955533 -0.760066441721525 -2.70362922343004 -0.910417146365188
7.60521199603242 6.1529719756099 -2.40581568003005 1.27953216031562
19.5877124317842 15.251558710508 5.5285518603757 -6.43702996044707
8.61904612885443 -10.5993766364095 -0.583327554189716 1.11213379274515
12.4811160470105 0.164401253589576 -13.3453029765684 4.36478637123843
1.37097189972901 1.61640001776774 -12.6677973422625 4.24434419624227
11.0888235655779 -11.9744585628556 -2.90395509078436 1.28238694352844
17.3632560824941 12.7390056021125 4.346309339477 -1.59611078434803
15.8990936930386 10.8307589756654 7.77399328943199 16.4028766600628
17.2663387428236 7.0598889835061 -9.33145660172855 9.03680542143164
5.6188251059364 5.58711564306996 6.07225103012632 9.13466205658439
3.58803901989863 1.9042204293608 2.61898115502254 -13.2912557822586
15.0968646352227 14.5255625057408 -1.04406178509936 10.6417865635654
-4.89106791513164 -5.8369446854939 -4.42785971624739 -2.96880128836602
6.75557672264737 -0.250041873406591 -11.4217611817206 5.579743803048
11.3802971146251 -8.75906145050928 -2.01318621791408 0.752928097743057
0.29610583907118 -6.19954658516024 -2.86721605806381 -3.75771241433183
5.02276119143985 0.511415368202906 -14.5557308078225 0.814567799276808
0.450567460226838 2.71236098837042 5.05548284097292 6.04517013233195
17.8210903919356 11.3960436579319 4.5553307094443 -6.7316824620517
3.68872226388615 2.98989105680753 -17.0855373453107 -0.165170144677445
12.4556903405161 13.9479472404562 11.1289560536257 11.3387491530118
22.0895161023262 12.7645093823614 1.40430497219894 -6.59948133199847
8.19041044353427 7.44309347300384 4.22618175989001 2.41281336212281
11.0311468259259 -1.06938639704172 -1.77787574901407 -11.2598783360936
7.62608235753028 3.85795946076365 1.66877598528736 -12.0405932261723
5.91270682800416 5.7292365834542 7.33952056895954 0.333960845434059
-8.36806844221641 -2.73556631583422 -4.53418204182653 -4.69467197471816
-2.18358724898226 -7.12749786858853 -3.34933705800689 -2.77104550514323
17.1164543574006 10.2446245993433 4.20181787696183 -3.26511529142646
5.8876752024467 -7.54204086994924 -5.3574733116148 -2.43197240045249
13.8488699291776 11.6868973613894 -9.11456106542724 9.64399375156449
12.1218628447523 -13.7005839623117 -5.31892771448095 -1.02887903797429
16.3326000459829 15.257767711491 5.59176188463002 11.7962604730863
10.8438780022782 -12.3854492015522 -5.39810675572432 3.04626448167446
16.8551587142274 14.7356842073531 -1.39941269471395 12.1769005232364
17.5285768346042 10.0267977174057 -5.93030761014329 12.9471110963465
14.6870669956067 13.4057305234726 11.5665149857505 9.47885455315939
15.7334109825385 15.2027886828606 12.3739806122497 11.0714401649667
6.91093828307855 4.61588167929294 2.06255717453698 1.85451572251809
13.6197146418282 13.8365358766183 -7.7815890590801 12.1488949718178
18.0600659627809 17.2657186430976 8.15368135648833 11.6413131281703
22.1537879815107 14.3906932680769 4.22469932344007 -6.36968660184879
3.63948730895579 4.71385922830497 3.14961967206479 2.44080421183523
-5.8656238520053 -5.19036696118904 -3.48278079116762 -4.57814931159072
-4.39881596217067 -4.78740468718596 -3.87336324932487 -4.62857246977005
12.2311654943146 -9.46084698498909 -1.10660953969744 -4.8316632884592
19.9947596333833 10.9177067810062 1.3542789581509 -3.63023113922058
4.41403248564334 4.59197565989975 -1.16124576835988 1.85963078610036
19.6356710932396 14.2262995566567 -4.77639213412915 8.43283777177543
16.884174523761 9.94795959101525 -3.0704319920318 7.49163678370351
9.26411682078879 7.21812489588504 -3.38395571062956 -8.50166644531366
20.4268487219869 5.74465094950045 3.67416934346102 -3.61531010458485
19.640673705772 13.4198053803713 3.5266529884913 -1.48366189216506
8.43639298500161 3.06338237507697 -14.4866937580465 1.3330781636718
10.5683321963685 -7.2594179936886 -1.32795470586187 5.31686245622305
14.8535370432222 11.8376807348628 7.6391874658016 12.2013037807098
5.70495321892113 7.27192368812378 -3.59605969241314 -9.94242891190337
6.74561794678654 9.06209958214119 1.74124622404203 3.44486435961293
15.1635403075391 14.2382393125633 -5.34575022380861 7.59441565356032
6.86188614125308 5.36214121570069 3.68010485977338 4.92230657449624
11.7705849522466 -11.5068829650106 1.12778620974777 -3.48960321113549
11.905335031768 -13.4302314433064 -2.70132531994587 -2.35937823644949
19.169815626477 10.2282748716141 5.56845922027193 -3.69302798888607
7.03330291274114 5.17238594646289 -3.80991616659163 -10.6152197685285
16.1369315875465 12.34194897497 11.4121787723421 9.47651246153027
6.93298639796131 3.6146155216153 -6.16349331068092 -15.4007273442928
17.4445022670918 14.639720541345 9.89771975524247 16.3771240862483
17.6158425311884 11.2188485137381 -7.58900065343541 11.0928972252713
7.36831165437071 7.23407649271017 -3.45505581246871 -12.2987934084639
5.80682332485053 0.57468063871236 4.36306198486071 1.78984931021013
4.78261374725553 5.59618661520351 4.33601660701412 4.2059462048153
13.8671814057441 7.10186664984659 -10.7456566385155 9.00990606021229
15.3685395770491 14.4079741604763 11.7447949165355 12.4780378330451
3.02855153773043 1.87222620106702 -17.2696583955556 -0.518432050254397
7.64529199316876 5.06174795410013 -9.03783113703515 -3.73075683980949
11.2125118663472 1.76913458506892 -10.3156484465767 -8.90952020290825
15.2336658739971 12.5490159567382 2.06746771940512 -0.258651793438441
4.06190123987122 -0.278745495933608 -12.4456018742787 1.23128026984502
4.96412744535505 7.60142901592811 6.40844779789184 5.37884881705108
16.9869533573961 10.4026579488868 -9.72662434979908 12.439580088106
6.47148537192181 6.32328863670777 -3.77818129333573 -15.7539743327397
11.5715519033512 -14.4090831138852 -5.25116767224916 -3.71511704148301
5.74989872581001 1.56775747045667 -4.92307408234537 -11.7501046610052
17.533311610237 13.1930341512774 8.55466707132086 13.9487820482775
16.4117821533784 9.44972282088277 -5.48667245056815 11.1111898934102
9.03025190884822 -5.38263847179898 -2.62238330116955 -3.18731788385594
10.8448139759252 -8.78851968431206 -4.0777001275699 -2.7030476274133
16.2498852866359 15.1861599769002 7.5677398374692 12.2841581800581
10.2954831384145 -14.3478782266719 -1.72206468522019 3.85836917116233
5.94920440689255 4.86769481376264 8.19398293052161 6.56750385617348
15.9450260345847 11.4076088036526 -5.95014629558637 8.51660235420316
10.7504408256691 -6.90540938961332 -3.4208920765045 0.201345475289731
13.7516931843092 -11.2591262125266 2.1693148290882 -4.38924503720309
-3.696181195555 -8.34982256685084 0.278677238388315 -1.99938884275033
15.9402175696482 8.9028260169658 -4.52278210430485 7.34442237197157
18.0688278684549 11.4418684645515 8.13721167280498 10.7538209448184
13.1021591199701 -10.7972013084447 -5.67010573024088 1.73513744573411
21.1106877272096 13.7070427506517 4.10849087973609 -7.62747892086267
9.16237450921341 2.02568787484818 -3.77299748245548 -10.6495420589393
12.5203884304653 -10.4075466002933 -1.48333435119306 4.2333485836132
8.84724928913043 2.04097386555075 -7.79815544395294 -10.6639405482543
9.41508687143226 -6.36264652146389 -1.0639030407438 -2.70758697643556
17.726631998768 13.2317308089725 -2.04727707690821 10.9645332066312
-8.86545797280756 -1.31162730302234 -3.17807075299628 -6.87521627586331
10.6655172934017 4.14114317122011 -1.28645204981549 -12.5713530513327
-1.35620377372318 3.53171506334853 -0.267848547690729 3.21016365330667
19.4636069919227 17.3680315190798 5.58188967436964 16.3207435071042
18.0176867660459 7.54509853124357 -6.41719491920033 10.8878737353198
22.8658641142027 8.70204320215598 3.2551711295294 -2.95145252812492
5.22361837848243 1.58676582314166 3.01088323388464 3.54500912562225
17.7844681388627 11.4027286022552 4.19148861692922 -0.494546580727213
-5.36758867312673 -2.87176627546793 -4.61916952379245 -5.48315803105172
6.43290907007438 1.2545538929527 2.0242259631379 0.572935740346034
6.27261496087195 -0.0539219795749251 -6.54044881005149 -10.797653532627
13.9771916205129 -10.6595413867476 -0.289601027094212 -1.6449777780565
18.3855878541695 9.00713187428436 -6.70182283273166 9.92399954453772
6.71252209723987 0.91133410866303 0.551062693587338 3.05736185322122
6.33323341235094 10.9990924462043 -0.305102507677946 -11.0761425924293
-4.6207676437638 -3.17313265598398 -2.3828964366036 -6.57307784854836
0.948344300805444 4.84328034181361 1.90751767256292 2.48320418616465
16.8897219973248 13.8643822580712 14.3171281212618 12.2809745625794
16.7843877610522 12.506362585098 -10.7885879982473 8.73335275180938
24.0015243924961 11.3616671299474 0.571642279088289 -5.34217526057532
18.6874220043088 10.5932674659943 2.18108912389589 1.38071310857987
-2.59378715014005 -5.8285990014327 -3.89828951787685 -1.25152598781911
18.4973875421983 12.1693783069812 8.17135970203456 10.6817382129936
-7.28935490302939 2.46169957544901 -3.31728092078667 -2.49594795154786
10.3115761520455 4.09791840067746 -0.406191754249257 -12.7353764878942
12.5244395657176 -11.2046421530801 -2.76345765001646 -1.48487641382081
3.19661819108209 5.253895675299 1.90147367837945 5.55423498860783
18.595924262885 9.22418710857595 -6.63939473776533 10.7317250274051
14.4899389467175 9.75407101927161 14.6345333362866 10.0191699910477
12.6945764169815 13.062619663969 6.34642721043056 13.2343962330897
15.5521253355572 15.2917702823009 -9.41978068547909 9.79992620798373
8.90214038709604 7.30691725803666 2.05342427151439 4.21101714796262
18.4200997627403 10.2370910660839 5.37727863039736 -4.51013810866486
9.8963174046511 -12.5141942731207 -3.97620692494535 0.679174957539567
13.9588193354602 12.3881228580271 -9.47340949708813 11.5982246505362
5.83640289425628 1.41000678606749 -9.14996764867854 -0.05304989228283
19.4256051645425 16.1014667792287 10.6241225535432 15.3658755929224
10.2733073001006 -12.1698981488963 -1.60762779988533 5.72246142389138
-8.55889477597065 -4.7364613689872 -2.88676665321192 -0.210388149952223
18.912274762427 14.3827797582955 7.58111977543716 16.6528597590459
11.9886120078448 -9.00618158086525 0.353836126675883 2.73758442781716
14.9581231125404 13.4721467229614 12.3829026795334 11.9249440343402
19.5652717308611 12.2005671661403 4.98887692751817 -1.50634818306568
10.7668122061732 -5.16575777339707 -2.97444001609257 -5.01950310141179
17.579969611131 16.9460946710162 3.36449179409302 -5.16951137867445
-3.6137808641656 -5.93029658594499 -3.76726224263274 -5.60688283115798
20.4766823876276 11.6712648625684 7.16002110799067 10.3417921575087
9.49958201673624 -1.27279333554391 -5.96182008088395 -9.07078552388593
5.70878676506919 2.34809979678333 -4.24952574811987 -12.4529936092082
20.6838090998433 12.9639031084977 -6.33599489998372 7.990342716045
7.70510433072326 2.29014421795299 -2.37593074332595 -10.2763975413351
21.2126195363056 13.3445751472647 1.18845341840863 2.03884436260674
8.81275908755246 -10.4945536332747 -4.95850249498601 0.665237480318587
-5.97536212900858 -2.73856172175096 -4.39530064816712 -6.69406296725731
1.29364404431448 8.87633994889674 2.77595682812498 7.8112428205907
0.0973517197590139 -5.83355169888035 -3.57142699211204 -5.64172285090234
13.3715137195568 13.3475160358951 -1.72800764982735 12.2610888320426
18.9212456227953 12.7074516867251 11.292428352182 10.9750014328879
7.63004535964533 -3.88245245922887 -4.14775016692624 -5.89589319131163
20.4190220116871 15.5544556181071 2.77293168858673 -4.09822585929943
10.0526472717155 -6.37021293671032 -3.34914060873605 -8.53844608843788
5.88501825147138 6.99742605105198 2.33534483937145 2.81471715277377
23.967840665155 9.01199957864585 3.23869147998389 -6.54034676402379
5.05280778908005 4.78891421931728 1.94753442647583 2.47101403887859
10.1763134677524 -12.7045285084298 -1.64522305795109 -1.3957613510283
15.9007233524789 12.8188933367722 7.88036749346023 11.8354667385537
11.1236842258437 -10.5873558942944 -1.9721087785579 -2.98487373303742
11.0022383229605 -11.3163414019868 1.81149664785462 0.0521226964388009
9.05342321247867 -9.2718724195268 -3.39820709234253 -1.39843830021
14.2914559383131 14.7496981295157 6.07246253431983 11.9546814067665
16.4003777943248 13.8546599769533 7.83156676470567 12.8408588038564
4.7008800617119 2.26916037112834 4.95137795496862 0.999263685164035
18.7235577371564 11.9816516354172 4.96097730209377 -7.11517992135753
5.37297762063839 0.709950957911067 -16.7612068603892 0.842711586013832
9.30957086123579 -10.0582673791037 0.309540763709857 -3.60293680126024
3.20307584067641 -1.08285252404443 -12.3014174697033 1.95791739871659
18.8535816865794 9.62282820359439 -8.73644410976969 7.66224263661912
19.5324231176782 16.1277640216382 3.02467817585198 -3.31368688468278
16.2104100677491 10.5579162061554 -7.80172859501762 7.35471978340829
14.0069545888646 13.8499848585565 10.5802950808009 13.4033991040388
5.45210611428519 9.75490201907814 5.03828649827044 6.51727369466487
16.4079960469427 10.3773269291104 -7.24619070944923 7.72654610381318
8.30493578043331 3.65054085501472 -0.255634841752464 -11.3724167163035
11.0837735435157 -16.1708186674959 -1.55134810856455 -2.60692806554763
17.1907187838506 10.9879397062599 -5.70513781122141 9.34061630670517
16.3767045063659 12.0883419034411 14.9324855876469 11.1398032671743
20.4302497446166 11.0365298994521 -11.239414411261 8.08455131815314
15.2844064126048 9.00322566695233 9.76079064335206 13.464665071802
3.07268899210707 4.42247723102896 -1.50515763089333 -8.28412270548509
13.1450148520407 11.0586570469453 -13.6826051344816 11.264988039773
-4.42485274581427 -8.37045712500435 -4.18068762981682 -2.58665374687408
16.8652043632033 10.3575872308758 -5.81275120561202 7.90080164552397
8.76215829108248 7.90034436023469 6.5729597971046 5.7648670106427
16.160744773979 14.1919611257119 -4.93583563617654 9.92563563537447
-9.24465067407107 -3.94398666274417 -2.17195721103256 -5.16449945911828
-2.82009416575759 -9.63654243736629 -3.57358484209938 -0.887892377275584
12.8957077673754 4.50335382999046 -2.9105812402921 -10.7383549346585
4.78183767798328 -0.52968157240239 -9.77905940831653 3.92339988839805
20.8502869479274 11.6119552244872 -2.50985281701024 10.6539229795798
3.73269144714262 4.73093770613538 -10.4326246226916 -1.06494349888615
11.8864284853034 13.7021929899484 12.2649265497806 10.1173515953782
12.8724893374899 13.3448042898195 9.66519502993743 8.87502282902667
9.96281611543661 -12.9070609819273 -2.74420071952441 -1.1492128874947
16.9079725325637 10.7037761149044 -4.03813286246158 11.6137844485684
10.3415580127684 2.30441046923844 -1.82656568619197 -7.55015048335131
6.9909336991771 8.2728572892424 0.17767330354858 8.22520635059836
13.2451687411688 -12.9627637561836 -1.24691361766295 3.02604201774616
-6.91317504546643 -0.87467804899889 -3.73264760122027 -5.12652118082517
14.6263443239389 10.5841921921099 -0.86688784817425 11.0383010050787
13.3989450866644 11.6656763518674 14.7246064629181 10.4955930840533
8.82522146010017 0.762917089397923 -1.4067313934388 -11.4263346059631
12.8386936370995 -12.5231513583029 -1.05241981673194 -0.327554177160951
13.1366224221795 -14.7148781837266 -2.80036202693609 1.25415259443177
-8.76230418927189 -1.99157084116301 -3.91976234072338 -4.227766575093
16.5767053410992 12.0006434436347 2.88615052619546 0.120604051469939
22.0917281575302 11.1809279802986 -0.132538510598766 0.279698738549633
15.3122274221041 13.0770874592324 4.61889824491707 -5.3274779997425
9.17441094215988 4.19346670589021 -15.1477266036824 1.28821409209256
21.1997193126446 14.4693318912045 1.61405562964712 -4.04699316358155
8.13726586838863 4.34682189789917 -3.55857302861755 -11.4627404707069
22.3580550765808 11.5383761682894 2.47701270624893 -0.482066653481429
11.1427301532257 3.08593191775921 0.484029061190129 -12.4230633862976
11.7166654009739 3.97292430205387 5.89916089787009 5.00562420353787
12.5369065290214 -8.86625654112337 -7.59601597194851 3.00622303231261
6.09043656698287 3.0873360399805 3.89808452453074 3.67166680646451
17.2187304419537 1.18127107776095 -13.4002191349625 4.36515782987919
1.93290327166584 6.11339535426723 -2.67720889668026 4.57751255659404
12.5765322757905 -4.18801895994811 0.527202016870772 -4.54630739158661
9.05448149740979 5.08173378286439 -17.697891624005 0.870910551885345
13.9445394136949 -10.9915301712121 -4.3619950121081 -0.35212215841184
-9.07358137110041 -0.638409217575871 -3.21062490459016 -3.71978165374803
10.7890946430451 -13.2482712371461 -0.901796376167522 2.4012029853246
9.25230199276575 5.79031832126146 1.97566164860776 2.66462765374675
14.8655734400377 15.2373193901514 12.0257367918015 13.3953318402532
3.80546891194869 6.97261208231048 2.51228446133472 4.27353386758817
17.5927915044844 9.89716226701096 4.97072514976187 -1.48919038118115
9.34370804493617 -14.649846550695 -2.52741795460365 -0.916305209310771
11.2921729866864 -1.28822141047956 -14.361497553535 5.0682695530806
20.4865892114187 10.0040415244376 1.77174475486246 -6.24223064762419
12.1846734097425 -2.14925625420967 -1.80963089225265 -9.15070293308032
8.08473291709966 -6.76984224455144 -3.40650961374084 4.84591488919447
6.33963754077872 4.26502682921988 -14.0356979483637 0.801073043122074
3.75873785555608 1.51270085214505 -11.9273146082648 -1.31995448254194
16.1400574609615 10.0819258449385 -10.9449760001437 9.39721049158689
12.1240039209545 -10.8572754433102 -2.04384661245654 1.06665732182228
1.69685640856941 4.21760651100802 6.29844207688865 2.13885929194812
5.06598494700641 -6.74336468877584 -3.52158678261922 -0.767742924960759
19.1754799762554 8.29603222275721 -3.44558055591832 7.38736387896953
6.09800907377352 2.53027018204788 -17.1138318028642 -2.25597894063625
13.66157921961 14.2506491093463 10.303952125847 10.6817728473436
8.05641591382028 1.9656082231345 -9.40424158104287 -1.95156637693494
14.9467322759849 12.8565224512814 11.7554309319619 12.2623621225418
10.3413705883164 3.5660521461126 -9.15861399667838 2.41085760860008
-0.478340829313512 -1.8780724660361 -3.94138879084188 -5.27789634199394
13.4005607316811 3.10940764183466 -16.7806502219093 2.78487679716958
10.0037853352926 5.00090866570877 0.976267314606393 -14.3512680387542
16.5732181314724 12.0751565379557 11.0580396641693 9.76611734965972
15.8533689367282 14.4108285945199 11.5068811024548 12.6107790988478
6.61946598858967 3.75582538032424 2.62993896227633 7.53161957756313
5.53837745492207 2.98108320812327 4.91726546834331 4.10360534550141
12.1690768171382 -1.02557306785149 -2.26606842250288 -11.4090550263535
5.89562447022579 -10.5101586158763 1.65536647730386 0.937955706744812
7.60136013070467 -10.4281021205339 -3.42462666134475 -1.63969180463197
4.48722934090598 5.81395537690817 2.31283070026303 0.152719756260121
15.0866758560629 12.9694676933189 -7.41484526528971 6.57764356964713
4.34882733293839 5.46006204642055 0.32099507384987 5.29328493506382
2.65316714254362 6.27844313929219 3.20961892068019 1.43409704189578
18.4014801058186 14.8778573377709 6.8844428949642 12.5861592835872
13.7505884076283 13.9965120514024 8.2064049645371 13.340357537043
-9.87366840551344 -4.30828254276278 -1.58652579092032 -2.6111389119924
8.79463416660409 0.595784349358766 -1.34188441841154 -11.2927376835211
11.7559281881308 -6.68296796772833 -2.44200132784871 -2.38628430469226
16.4371470978861 12.8451276966138 -7.79055680849655 9.08236869183996
18.7209696882064 11.4046894323112 12.2038555557139 13.0684171053603
4.97126902591996 3.3787168981886 5.25456566699608 6.23162650432723
18.1022528356663 11.5208358922681 5.02453685480123 0.0596305203232386
-6.20211695158647 0.548834131286165 -2.64965287526777 -5.37376849685186
12.581573965993 -10.8503117737215 -4.69204931980642 0.764206552104288
3.49276045434903 3.90655872499445 -17.3234281517746 2.07796687802999
5.25475264349362 2.75970314040047 5.86322288526847 8.37202770762861
7.96602216089095 -9.86559156391511 -1.09309851610113 -1.19106870672989
0.908685596986756 2.23654518094447 3.20248528570069 6.34572922517785
12.1102571726274 -15.2541309113065 -4.23576132561524 0.323891162124784
20.1910703291608 10.6878534860863 3.50473892961101 -5.0254115751779
8.55704428962066 0.552954336601942 -1.52361294917941 -14.0137542426814
-4.88302984563166 -6.36195377179793 -4.10082299412366 -4.85257723693996
12.8013771277407 -8.15222677920919 -2.88055626933336 0.798216876637128
10.4286504760025 -10.0057109638267 1.36573831008293 -2.23489977838688
20.9772183938161 14.4030082876069 -3.48427171175229 9.89047610532986
10.666604058753 2.25437937822608 -1.83769467597691 -11.3444710117965
5.34116102348754 -1.66202962939904 -14.036502307497 4.08159038617841
-4.95830849005289 -3.06290740366479 -2.08318994618731 -0.197159685440773
-1.54231537386039 -6.69763769626127 -2.29421267358316 -2.61124286212976
10.6636436099051 -10.7291143256158 -4.2794181433624 -5.17380156071017
4.03230081616214 2.43965005567161 -5.82512739259626 -15.155073269858
11.7711206173869 -2.42095350648595 -13.3657133441215 -1.21866193115739
20.7043992791976 10.0107023908827 -8.12326815528021 9.84534943177825
5.17535300117103 1.55422960696084 -3.1263464466053 -10.6841088766771
14.734676642658 9.41757172294967 -2.73638397371042 7.30391476594288
10.2206270112697 2.85192426741144 -6.40412340753416 -10.4919479698194
16.2423809560118 10.7117495160189 -6.53376801668562 9.65870810329615
7.9118876172856 -3.48084234903144 -16.4999423174796 3.07866238342711
18.7378738282446 13.8804447109018 1.14871741938137 -2.26390568459761
17.4253814495012 6.83449350270872 -7.22595723540315 12.8697212660583
11.4902987288627 -0.499638100609529 -4.29372229591945 -12.0400581483715
19.2132432417575 15.0525230234269 -4.11255290585502 7.12091980126739
19.3081076984783 7.22030188129783 0.925754835392227 -3.97407184671728
16.0723339425384 6.34568975760635 -8.23445122491322 12.083093372549
17.2931018955002 18.6419195532937 8.02120975403756 11.3302605072878
8.22889197052066 4.75679237234411 -1.47713179530828 -10.9727633989724
20.4613277222051 6.64083625396444 1.5799507069618 -3.84218012012851
16.480310580224 11.0069491262363 -5.59283659219115 10.1053146472845
8.10242887143828 3.38491485364659 -6.72517212393606 -8.2980074686534
15.9017481726189 12.7921688391539 10.3022112553655 9.67392746456374
17.1466996779594 13.4431373676254 8.71721853681761 12.2323965794474
15.8978167508595 17.9671982618809 12.5258807780485 11.63670954308
-1.49097065499257 4.33569966630541 -15.9824822067447 4.61964875663635
9.94797091124144 2.61759518304033 -1.50888045017962 -13.6555200089105
-5.53221775215208 -4.55346817437914 -2.75283342108856 -5.03207131765269
5.58768415438011 3.14202844620635 -19.2388339327853 6.02241795256491
9.56112035970336 4.17167592762417 2.54019981674328 -14.2523951478137
7.3790722659491 2.09028802020724 3.31012313100412 4.9036624520797
20.3011440037712 9.651201881616 -7.29505512657505 11.0107753144497
16.4783406863271 13.7743648860489 9.21965497013644 13.5605190074287
1.37089087835431 2.09969490645087 8.28862197778086 3.78572715899659
8.26986840609204 -7.95888762225436 0.965967377653748 1.70306693328354
5.36656109699439 4.36098378030561 5.92475918904751 3.12979932410741
6.04600571874743 3.42494648095962 2.95345641630727 -11.2065048848858
12.2789298116748 13.9475726863743 10.3316760892697 8.53065087946926
16.8049959484184 9.83017439408127 12.0855093580642 14.9349014786536
-1.47910412315279 -2.72794429736811 -3.34530246348691 -5.33165299153771
15.6372141064198 8.07638050691103 -5.89172634452935 9.34872516755568
6.85349562081191 1.03406055249648 -11.5007586612791 -0.603881996976843
7.07092234403101 9.32863774815144 0.676106696459373 5.24662537279443
14.2940546027656 -10.7564596709783 -1.02242582098303 -0.29729727973743
3.54638181655661 4.87211696634912 -14.2388149770009 0.0338218641365036
9.40071136251185 -6.39821175168468 -4.33184104864458 3.61396879196374
9.72679310737706 -9.50788671566816 -7.39122741799462 3.0323475759959
12.030717759853 -0.321756939579942 -3.96023212906995 -10.5939996471319
-2.36039377231964 -1.25783430394865 -3.14415775477912 -5.8816986440542
14.4174722049871 8.93118328497919 -6.0373442965004 9.85194714557096
6.77984402635932 1.49041357443406 0.695506571791094 1.855895219281
16.8268175016866 12.0174422892781 5.1954925133203 -1.19080505614962
7.36040279104397 4.10960154093063 -18.0017558078972 0.493108260822432
10.6626579487163 -9.08053517262092 0.235995094218052 -0.644284765329896
9.18573519709889 -9.33819514574331 -4.8073348311945 -7.74441983297359
12.980239668715 11.7341303659768 1.86120663043708 -3.51745713619189
9.07209134944551 -10.9578230425856 -1.23259797436655 2.24622375031777
9.59600205214212 -1.00694639584254 -3.38686917163553 -13.5611275158914
15.5484485885416 7.68022137672951 -11.8195026278624 10.4531850024271
16.5828564510602 15.7235096739721 11.1711061740348 12.7566500991992
9.38335705893716 -14.2233934405781 -4.02623243163476 3.86673388947604
-4.65977194222367 -4.99143445848247 -4.79887368547794 -7.50840013119816
16.2438079467815 14.3760709761207 -10.9172225014302 6.82645799627898
9.26976686748878 0.0244200399631929 -0.617920666588354 -12.2392866064317
16.8827918878244 11.4249575994886 7.32930220082875 -5.34384765617439
4.53022453111831 4.23723196574534 -15.6470849405785 3.28311497828693
1.18424722458806 4.32868956408154 2.08941900727201 3.88060520199874
8.76917824460493 5.99163792509363 4.48984684495856 5.98127321641429
20.4021852986099 13.7415028239039 5.54935645174686 -5.77948602357249
-3.45526019203649 -5.68848269843554 -3.34785953585282 -3.21822793071456
6.94298146916389 -0.524578453088402 -12.0705489470569 5.30288078396705
7.21920720859655 7.05642463452736 6.36346944848822 2.29111640627754
19.6245371484892 11.3523591240444 -8.25124302203652 9.91021304877899
6.67594888147363 1.87101720605974 6.34565878735162 0.855905898662311
15.3296235266152 13.5867657790494 13.4101439370904 13.1302678355757
17.9271804513176 6.19031021347355 3.85793139952287 0.791713789838649
9.07576447350964 2.9662998877866 -10.7228509706804 2.15075053338102
16.406876219292 6.31474202872277 3.36083183432132 -4.97391417084682
5.09297594203068 6.00512426034052 1.88340441623257 1.86767753210934
3.58283374230296 5.75248805947435 -5.309961574326 -11.2171073487425
7.9056394493396 -13.9692563581278 -8.32661599330925 1.09860665563592
19.7417856101004 15.1278639448012 3.98231486417627 -3.1424266906946
15.5759063259064 9.08936931472369 3.15378949891752 -4.77333637360755
4.46999604857021 -4.70287815691126 -14.8332141719206 -2.11954532453807
11.8263481673249 12.4507839738604 11.341536383799 11.512837491059
17.2709286289449 14.2824012490804 5.42609914183108 -3.73593518479155
16.786353593244 16.6079303342883 3.23276111304622 -7.35173409143466
5.52572029903435 2.8312059079621 -15.7314023857373 3.10454341230001
17.3718422222701 11.1756886660354 -8.61985945447384 9.00576451267412
4.31001876964308 2.35516749114885 -13.7212766902218 2.37470403633079
17.9497557579432 13.4754985146404 -2.17427372284269 9.02304211258711
11.8404872795877 -10.3525172729245 0.196560876594015 -4.79919862843589
18.8030039880619 9.17964139526943 -2.62994806880087 7.08972565858775
-3.00213137840015 -4.93542368217027 -4.61413240247827 -4.58744787588893
7.43788959064466 0.618187344362291 -5.1127111925007 -10.3218735467103
19.5032501002351 14.3401592134689 5.51893430874357 -6.17723281734802
7.42858426947067 0.209703650100185 -0.759529749277137 -13.776710201034
19.1428244660814 10.2617833167698 -5.54826279267618 11.5767650465091
2.95711129832284 2.13847640351427 -7.25177969940334 -14.9938406423933
1.48012694066332 -3.1520859509477 -17.4230990195602 2.62094571040951
7.09314698211304 -0.461365068817954 -9.73618467949645 3.13163146177496
16.7426425746104 15.5840090155444 7.65198322693642 13.9432525515275
8.30593272016841 1.11891857181579 -2.0504341843981 -12.0414955493973
18.7556549016881 15.3180161070159 2.99060322959008 4.96245293912088
7.60146346401189 -7.83774799529683 -1.61539784260728 -3.23316186863054
3.01833388209744 5.19625723645499 2.08598947394913 2.67542432017384
14.5874909534029 11.7045302728225 11.2376534765386 12.4683102466115
16.6183296812975 13.7505518031995 2.8129374096151 2.4745373605213
5.50589286661985 4.4448313930585 3.94551112278442 4.95437525756775
6.48187744175771 6.6347013974097 5.14257830967723 2.96629915926922
18.1842516253275 10.8724188649163 3.11699548496315 -2.87305420818119
14.5578876551268 -12.8599594682985 1.10818215962126 -3.09776681272599
5.84224138373623 3.17847517047725 -8.94326679641203 3.27145234824506
19.6747898558183 11.1944297074361 -3.4136155223651 12.8065651265153
16.2841827451039 14.3477687640945 9.7185946735788 12.9056250390848
-7.12471059452047 -5.67906833691476 -2.88206600290662 -1.53130100958915
5.66796071268709 3.41815190413935 -15.6262645564682 -2.15781770856653
10.0746692585825 2.3115180611027 -19.8926984185768 -4.69007066901246
8.14997447380087 2.00934483504721 -4.42867289552268 -12.4732219564389
17.5578746892949 13.0207192180061 -5.38161179628743 8.67347361715928
11.1177292104609 0.975555164556291 -3.74583160643751 -1.57548979036233
-0.102626138224664 10.4955400044303 -3.22892061010743 -8.91365318802237
5.04739108876055 2.36653900621379 -1.37783671575606 6.23073996433641
4.9616985871151 6.22964745543448 4.03546357504227 6.11037964539487
5.54235172924721 1.84387006909538 11.0235698139028 5.79813499342463
7.61293579845311 -5.77554446606548 0.936999612661814 1.80110847397738
15.4531570819079 14.1876331447862 7.60768718001796 11.4163381129523
-1.24698996087145 -6.4935378662066 -3.611428135299 -3.01373746230282
16.7090226883228 10.3148515617583 13.5328327637784 15.0158436344493
9.93887396478467 -12.570617232245 -5.0035439455887 0.792893000295848
17.0685353593868 13.4696300260049 6.98801508392343 12.5142234150887
15.1668746077849 12.3208245313485 10.7754850547503 10.5254155795634
16.6643355688453 12.6794826434781 10.0059695605051 14.5555849834243
7.78524570780355 5.18983697249674 -0.0592541067687136 -10.4282055551091
9.29917032839435 -10.3985288753806 -1.2418018822394 -1.9195135749105
6.1610717539714 9.89926741382843 3.50696156909438 5.25027450333536
10.5253723996755 5.23441298488036 3.70701692362923 -11.9712741891321
13.0507213783001 10.2373986996267 -3.45647843100415 9.13036460166943
17.9605696722966 8.79014205905991 6.92678092769534 -3.49157022796033
22.1525551101848 10.8390671900229 0.563810198751797 -4.26979692331944
3.76205880404541 7.26877057987891 3.4450012855507 2.07781805709923
17.5001410398299 19.514698890998 -0.0573327869188227 -1.81889408653606
1.59492476564695 4.74279508813183 -0.311857704775546 1.63035613967663
6.41446712895277 5.53129345878778 4.42707967807838 7.69808078803075
16.0130938927725 9.65774567038912 -9.2300119595204 9.54067230443388
5.98513776445414 7.25040303521256 -13.8921110520748 -0.0670719647876064
6.96570987065182 -0.559006384050001 10.8637378467002 2.35355647817077
11.7732085602721 -1.3213950188067 -3.22122076525101 -12.3904300690858
-11.7460196277752 -2.75409660880649 -4.31835933825659 -3.87936157696167
18.4141144514285 13.4303411517755 7.55464489299022 13.7320581920835
4.62904404221334 3.55789585233383 -1.4263033948012 -10.9504252329388
7.24212611267309 9.31194682591961 2.61060188808897 2.76747742108954
-3.30707664069076 -2.50576550547771 -2.36609850305161 -2.31693574935735
17.1232185933764 17.1072047260234 10.4944432480035 11.6325494703643
-6.34993160297331 -4.90425627768156 -4.38957740594507 -4.89332833269923
12.6207376924042 11.2004668176285 12.2327067688644 11.1174933737734
20.8346146683505 10.6403710029422 6.34148318186956 12.6223909001495
-4.1266728832559 -6.70375163646815 -3.74132134762338 -5.45467159182734
19.0175369275975 15.4165150754737 5.36310275483892 -6.26401314120501
16.6833316223923 10.3911624860688 -5.52422183514931 9.85848389322046
8.55269595104839 0.667683743804662 -2.52162128836722 -9.78121634173513
18.3291319845644 6.65067653796014 7.8811234556455 -6.52609933219327
3.59387677924868 2.82408259602294 -0.781149600699201 1.6409421381917
5.22245196621298 4.89334580437806 4.7234638715495 3.60565267385192
16.9187407656782 9.1671231100947 -6.48796951879628 10.3899206547943
10.4578561245631 3.51945667152086 -7.67759774218238 -7.07234082579978
15.8998830940107 14.2561490651686 5.82057084379713 -2.52354956235699
15.7594114730163 16.4037332082525 -2.66516008119846 6.56501860161922
0.667257875009731 -2.81869607701945 -10.959980203035 5.99141952776492
9.80221992231546 -10.7638339390081 -4.37055631407251 1.05823939644931
15.6424444867124 11.0376821947433 -8.42029027496775 11.0388254693608
14.7506982100965 3.21299519829537 -3.53288528103723 -10.1948338105923
8.41208819266409 0.405981812694136 -0.859312383097759 -9.88998758506694
19.9948166881943 9.41565036464587 -3.36991383959497 11.9937326112515
-2.84888784537324 -7.83415013934307 -4.95608441880583 -4.9505860903802
11.1113297182629 -15.036513390193 -4.68546385501626 3.1428073319251
19.3452336731303 10.3563927956579 6.31900794267876 -2.2344070317431
9.56014416797414 -9.91020291756328 -1.65550627158439 0.400652373710487
-6.98881009837015 -5.24777859231382 -1.98495936980886 -6.28524585356404
11.8143530269097 -3.04193565614535 -1.00303884565053 -11.6043362353073
16.9472157481361 14.3420744130113 6.84756533556461 10.5051210553103
10.5357297610972 -1.59943384156149 -14.717212946566 6.63189762396234
7.24739662028385 -6.87975000657319 -6.6792770255282 0.935372597192992
13.985640784915 13.3613997983836 10.4382149851004 12.9647883364918
1.76592181445838 3.97556039411209 0.255866950602173 -8.95382410872654
11.4924509187359 12.6603232837765 10.0170770259559 10.7621181862475
13.0597109401474 9.31416380433153 -5.44864504118058 11.4931744180904
-8.17933531794007 -1.93006198788689 -2.7977878697175 -8.93461875310719
15.7759585906322 12.8590922494162 9.67013901764351 9.17145482566031
-6.88524077105656 -2.71688787550343 -3.96333860381334 -3.51210939330697
21.1120052454278 13.0441790961807 2.5132665819218 -5.22752109992188
6.97853904099194 -14.3661272096815 -7.0816873242783 -4.83528767549042
16.0305178001186 12.9387973853011 9.02924773198027 11.6558432404163
12.5506790653547 8.362795675977 -4.99270570164252 9.5269902459979
16.8634039730802 12.1428899812934 9.08635236446015 10.9397728708934
3.76212242130672 3.01373144342491 -4.38007517619406 -15.2390422900913
21.346067376869 9.94162532887526 6.36128087475845 -2.60585484789864
14.5005526962156 14.259926994157 6.36147571320716 11.5259640794882
2.90251866489327 1.20049148658826 -12.2102927922422 -1.44993272626966
-6.16872060603243 -5.86349976384446 -5.27926900319353 -3.25638905649115
12.4896242743679 8.65444413240077 -8.0155646051551 10.3882553511351
14.1953147652236 8.60670717365669 -8.63106590606303 5.68564185517399
10.5988192422925 -6.49579083479202 -6.8827921192241 0.051039509309815
15.0493540197446 10.4446977492994 -1.27438161694895 13.1263831911142
-6.39382815388151 -6.08263531370134 -4.75308166810381 -3.8235469457574
18.9811793296862 13.9428321032955 -9.50930012221524 8.36948991758292
6.80219594719954 8.24026497315404 2.6897971649021 5.80684682305732
12.6786553380913 -10.3553921765881 1.76743706045455 -3.80799036704817
6.84754052082229 3.52529432334625 2.43356884600185 -10.7876285308626
15.5134393500241 10.2073322052142 9.38551677207937 10.5806654081073
10.7432127227135 15.0594037441768 -3.56814167056665 10.5694003238435
7.23077152801247 3.46847123327683 -9.4624063449587 -1.58651273522389
10.5632917738921 -6.62805287333651 6.21642846720623 0.974348182594662
19.0596806962153 8.63550624362928 5.95219660354852 -2.369780122631
17.9689209219811 8.43885970076148 -9.37354112535825 11.0173240419274
10.6326180939816 -10.3053078078967 -2.47773857003592 -0.0923179809430142
17.3493226106092 8.08419355429978 -4.38297335266909 10.6119877069633
8.28281898224382 -12.4906329402096 -2.66065753963898 5.31977884868188
-8.29943027494091 -5.23864749964365 -5.82119816409824 -5.56965106485048
15.2393263957378 -11.5842242356536 0.840437632180961 2.31798401653903
15.4942178669038 11.2192527738053 9.32185138194474 11.9564629042895
22.5352025078066 9.46135114237941 6.45951613246137 -10.0635030222277
16.3702855542033 11.5605625253732 15.8775915009464 8.71838479574163
13.7067478263 7.46220819914877 -10.1294218949048 10.6632002144988
3.90578859948607 6.036950149516 -14.4484867582313 0.218178102155531
14.085399211974 9.02748475414549 11.4467576199345 7.1396328865677
15.8212781925414 14.5116181384308 8.58719551781994 11.3801863360789
16.6974069977001 12.3462484390182 10.5318165465473 11.0428428517386
13.0813113796101 15.376748403344 -12.0013989148685 7.23607477763158
14.5628026867706 10.4421265167288 -8.87719342514923 10.5003919956176
15.9212642888323 13.0641279254313 10.187787180914 13.4070713194368
4.85936225383293 6.29667543875375 0.812187163762907 5.62661293533575
5.13823799916518 4.49200304432643 -17.3641675315641 0.544919105167542
10.1350186486564 -10.8788724989609 -4.69960638522928 -0.502935451632344
3.05530140663954 -2.35568617670397 3.53945789190703 0.722916660378303
8.24654598303832 7.01539227891016 6.18466092504303 4.26241793706806
5.54576769140553 1.62246842244533 11.706240085981 2.83223966225183
11.0560895565098 -18.7431694155177 -3.90598264032141 -2.97208601233834
22.4973665986082 17.3256028298766 0.116080678997346 0.166019017375741
10.7702359911078 -0.0168313698309217 -6.02174879753442 -11.762658678589
4.64321112692865 0.961778921697554 -15.3696603068953 5.15067222322646
18.7343084536784 8.56478414752161 -8.38941215138792 11.7193708463054
5.73858428782501 4.26052848718009 4.71683375809446 8.52280046624989
14.2872298074086 -9.44200262140444 0.138307769850271 -2.1752036984433
7.32440495225665 -3.39872169266067 -0.104138661414798 -13.887710277941
10.2933391457575 14.2719054618037 12.2116445717331 13.6292479085533
11.9204726374932 -17.0859876534935 -5.11941946965582 3.36832011619056
7.2962110765282 0.971267279904339 -3.20708086216415 -10.1030914615229
12.2946792702247 14.6105208949726 12.0631815545461 9.94232709648726
3.79589262469832 6.72028097537905 5.79247090352553 0.766479672147944
18.3008985412465 14.547931952103 8.58988755244746 13.3492937880596
-0.0964889370867246 6.63249105030627 -15.8299660435184 4.90954592065493
8.70929708166338 -10.6658845843725 -4.27487479442784 0.317722592605307
20.9290819985898 11.5278586829131 5.35445488893191 -9.90117369246878
15.5411133712849 3.85728663738822 6.0803105135901 1.57560409661723
-8.50981058624458 -0.702117324157502 -1.72411652931673 -2.72746548138072
13.9835206133474 13.1897389107707 -4.8902404317235 10.7352626147709
11.4738755106305 10.7952336539974 -9.89617938032945 10.9591862473571
11.198609500164 11.6066603014848 13.2891113751482 8.84070822531214
-12.0597578071388 -2.25867394803471 -3.88868892225902 -4.52933155230428
6.8342058598015 3.23684002475683 -4.94027541988959 -9.74806339163387
18.4420403170983 14.3762381940394 9.47733895638327 13.7790097748105
22.3913735202161 13.0628587773846 -9.50036843507768 11.3812820126643
13.0398900455387 9.67311353572218 -4.82202120298791 11.7458666948188
22.9902024116077 9.64727187658247 2.49738231236156 -4.73944608477328
8.15376019074061 4.40134110422942 3.15931351993471 0.922432644522178
8.47955593946732 -11.5561082316617 -1.16055477298564 1.05627091284697
5.31024111738509 -1.37692836852256 -13.5725387401099 -0.15740460308346
16.1205116358484 12.1028963965154 -11.1460921135627 6.64388855017865
11.9353415795547 -9.913026326548 -3.80396333871533 -4.1877465029896
14.3016340797388 15.7716909312524 8.94540831983 10.1949368245233
14.340942299915 13.1183179627628 -2.91157536088347 12.1622621246503
12.4689147578484 -0.528273310497813 -3.90121566496513 -7.30505733152097
5.15823498668649 0.869769564250883 -3.50826833264405 -10.6823795233471
18.5016679120823 12.7029283206251 12.092421425068 14.484696350498
12.7077184160103 10.5110490183233 12.2098917320764 11.5717088333121
-1.11156674711404 -0.26681867142053 -15.6888964526355 1.74245232222885
8.36315847468089 2.36213397737536 -18.6922430906317 0.268680143589516
17.7009339334696 13.0326467556136 5.65202141436244 -3.9219097099741
15.2365526045298 13.4469750166655 9.81975259313996 12.1766959469272
7.08450851510214 5.5589370185155 5.31485472190563 2.41004115506104
3.42642832742861 7.26356627732418 0.957782257376671 7.20034504571897
16.9113153824345 11.818599543242 -9.18241294374672 7.0184422192327
-2.77131823064814 -7.31860867285675 -3.63767260015748 -6.06197863608322
16.3004687277066 12.7535167988087 10.9119815716038 12.4523225926256
10.4147659922253 -6.89238544737353 -3.92108335063949 0.725395955061139
10.6299928861732 13.6863545776219 -5.04746015768356 11.1493134424142
15.6431800774603 11.9445550872132 10.8530376935633 12.7437501275722
13.6826411541188 10.7400849251245 -5.22386658249753 10.4274323487117
14.5462258581226 10.2768868466943 -7.78815108275684 7.41755736542111
4.85744231532837 -1.9343561961614 -12.4213512438238 -4.59773679678208
17.5022626394151 12.8568967226477 -5.98209371875158 9.18858522786815
0.925206454788172 5.31205113062594 3.34805422654256 4.15437098774093
14.181491994019 13.3943714317657 -0.691768582374294 11.4327678266083
9.23019907304041 -6.95540642702493 1.77180767171351 -0.200695540172233
18.1478780889884 13.9926265951138 -5.07163474248405 10.7713397996181
4.78034674200575 2.0739197616204 -18.3065120136169 2.68360270142131
12.853446020649 13.6138959657583 9.85604712710558 11.0774917020697
14.5898630194956 11.5864087345561 13.3049385945511 13.8474097347293
16.7800553162371 12.0175928898196 -10.7631346266444 9.13674281688028
18.272749270589 14.1363247700023 3.47877921358698 -4.46019728443155
10.905118028009 -8.03749284284714 -5.01305525027193 4.71729431946949
15.4632578673992 13.648045112471 7.68370870076732 12.0775631648565
15.1081732891599 11.5614323424436 2.26929295359551 -1.54359535575387
2.7937090463185 8.25242041117805 5.22208498828401 6.40269691666255
7.59774803048363 1.78008646570445 -13.9377984020637 7.47308883582506
3.8922345129554 4.94272205117138 0.202095627514328 2.21195601104891
9.87268544125907 -13.5849691756253 -1.27669025643741 0.00574210212752818
17.9066821742728 9.84494499521049 -3.72514973482913 8.46811766255747
15.8581077775437 14.3104654364894 7.83884453198086 14.3918472161351
18.1286339152046 -12.3573117101414 2.78451923689214 2.11824089363611
19.5566974593239 11.2203694315035 0.560807194441504 -1.07544064449945
3.45318209244545 4.19426853619747 -12.248497980014 2.23387882762716
16.7111882414432 10.3751548495549 -6.81376435637007 9.64915767369404
8.68084901684158 1.2979886590182 -12.5698165404115 2.70976458026336
10.0570500939722 -0.28727224944808 -7.90097547102283 1.13482529974911
8.56877669692813 1.11098562350592 3.5260462483229 -0.320280886186833
16.3830681213524 12.1290423146762 -9.34295073472069 8.5902586445593
13.8773097153365 11.7991721194518 -2.20099669296595 -0.855794462892762
-3.7138265353649 -4.22037124096149 -0.103679885628449 -7.68173896669391
17.8131538247918 12.8968226008377 -4.34578351865717 8.34357437417817
20.13934784752 11.4428942641664 2.47267123317167 -0.535101556299541
12.4322271732332 10.3726583666946 -4.14331431266642 10.0387349335591
15.5697266507039 15.4266762698581 -4.96044873942098 8.96246632377958
16.2990275072711 8.11036231300755 5.00224674830389 -1.57507534034457
12.0544027892323 -15.6801337042324 -2.56936747513285 2.21493525741642
-0.0384389380733285 -4.99751801494332 -4.1063352963901 -2.84471902987416
12.6778271754853 9.7996000505744 12.7669091164219 8.88978410215006
18.287882238633 10.5054411061081 2.59506950555721 -5.71578160224184
12.1894887031705 14.2975886323802 7.45792015616211 10.7927336017893
14.2489115913298 13.3834957117947 13.2402329987613 12.0099028553042
3.50714015146284 6.36186461257049 1.15843239212764 2.2684505066407
14.482754619058 12.741370929616 -8.02124824467356 10.4759376873562
13.3684867162995 -9.07594008015824 -0.466648007343697 0.867077402249934
10.3650457092171 -13.2799336683851 -2.18149731284731 -0.478368526442795
13.6617522937254 6.75813538864454 -11.8626912568405 9.32303004161617
17.2779030188489 13.0553833388649 8.20752295917375 12.5997836297996
-7.54165304978997 -2.67391959418745 -4.28376042707377 -4.98971715491729
12.6426601983551 -1.29708978765271 -2.68080975728725 -14.6642659328284
15.1608838023466 8.99802881784558 -6.23250625465662 12.2523610598033
15.3302675300323 11.3416775245402 3.21918571392307 -7.35019669407127
18.8686481366537 9.7397433962004 4.59974445890158 -9.00227973133603
3.85858640910675 5.69898942176248 -16.5541596165846 0.866748594256477
3.54387469425368 4.28543219590647 -9.43442026283274 7.87368586752441
14.4817095600176 13.0921316325018 10.7631027900294 11.4604543302874
8.03556950030822 -11.1072973317409 -3.99184225819913 2.02836188574714
16.794070392596 10.8764150025901 -5.71124597674227 9.71462351919063
19.1496938931696 7.1742959440692 -5.95673748164133 8.03593915247982
14.329962456128 12.3769299409522 13.1473792960791 10.0520080006143
-8.74764149009911 -4.71348870148089 -3.98751157687665 -1.37381029206003
6.14464165421418 5.0469370927259 -1.31484589010149 8.77489231091302
19.3068339540551 11.5062694423723 5.02656973788377 -3.42672826164965
9.25021166871259 2.57384107724645 -0.427990435836997 -7.66646482208331
15.8782509036852 12.7043941585816 7.5281974992819 11.6291943036173
16.0199232456649 10.6932662606441 1.37160461273341 4.21694529106087
11.0343042005136 7.43528750034447 -5.76990636436906 -7.24508651588532
18.297883360001 5.90040110138222 3.31951247297718 0.70706182849505
8.54796078025327 3.97430075741641 -8.46629842053463 -10.3743914557102
3.89491004389627 3.9795847044678 -11.0935929468555 -3.28559743117764
3.81824008631116 6.47791092639137 -12.1806806043291 1.85232500660281
14.1752836735373 12.0068483658917 -12.2766551912817 8.73288907015414
0.596447772032568 5.31127513359365 0.726120772339621 3.27808129914674
6.88227848765163 1.50165675502548 2.99393804697937 -16.0080107975704
10.5387378146752 1.67680826523955 -2.46391155311867 -12.7801162930588
16.8164746440335 12.1902884935487 -7.66119585690938 11.5875461777534
6.5394003262961 8.52530636271366 1.32248581465961 3.5480347654537
10.7156176471005 -8.73565356911949 -3.45260008042199 0.324263092444356
14.0704097987482 9.07205826626431 14.5669080852949 12.6734902558149
2.42528327938177 3.82003641310867 -14.2693720206149 -0.273685319136999
15.5730885797711 11.5396511362925 8.30406091600256 10.2322105062776
8.75529459743985 1.82217106010229 0.964636393799216 3.79198952501561
7.63283484152842 2.59558485328917 -3.06126991087106 -8.54846134243987
17.2349538824408 10.1503880703691 -5.92817743302382 9.60760218575982
10.0816100593319 -11.7299904644186 -2.55050925353554 -3.88454628848432
3.00760509178973 3.93734629432548 6.7289070310074 8.27586241346181
6.04616800739771 1.60855042278952 -11.2045308947405 -2.87557167543953
13.1687826650366 14.4391121235405 -6.97822719317976 14.5716976153473
5.78996187374274 6.94648165490209 -3.84697092472289 -10.7107395138145
21.7756816016059 13.7774238992776 4.7321332858575 -11.5853614208497
10.1574826743717 2.49419864049703 -15.8981204387157 0.0462139237720605
9.07884201783049 1.30953068296699 -1.02196099835519 -11.5948312222481
12.0768242834795 11.4761551697435 -8.87368121187173 9.88220862471992
12.5519024700819 14.8328041864028 9.92924894047651 11.2572544678933
14.6268194356317 12.9881405378654 11.9449165129541 10.3452984300581
9.825313497949 -2.9536434434673 -5.65855055242389 -9.90521309567647
2.04151002752435 1.41795960607946 -13.9673403327571 6.37979462606614
8.77930520133899 -8.12266276718616 2.96742263213445 -3.78706355664352
9.65425701209904 -7.0885839573883 2.32432630699937 -3.40354929824464
11.9707968851199 14.2724146060058 11.452821800776 9.78436445219314
19.0192352842039 7.32341432645044 1.55453301993827 -2.78121673374485
6.81493941330817 5.98484163546101 4.20159994573431 7.33089250418043
14.4282331686602 12.1185788969908 -6.45361913341222 11.2590146268827
7.5284522446855 7.89212111068526 -1.72162286265481 -13.8522674904742
13.7147897281883 11.8984270178332 7.16502861426693 10.6869593466412
-9.01994089221609 -2.52169461551897 -4.02058038382453 -5.81330061439314
0.936869572499039 -7.59772039597677 -6.44363093872068 -7.63619878822406
13.3139028254068 -12.4784925918157 0.0401936262195499 -0.687442760532249
9.77105695486669 -0.573952319832685 -0.651872729849258 -10.080027413519
-4.60158594027963 -3.88773629028234 -3.72214939710548 -4.6270475465155
8.83037571396271 -10.4326461677854 -3.15249890201936 4.46386303501417
17.3740693496173 13.8976193618778 6.4794520883957 -0.30158756024019
19.5357844661134 7.70890268180305 -6.01253137691886 12.6232499497306
18.8142556359662 11.412718314487 -7.29081567861676 11.148066912349
7.69542025463088 5.96206291050944 -3.29530558697366 -12.9612913063633
8.52107323609782 -9.80088169105203 -5.12926333802104 -0.486913086939547
11.3913033955829 -9.85294446738727 -6.68242885461776 -0.681417382380759
7.08660097230623 -11.5188146524438 0.16999575173845 -1.50208205642316
6.08070090528706 -1.48923776282912 -4.88764473577951 -15.6869244881631
18.3655041813154 6.28096651192283 -4.30995258387503 6.18106473362879
4.82420175029006 6.26828561857127 -1.08188381967536 3.81227804226775
17.7485808744904 15.3205429603766 11.1054437915088 12.3428843798965
9.69284020250187 12.8906225253449 11.7283498608976 11.3448716489347
8.63841371907522 6.11855522859717 -1.0586997117801 -11.6497971741992
6.76470752266288 3.37906722626037 -2.82656720640556 -9.04580975914366
14.095803206823 -14.5535711375109 -3.96992221579337 -1.16848348209891
18.4168030964033 12.8896594887677 4.41687206687019 0.597354627764098
4.48502388310817 -0.527285885610351 -10.6044659944527 4.76839778523524
13.370720955915 11.6564859371053 3.86525705858349 1.5600017085708
3.2121753813684 1.28838825554574 -13.4779753405698 0.853386870514494
18.8938898916833 13.2626589218528 7.04821637900578 11.3056842210224
16.4147021697912 10.1149307745043 -3.15662465468914 10.5704126502162
10.8650867322843 5.55051932308916 3.36694888016651 7.70727616059002
13.3741033152967 -13.405569253942 -0.384435486563036 0.309060624058616
7.65521132475711 0.356430819237657 -6.99672946432747 -13.9670857379647
10.2503064759178 -9.36552838813809 -5.63953658915131 0.432436975450557
8.06195007783378 -13.4714220380024 -1.87846745814882 2.34322729008743
12.805417369939 3.2894036596347 -5.81625560001333 -10.4316079091948
-3.84351844461166 -4.19716183132395 -1.82331996272913 -3.21707019299576
16.047638404676 15.7703355154615 13.3899325612078 8.71531143305741
3.38099361773669 -1.31720634963098 3.08416371165709 2.36429476483858
5.31949574972243 0.330965558418737 10.9866699254157 -1.90349711490392
10.4640303407702 -1.26327371387421 -3.42673339974736 -13.748852617108
8.36852179678293 -0.430851776805644 -16.3665306092578 -0.856349655933561
15.2179283289944 16.6615051676582 9.07061946231961 12.2147788177606
1.55543408072766 2.57832906396851 -17.223970805808 7.95233880144212
3.00985212639741 10.5787454689892 -1.48723074480105 4.662873580869
15.9491916656021 14.4974443794963 -3.70616681526316 10.5944258228088
16.3327840486487 11.4972217697268 -4.16300404294084 11.0437660003757
2.45345620013692 -3.19874367127466 2.20131491998148 1.16401200836292
15.9884364886112 6.51402615922436 6.00106945535186 -0.130982959946828
15.4209246182628 12.0365536981532 -17.1596485886589 7.16824004060374
-1.98890473641519 -2.70018922778619 -2.09850665202854 -3.28505052846299
14.2077969342856 0.89458446946257 0.959852936566962 -9.9870977670864
15.7658064711025 14.9120235575657 4.22796153835525 -3.40827817496471
7.83743460872435 -8.32780515802157 -4.61664656691504 5.92771574567172
19.3284439757146 13.2189102764688 10.8112822689287 15.8476211328534
4.0419328993364 9.85700524742134 2.72285403953496 3.50782448382334
15.9075026867904 7.8804493192159 -6.00632036792685 12.6637399069812
14.3006436593369 6.55182877924001 -8.3403434860389 10.3370154807322
12.6694093406464 9.94790359757061 -3.5478542851889 10.1183890809926
4.74027865177429 4.66639596421971 -3.836427536033 -12.6618142611115
13.3660714625584 -11.6050004444471 -2.98194326146728 3.88369175453205
22.2347517065729 13.0814293022952 3.49069246994789 -1.82969899835519
14.8918688457046 13.0108862513579 -8.0714585365005 8.52053009902189
18.2693205275396 14.1634593615407 2.90939618059493 -4.67855460539881
16.1776227423896 13.8316350219534 9.97591489018403 15.8145751901009
0.515455883643412 -9.6074462614771 -3.44376387896463 -6.15562395055286
-7.23323335403724 -7.34861188007283 -4.73018453348044 -9.12857013479059
4.98378477685868 2.18524828709899 2.380416948438 3.29340340884096
3.89796620398952 4.21071857374843 4.21067915654029 1.8131901117523
-5.00119873937744 -5.33418179012522 -3.87717178436163 -4.71789064014244
11.7740209376722 12.8409500948545 -2.20734568951236 8.17653574210843
8.52015769330527 -8.40288306558212 -2.25748564085373 -6.48859614545461
7.65767074192524 2.22224902627661 -10.6941575361897 3.0295518338658
8.25619573356061 -5.01187450221621 -0.717217109643259 0.611356352005625
13.7780553133363 11.5357686369111 11.5685828325545 8.80952991459506
15.7445898035273 14.8721126222618 11.3130052361942 11.863041726682
4.20994398503899 6.1430526650678 5.10464190277905 7.03963057523846
-7.36861812971917 -4.90450386641555 -1.94982031248144 -1.88723370378935
3.35372037609798 0.731036694525829 8.70562721537654 5.21460441104809
17.6743933560262 10.529939788198 9.17104182942665 10.5980462693431
-5.09147768982431 -2.38738930039927 -4.31998900139796 -4.05320515961255
17.7663972721867 12.0528631480436 13.4657887563736 9.59241990786851
6.21378234902181 3.61504556068329 5.0151502825506 2.06928218860092
13.0981944802591 12.3466646548272 8.9311288204689 14.3732488863911
-6.9323167597769 -2.66385479608371 -1.7731638254117 -2.87721808151633
17.4986117195692 13.9983596284144 -3.38760499093457 9.43341436055602
5.2350106192328 7.30013053210624 5.41647239161332 4.76483520527655
2.3625474113485 5.58052856264065 -14.2391676714964 2.15301451379122
-3.79822616767874 -2.99439239910222 -3.20759100782307 -2.70708163348368
6.2146069641018 4.01512742836265 -5.28388477629169 -10.4468023695092
17.3482631127394 9.88098320310529 10.9727969741165 12.2788045598679
8.38750107069949 -10.0251344051756 0.765472710471873 0.523417652725394
7.80725141057782 3.69417931805356 2.1728642829107 4.1267291441211
7.67842448486925 8.07890433881865 6.24436746092831 5.33247943203552
4.19850293841438 3.42248661960203 -13.7985703040623 3.66182065197644
-8.21087027448693 0.502629026949649 -3.58728441285463 -3.61823697298941
16.5014254424149 16.4507052781904 10.3366134958881 16.1971055478915
2.22613225013234 0.545521197612997 -19.9455052333778 3.56477841208895
4.93058409951173 1.41753558056403 -14.1122240463846 -1.71775235876312
6.38095485784493 4.28597628381296 3.35854138407086 2.23221679596865
11.246800570715 -9.72374175977535 -2.49697834569966 3.79624784250867
10.8082055060381 -12.5579469135926 -1.05279271880725 -2.89788507153362
10.467961908887 -0.218980101828358 -0.66191351950869 -8.69654465918786
9.938706521481 -9.55322542220036 -0.893241571470795 -3.15665545889387
7.71586067448865 -7.82172140886029 -2.04157485472143 -2.7224193436466
4.6912175382634 5.1077240253126 5.84373040428146 -1.15709299106038
3.70844036003192 4.78577546236152 4.18590632159864 2.57621062252237
13.9269299293047 7.1992838694884 -8.17337602054295 10.9966748385862
8.06156635266823 2.09605719910631 -0.537599448716792 -14.937539779045
13.9313375978303 11.1591730209264 -6.88346304197642 9.96319773837277
19.5903917010807 11.8332778020598 11.5395922368738 15.3347712856691
15.3301571800893 9.27628450683451 -6.70683563883329 11.1653640545262
12.3361879713916 -0.319606597855482 -11.6867518771954 -1.42067618255072
12.1166514438337 -0.876828774249899 -14.2932767589161 -4.92117275175699
9.26205878208895 5.74559084657526 -5.63022018155948 -12.53302225109
4.66320974748752 2.79396726231478 7.06915967016628 8.02251263860458
13.7203206235619 12.6070922073672 -5.83471545261009 10.8392316467915
2.20894724689985 1.97555762074367 4.1575375999841 6.19300692133438
16.6638090776245 10.2391204819703 9.17433540236863 9.25822260590203
10.8016014089884 -12.9797572773519 -4.64663948768793 1.28673248846899
10.6207803350359 -0.47937719854292 -1.1732788492242 -11.989546955044
19.2793295468083 9.28860771277859 -3.3620899996443 12.9058877064915
10.249714157049 -3.68525520062807 -8.84444476368356 0.374470134099761
13.852122911383 11.0693908760297 -11.771014785422 9.70964346886924
4.24945699167934 3.6405921915362 -18.4040133773627 3.18160913616308
12.0344126097121 2.48359236196099 -1.72664357436346 -10.5771328190284
11.7441163825602 -12.7046051332635 -2.03722008844881 -0.730173267126125
5.92157633208973 0.932351856916827 -14.8107253628152 -1.1602444995713
10.2304379602125 -6.67478268654489 3.81512764543955 -1.72696244403023
-1.09492662792781 -3.1143281578799 -4.53051675077086 -5.81217141495559
11.7686566957683 12.3372330415966 -7.0485919723465 8.86235681884491
13.4095775592753 11.3474235391878 -11.0898255861404 9.33039899755704
19.9305096370086 7.16958442764538 2.64036828859488 -8.53856290108996
20.9554053986101 11.3300455663632 6.0294878538127 -2.9966565438684
-9.82106612159417 -2.56565403517557 -3.90812734454873 -1.22290044422888
-0.607939273293703 -3.80162936046495 -12.8037123915391 6.5565119171103
9.28305779276954 3.53789850133422 -5.9184864730151 -11.9255968009627
6.21445141345923 1.31842740603633 -18.4197751183454 -0.0306754660196735
20.5263882065093 15.3225142217277 3.22021825493157 -4.03821788896682
17.5603283054312 12.3845654089187 6.78517607664655 13.9154300515
2.06661562317556 4.91080322146556 -13.4553640750532 -1.00973753524674
3.80317743833595 0.720550326671199 -10.9969867671877 2.29983652555765
19.1680480290429 11.9711636801415 7.8382338837327 13.8086182694234
17.5071525197106 10.1055365629794 -6.1032290870546 11.7971301157464
-6.60834671041967 -3.49855555660248 -3.7568762852299 -0.762875949297952
1.00039712001986 5.66409522320219 5.12129543796422 6.41152605204545
5.49035283883646 3.38624017216023 1.72420813052675 4.84207599185023
4.7613732274242 6.63259785942073 -18.1725038223165 0.594761695891728
12.0218374393941 8.17676046482124 12.7704372172537 13.2450503681722
8.54568611466195 -0.701927057383725 -9.09518719031366 -2.36677054085479
4.31116986876844 2.94157776804262 3.95144187030484 2.41195140682378
4.3709019637463 5.13631825555667 4.97793938092218 8.66048003204741
3.0998396986464 -0.0711459737428992 -17.6176617927707 0.87528263235693
15.4026521570411 12.0995762708687 6.39591374849128 13.8949130273663
17.4887463633354 16.9923899040305 9.577843909844 15.9488778767675
13.2683177404449 10.9688084790053 12.8227761721953 13.0927072075285
8.65176782639626 -9.847211623962 -5.59747832781351 6.67126453496423
8.45720500752867 -6.79710263553677 -2.66854202948968 -0.752431167757926
16.6591948281046 14.0487263907738 -4.56418927938783 8.92217140794751
19.8649129302518 14.8367849576346 0.257636097539319 8.08684422144784
18.6433336329209 12.2849084679138 3.18677122147555 -1.83593348971737
15.5021929149322 10.4104258350209 -5.20265018115812 6.94128866391237
16.0425517562405 12.002968094302 -9.36024439710928 9.45540777094109
17.5677599825261 11.6974314313181 -7.12245484304978 8.95673908245699
11.0147878026504 1.58140469676485 -14.6815317148881 0.350382637629016
8.55115472169067 -6.69099225941473 0.341486994459677 5.2646115352088
16.126372687451 12.4298889728658 12.7811504018359 10.7696913999764
-4.87228108581222 0.145572416104308 -4.97000689184633 -6.07894226996139
7.46208492060554 -1.23646922993618 -16.5763215158712 3.58970261845348
9.87461524620359 -13.5495071558022 -3.4910104696871 0.42407329347225
9.74524659497357 2.11852231103022 -9.19243809434063 -3.26826480881718
22.4237224753961 15.6882908189048 -5.61971539656104 9.58629730962577
7.86141970018609 -0.819299560303115 -0.331476642181306 -9.87438450061566
15.3156650205316 15.1850830755673 7.26873628939317 16.3394027803453
18.3140253155646 11.6986362238939 4.66914735061454 -6.97063547393195
20.4850449557098 13.4742765108788 5.63425479968565 -7.9872185701222
9.76256771786877 -0.525167714274889 -13.6919859327476 4.923148934758
8.20304003225656 5.33795736524128 0.586280938122802 2.34750761842474
19.5336267745372 6.69167383590306 2.29436402266306 -0.0732544106651307
17.4765074344123 9.60953425970431 6.99123100348403 -0.765691914984084
19.589105462546 13.7216280117904 2.00399624833755 -4.99066834393292
9.3666383669098 5.5530384205739 -1.48734589036011 -9.76969114964025
12.4067742141796 8.45362814118945 -8.51209070410355 14.2975402805307
-6.3416979304358 -2.59932137782446 -4.32982942516202 -3.54119619442735
4.91984503408167 1.26681069792345 -14.2638311015355 1.76683159448882
18.7428718709943 8.45126422572112 3.58786345782478 -5.05563591240935
4.84591126569551 3.64351311994166 -10.0153725072428 -2.24375091786918
22.9622918044092 9.5481377857292 2.06114636795593 -4.31440268759614
7.61474521369772 5.94211573532425 3.37710548657897 2.72613067633292
16.2210334170631 14.3907255424104 9.44765795790551 13.5458670046256
9.11355330475392 6.60696755072534 -5.44347562041339 -8.83875331334504
9.82020221084163 -7.13038577584464 -5.36248706933895 -2.90287901697413
15.033804155179 16.5427495897374 7.55196805531012 11.4864383475688
18.9943535581165 10.9404027699076 -8.1675591494398 10.5340581853835
17.3781280658025 11.3956646628292 4.88735858473599 -6.86777140542249
16.3853384147263 8.74955444900597 -5.04389096250809 11.6747297406183
14.9743577178655 12.0691614061714 9.40467669038962 12.0751288157246
14.4077292555219 16.1743691198446 10.5568710517033 11.8597848091761
5.15545750230169 1.63007742708515 -4.2591374798923 -6.54387023566228
19.7987591327735 14.5270578411811 3.85914489831633 -4.71792204308303
13.3024022929768 -11.4034919684715 -0.169750642379893 -3.09246524389126
19.2327969957561 7.90677434087453 3.22733298613762 -2.3605856028075
17.531726443033 12.2320973084971 -9.68860564387739 8.34491407445087
3.20038364950925 3.92733383473481 -4.59740934271243 -12.743192977182
18.2260134397703 8.71825927945466 -8.473739336034 11.142644745968
-9.90771109937483 -2.68204922087096 -2.80786544335854 -4.50943341521351
-4.42033633181119 -6.21136348400722 -3.8861926663959 -2.94994421935644
-3.46005363911298 -4.5575707463903 -2.79729117438416 -1.77778451982599
15.980457798596 10.5165828065876 13.3776942030356 10.3156481108465
13.779625178302 12.4725130109651 -4.6843209807579 5.72719340417173
10.5943821801228 -0.809517939662625 -10.1011806463779 -1.33902882719348
-10.6517405591854 -4.35074465940611 -5.15575865485616 -2.86457139077239
11.6300887032754 10.1662040863184 9.98458233268354 11.7991547476211
15.7565764261625 10.1376336176346 8.1333791670649 -1.66228707097183
8.29244588006837 -10.1846541571646 -3.43125999329472 0.4618465993181
-6.45388307617317 -5.2903341990403 -5.66811546174789 -4.70415258970952
12.8332923493763 0.71130772713064 -1.0838696523046 -12.7461078486407
18.51931183722 10.5686771778598 2.26492992287129 -8.35164746323521
16.3206060705504 14.4462188822424 10.7093545512708 8.53274742950341
16.1258683485755 16.4522828506902 7.06443754075303 -5.63544415417117
19.417652447774 8.47968042920871 5.41738742475638 -9.82639874745834
18.8801855427707 10.4452788981164 -5.97241244073988 10.3194124613202
19.599771027589 6.1004918011869 5.18116541394847 -1.53784307011931
12.9838893159683 -13.568527094499 -4.34115230711287 -0.647125670851967
2.66009083553442 6.16754603787175 -15.977413801828 1.16166853734158
14.6335997457834 17.2052263581367 8.94594778445325 15.2574926007746
8.58582029694407 3.97524301211833 -0.628215873830018 -8.97120928927757
7.18350414896422 1.71224195440696 3.53864896180716 5.78014255849091
17.1021641918622 12.9318477414671 5.29632670247069 12.648824710012
10.2674045927983 5.92039904793031 2.14394740918885 8.43852252675286
17.6906118246329 7.58731706249302 -4.12473553809094 8.07608457773312
10.8523522711647 -9.21181871909024 -2.14187948156281 -0.714278469959649
6.53581007701679 8.24169145616449 4.77691942129676 1.77069284042219
11.9469110032903 1.40231181901732 -4.32198836005752 -9.18752603925891
-7.00403894305877 -5.0043349904038 -2.91103525429643 -7.24744726022625
20.5691619291106 14.0795589141417 5.94269202514272 -2.83157297306939
11.3530167389091 -9.03883556180161 -0.298654341087036 -1.99324914170447
16.0992806933179 8.85721022342427 5.37126961076595 -2.57318033960033
19.3416039579706 7.0383906951012 4.56826863610481 -3.43955916428574
13.6544913430842 14.43065728502 10.9048281052974 10.8761519684932
-5.57265433144118 -3.39520552164142 -2.87703657007185 -3.36517082250955
-9.88160502934623 -3.90868286014061 -2.95123726412473 -0.463620861921241
1.6084201558913 4.1734450705568 0.356450951031086 4.0367598470646
9.19762991568804 -12.5063380177529 -3.1013384126283 -3.08353744344701
18.9715177587132 11.075871191487 -2.3520979755521 11.6862995873675
14.8220490194828 5.59006976012769 -3.52713619183885 -8.23501505933818
17.3739897456007 9.58854262710878 -4.72215927964412 10.6958867993695
19.3993109830644 10.4421003643493 3.25349697119665 -1.07081978600301
11.1468852757601 -11.8565738158094 0.69703955501801 0.673395024611005
9.13951147011867 -13.1731425447575 -2.16008873238127 0.600827699312794
5.76468370560422 -0.32199954077838 1.0286419016837 -11.4492699628208
16.9075787404714 13.1038108835944 5.40308648595993 -6.33443333533946
-4.40697011139317 -5.97485383141575 -5.33776554383805 -7.29266732964983
19.9540893787178 6.47537482670793 3.91620978446355 -4.3587833159001
-8.73102774621804 -5.43493156218142 -4.63739560707133 -4.83884242060434
14.313251866335 -1.71152021726826 -6.3676120259651 -12.9137202285358
3.0793096161735 1.01266704625208 -13.7160355226287 2.07473221496753
5.07454404403839 1.56853554188141 -14.1337408401102 3.6619439600886
14.4136172598551 9.56098831457953 -5.2918484524212 12.6656951067134
11.7762723849008 14.5970869710393 -7.99235597962207 7.46663691833879
-8.35728322221207 -3.26614504689316 -2.80773213986756 -4.80322375898307
6.30490981818096 3.25110955164607 1.4190051064527 1.77570951341017
10.9685055625974 -1.53842574396745 1.73481901034447 -6.99309063667767
18.1421528213938 8.62387712003801 5.00417786063126 -3.5936865879739
4.04739073895719 2.21034392323146 2.73551967612569 1.30975967849614
22.1530390789973 14.2365992629318 0.910669354039072 -5.20866891327471
14.3217075225708 9.66653334084878 11.5144637958333 10.4669536773439
-8.57452032081876 -1.46898725389167 -3.6406507599296 -3.96740664415114
18.2610371934117 11.5546443265334 7.04135332508572 -3.07766811914791
6.3715209950291 4.41374644870948 -11.3713088289825 1.43787295861999
13.7998319524691 11.4793397898901 -11.3627857239311 8.86878202775862
9.52523628743006 -8.88560635767476 -1.63424694214447 -1.25457201193136
16.9697740913248 11.9848250440473 9.73952959049991 8.03433217592378
9.32608141507956 -10.680855421149 -2.22392299720124 -3.33896900104703
14.903224990681 11.1831332927865 11.8416589625582 11.8146817728686
1.54444737721378 2.81221181464235 1.6737054634616 7.70480358823252
11.0331106371529 1.24421172785768 -4.2552105584498 -11.0504381897896
12.7895790330402 -11.662937627068 -3.39799302759849 1.44371049388393
14.9558371280766 12.4223780885696 -6.82658778831447 8.93133124489294
6.27758519334379 5.54997389000144 3.79065420464041 7.29263977237903
17.9065534548673 11.0414001534819 3.94422946144233 -4.51799698030289
18.3960427535593 9.4962170064215 -2.36987628830502 11.4665381576042
19.1215183221744 15.4200161520501 9.80857151725629 15.8285675139686
-4.71376967518782 -2.90764074438936 -2.04145633844178 -2.87952492761444
-4.55376117672353 -6.86757079407523 -5.27910418654651 -6.07763557926416
11.9913397824234 -15.6274358071946 -1.23130971299532 -0.119911773980117
10.5670078034526 -1.27742726045433 -3.23040883041619 -9.57317366702031
18.2563540974491 18.2273850145271 1.61241460266841 -2.62136734147475
12.8944291003566 12.2974041857494 -8.98357724043054 11.7165112837891
11.7110087371465 6.42052829051045 -4.06050164470495 11.3527686766862
19.936789249912 13.4607894894585 11.5350852610453 13.1701601644257
-6.58417663608551 -3.9749770717519 -4.89291976756894 -2.59486264747772
12.1556525609545 14.039982155812 10.6375313515106 10.3694755943469
7.25055634693328 3.52983993551485 -14.8887841362205 3.64513969961824
14.6658149738673 12.2400394878811 13.8716677386522 10.6581240152977
5.90616435213166 3.55822590428735 2.61376893264198 0.925059967060178
14.1272118081889 13.6259955682061 -10.4014359848714 9.75785698295553
12.8506881467338 13.9177503476442 14.5476494030794 8.96774010250956
8.85789155489183 -8.28324242470744 -2.75947348745664 -0.58962058558699
13.5377747181026 6.49012686385792 -3.44593883032246 -11.2284587221444
14.3062389080706 -11.5264005480103 -7.33884916224834 -6.10441341916848
14.05299630657 13.5492962054913 -7.08698322401214 7.5175644230277
14.1598532622036 12.8847434356696 9.14445844951791 11.4030120857757
-5.34514854678025 -6.69579914398018 -4.40662462806658 -3.86402522038275
18.531641202895 14.2037006801433 12.7246952253282 14.0230178193937
14.0232428772707 12.283419550287 -2.60860832732961 7.71175295697067
-7.76560798390364 -4.39270436635623 -5.04884903698919 -2.04641787947298
10.278476959143 -10.7015484062657 -3.10598650326869 -0.328007351893029
-0.863476642858809 -5.24338353103676 -3.18288330802472 -6.40421584603445
16.3293966679429 8.22378570481992 -5.74149267490798 11.4927560320343
14.0485790860322 14.9972879847558 11.8944367928507 11.7235135742633
6.00983946093476 2.34672307352694 -0.825671244331713 -12.0827551390026
5.1773855026812 -2.64037850461627 -6.06008511688544 -12.0322603834235
18.8439546984771 12.5420617106715 -6.69054480160248 7.46943953874459
-6.19841787952426 -7.53206611187295 -2.28044679923348 -5.12593324804538
11.7692473362795 4.97005634410769 -13.1240765884337 4.19858456480754
10.570670049674 -6.8227185667979 -0.516575364417954 0.792968607009223
0.478213400426239 4.06421373848956 -13.397469182772 -2.79291525853911
8.47458328575765 1.68077000833367 -2.5044398959099 -10.8313332119498
12.1897930430106 -9.72331294211151 -5.62139972196885 -0.407075930959228
-4.26340672336341 -4.17947841219398 -3.98708438242611 -6.23176536006263
4.25204890147846 4.75083456547893 2.40105532719041 3.74097522515293
6.30891023690344 1.27405900947384 -10.339466980265 0.513658194138169
8.90488997332094 3.1270256295395 0.62366587318047 0.990485787818904
18.4717784792732 11.6490205725012 5.77128907651327 -2.39568752573395
3.852654395796 4.08834502425822 1.56412541650079 5.02126139622974
15.8562259891344 9.03093343428511 5.49227758429644 -5.68018184722155
9.41066056375524 -11.644802647197 -4.30051863251381 -1.0993210151607
6.96627125755995 5.88827203595235 -1.03288626419432 -12.0856933589128
14.0836401003793 13.9385469359179 -8.26592314244028 5.54168020725022
5.63622147333935 -4.41429640693079 -11.2068102408677 -2.2300646811083
5.94303684896391 5.97355336487294 2.66280376248772 5.48662764419157
7.19848071919491 4.61022200104617 3.39219832405988 3.51683524836557
20.5486284692622 8.87087253517982 3.05249020808555 -7.27939826437328
-5.63884573902977 -3.83746535873679 -1.0303044977295 0.142313374070731
17.7039850712334 6.25473528602032 -9.16348428645529 13.9369981020379
15.689232089083 12.530841144831 10.9633032967309 12.3601913830217
16.1948323431818 7.81886469308184 -4.57060764362184 8.15364001550314
9.43323692239085 -0.17781991520522 -9.14613517731557 3.03321926264462
7.99918441269899 -12.8672190665185 -0.287606260703346 -2.41613473427118
17.7709507740444 6.83266173584577 -5.08238491904312 13.7540703201009
19.875811975302 13.4575563868531 -2.72167527912131 9.89587459720345
5.37963671074009 12.1097112271127 5.87662466894849 5.59550291876726
15.1111007626981 12.5055027647345 5.76512487501721 14.7945983595603
17.7540872149046 9.64271624207155 -9.75800273841987 10.14603393928
13.1866394752459 16.2626710081528 13.6741686225614 11.2651437524046
20.4782716833952 12.0563838851618 4.52508995253908 -5.6324531121974
19.0535337002064 16.9862884300341 1.16984436827018 0.177499965288749
8.3684586760444 0.912633093762768 -5.61728241135202 -8.7361735697704
8.26753670160235 -7.15275299300625 -1.72466188841831 2.64986222817326
-1.96075570354568 -3.29891357312742 -2.46412914021133 -6.47384195082811
13.6088944478142 11.0891354497356 10.9293590299936 7.59938257821289
5.5107429941154 5.5654962131628 -13.9351149646014 -0.406327778487151
20.4688936067998 9.82444022081024 -6.17854822370625 7.99986248496424
19.8478011390304 8.512218651063 -5.45310579369099 10.2524369487078
13.7864312992384 10.3610765005473 10.6950458366911 13.1548697273607
18.3204189907194 11.4868622891631 6.42489891307896 -3.21437740316
12.5155969518872 5.26307515466602 -3.78929981951448 -10.7051702148205
14.3872832420971 13.1179330760092 8.73858973053213 11.8816650395988
14.7385356616259 11.5899900129436 -5.99972624758431 7.9503276248736
-4.86362267361818 -0.346600978736917 -2.57078830157237 -4.4404014830123
16.5663700225008 7.71253966868411 -5.18461818327501 11.1856226183565
10.7676489321452 -9.19694831768584 -3.65067443374265 -0.841213418787195
17.8966498748692 15.7795587379963 10.9143831197297 9.10627521269925
4.88682754042799 5.12423451022006 -3.12366729110112 -11.9549139033344
6.76314908107176 6.95247896660848 7.2672580965834 8.06932527669989
14.5171201714115 12.6852395947401 -14.2724027519 11.3749759855612
7.33400003956318 0.688199290767766 -13.2085038228145 4.68428361418747
13.6385903565143 12.7029575807969 6.90846781414896 11.312991673075
9.8360530917355 -10.1618294431917 2.88164407064554 3.76267289523975
16.2236857347702 8.38360772927717 -8.11151706988846 10.0240145159086
-6.0990559891737 -5.06727800469406 -4.57051352282595 -2.91648908291531
8.51524280555043 -7.05089367371895 -4.77522939027904 1.45411476324262
15.0248207710505 15.2318283163303 9.57679162574343 12.9584101194554
15.2547616627516 5.95152064190658 -8.68871702602287 10.7233465857129
19.2539839916215 11.5446397824688 2.29195872008367 -2.70345201190256
16.1416916771774 13.535626348949 4.61503263597983 0.456327365994347
6.90720602797388 1.88637914505731 -0.815452144182752 -12.0720902325292
1.47140856604793 3.69574807602116 -1.43272606834265 -10.8452375179022
18.3909289843683 9.50257129704236 -6.78400428599619 10.2311305063416
16.9944949537155 10.7352022604747 -3.94345062009688 6.98214267646562
-3.89107549719382 -5.58815447599205 -2.65921465806812 -6.54261847923901
7.7223721037199 -14.0974487925734 -0.0437506478486962 1.45149668115487
11.7050959932679 14.0256252666883 9.60806462865947 11.2446684703967
17.1037210165992 13.0549810721093 5.3619563902756 12.3026490438415
19.8776176634447 15.9507305017415 1.90242467811532 0.572836926546731
7.67562241957491 1.297994459767 -1.51919986277129 -9.51018917092106
10.0331868036653 -9.64307045188878 -2.28679762818622 -0.848534004064548
-0.171135878332853 -6.85819918986144 -3.95473678839789 -3.76858589043844
6.87612576316466 0.382704339554772 -12.779895653745 -1.25066660843328
-6.19939360080801 -4.04868463188058 -4.83889232708724 -8.25204149888875
-6.2880355316323 -7.16889724144557 -3.3189142167747 -5.80062126026641
21.3920188471485 5.1736418498562 3.54527049393406 -3.97028168636887
18.4692123626363 15.3373313491753 -4.12145365633595 9.43240856651506
16.3601937759859 9.20947959666625 5.94534904613892 -2.63066644003813
14.9961704261725 14.5681066357746 13.1636172141479 11.9022267609045
8.72162147274952 7.33239681426805 1.23515142216114 4.46745084174536
5.03991251643778 4.0539154291788 -1.66904224574269 2.37977898742448
13.3997715811489 10.1393956838552 -6.34853798490085 10.386143272604
8.73244618264577 -9.34235165548211 -2.59946686202109 -4.9343880902662
16.9111044594471 13.7056639714314 11.0932716926252 12.7824473843901
10.6169909219999 -10.0154949451 -1.08155833727874 1.78864908448715
7.19815003168768 -12.6365839070943 0.682935209973698 1.90632032741466
17.3842364680663 8.19660887894086 1.09770849931617 2.57509274760027
13.4348545378305 13.6285155847911 -0.501097537900653 -5.62867445957036
18.589803413793 12.5161132756751 1.67575485559421 1.6259076491792
3.26563926645714 3.26428849485181 -11.8687507227408 -0.320590296074707
-6.18316579220869 -4.88936014504227 -3.56783001514909 -4.8506383375866
14.8030138225297 11.2090378140594 7.34095924486282 11.5827373762169
5.33159409231324 9.19781291463693 -1.54522209457533 -11.8191189735737
5.48432427042074 2.70336087953207 -5.38779562980094 -11.4379411683377
10.5724677893298 -8.66585680292502 -6.33100517535669 -1.67611755640654
16.6634916107228 13.0051424924112 -3.91646921841746 8.05288494125258
8.34941685624434 -10.384287216251 -3.15676321846985 2.3149899660123
8.8203241594036 -12.880922670217 -7.30819938417379 0.721578446721556
9.52857303536922 -9.26817458845055 1.5596999138289 -0.015892003150095
-8.07100578879499 -4.57226561202475 -4.27513439307408 -8.0401478792743
5.28633395352451 0.130160478362033 2.12888471836953 -0.382937262214934
5.75816207204076 4.69286456219927 -15.1103176473805 2.41561600914608
6.64920198859616 3.89844456438683 0.325663416228105 -14.3519736582656
7.06785363727485 1.99498450781911 -11.5265559513412 0.78424373432972
5.3581337153323 5.34571872898952 1.07065994188287 6.8098088459978
9.14483457878425 -12.8700545341155 -3.41958701557684 3.34165503984124
11.8041993636435 -8.11048559841245 -1.27999412025845 -1.13740633900546
9.00825473013087 -11.1492652131002 -1.22983589535073 5.41498293087405
16.5211152545918 15.1489858046663 7.70178444021835 11.1101714702352
15.0807702718533 14.3597783950637 6.60003316738255 -3.11126776023413
14.6867505739034 10.9028185672463 11.8970413244628 15.0492544176799
6.82203287871208 0.265437505161104 -11.9786548934857 5.36884672482334
18.7810666840001 13.7768313440398 1.40116758542328 -3.6090321748735
23.3196918039538 13.0991529062615 3.5687395083105 -0.984012433614275
8.53716830393298 -9.09967437941992 1.21312030789334 1.57175108993006
14.1978994741964 8.58183416007725 -3.36305866403728 10.1611140886213
6.6421751291714 2.02263788944483 -14.0932044931823 4.25070564332895
5.1412341635749 6.81801962651837 -3.0888713019123 -13.483855588513
18.7121031565989 14.9711008680174 7.33771933250092 13.1001538150391
9.07436632871891 -5.64300826978614 -1.46400934200798 -0.956875345117768
12.8149301553221 13.6124029744784 12.6482814911174 11.5400460277138
21.2974387656823 14.8611984827577 4.35426882086158 -8.39167723659055
16.7844168499109 15.4089911586628 8.91055523135869 11.5715270781401
18.3164262700588 11.0164303992371 -9.71321565513082 8.15741625262296
5.06819156133886 2.26361348935222 -3.89821189035442 -13.0224202396267
9.35877011550271 2.46306231025519 -3.7640383522151 -13.2292450501997
8.89416025242236 -10.6880588718303 -0.699398552375779 3.38734110093033
8.04267430334262 2.44726043743121 -4.41362214566936 -15.0552980123847
12.8896880006063 -12.4991759721027 -5.26490871164204 -0.387045702288282
14.531872417736 11.9552439491012 10.7015983697401 12.7942493243049
4.26895640993575 6.65767976443165 -4.1066617103688 1.26888644182907
12.8566732862301 -10.2725881842989 -0.364970049110919 0.664902977791134
10.3385486593792 -7.74317279345029 -1.50052135580128 -0.487587370133753
6.13124654792212 1.37265884318137 -16.891643131415 3.1791916243108
6.30035374420923 4.30336531259854 -18.1811046327989 0.591720569220667
18.1184275262703 16.772709206268 10.7941092568531 14.2778256682375
-4.74692841307797 -5.77068287636608 -3.33702798909547 -4.65754991834733
8.95601407807981 4.67834616926895 -2.04123770914638 -12.1161511169015
10.0060571366088 -16.1695777134886 -5.25513203746199 0.738204459175216
13.3566074863938 12.0585241284263 9.74045100761033 12.4790277074485
13.9423900669472 12.865016298157 12.7172656846871 9.491940687092
16.1495580767072 15.649440638254 3.59850899364287 -4.87708270511983
7.90216938541902 2.16296810129086 -4.51136687243397 -10.2602005157375
8.96641414654535 -2.83123273448132 0.269296093371136 -2.5060862035372
-5.16389413330454 -3.06993080913831 -2.17388972161195 -5.23236516165436
17.1935944889195 7.04593102070418 6.9841957881968 -4.93857106064523
15.6019304587501 15.8395099284973 12.8186908127279 14.1984948282132
17.7205574215265 10.1471165564966 3.59962089997508 0.863177152548629
12.1450241329584 11.2909923351691 7.43270386728796 9.10284898259129
18.696798905226 12.4824107630555 4.12380090434828 1.11928484216788
10.4722028064469 -1.71100500115238 -0.458575714149651 -13.9446447330528
6.73311425841423 -7.30306015789912 3.93471474702453 1.97038803005874
19.3640833069681 13.3298112569021 10.4946116570183 12.6272668010407
-4.38266837196408 -5.69275622699788 -2.23961784055528 -4.76038394096289
-6.42452177741139 -4.2727923196918 -4.07635874287817 -4.56803505905209
3.76494379981888 6.06511333177639 -1.33846163974082 -0.200488374841846
18.1155695818252 14.6060898556818 3.12525490200401 -0.292928799215625
5.29753995427157 7.20931438988383 0.108501611812664 3.46419115245395
-5.19193536487776 -2.4451389748154 -3.78315732990426 -4.42000736138466
5.06398989438473 0.662704919916359 6.53161789687613 -0.141708791033731
7.11781631729598 4.43282654754435 2.81315965923999 7.19310105220616
6.50610350845751 4.56199528634874 -12.9967218473948 3.9765986569995
10.9139666193129 -15.3155086741008 -2.07417817678569 3.00199607788058
14.3940005013497 8.12430761774671 10.5792428227008 9.56448416539397
13.6627534107994 14.4672615136614 13.5126424941436 12.707350990674
16.2451034237946 -9.37254023043605 0.515422054415105 0.908902099896011
19.0940048237559 17.2142910580678 10.5772198224148 14.4095316644604
10.0912278032709 -12.7632329626041 -4.28696222263339 3.5289470738701
16.8531804630294 11.8544783605908 10.0167394699163 12.6367336423814
10.3441938973149 1.00417583971315 -4.00858990479313 -13.026810526444
2.92607057351764 0.703725986433657 -15.7481426159096 0.479035853105585
14.4495444276223 11.7672578092208 9.43283436298093 11.9502020095849
17.6672985252326 6.86120462982901 4.21522835394363 -5.00538149160216
19.2528229342037 14.3444949535875 4.37878040542163 -7.28071650013305
5.71086826588915 4.91561596747053 -7.01750359321451 -14.3344040401853
14.5880325094117 8.12311833659118 -7.77241690380737 8.73427789589225
3.92679621258924 6.7295657934798 -12.609707423396 5.15704294768039
17.3981872711391 9.72862825711162 1.96453557716973 -1.35477657308282
16.429013132943 10.7253376976193 2.75201600321613 -1.89753853391874
10.3891860194101 9.47652937110934 -7.70337396182829 10.8932265812325
14.0455099564537 9.02313720724158 -10.8448825639942 7.86660779132168
4.38317636532525 1.72007786521793 -11.6950054256376 8.37577200688963
15.405330037916 10.2785331436709 -4.56817146228225 11.9718881657442
12.3968542019827 12.4220817956739 10.5558283313399 12.0654373637059
-2.71088517895664 -7.53459024451893 -5.89735395701942 -7.12746037580854
4.51438033802894 4.52604048999065 7.38463785557978 1.93156400884645
7.70035155976857 3.72886782514839 1.07128920386854 -14.6078709301912
15.6878923093406 12.0308594265824 -7.40584162676505 9.38228320755437
0.90780491572732 5.86705373068338 -1.6102824022154 -11.3046183180692
6.69291678552914 5.30801232013934 5.95531626467903 5.99498848101795
17.1705792091594 14.3764465250096 8.85263857607359 13.2168030878684
17.6362825911167 11.8191519817558 -4.45811077675422 10.2408467692308
9.59408444651456 -8.78135016006168 -2.33502852405954 -1.57659466357746
11.7234798294078 -11.2635776766899 -0.167735832303561 -0.0422683497608128
16.0085294419277 14.2281931502952 3.58317102867464 -1.08565069731618
11.5884762160776 -8.37870847027718 -2.70830604002224 -1.58524622883986
15.296389602893 11.5305419987968 8.47833681632975 7.84792210013462
15.0939886734083 11.9713811894633 11.5338225930997 11.946872800566
11.2753386461329 -11.0892165433415 0.731729842462168 0.915006789367596
17.3081611874806 13.2888178824137 11.3246554576856 13.5669680223284
20.9917925885797 16.047090019845 -7.80337636962699 9.75713860608897
4.26514977767379 -3.21166298904058 -18.5105126438491 0.0334096087467182
10.1233773593844 -15.1558019338543 -3.46461500187173 -2.03929079591079
20.9043764239839 10.2250150878217 2.46587103915153 -3.42042298772038
14.2234977027162 13.9072428234947 15.8731951355322 11.5848127788896
9.22200192391956 -6.67300474025024 -4.41746231093202 -3.70214921895979
1.85802426658971 -1.84285754066459 -4.84972601584694 -12.6127625610889
10.7966524199417 -11.2487737340555 -2.99566843152333 -4.02344784762758
14.595929943825 11.2473881439245 9.86890671666066 13.5972441221977
7.2049977042498 3.1156707752053 -6.7273778392307 -10.0186273644239
4.4109683440394 4.32202366146066 -1.68344803220942 5.55425854445144
12.265550551177 8.40459531262256 -3.38541488819036 9.66977027411761
1.29979624890097 9.44782801053572 -4.02508837425255 3.54527941192379
15.4551110599929 12.0988867564813 8.50928836524094 11.2268701248693
15.1646876247823 7.06918823927024 -6.02754379799789 11.3116448878108
-2.10989421146843 -8.1478633759248 -2.17664824031875 -3.07025588283611
15.1967796137178 12.2139557733335 -8.4362349613085 9.7135454349671
9.84277924618798 -9.46026776550907 -5.23597370997137 5.21527238983097
5.56016393572569 5.74985634830387 3.60482685364893 2.46454915396672
8.06340421869044 4.056198742838 2.21151787649132 2.35661513905909
17.6065935642295 9.84626659618059 2.12284050217353 -5.65895030082719
8.30899687985711 -9.14950737061803 -3.90777708756503 -2.25438004800842
19.3161422104527 10.7078825816179 3.02706981413031 -1.46232455653843
-1.73126882059562 -3.0845390183103 -1.87124998900441 0.404265410618923
14.1382344220104 12.313051815945 6.22160602590135 14.1080693397288
15.1658528379489 7.78062204481302 -4.0769897753707 9.09248413733649
19.274030427776 8.06219897514295 1.38322048512861 3.52312675273863
19.5749736363156 9.3694630560555 -2.20095083863961 6.19493165088863
11.2593214404913 13.4356126423858 -9.03537826292237 9.69776869210044
6.36503249382148 7.33761744748397 2.29323117788335 2.41382102030845
9.28350255738879 -9.64295981563952 -5.27090368675757 -0.608559138881566
17.8821363614758 13.6958587371427 -0.460106875466725 -1.66048333443631
12.8527313774044 -3.17985513846479 -16.6862208057829 -2.68007213214901
11.2667781458383 6.04527230650056 -5.25823408979569 -10.9184248511456
8.53892106450664 -10.475170691422 -2.72284700457485 -0.0157848675152654
10.45453920184 2.84635337063854 7.42159592448293 -1.82000987332521
2.31265355003231 5.26992716870401 -3.60579785395806 5.82634747629807
23.4983296147529 15.6501511738587 2.16084819947527 -9.29208070725476
-6.57263006667758 -0.43276518019042 -5.15034831370704 -1.83127637951825
5.9706350954336 -4.77403138891463 1.83881656557819 -10.9864610011906
16.736256654123 13.38049215744 12.737645395485 14.1186229684007
8.82845123720447 -4.66663734660282 4.96404594825194 -10.4392892307632
14.5158953492202 8.51872441667219 -9.51463784088678 11.6125196064173
11.0039033065791 -11.7992112810606 -1.55299729112194 1.66181251334693
-0.479156305163709 -5.81946195628826 -4.2239703191259 -4.75977464398618
-7.42523882605317 -3.6076438146402 -3.0079371079703 -0.555512870868814
21.8535468159971 10.5188821564877 1.98917552890948 -3.54927644907494
8.26916677269929 -3.2307549470761 0.46929760411998 -8.41696472831406
16.7317265965129 11.293191236772 -9.50702820878873 10.6125779991106
12.1959937201243 3.9616139493817 -5.15875354323261 -12.3348206031349
1.16521803864522 -5.99303200148736 -2.47031292389034 -3.90048953887099
6.21306579993186 5.6629434723742 -1.47637244203015 -13.2163793558414
17.4628883893508 13.4587696689257 10.7085902400458 14.9220028245565
8.24940554065479 -9.42611328716109 -0.938564026504046 0.202302063061342
14.5413562862047 10.7445210127661 -9.89418686532707 9.8498741044539
6.8547681802842 -3.73259603136477 -0.446788331362403 0.397695564773228
-0.799486729429452 -7.23882944476502 -1.14119726862063 -8.27372929471532
11.8537497902515 -0.98448700642137 0.0303165366917497 -8.52548453816832
12.7666740729351 14.7265737766177 10.1332230990704 12.2553208525649
8.97681794816998 -8.79625708873147 -2.08378758543109 1.12447895825266
11.2140842826838 11.4807087071836 -7.67049195548287 9.05304262327541
12.9863974986396 -11.1553344983776 -7.92749376787044 -5.11907536094978
8.83547701326214 -0.600286996244974 -4.85159225855097 -12.4465104065657
15.4625391049719 11.2687175725036 -6.01217000519724 7.13932686700928
19.2036676603978 8.14217110391236 2.81338066082486 -5.72075215918665
3.39532596846213 4.95178512675807 5.21142391113475 5.14340474236229
5.90477587233409 0.721575852077611 -12.3620639511847 1.95699718983485
17.6787157909929 13.157040315712 4.5316444489438 0.875671258824778
18.8243464255419 16.3624934631707 11.4331000983623 13.8452570156994
-5.51270213653271 -4.5256415892782 -2.30678945047515 -1.88063927592592
13.3043120910293 8.79930944699525 12.8459591696132 10.2666765989469
10.0218221813086 0.337381309743395 -12.4117010313678 -4.13519823344228
15.877683379434 13.6128451354444 11.9545860787925 10.9470622866507
16.6762023504919 14.7035417684088 -10.7327821902093 12.7774096310497
17.4996557489316 10.8983974905261 -6.15088782143619 10.9068593997575
-7.11724994372836 -1.27876184019281 -1.95412028533223 -7.58030143979463
7.48434907329911 7.44138688273039 -1.71521129089792 2.6874323720391
-10.9612316933964 -2.91312565279611 -1.71022588882905 -5.54151618192039
11.030852383126 11.9980066860703 8.50777672108408 9.54604661105456
5.00136974673962 -1.12362801212657 -12.1851146280594 7.61549186711096
10.3338189804737 2.12960653578704 -12.5197836904106 1.45984027747309
5.55707038660776 0.501714342328581 -12.1689395563561 0.460099925733391
17.7477028458091 8.45316102373977 -7.73082261691897 7.49110195401409
12.3360062408276 0.188618667774657 -8.66646385166362 0.776605629847022
13.1395593116871 9.64842827835956 -7.99622397510508 8.09672024955665
1.89538987560434 -0.297301940651911 -0.580816585455201 4.35421985937212
1.32187678971435 6.19912884682885 1.1102172212806 0.890416272134493
17.3183273432269 14.4747364902509 -4.39166105587784 9.84354409549322
8.89766283226897 0.687284678689506 -14.4900204682671 0.902856917841551
7.28981875566274 4.18081188549039 3.45632487306289 7.28213058792456
7.53543083010229 8.01857382468091 2.48712129313971 10.9562503646929
11.3939917120091 -10.1465685956601 -2.91829759047955 0.300878956165872
14.5199073952124 6.87503486905219 -3.66490628326345 10.1116353278186
12.4620595346611 -1.11589174253284 -3.74401916578408 -12.1500913569668
5.58540741666011 -1.64148215452383 -6.73398815952172 -14.6608729822164
1.22024862929533 0.311428164290557 5.16783656048014 4.40502410115613
3.08361930095034 4.90098777794483 6.43191544552756 -1.55017073205212
7.59041860809139 -7.85183733303119 -4.75517849002724 0.409624386659268
11.6397697456918 -13.9689470956074 -2.83002068328418 -0.0397407695932906
17.1762248841543 10.0177917614356 8.84818096859566 12.030326907335
12.2355766782297 10.1738739195402 6.81172127931124 9.59451812273424
4.33806730515986 4.75206086639089 -14.2772405695277 -3.20654282824936
-7.98911291243837 -2.29636624635356 -4.63884550931521 -6.09876338289871
-8.61261801461477 -6.0244960740204 -3.65790026777126 -4.0197003900719
-3.93057735557374 -4.84030242034589 -6.94214967034309 -1.14001367127253
12.175909517358 -13.0563100433473 -2.08185837419197 -2.54357629078817
17.939000619704 13.8277381738938 13.2660550007165 12.2518420254726
-5.35910562971993 -3.48624846755231 -1.43571688898918 -4.10379497223229
17.1512853171592 14.8702067143254 5.62556338916961 -2.94422424610419
11.724985275299 -9.88813647975275 -1.44087162983427 -3.56134872166832
-3.8758030449844 -7.25472466940645 -3.05508720979966 -4.35377905762907
9.50558851180845 2.53169413682793 -8.48363091830621 -0.923678929121676
4.83167070888091 3.31153921656271 -16.7856849592199 -1.25933481899714
3.4100542845543 8.26687863938762 -14.6399014165472 2.68469169981979
2.34600990275352 1.92917523139573 -2.01657963146317 -13.1618215191018
11.7601369740007 -10.2066545298234 -7.52102952452004 0.0235187347518032
10.3575016827322 1.79572324873905 -3.24889545298048 -8.39116383211187
15.2433921657529 8.97966226902673 -8.53975671453088 13.0697024608858
13.1138407772817 12.7886968530656 -3.6993444820824 10.7692066687341
20.7581400243982 17.8042171099572 2.76636650440562 -4.91979240477326
5.00958613215479 -1.00885992838619 -14.8852519860303 -2.15093461006712
18.0080244177074 8.25004312211473 -7.13766110671757 8.89136190723077
18.4704404144591 12.5282648164029 2.19653603800284 -3.6267242424144
10.4025260175697 -7.31376819206864 -2.33391713649237 -1.01276677508105
15.9559549458467 12.4492949125332 15.6808973565401 15.737456397404
13.9854334803755 13.4111300907257 8.20032743640916 12.6846225983868
14.8470035083984 12.3507712144291 9.99741744972182 9.49242434632019
-6.08765733213782 -5.03423273781593 -2.75025575139711 -5.01226279455039
24.5949251315994 8.57997274167482 0.264886167099005 -2.33221686559323
9.7708182262359 -12.6912359387194 -1.0364203475005 3.06556920944489
16.100459475906 13.6469905536595 8.03414070868754 12.2475950235505
17.7859609176946 10.8407279873253 7.54488659651048 12.6530587713016
10.1633025912614 -6.57688743625233 0.553667363469256 4.20041790084223
-0.486818940571792 -6.07017379798368 -3.41168540779153 -2.41457030778922
18.9930066298988 11.3887767065275 4.17300533841309 -5.41004321484502
7.55825811375948 2.48393363911281 -0.806813827299676 -9.10352464745733
3.96717223193661 4.12135929029711 2.1028028522427 -16.3138620714332
17.1291915913831 4.20316934838417 -5.4450210611484 -8.75462630438406
20.532824742158 10.0220466310968 3.22487349887106 -3.30378868677044
17.8684785081475 12.7509025369188 2.31660533348657 -7.46602574755387
4.64088382446193 4.85202362027676 4.72105864859631 8.64282263514279
1.60985402375304 0.224735843814081 6.65433524466315 1.52127432411002
9.84691945690555 -5.97051348710715 -2.21745458869013 -1.352419143635
13.6210443109582 12.1090634120692 11.0076892892302 10.2000645579122
16.067896467271 6.76337806375163 -10.7447755731613 11.0322648009219
13.0625379426337 9.25633722833197 -4.96319640509508 13.613238676059
11.5308060938647 4.12032364974611 -6.97127327848558 9.65401628176704
7.56991547987744 2.55877649213882 -7.48582543925803 -6.90869346447634
8.80638231352703 -10.2200592450791 -4.60029199613971 -4.93129088399505
19.7554663876069 8.17557392644964 5.14786104444774 -3.41283552465795
16.0449699121221 11.4892187018902 3.72400574656926 12.4605732456001
11.4852789658893 -10.7148434519566 -7.66871768743103 -2.55288853328268
14.6147856926665 12.1271401977028 -4.92422266950435 11.4855943049179
10.7783489289046 -8.67583882179852 -3.32204181194589 -2.37587931367506
13.8734741628385 16.5538123813882 -4.50867592119637 11.9550232564242
7.60329651707063 5.02858626958238 -3.66523200686735 -10.164838048053
18.4727537493617 7.44214194349432 3.77449131436936 -3.14535759385066
18.6350982857474 5.82242581666832 4.16066280695061 -2.45227902116528
13.8180131111787 14.2866582070909 13.3784256930075 10.5550331944846
8.3289752982379 -0.537391326491118 -1.82609037038568 -12.1715750942746
10.4079565241788 6.47881812656099 6.65909807010187 6.35880253094842
7.62640245690416 5.72797324719294 -7.29664266761874 -11.5598912633061
-7.92834115571043 -4.60964933450763 -2.84749323766606 -2.73339532343306
14.628697220282 9.40641158150592 -5.94109291471631 9.29960117296296
13.5322592285059 -11.1290661302729 -3.95114426912514 -0.310841467629259
6.71986091132935 6.80840284584729 0.625412118324737 0.508722236896356
7.05113523344195 1.77659570915126 1.36743209751109 2.6260480117335
23.4611753216376 13.3448808340972 4.42291172316494 -5.0252188759232
2.55355147861815 7.19863683942114 -0.0735729467282393 3.45261181278198
13.8921996506604 3.87949373941616 5.96645231974425 -4.07896585910344
17.114169426385 11.4277736816159 3.07862497248133 -1.61320244572563
4.99789434503426 7.83152403505408 3.50840521491103 6.57906501566828
8.25439357139406 -6.2487160265025 -3.30651320532455 -3.77602971703097
3.80498178541285 9.4432654690605 5.70499658485519 3.39285596063472
18.6669271041962 8.24440105981271 -10.1135982811962 10.5112352087529
8.27832685270911 0.261378623646356 -16.3983695900769 4.09159057426934
11.4853232169074 -11.8770759287344 2.08557658207348 -0.116763082019899
10.6751725490458 -10.0158261329419 -3.5262103761051 0.475765718182074
18.772225284768 13.1645845998686 -1.39962213669938 3.13933706236263
17.2156784060689 11.3967893105566 4.61505363611476 -7.64450277957727
8.6002577209205 -10.9236481173798 -2.54907119061215 -1.81520750135122
17.6535283309607 11.4648491296037 4.9926930060844 -4.77052132702484
6.05680879027092 4.0644060605985 2.40855805257643 5.73009765919612
11.609828760418 12.2288408896917 12.3113907475324 11.1551520452713
-8.42754024446698 -3.60714740510415 -3.88479419706008 -4.89873604968613
10.480624992464 -11.6347177271286 1.04462007071214 1.05185975482675
6.67956951445948 1.9957381344395 4.70453613394025 3.84654431249819
11.7355931736566 5.30360433389925 0.473120082455035 1.20757491608519
12.0304915745352 11.3344264758026 10.6802760554891 11.8259401221137
12.8610807323034 2.79043512517746 -2.27773598425669 -13.025151467361
15.4535383051405 14.0355072245473 8.12990008946493 12.7655070470789
17.7740756405848 16.4344153051782 -10.8387383602211 8.58177055181129
5.17091845025192 0.304461769556037 2.59790033834187 5.86860249807993
19.274645032737 11.8323706837346 2.17602244759649 -1.45874539485473
13.7027023030638 14.6327711800561 9.64902150744828 9.86012756270258
18.5992036119952 10.9032678442939 -4.70134680498697 9.36604346580461
10.436472823783 18.6118167494465 -1.5875155714152 10.2270032353237
5.41552898724868 1.20362678503442 5.95409488689756 5.49430692443312
15.1422015918132 13.1313737348936 10.4349135736229 14.7785522333942
22.4889385394314 13.7676621904422 -7.09517914573387 9.34227608156093
16.7050564432308 12.3218454143199 14.3681821030856 13.5119749600231
13.4233058458294 13.3471961991198 9.10513558421345 12.3031399008764
16.7610814572879 10.639319804537 -6.35234798469597 6.57542958298078
21.8536023867912 10.6961072796493 0.70796212263624 -6.80029548083302
-7.43782663052665 -5.0868886708629 -5.27745881092661 -6.70374171952687
19.0307013235324 8.39062339360056 4.913255946094 -4.42253251406595
4.87319282892816 1.40974610613016 -2.29828056769794 -13.5293042306494
10.3655166024947 1.24566922958306 -6.0603605922524 -8.83082761107975
7.0345113055396 -8.24530850275045 -7.39233156728142 -2.98426448131366
6.73509283008727 3.0405978812429 -1.47912361069033 -9.50088956080456
16.725496713045 11.8826742220548 -9.37549825533715 10.8404668601642
13.0652162618773 -15.6164256350234 -0.0142531802691974 -1.03946320022204
20.2439927656508 13.1757308492535 -6.8783264089792 12.3143565747409
12.4632701705947 10.4019019160806 -3.55357532696462 7.30700622767933
9.14484134845987 -7.08468182540389 2.03097384738176 -3.21943037037956
15.1132187445477 13.1528795709488 -8.97281590213051 11.102136014822
-0.739987766325966 -4.24008826638296 -3.72347228262395 -2.82581235111811
13.0188211492948 -9.35681605709166 -1.30718892680037 1.27794776234435
18.5879577115368 13.6781104591744 3.41119637099003 -3.13154762800624
21.714647086438 11.0890729636932 -1.87862667115264 6.9323834894274
19.369590357307 9.60791912339502 4.00945137979545 -3.01812715745581
8.34421658824654 2.85034718212717 6.16540981620075 1.88932834146631
8.44330123465151 -11.6974749303348 -2.47735288229065 1.65491510708793
9.97344877339164 11.261376360732 -9.35295039618713 8.45330527448174
7.98754228760163 5.57693113938958 10.3132040772823 8.37390584639552
16.0225714328064 11.8330113089049 7.87759903431358 11.0821664061637
-0.0696381119728064 -6.55863875014686 -6.35772763234173 -9.00868420274163
3.66409809381876 1.30996399748186 -16.3080577797868 -0.082359354088289
9.57733397692389 -9.03641053685897 0.172927245243945 -3.69369400796629
11.9840607067378 10.2544057130244 11.5111392894396 12.2732696247271
4.69541250630223 3.82003663647352 -12.8580149363206 0.028663493747946
9.47487818983023 -4.15058474598558 -14.5473608622372 3.16044832414353
-0.525136086588334 -7.42183623625853 -3.23300105817402 -3.2892483533843
16.4807420700811 12.641385231623 -6.83763066666969 7.91293759620378
13.6149838910553 15.2624618427999 -12.0142828820169 10.1950145310378
2.72296226723577 -1.77411031860547 -17.2343857610089 5.39769146323532
-2.73566076337305 -7.58902173297103 -2.0622587332822 -3.62826560476712
22.6357797089713 14.3290223543578 1.54163175563837 -2.11572704597529
10.3278811233887 -10.4430884745162 -1.65363876944697 -2.62244939282831
10.914448609084 -8.83535690034803 5.94773512863095 -0.304447918521048
9.92676922973585 3.12285917429954 -2.03230346106272 -7.31364576266755
5.97556814044421 3.25905478045262 -6.90171813550787 -13.7390563594382
4.00019487773603 2.09320072567064 -14.478393048437 -3.44231682004819
10.6288356679527 1.94091777897168 0.662251339476181 -11.2525395634065
10.252293757621 -7.80602378667377 -2.39176804087738 -2.31406543885655
10.3118950631777 -11.5889599059758 -4.23232242066442 -3.55355546094185
5.68446697695825 -1.42604044365955 -15.154872585699 0.844760403639463
-3.0056296830334 -4.23826828959475 -5.93373896257818 -4.26226489749386
11.9290829714985 -6.20664224727188 -7.67803168751497 -0.828645482447756
-4.23001762929491 -6.49345686526598 -1.78986183446437 -2.71209535747556
-9.54358862784882 -2.45217749183798 -3.49600264586572 -5.84030474670016
14.03147584272 13.014317638914 12.5821575322131 11.438668504887
19.94802314683 10.3031789664942 3.81928355951842 -4.86487416244121
-5.30030329000823 -6.41519109439555 -1.49991152467 -3.97651070572631
7.4722957970807 -7.55448192250416 -0.615979034093809 -0.0604606036050007
17.4621190952356 6.75325044981206 -5.24499200174248 11.0527723747545
18.4147025169965 10.1501341264496 1.85590900403552 0.405566200610912
15.2393964126094 13.2989044056052 8.87653099306246 10.9114975312275
13.7343502202254 12.8455923532318 7.96298842789748 14.7364934195703
3.86745968948567 3.24104922108859 -14.4958933391852 -0.894323030401861
9.33110514963454 -9.35756123791733 -6.20235848013475 1.52382956162641
-0.311168945459094 2.85070265737518 -0.614519961346387 6.26667350976131
14.2478479030245 12.4235424987586 10.7957779727823 11.537414524777
4.97472337440611 3.15380502714257 -0.90430526722229 -8.68504794905981
17.8987745124585 16.997764379678 3.12236642669 -5.90247476140935
13.5232643520803 14.2554009158658 9.60008057663175 11.7997890131713
11.8154922556504 7.55562423230924 6.5063668187263 7.08444543489934
7.75004096168411 1.40446973099884 -4.87490795393309 -14.1468279939741
20.9947994525106 18.4887784952978 0.703943309448031 -0.216054631957187
10.4621313662839 -1.05647851209356 -1.48560193717383 -12.3333450399798
-3.821948560361 -7.2962782752329 -3.02384191210247 -2.42387055465978
14.480065302068 10.8382490313692 9.37832519302551 14.561070372687
18.4647110373194 7.17443556702465 4.39822240714973 -6.26885122092001
10.5449762301958 4.0008567691866 -2.30334687099501 -9.76023407844666
16.1853279911704 8.36878228305341 -0.70845593314952 9.8274659718965
9.46963673644222 -11.3793663427186 -0.840348935171842 -0.448592894605383
11.5011536229361 7.63692802201486 6.1278805028997 -2.92387102368245
18.8748996349643 16.777109871922 0.893292796568814 -0.977023794307287
22.9039378442441 10.6900990096595 6.05801436334758 -6.27550325719365
6.12435409294804 -0.561464171897229 -2.91681936303935 -13.4855987615242
7.57523867782394 1.6272807178135 -3.84453509999786 -12.975689391221
-3.10994273324043 -4.73413392440303 -1.58901412236222 -5.3230504428411
-6.78452697485756 -6.88884748515924 -4.89863273730046 -2.00683053733847
4.82289060492453 8.37589782236351 -1.14061748332264 -11.136473341169
11.7025744509454 11.4256640676102 13.1226407306215 13.2636300827435
11.5474557681003 -9.98086112786345 -3.98179306275559 -5.1209646360615
14.7382212559045 -15.270341496962 -2.95344008442786 -3.11028583358868
6.55913614458614 3.90153824570573 2.90520453553961 4.44235233277316
8.84969298927818 -2.0285702986435 -13.948244666913 1.3165481773854
14.075262714647 12.951522746161 7.3630620635577 10.4121589562916
-11.8328839826659 -2.68735630971377 -3.56272408713772 -1.91733201767936
-6.7907062178097 -2.7961938774711 -1.3384284278777 -4.06619289826503
16.0815193215642 12.3219718964581 8.17396571988524 11.6133708963129
18.0984732362927 10.9454600530258 0.71842459395407 -3.62621379578485
13.8948024408951 12.7278059596196 13.8595025781587 11.9596813348182
-4.42765997324974 -4.72577681548397 -3.02968765182403 -6.73596919105801
17.6501705841584 10.6038385534675 -8.94172123475256 7.54101600365443
17.6885948781529 7.28644962639955 -3.46310587807592 8.83271752626464
12.7032481981875 5.82095071151651 -4.89547972083055 -10.9140404224346
6.65805151272099 -9.01692465931548 -5.5615032323238 -0.955605552178826
18.1830141991 13.500614774136 3.24147685138432 -3.26910256429692
15.2817005768801 8.97551128001983 -7.77761315916168 9.66797685570129
4.22151847419986 4.91345768667288 -0.594086916496022 2.41339725698306
9.63913259152033 7.88211021726405 -7.87592149866255 -12.0683088457763
10.637614793818 -14.0128691019502 -2.14217090753523 -1.03764608195228
17.8989340430212 11.3703397784251 12.2371971145846 13.5847195044602
21.2945365342281 17.2626841589098 7.81099251434435 13.1168046015738
18.5397631722333 12.9229545558915 0.540379670779943 -3.53670638286618
14.155175870239 10.7563418439682 7.95009496325133 10.2540401552713
6.72849360666319 -2.65430381965985 -3.42115806686934 -10.8605173684466
-6.28764861461835 -2.19819073298784 -3.70355238290291 -4.52422204824648
19.5195631273133 8.76349049208135 -5.61339808385733 9.60912298146232
5.79714490394745 2.08982465337356 1.31913603024009 3.17607645802416
12.722208632469 -12.8269724622688 -1.78529229359194 -6.22114572017878
15.0582124322681 13.5000715144314 -8.42229132174038 9.95208109169276
16.5609190215169 13.0867951278709 2.45468567198221 -0.125980735720044
20.9573739796271 9.9265716821143 -6.60167968246014 9.05328911673494
14.0404989027073 13.0608721938057 -4.51793908638915 9.59524062822479
15.7602781297032 17.6892559172725 1.92328455206789 -3.19855987219329
17.3305204317565 9.47226505825359 -9.94432256620401 4.27191412955465
-5.60001394467514 -4.3801011189755 -3.96380879907503 -2.35656623351663
16.5706576818428 9.94732151102278 1.35202085892049 12.7002835753568
13.2100170544562 15.3974363422869 11.1500955509931 12.4068201151976
18.5362900706362 10.6235394647376 1.14859129101977 -5.52302515255248
4.27528180933811 6.5158240206665 -4.2980807910555 -14.9812143611255
9.69349142054216 -8.05432687341708 -0.528229015082202 4.52536043130155
15.5288545067827 14.8480649180248 10.9866138459627 10.3969438729071
16.8227690035599 15.0197311999205 12.3909392164883 14.9864805002242
11.8656299713088 3.46841400360386 -14.281734860619 -1.01396376610975
11.483694960147 11.4513427713369 -9.95073650814508 6.25143500786653
11.4037985687469 10.1371948293363 -5.27158341067658 10.7497688842349
15.8509968524967 14.0114851250622 10.4551240951279 11.7089747339211
16.3785091537266 8.82008543503384 -4.50893119010843 9.87610712528953
8.94455117923246 3.67451633394135 -3.15363915098067 -11.7472194177985
8.77752595901724 -8.28640083507353 -5.93503297908484 -0.727066538789522
14.3347561741333 15.1876566793295 10.9156085410204 10.6913884013055
5.57434970999369 1.33035289634612 -11.2676926595934 1.04996035348712
18.249974593368 15.1909255314023 8.75516895551158 11.1180807284572
8.27696587313424 -0.886909808492943 8.22098358223092 0.879176483661965
6.13362291422703 8.48782979204975 5.0122659739588 3.1804824956043
14.9887371600261 6.93603018687083 -7.26483341339445 9.10003513026509
8.97068085729578 -2.4106313062072 -3.24736348120241 -11.4114554051925
14.2441080580723 12.8437175681193 13.906951714273 10.2859488603303
9.20100109042741 0.31660997244463 -3.89877008931607 -13.6844765920052
21.2739016953953 12.2206412437262 2.89657923283788 -3.94361928117424
3.89293913281301 7.93593945178719 -1.74502966175831 -12.8433700963333
16.7664724593943 13.0235233003555 2.33091499405631 1.10712097676817
11.2019408749349 0.031751960318384 -12.2870584897948 4.92543815933231
2.1111087106765 0.912994749451209 7.16309459203964 9.64222800701001
8.71527623103217 -6.7409314633874 -2.90367421112568 0.363309948204265
17.9341105556623 10.5736380058561 6.17250569708851 11.2997416639986
16.3859472660175 18.0684980629754 8.71650928809044 13.9348417027424
-10.3879641314807 1.26142076007338 -3.82805165698408 -3.50300138223221
6.54073744947778 6.85473212389723 0.408104791687618 2.31064552348633
13.5654855749601 12.1904079677902 -9.13564868411752 8.84441808729057
2.01234428975444 -0.0562875313984277 7.51897377404253 4.25386450927193
7.07609000443226 0.558699374415641 3.2558683420142 -9.7240891569435
10.8027219476728 -10.6717894724213 -5.30691683665262 -1.99842073304059
13.1332673564415 12.4003028838361 11.4227100374943 13.7707836640802
19.0704880161268 13.2641645885296 6.09500696018482 -3.69932775810866
3.21666528494238 2.71159279849505 1.16210172361332 6.03893623147826
12.705085463461 -12.6288268970123 -8.56680767555846 -4.01987831136567
13.0445455374344 12.1067276591473 7.5413777873582 10.1944288527306
17.1699210235733 12.3589955104033 -5.09406526167907 10.1568420488495
9.1335826654673 -10.1028262978847 -4.48997455751635 -0.268681273652651
10.0820351421292 0.190725695523474 -14.7016068879509 -7.84706865734473
11.0407845041182 -9.67250076420684 -1.13263036811092 -1.70369977074317
5.56123606311334 -8.09632613719513 -2.76799987845893 -3.52103056628345
14.4661486244814 10.7499211670581 -6.44308864888827 12.7272717708294
17.7068512835133 12.2877067407452 9.77001834967305 15.0211853508556
9.73135397908447 -3.32993140729768 -2.83521224204124 -8.62211925581114
14.8906218391727 13.5487681395884 8.5834902052931 13.432018250165
9.82787655696744 -9.03512353599342 -0.893495197484246 5.35178886028603
16.6095861348235 14.164216570012 -4.38089593321004 7.99129466946339
9.37482206440485 2.76580964349511 -11.9706530413183 -0.476609131599351
17.3565550836727 11.4414233812093 4.38281305030688 0.615733723455776
13.7250715315775 14.015143881915 8.73239424186625 11.7174537249625
19.5480265624547 12.7380648404891 -1.14567312988132 8.5381656735037
13.1449122370437 14.4456183390877 9.92427309894093 10.3587968089806
16.5185644929563 13.8603742382987 -5.82234854785403 8.27245005872303
22.5458180944931 8.55164951832847 1.16256962787536 -6.52367610442136
11.331168971603 14.1373197606979 9.29694839698574 12.7701430148042
13.4779896495512 -11.9107526546967 -2.19077481740801 -4.34593434631016
20.9508012261954 13.9614890182182 -0.142726527784467 -0.811149973564321
15.4228460962615 13.2749617113912 -10.5741930026958 9.98877039822291
3.94093770544652 7.72217389643565 -6.01408483264815 -16.210937121902
8.80599749498995 -9.96480009865383 1.09258537374535 1.32064779798233
16.3182929706343 12.4991453895515 9.57937492618012 10.8172359173943
-2.08563360719685 -6.97151732593381 -1.31591951095061 -3.06220120544142
7.71374603730172 0.132141210409295 -4.65183669101388 -9.5435982951014
4.59411950476698 3.54808740350435 3.95111553217401 2.73051445933022
2.90253469673453 3.79231770907752 -6.99418733115499 1.07796040759357
20.7850663731699 15.3469144680481 -5.29620302717557 7.90903649587302
7.93149906167912 5.28816290158837 2.69737159762374 5.33774777821261
-2.95717483922519 -7.33674110462418 -4.92089817526561 -4.85374881300681
3.68521575562634 3.11923328395748 -3.58443153628419 10.2298134822622
13.9019659456149 12.822811495244 -7.53438440182434 8.77604230856418
-7.88759665225743 -7.39091439787353 -3.20979251331285 -3.22434339763462
13.9443144454284 11.8133185342625 7.65474198107048 15.0268365392535
4.33114995121881 1.42759342692975 -3.27076315577145 -9.56157675856136
17.3778038687513 13.6404320958355 -6.08185604048759 9.55252730200002
14.5565950573301 10.3511611879613 -11.1148609966378 9.51193042209863
14.7525617776937 10.3255094197743 10.8444922224041 11.1315266937611
13.0175119668808 5.12148251145226 -7.48924116798889 13.9387359166448
-9.19569672221801 -1.69391024470554 -3.80475983177927 -4.96337827037376
9.47373239111542 -10.8478590692844 -2.90563332091484 -0.108461093380956
13.4284256219184 -14.7251262905859 -1.53883329262 -3.16282126078553
17.7320230489825 12.0389305736412 -1.50349900919895 10.1395003521358
11.3014762266674 13.3027889777553 12.0375958293974 10.4001493911212
3.81420941010095 7.44856384835653 -3.66758197802614 -12.1427121216674
11.3484407587253 -10.0997877188274 -4.36920432580667 0.195653676040796
4.01781829511492 4.58224496197849 2.95365296489638 8.16653433861892
5.97442315525156 4.9289569908676 8.12000298375474 4.46148779481582
14.5991329333814 14.6436893167179 7.21166673520516 13.3307521351313
9.88510711693675 -14.467858207504 -3.43825006631152 -0.00731295287625433
-3.30541167358519 -5.81916799607101 -1.76292945388209 -1.28531273197084
8.13009949640518 -2.06165742182919 -9.24311270115335 0.351075144130361
17.7362013922723 11.4317158248949 4.87600623918218 -0.971338138885925
7.61541766280327 6.90927408346441 -5.15021776789679 -12.7560992062401
21.3475688162882 11.8188931199209 6.29970285892854 -7.47486550622749
18.4311060188671 11.8928617415957 6.68514192778902 14.700179927468
6.30092739213831 6.1541941933754 -12.2491114024198 -0.455017210716937
14.4189102979307 13.0908064217274 10.9230364019311 10.2299104084058
7.84872481773566 6.73877292359046 -2.2173351117982 -10.2692403693658
16.0214246661453 11.4851245540451 9.86564391015335 13.634932171526
10.3046891076988 -9.59215454508511 -3.18322416390298 -0.304261416092289
12.2961917140034 1.73356773056406 1.23819125146608 -10.4486450227369
11.1980268913206 -13.2902709919044 -2.75108106918395 -2.76778788291493
13.3709890897486 0.840399030528185 -3.1095751316036 -11.3847758794327
15.0361787224688 14.5048555670757 5.49389998443009 -0.777653057322168
-1.92292643910469 -4.3383823691899 -5.74724531364363 -6.34300598695091
7.82701874011771 1.00007746548983 -2.66643564045734 -9.33645164506229
17.4405879709766 10.2179717723401 -0.132895794727777 -2.94310518518671
10.0180447003426 -11.7392492996468 -1.13489572581502 -2.30129030423849
18.4423035082043 14.2055811555391 10.292169167184 13.2691214348191
11.4837725113348 14.1237016131904 -12.1635390979643 8.77471719773387
13.7519522522957 10.7209599231116 -3.81122211452261 9.79342247353706
7.15941991235229 2.3015596186465 -13.5902929417818 2.67267374285864
3.82116322252827 1.2949618432039 -14.2465944783236 2.14917475218334
14.9367694540205 -12.9155671212445 -3.81353467465263 -0.28623359410226
6.22846813260928 3.12675909445978 3.35651410508513 -14.5082632491985
14.2877768953499 7.10058895170825 -7.66732254915009 -12.4201350432515
11.2767111221152 12.2939531505791 -8.42938882483956 13.8120294408766
16.8401528270146 6.55916886192789 1.66443501830647 7.62967202239393
18.7617849938381 10.5561474950239 -7.67505853104896 12.0385693685547
18.9926284171834 7.92782453121021 6.19621062541311 -1.04488334266543
17.8742555815563 14.9624780537358 8.84834922128076 12.8105320628697
18.261699505731 14.0930098797431 4.52823320671668 -0.549280047478065
-3.47773218367455 -6.28681368901108 -1.44401768208932 -5.60992806808286
7.05618626502894 5.9297523228512 4.33611259424699 1.65371715039765
10.421549533668 -10.2712231259808 -0.535254155818499 0.219439805001516
8.60831345128063 7.52153389731418 1.70458200829261 6.19508283196322
4.98242282684023 3.44586798006024 -4.52320547667658 -12.7869428473675
8.55099748608332 6.79906434622411 -2.68010043941417 -13.4830452096627
16.0233363653174 13.9741488773312 7.67353539912133 12.165129181916
9.27131984062751 -5.5160426327532 -2.94373028669749 3.12044687609223
10.1117615483025 1.33470540710758 -12.8105994815786 7.3217389808752
15.0204067827052 -2.43670890940431 -17.1702785537388 2.86426600209096
18.9436790115092 12.5949096837006 10.466652727879 13.3168746602407
12.3119324747104 11.8313448262555 -5.98804817262329 9.36063394437194
16.5514343189726 11.0158391873395 -4.12137156723929 10.7964650664624
19.6296963184704 2.87504358237752 4.98743088133479 -7.7347396503802
3.48321491762395 7.45914733264259 5.13131547671747 1.68625065705144
-5.03586928604473 -6.03460566751976 -5.0312474062568 -4.06010628244506
15.6121404069963 6.23992148598562 -10.9469287459101 9.86167292141333
8.76910549359698 -12.2945485529293 -1.10251009266776 -0.289016861414725
13.4061320362254 -11.9870669346476 0.713977949444717 2.75744336909503
-3.04481619670384 -5.18658975092585 -2.93687000835697 -1.54955010982373
15.2438761526875 13.430226011262 10.0814521043727 9.32995958056851
9.63835061071245 -10.4735295079755 -1.49000602968912 4.09749953831957
9.77724886956604 -7.8799985605235 0.306714241703155 2.45159650919766
8.53093676722251 7.25705021048603 -0.995992001923596 -9.48441954007489
13.3270969672494 9.51711088918958 -8.9817430704064 9.0814070706492
0.717409879991314 3.26737414656101 -17.3750869858732 1.54540442993994
10.4570350884341 -14.2299097676793 -4.92750754452847 1.20434294490212
8.57105668515118 -8.82726805937191 0.439989347642255 -4.9017718976033
7.07705733787365 3.62711154654034 -15.705509854091 -4.0126304684407
-8.86063390814892 -2.19076920199885 -4.07088058476769 -4.06900727238332
10.333191721933 -8.55216984391728 2.01273494922052 -4.69690542892187
1.29914156290515 -8.1060639671982 -3.38126576447293 -4.55990469095519
-5.38067265523746 -3.97587327402423 -2.36052184986777 -2.09539230607517
-5.05137497249784 -4.63126053522077 -5.03366877850217 -4.29741116600584
15.4584633645487 16.0490462017588 -7.99846234294685 8.10520023543474
14.8673482262286 -8.94811952540668 0.351462518382337 -0.794694384070577
7.8644590556486 4.73434544098353 6.84635355962145 5.8814967725603
-3.7784976307682 -5.65898622103252 -2.24731452095543 -1.86654962882702
12.8002008366241 -8.73788976235073 -1.26435351009766 0.516400668564299
6.21669151202814 -1.77433706350085 -16.8920602921556 -1.35472685975224
8.11313780969477 1.76484967758715 -15.5575688213187 1.12090887906969
16.183491609214 12.8002979728433 -5.9548965930883 7.29359769207792
3.13255106187046 5.75693443127167 -14.4077597902324 4.70072387965143
3.99229986338955 4.97829104168668 -12.1444419198501 -1.02983596717375
7.32555982586811 2.60425483080401 -7.29171981098517 -7.56530399439445
17.2457407099244 12.7818760002468 4.16880451428779 11.3856999035572
9.58969220368355 -10.4765666087656 -5.88625492726806 -0.176773368551479
9.35436329884496 -10.7708422445185 -4.53701080410511 -2.53429009080479
5.54906706781594 0.681856154522628 3.46435406150351 0.775162191018114
18.4924371861005 9.8595769487806 1.90211480046112 -5.90721316815671
6.24098799044757 11.3640633511125 2.91176591085254 6.9526040587314
9.82966634383198 5.54029284775529 -8.14556458565412 11.330780378981
8.57791667923073 2.11443881027417 -13.3154082777837 0.653499675319632
13.1982862312533 -11.8902927876813 -4.4186539969663 4.6618991891667
-1.20375977515779 2.35371126338534 -16.6504360005324 4.29955502879003
7.76291524753887 -0.86579812004478 -13.5190119811385 8.44142502096076
18.4144790215113 15.3000545855865 2.72904385585716 -3.09907454098198
-7.04999307157201 -1.95646302189635 -2.85510100705812 -5.70809200281803
18.0077956349649 12.8614108491692 -2.73937580409789 8.79417336637691
14.4021289294022 13.6749241695931 -10.5404536567633 11.0096910306717
6.43712621369313 3.35347300857091 8.29581237320021 3.88596650119132
-5.84543980506152 -6.79758666749008 -4.3671056644744 -4.68606715920647
10.8396921573776 -10.5477870977813 -3.10730779412701 2.32348634524887
16.3478757959166 14.1590930156247 7.06384882484478 15.9584235978643
6.49455186568389 9.91260034180088 -0.581776799117103 3.794998115414
6.47891383610898 7.36919823266289 3.66597164548929 2.16877338670523
9.62459965589172 -0.191591991158928 -6.90539543583106 -12.7893013848754
10.2224479051033 -2.30215918474396 -14.8210022675334 -1.33870821397994
7.43000466201353 5.85873654835043 5.2160599489292 4.60845666654567
17.1705936426774 10.0473185509776 6.42017718713918 -0.687850405275909
15.6766534969801 14.1674566483105 -1.70085196353262 11.5173292131028
21.1301023178834 12.5235712722714 1.40177737741334 -2.97391595526031
6.38293971695169 3.23520611435904 -0.650380924808867 -10.6560471694921
-3.92243691166325 -4.44836484684147 -4.33497909454596 -4.03019384959153
4.43118759896072 2.0294447944204 -3.81212392533837 5.99813592869945
15.4246056704726 8.5156378706234 -10.0595798151431 11.8762222376854
16.8290586983774 8.49326980897637 -4.13071403780585 9.51020899441939
19.5840835153402 13.5837240137376 0.19465327638797 -0.913663673819293
11.9158120827878 14.2268314663837 12.4483874889342 10.7431262239334
23.4404756456723 8.35052631189859 -3.43824983766255 8.32187826254915
4.67922992604915 5.4232751157871 -17.5622479303802 6.1916275231438
20.5936393317129 9.85881179762337 -7.13897296039817 10.0265077278221
8.96831867861698 2.54477302711574 -2.88238165348625 -14.5271340692806
10.8529524021864 -9.39309587268189 -5.53009828792703 -1.68724681376002
0.99723392261802 2.36715362491606 -13.2047851483884 0.316950860759115
4.80511152176978 6.62822935644622 6.21602106063965 4.87372435492963
0.369949138732983 0.926576119908388 -16.9744667584107 -0.93106771143551
15.5282494428753 9.59390638000991 -6.35965589581577 8.52586842857876
10.2099622845143 3.73858911885721 -6.97770366360719 -14.6122565533052
7.92419232907261 -8.1777041264481 -6.26102666651629 1.17620626232668
21.9892155813489 8.06071819582111 2.9437201312927 -3.16817708922879
10.046906416674 4.35689687874887 -15.6376365884281 0.562438378843963
10.4392385468669 -9.24326391933724 1.03708949013806 3.45582094656831
-5.69966868855198 -5.73544020349788 -3.38025801988374 -2.25240120335997
17.4114427639321 12.7101604806324 6.74317810256469 -6.8720403944347
14.2630158023383 13.760616920673 9.39664194650413 11.7121053527323
9.22057880571474 -13.819619629023 -3.56815416934187 -2.00942540805759
9.09565069063797 -8.34229101508836 -2.76958285375652 -10.0963977796849
10.4455317808142 11.7404040088967 11.4506699786403 10.4556761916617
14.097137351409 10.5611185083956 -10.1346117091546 12.2331512072368
12.1768382564868 2.36896705868127 -2.55994395136374 -12.224809596128
8.88751432474177 -11.5215135254624 -0.285058658993194 1.97013361878751
2.31992288766005 5.90041661105339 5.56530123715347 5.41194195535335
3.07330646808541 4.684265792945 3.40241391497095 6.6325810103797
14.941295449634 13.5813327902681 13.5238077300729 13.3018982082653
15.2542358944195 10.5164568175326 8.84260647033441 12.6252134010252
18.3839956804181 9.86492939690836 5.61684924635855 -3.08680534127373
21.9383883035402 9.44327166749598 2.18677682853435 -7.00344961001119
15.2549285132875 11.5784466399395 14.3595626183525 11.8666114740135
17.4433501364907 13.3301396646319 11.0677612063797 16.2740012626588
16.0442052402877 14.4467139336127 11.6480604161005 12.6100308017322
18.7594495321135 9.37152661263746 4.58476624613434 -7.90703577379863
8.04454265081421 -0.0850675553111038 -0.479080070738915 -10.6084603799706
3.81130271728382 4.49505226821491 5.90093444002499 3.20757742943244
12.8209079687225 -12.600705819953 -8.68247570777158 -1.74273684482912
8.70116815914678 0.827739266203016 -10.2068839688172 -0.929366146463257
14.7553254888616 -0.92058788456555 -10.0285792205948 2.8391563558131
12.2717733830312 15.1027512124758 -8.86453916321699 12.440637963482
9.40646015534014 0.769269102345349 -14.8024833422388 1.64246057093065
12.4977620271984 3.42506147018108 -2.70989803663922 -12.7155537618871
16.6226517574763 7.27207811750385 -4.08937775201307 8.80565048560617
-7.53602154338055 -4.43706796644484 -2.26202707970175 -5.44166106392308
17.862497384238 14.6659041866433 -7.33860867520362 9.27118634311536
2.18691054361579 2.01502720608947 4.50495143005883 -0.449022328032297
7.59887493089283 1.28872457973637 -0.697984963323252 -10.7480380846705
10.9294344104586 -10.1553678118491 -7.07728448547797 0.656444600271612
6.38274604962559 -4.02252200627165 -12.0523606409885 -0.338924282370317
10.0322883482922 -12.2386397936714 -0.0914957704312811 1.34261548904404
4.35377065874174 3.57818935165401 -11.6787108598768 5.10847202646919
17.1060716755045 14.4457635418554 10.8222506410832 13.4260695832198
21.9936391018547 16.7599583565616 3.4009670166989 -5.36181304810423
6.0214294042026 4.82804965596814 5.40702895790423 6.46043822179297
7.51385026270065 3.59534454347762 -14.8663526689559 0.316768724502194
7.41192203467204 3.6953375311266 -3.10465243509307 -17.8514342069226
17.9731506297551 11.1667758405826 -8.94943615468619 11.3693015554354
13.7692559557883 11.3745740460443 -14.8994929219002 5.88936321909831
5.99204223823027 3.31169923729516 -15.8862451767793 -1.23608763041403
19.9993059903078 9.5915124737519 4.7438243028883 -9.11222699508936
4.17034092417551 1.72502123844978 -10.8270198766639 -2.05155583416248
8.29930575824143 3.62859367037563 -1.51353762394303 -6.68793655474101
7.56162104135484 1.61837710938371 -2.44160074502659 -11.2744769292972
18.8967468778139 10.7638727205863 4.14879027055942 -2.59467669334889
17.5945657191318 13.4453099992857 -6.9844152069314 11.1494312989572
18.9407843343594 12.7836697977584 -5.63245724775231 12.4704523277493
11.8222125525268 -8.44350722346973 -4.58446731110825 1.0787121783281
3.28229761132049 7.8244882414369 -5.82469563023104 -14.0013168472806
6.00427411553908 5.66374184379722 1.75273619743215 5.96121881173579
12.5418078717124 14.7742217018554 11.721604628217 13.2891805636295
6.77819227444029 3.94337120649638 -0.852587773684921 6.08227808844201
8.48544317861378 -12.458998907576 -3.28932293098106 5.88203347384093
7.36248963456425 6.14370318967254 -1.820737039402 1.7226689754891
15.4763662217108 10.2228633334286 -12.7040195711195 12.8625344226276
13.0473499486575 -7.32157632435592 -1.39962821458705 0.228728182054732
18.6361236493894 11.4840976636079 10.7237249188746 13.6967052927126
13.2566834820892 11.5007109966697 8.3353972965909 13.2606051492359
16.5758991397973 12.0895421820697 10.4389803755021 11.3874266361981
12.6667458313181 6.32132507823955 -12.1261957131979 -6.07724756537659
-3.66830849691653 -5.6359350765299 -2.74346244794102 -5.4422493286326
15.1195178384376 9.45929921349614 -4.16487210721884 8.70907192802598
16.0173821793086 13.1308091473342 11.6691877516155 10.0778608744763
9.12425938810464 -13.0755724048959 -4.54596939679087 -6.70059656011455
5.97039495203051 9.88915374363573 1.24180298167638 3.25623180368638
20.5847824240287 8.43847922296605 -1.64616057615882 9.90643654852287
9.64242893705956 -8.04936586204066 -2.30455186701411 -5.05884345860497
3.48510593266644 5.26229905508944 4.81460481547064 3.2201359674807
-6.66633236384153 -8.54898615991825 -2.42590864360276 -4.4959407732807
