x1 x2 x3 x4 x5 x6 x7 x8 x9 x10 x11 x12 x13 x14 x15 x16
0.234883572364819 -3.01914613430482 -4.07400939145132 -0.587495449548015 -2.83068236698811 -5.73011931528516 -0.776218764344707 -4.17352601932033 -1.45370191797174 0.0306446411629313 0.187108809357603 1.11694407348667 -4.55229851435974 -0.107844358592441 -2.6430507206503 -2.82490832991253
3.07192795946963 6.08475328048734 5.3640521088392 2.42351371255601 4.800761988177 2.06597346419001 5.49876102621656 6.257062008149 10.6913916840435 -0.114399394184179 -1.71827511410172 4.1860519230841 1.8897715202079 -0.562463925965372 0.623285239876676 -1.97946141094677
2.02943824070968 -0.321912779976556 -5.90177532035727 -7.20059090864414 -3.98097767782637 -4.13533500027981 1.66249043613997 -8.66597100290057 -6.72381343382568 -1.52845056207928 0.523674674471007 -2.35210482192523 -7.19383567569492 -1.72721478951404 0.117596515811335 -1.5046203220044
-3.68649465005149 -3.32229848940326 -3.18850698119034 0.204860925885889 -3.39287455952573 -4.69480454976049 -3.72202818209904 -8.33702982516665 1.8328330380706 -2.59677852199396 -3.54726047414895 -1.23067293433821 1.96157164007117 0.964767556312061 -5.97839481307943 -1.96991500421209
3.80917653709713 2.14153360273429 4.34097014283406 -0.910936327758766 1.88720093078813 2.6972039310861 3.19550257408368 3.67493617196342 2.2306948961091 1.86110405236661 -4.64913512822315 -2.52094040928937 1.57345474220881 0.632244497769333 4.63607756959964 0.70556141530068
-3.15206421495535 -3.09514250700988 -8.07458482588772 -2.47428564112407 -4.19951477203515 -4.11967064395263 1.54313140150766 -2.41733027741485 -3.26919171170123 -3.55556437055052 -0.661846655718479 -3.21243725331654 -2.63281063572213 -2.57817832692059 -4.44837891157453 -2.54628781582027
-6.10732018663092 -1.72901630145495 -6.47543071575953 -1.1429558548218 -4.47888075690195 -3.41383345410475 -0.659020967145636 -2.42417044453699 -2.56812839602321 -2.25763309991638 -3.10763708574334 -1.3690038548945 -2.71384050585461 -3.16753011195517 -5.66380015895792 1.37886048544262
-1.18221287800737 2.70153997173994 4.37710196809848 2.89653232019448 3.76323350313772 2.54810684724894 3.20793801409034 8.01041420998568 4.40955983581901 -0.777575784984523 7.44001595761216 1.61763081986691 8.34083344621003 -0.370541196797254 0.213508266919347 0.458395648271647
4.71169069973579 2.31595461133672 3.28680997523706 9.32398857388378 3.31102883159697 1.98837999809564 2.42529788002751 9.8272598233301 -2.92711445961245 -1.09555038282307 -3.51753822126568 1.57067888307352 6.51024434128273 0.715347648400764 -2.26337392846867 -1.72692833246133
-0.94450712590529 3.80083195034327 3.68558464626234 2.94695206884218 3.66335407541459 -0.0557695616748419 -2.2847383636222 3.23877764072179 5.66312843041388 3.29884229479164 1.96135614290337 -3.74012862857575 5.70191559317477 -0.728145542851441 1.74915505277302 2.37303814234347
0.684055917412318 5.51164996960705 4.73033041507534 1.67271182502592 3.94036157666604 3.50661679926716 -0.313263611672736 4.98024490269937 0.670071169608897 1.97875115229894 7.85144851258342 4.83770129458678 1.70316461527586 1.09268573577986 3.57550141158619 0.722485548319004
6.69495206621068 3.97042790246831 1.75125861016264 4.26922925448663 5.63544313239416 4.5485784165679 3.75897907000556 8.0321107396047 5.2159138273277 -1.47102515236654 2.43954596483922 2.29658660424243 5.82885716153014 -0.48556702944344 6.32941212561104 -4.78164645047666
1.90360711722156 -2.84406840382621 -5.92253474598139 2.79424503770477 -4.61595575117533 -0.546132955397695 -2.3276730122831 -2.02591940656503 -4.98693544844428 0.641546270483273 -1.92889737329869 -1.47250728507526 -3.93201255487417 -1.58303929382261 -7.2782446518359 -3.9921640263233
0.11216242856325 5.1160327899495 3.87911792385218 5.2094170406895 3.8953497597655 5.57646638252991 -2.93575148991576 7.78145652055821 3.31532428567987 0.0797298908872767 -0.676942361012133 9.16443262131035 3.04703601222421 0.41794217432071 3.21428733552595 0.25411057629377
3.67353441280442 4.55275690553012 5.17524016378113 2.0039592551819 3.17055909078102 2.25874337825128 0.405787221851062 2.6844735891293 3.18945244874409 0.324205242344007 0.83745368120551 2.54347835275333 1.13459295834112 0.555482620626216 4.20467670426445 1.48325587873235
3.12337246715134 3.78972394763778 5.76826090690644 2.12032204603467 2.06876100684514 1.72310438283259 0.18696347962766 4.7180766306352 6.8282835979842 -0.0969904833947042 -1.37523332247465 4.16192146957991 2.97885947992265 2.98123731922446 1.57263645294043 0.648562818473009
-1.6379806380086 4.87588610890987 4.24177334379242 5.18394414641048 1.85710677367415 1.66312205600224 2.8336159934195 4.13552209760559 0.480263129121204 -0.281711126230861 3.37833005148388 2.37365465612405 3.20459496709147 0.90644639824702 2.91482222437993 -0.800220376362509
0.182296395498939 -8.11966797277736 -0.508034534449 0.410534061370248 -2.16832980646213 -5.02407022295584 -0.725560449423793 -3.98927124861905 -7.06443620430323 -3.64771025369786 -3.37105289973727 -1.21254126661946 -4.97689177048578 1.75814008476289 -3.3612545832929 0.239243747217834
1.52152009365903 3.38485305545069 3.92206302223774 2.17966812628685 6.35624556940954 3.53329321636693 5.31096738393688 0.103958943044948 6.29737214461395 1.73111616485395 0.829475516067571 3.84992885868344 2.54136801378373 2.5342671218847 4.25490419977708 1.36537434163155
-1.20547274191154 -1.48760653904281 -5.57866003679305 -1.51495729101437 -1.2869869624741 -4.82982459327824 -1.07698372689467 -8.59693233772357 -5.79525524332167 -2.06163656722983 -7.7159645275079 -0.468946268055017 -0.981141417178031 3.33616374878522 -2.8770569711521 1.33141058361386
2.00744218497478 2.63401117338412 4.22483166038757 2.33634389001897 0.812362526146922 2.61416235944911 0.687636768003931 4.26523095538989 0.19576115787775 1.56545494569083 1.50371606916528 5.71378546774632 7.7449976468164 0.815973807415694 2.4268148580843 2.26751015929072
0.878434345448544 2.98444545588705 5.22007151722503 -0.844953857629825 5.98145260852575 4.94378314323163 8.2623661869446 4.30499675297787 -3.74319402909925 1.6025840542564 0.129489438286543 3.91660358921376 -1.19470636096351 -1.66359307762913 3.06215909596814 0.567474057678932
1.41898045214202 3.20189219303655 2.82506485646288 -0.10673818547342 4.3347379846122 6.98226947545773 3.72156392650148 4.36971479933268 4.12269045939608 -0.442795209590891 -0.0675927687350686 1.26486591889692 8.00266115483675 0.581501760178748 3.96139912641503 0.26256853372735
0.849310780042147 3.52410661014426 5.59156013718553 0.43017520943547 3.10783017785358 3.03444467655595 -2.27787318961229 10.4663257972093 10.2633823579395 4.15992690131849 -0.657174687514027 4.26678416292371 1.06683082929596 1.88702939659664 0.575853964029365 0.926290557694284
2.09018653273113 5.76681383114596 3.94407448828126 5.56924421376059 4.03468547315987 5.52672322427125 -1.39977138809906 5.00351461337502 5.39011270826518 1.871904445473 1.61474943727764 7.67852700394224 4.82440320792358 2.08774062114684 0.0959934197890813 2.12224869967821
-3.67257546825147 -3.83906396345296 -1.51842205143105 -1.17095392354757 -2.41086059735676 -2.22955990643577 -2.70753647030524 -6.91362205919311 -1.62252534367985 2.80074079679649 1.40247667015937 -2.13036658596473 -5.12814314349426 -4.28327509563539 -3.02690047406157 -0.340414334469945
1.16753960059414 3.07823815673551 4.9882834977281 1.76297626877202 2.08006316900292 1.74807422773665 7.34112584397293 3.18357944539185 3.74472914670248 0.310313697900729 -1.08768321008261 -2.21415961921121 2.46448557716086 -1.08581641255824 3.71370367923329 0.127975035159057
-0.488543819723589 3.61107063749904 6.04816402461578 3.24132240498736 2.87742272764773 2.70862593200601 6.48141559554836 2.91831429397684 0.83362821403583 0.574656135257653 3.06455440506721 2.21917806488322 4.27404043884646 -0.410562474245735 1.37744298716887 -2.08798148531516
0.701543162457033 -3.51611583282527 -4.11113047136251 2.22230590444271 -6.79500852785732 -0.17772971686438 3.4594595781913 -4.64335492170135 -6.75266573748384 0.725185963310728 0.356334729316107 -4.50209249887661 -3.65537739902972 3.16238938691288 -0.333287793797485 -1.38973614710692
0.696019241486465 -1.22555192607014 -5.91147364040444 -2.76441070425432 -5.54686884462845 -5.7826456877666 -3.0555882797847 -6.35561745082648 -5.14767859475593 3.2730498010522 -2.66325259658712 -2.50107513232622 -2.38409661462071 0.498841539410949 -0.389242293292684 1.90084272718358
5.88473093096345 3.16997737645304 3.05218938215245 0.861663433951388 3.73079749693694 6.8750376747076 4.79341199180361 9.51202942699916 2.77782307417544 0.356540118752542 0.0729704961169544 3.58321761344274 5.48636694466026 0.850417815307502 -1.96710589117763 -0.488740773911876
-2.40625556696144 6.06747511044208 4.56241134716205 3.25296561187139 4.54420106532046 2.34000013866999 -3.36529060522329 3.75898664120064 7.12635076714362 3.44755649744624 -0.679590201174532 2.07465542602955 3.97459598164866 1.40664899075133 4.96181809497453 -0.0471581779175659
1.54507792643058 2.29644436517354 3.18663068104339 3.09327401863785 1.81042819023282 6.22057256832758 0.630125347823684 3.37384717223089 2.81447457564306 2.37666100457228 4.73882600092444 -0.334826289255914 2.3986797381313 0.111780557421129 3.51101130665929 -1.41326389996493
-1.53368534056363 -6.3186486921127 -3.50248881442381 0.0398124261986039 -5.2194310793862 -2.50317553932188 -3.09735752080564 -2.71975789452549 1.07317345863364 -1.59056374688263 -6.75970682166179 -3.60080464766814 -2.98607476869441 -2.8001489392889 -7.07162178258175 1.58277845496215
1.04320677814599 0.929550097900361 -4.31574291910881 -4.30876560710359 -4.58783720483404 -5.66414266318893 -6.49678723256529 -4.26023617915833 1.465724549599 0.412790954564823 0.350618684040574 0.781936836837102 -5.80678493382746 -1.7182637781949 -5.58103059022951 -1.30516980697069
6.65789673942932 4.70714586875915 5.71546128997255 4.33277818514502 6.9714426564721 4.66770781715944 5.56222896101296 4.46051065595944 6.0014885866969 -0.127864368991335 6.51810134205894 6.45594018884662 4.02319846919588 0.878999048052314 2.32486528394541 0.46155593018661
-2.54914228359736 -3.19279732775238 -5.73900031131539 -5.19777425727598 -1.92975205134355 -6.95913029751821 -2.0065169648002 -0.019854336525881 0.622462188700499 1.31504557852669 0.520312147186705 -1.22171805394669 -4.51565115098238 -0.133673568819638 -5.67884175238314 -0.71349057522274
2.69951162791651 4.1235409213457 2.8117840088491 -1.06778660792738 6.6550969532237 2.42745345063054 5.91685595220479 -1.06302737192597 4.35385434410877 1.5476636010603 4.15758562040521 -2.50127230537248 -0.229954455886755 0.93542937181994 3.63015532115574 -1.5526712813755
2.21590919210796 2.55450374193693 4.6024174396359 -0.553478735981156 3.25722527461298 3.73453761309967 2.71183749051726 9.85773910035306 4.13385470440043 1.61985249665297 -1.65771329021548 6.40720643227825 0.581310542626765 0.800186334627959 5.54389581853507 -0.278173340473157
3.44591455411761 6.34736985805266 6.10199025980663 4.95173739591929 2.21857328548039 2.99923924035201 -2.32099509777258 8.14778642026397 -1.36053831913622 2.75522144414613 -3.91714896859162 3.35149839485932 6.06729791658326 -0.871275016337677 2.55693013880304 1.2061848352324
-0.688034447526244 4.53635960763043 2.05790969064346 2.66935900238895 3.14731435105934 2.20411827502918 3.32855445854083 6.72087324709174 1.1930007792569 -0.346152924878166 -1.87348374161733 -2.27817684838942 6.58629053019501 -0.0930796029864648 3.23046154392083 0.534482506248122
-1.15192810645359 1.08401651892232 3.50850118728097 1.4641183177672 5.12489350939471 4.17727550781328 3.08981937135291 -5.16586942213254 3.22627767780948 3.03583875557518 5.86132271122027 -3.99461074022456 2.41678551702333 1.72994746322165 2.82164726859042 1.00679044927672
-0.483935775585376 -0.765818855138966 -1.29319204578963 -2.02518262242961 -2.7384605049408 -0.8468847900016 -0.122275508834818 -3.49186396544324 -6.41784644290843 2.44192219345309 1.26959806511393 -2.81346641683113 -0.465825445248445 0.855316439722556 -0.424550217172427 -3.24782344287341
3.76043395491086 -3.3263418948842 -4.83895890157901 -1.42979204589899 -6.61189020877399 -4.3747604413135 2.94079578354651 -8.75395412384166 -10.8492657157998 -2.20662503052973 0.468369705728594 -0.90015890437037 -4.77302604118902 -1.15828953026255 -0.312477403605927 1.69038090982967
-1.00846941346769 6.57619977098209 4.75362583327908 -1.33069839573815 1.56364792195229 1.19283668589854 1.3731407741496 1.66821907357842 0.0110871909881061 2.6924452850734 1.06031807232985 4.13588524302134 1.56012792792714 1.92045905963239 0.858189078703654 4.69960920000903
1.0946541124003 3.77281250444499 5.00360086070232 -0.227426603126703 3.67614526503773 3.91841595375441 9.29005693206059 7.08994372452823 4.32897699601493 -2.38113173038304 -2.18750666206715 2.77963565790341 0.96671141171778 -1.4862661941656 0.943447320140241 -2.19701810744717
2.32061868903454 4.29341882425296 4.33772013274572 4.38874341025734 3.25276370623596 -0.413168343755884 0.579408125101758 5.80304730374578 0.245044580601872 1.19142507554732 3.47093453217803 -7.21408948259637 8.34430460538808 -0.234422054186196 4.59448359986245 0.19566206526242
4.49060339008651 4.09902758585514 3.39213990128017 6.40201426830617 2.75205927148583 2.06290103550306 5.85432941922903 -0.364648310141697 2.3633670918695 -0.92862500142214 -0.114264909165656 2.06530071724492 3.66456217679857 -1.05562333816109 4.26110437315835 -1.46003747411313
-1.57765616459903 -5.43052752176258 -5.64831635185862 -0.570844350334601 -1.160872132187 -6.20969808207817 -0.630279714664479 -5.31500926586989 -3.95445884038882 -4.17128018123203 -4.93415534082877 0.456645652755229 -3.85134724549879 -0.636379579507505 -8.42761197726352 0.802729830384
4.46268577983674 5.06032672365717 2.91164435001402 4.11338721722599 3.06182159962764 1.59416393534211 -2.67706775613079 0.775955342339831 1.43786352519773 1.22384504224875 6.74225724450548 -3.07545476836739 6.20567878800195 2.05938472904634 0.860318751946299 2.31039354485255
1.22018912101154 3.65620082607361 5.53055751135327 -1.00059689581801 2.50737189221927 4.85401413915756 -0.438698076501644 -0.9391051885945 6.4005417578173 1.11406067630475 -3.43936509087464 -7.3330685636538 -0.0900542360000225 0.232217929578328 0.773939615718153 2.37664676979188
4.65195588104304 6.82063367324912 4.62556963167072 1.20389438880394 4.76710258879636 3.51664368200924 -0.224827713908344 8.69540894815646 4.69846922720505 4.50529066554593 2.45641070442866 1.32493402819899 11.6700109578912 0.69571518088564 2.06352781119283 1.89743492580178
0.665766623854967 -1.74583107633638 -2.20550255512868 -4.0417775150829 -4.17158810477139 -2.62479796460927 -5.77612881404674 -4.61060646632935 -6.81815621869875 -0.864029627726336 -4.59411045191651 -0.0671632354734115 -5.57358782399148 0.480408749148361 -8.12662840916088 -1.54290371874487
3.75564013058938 6.17064986130216 5.14538986262951 7.33920500608609 5.36567328398437 6.5334899322924 3.49531137536815 8.24818655677564 5.90175129710476 1.60289102778266 3.38578456091085 6.01286798864117 1.86238176411487 2.51852391184332 1.24701723207826 -0.95417476488006
-0.751267657855939 3.8009988655459 4.30352219537849 1.82578450562795 4.85522847707204 2.12614275615762 4.88673862956776 2.17463373900584 3.55964882074385 -0.618017768690122 3.13408031810729 -0.199026548592111 7.04209291908315 -1.58131361858627 2.02473264637145 -1.24126632296882
-1.40435523097076 6.09223198906852 6.238805118041 3.72354191562881 2.65299798447012 0.099853379201492 1.92804761359057 3.0288591941709 2.05095344612237 2.70577106079638 4.41314299827896 6.22671677227808 3.7015967979164 1.65928078931424 5.79989772000659 1.64920099375241
0.0125095843811958 -2.66455189908062 -4.13610555264943 -0.373156788048751 -3.66565122065032 -4.49954566551546 -3.56115844599708 -3.90725995867773 -0.407791303544476 1.37300542372432 -3.50989899279115 0.367635604640059 -3.86402069904254 -0.226595891804351 0.91828198314911 5.44907801654569
3.43142896619899 2.71410302021296 3.98012694869206 2.79530933832206 3.15877793933368 6.42183962408736 -1.96323983504224 2.9507325122181 6.04649244300801 4.35577350151892 2.27559245566738 0.886908643583076 1.9359564627423 2.48068172843621 4.49200556181089 1.20452021201147
1.80803265534226 -6.89616174747029 -1.1460788670631 -1.90894962247353 -4.87985255987548 -1.25355696667977 -3.36144420950403 -4.78237270486656 -3.02644116153144 0.759051681208832 3.28938505322178 -0.600034258456175 -3.70217220622588 3.39056897584677 -4.80590755605108 -3.16490296075059
-2.22716090955811 -5.07794493392163 -5.3699981150175 -1.50194036790867 -3.49207920933794 -2.49927221887079 -9.61000167452027 -5.94117682306942 -0.238615845787618 -0.782503692210623 -0.949848684855128 -1.98573545585461 -7.49585102594812 0.889679009137688 -2.66039887011724 0.716050092213313
-2.67594950404695 2.27266603758317 4.82395649252732 -2.25814779354319 2.4206299157254 1.67459383493272 1.28015447480179 -1.8691381047371 6.54173506815325 0.891348002736577 7.44901444130433 2.36173374415681 4.96533406614216 -0.283363565825837 4.04020158293873 1.54640120361345
-0.932956572631821 -0.835976513559583 -1.9307348056597 -0.082280085236289 -3.11944587247468 -1.58828218203429 5.37550998119188 -3.92357811424002 -6.79548599949771 -0.931078444433357 -0.403135069196196 -1.45298591591034 -3.07664956758362 -0.888205090883525 -4.32339274953747 -3.25601892476715
-2.29022318932776 3.51416087230367 2.18393403741339 2.5456891226484 5.36876688484145 3.63979427591133 3.61473696568728 7.74883189074237 8.57735834913258 1.07848252134462 5.43427658413563 -2.65201820186916 3.44878190144649 -1.31628565616427 2.76724794981794 -1.14763967254167
4.55808889411758 4.52778991429025 3.0222191379124 2.38845982608866 3.83150581632267 1.43986810703892 -0.774474994190714 4.07492688124632 1.10458228709914 6.2539433663449 2.85438956303544 7.71982245139941 0.222791164487385 0.301489951603047 -0.16283169420085 4.0600132573939
0.803430871911614 -6.02101574170169 -3.29950475636969 -1.34605560270489 -2.6137842882794 -0.363670333154797 1.08087083503242 -0.0222281004330984 -8.25301159961632 -3.22687113019769 -4.5537834097392 -4.07863803752601 -4.766892932596 -7.17286186835112 -6.81789453460711 1.72058650186025
1.06885250500274 2.42333101295552 4.0539763212746 -0.712050571425243 1.57959754280869 6.28917556090645 -2.83377972299687 3.38575578809238 7.31126896420118 2.81949831986922 -0.892162213182424 -0.316405557095432 2.6851284053636 -0.0238059597686061 2.72199279672638 0.87742672922016
2.27972656983188 -5.48610795612868 -7.26587231029343 0.787025432321053 -5.20420792926381 0.751219456266888 1.36279179426677 -2.89099079582671 -4.56971721697008 0.49484440559436 -1.05739271731756 -2.94970566510512 -2.05859878635121 -2.15653987410386 -3.53165499595012 -3.36462315134226
5.06589465077288 -1.8841575547895 -2.50428127113332 1.37361489590754 -2.32212640787427 -1.20761257352878 -2.20777770982635 -5.775906638663 -9.10777135756967 -3.78385768279222 -5.9968436139432 -0.314106293994219 -5.57586898441978 0.458560990804023 0.0834775768862679 -1.69654073598569
7.00883190380202 3.7142869159156 3.51070334258671 -2.74987042785273 5.08787187931541 6.78981152385673 4.37026862656463 2.09575937847575 9.2756783605947 2.33839011250877 6.58996044877154 0.842223263685482 3.19817831397186 -0.37498231374528 2.55600477589336 -2.19593649818368
4.19032652799541 -2.63359153558982 -1.32599996313433 -3.60692980144286 -3.6858114652642 0.724445431605634 -1.35380874544004 -2.04282921963876 -4.98014817270892 0.848250040594212 -0.557698741033386 -2.77716714100545 -3.96324585104832 1.36497992601874 -6.23106812969522 -1.85418565393052
-4.53136071991068 -5.33544244525045 -8.5286072896314 1.36858469391552 -4.72128545260988 -4.67284108576039 -4.28973342834649 -2.24373539989026 -1.11449136048645 -1.47501990925778 -0.534286901716213 -3.07541227563193 -2.3167510084567 -5.20855264383594 -2.37387918395263 -1.36939300263599
-0.705680751732082 -5.31695276247767 -1.01314037755995 -2.15232398308881 -2.65988608083177 -5.5396863860103 2.97970127779806 -3.31943366523202 -5.07817890423187 -3.05428514332519 -2.23719203920219 -0.506274073817644 -2.46292558780083 1.18861880706033 -3.16122959534505 -2.17593300323821
-3.34257376215043 -3.57712022980704 -3.14290927792749 -0.957832998958158 -6.73370673842632 -5.48457756134656 0.118128045260448 -4.02617588517432 -3.76793913481055 -1.48674589950118 -1.21618181860838 -4.83670060966616 -2.9932102109542 2.23730859528479 -4.66943745713066 1.4634831211889
-3.38807743561129 4.26037440009517 3.12127660860619 -1.82730696612257 4.33840015751537 3.70190201352971 0.675941956733983 6.40801927363344 7.14654498175806 1.31160454048817 4.86269084699749 2.54978785591392 -0.465569630714932 1.09215896049924 4.55606123128972 0.790681835351831
-2.45726428344966 5.73992128556762 2.60596562725254 1.47432317324163 4.59003647597751 -0.167719531466118 -1.04797719198162 3.68772003423972 2.04160694621014 3.03550959588753 0.883638886935779 -2.11889179756687 8.0501510053949 2.64973528275803 0.543241121360198 2.58427732968992
0.995984687696744 3.23219452157385 4.13646795171693 3.89031455424962 1.33078197741442 3.04226778815899 1.98084296250839 5.80528878124583 6.35679515550805 3.13889549904789 5.47764298640207 0.811212755570162 1.64509747987868 2.07530450454738 2.19836039847329 2.59537323295247
-2.2196317842692 2.87632099196676 2.26079717509876 5.58974043374464 4.93561332303139 3.10947056285102 3.44168111558223 7.12915514121547 2.01369240034646 -0.0272394525140744 5.12078151008148 -2.80259380767704 4.40523229548359 2.04706680907278 1.57649933298313 -0.31843136018175
5.06194670213624 3.64168557487295 2.77696624868663 1.33122021976563 4.52563773753972 3.90069997427745 1.14648117243955 5.47636559191126 4.41060541605652 1.41809008419656 -4.37798991113232 10.0644800022145 5.41899414813934 2.44716158978348 5.57531535888374 -1.68023934941461
-0.577693311759232 -1.68945877798163 -5.7003703822672 0.470509603112358 -5.12217792497313 -4.1425781623676 -0.839777960446313 -4.32162148062927 -9.52587979293812 -3.3009124972085 -0.833055350071801 -3.90035715015797 -6.72822800313542 -1.80975436461018 -0.210257684555262 -5.37481296627813
0.278548342533462 3.23040360837936 3.70629392976137 -0.687145663402364 2.80484348541281 0.729231842903514 -1.54324750300444 5.63462691861957 6.94032865875375 -0.468036201481489 3.23886407293015 -6.2860983644479 2.85423881172322 2.75363969114893 4.26030474155769 2.90586846454251
3.12049016992551 3.56376301411503 2.79656638856221 3.3114533729489 4.14152268147287 1.32242251223323 2.54784497256998 1.61891314222134 4.22013395315954 1.08073676500045 5.45341118932129 -1.42880902920555 3.65244773937678 -0.93347260209253 0.950891771552198 0.807133542061162
1.56790659201981 3.39524975022765 2.43594815205338 1.77202815102276 4.23385039541308 3.04646487292845 -2.42734330619052 1.80994935169819 5.17227214416942 3.4554579762972 -0.947354735593293 2.43993331321886 2.34369735242222 1.75209416989438 3.66937340200341 0.351458731447514
-1.8587320073624 -1.73943566123243 -2.10062074534391 -3.19542952344228 -3.14213475727572 -2.86629500449157 -2.04613546423379 -2.75822059815867 -6.37158396957793 3.37215969528305 -1.01465473449497 -0.893424372239616 -4.48198211809978 -1.37842485510879 -3.91079958843039 -1.76874780660464
1.18094171262892 0.896796150075037 3.50185597883512 0.105495043064329 2.53044096191125 3.9150609257313 -2.11218048124199 6.78208697124875 3.29998641348301 0.523140616738748 -2.29594047937776 2.91088196784221 4.12858416278646 1.77662361538104 5.08632884489835 2.76361192661818
-4.71498577581472 -8.03447903323749 -4.36545343688526 -3.11423606302383 -5.49927945186456 -3.02674998267499 -4.14627491372334 -4.40909908704994 -4.17998519019516 -1.64201054802765 -2.53659002425782 -2.80382898563093 -4.93981936213513 1.0385776949483 -3.11769035768944 3.03042970090906
-1.51369770939287 -1.21717642365125 -2.00178219876114 1.35138287372819 -2.98009796549783 -0.962921009377837 -0.605608657970777 -3.85149274863185 -7.53438910133973 -1.59820222302686 -1.38766300010136 -3.57482070837087 2.43317381032307 -2.27505262475981 -4.09388528189834 -3.90829292522703
0.0170878427762862 -4.56054343063025 -6.96358071248346 -1.29101212916647 -5.12251767751207 -0.809587803492819 -6.12858350804064 -2.06527520906245 -4.27369865635205 1.57425750563584 -1.53570096774177 1.06396530422185 -1.71610191792495 -1.68674577583792 -5.10830219114761 -1.52790042457672
1.31686753648205 -3.56715090512127 0.132111267626329 -0.610361413417033 -3.89381029399441 -0.883601894263768 -1.17934391514265 -0.766090996605871 -2.89358679542834 -1.32483999933643 -1.17130743435582 -2.94140551255327 -4.75953172119238 -1.71604005567864 0.048917904327956 -3.77205244263619
0.305346006673326 4.89305594168152 6.18402112849755 2.58582746634421 3.86009706627112 4.62545956600162 2.80438115199942 4.12350013685075 3.79371995960971 2.48351214621856 0.190105796737087 -0.768942113360776 -0.889106853080858 3.62884474851265 4.66421019451845 -1.12105461631345
4.03026109396004 3.60725006712172 5.77444389278255 2.19105718563038 4.30759472446323 -1.37621063774646 -3.08778059246122 5.60199401452657 5.90758266289147 0.87020121534382 0.198121494526119 4.82757544950977 6.56966880905074 -0.188529829009941 4.04661515669359 -2.1003850863333
-6.36196084183557 -7.47626358254903 -6.16102377972437 -3.90000730206519 -1.14969456556205 -3.78367334732899 -0.793916505982004 -11.5487923199982 -7.394721872127 -0.556509152024722 -2.18166213421305 0.630969153291105 -1.27523092454151 0.502832667729617 -0.555577985965891 0.838169008015867
-2.36189243293193 -2.56629680184265 -7.23488810234922 -3.5196775740322 -3.32875122047398 0.772617095719977 -3.72218816990714 -1.81546827988973 -6.55986500242396 -1.34328530265655 -3.55334720182645 1.08966994958925 -3.01713197621879 1.49602336504543 -1.23096491767457 3.80007382755743
2.9141730501621 3.25596990587377 1.9690948190539 1.6023757133029 0.2113797400764 2.57470760711997 -1.45544717428682 6.10310309949076 2.34281253644983 0.477192427314163 2.32901172386101 -4.56263308724994 1.88252015790244 -0.145114343295858 3.20133425327879 0.594415689498705
3.81471997749087 3.36078781101005 0.886988318441083 -0.405102413622561 4.4033961878974 4.37943997015809 1.19237723604079 4.16992494083447 5.19234847107124 2.1014012243202 3.82582142317804 1.73346689459166 6.81276969787857 -0.0770024694818648 2.39957604492144 1.60125713800228
1.11724845394128 4.66042577982341 3.74987224325204 5.26923163009436 2.27608189552378 1.96488229488989 -5.66658913246702 -2.13897402092602 4.75675250236057 3.08333414741205 4.40500999070642 -1.12869843325054 4.13594428351601 1.7635125901565 1.97558939854388 3.43959421282842
4.223107487609 5.22928426117688 3.12779894029779 3.56250254689496 2.27028115478505 6.29182213916711 1.53283985240693 4.29379595032109 2.57786683175783 -1.85795430998638 1.37628753728522 -0.344905844150766 3.02713334824809 0.911386070813917 0.961150646179562 2.34184475053281
0.597157160550332 3.21438002865026 1.84575468244715 -1.04391127025614 4.54350750870318 4.55357039383682 3.87976255720665 7.74910885962019 2.02696705277349 0.595813960122481 -3.07107652330001 3.65660580999684 2.61465353447188 0.893814465407565 0.126532863650435 -2.96978957225089
-5.3141329038454 -1.67582088393926 -1.82105964979026 0.268037202200916 -3.40973704747931 -1.04704878377368 -1.65102066671885 -3.30402854883271 -0.332842791992673 -0.252105657508189 -5.07676777025829 -2.84238058961725 -6.7727632301511 -3.05429408436949 -0.652068531614387 -2.89544166637964
2.63724002527456 -4.87043905630963 -7.02594337017025 1.9792868828286 -2.42879574279461 -6.16401408187917 -2.88790726347144 -2.17007095629055 -9.53451863193619 -2.2700703470209 0.553251453269051 -0.410160620801487 -5.39936583491081 -3.00704397422846 -3.81674159397683 -4.13216389246083
0.377031019473109 4.01184461703309 3.90080255860993 1.91716700596078 1.76174807614345 1.73451812254635 4.12058213619901 0.347094417207578 4.77868677620696 0.147682796890656 0.924322331525408 -0.0355979974068419 3.9150658526404 1.27240031042959 3.30637932423338 0.0273730371962626
0.900313315579582 -4.59924313501304 -5.45204332871058 -4.33755872397603 -1.10457477815682 -8.30279134506693 -2.34311580583211 4.05788679834099 -6.77424953637179 2.25738475752669 -1.05115220255609 -3.28419087559687 -5.65475588933386 1.03762295754473 -2.15034774463282 3.07593372690044
5.04632612048468 -6.47409567701146 -5.80294495201654 1.1741874712754 -5.8807271197315 -1.09814691444988 -6.77454391352634 -4.4460207761506 -3.32876455844055 -2.1291457567623 -1.24244159584922 0.29268983637794 -4.40825848127574 -2.53248683010218 -2.48244114882743 -4.14575279178849
-2.50967275211733 -3.5873511224176 -3.75026991236053 -0.0184504272431689 -0.184958980333019 -2.12134380095281 -2.34397201516967 -7.62123013008085 -3.55930154750338 -3.32123994119069 -6.33438283202552 -1.64818074823324 -6.37563853577528 -1.62811895351548 -4.45975631405497 3.62603894103344
2.44492310106621 -6.33044016660522 -6.98038351174573 -7.58968719260648 -2.50676869787562 -0.985610304259879 -1.58439870912159 -7.4458390384615 -5.90719433882207 -2.164266763421 -1.97463531606386 -0.541450239487793 -3.29730285129808 2.99066438213912 -3.62752449849726 -0.662873984783006
-2.67686136489992 -4.18419408758683 -7.61723985844804 -5.1846043676632 -4.4387817884102 -2.9895137092944 -0.763278318245759 2.10095589241126 -1.06674299451589 -0.113138995723073 -2.70286094671956 -2.68218592316815 -3.51224590913809 -2.4357787894761 -4.87715278579618 -0.352905021079794
-3.64994856006141 3.8637540103353 3.44574376889759 -2.39320642542274 1.96101175538237 3.32467280534106 1.06105929990863 7.48152845434798 -0.644340202833416 3.02104616224691 -0.743166438194765 4.1424677927152 4.69489863998454 0.493048243879177 2.7511223320354 0.728281825022112
1.47285965870958 3.91631329878144 4.81851531937338 2.37289513099683 2.69089280383532 3.46410964449609 2.83206273703014 -0.817910301000341 3.82249802399901 -0.54939862526194 -1.7451959562147 -3.65673385085006 5.42180939233334 0.339266562438003 2.69452519896548 -0.247221448028971
-3.97704769469368 -0.940526001786701 -2.48635007740095 -5.98008275159016 -1.78090872981241 -2.71866721717997 0.993156323669969 -5.11379521890346 -2.19413274320812 0.698020582998437 -1.02966758336021 -4.91449539370648 -5.32156456633902 0.922680661504705 -3.09084699531081 2.08378821012984
1.64384077648606 2.09574956743672 5.28928527140808 1.51604032041159 2.85578836314242 2.04215255478668 2.51165853633467 1.50981396405495 3.51335070788032 1.83117530199026 2.1202831878984 0.702803758814024 -0.938734877551434 -0.391615080548905 5.92165218510262 1.30692302030657
-4.45788067902905 3.02076242758787 -1.9292250765294 -4.70777239522641 -3.83940740876853 -4.08652213367779 -0.471470016600279 -5.52236974842572 -4.02674413932203 2.67934193949896 -3.03502429267671 -2.98788967524861 -5.10139393653946 3.58272047222303 -6.61054385843292 -1.03238502458772
2.43629450754977 -4.32259875678961 -3.82524683351359 0.367809874669294 -2.53012140709053 -6.30263640330404 -0.154839184672713 -1.19436727958281 -3.73109838325102 -2.05273870383095 -2.86675451860019 -0.480931880035809 -3.89277464488137 -3.40876570936418 -7.08666149214563 -1.98710884147854
0.286844621978007 3.53249381804811 4.66946779373653 -1.19461431504101 2.99275029112122 4.09730528214429 -1.11109731602018 3.69899495945066 4.73020515806406 3.80833261947841 1.62337560611732 -0.480292397070671 -2.23225722102981 2.04331677681708 1.85312577915715 3.80713858556056
-2.95055780462855 -3.65044976367655 -8.54106909309456 -0.650014538734511 -4.67296646570336 -3.24484111276915 -0.794172937027283 -0.927858626118086 -3.49404954049242 1.21267104508977 1.87128185492335 0.0528916336356029 -3.37311705990572 -4.75613833288619 -5.4193330340879 -3.29119551320575
3.45482905675277 6.07925511574079 4.49162039440071 1.38604321157482 4.88579348799825 4.60039293244029 -1.89728503997626 2.75952904605442 5.9615385169213 2.97426931263877 4.07741347242239 5.65310408586594 -5.08589191455428 1.37669406580391 0.62369345903622 2.35347956421316
2.17651202648084 3.75714053292639 3.98007787465912 -0.191088405136945 5.83424589014179 1.94832573639099 3.50763356217424 5.62288622038164 3.08414460521499 1.10092921290178 2.60952297204742 0.546815238629553 1.36742697229705 2.23777207889722 3.82151209602483 1.8307712311259
-3.73643260354451 -2.18294894450971 -8.47592249964224 -0.0620672898596983 -2.79507310392148 -4.73660543473649 -2.51605207293369 -1.68278513817374 -5.32349745222203 2.20727166510177 2.11001034584233 -0.233083833945906 -2.54939590948473 -5.0666428242419 -3.69762688741029 0.129970925848325
3.95684712507623 2.5650914058614 5.17606303686372 4.17337682937373 4.21147364988516 3.7100664334525 -2.51000830690634 9.284383233778 7.80870864138619 1.37924436928622 -4.41515014759278 5.71887285697097 -3.25526847681877 2.53638688507907 6.28265936020527 0.787372550509898
-2.01452258065909 -2.30742218328587 -4.35881229381744 -3.84381741795452 -1.06551993022141 -0.670362747813029 1.86984819915948 -7.85054800473661 -5.10559847042616 -0.683249390106627 -1.45502160705734 -2.2723935393746 -0.935212798316902 2.86471368414665 -3.82845330539683 -0.545371724427059
-2.02877094187038 -4.62554225506878 -5.74944017769313 -5.16415096675008 -4.464239369322 -0.783449983556507 -0.362915587054988 -5.1935600631101 -7.7149954879097 3.16781528241389 -4.22017278344656 0.571969919666454 -2.47165626725081 -2.95732555532584 -1.54044987661665 0.537727325004207
-3.64243531336627 -2.47228487872889 -4.47443245075603 -2.14656358533815 -2.95501764764765 -4.99941654160356 -3.92149595439682 -1.26078883732819 -9.5713974896569 0.994301160369918 0.929694487730782 0.363971241283239 -3.18819209382039 -1.11495469868375 -4.51414335950005 -2.75627530670121
2.63801303737785 4.97566217423402 4.39663251218594 5.31292974830032 4.57222028723507 5.57004073031343 2.47146466471018 6.00699871614124 8.73990502122849 0.789857545899764 2.03248687668458 2.99311854935083 5.10731272929276 -1.96565616741559 0.685375634044322 1.70501011034198
-1.36061277024188 -3.77093858786076 -1.95139222501263 -6.2732889186465 -3.43457684008728 -4.76361978456796 0.439915376754747 0.269064975614326 -5.93411057362067 0.398267315365129 -1.19815522075025 -4.14636140878274 -1.06588267238578 -0.735755252301206 -3.58472032716605 -1.15774072165884
-0.968219606863623 3.86469573794721 3.32001785890502 1.34167070591547 5.0185301535623 3.80803061141213 5.75243798983222 4.02808866436327 3.74983896384837 -0.283937461010362 4.16152637518269 -0.258632882919 3.52570102592365 0.626474728338938 0.603493470825875 0.804384721242445
-0.571447417049123 -2.7216461849555 -2.0450934073218 -3.12777266449137 -3.93709242500015 -7.70422454117939 -4.09212490649734 -3.76205726054792 -1.46097171825834 -1.18163793828997 -2.82901819873402 -1.58090974562388 -1.71162056787356 -4.0255041011614 -6.14060484899988 0.803281322526165
4.09755139369233 4.61424589301221 5.69929623750761 3.88003178570977 2.73419399250875 2.01160329606921 6.41872126936977 2.84962752505737 1.27737109033803 -0.851442501201541 0.981891381449707 3.20340041450573 4.90929151879233 -0.204622188133593 3.96646156422828 -1.82075647605681
-2.95887949900734 -4.71741502113819 -2.74152005178021 -1.20489443414444 -3.89984443603647 -4.26680543743069 -3.541619436375 -6.41729826775407 0.147823968875976 1.65847678178475 -4.36158003701809 -0.729879493197369 -0.0597879595264952 -3.02848179755692 -7.48556477246797 1.35035798370699
5.27449294038792 4.12407619673169 4.86117372361607 1.14840555343915 2.42595117133062 -0.112339178053403 2.36807892366293 4.43098799130455 5.66043780865701 -1.07223317521332 3.08893371254708 0.23417168343491 3.74300090523264 -0.199224756074969 7.5441467652713 -1.28219981325847
3.23431348259298 3.03442804003021 5.23012355614741 3.36312281041469 3.49803799563893 1.77982641993576 4.40138870261683 2.28055196621813 -0.184460195278517 2.91712117207325 -0.628180251357683 0.783531743599617 3.56949929364259 0.249888846129618 4.53787536426776 1.18178045836765
1.61595698645244 5.1941931531245 4.67028392222703 1.27392594252745 5.01453111306464 7.36614562588299 4.17846380093091 1.65633832250613 1.22070481324329 -1.4554921146968 6.60421143143117 0.791422012949729 6.99140392457008 1.5313291391398 4.66871939920276 -1.02909396543175
-1.23616670292535 -4.63608638965919 -6.56531568109516 -5.24147122866024 -7.22101975907692 -3.62219891929118 -2.72503219806289 -5.668768070725 -5.80431846836177 -0.474177415677334 2.08402660753406 -0.725695597789129 -7.62318408334426 0.600759648868376 -0.965991630672012 -4.13470988915343
-2.63767296136995 -6.3918462646075 -7.19152559563749 -3.98931787337471 -2.97331364012818 -0.614268840286072 -3.4163103001556 -0.496494947394454 -0.454544909882586 -1.13722042045707 -1.30468067819264 -1.69844692844165 -3.10780155743199 -2.67777466723824 -2.69772599301513 -0.594985052199488
-2.95414317052008 -4.49028573786633 -3.7955064724957 -4.54830950325442 -6.05633730734563 -4.3857739789556 0.063035894587089 -1.47211125587924 4.35082406473199 0.12720641541514 -4.41828857093757 -1.80786987748503 -3.48037088071772 0.720723047431263 -5.38676422749734 -2.01844545927026
5.50941845780663 5.39699307026465 3.36203587776201 1.43396622611466 3.16241987751154 3.85672923063601 0.147847761199709 1.28795300998031 3.17801384512636 2.17759532037317 1.56979304545222 2.2865849684627 1.78437159733824 -2.07127616580045 5.57324939504182 1.89007653054056
2.41932735486953 2.02455569131791 3.08088131032858 4.68292348810839 5.80553412501802 7.6006104381967 1.83568157275655 4.61877475767268 5.32898737053204 1.04431613099474 0.650790259987474 -0.554651374111279 3.49230004022018 -0.849505071057846 3.76490854508386 -2.54269811074448
-1.5413758001518 3.71032032946903 6.29980665899746 5.63988505537839 3.9432141537128 4.49331837724069 1.34873225473514 3.44711180595694 2.84426288481206 0.225251750307415 6.22162895758124 2.97870870036687 3.45688413435139 -0.3935233247778 3.03676096597116 2.06693417169414
-0.863390659907506 -2.28257250610595 -4.15878293379148 -2.07879177187925 -1.54636031378269 -2.62890231098856 1.92841368851468 -8.22509755985986 -7.21595669275199 0.711621042230147 0.471307991318925 -1.67221481012296 -1.6051301752858 -1.23717033279603 -1.46522549169157 0.324663864630142
-3.54867469454665 2.66221379991983 4.53048609978591 3.15793129634929 4.04772407663685 3.70931581927687 1.98236870175925 -0.843742679339255 5.43468467401528 0.859019418638272 0.471778627815961 -0.565466751682895 5.20034118153729 -1.68177729677591 0.476209520315777 0.654392977511654
-2.35337902407656 -2.18291701175325 -7.45099927181189 -4.33649160433641 -3.56127929464668 -0.656494501970109 -6.59852756372261 -0.91796159882941 -0.275183510957869 -1.1591334002119 -3.16092013789862 -2.1941071290644 -1.02041494158268 0.98001267214603 0.127525081852668 1.62642636549464
-3.45339795541274 -5.06438565882462 -0.220558793488922 -1.47214504892553 -2.24502906810096 0.470871571445011 -2.77478079504028 -9.98876720670376 -1.4402667393952 -3.42613828670977 -0.608982970317914 0.803852145583763 -1.53381396081463 0.693922335296224 -2.45732758835416 -4.39912730586122
1.90104604948996 4.77340337881107 5.71653376862431 -1.17421962343537 4.97960427292434 4.53040676080734 3.08661341249501 1.42591241585222 4.6669915233353 -1.56260387871561 0.293776785645789 5.55411654693717 9.02740491616364 1.87108527272901 4.44205806811214 0.032393576152856
0.579557824033857 1.92638745451097 4.6120206908955 5.79075146931946 2.81312089434777 0.458236546004604 2.80962349318876 4.66156477386184 5.28259185713387 -3.48259911459504 0.96311264144767 -0.443385516248648 7.10990836967966 -0.236218752175601 3.04610188594241 -2.8262474447662
0.0830794060933091 -3.87551678066911 -4.97287356150642 0.00699966318301204 -4.35272989946304 -2.774340688487 -3.84487256489793 0.47036319665265 -1.96520592953324 0.311985576905342 -1.34476984232301 -2.09865624740129 -2.42855740897104 1.12324476105263 -4.51983818602324 1.93671927393385
-7.71077035497188 -2.37494521720218 -6.01666002637441 -5.51868410861328 -4.5738199266964 -8.51429845686283 -0.0608083400742772 -5.52825729242247 -4.27853806743998 -2.82455503974778 0.121380443182914 -1.88498437511495 -2.55619026003877 1.02048182736605 -8.0949847414027 -4.43570940939528
2.54289393958616 4.60647880090119 5.45693518048273 4.532806373843 3.82585504914545 2.82982299630423 -1.04852744164735 5.94798303986038 5.980428251626 0.143737481691412 3.16828995954672 0.153091440418241 3.01782396856616 0.657784598656683 -1.6360743373921 2.17313435892066
-3.93800381017962 -5.16526676551378 -1.65868183315957 -5.38021844713984 -0.0795142921367358 -6.62886609067469 -1.85785385314876 0.388821811879622 -6.44564020179258 -3.20699519044692 -1.44251580982167 -0.322163467858566 -4.35203167667567 0.100523496136415 -2.59686155293951 -0.170291234502331
-1.81364234574077 -2.95427566973355 -4.27778718858612 -3.99233537139264 -1.09466456252879 -5.08617935952984 -2.25490209800383 0.456456990878286 -6.32427376034012 -1.88769341460628 -1.62812216540426 -1.18989188735509 -2.2052395631014 1.75689429696873 -3.62821129202585 -0.111308648184063
-0.882691883732408 -1.35189455761856 -4.71774834340519 -5.32511819206012 -0.556475441782332 -7.5320470797466 -2.03473862177434 -5.05517664891125 -0.699193094623852 1.63031377071367 -0.898046556751386 0.0304075712153686 -5.27096427599533 -2.23355858070381 -5.06204552131753 0.551118989806725
2.44789746955105 3.49155719551768 5.2332983794102 0.755989299191703 2.66796891492566 0.447066470990815 -2.49973608809257 4.32532265277522 3.39353012029475 2.31153116995004 0.0217805859711606 0.890821383028108 4.23169529872296 3.04482120684174 0.144587704193987 2.45840200803545
-1.62128013573702 2.77757926027406 3.63004685552689 2.20643519297872 1.61560316526931 4.23432245477228 0.454403538668194 8.30402982903472 7.7525478348865 1.21645953033838 -1.99523738757279 2.68162425689807 4.23279962600719 -0.753419168086514 0.415284751819834 -0.43403913926446
1.75010206472675 5.5998526477739 3.1511924594022 2.36211002643755 5.09716559982917 2.78837976905701 -3.21858072430092 1.69010386584004 1.80820786687198 1.86102699294121 -0.0607650685835657 8.21392716142496 1.379102944154 -1.2868225608472 4.74853072455972 4.08616600804203
-1.82992555329366 -5.413710075937 -6.063901189727 -3.51368000949137 -4.52538058805833 -3.05245058322482 -4.14289419346185 -0.878677930856817 -2.62957167988368 -0.487135647611488 -0.876124156700558 -0.283334289802697 -6.13684937457868 -1.58479206924503 -1.8045603574903 0.0834136589530978
3.7920591209702 7.32056461932176 5.00589921620289 4.22904226117711 2.99277909695238 3.62850888980821 -3.30232475882709 4.09148475166801 7.08072663706904 3.08014990341847 4.01561085823576 2.86289020703453 5.60965583003915 -0.681520075735871 7.88144413094106 1.00085171453029
-1.29463715062162 -6.33705477444916 -0.665514017933637 -4.46298962669828 -3.85540630222516 -2.09620546086794 -3.68675362516286 -2.01337936754945 -7.09022741741952 -0.953176698871717 -1.90691192544923 -0.414802508555136 -5.11896345166507 -1.20284025749027 -3.01961637058039 0.141402242335748
-0.639616246367925 -6.4054928123123 -3.62017861891564 -2.80646582031524 -0.809671111083745 -5.59088255242432 -4.76204189776628 -6.0913357665034 -7.3534593357992 -1.26608574621627 -1.86613633610808 1.17683987380018 -4.79521248149957 -2.9628796688952 -4.97495722950875 0.179304114692454
-4.43956660059626 4.30768227055365 2.2209212012518 4.88690870542066 3.05348295267659 4.53050194100983 1.91510209244208 6.44359006185873 0.43885703826651 4.16781014669569 3.54606820827837 -0.937686390258132 0.824343468304579 1.09089171673475 3.33562145889796 0.50866137607577
7.32067904196263 4.8287608603497 6.46620365069469 5.32766246743126 1.63298080971509 4.51647459265518 0.50537245687779 -0.444034599201984 2.04009857232567 0.763888412050919 2.7473289039228 -2.4583356434301 4.47306761376857 -0.235166376258469 -0.42931145430933 2.9055875155756
5.04074332589528 3.75156031205587 3.42226805729645 0.0520282979289779 6.09328748420474 6.67830024895498 2.3045131323739 5.63712860761611 3.46465156850918 1.32153652736997 5.09059948728929 7.58958720180813 12.7734335493643 0.223299906194104 1.95136146533694 0.0662920620279711
-2.39745097173197 5.0869946533415 3.85505226212751 -0.79959375985208 3.44534552513819 -0.4775841356077 -2.44853561530088 5.3642049994484 1.50969744649158 0.291125765020595 2.32789190660466 1.04371748266018 3.27158672045883 0.014462120206306 5.33725172250898 1.8073551654768
2.52601689575098 6.43087312758851 5.5414725220628 1.63338757815495 4.64322976415434 5.18842012672908 -0.890269804575753 6.54876449086515 8.33222916335148 1.67938170322188 3.81086623724462 3.21868438367022 -0.355602127186408 -0.65860751940398 3.4397274766378 1.13505896776803
-2.3119365619698 -6.33647496067877 -6.07542378503783 -5.97326498607679 -8.13174596000807 -2.31757337544646 -2.18129667569718 -7.8823050982922 -8.8148163118461 -0.617553028513128 -0.474640689658236 -0.169622566722018 -1.23274786982154 -1.07499980201484 -4.12574784259823 -2.11259596645812
-3.87642867274826 -4.47224172561357 -3.20837512665482 -0.209440717466729 -3.5341880171526 -3.20796073534462 -2.45059290344847 -4.30949467285671 -6.10164744547847 -0.685073931044541 2.93123976070235 -0.339107096102753 -3.52380532377837 3.18833835827291 -2.16780133479867 -1.10072972658189
1.35500394027877 4.24910918751447 5.55326241383029 0.789875657687997 3.26085084952192 3.74769032273849 -0.419543835871071 5.50748379638101 -0.985127643203355 2.62335667009195 4.13620605140297 -2.48976029374666 -0.304302353193819 3.21466457001356 2.54874236340219 2.10193087283934
-2.00363667084661 -6.84898810081032 -7.19325293412868 -2.40276211858217 -2.3191777813338 -5.69500580886619 -3.2557183423497 -1.75384623464478 -3.19127228721553 -1.48085656363869 -3.60487904105107 -0.601147118868521 -5.78570744421722 -0.0321822373193376 1.22283422209494 0.0654783646968223
1.87208414396768 0.887764333424988 4.06485018861425 1.46982082337236 4.8054820716153 2.59272782284806 6.67955009768343 4.81801426128437 8.2778177395761 -0.893237359459821 1.10751359031606 0.739688117353536 1.62593490840595 -2.3108085861323 7.0659223587697 -0.110266236718511
2.14996345919957 3.44165716553921 5.24665719040989 2.90932785936513 5.52319926687711 5.25830119066801 6.54683174335338 2.7912521943023 -0.85658779002582 -0.205607348837166 5.0679527477573 4.73935819316296 -0.589390052463283 -0.494654234861052 2.49757844028838 0.349809984932369
-1.58609241926849 -1.61190978736935 -3.95135074531255 -1.97546876583823 0.0907458038426125 -2.91818829516023 -0.816074626232654 -4.76375306757938 -6.48893825962005 -1.1897828698307 -2.92037237173438 -2.18287666779157 -4.43738543928856 1.50661572114708 -1.97520220071201 1.48423925361073
5.63805419118408 2.62334619578648 6.64138457687982 3.44386694762132 5.07654165379433 4.57679128752973 3.74085837039492 2.2830075929078 2.05506461681027 0.907437091815339 1.21997155550896 1.0630304215587 2.5600010940703 -0.0648696480205919 2.78464674640394 -1.36846502244632
-3.16869313209502 1.53835018064485 -10.1004004736917 -3.48065909976303 -3.55261566905674 -2.55738165378443 -1.19638755532846 -7.29466000770896 -7.47879450927896 1.46483505969974 2.20085158537664 -3.18266118337422 -1.97090790690856 -0.686479160208745 -2.58192663597991 -2.3148232971885
1.1353043833007 4.63383951575381 2.66891357441343 1.41937974890472 3.10871313975705 0.701614227947381 3.62453102305249 2.12967663312059 2.49457377277274 -0.00426116891942896 -0.564621374651401 -4.03670029136379 6.14248078471821 -0.717076583672649 5.44387152066575 -1.25866263779321
-3.48741701659499 -3.52073849000871 -6.48708820706583 -1.85408795083899 1.68996411300165 -2.0806737950347 -2.43437032700312 -4.74334167484787 -2.74421074998998 -2.4942284302518 -1.81956243068776 -0.679300702558159 -1.95334767150474 0.876383140156269 -7.91908299179238 0.17802464123259
6.00041264519846 3.46187058670946 4.6285174970585 2.82784086284313 2.96334785296282 3.33972497097151 0.85491359950118 3.23653246329161 7.11308464069191 1.59841850132591 1.75511124127383 -4.70545027725644 3.21081037334691 -0.0703033709044222 2.5703102947479 3.63955473271581
-2.36536564986411 -2.46452535309226 -3.45572167454792 1.07482858606189 -1.54607989834775 -4.36289982989675 -2.14182701064153 -4.75379356556705 -7.0165799385433 -1.49382810501852 -5.95486716698003 -0.628751701399445 2.58207974385204 -0.384651720299211 -6.03930371234191 -4.5321566022601
-3.98673394723143 -5.0079398275858 -3.20188858339906 1.71564760692233 -5.66182161844726 -0.00750841601855878 1.1656162054042 -1.32176426920932 -2.79968468696199 1.55402147268479 2.6331263271906 -0.393738471906442 -6.27940544113077 0.341307215379723 -1.5565388013272 -2.86524228532887
3.62327022783249 2.90778550938657 3.79968974390287 0.0117339325543333 7.716589856537 6.15592927044935 2.88097563029328 5.24700498189618 8.06101516244361 -0.191287328093078 -0.706414473861339 5.19158042959042 3.85918027732265 0.193488362426268 6.54871184279858 -1.65629348430532
-2.95869116625897 -4.85422588208646 -5.39775896665202 -5.08103617212706 -4.59133812481928 -2.89322260480846 -0.978382659547614 0.0463662827420168 -1.81429693866181 -6.31798810547413 -3.17028937182494 -3.22507843919733 -5.30223908684816 -0.0206226961679821 -3.39974381609958 -1.46055276143187
0.288533191129608 -0.157384944920095 -7.3694126091713 0.662605796440592 -3.84559752227497 -8.11392585735209 0.710026144802824 -1.01699470927572 -5.52501025424184 0.328906274228731 0.373942742058344 -0.577834031854693 -3.91781311873495 0.511382357878055 -2.67903506224103 0.597373132415721
3.22980266291498 2.76047906430987 5.42449999184231 -1.43830767327971 2.64615803563962 1.00145283356334 2.59987981542027 2.16816963571227 7.70369059071838 1.20794041481313 4.42839763299082 -4.57844174035662 4.12597020644869 -1.34965277940747 1.51899215247304 1.0472897615524
0.361382560840979 -0.448104335993757 -3.77660369955992 -0.931723144261385 -3.65564797264855 -4.09932304059099 -3.07793982679197 -4.19775946436918 -1.69239136274197 -0.687719947513656 -1.9989560787636 -1.1499945177665 -7.92838689856595 -0.915280294806356 -5.93593423354942 -0.280093728857004
5.42240211651973 3.97431582614957 5.39386557704138 1.42844207181114 5.26858429432208 2.36782271270961 1.22142133572848 5.3899140671397 7.26534350591953 3.18815504454042 -0.723052041822733 5.38444704783408 1.09581820352526 -0.766589938047785 2.78254113764425 1.60568358396578
3.48568527607823 3.1624937538445 4.89450169934448 4.46014443716869 3.73112253729846 0.565562740315089 1.10936463265254 0.705657401987431 2.98340558093951 -0.302297161889295 3.58068706051972 -7.01608534005704 4.85605152723334 1.46524724868861 2.23158040328027 -0.287967503313226
-0.874673083599379 4.6075967316927 6.69755262746556 1.77011471939413 2.81408363163895 2.51281318933258 3.04145725061592 5.74363210177117 1.39233269751421 1.05700312825898 10.6390234182811 1.90227614042137 7.89480178534143 1.24208062796609 -2.22725519213959 -0.949370288799654
-0.642741660331651 3.21803039837594 5.34353193116281 5.66054888188461 5.65826413417177 2.40551967006478 3.05241419025679 3.81243151416131 3.70343340636393 1.92974535229901 6.92599784895431 0.858555432655151 2.80644835431945 2.40682000240026 2.92472147626299 -1.12930167026647
-0.0463221213933356 4.83966849899316 6.3096378876862 -0.0650489819848934 2.51800056301185 4.25593893753015 3.30711423067202 2.46321261870916 5.69144737343848 2.1972766849066 1.86167551285344 2.69682947897237 8.4741419252716 1.83616147340937 4.66290524022956 1.52166665593579
1.09214208283197 -2.96068193362221 -3.31311174780883 -11.4065391780027 -4.9845659323676 -2.392098618694 -6.3055080025372 2.05879441234824 1.35209375295788 0.571784318635923 -1.45617974323918 -3.23246815400974 -1.00054800884305 1.02835970070456 -0.283383801707211 0.0459511772189737
1.9508720150127 2.38542690394073 5.24517631630954 1.62617589625737 4.83370233908228 4.45603935070621 2.99330075196922 6.39317630608434 3.36893686380801 -0.748064643888207 0.55737439079408 7.3947226894875 8.42691613874632 -1.76381916321371 1.67829578882807 -1.89267866792351
-4.30911503245687 -2.30291839220303 -2.62061187889276 0.372201759223454 -4.90140410175493 -1.60208077383629 0.575186225803192 -5.06509336315464 -2.72602882553075 -0.0934815344603064 -2.65335158802776 -2.38746717200366 -5.64340532623608 1.39496428154539 -6.18720305292928 -2.79283307492429
0.819366249909158 -2.64060675079071 -5.86715574737813 4.69442713219254 -6.42980216183721 -3.8342891790159 -4.66848740013658 0.25131410742301 -0.0122292390042502 -1.45225334217874 -4.92386660409798 -1.43510066050867 -1.76893627462425 2.65599063263983 0.0340612944967971 -4.72237672338261
-2.61691513843789 -6.21293832726538 -4.07238268827631 -3.21961196734354 1.58739084938443 -7.15365410759347 -0.953778317578826 -4.23015443821699 -2.96554496878751 -2.71342981396465 -0.108672469330155 -1.40029791319178 -4.80962001865159 0.193909188321716 -3.47301714375501 -3.40850305936598
-1.23926134986527 4.8387982307769 2.05870904212219 3.09916131983847 5.94110363998386 2.340443660065 1.79750508849934 8.95481400508575 3.07690136606109 -1.18537554481234 9.30109609482776 2.72840648501875 5.51718480194309 2.11559584422539 1.69242028113676 -1.09306578976819
-2.23014667570934 -2.73626128758168 -6.45121977999449 -1.30031066038309 -4.60869137273041 -2.73135639069164 -0.850281027864651 -4.24177450628406 1.38496131283148 -0.207884786562958 -5.72400809722413 -1.71308963941029 -2.37111646670304 -5.39413963610191 -5.80767962202022 -1.42083214802271
-3.57079080657948 -1.79258597009258 -5.74902220168986 1.55770380942396 -2.07685713025005 -1.92841451736665 -0.524224705537273 -5.86533069290613 -6.11859962917793 -1.28666875891114 -0.745374971648938 -1.78812389555567 -4.51480538896057 -1.22989444011639 -2.78535489997361 1.85370316597958
-0.0823977113929772 2.9202953374968 5.38121161013285 4.36145481467676 2.63768050139829 6.10271952455945 3.25675518156627 2.95248349665677 8.27767224098109 1.16952710841638 5.81632041291177 -2.27611471034122 -0.809424963561939 2.63557441876524 1.32646585173058 0.956538306049438
0.501840959426463 -5.76299512744636 -1.29726264381744 -3.71193021158218 -4.2469668491182 -6.54456634607957 -2.72376008385298 -0.990541150886304 -0.933201466606376 -1.2979428574124 -1.27003062855063 -4.0414125023249 -3.68752084940497 0.305389042367718 -2.6609999138769 4.98094158173303
3.53100952350851 3.02512184865081 2.64859365349723 3.12833644423662 4.36243983958656 4.08863338968196 8.41671076642842 3.93878783828044 6.26889139234601 -3.3489656277681 4.16955960357679 -3.51490197523824 3.95615978897476 0.289983856323994 6.11521640590198 -0.486683792245769
-1.75376261625441 -8.5066058887534 -5.31541625063538 -5.38558199603286 -1.75073330872585 -2.36332416748298 -4.43675673269515 -4.624142919911 1.209921036985 -3.55411867952813 0.849384054902334 1.2725148087079 -5.11370311159616 1.12930395206598 -4.1912167278259 -0.54259639497697
4.46374367682605 5.41507499332882 3.87755337652137 3.73797830105967 5.91459536010918 3.62151709280127 11.5024575693222 4.26172495109109 4.28707977839989 0.169713425771743 4.19944333777065 2.79997655416559 3.40999807552032 -0.762634393544249 2.18175279847225 -2.38651630470082
2.94750396185643 4.89160903248406 3.56319928958624 1.93811430801702 3.89881896168622 2.58728751416505 2.22023469837276 5.33232225000279 7.48805361147209 0.197961267659604 9.17044013013756 2.21226918070819 3.85756408113347 -0.852621972361157 4.03160397637171 -2.27142900616417
4.29688897523736 3.57210231118782 2.55709794631716 1.35557672509473 3.05992830497057 5.1115940410788 2.6253058833355 3.25203065220313 1.9047796769126 -0.698971122391747 0.253990046503033 3.99960727635843 7.69715392878877 3.26502710408894 6.30961812710318 0.0114437545808964
2.87413560868759 4.02282599779381 4.25536597570455 -0.336302392147995 3.22541020766328 2.29418875994866 0.4567199792262 3.90103352994296 -0.498334760639822 0.487428962348606 0.351568681571148 -0.161910770923305 3.06676211749203 1.80462127294506 4.98634895146859 1.65359079351226
-5.572950084891 -2.36789529162957 -7.35356272389996 -1.5078558968669 -2.03215714376571 -0.709206747356296 -0.795912516160656 -8.5535937355758 -6.81016113413931 -3.41745441509364 -1.37609906529664 0.446903265486595 -1.37421680445512 0.654583083135258 -2.02074200041682 -4.62392668729821
0.960867153349891 -1.60032463333293 -0.354654348865743 -0.590997240263585 -6.86523058553852 0.85938710996372 0.0698694349722688 -4.44799015308255 1.48659117741785 0.760260696878171 -4.4775855118952 -2.90902984084321 0.548909669943224 -2.18897993093823 -3.51236540843525 1.6965858240004
-1.70434382166079 3.74911596740725 4.06932520161778 2.44293965296357 4.53897912374779 4.3678856006872 5.09116876031996 4.49310377635957 3.397399914175 0.707349658045115 2.30810633107604 -1.42731588014886 5.43743755465468 -3.1576612740388 3.05135641451716 -1.48796201194999
5.18870747474491 2.57406591827722 2.77710010475416 2.03201948970611 3.91236587639289 7.41683573768139 -2.53713900709304 4.65360837329578 -1.36933851375841 0.762150718696363 -3.91395946828546 2.04847289961769 5.36564103415386 1.7084067549487 0.776367523934345 2.43183885518087
-2.02255508957939 4.12389167815203 3.18969454939582 3.84907027889308 4.42468528708728 2.01080081691456 6.67177990172485 -0.994595369115147 6.63153790871077 1.61455679316924 1.67595399995516 2.9212292096989 2.73187058127151 -3.47306783271316 1.78841427532057 1.46523256404708
6.0564491667079 5.27851728511433 6.05628985960853 1.66600792494305 3.69405391831524 1.75821721377332 1.62422005835732 2.05565658595819 5.61592428084659 2.76186911694063 9.52651881230557 9.81641361468253 4.38742866874506 -0.527292208648956 3.53881254718466 0.901258485173348
5.1700174244973 5.72874756437339 4.84335181889042 5.12308255242144 4.76944190968263 2.98539275765172 0.0344847248972513 0.842832104820972 -1.63883771697373 0.268074560933224 3.1677056446062 0.47283239917371 3.17564880530046 0.846821252340124 3.00483376217846 2.0554987151822
0.0320652753158008 4.1400502233513 3.57277279209626 1.66069838425553 5.66787644590625 6.24875018712286 4.35421781938354 1.67165460253119 -0.215337140934606 -1.62975226791435 -0.00329268043875475 1.01207554978453 4.20739176247741 -1.34697324203562 2.56953394952722 -0.669376136011304
-0.468961786436473 4.53200605148921 4.73563935902119 1.59322432452956 5.02131575737869 1.54643020736033 6.35341759280906 3.45362409677054 -1.5486808854223 2.31543179488133 2.46143571312011 2.90750847460421 6.27668807490659 -1.55339719053308 2.74603056591297 1.48929540267083
-3.33455830233074 -6.37648535803569 -7.84059760386295 0.6930999307799 -7.58967127764132 -3.58568750846333 -1.26901439551445 -5.47244678531617 -9.36220814323997 -0.642454428484461 -0.533025085628422 2.17923761083666 -2.69127145410262 1.30313446017334 0.16344931345924 -0.722820887658943
-11.8113671468937 -5.92002683762375 -5.14956914787161 -3.93031302552223 -1.25895917759896 -4.7869525991824 -2.18549043283066 -7.99888616039141 1.00668144676722 -0.599010232198308 -1.90623399933965 -1.7592837105743 -4.81456836714004 1.20285735380236 -1.054351816357 -1.14290785491054
4.75379622472349 -3.31343946735828 -4.29779500144891 -3.65918759685798 -3.41522837178816 -2.28485542590218 -2.07527388246397 -6.10003851943977 0.68160022719993 -0.744620264855121 -2.93111504028326 -3.13622317210998 -2.50637941233722 -3.58933126147457 -2.33376530021545 -0.908644447580623
-1.26149879210407 -4.81382837457671 -2.93655256696811 3.91809211608083 -4.60918794230254 -0.777275890936786 -1.77535524449728 -7.23233006063972 -5.93610126085269 -1.15951544216652 -1.01361653838545 -1.15711522345636 -3.80948159361815 -3.23251191264334 -6.27064722940952 2.30748426139342
4.75357555736208 4.16380225622725 3.73148549152923 1.85704755055927 4.1013311351587 -0.124257907164358 5.29736258301271 3.9216561578651 2.87999618810098 -0.716248312587862 4.35597388853276 -2.99805365700543 -0.0317938138314275 0.656540688909493 0.111785323187626 0.0412061877021812
-1.63753665897795 -2.78713041030495 -7.62198441043905 -0.518760152273615 -6.92184229456269 -10.402563560715 -6.38629560240692 1.39944231439036 -2.91242135457104 2.56724585982127 -1.85600216282529 -1.58033162366732 -6.570918732271 -1.92615109041379 -3.71238209870493 -2.40453850626779
-0.772208514516665 -6.81433241352486 -5.28564283997912 0.0699695550761881 -2.03705526741482 -6.09916919827511 -1.31645907510478 -5.56533149058476 1.0208610780667 -1.29141302881024 -1.78636853634456 0.276492945056839 -7.27890229257067 2.39719974000318 -3.84406601174853 -1.6961298312231
1.95750284335565 5.95450788420121 2.81925637242319 6.66816148599318 4.55432520455921 1.84108594876872 0.271380817777131 3.97314121211685 2.13563551548139 2.30607064406629 1.14803631061973 4.28198265667395 1.71651987619026 1.02165222237597 5.39552505615424 0.327426302522762
2.19309265544119 3.06600113926712 2.99651022555566 -0.271208685340782 2.81400187498329 3.34892681455108 -5.46953359959867 4.84325191846407 3.4986957717099 1.58302546505303 5.90062479006409 2.42619795370229 1.40313800596477 3.73292447898526 1.00167150050193 2.26990399848718
4.75901267595619 2.40549075934731 4.42608691350745 1.75068700272762 2.30321169455458 3.87563877448887 1.92618178783026 5.65587047107731 5.18088796761247 0.65385178492054 0.00257961873329826 -1.3857299151456 7.58264754866543 -1.58544690458757 0.821754276771002 0.966465035757398
2.35153513740841 3.17959255337344 3.50443380166402 4.03833346857364 4.5244213927086 2.43231570554487 5.24185179317708 2.15451696943877 1.23499438754361 1.34981436448752 -4.51902000958323 0.336946579233898 -2.34284866550305 1.61034925059262 5.93509479258063 0.518581763847781
1.36018895954903 2.62614547278985 3.33538247621255 3.77922882343744 5.9661164013685 6.52331283753276 1.64601158221076 6.69346764183713 4.99965503454468 -0.471947253240636 1.9611509427065 1.82793341546515 1.19544830997359 0.113193924155494 5.74307650375982 2.11533595323948
0.280079948138146 -1.97825165541611 -7.69728244971263 -5.30760516517307 -4.19245187956514 -0.774362992683128 -5.04081365462313 -11.7507440288111 -5.35656150204126 0.263610878707661 -6.2760147118838 1.05606100738115 -5.88700537110795 1.72931883447937 -6.29760478420006 1.14081151774415
1.76638654885151 -3.25901873125042 -4.4877169866589 -4.23187998735257 -4.98063118936661 -1.92147502639783 -1.44028780674094 -5.71950384452659 0.117174127990538 -0.0694435813653594 -2.59263242606245 -0.485400295024118 -3.58009687012686 -0.723636854040817 -0.368233820801058 0.0887746744884484
0.41886531107087 -5.10437298335902 -1.17792676682169 1.25353889852438 -3.55955862183031 -6.55546456170476 0.546421721424754 -2.32447775337417 -4.86937786975115 -1.38635375490033 0.294315865088153 -1.57214070135323 -2.2880417348786 -2.43265566861033 -2.39533429265073 -0.456823221795486
-1.5156383895715 -4.41046201166124 -4.25708236413557 -1.26599320621124 -5.66122119754091 0.182173240345904 1.23163204021848 -1.44277162712668 -2.17258786010663 -0.854411173518013 -3.70824256531829 -0.913244185402398 -7.5056535933989 0.450187681624893 -5.37070062277725 -0.737764082762886
-3.27832944043315 -4.12308050802927 -8.86397297310564 -0.300393361007134 -2.40451550598903 -5.40255793853418 -5.95403534211229 -5.10125825074801 -4.90827139996837 -0.926414818992634 -1.69274419278988 1.37977145297536 -6.5892225835345 0.119935247832754 1.36279547482936 -0.138515001064573
1.53000284629448 -1.89032699786178 -4.8087926922627 -4.57094333909362 -7.55750157165954 -4.68497509314435 -2.78242583070324 -6.84835696238316 -4.61649666981602 -1.79530683126233 -3.92536139644284 -2.02363367978564 -2.979859940233 3.04634310955512 -2.647642192957 -2.8393367425234
4.63517374786764 5.18554507581001 3.85145052779247 5.2283096360029 4.71933864137667 1.36014313990331 7.11851216673341 2.27303546557093 5.61432243950932 0.531624350081547 -0.0573919540999708 3.58345858155443 5.68073570839885 -1.35880304540384 6.50780833661038 -0.807693757899157
2.24880664209926 3.11735300017902 3.27333016083905 3.99801007589695 4.20371923137344 4.30980062088413 -0.111977820996696 8.19268124506659 7.29169508078224 0.134645809678909 4.72917526150745 -2.076110997998 1.94905576125637 0.751269963207963 3.12204573899654 -0.216731906437099
6.83858847618146 5.936360361647 7.55741566015053 2.91676027542088 4.28732364933916 4.61927734603596 1.96553236873253 1.34041879548835 3.38739234137386 2.6978857986904 4.9798886121705 1.96590177482552 4.3626240188345 1.10631972808087 4.27900823147955 0.789697229362434
5.1170662103538 5.67826464938062 6.23353958706458 4.27138371034298 2.49729947371367 4.54581589058073 2.48717709467835 -1.53618063170944 7.4133000982131 0.39456721984952 3.18164215990403 0.41702652467 2.11398792717077 0.824574333180076 5.02206492831899 2.21060363201288
-1.86845422113596 -1.60337045205016 -3.67955044818528 -4.04488284797369 -4.49995435034422 -2.83905489928696 1.40934536841951 -5.14466596581063 -1.93996983717194 0.295689208835543 -0.79497145962871 -2.89634390228762 -4.75173868160366 -2.06668787707474 -5.42138516942576 -1.36918349159497
-4.76170912509358 -1.27746176910914 -3.27872289754945 -1.20895874693436 -1.59292445412486 -6.59196505446654 -2.48312256009187 -4.54294867618414 -4.19209923727391 -0.797960604387229 -2.24706171186946 0.238411910900288 -2.17048077354035 1.64383828315866 -0.306403283862986 -2.00798782546741
-7.49308236632396 -1.11684504930481 -2.72774926334642 -1.51698743771422 -4.25649906438098 -3.55310914573566 -6.50469586438637 -8.2965552447589 -3.36334902319106 -2.47021789162139 -2.33983479040352 -1.55007991498306 -2.13609567653957 0.926145458216161 -3.73046813959292 -3.96423123982263
-3.09270645998576 -4.66070657254179 -2.65987340118556 -1.9805307479546 -4.10132239891968 -3.03768024055441 -3.00621698770589 -8.69534417214157 -4.2792087282855 -1.50663246029737 2.4499872468334 -1.76747869024372 -6.83498109803377 0.995954277651715 -5.34079085464807 -1.22859379672704
2.60821678024463 3.75592905925705 4.46298403755205 3.66918800674057 2.99021064936214 2.54927664139617 1.45695331348475 4.24800847532911 5.4034915740158 -0.0479673510050445 3.44697370414588 -2.28159065453598 5.54874223297565 0.512986896811069 5.64919990601405 0.144483041338865
0.538722562498592 -5.60783825446224 -4.42527754499742 -3.48516091577131 -2.5858309872891 -1.71702771155502 -4.49860641626003 -3.75301996515312 -4.42327730691857 -0.374929406956211 -1.09495378965451 -2.89477188389215 -5.71577557539396 -0.220786361689714 -3.4823886027028 -2.25400980239192
-0.0276597160984058 4.2501432752541 4.77997925632175 2.05013400837665 3.78181300288454 2.5831599076133 1.00602986564278 5.86727882942758 10.7942234958165 -0.880446000380376 1.84296495160514 -2.07493576233344 3.32097105453196 -1.87131004915938 5.39898801261181 -0.636114348377286
-0.182296273903937 -6.55015030660662 -5.22548911241315 0.0201640791016309 -2.8674772365089 -2.28911940022533 0.980732817264971 -1.55690035863996 -2.11116157981916 -3.14383048910338 -2.63954191995006 0.902186054009191 -4.25853543407577 -1.93818898443268 -2.81765757855192 -0.452775285605866
2.69114822121375 -4.3672835152147 -4.02009221132995 -0.585447065530066 -2.44687787056304 -6.58049388189941 -5.89666501639008 -6.46172847214685 -3.5363918809202 -3.04835473477698 1.98968584457655 2.16117116945801 -5.3027619421411 -2.62075232859479 -3.92951794637566 0.160301188572625
1.40066364951059 3.29919844373425 4.40372481499846 -0.405455544559632 4.33073017199077 4.60689208727877 3.10836576363647 8.91882564766324 2.67643561395598 -2.86765455612111 7.97824188769006 3.84794727713069 3.70323427425039 2.65661067612863 -0.232032501867186 0.468859280873071
-2.52287026053532 -5.53592462282301 -4.15181244757605 -2.88485767440455 -3.02908921753772 -5.17630180731248 -6.45032758367024 -4.9378412813314 -5.34698500024656 -1.61442579339409 -6.02607653917034 -0.73033549230327 -5.29316213919444 -4.98118855228545 -0.175310324050059 -3.0538678128394
-2.74660682251611 -3.84125029088437 -1.53143580540476 -2.91934322068171 -2.96024597892 -5.03159835709858 -4.96884546833247 -5.06688301231401 -2.11955621559227 -1.28440451702136 -2.00801781570816 -1.52723006098624 -3.95527962134982 0.0979545801778003 -1.75354901623073 -1.07688121521946
1.99036502553942 5.15957372105881 6.04989519943349 1.23886916471426 0.958239268776262 1.01779151612643 -2.89889424791476 0.0875471966104748 3.82828058752604 3.11022428587685 0.123465574628678 10.3804300928763 0.38684439669851 0.58501999638204 6.62340420619717 3.46321846371708
-4.06184532447587 5.12829040794472 1.61623271815483 6.07276447537807 5.94073328868315 5.25592917449936 7.27581775511167 1.72117639231037 2.02038648450896 1.71250175468849 -5.80354595868782 2.77188060714187 2.15736337038087 -0.942647806099908 2.4078008667178 -0.455531676052243
2.75475078860317 4.68154583733886 6.08202821189995 3.37743603353361 5.10705988458775 6.73552990102567 0.909087826023446 3.54394038608662 7.83556695720811 1.74913701597751 2.73726612172495 3.37504553136124 2.67589906552715 0.926227240372585 7.90134694487614 1.90086405046167
2.60527120191812 3.58180175434312 4.46592013055356 1.20145789211253 4.04674198788827 1.64428673997818 6.22338235445776 -2.80894243019784 3.75825584809733 1.2175546666147 2.83559166918027 -1.06113900912544 6.61128599044307 -0.234128381257294 3.39769968604251 1.70631951557361
-4.27963271448624 -0.189846803230392 -3.9799169837316 -3.79980445735611 -3.9882105727753 -2.05478461918032 -3.62763622717891 -0.349791476492066 -5.78522389146488 -0.753870124350892 -3.10097529334807 -2.29566831064842 -0.80123569518838 -0.314647742170956 -1.61848725890689 2.31904777186657
-6.4652952857761 -6.55740846112465 -10.2779640172848 -5.15339612394064 -2.38444155570955 -0.434337661163785 -0.386443977935044 -2.35547154041748 -8.28459434159206 -2.6885284655569 -4.08668490012589 2.73822094955029 -3.60045053614799 1.46849580547997 -4.86345645145676 -2.94144835505577
3.52574405657697 5.29824641674221 4.28863639889843 0.903012571986703 4.87015050355617 4.51411549071911 1.16129111204886 5.62181785554247 4.99428214246286 -1.39740250127479 3.15626260207163 0.689867812875788 4.61484640206512 -1.05960931663129 1.83062377332996 1.60472246869978
-4.19220218964556 -9.5390426882213 -5.59093198040682 1.42855274814722 -4.11616034107403 -1.39985021992073 -1.25973448537811 2.82709044274886 -6.34001230643908 -2.9890170928928 -1.38754561130284 -0.279597871545985 -5.25061617975326 -1.39849598017758 -5.86856511050055 -0.16349256768289
-3.20549131025929 -2.46734336646372 -3.59337188747919 -2.96560388819705 -4.58360555757896 -5.74479375031211 -0.627585519351615 -8.44733090920099 -4.54869302040958 1.67405603031513 -7.06324565404694 -1.31923711775177 -3.30064666908113 2.36737973192154 -6.52104407650979 0.497433471392453
-0.932305218640236 -5.92513248376013 -0.701640276410785 -2.59648569343517 2.00522534549203 -3.50510608844516 0.970509515258968 -7.5171242096674 -1.43639237775629 -3.7597357976659 -2.59418070650292 -3.04950806206445 -1.58157040877061 0.847698037839335 -1.83057108628121 -5.13986566980503
-4.3831832141522 -6.83613473058925 -5.72070864760995 -3.04850568792972 -4.00045493927771 -2.52974228394243 -5.21975815504108 -6.37686357829988 -4.35141107457925 0.539770763446414 2.36937488189081 0.779074690462058 -4.59172181003874 4.99598010826792 -9.24482667924495 1.82459267838654
1.36509585049906 4.45932889610979 3.55215956219331 3.58789567071953 5.84864736059398 2.25116401091699 6.20245576826795 1.60191756190631 3.4153167783091 2.84992140672981 3.11438716106368 1.44240473839866 0.124521172225977 1.07886701283018 -0.978121744815695 -0.241413142738809
-1.70118294901778 -1.34104845129381 -4.21566417823302 -0.793727098860255 -1.63663350215307 -5.65600646558047 -0.018624495498784 -6.75267956256113 -6.88078525785424 -3.43005106757874 -2.16198530816075 -1.67352832985901 -0.961032989832812 -2.19994769429084 -2.21984693104964 -1.41225077319767
0.91376895213701 3.6103952657783 5.39163414109688 6.62001479945382 0.403807710572679 1.79065657479209 0.556446923954609 5.05433430630304 7.05641066434908 1.3961189073659 -1.63548191714203 3.05379035309066 1.11371563743873 1.75167137598595 -0.147129364094038 -0.244303753188242
-2.55037974830764 -2.72982680849586 -3.68604098913169 3.72060640877858 -7.17296983273131 -2.01929212988308 0.141394212594913 -1.41901581457433 -5.69142126338943 -2.31271384892363 -1.62432092864755 -3.1582532445228 -6.84822245177656 -1.24327698392243 -3.50364902830381 2.31365691073336
2.32477631460328 5.13562796050093 5.41211234920191 2.17801508504523 3.0345112116531 7.24338929065185 4.76486110320339 3.20608285926328 2.74475505798498 1.31121556163694 2.01588594967142 -1.42996686369124 6.10769392366828 -0.22758326525518 2.34308418987701 -1.03152498221113
-3.76072262819064 -2.14621049447032 -3.46372019699524 -0.356944117246215 -5.56492550996597 -2.23388127556305 -1.81742293978802 -1.10459703079185 -3.25693381074216 -1.57741822228359 -4.56259374248156 -5.11976719854611 -1.93496486542138 0.0349536069466895 -4.14860199709757 -1.43102289453148
-5.77270710590115 4.38113128271621 3.34738614386838 -1.7123543139106 1.06555074326398 0.353208564849786 1.46024926974353 5.41197382122937 0.824607285257174 0.1739304894987 6.35311180515209 0.491731421636658 5.76412923731351 0.574151093937207 1.19426408674746 -0.296592974010179
1.68768216939996 6.37313008145394 4.5276038899415 1.62204011366117 3.2847941251762 4.45149131085057 2.00320907700421 6.88891514616514 7.94978280204267 -0.943677370723665 2.0115548789034 5.37999683393362 0.672330488025603 0.389044243071387 4.62484211603372 -0.92615146044235
-4.88627912954541 -4.68079769201918 0.435705046307842 -0.696780076023722 -4.76984074079476 -6.11872675227566 -8.59736111625234 -3.34795535966092 1.87634717008761 -3.49905616698544 -1.66226610443752 0.732709421067446 -6.9366842636274 0.444048237908775 -2.65500658253903 -1.03997049375981
-3.35996510131906 4.37435718900361 5.52549161983908 2.53797925983524 5.81760157410612 2.67083270186515 1.62285483437918 8.01866551247794 2.8209021446384 2.27322163161205 4.30480884205468 5.475655973347 1.1478169386704 0.917517312251143 -3.31259452831999 1.35658627629255
-3.50800906215329 -1.46377233256234 -1.77679270866694 -1.42900241368523 -3.74129896322699 -0.265506943522601 -4.06354127385721 -3.22821462328377 -4.35979178126833 0.863076103340751 -0.553123183231219 0.989541324018039 -3.09162773231204 -3.10769762151904 -2.22290043293637 -3.53699330724035
-5.22037388759918 -5.84465822144652 0.236872248665738 -3.72281167159628 -3.49403068298844 -4.81862161165727 2.62095477792859 -7.03680804870414 -12.1794149911157 -1.62524552049129 -0.890559276558691 -0.25380059310493 -4.98453140174254 0.301328797691889 -5.12837241094647 0.893779648710344
6.35976180194429 -2.40459731378764 -5.22418528753413 -1.08252829049203 -3.14175016608412 -5.1657005914536 -5.52315764945906 3.58363034271481 1.64467295261407 -0.122758427709942 -3.87087546027019 -2.24897411910967 -7.39832994359228 -4.27721416396642 2.82149872836197 4.16496329643606
6.14926065839821 -2.76777179185356 -5.83165569809004 -4.17468336147332 -2.36463363527354 -2.3911110518729 -1.56965314215371 -8.78619343333316 -2.24853703408441 2.69485402161024 -2.37451180609816 -0.427352196911726 -3.16385303742059 -0.619108371209888 2.82699723908487 -2.13723104293772
-0.774107267581131 -1.64991916133581 -5.60178985190572 -2.00603027446751 -4.96821873369239 -2.8263978709068 -2.39085639485626 -8.18437196341783 -4.9702649431928 -0.401061293442872 -5.36171786712103 -1.35422592644523 -6.42066657805803 1.34313667587637 -1.127146158832 -0.328387395302108
-4.00769689179659 -3.44349611306255 -0.199845272414393 -6.22781816210089 -3.76642704636858 -3.30324293114305 -3.41400056033227 -5.00890448761681 -8.50239939439553 -2.43222780842876 3.88321678432005 2.15486276392106 -7.26730911267941 -0.919442728878239 -0.412301043003761 -0.0776582930225996
6.22377603212568 4.57797353142066 3.35078487863646 2.48422563733446 2.52695303106004 6.99349033208097 3.19755701358129 3.01307351234788 7.52278047094512 1.08391949619813 0.596076153025189 4.61094260915171 4.64197356576566 1.32057260543599 -0.635929897018475 -0.802597149448341
4.60717888941761 4.41319975867265 4.00527716003824 2.8563778877907 1.63764965426998 5.52851449321014 -2.46704460224046 1.70125433135995 1.77794659302375 1.5880130244327 0.142627355731863 5.01302564063001 2.92646192894325 0.823467589189113 1.38459403918267 1.66288303717893
5.67150124209947 -4.92717532465519 -3.67575766588513 -2.77603375354758 -5.04075509756998 0.299120722901788 -4.35558679703676 -3.30619711517163 -4.73051245886187 -2.42819112775469 0.128880452286505 -1.77325632971504 -0.491632040835291 -2.01777025377767 -1.69108541768629 2.20343996492385
-0.27997006769375 -2.85300273326994 -3.36823280663267 -2.28261580433899 -3.69719583178685 -3.93394295471026 -2.28954634781447 -3.10101892691991 -3.30160662142507 2.65310469181419 -0.836910755570863 0.802172997261212 -0.799100284613225 -0.755081568486301 -4.98708611424342 1.32084472999376
-3.43250564176773 -2.13118577525151 -5.84226276876248 -1.95582211083251 -1.72141405576765 -1.38907167993381 1.78912326108231 -5.50432678652478 -6.7281935407335 4.27108356013916 -1.63347840897775 -3.676525207565 -3.52144608487922 1.8537703074961 -1.26383611826553 -5.22771248992531
-1.49170111005309 -6.58763058260732 -4.76001256889633 2.05805952454748 -5.94114567386135 -4.34693131289545 -2.65558444092201 -3.67654886367748 -5.57194368285135 -1.68033453238822 0.645025394227795 -5.31609141975606 -3.37041863266624 -0.979337189935492 -3.32216761418719 1.08271446364151
2.58194331196314 5.17266501552833 4.33443951294814 4.50767902940085 4.20527612301973 5.1296171908205 0.624498036675942 3.27759613271964 -2.44224676722279 3.05069522546278 0.958294096576767 1.62412187925146 3.73250293137983 1.87557432473616 2.81669532666167 -0.523030369589438
-3.63653730465945 -5.30029344002457 -1.39462113517956 1.46251953927465 -0.826333001240139 1.09178102332429 -3.21738972771406 -2.6537741566251 -8.08397733395666 0.370316859214647 -1.52438220784652 -2.84916533710606 -5.65638227259736 -0.848413270509755 -5.05584210597847 -0.232066073682603
-5.80730273032738 -8.03071769139062 -7.33406013215492 -5.12991055604833 -3.31839630998458 -0.503199937404471 -1.98836910650896 -1.23509468180818 -5.59093868154005 2.01246700847629 -4.07365656289608 0.50507739425655 -6.36826497438987 1.0667362448551 -5.61692287439058 -1.83376029177719
-3.2986851441476 -2.12348537219479 -4.4447100466877 -2.44868954772078 -8.09597903362393 0.327217180592666 -3.23230449159077 -2.77866112944232 -7.60852635428443 -3.58088400901264 0.25169585641927 -1.2090612525227 -8.2120402575849 -1.31828330785421 0.963281673639978 0.924181710071943
0.739876591084578 3.37103851976976 2.43310835477843 1.33920053344461 4.64349629594075 4.22854905443604 -3.19936838566938 4.96981490758935 4.64952044870918 0.57375389640486 5.10275743829593 -2.49397596061107 9.29299132213587 1.01486750643815 -0.610068793027832 1.91995594842441
-0.813400804909633 2.90966090878396 4.58436020931275 1.66052904193479 6.307974830628 6.26048569905254 3.15512103646411 7.88816800724873 3.99718996354937 -0.193063489247173 5.61943930882506 0.313358068231146 3.58281238492471 -0.336248422150188 4.58484275474789 -0.234766963397761
-1.67438041691619 -6.7442397913536 -7.99684675956505 -2.61187047158723 -5.55904593691771 -4.27909235177863 -4.46645633337887 -0.662736478371766 0.742840046369439 2.79748234834145 -3.54748933477972 0.973575128997996 -8.22253291138666 1.60130997788265 -0.63604506078179 -0.0670219076053457
2.98771241194957 5.47468056959407 2.893592952497 1.64198046706389 4.41562812655302 1.73562184638976 1.77269915930618 7.04400834906273 2.44409137276046 -2.13435985807197 1.2587422880434 2.081518248051 2.17627491677031 0.937335523894016 4.32331903825063 0.29517428626798
-4.74775348165061 -4.31032090405765 -6.75035948638888 -4.6551668912294 -2.7901321099196 -1.835825152769 0.942121734103026 -8.916036921245 -6.70618875207261 1.23811882111725 0.573872342153995 0.331979761831449 -2.34728462196522 0.0280952029554649 -7.3257565862221 -3.09835129718882
-0.506832407174724 3.89531527945084 5.34285445443153 1.35630096149522 3.65697745821058 5.59944654030885 -1.65093778500361 0.819329686732981 4.99771392071435 2.26396644611056 -1.78990122275144 -4.46117681304003 0.649019228773136 -0.872945443592531 6.77332434137826 2.29077141612669
3.05077774556531 6.13548312704789 3.56895806760368 2.67685209795003 0.360276070688457 0.915450553544957 -4.18363529561316 6.21427711008158 6.10466002254785 1.84956889800766 -0.801506840452398 1.17796834510722 7.82438022815553 3.1857825695402 4.12052712524468 2.14624997852826
1.2471887068649 4.08067247313719 4.3026509809647 3.81326984231188 0.927140113937514 2.33150424215088 -3.4635443767245 -4.1584422591966 5.9882778605694 2.44128027898646 3.72902314168863 1.90099560312078 3.45170200194263 1.2506994437339 1.92537026316164 4.29029064709312
3.04168368597816 -5.37942163642651 -3.8339504971168 -5.45444605853503 -5.02624185188006 -1.81156808451652 -4.63803307806486 -3.99597092015274 -2.87311455657942 0.321051133553144 1.2216066264698 0.507005816643521 -1.35624840639548 -6.60393218604697 -2.03623587977009 0.80913533763547
3.01700768462376 4.58139444897472 4.7173705811253 2.13950820443256 3.95020029618448 4.81967641438793 3.27614460922886 5.9690882123842 4.42855100144106 0.277827467029938 0.706914817390813 0.233532072116335 4.55344415805845 0.709938097469328 3.34930570303914 1.59421516789761
-2.75150797137634 -5.41366508311056 -7.22447536772484 -0.475338036440742 -2.94726357604882 -4.99900407751693 -3.0082894541621 3.11827106621791 -4.46289143374273 5.83599153935437 -3.9706694867665 -0.460265443128489 -1.78720368607768 -2.59706295493727 0.871888207747403 -4.80593317758301
-4.56672902581472 -4.0581887259001 -7.39097844563356 -2.84641211613748 -4.24202286220692 -3.16139838768394 -2.69605108245996 -2.05696560192754 -6.96914981320966 -5.78645799470034 0.498512451973006 -0.78580251143698 -3.63549894102233 2.81351440420681 -0.12423319303779 0.191162885341895
-5.23208489175173 -3.86224622377441 -2.13912832432626 -2.52045605655541 -2.6351895502426 1.61599325861237 -2.44667728602867 -3.42541941270721 -5.32426868584958 -0.373711927326845 -4.02643172774848 -0.349284738295636 -6.00514780608743 3.16647343751343 -2.8943938956847 -0.245412624666245
6.4228683126421 6.05384496662482 6.0515682754878 2.84568820651005 5.85218225929762 6.40221747157126 3.96303048705765 1.54166240787164 3.90771603756438 0.640469065594943 6.76897141168634 0.158456429626954 -0.525231654661972 -0.887142423662934 2.2227866464244 1.95191916210481
3.70008875813503 3.52291315776943 4.40105528477683 -1.0515811279211 3.31137000710681 4.45084841485435 0.0804043492616162 5.90694632048923 5.24550924619721 1.50354805890433 3.34321711589952 1.46878945648285 4.03483898440215 -1.06923206237117 6.03955682698532 -0.175823314347906
-1.55725757250048 4.74770477033197 4.63879812739806 0.0140206969771604 5.07129752107398 0.300404892554233 4.02073398617298 0.303046430286613 6.02109430831913 4.07082837180157 0.0199428343987003 -0.369380467725948 10.0485016724539 -3.08363188728312 2.0867885937812 3.32760418883894
-2.00838086520934 3.11049064607727 3.6832098066853 2.24990409960968 4.19329022078402 1.2273263081208 3.54527105445164 2.84032841959126 8.97544379099902 1.22800591252118 6.48896429778496 -1.96139023586679 -0.725643289548127 0.0162306575649491 5.77230373074299 0.828089172148521
2.96995202612946 2.25670964222759 3.75158620520479 5.64231464389626 3.73671993883436 2.41980096439662 1.84077334556455 7.37992043337788 1.94924733495759 3.91007151368649 -4.11185687497656 2.21707371048916 2.66569694542336 0.356643201855991 1.42207851932349 0.799228906498784
2.9248360458933 5.93810280350798 3.69737298957052 5.87887099472977 3.38743734876263 3.22631281528389 -2.91098788998164 5.87311847395493 9.23060492304442 1.36772158018617 2.2955787685133 1.98943097448464 2.130565017191 -0.682120231213257 6.68171978985888 0.763720346862696
-5.41855754440814 -6.99226093468551 -4.3892731916343 -1.34664256309801 -4.22263406604517 -5.35817363676037 2.72010505887231 -6.85971391288347 -3.33213079326267 -0.0581069845427717 0.923210650073137 0.313134841070749 0.153601728840306 1.44431639819525 -1.66799476382547 1.11196902729581
0.0442554077166257 -2.26030919012019 -2.95572461528914 -1.91088725545698 -0.814299273478789 -6.66864838807452 5.98136655064394 -8.01488685287743 -5.20421157749627 -2.39278769176889 -3.11638933888176 -1.63350811330605 -7.64550010529206 1.03305448431385 -4.52130357500499 -4.16910794589245
3.66246731138999 1.60023797082138 4.15352378039805 0.627151847251143 4.9409567009209 2.25509641259101 0.940724719941548 5.20433979823963 8.38046489451076 0.482668920347137 1.32983547270879 -0.62068947707542 4.78502304810722 1.16203347624436 0.593445992013414 0.316704791950065
3.44623472583551 5.22570187086567 6.68761572117706 3.47504373939466 1.61921773513392 3.99748558675578 0.132137479503921 7.75434066764377 8.39899683325151 1.1559189957899 1.56137992793277 2.42025975321784 2.29321647936009 1.0008428409957 0.0356167602020685 0.692299517840188
2.34576331045619 4.32386580022235 3.45424691445093 2.70853965402979 4.13758901219414 4.11686071243534 0.534906238229347 5.87905011962233 6.93469036683096 -0.465922848386029 4.22057412590346 0.278625499457509 9.3469559270695 -0.563091777468953 -2.40642620760924 2.10652337917956
4.92799397285582 5.83053538910026 4.08614286621541 2.79342752041018 5.70561198301758 6.03930065628181 5.40687370183472 -1.44019971783759 7.14477245147624 -1.2578633540991 2.30378226763046 5.93962709891228 2.88408425818405 1.05804133768775 3.31233103391672 0.0183916946445989
-8.62244778348947 -2.89249715347113 -5.91919665901177 -2.44863819077293 -4.28495756251596 -2.77543525538898 -1.10828059057062 -5.7380469915143 -4.44504648547185 -1.3842044303993 -4.24336214468541 -1.18273772681598 -3.2519069608893 -1.29014752907501 -1.0524752869722 -1.6974780079492
7.98737882759152 3.87632885770056 4.01607023276819 3.46938011800112 4.01497677132465 2.44550788852783 1.04372758934432 0.354137077452158 1.8533205827785 0.202950340548623 0.0293562811722998 5.30403255506195 3.3740379836318 0.535823496915482 3.30945165179506 1.94710250582816
-4.50425966640353 2.01261734955324 3.64134914241367 2.87147055488129 1.21213260521248 5.94543417484698 2.42560624809067 6.3838346214961 2.33484686058357 -0.558298019089976 -1.18933024984235 -4.69069176293691 5.25529118098546 -0.485969145482832 -1.04506662225915 -1.12262049474845
-5.17976389719984 -2.38790670070587 -3.845683837498 1.18253946849458 -2.36142726227696 -5.76552667019408 -4.89447227465329 -8.58760472893496 -4.1743405778462 -1.07986429311543 -2.08086918014653 -2.81963596955545 -3.79227637420955 1.58531976341504 -5.115497396474 -2.52675244575713
-1.76638135712901 -1.01697598960446 -4.58273485207785 -3.37046216441712 -6.33748086766234 -2.13146813976064 0.488287103658315 -6.8217543725683 -3.17676599372502 -0.891353367478157 3.35658551246871 -2.25287453658536 -7.9121443812669 -0.513561431896072 -5.35833510923465 -0.796450511663276
3.09747696283477 2.50878026022354 1.0827907916179 0.1637417507721 1.85515085459332 6.52786185467876 1.0794382186062 3.70596051734761 8.6398739426131 1.98506633857322 -2.63075462116366 1.52379267179581 0.360114261906257 0.630689858111721 1.71935431935869 0.848997965586985
-3.65068530494507 -3.60816962002594 -0.655426194447378 -1.34299086743283 -5.73639564882833 -6.71745281784466 -1.44512583061712 -1.57802243506877 -4.42355174289844 -2.37586034942075 -0.143929536665004 -2.22574396290894 -6.53603435486133 0.669840732537032 -3.8158293359975 -5.55641586057488
2.76406479015155 4.33112443548294 2.49618852005206 6.00552856272894 4.05101693133399 5.78207611049721 -3.06611780813016 2.48886036568352 8.27673045600781 4.06281537331854 -1.039717301136 -2.28872361656595 3.2994237158853 -0.75801268677805 6.434332699425 -0.593626819819334
1.1595165777664 -4.68068949402609 -5.25242338761519 -1.66521128362606 -5.07076251243028 -3.99218356837072 -2.82932836486203 -4.00788566006061 -1.88394962232935 -0.737517491947174 -2.38013563942362 -4.68360825866803 -5.83768638453424 -0.779043355811237 2.89289533693655 -2.14264998400232
-5.76262772989812 -1.89362814198304 -4.802771137181 -4.29525932401283 -0.842736695305673 -8.01333105860231 -4.55644553660298 -4.03307968178729 -5.57736369285509 0.384408696251746 -0.478204350945167 0.314340721193874 -3.63673137867768 -0.709953578447021 -6.6667822111597 0.718419320812267
-2.417744130616 -3.68627346263215 -3.99094631192832 -2.32995735165919 -2.68645019594154 0.369842096294315 -1.10109008781025 -3.14264816680944 -5.79056456738436 -3.40245813135437 -3.71815338389665 -3.04933241205503 -5.09778541970905 4.64073961063779 -1.74127819833826 -1.0596874679109
1.12036241558043 -0.647391081486024 -5.83794450489263 -0.971078646830006 -7.12639135305158 -2.19951371450259 2.77068777284566 -4.75541481052513 -5.18563579272649 0.00960087927989028 -5.96085723813526 1.02800014653713 -3.78903029864928 -1.41245559531972 -4.88888584599508 -2.49676994964062
-1.61549089726267 -5.53692757025537 -4.10461121180078 0.331413546177651 -3.39759229680298 -3.32704018054021 -3.04721801310219 -4.72411523381601 -7.08098426687023 -2.85998013073102 -2.72505491881426 -4.55842758878235 -1.45240984512571 -2.2306763206012 -9.83281396978131 1.0961637026998
-3.37736454248014 -7.04603066199349 0.113898603237071 -3.05167761832698 -4.1539690280226 -4.40582807703126 -0.60327039325052 -3.88287004052016 -4.03706622795269 -3.88316001652762 1.15108563967056 -0.313357294836602 -2.17724632934644 -2.86451012018466 -3.14400071287487 2.56155711975713
2.76676244599259 4.12699101269055 4.58446434388707 3.7881314333594 2.53805737553204 0.222892745234206 -5.10143403232483 -0.156201025889895 5.57532958485155 4.0190056848286 -2.74749026683595 0.67984732739934 3.10646617236055 3.8357453000263 6.28189924388789 3.43556333867205
-4.77039199534853 -6.27612094224357 -4.88294894029869 2.14584068440889 -3.82198778953665 -2.92416384653623 -2.36948770833087 -6.09160051998295 -5.35170412349733 -2.25511298518279 0.258590918003279 -0.882182538319339 -4.89631084334302 -1.5309427550358 -3.35251156076063 -1.71002838028063
-6.09800623523921 -1.24396833435565 -0.402974148198126 -1.3400117270242 -5.39639642539049 1.90304367328011 -3.27146459045447 -10.3876257034591 -10.267686297278 -4.54676763065432 -4.81244195267868 0.885618714363301 -3.36848059073901 -2.33921521265238 -5.65952147306224 -4.16356196767692
1.48635506065627 5.79997375154281 4.74890722253632 1.46721264108558 5.88253027747216 4.87509425215765 3.39077048858175 2.46135107284865 5.85898505266437 2.50701653536805 6.73869604196643 1.51784348566138 5.07594579053714 0.758174176316228 6.72116070515174 -1.30376872512395
3.79173057896871 4.33595302016983 5.69248876746371 0.415130133267335 2.3078094872051 4.99262129144874 3.76899682795648 3.60743754489256 -1.41505903924074 -0.033137028749421 -3.80547332880855 0.338860523206469 -2.00089245465671 1.26902406576901 1.3762222842151 5.0054483282699
-0.738887237307837 -4.66382531565836 -1.3112233053539 -5.74776910381112 -3.28234618763665 -5.41566865020087 -6.10390039355653 -1.16648978872855 -2.15234299446285 -3.92520728087416 -2.45559719994194 3.77167328867432 -3.42659989385944 -0.673111247451432 -2.67303154383539 -2.705215135021
-0.63653254678978 4.40275378271171 4.65656704997432 1.25998443859835 4.34749257378799 2.00183276630298 3.87048515970708 1.69586859665395 1.08194086539141 -0.319343315385246 2.67753425182509 0.781443473902227 4.34686880168995 0.253725783000102 6.14637324462188 3.28570424462017
-2.86421438321275 -1.96857123737553 -3.15279797694108 -4.14362261767099 -5.65236966772235 -5.48933313646315 -4.35742769688911 -2.22407395183797 -3.93017235436122 -0.114984191536034 -5.2308677691157 1.53778415654539 -4.80107666073046 2.89068085383161 -9.13218294510661 -4.70048126359389
4.92433304256372 3.6907180018155 5.25247998655799 1.17906388788845 1.84720407442173 0.118530848278912 7.68431753733168 3.73459015391993 5.20586828602424 2.62958186401685 3.43405139872844 -5.62734102393481 3.59092394408908 1.47369345214322 1.32500648856258 0.817151525584474
-2.3668126162938 -6.03063733779639 -0.0304315512376068 0.0336355150890641 -7.39981991441711 -6.10685534104256 -0.938053775274333 -4.31596899715049 -0.57773166587614 -3.91850845500929 -3.28573370977868 -3.32082529627951 -4.19967677091289 0.0708674469798873 -5.86796260642021 -1.04991838159686
-5.50097937191205 -3.40067088265324 -3.06329894603708 -2.11529823206375 -6.11695658992755 -8.66864091035283 -4.28556465080937 -1.08884331472852 -1.02781796974733 -4.23090483172663 -4.26089870247179 -2.20255108144537 -2.75423279958093 -2.34202624834719 -2.98461984282138 3.09375312918093
5.36403473727429 4.9182029837885 4.91113946508861 6.41549542132249 4.63119933759558 4.14354413099666 4.52276831685746 0.57741288479149 6.96888169206027 1.41888234336979 0.813009634197834 7.19019210410516 5.34230702770601 -1.2342838280936 4.35642645859745 -1.54236118963597
-4.06950507628401 -1.12396418752934 -4.63597770563982 -3.85318430688554 -3.24706199106311 -1.61418308061242 -4.43631810193262 -3.61587747562354 -5.51816202981384 1.5767689909735 -1.1817956363029 -1.98797357854653 -7.61206985399237 -1.40160337147351 -3.73369966716041 -0.041565011861369
5.61017825835004 3.41529091295242 3.74470649805956 4.48537170386301 3.01660215694482 2.10905690765564 -0.692032390790343 3.64371046906235 4.21656587258758 0.540585915982006 -0.408610895135952 3.47051339580162 6.98490322430645 -0.457022801480825 3.62628867308396 -0.966647036922707
1.90625197719496 -5.63096527540831 -6.99445838519817 -1.79196970370641 -2.78360253230489 -5.07084413492416 -0.580480983524515 -7.77778901452324 -2.71576419871327 -2.77981442472161 -1.66893075808052 1.15687260237266 -3.39464691269658 0.773312344013241 -6.17471972111167 0.875035261178417
-0.195983837122637 -3.49797003368914 -2.81807825295652 -5.12831956730771 -1.45944322655583 -2.74793723258272 0.586563605940147 -2.48158416849374 -3.42545287390363 -3.2829031685093 -2.59226239784227 -3.58969521617271 -2.22053992333148 1.68696440618956 -4.48899577882251 -3.26553086610117
2.30581847080195 4.45077953384386 4.99137810233888 1.99476779068286 4.33515576601987 3.48881992088296 -1.67868018827016 5.2933998858892 7.71424040560262 2.16188446256788 0.525804584122759 2.99986226635118 -2.08978677490589 2.46227416049434 2.01554117337703 2.76211775398211
-0.570926175958093 -8.52947711309629 -4.5590396674804 3.12330488347207 -3.97027394125494 -2.32283734818214 -5.3552487265799 -8.57013442136753 -2.41539639276374 -1.1183188711412 -2.32713885411916 0.37335360510512 -2.35523636513752 -0.380216961327612 -3.46343187813319 1.61850922664106
1.86154706193548 -8.08988142737956 -5.62334339536049 1.97002116555306 -3.44513673140619 -2.06909970178317 -4.51881139295025 -9.50248730996456 -7.23516365088206 -1.14220942997626 -0.566210743512576 -1.31992924691036 -3.72572563953487 -3.46416556308787 -4.47529953013594 -0.824441136158153
0.906398966272937 -2.94293885234626 -4.73434252852071 -0.319747027170721 -2.58396246612884 -3.6701358295829 -3.53869882026224 -6.07567298780921 -5.10043690706796 3.6973418941515 -6.02293278679216 1.89584381463963 -6.00143487292733 -2.77241842189183 -5.39870218126008 0.454575589772442
3.60741457630106 4.71745888691837 5.64390666483492 -0.107202737147289 3.96508618511031 6.05842807566866 4.62417957393836 6.89810224332037 8.3009630342759 1.10237191522649 -0.63392467029789 -1.02165472056883 0.475935857582741 2.51710654030247 0.63221882648177 1.29567112060423
0.893314868097982 -1.4394039500382 -5.19378501385176 -1.85280053216421 -5.76391028097334 -5.05721844545498 1.40128704125676 -4.32479696138361 -3.3479416124834 -3.9871641865868 -3.96465318798035 -1.41882026136904 -1.36809259322192 -0.662686651797384 -2.62168508703657 0.984289399500423
2.92624272886226 2.96172062661559 4.23108126630587 0.660834991868759 2.8944156901466 2.42536785997298 1.50524903535546 5.59149308796361 2.41273656693403 1.77076941396973 2.92071522516905 -3.202616455372 0.592428072264293 0.529840267686243 -0.807522913644416 2.59487759322803
5.0152241337508 6.7493220707458 4.09704991593303 4.11065962158168 6.87607499411217 3.89106214669178 2.30695355732077 3.18751813352054 -4.15221080288025 3.39712313862759 -0.139078918892089 6.92195722201868 4.48623937086794 -0.826451916774194 5.74165067674814 -0.614623189446126
0.576867667395501 5.38953813025431 5.22939788432035 3.43913457236784 3.47423778391863 4.7084123855345 -3.8119056341316 -1.03918140430303 3.77154821439554 3.86532117407258 3.20010158260853 2.67059906972549 -0.0943466834195563 -1.85769980288619 0.770034151519611 4.93688718223893
5.89595834064099 4.79302551728892 5.14810688873871 4.73856623577651 6.60900694684621 6.46717529078638 -0.292776724326103 9.06328159707121 0.309489338100772 2.14553036080845 4.2054049541363 4.54805968639073 7.96619222871885 -0.36277764816476 6.79126543313021 -1.79414655144397
0.580909893912506 -11.1355773679343 -3.86504646014107 -4.28475678365772 -6.24487871139411 -0.558950009552247 -1.39157784160405 -4.48666531575278 -7.47418608286269 1.88402998112414 -2.19741391889397 1.50867145101001 -2.91688283976619 2.07908175378452 -1.29386630279133 2.67519424120122
2.68676459979071 5.28080332297512 5.07978706226507 6.2275753237659 4.53230790474865 0.400396211275146 1.83585789451061 2.96502601026908 6.81535316191149 1.63610830675746 3.0430286424475 5.38772318914952 4.95266328205742 1.46360335189038 4.04006735530431 1.76361750443701
3.63952620498268 4.32032040763635 3.23392610335477 4.56884721102923 2.76183998302744 2.84233281762369 0.971490134848795 5.62304755899167 4.90087480286746 2.93367740143325 -2.46957010912032 1.66185682901792 5.10351250332326 2.29390224338024 2.34926341290704 1.57769419227015
-2.18858038146172 -7.57182626967834 -6.31123063181424 1.14349873551302 -2.31241061943908 -3.74333646877435 -0.651613275337623 -4.52900381451606 -6.20597466932224 0.0388741286852263 -1.15261962786765 0.578284214402463 -0.219935069605505 -0.085673268733913 -2.57265955719968 -0.912458593953264
-1.73944792733839 -2.57906874597101 -2.62715190601217 -4.31606275519444 -3.09917444355097 -6.715679164762 -1.68818192027715 -4.87929707624232 -2.30454693145257 1.21342974216872 -2.19529463786145 0.456835676466324 -7.25720957519335 2.88066813157693 -2.4679042353798 2.06889955374026
0.368366132370419 -4.42159107410842 -5.28308864846168 -0.907891834696748 -0.881929826242228 -2.09526153303989 -6.38002873062322 -6.08261963515071 -3.59850505048511 2.26674521584807 -0.178560381752042 0.945553756645707 -5.78790872456662 -0.00693144085943098 -1.34037141559038 -2.02382625825133
-3.58310628278279 3.16688302949994 4.93347410645727 0.904462199873825 2.40725819822936 1.68377859140669 6.8005381729636 6.34276134374066 5.05218720315973 1.2354800456151 0.881486444299518 -0.966934201510574 0.304899437461407 -1.83179151511485 6.0707202475732 -1.18786802318514
-4.99187907762707 -5.48920497126635 -2.69119381376606 -4.11974416733099 -1.32696839809048 -1.9658383622612 -0.702149428798349 -5.8175256466724 -11.0486864912223 -2.75255675457876 -4.6583257445445 -0.916237679801255 -4.61862429605421 0.490338529975162 -3.86961537498426 -5.28334518242936
4.39095225540656 3.77721179754463 2.20267846944694 4.05403673519986 3.5887474216289 2.2096274365861 -0.39599249563638 -4.6831987745091 0.156304738893913 3.4740208557962 2.38145241348972 -5.79933386824658 -2.14891750121589 1.00078218948756 1.69989254089834 3.67073483555319
1.98013180913501 2.68275493480157 4.17733540173562 5.93476663608542 5.55225909936667 3.51820278461696 1.11063086967993 4.09455015237129 5.35882303051078 -0.499859772356583 3.9379790475735 2.07819542202809 4.04487633229302 -1.20647119881294 0.438731325784585 1.00794649006835
1.01231805319365 2.98372561863432 4.72339353032772 -0.21709587872583 4.50179244814789 0.483196519159332 1.59639273318046 5.57817025449933 6.60477975412908 0.824655100353147 -4.16780082666614 6.12836481390029 3.24321987181097 1.55248998106779 4.71950113701479 0.712966160054728
-1.24875755754993 -1.69377580379017 -7.47846448586899 -2.62010911768734 -6.14708636545133 -3.76121036796515 -1.30901684148339 -0.908624478351792 -4.71639712241824 1.24404918630871 -1.59200908434173 -1.33870574107088 -2.78987214957144 -3.39749658439551 -2.67115502777261 -1.37255480354649
2.14802409818689 -1.84477928674072 -5.29726159082352 -2.81666550823588 -5.7525358185811 -5.82959996088239 2.1653771876746 -4.56111652337767 -2.2545291204151 0.190049792909036 0.445417754483415 -0.912195402389503 -5.74843763951748 -2.33684270215468 -2.70132361690133 -0.597485451583798
-3.37607451427787 -5.53196998907216 -5.17937967422934 -3.26056642598806 -1.90253284992371 -0.123054106733231 1.27914466253154 -7.46043104918226 -6.40459819762479 -2.39587097262332 -2.02071545325341 -1.08318477524747 -2.68624645594341 -1.13192101686508 -7.04891901312617 -0.76107990758783
8.09852054284296 4.80237087953898 5.5221135272547 3.659213637738 5.07872630108697 2.80805477482072 4.14163199341813 7.12934062033077 1.67951270748382 -2.02690273612914 -1.03925422533539 -1.37882704615231 3.84044493281444 0.843422699519841 0.197644357946142 0.480577800339832
4.22864030145859 3.62158431197079 5.27918933326461 2.44428775845676 1.48799512419704 3.96851066115056 0.794147835347422 7.52079920277134 3.77315225053876 3.61297386610108 3.10947075816535 7.40308419206525 -0.371767691475124 -0.819747565861908 0.575234041732787 1.72623664303572
4.38272055135638 4.6539648507883 4.04087572551024 6.00349919991073 4.72754178644941 0.74821804464864 5.80972761452071 4.62486465056947 0.189697676563244 2.48736828333482 3.03139694822202 2.74880088999753 7.11452038850611 -0.37534022079439 0.849337957689765 -1.36328312863302
4.28886762798063 3.9886952878071 6.50578975140045 3.11255190895011 4.58093031649961 3.88010247189038 0.912067418299391 3.35136043292645 1.1842395692125 1.24667650792066 1.73530311347975 -3.17606455433613 3.96602460526235 -0.202371102314528 0.487545205635901 0.84608021675609
-0.943845700307191 -4.17589267738239 -4.85593527059446 -4.63661487425074 -5.72829749893272 0.0732231935510281 -5.15127051602719 -3.34638623192582 -4.3694007031772 -2.4058895846396 -1.71940087464234 -0.330270080799238 -5.31893733834786 -1.73026893267625 -3.71851650745874 -2.28061704686189
-2.61218438678341 -4.20885396789164 0.429705057140494 -2.73682355781709 -1.70196755317974 -8.17819558840158 -1.6492612921894 -7.02054779485005 -9.87387748837614 -0.274024664236974 0.625161347116318 -2.03636540826802 -3.60387210726438 -3.6102051329592 -3.96233108451484 3.98143746410748
2.34818426838239 4.52613841704407 3.40122259493343 0.94370387181166 4.93461348881999 4.5400830374211 -1.07431041663871 5.85694448300883 8.5321053309994 1.21081274873087 -1.56792054642557 -0.0949055497280185 6.77996751061976 0.0032940608962298 4.70968128130017 -0.982317325047203
2.36934538569028 -0.845061449581542 -5.89119633092136 -2.56043760790439 -2.88142699009991 -4.12870232242195 0.894724237266757 -12.5325968233428 -3.91869422567171 -3.01028860813308 0.828888211449875 -1.62389877462405 -3.41912291463839 -0.940452876226384 -0.877799976098347 0.0530654078495304
-1.65157461339066 -1.50781151056042 -3.5373567029474 -2.31006964097051 -3.96282729149528 -0.448067638551053 -4.97399394457063 -1.75470009182006 -4.51101992130366 -4.3700380918093 1.47802066428844 -2.38321901182849 -5.02976766358717 -3.69882655450073 -2.4376072825504 -0.844948261372736
-0.0875543124013505 -1.70238466221137 -2.80529566828774 -0.965841648637589 -3.48904978046053 -7.06876912315521 -2.10914046258309 -5.91874008608761 -0.261365836356201 -2.75147862063724 0.700501960869382 -1.64722267101905 -3.61530685061122 0.177671813029301 -4.69742063830184 -2.11862537316011
-4.76940186743035 -6.55062573295122 -4.47495987326758 -4.10547496045117 -2.86701447050679 -6.10283001430909 0.359916732545657 -8.74149608551712 -7.00034516076664 -0.227528179699043 -0.272105536362212 4.11031943974402 -4.66346881400213 1.05487805105432 -0.282814348085984 -0.934793267029229
-1.46075722182514 2.91947264883115 5.4909696694027 -0.877198588626001 4.11857348079882 5.75436743942076 0.799092367830638 -0.994045918181226 9.04835019366534 0.42921814414931 5.31728676952083 6.33715012851997 7.41479688413912 0.763943166510449 -0.875294827988462 0.910886860310612
4.82501753535255 3.92589246749986 4.46032509369625 2.65509383362799 3.16837750585554 3.17741169202596 -1.08557059997526 3.91267337419153 4.38503311709487 2.71874559060202 -5.3362880863894 0.30962192475206 2.93965038963165 1.07508150653081 2.9624652707575 1.79905394086873
1.82981661084459 5.12986727690315 4.26522732283802 5.58079317130858 5.86056475524214 3.75061739536955 4.99242369026348 4.75144119166989 3.5570769759161 0.993986545400893 7.52082310201046 0.605257038185575 0.908910765446962 1.33369323416574 2.44828331917702 -0.597316566870003
4.91872728109808 3.47547391764104 4.93051047100149 1.95168454750452 4.0382898733483 3.14119628203824 -0.43460452043967 4.65766028913885 4.67027078511285 2.49821106834407 1.09684626708412 3.15313192369226 5.37942366193772 -1.42393929599742 3.66334295078733 0.784500882392536
-5.07528789444921 -4.89521781860853 -4.01809315185149 -2.34630193403778 -4.88833418245313 -5.19462577598455 -7.36096044443351 -2.41960713350477 -6.8580909866328 -0.382307414126952 -4.32029095839232 -0.128857150224393 -6.2329641601267 -2.48109161257995 -2.69252663348156 2.9661850019278
0.266939649705473 2.13604858726367 -2.70082744250043 -3.53861002946165 -1.90069168362325 -1.62734096079032 -3.53848999099315 2.841970443274 -5.69523623629483 -1.34881838528849 1.08880872177532 -3.47493203140487 -6.04499646995202 -4.82413286838008 -4.18848915463414 2.44467340151617
-0.938423862353256 -5.8005006658972 -3.90709567302503 -2.83769254162019 -3.00307839603438 -0.649527494495818 -0.509329115598478 -7.559302056481 1.39822680324407 -0.061085274957575 -5.27493371531667 -0.603293717311284 -6.70117586592907 0.274950195949992 -1.27641364246728 2.96984948164326
1.43512071728726 1.82923711692133 5.6234472085904 1.65313437421835 3.58545660195378 4.06579324248795 4.22352613867673 4.46891659176273 7.57497159782908 0.204958593633904 0.281007156057394 5.16529888186773 1.64486164715427 0.754979185116661 1.93332936548628 -2.59414139230094
3.64978526680538 -3.25151122311622 -5.39645013727775 -4.1565130081378 -3.04902516080359 -1.72931240118764 -4.02550765421818 -5.12538019384803 -0.838624145350829 -2.26009579410504 -5.46974769686789 -2.18163516875431 -1.65382090375615 2.78663090318299 -1.44406838763377 -2.51989268666572
1.29276398627349 -4.26765068234221 -4.13356525919926 -2.77906290727158 -6.89005172583188 0.233344793211019 -2.56906562605633 -1.88270723666289 -5.22422995076095 -1.27958790336178 -5.75815031688156 -0.218732978600085 -1.37291244093503 -2.42157019512105 -4.65471519443373 -2.25520478961794
-0.0337303679427852 6.02948600268753 3.67906442878884 1.36201326734205 6.44687313471579 5.46557087019235 5.16381318160648 4.03514981556066 5.24562721297922 1.08648113488723 -1.58243671726638 7.6441848946954 -1.3610173313538 -2.95296964890706 3.15581880888701 -1.46931334490477
-4.34829721483512 -4.67384190425859 -3.07582584663328 1.63359363617353 -2.6812484384721 -4.78272302930116 -2.22121522234946 0.503331427238248 -1.22832334102367 -4.00295045630065 -4.53732755360446 -1.94825430198812 -3.31791503714221 0.870521540620976 -1.48597163026034 -2.97277131156769
6.40623937766951 4.23222055956534 2.87503552916592 0.600150961580647 5.27923676549317 4.76320867530518 -1.10609633034793 5.69842861226668 4.58110459360437 0.756413329973016 0.57505634156056 0.0836497026614897 0.815798959562698 1.59193834254591 6.76150113282863 2.05081867869371
-1.82540063587752 3.16112330654827 4.4901749322335 3.01726006316161 4.25751064229637 5.65886597175921 6.68585295304728 5.68821160280453 3.42102663734738 -1.54494562952354 3.47534123938485 8.00152610837514 6.12982401303176 1.26203538600633 5.25311068421535 -1.99668078865008
0.0524831400419048 -4.31455095560139 -2.65199166415835 -2.39131036234059 -1.8559428644543 -7.38959512530869 -2.11951580711014 -3.44943983811113 -2.35606716606892 -0.557886819743405 -3.78482305721337 -0.583880938978707 -2.1851165098169 -1.00556792017325 -4.95380337072119 0.417160730632781
2.36119621535919 3.75095040325925 6.9119149920056 2.20018298114734 4.51449543447677 5.19114193414388 3.81004354458319 8.30977868324565 2.74819347421544 -1.12350952310303 5.07151099892228 3.47811966609895 4.38010756761228 -0.534858058787431 5.34100169476964 0.632762182099106
-1.0898307446473 3.68710316325077 3.1690582051643 4.4219414669084 2.82632297652202 4.49454553845698 5.56647956980874 0.26215379566273 6.4122232226018 -2.18060469091182 5.90994265579931 9.44729645327943 3.42873175852428 1.53311856087698 5.38945892547561 3.03460584877492
2.93412774991506 2.23685745887218 3.01385567711308 2.70033709818005 3.57323856278433 3.39057955585795 3.83255804720672 3.20186931982816 3.60743714348072 0.29852165070874 5.82149036458464 -2.98090014564277 4.7870914801384 0.581489130934601 8.61586302935967 -0.0625373211446107
1.86889948634342 5.24670462457808 3.56966035034994 2.61901352029203 3.80387030441078 4.95587499334637 -2.99239081099585 3.73005307894183 7.24499288014099 1.53353877894 0.0863002911699218 1.02820147605622 1.11529735657328 3.17192257722718 3.05828072370941 1.00533935443618
-1.42951209212461 -3.1354789349692 -9.67503922247528 -5.05841830451189 2.85105540844751 -1.28586751221101 -7.68460909279994 -1.00910757418373 -0.94990539406133 0.782261077857925 0.775093217271032 2.49217234655455 -6.1524616301052 1.47301281777862 -1.67866389297653 2.22857826484134
4.06754465221807 5.6741474038524 6.38995339905962 1.05298605317895 2.83428404286553 3.48836948041188 5.59372247647632 7.83487745999554 2.09097089318247 -0.19906046783691 -0.049202476842044 4.64119210612134 6.55793036029607 0.561795781115154 2.90494813605395 2.10973278775621
2.78294441706251 -3.27757195448386 -6.02038597838639 1.49660736963913 -6.6864371151382 -3.7131050086695 2.05875878851801 -0.451979088002592 -3.20657958737469 -0.628790240793584 -4.3973363211253 -2.44591796063534 -3.91969183697353 -1.60896070180581 -7.50573921643756 -2.28234715063104
0.255966937469483 2.56866943624245 1.91656676208132 -0.675203360891703 6.76971225064653 4.05055621894195 1.85340943600087 7.80896419803452 6.94354295802375 -2.07989062607901 3.33824809789937 1.17415960739064 -0.32825526698374 0.0723016644525297 4.38220627061528 0.170649457004926
2.77381993055142 1.37171823615174 3.76350235923942 3.26528604745188 4.47218052596912 5.73768087543745 2.14324082563598 5.22909506284372 6.72802754165493 1.07335903576073 3.46731846053442 0.952682930036079 8.48890614795192 0.104307021324736 2.43396841985363 -2.9491690832399
0.565781918595306 4.42182338458005 6.88181825363929 1.99111278210852 3.62359758855158 3.34042135432581 -3.29982355661235 6.10038340157855 4.43302128699221 3.12591773969125 10.9097210275659 -0.906325356937788 3.34246938066948 0.444084723095323 1.07851555907541 2.15169330375079
-0.303254749368761 4.0595173714455 1.5912968308871 6.00852678225771 2.56736722518596 -0.668545798207492 1.25834250906878 2.69621001865142 5.21886427122325 1.24415167490555 2.81669701966579 4.865962197932 4.27844364936425 0.354684718080463 5.99451472589775 -0.0206782811432081
3.86928559362186 -3.60112979773826 -4.03739426882523 1.52434810510111 -5.95276207838839 -6.29683961125583 -0.90734585913647 0.352561942970742 -2.51906690173252 2.31803127325431 -2.6247548489043 -3.25946718745628 -3.71805166255191 -5.03728375811806 0.244903760635513 2.02009372468805
1.97732898081245 6.17771264987406 3.58497296444317 2.43097327624565 3.0067310375438 3.64917459518137 3.63482225741812 2.6379196746102 6.12900067870438 1.20733530522578 -3.04458770560387 6.46774980409851 2.05240810289645 -0.842765358806826 2.56124998770847 1.68300643670332
4.04299929516232 3.99070385248841 5.92118080118657 4.02975826688133 6.27597607042008 1.65997697754414 1.13769483791305 4.30227361202726 5.99729323246623 2.55947442609074 -2.15796067655058 4.08401369158057 3.06210683633289 1.53862895285415 2.39498754660548 -0.83045303826899
-4.78691839411084 -6.03409034462359 -1.58170793173787 -4.85676204127749 -3.75725011807361 -1.7327566603446 -3.52134870391536 -1.93527738408075 -3.28327699356147 -1.41021808723458 0.8479984760771 -1.67324080481118 -2.73941344182979 -1.48883735567525 -6.82687755513247 -1.57387256062093
3.28240218806754 6.48638073744804 3.88075030369274 1.14393848634634 5.24687255433898 5.90273593387264 -1.08986550133419 5.20178286249464 0.677390897000553 1.04443594889445 3.82390536555004 1.15844491438038 -0.385840678318011 1.03178983485526 2.68797273810663 1.5231529374501
6.86563486352267 3.63494504292472 3.34554095314013 6.12477319198481 2.9447560538733 4.30335806892627 3.74847218973733 4.7809762997862 7.44393465906399 -0.67340403135992 0.647516565238809 0.370576929618274 2.24898519866613 -0.67782089597091 3.85625670955042 -0.950026503462467
2.61472240576557 -0.934557265268809 -2.7574124790727 -0.959849330841207 -2.38038643546559 -4.43051188665621 -0.314280432655051 -3.35686815756985 -6.28104851906849 1.51073074857151 0.725951449746213 0.0693380200531004 -2.824429824038 -1.65971777532472 -2.05540256835574 -0.607821347783423
1.26102807287351 3.88625574160037 5.10142167693193 1.18007696750783 4.19562756280001 3.85688406136821 2.90315579386363 -0.9326165677836 -0.00296822814642006 1.49493767118082 6.01109897518401 -0.134460619186812 7.15169564444465 1.31745380066992 4.23209584657209 -0.0840338172224084
6.85376969732905 4.94332175718238 4.26270304813395 1.48589458297472 5.5974651367827 2.41585400416612 1.94634275709004 -2.64832590999807 5.70135713051788 2.70467034403106 0.25133048789669 3.56259328537443 7.42664052142764 -0.702250147036754 1.74376872515649 4.39739723671109
0.417209377963734 -3.59728355457354 -5.2567367388719 -0.93993708027662 -5.04396752769722 -4.1514604733416 -3.87680743070465 1.0815971099719 -3.60521703550566 -3.18723870373325 -5.83149573873656 0.17771302268846 -5.02598767319099 -2.19589329890818 -3.51432420055003 -1.61931627157355
0.7339095669188 5.16847949537177 3.83898811986727 2.54687170923476 2.99884709332558 3.07502502829182 5.37017805031708 0.525235326746027 4.43408513873969 3.06972419139973 -0.846977851476116 5.36202428466149 3.8197162597087 0.289813428639773 6.23460966981731 -0.640312429697958
0.114542822427731 5.69586906334543 4.20389266092009 0.18901969149021 5.8855418100589 7.33783061618904 2.59909003744689 8.50327679926085 2.01851520028343 1.96104662008657 4.06656273516226 4.5731543537144 0.354678964098242 -0.374282478228399 3.84561980738592 -0.0946323378709365
1.36820526473471 4.18804220491504 4.99563046533248 0.0873574703218174 1.98876440575747 3.03366685167086 4.10050836871498 7.45141176218312 1.92416184961859 -1.40032817975124 4.53168833694587 -5.01763864833923 -1.50949820944128 0.103151726497532 3.49079163018108 -0.241808150186872
-5.10126334418725 -6.73325926441044 -2.92272595610852 -1.02996271383315 -6.73725290154208 -5.06171194624297 -1.75583260510853 4.7939653037033 -9.05220795243431 -1.28381710192754 0.619475367679613 0.855040144443078 -8.04212041072001 -1.94334415534045 -4.96688978308507 -1.09570568130894
-0.307749736537056 3.90977091044961 5.62786830290592 2.08862520017808 5.48473854432538 1.79521485441485 1.2427496325046 8.2252743498124 4.5474713324184 0.0095026501949842 3.72403763552388 -0.529567932224252 5.38719429343835 -0.919791198693981 2.57934210450138 -0.0513333155713426
-4.49905009009289 -3.88518578814563 -6.06232081618732 -5.34779800010651 -1.65971261044 -0.803208880110851 -0.71202525270712 -1.05831245647252 -5.90276463441137 -0.278812182502444 -2.04435420858569 -1.6847366734895 -0.729393210263877 2.38354613081919 0.246889440351694 -0.637392718569513
1.78013762186385 3.55317326579775 4.44184892573082 1.59705462999205 3.00187244105715 3.5377355268589 4.5951271481909 -1.70957760844724 -0.382797945906368 -0.562475924656763 1.44411190048839 -2.18455989722687 2.65124756984646 0.701519441767243 5.5424086997643 1.84294313939563
4.87541404185213 6.05832734357247 7.26572642173547 3.71219274592875 6.64477687457448 -0.305646608957317 6.75280195215387 -0.962404470260362 6.6599601994796 1.25496327475587 7.83645379672821 2.14053088331105 8.1006961209184 -0.928075835863834 1.27610568492437 0.000279625263900574
-3.81020666332164 -1.53560349059571 -6.56143192072797 -3.00204972629567 -5.910438747327 -1.306925864143 -5.4742610015459 -0.466619379698487 -1.62794943900337 -1.52069141695117 1.31672513300679 -0.71998045390806 -3.51150045893236 2.90350303877861 -1.77510451987072 -0.570070243171733
7.74524633328106 4.55015722024508 4.34185647143366 -1.45538836903075 4.44375676735912 2.83253871436174 -0.539311010030313 2.17743858550758 2.15400836477996 3.17892888863399 4.9993760396825 1.67540675655333 6.28338327605528 -0.0765009239858339 5.05327519279792 2.4169969362035
3.64318887207239 3.48408266015358 3.5539227469842 2.23463903211792 4.75484873454794 0.662795672042482 2.25693048165558 2.25749108686685 4.65083659887163 -1.84930037464121 1.29457991298088 1.35204447836307 5.26323574382777 1.69006391903608 3.59308418323326 2.26801308250954
2.24812990226111 4.66685013777906 4.13462596836997 1.24536133664169 3.45937772774319 4.44560320534643 1.23353401392749 3.88964579537098 4.93968621485267 2.88077660089811 1.25011418196936 0.200120808689416 3.54892330934422 1.45204928676853 5.46191792058108 2.12721299814257
-1.65267696174678 -4.35128940186651 -6.00144779056442 -5.35770186214302 -3.00010711433206 -4.64033438353776 0.382390436378364 -2.46175443978947 -0.619638691129139 -2.29555072374755 -4.31162000822715 -2.94924227175589 -7.20965352661427 -2.50831456300989 -0.162182814454533 1.20341704697543
2.68030416062843 4.03319403651795 3.22504023914861 0.978067593085912 4.48880758688427 5.82793224044347 0.205301866810874 3.34158445793697 -2.29763734836098 0.646169582183135 0.29598649415158 1.83801861978122 8.80544043044208 0.249343316546261 6.80415850297696 1.41386168441718
-2.01397223117899 -5.55074998452489 -8.28322255471807 -4.79496441331341 -4.26108667607802 -6.06618339484693 -4.52648443347594 0.560086406492819 -3.85336845588986 -2.5647099014743 -5.04037971109069 -4.45617557169746 -7.46908264544952 -1.0543532880439 -3.14577968170097 1.1596885572635
3.97038903200405 2.78591865083204 3.31766743414794 3.88742159190536 2.20526027219003 0.478272519331017 -1.35132396152404 3.39729042083001 3.45918801235905 1.82843394427686 2.61168205718871 -3.59285190323661 5.11029845014127 1.04157687827135 1.90921261309839 0.79436578533345
0.156091587093893 -4.65288078548004 -5.16657031349124 -1.49822410821062 -5.99620434954928 -2.65110039892404 -1.03097224892625 -6.68609778022846 -1.89838347283416 -0.683471042109754 -0.147434085885612 -0.104526229007189 -6.82705763430502 -2.16800760319485 -4.4810923097955 0.248539786413302
-0.459414769641216 -8.01648682635715 2.21207261589007 -4.5923437853708 -5.22720614297367 -4.4882329758464 -0.156307949929413 -4.72974941330699 -10.5991681729747 -3.22752375826936 3.79899989670991 0.702718105154156 -1.98634593129136 -1.64710983377689 -0.649359254233432 -1.15181395315398
3.71406265716338 3.46895799349773 5.67341796808198 1.58987257839163 4.91991850191327 5.5910995330429 -2.37434260133854 3.1287064127847 10.4351239020484 3.91076375018584 9.37526976269629 4.84164841977643 6.79463942388968 0.105332068525327 -0.0434401338585415 2.25488412667122
-2.68063085379314 -6.63089055776578 -7.2414749630601 -3.90880548862416 -6.6183430669202 -2.40076050686385 -4.38999911108115 -10.3453947623754 3.39980499414456 0.548300524627513 -2.04642283383742 -1.18310572418409 -5.39541071024204 -2.85425018803595 -4.89672690008444 -3.99474940510614
1.13381483525645 -3.30808275358919 -8.45984876238996 -3.70487366052253 -3.47547244322118 -4.20637823077339 -4.15475539596388 -3.29316690906056 -1.60580248249751 -0.175960766357398 -3.33735430233201 -0.940476950863054 -1.35285295033162 -1.24426821991809 -5.7720514668194 -1.26047455245441
-0.119072803364302 -5.90773495035201 -3.08522902193597 -3.78379736464434 -7.670147798906 -1.41502070147251 -1.35026216736538 3.80829794821039 -6.7633497956594 -3.04926675512018 3.09279670439281 -1.90664278822711 -2.7850774020606 2.3922650763114 -6.39140424880202 -1.16087728358308
-1.24638800780292 -8.209750779331 -4.27498998571694 0.874350484779493 -0.778918007473652 -5.89916572646551 -2.84505760479872 -1.80194769108269 -4.49545328855402 -0.77683608286972 -3.460709698756 -2.7750341193096 -3.55748484201572 -1.99071236067972 -7.43736921617496 1.51399949732764
-1.65995192797354 -5.78698887322031 -2.13714417853939 -4.5477966046471 -2.8325017282126 -2.36600737496585 -3.30321505902545 -0.0164039713813398 -1.99034341469532 -1.20907278045753 -1.82776600331257 -0.656988719879308 -4.08622647291855 0.973402445135914 -3.09515848945661 -3.55145257479492
2.25559439678345 4.09776369280044 4.67654966356387 1.90295965821971 3.38318224197801 8.10700231418953 0.403211204732392 5.86950134501866 -0.695210981631777 0.702687268062272 1.47843862061086 1.41787474508962 1.28021003006738 0.43903134038334 6.05780244398295 2.95866727735629
2.85394313057985 2.90983820046649 1.0508297277218 5.92492287947023 5.20809380599181 2.39007133308226 1.54178747245435 3.78036061306566 8.7105104528914 0.980083122667359 5.16954936789521 -0.494335484332609 7.12841648690287 -0.880576210387156 3.69856431939331 -1.95728852123666
-2.30937798056258 -4.10663194912193 -4.60466404574321 -1.92241019857313 1.98665501517185 -3.60020784809521 -4.98554984464806 -1.27522632521728 0.604323842133153 -0.506644672715015 -0.36758688920328 -3.08256361293095 -0.551640680949778 -2.20594067625134 -3.92213533029213 -3.3623554377182
-2.57400894488413 -2.55883405734445 -4.78213834636337 -4.74994537652859 -3.96765176150841 -4.68757282782133 0.273272104633909 -0.572571608748473 -5.32044822504866 -0.993190898789555 -5.84682447038873 -0.521630375860062 -2.35827268784367 -0.515694214714848 -0.805345935532426 0.312439914136638
-0.107655604164838 4.10568030367556 3.65406178670394 1.82780327319183 4.88316346941659 2.90368219878714 1.67726515280954 2.88954749574951 8.6998398137696 4.90726606965086 -4.58561672745609 0.715105364184633 3.03349592560038 -0.234428749317726 -0.578089444290367 2.3354351872593
3.39668793538442 2.91066643938858 3.197249392784 3.44873135601171 6.0481291872338 -1.69953737865446 0.234893589329774 1.02326259301592 1.82828990367398 1.97289978509153 -0.375563300696044 1.47370474211645 2.76100525003617 3.06430709979221 0.0104403387690555 2.39093404709174
-1.22812550625854 2.49464235409631 5.08950404697952 2.81875617817867 3.04454691612806 5.8211727346626 2.62596391270937 1.60717868691417 3.55937716257464 1.40609989284138 8.54119842729992 0.910730815808904 6.38732932080066 0.583802611651857 8.4046190497882 0.150281956649089
0.0976396031366993 4.12981058915443 4.8202794725987 1.56771399448769 6.15238557756057 4.37197404915307 4.53713910334372 4.64765479068775 3.74644068154814 1.39729737497498 0.268049941047656 -0.106836692304292 6.45348248669721 -0.531260703872899 1.83231991049176 0.13253727489874
-0.385126232953569 -3.53987037024012 -3.23168312861295 0.486859568134123 -2.01058313209655 -6.0784727458985 -1.39200905655473 -5.71036409138343 -8.1963550313797 -1.492976751631 0.384983341490471 -0.99390602216778 -8.13028015022034 1.19228629865272 -2.86800031325672 -1.05468088566426
-3.11183204138884 -4.72274251789914 -8.66038804229367 -4.26428241202849 -7.73926400373154 -3.40955751596979 -3.53077789675473 -1.64445501428871 -5.49603565219629 -1.88800719486901 -1.66846496016166 -2.32204483863074 -2.64416121075152 0.929545317786109 -3.64639501640067 -2.6647168866971
3.05266058822952 4.13347719100454 6.4237793312228 1.63946892183475 3.55930792200431 2.428579305628 1.02136725287362 6.79081328942233 4.02628796298219 2.80911087168134 -1.0619712889966 -1.92925375992402 5.74351557585328 -1.31044528334686 3.62229960808805 -1.9914987527819
-2.81503938306061 -4.05452624588175 -2.45557892922674 -4.00536845532436 -4.72307559763181 -4.52007865027124 -2.13003948869269 0.176895756885273 -4.93827325184109 1.43968552603677 -5.61629548026732 -0.493833540977599 -4.97066438580933 2.98347309511512 -2.75110062891801 1.73514429855432
2.86110185754557 3.92870695343229 5.2165275054563 3.12241857266379 4.99929445867914 2.24324787642917 -0.816743665843656 8.61132174777794 10.3659535903303 -1.16015360768003 3.15233950744871 -1.71892904775163 2.21139302962701 1.40062909746664 3.18878161029378 3.11700481985287
0.850709333832091 4.61013852888436 4.63898723666353 4.16726768202976 2.9540564800116 1.96290059772037 1.64743455703073 7.80066223975161 8.43997494678031 -0.710064925238279 2.15755245449105 0.446290739702001 2.60685774702938 -0.253872570002914 6.03003350488779 -1.16319953438117
3.80636018966908 5.34189862181737 5.65441385170496 2.04156989252924 6.37290939243907 2.44342318641534 1.46952649192411 10.1443607482744 3.1426875818156 -0.513317601119242 2.28185452969585 8.2843652275412 7.0347861234209 0.489115908095329 6.33393395458473 0.252617829362584
-2.0854569939184 2.87003433142243 5.06352813437642 4.03944585194681 4.9734553069908 -0.23533576313172 -0.526873470992035 4.21771042793556 5.15684370457859 3.98989309871642 0.798924815636871 3.01459050991839 2.42188189566377 0.76667228538402 6.36567795687294 2.33595997157352
-2.13708073566246 -1.09968685628886 -1.66020599246003 -7.35713798588563 -2.20867137081469 -3.40114068483434 -6.8085364168799 -4.17862794486883 -9.71690158035364 1.03410538538596 0.916808946136898 -1.3814286326667 -4.45248191638907 1.28631444830166 -9.48223178430047 -2.67861260317208
-1.66419352938148 -6.38144982617402 -3.07597285432438 0.256486797798881 0.0386267082953018 1.67634208216561 -1.98172670182406 -6.76086161933775 -5.98818818094267 1.65661860032782 -0.236566349436811 -2.72419449151682 -2.7398461871606 0.724621300921042 -1.99984753462361 -0.769559335779181
4.68428915479557 5.42639081690974 5.76822871905819 2.26681890386642 4.58857590480603 0.459852691319838 2.4563181976346 5.03563047599381 -1.45324319571944 0.657064453040369 6.43199986677346 4.62372189466637 -2.26929922650859 1.36866114803203 3.16368346218861 1.41821169383774
-2.69227098347543 -2.7395239892124 -7.23002873605067 -2.8410851480296 -4.85639991290535 -1.19065969960975 -0.118500006595066 1.44726235991488 -3.13532254560197 -0.389191462827188 1.41121723153252 -2.33532663433177 -5.36810006897448 1.85563738551251 -4.53419172657391 -1.16628454197989
-0.413346298744965 -6.93148088521099 -5.56467047356608 -5.84491688666642 -6.05514111370407 -6.87447827614185 -3.03441114727699 -2.86825752812483 -2.81986350677146 -3.84341497539762 -4.18882618933735 -3.57694641023212 -0.576142526100101 -0.0373940620319915 -6.00162154072078 -0.175412297989654
2.91682632148775 3.32095706268952 1.87462134215168 2.18993016354041 3.95274884873796 3.92252298443191 2.76319078971569 2.07377729273837 0.510799051629402 0.779564226470849 2.39631457504631 2.19019071231473 10.1588717936199 -0.0187409580947231 4.05033071530156 -0.500092734566701
4.46760748236197 2.72479062533415 6.53514985439038 1.10085722183238 3.47141235042722 4.76681435290045 3.42375384273089 -2.27530987543241 3.98735768692301 -0.00577782192921905 -4.53640647653147 4.60874220343515 5.80176738170336 0.798238144594618 2.68215949130683 0.308980872824067
-1.3369020103666 -1.25574942994319 -4.26129637693043 -3.79477728925519 -5.11176893798886 -3.47158487689622 1.04778097451362 -4.26565891265187 -5.80337382753439 -1.28909528850489 -6.06347660762883 -0.341239790557907 -2.22924378860637 -0.131362577490609 -1.30661870918736 -0.524135466252543
-0.998517540838035 -5.44990049873546 -5.36094751194342 -1.60651648018889 -2.35475990628678 -5.76895560567754 1.47078391491817 0.268060888793287 -8.58870610639885 -3.56369203266978 -1.95383754699322 -2.90884117453096 -6.21780107456459 -3.16818450881395 -1.51150717150941 -2.54317812364514
-0.27817780929931 4.0362243250493 4.04543534864042 2.77530208714834 3.19673141842607 0.193522400040741 0.276677094211446 7.23895403399004 6.32513159388339 2.53235252615409 1.59354877248321 -1.13362727304455 1.43873962454475 1.80178475966211 2.64365946241443 0.922840906763088
-1.90744894963005 -4.2512410865555 -12.1714962212858 -7.28597644299884 -3.70433269968916 -4.36922581993725 -3.45197816373137 -1.51822630754377 -1.44021944085253 -0.538470224394482 0.41678556864645 -1.44761774919437 -6.87545399756671 0.589978599207761 1.65777945353775 -1.78579184131821
0.725737508112866 4.86395436091764 5.23090970929119 5.97023097516787 4.49837802616798 2.85414808669268 1.37587479902575 8.30195717976822 3.57812177081693 -0.426127633657254 2.70642469862113 5.24600860943699 8.05954932560494 0.346987145069719 7.290646830304 -0.738199839591303
2.04741148587833 -7.08974239130644 -4.38264033326217 -4.01760772047587 -3.3182738617217 -0.705417722143135 0.520273313016817 -1.54978799658481 2.92323050380141 -2.05537277309738 1.71642772659505 -3.40695286817535 -1.89887558504164 1.22808755336614 -3.34293262359508 -1.01887025656268
-1.51778248793014 -0.979179618688149 -0.773457465142603 -1.8301001820925 -5.31649591805666 -4.60444116834881 -3.15310562534304 -7.20921605979533 -7.90217522847841 -0.990117548196148 1.15773345226095 -1.12922613791106 -1.83570664350024 1.60018287979376 -2.22617863184433 3.95218787349862
-2.25457146307307 -7.25478278414255 -3.66487863516831 -2.64326488904725 -3.02996854409369 -2.65768506001702 -0.873324423784685 -3.90772730834157 -4.17058342262391 3.00356396196522 -5.30804658291189 -3.38714371442355 -7.33679761166313 -0.924258925784669 -3.82895333428006 -2.93207497825716
0.546396211098073 -2.72012444229691 -4.01219574384328 -2.05298900339214 -2.80350491390424 -2.74609305193286 -5.43136254976868 2.25175180749378 -10.4477784611988 -1.04515137537747 -2.23691122171495 -0.386963367561029 -4.71567060690265 -1.07050404417869 -2.98356552433677 -7.33172186736542
-2.77584370209369 3.13812655644981 4.34364556336394 1.86336966923021 -0.357608653462453 5.87298722236559 -2.01236211723301 4.7714322342657 -0.858297666154204 2.06687284679481 -0.0283889304287166 0.57798860339246 3.5870378861996 1.00328631666781 3.26274983315781 3.23518943811217
3.04453520506491 5.77089983941647 2.99015320843713 1.75039571375297 1.63800936709177 0.210876448552587 -4.38909046200671 0.459498797356878 6.30099239898661 3.17192945454609 1.93575437889086 -3.41483474106689 -0.143547812582999 2.09841971090964 6.07278415823859 3.74816404789719
-1.0675123956953 -2.39439375870153 -2.8091421464293 -2.32987068867827 -3.25868828414206 -1.98687830382263 2.62386955222201 -4.54215732544925 0.00919323802260585 -1.72092357200838 -0.774298248295842 0.0595973812373769 -4.03383992310237 -0.330994919997903 -1.27161627911905 -3.5159206418415
-0.0548259131259721 5.05649099235414 3.46339309500597 3.33882402924221 4.8238596195859 2.54457316849925 -2.83140965245702 1.98648252996569 8.41452921023364 -1.11897403800022 1.21171055093027 3.56090699299459 3.9672678011022 0.952535809995714 9.43390693828259 2.09000910496526
-1.18889066399721 -2.03273549437954 -1.06083769275925 -1.64356618419555 -3.65128529579301 -4.58702400507984 0.927783102150596 0.18949185253085 -3.76602190547139 -0.791776775955018 3.63190378147914 -4.34870322679952 -2.14021046714695 -0.629024656025994 -6.34014163806002 -3.10695353938525
-6.27347842717253 0.0280411972068797 -6.00095052804383 -0.795333253625323 -3.08971413048992 -3.03756233707922 -3.67344381234433 -1.64735725780708 -5.03447775693321 -1.67476405110544 -3.4935516283982 0.602254256419588 -6.66684353555579 1.98336329464587 -4.60372488388328 -1.90652064734845
4.39398618245478 4.156646728873 3.52590971627658 1.59030559560805 2.13845407850838 2.57606835952073 -1.18845189997196 2.05480847527942 4.99811588833111 0.796889044941161 -0.131531307605858 -5.48814311771064 1.64832418226878 -0.698557113369215 1.83367854790112 3.03156608278376
4.31804714029007 4.59743962223231 5.26853251642414 5.59621561156787 4.46518479859081 -1.2358811702445 5.76626138962882 7.65480108049464 4.43853303358943 1.09881675577065 0.658126259583286 1.29395708228672 2.13505220061789 0.535159371857081 0.129174352305883 0.804419651909483
-4.23776763525357 1.60365144714577 4.15259539607164 4.51376503334267 6.34589580241374 2.43872464892561 2.79631857337886 4.98854380098415 8.54554237705084 1.27274211766481 -3.8063271066126 -4.28790520832267 8.09482012817976 -1.84897398456597 2.7977927314684 -1.02852399695227
-1.00927956477964 3.50609886671889 4.93515713799491 2.03292053400401 1.9058179268411 1.18341273968777 2.60891139096185 3.89417315732987 7.67378199378938 -1.46109045280965 -2.5112670139601 -0.0970320944753442 4.57682066957668 2.29592055659254 6.89242190781654 2.00280945483633
3.17522218112905 4.32105770324077 5.78384499158731 1.87026577906949 4.4279403058657 3.23762836536411 1.60405876077312 5.92620954994271 4.30226129848489 2.31692692810332 4.8059139002821 0.0317953666812969 6.45500893981645 -2.34706698541825 -0.576703521679231 -0.265044183428982
-0.18695111580225 4.76034771411796 5.2853661608144 0.702834304465591 1.38674733422468 4.42982087709876 0.491080777744946 2.88581058746702 8.26368183348283 1.99129158276739 -2.54530901742421 -4.11284885674178 5.89548481164948 1.42875698536573 6.89946509999666 0.622774014326884
2.56566489840977 4.8508583327156 5.66910986016818 3.30699873092083 2.60685526073535 0.564241626660909 -0.465437205610472 5.53669932201787 6.39699633160963 2.82587136074031 1.01115469060511 1.2677653576269 3.45165253161207 1.18988300802184 3.43738882339017 0.2690387026065
-1.54610147826452 -6.17738613688182 1.84417724777665 -2.6860044568854 -1.24331505364664 -0.213421595062417 -2.22487219636314 -2.02795940803872 -0.495784580553732 -2.24842214358383 -1.54205987048355 0.0938287578335186 -4.0884720433949 3.49447551702339 -3.41044728416925 -2.45006819998147
-1.37545668813364 -2.55655827825966 -4.00146473536491 -1.43479830973911 -8.38148177044613 -3.24200841349288 -2.33815981484399 -5.19546544745977 -4.41474419583812 0.738753954222547 -2.23600123331829 0.443534091513422 -4.72864735894177 2.34915462334567 -0.888853182581924 -1.03701672636823
0.125160863307775 -5.4261151712014 -4.84914578955596 -3.73319391608052 -4.52638486631691 -1.4754522821219 -4.31204430139935 -3.53132515809229 2.59221180690991 0.124841442318598 -0.827352622049798 -3.82698946856199 -2.09729367653022 -1.58815037025892 -5.70558722731862 -3.2139788851314
0.661040653195004 0.783224610046878 3.07642764559754 2.14255257854397 3.85868018207266 5.55135108258068 4.204358963624 5.7759576270216 7.26622667665618 -1.62302114168996 0.550488873911885 1.30188993366888 4.99817162621484 0.418020355215163 2.17246334795632 -1.30148710143452
-2.80662231748992 4.40420479293429 2.34087928834126 3.8693950693212 3.90426617196308 4.35574960309593 2.54909617666654 6.40427684299114 2.2526238620957 4.36094140803509 3.49474825604595 0.65912675852439 6.14046373390603 2.60927530669837 5.62937763793283 0.689261623394394
1.65128480978629 2.77990209850155 3.61813626099197 4.74705652268322 4.10060253063314 1.17955181144792 -2.04926286405097 2.78823925633413 9.48160725952371 1.71128013603524 5.6017096509115 -2.33532682110316 4.63140921895197 -0.858133627782333 -0.342251725790314 0.698844709711094
-0.338051409143973 4.71289585068271 2.35430187321125 0.198400169752091 2.24775323882921 2.54599627710564 1.3415134429218 3.89633824712996 0.484970200953479 -0.343419483600014 3.01480527666089 0.711215320943861 1.57693556161185 1.23664299816729 6.85070171315521 3.90070391597197
-1.46641178959885 -6.16496294569576 -3.9247345493911 -2.840497507942 -3.54799494270859 -2.84737612148481 -2.63607601454336 -5.57220920395686 -0.109798910038101 -3.62478302278995 -1.5905574165144 -1.37332846638528 -3.51040205119474 -0.230332745596149 -4.52910842689137 -3.46669205184973
5.80696666747049 4.88976787440647 3.41755165310964 1.16333148643988 3.07997973300517 1.30398274651775 -4.69679570910069 9.73291598245227 -1.10986462004467 2.31578597074079 0.235986361218531 0.731634084667717 5.93917121446577 4.41048548273414 0.84655055107084 4.92925172773971
-2.85358813433428 -4.21302445513797 -3.38109802694386 -3.91064967963134 -5.73521991814672 -5.84045770502014 -0.0682501242997213 -3.37092812576104 -1.0351450137549 0.196691910625827 -0.873912177592062 -1.24685334905267 -0.387450306490306 -1.63044997303626 -0.422024437894051 -0.473746469224603
-0.0693475228642142 4.74213142577378 2.67623202669181 2.13142108167901 3.44230999683451 3.13058355373914 2.33161318721896 4.25586216870331 1.75212171715231 2.58228622610483 2.84899066872251 2.82159186521938 10.7239215849604 -0.0525234512892784 2.4598245067701 0.722873528090456
2.06208615312572 3.75705833691668 3.85096503369817 4.71704592957333 5.4539345600327 1.07123945689559 0.238896583520971 5.94302900629373 -1.33692022134901 1.23167319117497 0.595231071042818 -0.973554250855159 5.42094528343089 1.8713412609565 6.18691900811217 -0.140540872545599
3.9794144038483 4.11900418896401 3.64038753194228 1.29990748295588 6.54238762653438 3.54223524404349 5.76905875028383 5.54455583857948 2.8886133990198 -0.937908114167249 -0.587659418351363 3.29257001385898 -2.67832852330824 1.24444086172448 6.22300729717519 -0.775202750966296
1.81627320460362 2.19293867423854 2.67381623277378 3.22644245607937 5.64257629628917 2.2354829512119 2.8813313264567 2.70384923771072 9.17090695910551 -1.03935733816132 4.24759728170552 2.69658622285464 2.09212955119055 0.605685327965523 5.13146154390448 -1.07865190212412
-3.94672674475921 -4.49346226983522 -5.7231799043284 -4.76876239159647 -6.61826293814402 -4.10108008035226 1.04560164264361 -4.06427991103746 -8.25292644326593 -3.500326045924 -0.608789879312162 1.75219687073779 -3.46029938560058 1.33398750765735 -2.60247387078655 -0.768826033752361
5.20860537720251 4.82778933313648 2.6618775637522 -0.222560201971139 1.81713759011755 3.1417697108262 0.113102702015039 0.166898952146069 7.82650866670185 1.47710759570363 -1.05498356506805 2.21938006825492 6.89572902874192 2.18958533097209 3.28027520991143 2.12387374382208
-3.81765858816528 -3.12823402003686 -2.46925124114757 0.383314500057308 -3.52641001644396 -6.35793529166288 2.25433684284472 2.36643898170401 -8.44059485830386 -4.60342171349056 -1.1912354544879 -0.483212232175616 -3.91530078423046 1.43864247028875 0.903618768721146 1.09319906276357
0.176920694782976 4.2643863027881 4.63651868920083 3.12076666178388 2.58348993432538 0.468223806607273 7.87191733406642 -1.27308124363965 4.83067013693823 0.826444604818449 1.69856422626522 0.37295506931349 2.99673754793276 -0.661907366714388 5.35930828846327 1.53637851670873
0.573517942131491 4.09163101014435 3.87328704908857 1.4667110712414 3.7787833689968 3.93784410738329 -0.478415468551332 3.56497811188742 6.55274091128804 2.40511338017048 0.553576054864332 1.49866715792821 2.4632500695637 -1.16005459743954 0.540865303696178 -1.73225228990596
-1.37743718924136 -6.5081015808491 -7.70391629767848 -5.28919206731683 -1.18500694235216 -0.365912852332949 -1.25576587499921 -0.757526385695621 -8.90183491169273 -1.91290729818803 -6.72853274497287 -4.42132622996016 -4.92164813496212 1.28535502278929 -5.9067790835764 -3.41051722906936
-1.44917737184278 -5.61313904374442 -4.69815188603827 -10.5958583152103 -2.73624346672039 -7.43980350148387 -4.46795579067139 -3.47153581562786 -4.44781324289994 -1.40428016925198 -0.645840048436227 0.0729096303769003 -3.41339997684582 1.54275174941169 -2.94879945955574 -2.43238433599067
-5.52671159168457 -6.3232610798802 -2.49651236191523 -4.59543187356606 -1.12958667276113 -6.39301929461106 -5.15363263710851 -2.07893839090017 -3.23157320504366 0.497796653371063 -5.42539041504943 -2.50848867342214 -1.73314553068469 0.241698849153676 -1.61680240671496 3.67749887363876
-0.0774079798477436 -1.40834207143091 0.025518929139932 -5.62607649383995 -3.18230420312811 -4.13025966775804 1.25750880880592 -2.65552376791443 -2.64352961014905 2.73593809310197 2.89424855232508 -2.52322189567114 -3.86865190546863 -2.43151891993568 -3.06047632865409 -1.16255353346964
-4.14756439044608 -9.298135734991 -3.27893809838631 -3.91723222441596 -4.28213113659675 -7.11304117775703 -4.37902562404071 -5.72998308822715 -3.00606591241405 0.34840998237303 -8.14255298648456 -2.66218861998634 -4.45244373995351 -2.33614320308024 -2.41119178419269 2.59930111898989
-3.13040869883833 3.54039060745806 3.60342456527276 2.46190285416234 1.89715150310623 3.00336011206944 -2.21526722276176 2.44501697938237 7.23867300891205 0.744092023696274 -2.58823925666967 0.798477851115058 5.23534264801678 1.48942533268049 2.43538972670202 2.39953355622284
-2.63974776716223 -3.56623559614695 -1.92187023411876 -0.1489534660672 -4.41854594045 -2.72263495645231 -0.17403719279106 -3.09036371896998 -0.901494751067965 -2.74980772590496 -2.27314771822495 -0.931919681568883 -8.78718803829033 2.55890423968356 -1.00121065338477 -1.41273071615604
3.10254592070463 3.92626435122169 2.75450937983461 5.10049210088315 5.83101008418544 3.17897571526865 1.21516171877725 6.7212675930431 0.465700799484259 2.96986691907317 7.38621616184287 0.579103482709043 2.13064231907111 1.89157267142332 1.1661922672078 0.890971017372602
2.08114812224638 3.5936371132065 4.22800173865408 0.561366606762539 2.78592980458625 6.26274015042506 3.44839223949254 3.48932757472958 3.65620450299995 -0.364685105462968 1.36146395950041 0.496175455489294 3.54097479993327 -1.06827461966438 2.07216192089599 -1.5362019541068
0.53979997353723 -6.2097111529157 -10.4614336660887 -3.56602698908063 -3.3531602836516 -5.15979040749541 -3.65673614935297 -4.01196501198389 -2.76406125343501 0.184917644054457 -2.08308854321849 -0.545406957135162 -5.96729652343552 -2.78564494005197 -2.55818205791517 3.64119657397383
0.718340654040443 -6.10734654207763 -3.96096406301539 -2.97947999358019 -5.30439730178349 -2.06015762869833 0.176753714775074 -3.89851407723406 -6.61134117073668 1.10169433398019 -3.00629695849349 -0.829235984986159 -1.84178517646904 -0.402599244419812 -1.66048374815961 4.29576237147408
-1.69488228111393 4.39596686138804 4.95086354808549 3.40483019318431 2.62328268039834 3.32467675794962 3.76066579936471 1.89937574344434 2.31818752611223 -1.71842916036197 7.06508477851073 -1.25342526071713 7.13206548871006 1.8757385906226 4.51085495962726 -2.98668434011614
-3.15721028026901 -7.04911663338109 -1.99650879176592 -3.67359919805417 -5.0458565402709 -5.66110402534242 -0.77079432610578 -2.83317506018451 0.70761897059904 -0.0948648326972957 -3.33110833149027 -1.92415615754779 -3.72844617598864 -0.780889822308909 -4.07072845474902 1.95811698968454
2.77978177226041 2.595360932972 4.88377573117433 2.7007355464622 5.42429028934708 6.17193156253016 3.22506126453622 4.6943949346158 -0.0857157873193954 1.5221686832228 2.71430901079339 -1.62186481539243 4.39463926984913 0.25532211112879 5.17970738348895 -1.37704126033461
1.98190605645715 4.92792190297904 4.67578308889429 3.47219613522619 2.23142773711025 5.88184732992696 -0.392606514878188 0.461315506290897 3.11260490844743 0.650297194251713 0.15082850623954 6.90908715550741 3.59710929144182 0.539201243741092 2.8613153280547 2.6436986309462
2.58186133964664 2.52421753130703 5.34117822597057 1.15265686135886 4.72850161947525 4.38604010998709 -0.625263208863261 1.91538187498448 11.5247970442641 1.27339222815272 -3.31958075786213 -0.340660047635113 5.41512566511565 0.00645958571701971 5.43497980895779 -1.43928994394502
-2.90515956932373 -4.5997382830448 -4.6098943220709 -2.10699803655163 -1.09840607927232 -2.32215181967172 -1.48859056178904 -7.92917754351913 -3.87875414548462 -0.522614975577023 -2.79520235588088 -2.40185429988917 -1.79727849470063 2.68083940902649 -1.8374998405965 -2.08573246757711
-1.32591865564869 -4.17828125286804 -5.93109464075091 -2.82603572544346 -4.79675344800118 -9.95230231449001 1.01442968353033 -5.50105350893438 -5.21819065833587 1.71069781481742 -5.96032985828084 -0.62874858407189 -3.42530596434629 -1.49246625736915 -8.15482747862505 -1.44428819934985
1.31603760876192 -3.32601545113551 -8.03569768177257 -3.77785691093889 0.882775830026221 -6.34675998998562 -5.19072357245776 0.286531659992976 1.46683486490161 -4.83588227764952 1.07663890290435 -1.78940632218019 -6.46383164593673 2.94676941608437 -1.7166327857216 -3.64737934874925
2.54503684637677 3.33306681570405 5.65166258852876 1.49177425531057 4.11420421390395 5.188431454293 0.331023857273009 6.716209410199 3.87326746240214 2.00043105638866 7.86137527426004 -0.826260264441863 7.95894172574257 1.63859726906374 5.81543585487371 -1.5613432716485
-0.17941493345625 -7.57720092623643 -4.31336669451537 -4.12446142568097 -6.79197674345142 -2.68629740430261 -0.731964125182179 1.67181471418376 -0.514514175313111 -0.183465656045954 -2.73735482453649 -5.18320511921919 -8.37160903385964 2.94058977987628 -3.97755529851647 4.3770514446701
5.02618190322502 4.39866581519874 3.99289133369764 -0.742017963298847 4.86849878609014 5.71987785035442 2.81426749121672 -2.46101239974516 7.08023473256946 2.23042658631685 -1.11781091805565 2.88097934219875 6.07146381237769 -0.162995842863792 6.02556969289103 1.61966762198359
2.34237747393068 3.7482282186808 1.99693429248342 2.90619699892724 6.19827400182607 4.18936363217226 0.395124624299723 1.44405624418521 4.65081504407966 -0.381729942495383 -6.46486367366677 -0.348840699344546 7.57447834327765 0.996933736617451 3.39358862163338 0.39787313966392
2.11294045871342 1.77082411458509 4.14603321523502 1.34146357075706 4.44576539314957 1.68150183240153 5.92326995140188 7.05756247830855 0.0560385154287704 0.210670058875183 0.882194348720805 5.20728715284531 3.0793922501944 -1.87871480043533 5.88235281664668 0.29631100550487
5.63119766108458 3.09987235446397 4.91195777457286 1.79823728283242 2.81396384651464 -0.280603723767799 5.91747229267062 4.32502168476637 4.66300675285168 1.19195663857797 1.72804168148434 -4.13628096725962 2.92150759800152 0.498848903616134 3.43048884908238 2.12981986385061
0.0860525999959503 2.65834890253515 2.35002365438404 3.64274959103671 5.40592160047419 0.0499070156364967 1.29595037904996 6.96110300229572 7.78060696256649 1.94574255662238 5.70640255680698 -2.24802287623646 1.84930048491568 -1.30574308889238 5.78948407902076 -1.57115049864428
3.10952548777045 3.68116032590001 3.85202435176765 2.72307090867905 2.0841754705085 4.83530236161937 1.425956246995 -0.619611744120184 3.45284843619033 3.67349072934067 1.39497934985771 -0.0862318119243022 6.72963704249434 1.00673196658223 1.60192929677529 1.30555986120429
3.46045304252137 4.15226538125007 4.49666543958765 1.75467567360332 5.4905985268707 1.95258376612018 6.93252430904991 5.81135225263801 8.2479072058341 -1.93642572734092 1.71246452127003 6.39874905639413 2.56425510583335 -0.323060159890632 4.42525798576436 -0.878453799853423
-2.0567846015762 -1.62892383740898 -7.55754949696374 -3.40474908165305 -0.633208540678331 -4.49851246830976 2.67974153135277 0.34409239483502 -7.39672970253501 -1.58378945287884 2.03630586357466 -4.63112710320346 -3.09594425979379 -1.61724224304986 -3.05502951975275 -1.94048768777579
-3.57690900189405 -5.91231615870968 -5.77664116562316 -0.136452168546755 -1.26518553408934 -3.26517628602167 -1.38362481870344 -5.70075799353982 -2.23909331555596 -4.22691214849504 -1.92976355659551 -0.871721704981459 -2.89588499274541 2.51541983467948 -0.183134128231616 -1.55431144738345
-1.3913070427073 -8.5574501279698 -2.19002759304565 -1.76939352127025 -2.31433862813507 -1.44214581229554 -0.951954303415402 -1.43303864807287 -3.71731196157441 -0.372525391817088 2.21723330776962 -2.25688272396019 -5.3219796450941 1.26081460021954 -3.21607378784169 0.0691132963516251
-5.01766530801411 -1.70213034137919 -3.82436265304713 -4.99715848558022 -1.59503103916158 -6.53248719334912 -4.57527244740449 -1.66605896162938 1.19392150382581 2.53275154018593 -4.94529718435951 -1.56574774863621 -8.05983918253969 -1.2062740453995 -5.2554328746025 0.388345101238885
0.075224279370635 -5.04688082749629 -5.86142153007011 -1.79252524034627 -7.72301175880478 -2.38189843842377 -3.26324494542402 -3.19052670600664 -6.33089231545751 -0.68558258525177 0.182528195684674 1.785927070737 -4.26191108570707 0.0326772127351335 -3.83575814976869 1.89198401768313
6.14983808195594 4.84996029556708 4.85667532802367 2.21667044382317 4.37817687096323 4.08672565005888 -0.345716445807275 7.7544597321011 5.35667048955112 0.641896149267828 6.16001087415635 0.825900273306263 4.92240307902767 1.53856919755499 3.18866284105642 -1.55944714161448
-1.95367626701252 -2.22589446775518 -7.06632064076358 -0.931024612841344 -2.43321949763293 -2.66669138101093 -1.77477314687236 -1.76170027815316 0.623278065671643 -0.293155722587961 -0.684749591100527 -3.32937409677774 -2.12210969753545 0.721871641403842 -7.61410479502447 0.570681024766533
1.46459288612832 4.03276797862372 3.2094572478981 -1.80325716325856 4.35991778415764 2.28148264840368 -1.44704339184843 8.52246694721299 5.53344376195168 3.03675568264104 4.31006330017576 -1.87046282800615 8.56226817007589 -0.287969914112142 3.16421713412179 1.5752414480592
-4.46631478662424 -5.11599660096887 -5.66155707171735 -1.92020035853925 2.43710306163655 -0.287281457173928 0.216098635507481 -9.35295391175342 -5.12959057937345 -0.0589435414918851 -0.328983064608793 -2.73443367619773 -5.498467813829 -2.95574762242656 -4.74122517369539 -2.7986714703511
3.9451434501897 3.83106141712394 2.55070073657527 2.33063536309159 3.73296489034393 2.15028204368529 2.28978966455313 2.22418755837529 6.77257763421278 1.9410237357981 0.633169936417339 -8.16208331522239 1.00628298513471 2.09929580996189 1.28338587708981 -0.790640241733544
3.0008822563146 1.42651372178149 4.23988241035421 2.40676859872075 3.74649147954234 0.696799589103551 2.77301534386975 4.44047941263262 -1.4583062858664 0.942435743360223 -1.98478201632514 -0.364987198801841 6.44735422602891 1.447966558521 2.56373190234954 0.452316885275557
-2.32398080215658 -4.8548789358583 -5.34195214513428 -4.30312371610048 -4.63404281938124 -3.24904253864966 -0.0421854076336212 -3.61178871906286 -6.41110783736834 -4.06754744417798 -3.29695439048665 -1.08583311931376 -7.05286117662038 -3.09491063204004 -1.50458424114393 -1.36084731852969
-2.66613926304969 -8.39912742260797 -5.67320525516936 -6.79031462103278 -8.27958968180755 -2.30495849574948 -5.2406487429688 -3.7602571445397 1.15202104917225 -2.73323630314299 0.421759647242306 0.81440819853965 -3.96989195867643 2.94419920677236 -6.39640898669279 -2.20842426877099
-2.43245618390948 -4.93923908302726 -4.81589643694215 -1.77656403400591 -2.70891934936008 -5.7186720127983 0.20657265004234 -7.78543648817094 -6.28602652571831 -3.4379343159162 -0.841669012393701 0.0437001014515441 -9.20240895057564 0.470336912547875 -2.71186445124795 -1.63818549999277
-2.88492023110822 -4.60030910114636 -5.37517346575308 -0.810186269953825 -1.9279830819091 -0.03069993023907 -2.71213186441952 -1.44903626293736 -0.898008035575285 0.541452852172968 -3.84331374574029 -1.81011565416616 -6.06457227366877 2.40222082396699 -1.51184916971846 4.9711941106548
0.522245707729308 5.34562873593432 2.62418508252433 -0.205603698285173 3.28274173291157 1.27856173674634 -0.310654454141042 -0.490384002969498 4.4321734257682 -0.567009417930041 3.77648786441131 2.69586869598203 3.21590195770355 4.47611341113778 2.97366195262558 1.12788819878201
3.59617095517598 3.26998977900832 2.28695556472493 -0.525730923708656 3.63534324146147 6.92669201332487 0.711176740563071 1.73004306318898 3.18001251524122 4.09267679034328 -1.51075398383982 2.60307266114375 2.5131349932465 -0.432341249385068 4.44730824874919 -1.42062510752455
0.721777163678684 3.67050261331882 2.98427091228851 0.245035990090075 6.26230548681539 -0.233501637108734 3.16198735325851 3.98808878658199 1.27189770932496 0.351310051032124 5.52851755920521 2.35572152424934 7.32010368085618 -2.52561679137464 7.3953577441326 -3.57040715196088
2.6134343422906 4.19450764533585 4.65814906211031 3.43752787637928 1.76712709391316 1.40263597433051 -2.66923554110726 5.35420347310527 3.04745250611493 3.7090607712412 4.01393080498263 0.972059978134308 -1.44665308874881 0.101045365137101 4.34583855713353 5.12813329348093
4.15246783218241 4.04579746449157 3.54502552300485 -2.56419645153328 4.63739004357168 2.85542367776366 -1.79407908132545 5.22066463804838 6.39742170821894 1.56538933851801 1.96764063535856 2.14492219462528 5.07411752560566 2.75675925099468 2.79915195930356 0.0896760836123461
-2.23809263871833 -1.99945437424852 -5.71157924962168 -4.53279664424443 -3.10216381656224 -8.11130991955459 -0.498293323651403 0.364545977475458 -6.77620323163659 -3.45384364299314 -7.88474913773501 -1.18493821330914 -6.05780443384954 -1.25579255737877 -6.49147470366131 -0.368471276945133
-2.76016444789237 2.71227331933389 5.64439902917954 1.80656800031417 2.94355129392365 1.14020370148274 0.150521536216023 4.88398692339702 7.85173696557526 0.633504117017412 3.46640439990961 3.13219502139203 2.31979954732313 0.539356647545889 2.26531842581878 -1.17645951368733
6.66214295811081 5.27783955287397 4.27076588906832 3.99753681270257 2.78069069288272 0.285854679771066 -3.31015375364444 2.42096818201867 5.18710745188051 2.08217970087736 2.33601608056908 6.04648386902667 5.66891502185456 1.7005435559223 5.63905912773886 3.7863065199389
-1.40449948539933 4.71542170407867 3.25873767998161 0.484710109100847 2.48675923015727 7.24009680797368 -0.516337385145817 2.98404585404966 4.6648904207358 2.46407761167788 -0.358717740898843 -0.248241209557335 -0.00134946901412913 -2.15629258962233 3.65755010330397 0.592774039364788
-0.576663957788735 -4.88752447494248 -3.41093321359062 -4.45522235490264 -5.9273337960213 -4.2946153173055 -1.19159149525315 -1.03818623299166 -6.44929950005258 0.138829074956931 1.08462402417613 -1.02389089520919 -7.98553562897093 2.37822049474029 -7.18891839697255 -1.43260461749962
2.41465942394136 4.00258979820576 3.33486922357249 3.00359056645905 4.90354061730699 3.9315649733819 2.01621343954183 4.24070009863301 0.415237029873636 -0.0636958394076521 -0.649701693188248 2.86748952026099 9.86654994168025 1.01359760858131 5.51218961675108 2.01454000403116
0.899338243177515 -1.78805011257968 -2.72576697095797 -2.9261725492619 -2.00202716128933 -3.37236722646245 -2.62560548322399 -5.7345279492227 -3.84968851146902 -2.71359098062249 0.334172704954427 -1.40508534717808 -5.9528461217789 -1.06610823508682 -5.02094070191574 -4.94154998746372
0.434529983901665 -3.69862676060022 -4.20110518636602 1.25032080170141 -3.99386325658498 -5.74929850130148 -2.66390650369257 -4.75610139709482 -3.22339877242249 1.429672258854 -4.46627431500948 0.16281381769314 -1.46239148546453 -0.986156937204921 -3.82284182676651 0.812773634561504
-4.00716250911521 -1.21471185677497 -3.87744454097555 -3.06086947329869 -4.54984708333808 -7.51624478171572 -2.58111943888403 -0.539248108568791 -4.19532173522431 1.30305077623612 2.29845657914238 -0.273678275877708 -2.8063280756532 -0.099583355854588 -2.34751756752045 -0.0856898094649364
-0.499875840597694 -5.36453830476593 -4.09013862288906 -2.39402483155224 -7.57303238532062 -3.53824332339197 4.20986192807648 -0.50495577096918 -5.95946445339914 -0.539217781899814 -2.34495261333985 -3.44766743024954 -8.5524969018068 3.30712178370624 -3.28731064642593 0.326182089245554
-1.87916797973839 -3.34351980333679 -4.83171898752324 -0.826518095269603 -5.57039395855346 -7.02809466054421 -0.155285969389889 -2.3326760194789 -2.26409131580923 0.378185461225429 3.0848470091002 -4.21969705787412 -3.00593596200598 -0.87470983869522 -2.827862378983 0.984786450394837
-2.02946789981083 -4.21005977746315 -1.85796058804721 -3.80641834826256 -4.29554258212377 -2.47476281909321 -3.40024534990317 -3.96253904282508 2.17827090274327 3.02870548798128 1.4905293408248 -3.20016216789243 -1.96049129279148 -2.57327961323297 -1.34094514123439 -2.40714604527787
1.481703077591 3.38902249902408 4.33472791783768 2.24256787991899 5.17659435516106 -0.675580839909295 1.88935717791241 1.19332140335224 7.57976562815728 1.67764036624124 -3.95150187800342 -0.0628709446129201 7.59997793441336 -0.854146655856385 6.28207216385987 0.581234665183185
0.0199159377528564 -3.81017281552464 -5.85921026593884 1.31527544676058 -2.92617786447892 -6.87829966440118 -0.682941923976813 -1.40151354656173 -9.58779329323032 -0.313656115246477 2.47326637851582 -3.40124755874074 -3.06860395385686 -0.691024702350139 -4.81070510074029 3.7899320822231
-1.23282380889404 0.400893476755338 -5.00172184020264 -2.94993360159495 -5.17578938226304 -1.91004723064631 -1.87720599612907 -4.65627022325738 -4.17811396948847 -3.27917583859987 -0.982802599863802 1.74033661287351 -6.56833181945518 -2.72592478242655 -2.9070854147724 -1.39017908325844
-1.46066969697259 -7.57479759680253 -8.42759992397167 -5.01696237736506 -0.25188077693056 -4.43196964232179 -6.8871449519556 -7.08383898656922 -0.0194159885183303 3.41082513256738 -4.96046747167679 -2.35698603848272 -3.53427338148433 1.74080554041419 -4.2892778508372 0.210390656477479
-0.3195767861027 5.90788099484523 3.11452515594928 1.72755515420501 2.35539563270545 -0.198987587980888 1.51507214131378 3.35276246330424 -3.01647058477591 1.99360796319394 -0.209911152847395 -2.25284556016087 2.09102894067267 0.39918364066482 0.00929656522542022 0.328164633834781
0.515650079292656 -6.54233162772103 -1.2563234958192 -1.49407817156814 -4.24541770808068 -2.09270051805673 -1.28269559423294 -2.99933195738131 -1.08648889541591 0.00498947022683094 -0.255476758090444 -0.256842497991327 -5.38660869054661 -2.25531525892553 -5.26224869894861 -2.12666104703732
-4.80837744938753 -5.7360874198621 -8.36031850270574 -1.94288046408828 -3.77163609730242 -0.625887577738531 -2.86900333354565 2.76576016059125 -0.0943591745695658 -0.788854271543005 -1.01006777919261 -0.60347681342658 -7.63233620752563 2.70464000557567 -3.20020460322843 -2.38816192646559
1.78276644589111 2.2111847333854 1.29110458713323 4.46536589966728 2.25856680371821 2.15255034255196 -2.08285954745028 5.23214652902418 6.91958027982475 1.42957807719161 5.3579088906256 0.729876123412125 -1.01176165356733 0.945929975002632 2.02857045223061 1.78639601154596
3.69345229227755 3.03070774776574 3.69960399637158 1.4527123503817 2.83171651475541 2.93644554388965 -2.53407945248886 2.11144509075811 6.75409202689681 0.768953500911794 -2.88313552319577 3.96094308217118 10.1716100214445 2.37758963985972 2.82875089259949 0.377628619149419
7.17532580441474 4.73621750228164 4.26554007848353 2.54812967519956 4.99110108579141 2.14130808888939 1.07644748938807 5.7058863867613 1.55659160840103 0.97234032785085 -0.952283538498814 -1.95377432950773 -0.820920784338455 1.44984197302577 3.42790764969544 0.973856000819073
-4.60429100663984 -2.92744931394768 -5.92731713969323 0.590989295407085 -3.90617473265398 -3.41781385948757 -1.66947143764321 -7.12885042830649 -4.51407164242674 0.584507968568252 -3.83500607720808 0.780847625597919 -1.51942398320794 -0.453214371500316 -6.78673976871354 -3.34902503311568
2.36743303551741 -1.69714327871248 -4.63726748495522 -3.70801793796492 -7.73660895297214 -0.852616214780149 3.21527590368921 -7.56492517929118 -4.36582941249354 -0.00370788891508256 -5.51515249133974 -2.30993618937039 -0.852878149170523 0.430215716956763 -5.05153178323874 -4.79508876775503
-2.22509544563333 4.72459560735036 5.49104339463623 3.49433438494642 3.53665249377867 3.96854615498398 -1.365140108746 9.65198262565345 2.23511633131671 -0.778487054879109 -0.464684414484567 1.79994157457778 -0.27199320113185 -0.748273211695109 4.02557203624162 0.0579935871845871
6.92660470862431 1.30708844389296 4.92824428137602 0.529880816764022 5.72921862199516 4.57258065178767 2.77932431302399 5.45858602983858 0.370995025729824 2.028369934047 2.36196997469535 -0.857620893019101 7.16663559909949 2.277946444653 -3.75422516936309 1.22862243720289
5.34425238606444 4.54004573035527 2.83859360761547 5.15240575327443 2.15384337686023 -0.720500316543181 0.611898306203499 0.763184876281413 3.71145946197424 2.03348880462366 3.63554640495178 -4.08168443413558 3.44189222181064 1.02894940099286 6.33226323939944 0.798947271420811
0.81845938929946 2.76260074647953 5.32332724142764 1.1574798699884 3.2864268008432 2.76848369921804 -1.88214229245524 3.6582162895369 6.64688603628485 -1.44387283514791 -1.08583427208802 2.20091839633825 3.73457264795047 0.134600555592449 2.27733872621174 0.727684974198723
0.13213412382055 4.1040158686683 2.16003228916831 3.16718898775512 5.36085527731921 0.319261140096373 3.01300844083161 8.83681705103413 1.13957991238204 1.44424786966959 0.13059635201912 -2.6326657484165 3.76030026510065 -1.33342161896967 1.99206979070534 1.14080126869821
3.13914482644066 3.98545769449123 4.7072665754611 4.59978562135951 5.62110477259836 4.14182066029495 3.23582417377944 2.43394395308795 -0.373377531014704 1.89444121076225 4.3990740617169 2.9723995241565 4.07245452234858 0.0691125937073208 5.68115586537743 0.097879227202533
-3.01494514933478 -1.60201170303041 -2.10628141771753 -1.58389279885591 -5.35532676808868 -8.08278887064403 1.08470073752036 -2.75759825378905 -7.49969183808576 -1.08582398745977 0.127630154278693 -2.35034952316653 -4.84675821189892 -0.808032337877064 -3.28731487110291 -4.35971150906714
1.59524805186066 2.73506384883507 3.42499934890186 1.96029582496876 4.05462663858762 0.656533475153938 -0.0101584821804628 3.78022235728895 4.98347029533807 1.56088860450201 -5.08912693838243 2.05035262559021 4.30515965745852 -1.57765158066769 3.86133295755747 1.35632437770801
2.14560382764009 2.86301942202306 2.32729144061994 1.62964941879898 5.48076731704027 4.5040099598916 5.59346016400663 6.92956438863451 3.95497267286226 0.32493887739424 -3.37978038787523 1.38743893061867 5.38726450758475 0.357476551516704 5.34442277888522 -3.16709180856627
0.109960597815148 -2.96416715997259 -8.73084509495503 -2.0129984705293 -5.6303291053057 -4.80463776643459 0.728815151952856 -3.67302618616848 -4.95938714355445 -2.8820140548576 -3.13021816696544 -2.10704787501144 -4.12063813424943 -2.72490623719831 -2.26513562698502 -1.20892154248403
-0.58167815356751 3.22342076484969 4.87650976816657 3.86228168643634 4.39272462698909 4.35996330464335 1.16464350319414 9.9255450421056 -1.39511287084334 -1.48963561653842 -0.712845275059864 2.1272634329201 2.93457275378504 -1.91569780439595 4.4603307148778 -0.930736662000119
0.09873995685176 2.86520864925554 0.818256830465907 4.5905579422795 3.56625447371702 5.64895282415178 0.0990156824098909 4.81329614092869 4.71380482223779 1.05184346262709 3.91918954239551 -4.91441654855979 2.83946411480182 0.0155443327432159 0.333285035901179 -0.187731999978416
-1.88519238624508 -8.07221746039234 -3.29756897234365 -4.58733304430119 -7.89580527808913 -6.55670313408172 -3.13876465188044 -5.5905886857063 -1.80100952211806 2.87565224189247 -2.55166079804451 0.127796001146294 -6.3326256927281 -0.587350069105273 -0.943650356802068 -0.475229362129494
0.255338388746525 -4.02381919308701 -2.5918388066639 -0.195912835433232 -2.75185135418743 -1.69058798358151 -3.65675896901755 -0.669587995876708 -7.46699848171431 -3.25586785324866 -5.53329679947441 -1.16166080108091 -4.43119436250678 0.61204324434186 -6.96402193518557 2.13469075764303
-1.06221302069849 4.27173372084321 3.37078087430653 5.63269901709946 1.91575045719051 2.67578248114189 6.78199904537492 7.92324387947356 0.564166421437043 1.14352522758191 -3.33473510509704 2.48402833400867 0.563832218136687 -0.646544821280186 -0.0107460062829277 1.21906651555547
0.444070380999207 2.68832098643993 5.00317539757974 7.41383831876595 7.89791672328712 3.11690489812413 6.17964099441158 2.68998840652685 1.60453205284937 -2.37088582086302 4.95254214887905 -1.93181202358332 4.2128943173842 1.52181512203702 0.678199806977491 -0.951626533638689
-1.88131361781014 0.128326005017372 -0.20680619301884 -0.287328260875475 -2.22449809533301 -2.51821288076446 0.480783683352895 -8.29788678942299 -9.92479635140107 0.0176021290865598 -0.951889021431737 -4.31693055449315 -4.29405303673039 0.203903078496325 -1.090461793003 -2.86073579655458
3.69798260429976 4.74750254726086 4.43620192231545 1.39311927731918 6.98282800248222 5.20151446617353 3.59864877180937 2.39026714952439 6.61596456809014 -2.17269322272279 -0.294241491361718 6.43597128160463 6.86222665975804 -2.28165061202787 3.61058531099799 -2.26003515537947
-4.29742444884467 -3.58500987601183 -6.73192350489417 -0.567381947102886 -5.14350813203458 -3.60990342414119 1.99365628735058 -1.9615439872706 -8.07096171203893 -3.10227835574532 1.60070656670258 -4.04432053751358 -2.30258869163421 -1.78864500736677 -3.63568528811668 -1.62254811479808
2.0988896562847 -5.03492538862788 -6.746607531759 0.65106055934389 -1.28268638048154 -2.43037168607567 -2.05842784208788 -1.59029348587788 0.400891830561998 -1.18969273658387 -1.99668661305965 -2.37270967776921 -7.01579506943587 -4.18571640340113 -4.58921632512132 -2.91536704010485
-2.47536960424668 3.67944148171929 3.15061408288957 5.8522070559177 2.49393640273437 1.32153694216534 0.348571746023772 7.3099539317783 3.67499779272317 0.453005369334216 7.62266778128422 -1.46950574540753 4.95177043744427 0.281745132991811 4.62029882643708 0.503182900299633
-2.29753715369724 3.35998477544327 4.95556627880628 4.09115618511277 5.06013589244804 5.35296673866587 3.68681348635767 4.52359035764553 4.63857389965783 -2.30929939755617 -2.81234744755365 -2.11204579948085 2.30166839228276 -0.833249965242217 1.35536448091505 -2.18315952000217
-2.27325415422293 4.78279012935352 3.64471970931774 -0.207067388563877 4.03220633326781 2.38515057083793 -3.64410238728228 2.83537282759305 1.42293246762196 5.36853697327886 -1.44724169456205 2.93113786601546 1.63726091261009 2.90886319755793 1.10117018329265 2.81569143614973
-0.78325586175182 -1.4414008424886 -9.4438990376917 -5.81356794205419 -4.93797760641592 -1.30073617897883 -3.84010334272872 -1.64870693333973 -2.31524863692942 -0.573438654032347 -3.02467582557415 -1.59947119392619 -5.66651864736577 -0.295601729428897 -6.80699739739591 1.32465776228529
-1.88680298130091 -1.71112355530226 -6.9367744994162 -0.150829951210447 -2.96735322992132 -2.83574092390953 1.00570186836403 1.76039753095772 -5.38541530383958 1.26834653081948 -3.060097452399 -3.77651307210152 -2.48179032170784 0.767335765963864 -4.68427930337476 -4.19331890176406
-3.38071635241634 -5.07744315594773 -5.04697091083727 -3.65841781487741 -0.957050917246324 -4.01274126253162 -3.07204746024961 -10.8549199265224 -6.15656668543033 -0.0178565201562473 -1.19620370413247 0.192276618099359 1.07608831394784 2.54441609791472 0.0473728014709884 -1.18154222042612
7.4592601095733 6.47527361524141 4.87641152445722 2.23606336723653 3.14003829844115 3.73453223967216 3.34405826878422 0.775809507373441 3.53378408270775 2.79706864372172 2.44100527742186 4.97911386386248 1.28882094560303 2.02725370262065 4.96167132272028 1.04382589298691
1.177178627276 4.30604297314148 5.92559595917196 2.81141968238995 3.110354629431 1.87319089280496 -0.648348851255124 3.25262611990091 6.86037058743502 2.67226228910448 5.53398185070821 4.42691265538974 6.5035820475181 -1.05471938065436 2.61004121058405 1.53096108168463
9.14897551970797 2.61152871897937 5.49572281771533 2.36871920366231 2.63002514720005 7.33169984403639 -2.21220418646948 2.58279111473752 0.770295014092789 1.22383877936687 5.73662169312226 0.528062120252377 2.05434319504986 -1.2168986899572 4.93368329886523 2.85582401965215
3.86771960883358 -1.7564376234481 -4.65241267717459 -0.431592637345385 -3.44018332764135 -4.84574507369594 -7.96498999460454 -0.214828899792402 1.04794785267103 1.65719438167819 2.0861387117478 -0.82466254478178 -7.4269106860015 -2.61312919019104 -0.760036151559467 -4.40404894903564
1.18956713613342 5.43867613089465 8.30503236182929 4.34486729661871 1.88937224443335 2.28477991822004 -1.33393076572108 3.44456547473563 5.97901691421265 -0.698709828370035 6.16708808326381 2.97998237260556 4.06148651318214 0.0742898125152129 4.4843977129169 0.713421372878168
2.23033785069737 3.25736369801477 5.46426255054411 2.84674342625872 4.2199725062 2.38611788300859 1.64262165063138 3.11561317474499 7.19224852442452 1.36772784362657 -1.13961330796249 5.98254585037378 5.33473211997782 4.03710506033186 3.23817966637611 0.072328481496041
1.1839769942239 2.99376285840855 2.86424487261753 -2.13078986631771 2.93708535348149 3.85765298542479 0.994877836725996 3.89072448641836 8.76688763692554 1.61932377181592 -1.69637761696979 2.88159562317723 5.98297326012827 0.475572078321901 1.23066284950691 2.24121809080509
-6.6310014772459 -3.46906138534869 -4.97584899058474 -4.34355008316914 -2.26873693198316 -2.40592875931268 -1.41369750232271 -7.22397467376635 0.159522000377355 -2.00929221163687 -1.48814550554075 1.06828490311612 -5.24646177981267 2.95398330870428 -1.18248727585373 2.62782944471637
0.714598706378643 -4.40420096485962 -3.2635341715875 -5.07718523184197 -2.61789996706994 -2.00151039228259 0.838698210196986 -0.918109000815214 -2.13225302014857 1.32768893285114 1.23750314951709 -1.29372440726014 -9.66445383640581 -1.55121150329136 -8.15061168504035 -1.69435169765471
1.92022852929951 4.4810893699908 2.95862049626925 -0.0927880479334817 3.11599264691248 -1.60393532250814 1.32978553854467 4.80674148451639 8.23251615763676 3.68974450303558 -0.0889460863449603 -1.36383245382788 2.28266718026209 -1.33721865924629 2.34544746604668 0.787900046720395
-6.84101150692948 -2.95215856263189 -1.59176409518438 -6.00194002225068 -6.13962137468401 -5.32583077368215 -4.08546350418528 -3.1543831596447 -2.02737903387198 -4.20919153982272 0.296196235425439 -0.820048212288846 -1.29897200450362 -0.393229756466487 -2.01398786204145 -2.25164901651596
-1.26797036059813 -9.29720578590087 -3.58071885608117 -4.06431947371197 -4.7515271580262 -0.564213856482958 -2.67316042136432 1.6526364194918 -2.22636683901013 -2.75717710474788 -0.347078244711046 -3.83519642704042 -2.23067995775324 -0.0443334080229457 -1.80501613185749 -0.0436522468947773
0.415910543220655 -3.90416076929511 -3.44956525943193 1.5673051446654 -4.24269486989946 -3.8810218875064 0.564746523079409 -3.94482965784231 -1.8502563034763 3.96190846987746 1.48330770029687 -0.234330008980836 -7.06262534169447 0.0649255824966328 -5.83891154474165 4.59408189525923
-1.58500220140962 -4.75056636333198 -6.16615438885102 -3.57778331766364 -2.91182929322041 -6.23997316095675 1.80059671697446 -9.31020469030186 -7.00752339559101 -3.47094267261486 -0.442407211504115 -3.50002932387094 -3.48588626312946 2.93586129096623 -3.01187508396552 -1.74604985609265
-0.319059808289328 4.79800470536859 4.47954722877957 1.79674481148271 3.16652101404635 6.65258522181522 2.01056693471728 6.64740624954959 0.701919403266207 0.521081278587631 -0.977223877866206 2.09225525985538 1.76636284045261 -0.0584683775600603 0.391614196237895 -0.931108796384935
1.73454730702809 4.36136763067647 3.25901332740583 1.74872500161274 1.48019314056627 2.38690907878863 -1.21216751751926 3.41604376083316 7.80121894884005 2.93671680885979 0.82832919539776 -1.5707793994538 2.77521527852844 4.40506029141479 3.84635123706418 4.6801444742006
0.0772396356260312 4.34797672430552 3.90838513693629 3.65499447924135 1.63464828463186 1.51141530870562 -0.903048966898596 3.01259949212092 5.00461895167922 2.9169462625 3.60256734474413 6.57315409511333 7.60755167168477 3.26826050361023 -0.00996411322118007 0.474636052411431
-8.9749181680821 2.56172007621849 -3.67649872235811 -5.68511227331111 -3.47896158461291 -2.05014119156975 -4.55321444712088 -9.31606426110211 -4.66254350659725 0.298418380730972 -2.5729613965264 -1.88581566402399 -2.92194963005367 2.00180350750436 -3.65954110335539 -0.515397279511388
1.06045326410999 0.677522226567315 3.53267098476269 5.38838954540972 5.37708159469307 7.76573681365482 6.85941331497648 9.21235122197528 2.82535068510804 -0.652725558049254 -3.76186916359198 0.448231884929141 4.65761407033645 -2.02995664223148 3.11579652436054 0.586422395167642
-0.334263083024643 -3.89730146703269 -8.55141778648365 -3.7230690221676 -3.29318743177928 -1.49733277389734 -4.32525247516286 -3.70198523483118 0.23665133531393 -0.485092054228937 -2.27521924643987 1.47063858293048 -4.85277399893373 0.138353224854602 -3.39381156582729 3.47204512875861
-7.55379829880792 -4.27224179381154 -2.7608928432238 -3.41412639306175 -5.64198719067003 -0.822643159038685 3.73484158453832 -2.66038289761319 -3.97163235408678 1.40948744630021 -1.81915644722916 -3.41610909757341 -9.19817361344388 0.514855926357605 -3.51752073705517 -0.291423183520023
-2.76580453830415 4.01632027073453 5.22705867803391 -0.419343304181127 3.55906326294064 2.8239971210768 5.86057195331396 1.77084497971996 5.25346977013627 -1.30176513187145 1.01526843515857 2.17802435905797 6.6231279667408 -2.03580785205869 4.83715723074241 -1.93354973829695
3.08985967767963 5.01839798975512 3.3568302487771 4.98023695314274 3.51600540963079 3.71623898153949 2.87594022107291 4.82774975908051 1.33200002469363 0.779266203196276 3.62024578728518 0.829868505673721 -0.113132667195699 0.594897035325613 2.49220444840029 0.536449679802723
2.55630230835479 5.71215098625408 5.63091869146841 0.461182660469221 7.49749003465848 3.20084485726027 3.00383267918608 -2.824179420546 3.54647521452737 2.62117186264107 3.7034090646827 -2.09162071780456 -0.578817681448622 1.9864978631788 -0.468742102646412 0.824186134159971
0.633611342489079 3.92366606830879 2.61660517184714 5.70477455327837 2.5707748737029 4.69877022479014 1.3769377835187 -3.48403149096538 7.60157832654572 0.656072367733154 8.16593554842476 -1.07481543768689 2.16322533538572 0.654554563566575 6.8756821435452 -0.528243531082526
3.56041057286906 4.77273336995605 6.01656196774962 1.82999195899109 7.56972025774605 2.48411168631246 3.95780373441845 7.89637294078271 6.38732780368063 -0.653397568397922 -1.73067252762204 2.51911070819085 -0.780472851115458 0.215483009975319 2.04409959917419 0.736038910033458
-3.58697720312882 -0.957534837218836 -2.03333153655901 1.23760220787847 -4.95207230983268 -3.22473164023834 -1.38357724397083 -0.817122744518047 -2.68040464524492 -3.68852778023479 4.6218907633137 -1.12878608058116 -5.23483501177728 -4.22466682957139 -5.82927974823104 -0.55015857508639
1.27584981430928 3.57617488838295 4.8190655138095 4.04301693539192 4.92922080736688 3.66585315877662 0.352277330715375 -1.71680149425496 2.36425850342845 -0.715474821713192 0.60370366662713 5.89224346413177 2.66356904943793 0.775357972147088 4.17295516754886 0.497269538389256
2.02051044616058 5.30445777385437 4.98057576902583 5.04544516985934 4.08868671670121 2.96356770744381 7.50324049172128 4.77033965087356 4.63587476592694 -1.52841603111833 -0.60071273314855 2.45251659046273 2.75953199068468 -0.725440050761934 3.82129519835905 -0.640476456298578
4.45769012592624 4.27958884152548 5.97294479695461 3.6116787839889 4.76309327494606 0.82563566679179 1.04751439749539 2.53872939648006 3.64877823685291 -0.320638468436497 3.07467582511793 3.15408408649341 4.60818146157303 3.0481059534986 4.37906088012283 1.10465826861093
4.95915815268411 2.16903772267695 3.0380775333683 3.44995153561678 2.95841991390642 2.32680178650492 0.245313620371787 9.1686327278806 7.22719224479592 0.232571533736894 0.311000769360428 0.212838997185475 9.08795990830991 -1.68359152061278 1.90304720829624 1.49012544852694
-2.51652662551002 6.17578424062127 3.41902932268332 2.55305072392389 3.57700265745738 3.60194092036581 -2.307227347369 7.08718547650003 4.94974609560036 4.45953771688576 -2.83555588832633 -0.0406664395114595 2.852789124938 -0.935459688291875 3.35031816349717 3.33076202750228
-0.574130462519977 -2.15729876112121 -6.07468795556554 -1.45490891459001 -6.08878951505735 -1.50243565111778 -3.70524322938034 -2.51154089923911 -4.293219345121 -3.63913883898843 -4.4592668026238 -3.16538206161309 -3.08572002050388 0.174954658496763 -2.88323073813168 -0.239938974218481
-3.77094429694144 -2.53249963327346 -5.05571775610579 -5.22117255991923 -3.60663756803816 -4.75425970049113 0.0119123068840388 -0.628637960835575 1.51643703734948 -2.1195509729384 1.02888515433883 -2.27016548926953 -3.92238738589128 -2.64564144208319 -2.39603230547641 -2.91305068779377
-0.368251610149789 -6.21059923074849 -9.77588519885853 -1.91735879274268 -9.2121647327426 -6.57973144323088 -0.0546715531976194 1.04031526165437 -2.36902364996349 -2.04023233331949 -6.21223157951414 -4.68455734708213 -1.58670642016638 1.942932969214 -4.28422298655808 2.61985255622923
2.18315635400589 3.31352896244568 4.43818104220975 2.52687427270708 1.45355002398429 2.76860721019875 -2.53486772048594 4.12330850302867 2.70640183707671 1.60390438203 -2.70771985716207 -3.98928513588217 4.12096835961214 2.30829206084881 6.27228656221331 1.63788564432829
-3.30064984263029 -3.99069009103872 -4.71737075194971 -0.445604308256405 -9.36907311636383 -0.036006630581682 1.23209021006906 -1.06781798066704 -3.02016423923102 -1.05380588893576 -0.441468655329176 -1.06772273528758 -2.76184958644763 -0.526096821097106 0.24465858957492 -1.57064867808222
1.65896881229962 3.28353120527927 4.60006643750598 4.40035004531823 4.21725152910443 4.45355167406947 1.64010934579728 -1.23049453349679 3.33869615244813 -0.0409462938516598 0.332948923614414 -2.04341114703411 5.57030508168014 0.98555191973067 2.92305617783066 0.240607180538119
-3.93028771417667 -2.32590694837548 0.139296189752725 -2.65173450754201 -1.73157373327888 -2.02990349786087 -1.35676784197351 -0.463606628445178 -5.29353237948885 -1.37852449786769 -2.38945255693039 -2.23845861357145 -3.52467549286637 -2.60984064722079 -3.80602264938621 -2.34935048965399
-1.28762796400266 -5.68375879210277 -6.23433397785644 1.88286967792205 -3.01929035971013 -4.56940496140977 -1.98448995507514 -7.23103278980053 -5.46575213245552 -0.0375426560449947 -4.01364376131286 -3.53149294797937 -3.55747922877532 -0.770830932618444 -2.61898341076262 1.57886808514785
5.20144000837676 4.16569233420806 6.33749405441551 0.550672507848888 3.16369868613003 1.14536473297433 1.30631078662958 3.41260271693598 9.17466737219627 0.262107300859377 3.79180488668323 1.11717912157555 1.95225079019755 0.294216642779683 2.1268143893941 0.872367224399671
0.0575194021036955 2.93981514203646 3.28113148952834 1.19105409075301 3.3160587870835 2.50017101259492 4.02720273938936 1.00414210927095 7.60449567749098 0.431737436594368 -0.698750560024652 0.89562489170986 4.84920566877673 -0.476869583539244 4.82231143855448 0.190321735724298
-0.283382123588945 4.36604261335863 5.36139970578229 2.0240171198937 3.23661657923976 2.02149397891143 5.19644843255535 3.44781637383308 6.36436924867238 -1.04542137896797 0.245733538379331 2.13350440233361 5.04556695659793 -0.776020201433979 3.38163283992501 -0.551496970022641
-1.09441033467199 -5.33849054861196 -3.2123491967884 -1.59900888853336 -1.42673046921087 -1.64056552892402 -5.01260938141785 -3.31420864794728 -9.67971231822885 -1.26652619617258 -1.38901665892959 0.284076588889159 -4.01964922124285 3.52502857792841 -3.05510431031045 -3.41578345013398
4.49337128895897 4.318686066758 4.51548734896738 0.212174164965962 3.46832684186983 5.78803147502038 5.18090027852578 3.56126988105704 4.43618617544882 1.30054570970108 -1.17823397582738 6.00730746463903 4.2869061953313 0.106232981087466 3.12564571524647 -1.92374676360672
3.28554651698907 3.527838709942 2.91515596117839 0.102154712517002 0.199637502234396 1.99476921573234 -3.72809223218454 6.78586419262258 6.79380358826218 1.76597708599048 2.08174976029522 4.1631870517971 4.71731599065598 -1.40491994669106 4.32615006538287 0.743879922214505
-0.198142922375529 -3.42220547199302 -2.85156258421943 -2.00066832205809 -4.73546258632622 -3.19619820450968 0.816967017552791 -8.11116244925461 -3.5748469235759 -2.87885327406446 0.147578798053443 0.911294528648536 -4.39600946315617 4.66969043778775 -3.43766112926642 -1.43458177330918
2.92805973936004 5.72696679372851 4.0852689452576 4.25716981762512 5.23898198903802 3.85118505453749 2.13512984198762 0.128365985473965 3.57805865922186 1.51381839048166 8.08227580890084 2.49202646529729 5.72212367231193 0.508486215411338 7.75174802599062 1.13104941704233
1.09899941059994 3.57613190190565 6.00759323220346 2.05936334007243 3.86461613577185 1.58470299567307 1.75922278919086 4.5177828408921 6.142496260945 2.59510762292611 -4.54898457862466 2.24682831138608 -0.553096329799205 0.14900111897116 2.27055182520175 1.89737088237945
2.13855045648594 2.93417322958691 5.08202633679291 3.95401911712326 5.95632056371401 3.23233154093617 4.04270748508396 -1.00470575913621 -0.636004156420448 1.95428781925245 2.25188107355199 0.404523622165243 1.49762317350949 0.0207747577716123 -0.636783045631079 -0.283666504909062
-6.46802778125345 -3.79128552672036 -6.43346377837595 -0.723979127844006 -3.27190881232687 -3.02996808565596 -4.47648806395715 -2.99212708300778 -0.873935272631208 1.5700238804287 -3.59283777095277 -1.46385974346006 -4.76057470722339 -0.936615361173352 -7.48588273510178 -0.374605452699457
-1.7428761185191 3.12780365228853 3.87177311241578 3.20361977930132 1.8209930929708 4.62625286048386 -1.66644399271283 3.80497554948609 7.84511700488956 -0.782963345572572 -1.60617292474286 0.482301990284461 5.95462637210644 1.10575715321674 5.81032078573772 3.49117275481897
0.420209274518873 3.68373862480529 2.63181112822243 2.57303767060397 4.9834200843481 3.17174840542514 -0.234824560845823 7.12922230529426 3.58293183996919 0.838460109505581 1.19112526899247 4.34798205038085 4.68124070789566 -1.85864021822553 3.47474039223324 0.784805769396589
3.55856760648897 -8.85603139329056 -10.0788994230619 -1.60499389634594 -4.81819657941502 -1.56455814105318 -1.14057244573991 -7.26876511148667 -3.45556735186352 -1.81221072217407 -3.03646662872176 -0.90962973944379 -2.78179304518207 -2.21335022329546 -2.96314749213244 0.560875298418261
-2.97645762462199 -3.58497663397356 -5.60742420062976 -2.96502092297532 -7.80965675614074 -0.279945020941623 5.71627133552552 -2.79206184660435 -8.02012540886658 -0.549210470171196 -2.15827634759485 -2.64062328881798 -2.37146439944417 2.3932579253721 0.00841071399966209 -3.77751306326259
-2.55725697142298 -1.7629613246604 -6.75999288947454 -3.33503311805341 -7.0802434794637 -6.45889665114808 -1.11586535985005 -0.0320645095090155 -2.32566916415819 -4.20255283381961 0.483836926668152 -0.419856427674473 -5.1578379091251 -1.10543998818008 -2.7519783364681 -5.37890768809323
0.0401249791679645 -4.55337640899162 -5.48366227120868 -3.62317910993389 -4.09437380110802 -2.9153505882626 -6.82781624708272 -3.72025059829107 -1.43822533883241 -2.07354311811467 -2.19990684400804 1.54807052895692 -5.97941369618057 1.19427158695988 -10.1629340934654 0.31177926470931
-2.50116030138008 -4.00239854344499 -4.96481396354708 -1.22965239526167 -3.89139360494571 -4.43015839801476 -3.60369126854975 -5.76591689578257 -2.50993064957664 -1.51336246033848 0.0906049666401822 -1.93318915222401 1.44666536813286 -1.32363517316326 -0.854904341127178 -5.13234662864255
-2.56088989398839 -6.7415937253725 -5.0551978805631 4.8481817320107 -9.0516281041645 -3.12136802389325 1.16513287848911 -1.12927654754803 -4.86250252490474 1.87270630780287 0.878720166125073 -0.312346729126661 -7.54414187450423 -1.41914373655592 -1.00233130097496 0.96019076242223
-1.64198682833559 -0.101675321859422 -5.37737428812201 -0.983511743424689 -4.77461685173109 -3.7819856445667 -2.51686020778825 -6.70872259498132 -6.46559184448568 2.96619035710901 -1.68830876033408 2.47479364171833 -5.6310350093669 0.970114456141868 -2.0980568799122 -0.607789606325652
3.94109728655013 4.38966972799391 3.69384436957472 2.93324077548146 1.06258052998128 2.0146307975387 4.76228079975267 -0.644365584312657 5.29336648797149 -1.37837116003549 3.08785148242371 3.62662385247773 3.9554428443847 0.550191835455045 3.57580241243171 -2.26886929783474
1.80046191052298 4.5493502797701 4.50545361576292 0.443793568539587 1.47358559832292 0.336117060851651 1.08838999678694 4.16540088085845 1.26488614869012 4.05619538909772 6.75946868453303 -7.76443831180691 3.0398184018501 -0.0600620189808725 3.53438799357164 3.55901037985325
0.674873893292715 -6.02241392460117 -7.25062836823858 -2.48766082760571 -4.34550571507088 -7.16274985024401 -3.31604988826561 -0.0858910029832995 -4.58546900479826 -6.86458753310404 -4.98523544640348 -3.08357918701955 -7.18329065316818 -4.3891884891698 -4.88914121764958 -1.50834329753129
3.36839763705187 2.06272802223963 3.16911387875367 1.83153786838668 4.27882070436601 3.0229988368201 3.15503232724442 3.77345500106338 3.45296618933294 1.80301559502865 -3.31172065539256 4.44675502661812 -0.827733333314102 -0.628121060174238 3.74813112422483 0.174032377076705
-4.23575798552918 3.864339900179 4.9752199537762 2.56662346792034 2.52584226277356 5.24082141099596 -3.8113412465296 2.30593486913051 2.24938064868416 4.72150452986619 -6.18109346380479 -0.138266349823063 3.00082203787632 -0.0461948665590675 4.71816327893041 1.51865635580427
-3.14723370570711 -4.03674785914978 -3.06254073880631 -3.4419230195795 -5.20713032792129 -3.86848580146848 1.12189388634346 -7.57270868068648 -5.07460996032331 -0.364622696794129 2.58064753532267 -0.343430014947419 -4.66734845382224 -0.0371979488700643 -2.36973746579882 -1.44836083202873
1.10782715150514 -2.47609764290417 -3.01815590077899 0.00798785439412342 -4.83957368933963 -1.9265232703298 -0.170903951329647 -6.39745346901466 -9.23674361750871 -3.6110583728022 3.60624740489095 0.422684831837748 -6.2648028746967 -1.29066802294934 -7.0078269686778 1.80342354087265
-0.519134029802164 -1.15077692017303 -6.17659689255052 1.34588569977531 -1.2540369969536 -1.79565102771513 -2.26164714041019 -2.19809929419154 -7.88973067880049 -2.54148630973385 -0.068322924309477 -5.4160889165585 -1.88722716938177 -2.92386791210357 2.32342642671791 0.12473311329275
-0.163565807265736 5.67675099192663 3.52383014463584 3.33279644453919 1.13282539500247 3.01803874552659 0.997604740480818 -2.35487552070023 1.65469507866908 1.32761323954573 5.31912078803854 4.36813720117588 5.93849768193857 -2.14807539841242 4.5178518276562 1.43895184373371
1.47558685480343 2.73080948907196 3.77294946514698 2.53863411512674 3.00883671757021 0.0642350112582144 -1.40535468280574 3.70831901313905 7.65668411061586 0.991529181425311 2.60706638273674 3.96155252438656 6.00325577548255 -1.03675194298989 5.94497820052194 0.731273837678755
1.92954026024266 -1.73750347329946 -4.04238154774515 -4.16267425951592 -7.201949335467 -3.94041921862254 -1.89376389290659 -3.13309698012155 1.33584137408924 -1.23474151195684 -6.4083350115237 -1.7510771240447 -4.82092609959241 -5.34097156047189 -4.4118153469018 1.33254582004103
-2.99917954845132 -6.42718451598625 -0.620645899660615 2.42397761309245 -4.64807335287083 -2.71871711481618 -7.27555358106267 -4.75348212631931 0.0201431615641146 1.54443970499266 -3.4964752860454 1.40872825090435 -4.3350515161879 0.790623243751469 0.32459659115825 -1.16009655650113
2.19329581677645 3.5510438197503 3.42140511375591 1.00350211926842 5.23478629714589 2.67945244134367 2.19580834773288 2.01734783079714 1.28564440054515 1.32099638813823 2.36803760575033 -0.193180829367569 6.8435583572425 -0.0222596637423119 2.03025480610301 -0.311280881360653
3.59912052790792 -4.39569472423057 -0.95509806837581 -2.99107259364433 -3.35507736573283 -4.90833435316061 -4.11361005457886 -1.84461427237306 -5.69030258824605 -3.44929611702336 -1.52241606508444 1.37915209308298 -3.68890768529538 1.96292699341175 1.79649917245133 -2.50373345826268
1.51646371279025 4.8750889758454 3.16140215598159 4.71253411762407 5.01791588078377 1.46716870770372 -1.29150887650867 10.5712326239649 5.88905702506543 0.527414088875836 1.85419654395833 2.50510446951338 1.15464539942847 -0.629286770414339 1.29033531767019 1.45133617575301
2.9250965997433 3.72667290528786 5.19376377974911 1.51723446960156 2.48797389226247 1.84117227755007 -1.15080325599545 7.00965649539112 1.31871963414897 -0.477156224984882 1.0795483960688 -1.39696807026758 3.88665646388985 0.780009246352335 4.34625297720015 0.459081481408822
-0.357317010105499 2.53537995506382 6.18160471427409 5.97895064516532 2.34579730479058 6.88429064642688 6.25444523356502 0.468105116463025 5.57800243699098 0.352530560294413 2.37427322166533 1.43855682744404 5.90472901524932 -1.37972375343456 4.12147978077785 -3.27188419897612
6.2426490870379 4.16157556552203 2.80500491098095 4.32079781682765 5.04165758437107 3.63926632973526 -0.783838085968485 7.54788051489616 3.37767616752469 4.48550713992649 3.63205895386362 -1.4800517034677 7.65213668199704 0.243625101801693 0.149782986577797 0.147151210500208
0.928104577744401 -7.13289543997654 -6.31232726167044 -5.85404003271489 -3.00757017293836 0.0677106225373167 -3.19381206172721 -5.10464845559794 0.328675487062056 0.61654341527922 -2.17950045245075 -0.0374235591121861 -0.893274999427864 -1.41074556471922 -1.90596204822901 -2.029204551492
4.16199319630441 4.32260808300229 5.13532008852105 -3.12331986490693 4.3489282870968 2.63647793805146 -1.10839684880695 5.02367134388294 8.70952720672709 1.58542515730541 1.24783747160746 1.03486789683502 -0.471258982539429 2.0347788860205 4.01020238010651 1.65643582479866
-1.7493121415211 -5.72510802536048 1.16059111585542 5.23786112228208 1.70984811093838 -3.8573132962829 -0.446328764156364 -11.5664158313084 -3.5873021750782 1.82538366114162 -0.432908268427175 -2.80348574208737 -6.17822074022252 2.25583997420501 -1.40104245065474 -1.47233608804112
0.911324080799704 2.92640464515847 5.910673335976 2.45038900967448 3.22415606793927 5.75601471277185 1.31250008976913 4.46665715625444 3.15441616898272 0.883055595524393 5.99050089507863 5.39535270785036 -0.22888573762337 -0.203587527515923 6.06749468638294 2.97700412331357
-5.8740116029234 -8.32557252262378 -4.00847035665183 -1.06552094837091 -4.06269925933286 -3.34652401316804 -6.43468509741444 -6.32273173983767 -4.550076008949 0.681877595464746 -0.0241500607808298 1.68792266920367 -3.67157873581267 1.7670765328801 -1.25788792457064 0.822505535507406
1.80059692731387 2.68003466771385 2.88455609800048 0.477649639027071 2.91251854316956 2.57272999446252 2.83690599046468 3.83676327289059 2.77412325486508 1.11092003490848 2.60311336549174 -0.960152425391966 -0.219898599955044 2.22494437120351 2.38222483750959 1.715379082345
5.44904237774623 5.9791522288849 3.67751699483284 1.56528831642064 1.9761832596533 3.28995290214924 0.632285137854818 0.0548917228176626 2.56209965123024 3.0602221813977 -0.157734747070689 0.430177754950064 0.212979595234121 2.70550258580981 1.68209244350137 2.56667620023572
0.665577487667843 -4.03112494288699 -7.50064264810282 -4.31669072642358 -4.10727057141148 -3.66892270298004 -0.0148967217507738 -3.97664076648903 -6.04648256498581 2.25976089544026 -0.836093681472154 0.695329639788575 -1.03304413074677 -2.33298075561919 -0.959903430016479 -1.73642370854424
0.0336977544047083 -5.19694562240348 -7.00116625068978 1.02359511090666 -4.3319768364903 -6.04740891553397 1.76153492214854 -7.54681586292183 -8.1565334009751 0.763012254871807 -1.28792334026166 1.48607970873196 -4.19102836747175 -0.751758975114678 -1.86177310181982 -3.44330115339095
-1.45178491914041 -2.33392356808453 -1.02242100359423 -1.19817542620679 -6.43327570449781 -8.44111630471734 3.0862808667368 -0.653905349058565 -6.66556403476737 -1.104519076737 -4.0048203675919 -2.03081986210817 -3.76990036571544 -5.02745989220412 -1.12502708867505 -1.95523498037852
3.51441892662546 3.56344351909987 3.97543666062345 2.45081420606778 5.4735931830342 2.01601046584516 3.35426370051619 -0.204317154512108 1.16591991030523 3.23719660691234 3.35950400896276 7.02779121487795 3.5615224732146 1.59136331578557 1.25703438294664 1.5816803817454
0.926948436142434 4.9481034311154 2.94631973842261 4.26547699236158 6.05245765148233 5.69179002924037 -1.33205295899496 6.65478920357244 8.05099955720458 2.2936756002844 7.25045775571958 1.52563854815523 5.65780010503501 0.480266603208035 0.401460895868591 -1.67211281296387
4.57294402943403 5.01167702338917 4.4195969736064 2.57719894267601 6.83113307447363 5.74353879581668 -2.21948438557398 3.24996130736533 10.4829498540394 2.33910925555436 -1.06346765360521 2.47575726668395 6.24587003964401 0.964190942514664 0.197919373609616 -0.581089747117517
-1.65078568465028 -7.80335325539714 -1.15633009402832 -3.64151121222756 -0.90003407938135 -1.2940107946019 -1.20596582160283 -6.98771644509456 -5.55723480925043 -1.41087677567356 -4.55198731373629 -1.70360528685737 -6.99527045534973 5.841943064495 0.936563424710375 -2.3162488130406
2.52651350342792 2.9032585159596 2.64859018540885 4.16966393771454 6.089275561828 -0.0503532664218618 4.83276211633614 1.07374627837755 7.09428638304977 -0.852494072118397 -2.76737779199008 1.25328651989933 2.0136732578234 -1.01860361773232 5.57743111983065 -0.466924597958472
0.278443524245351 4.64393667260913 5.63864560919815 5.24278043073127 4.19659216793786 3.62316878058826 -2.3502429239299 2.79751170684822 2.4481881374819 1.46058204575608 0.760504846234158 2.88819054141299 2.31643613349204 -1.06719244107937 -0.713476910530529 1.63272498513215
-2.13361052060819 -2.08755582224441 -5.74705407352718 -1.77266221369086 -6.57631942343521 -5.98704613112169 -1.93350238692956 -6.09209562831917 -1.66509325886344 2.58004930288433 -4.30826077330573 -1.52643529415185 -3.75188657510492 -1.61212778016601 -2.1026275246543 -1.11968682377189
0.803897305245328 -2.2606051392495 -1.87168828656116 2.1168278768894 0.761496455613565 -2.8675781009921 -3.02561263404482 -4.7925348608816 -6.39450397482904 1.69043473976468 -0.911612954504122 1.57317082661895 -1.95720240820186 0.224967388229214 -3.33968998287748 0.36170907361222
-2.30407071551322 -1.11054402347175 -1.61488777553602 0.251159122648592 -0.879245650028143 -5.09476825821396 -2.32085492811912 0.660900276947174 -6.51576481914711 -1.64992776084245 -2.59294949051626 -1.70778066012519 -3.01910217570427 1.82468729195057 -3.49562984487203 -0.35771557940026
-6.40010393122791 -4.05677796394873 -0.271899319353681 -3.49636033580397 -4.04157526571193 1.53538305468893 1.7419899648234 -3.83283612125967 -4.31902255623627 3.81043098312354 4.4851261385473 -3.91700449154582 0.829249948350618 -1.74078855247837 -1.04614198256695 0.0677774090285297
0.936861070492269 4.35149516081477 1.87289282854862 2.1243497571477 2.08973915295945 3.1161006898895 2.71054750223926 4.14761567908896 1.22430888611005 -2.5419195060527 0.655928631499276 -1.03727227374702 1.85159022362729 -0.287283992896545 -0.0900823779675592 -1.18466130189483
-8.0956696137518 -8.05394856274296 -4.92550776358081 1.37451451350456 -0.435995044999453 -6.73953067513758 -4.63668319411713 -0.958792714086171 -2.15339967048821 -2.79477965651957 -4.73802438011109 1.75986394487012 0.45405721343144 -0.20005494672256 -4.61075186667193 -0.969081153069764
0.407737078941386 3.29791520173312 4.9301935764776 0.868864004283105 4.53492470888624 2.07325027763147 1.58407720732645 -0.366942324443808 2.1236358931515 2.27436783270336 5.99197855082843 -5.67066534540434 5.36666834686281 2.00279488859628 2.14154709634289 1.63332017126991
-1.58677558181336 -5.0941060557304 -4.83804718165953 -2.07097107773939 -6.7310480289262 -4.9731616595203 -1.30196024473577 -3.45788512873522 -2.37369936847744 -0.492234249129548 -5.43571233257171 0.247670949917427 -2.63777716971732 -0.55169397445228 -5.46129327812914 0.0590039036023569
-0.574082316120524 2.82027242431709 4.34144909446021 4.39847883179947 1.92339743603411 1.24227363453949 -0.93314753590895 6.92467625732013 -1.67919243195824 1.15940902857691 1.05256819235718 0.739506810943936 4.39127066088832 1.87152339340366 4.90800192986783 2.70632519004232
-0.134880393119859 -3.05010123141198 -5.61870678820796 -3.76164747446524 -3.49126904452519 -3.38127783969987 -1.185247756444 -4.90539396268862 -2.36791761916908 -2.64525030525583 -3.50842168998384 -3.5629947016772 -4.06096239382151 -0.833261279733127 -0.720144108128981 -4.37678390599218
-2.7475821762732 -4.88066825319255 -2.91549990466111 -0.696093079465176 -2.90753869716429 -5.39272431270664 1.55604549574234 -3.28529463252134 -9.92026852383296 0.131043747323724 2.10747923574951 -2.65568636949112 -4.41487649849197 3.43862363281031 -5.36626062250324 0.32902554364602
-3.16138568336152 4.08273897270882 5.01587252040167 2.91326395196514 3.73289452275208 3.57184612644382 2.47442900866217 0.479649906657016 -4.56127817021626 2.61714680170986 0.225530798141569 -2.49849325514416 -0.937150423356151 -1.39550346185964 9.18104202105921 -0.699764983702506
-4.7423887243692 2.57594548244639 3.83175467071811 4.09031243640953 1.38092611454657 2.46857915837371 5.81812374648798 -6.471952833547 -3.15227058892033 1.27468380112773 3.27682007093852 3.49694223650381 3.5985185630814 -0.200491510098504 1.74724527850656 0.302013600120681
3.42012181871417 6.29632624576207 4.20166285250311 3.90879984101756 3.23724247959907 3.11453071194231 0.838912083781619 6.096304585015 2.52049182384089 2.20668616741427 5.08630684822584 5.31858587919255 7.43330487641266 0.481460980446089 2.34993680064317 1.78910053836239
1.52751872181813 -3.70138154103432 -3.96639142615417 -1.37866398149593 -3.74385880927796 0.696727378922632 1.11351208868746 -5.63083051252974 -5.4634674836507 2.21460462219991 -0.140669184767723 -2.43660565669975 -4.80482406033869 1.57520880531906 -4.32768631886788 -0.830343057153263
0.335725461522031 4.95609469484989 3.69422371147364 1.90876814573325 3.61427918664801 0.751319504229381 3.05132075506682 0.620384430736144 6.00695440837137 4.22770774093746 1.04468533267485 1.04867130051082 0.92594253210106 -0.300693758345314 4.38507091918634 1.19141322740676
-1.54026861945264 -5.71146210950436 -4.0536625023331 -2.2523246556011 -5.4678122301567 -2.13777195333199 -4.14100747324443 -7.16765411688921 -9.14755774146015 -1.89641881841926 0.597377321617974 1.79499149298384 -9.28136880999925 0.293208565967866 -4.24293167419466 -1.71023619876226
-1.69321659258953 3.66686000035276 3.64864737300858 -0.390030766072214 2.31130983840383 -0.484783691533254 1.21551816336446 5.42345915410919 2.32759579258468 2.17235691691174 -2.01077646348938 3.21447592814616 0.281199227850575 1.43956433381683 0.505263076910399 2.68860589316744
-0.496345792116777 -6.7990774827661 -5.04522643808555 -2.07955758278758 -4.1909000025039 -4.72460857386593 -5.35717137521699 1.56311314252631 -4.21325631975839 -2.60808816266543 0.182751918776245 -1.23593294379324 2.94423260420978 -1.55746714674362 -3.51994426177328 -2.4512149869616
5.10102214875975 2.06451708585318 4.81976784505257 -3.83299167040221 1.57218625345243 0.482913402711038 1.95244395775309 0.736529303136963 5.62951823817343 2.67494665818374 -0.105370688326915 4.12809996012832 3.99713086665044 0.940951326864593 5.49372661524251 2.46327823413554
-3.93877304148232 -4.29009053653131 -2.1550654490184 -3.91595843528955 -2.84169212102686 -4.5200450587307 2.18138323284402 -2.56677249497075 -6.96635355591243 -2.07854985851211 1.10063477493334 -1.08576627245052 -5.77760126171117 2.87012570947399 0.0985460089887207 0.0789774821662325
1.11016140315147 4.0201730543568 2.32846953317176 5.98032428700468 4.82926197822974 2.13701558141656 0.743768160729664 8.87041717616266 3.58752278996298 1.99813585938774 -5.70536646466813 2.84472877120016 2.70409871452318 0.288861922691168 4.80558278762527 -1.44170674328546
4.8977581629706 5.34151013882763 2.94357114304199 1.79230661663901 3.63853165843794 2.3925250715649 3.75734222406139 4.15523936656936 10.3374527083704 1.03043635244972 0.719845594445904 9.84802275099493 2.74262347339359 1.09663178945198 2.32156239778226 -1.58856694180695
0.610868284581412 -4.42092096999585 -1.13226862442361 -3.82295439634261 -1.19508256845033 -3.68207353295586 -4.57425594019757 -3.4833238764563 -6.59541044704112 -0.277332000456157 -1.84594710207898 -0.334068682122283 -2.68690507488118 1.75959659296163 -2.2952302917729 -0.80790199600205
-0.816058472255528 -4.1852781003265 -5.47803852929838 0.222615654421097 -7.71874692508433 -2.00980523435282 -2.89947295187484 -5.11209194355776 -5.1891498393146 1.59630607818355 -2.94753456119195 -1.53546712982906 -8.83968543406288 0.560719010616325 -2.42374646585329 -1.06126768582076
-1.69695504342557 4.27680262832038 1.90803741268048 3.72111234708901 3.91151164397568 2.22676462498252 -0.697290144556608 -0.549084030692471 9.00904619650037 1.50896767024564 -2.87812635344573 1.72838479924994 3.44617850431285 0.45415684935679 8.55031812557358 1.91413293226131
-5.62213253769079 -6.02140273785385 -6.36843585600273 -5.74519963872213 -4.7258206234093 -5.27229223434351 -2.15070574014599 -2.38527350385457 -2.5249635214433 0.122429905628834 -1.64540841661001 -4.09600432360272 -3.38295573434384 2.03559509145497 -3.75770456887104 -2.19767560976169
-5.28614537204084 -4.64059731709772 -6.46190906985207 0.473448774560433 -5.80853434921157 -2.81522577933264 -1.80121412002499 -0.946514575757436 -0.511500918836156 -2.79404610534407 -1.02587621651334 -1.14636431321325 -2.74571268671954 0.394841437588649 -2.71224656189103 -4.19437713892014
-2.11348637329315 5.49112431805143 5.9681761952046 3.00175029759708 2.64187933617706 2.36156039722735 -1.49833446064876 3.97805891882531 7.7158325625911 1.91327068565066 3.66718462936439 4.67290077334019 3.13007594890346 -1.26722924709197 4.26603306431738 -0.0543545033193769
-3.32716195388492 -0.908662475181727 -5.36382905110514 -3.0748958174177 -2.86749830169505 -0.417530842431054 -2.78811438444272 -8.65989480296821 -5.04965983678266 -1.50797158206816 -0.0156643970201844 -3.55372824148004 -1.1231825404413 0.876758003816015 -4.30588843763123 -2.5621350725712
3.61455953647608 6.48699863405958 5.57801390307779 3.44557268240959 2.28105628119277 0.891699325136719 -2.33980618318304 1.14411035208165 3.19603469561468 1.38574270273598 -3.6817657806897 4.70288058493466 6.75399448832935 1.08818422779467 -2.49924544169076 0.717469021058751
-4.42146339028147 2.91450312604147 4.16267739352824 1.93803831350966 2.27815857385473 3.91369217211472 -1.79152163858361 3.79551159605777 1.35954168995863 2.62742618196395 0.581154368330933 -6.04227881055762 4.2675064653606 1.23016097444829 4.58614965138274 1.98787377025237
-5.51744758709641 -3.20651202405672 -5.37136174725622 -2.78449144652086 -8.42947525903967 3.24732487131645 -0.11679024061413 -4.90265676796984 -1.92753210770357 -3.98805158282327 0.172405402169008 1.27283802419303 -6.67591334400074 1.84839187319054 -5.07213626457499 -2.70403157909235
4.50185756503503 3.39134588693139 4.61253037731088 5.07180990729182 5.82921698202184 3.92984759771899 3.36552381823945 7.51629751543374 4.38411403302145 -1.26448115541062 4.25883441119122 0.595275163004248 4.56695372013065 0.165048666108667 0.802326832071586 -0.843440842300809
0.36071380973986 2.79192840648038 5.6121059501224 -0.495298878757987 3.43858213750996 2.46182243289511 7.3918819119519 2.5898508269524 2.55766889735893 0.453861978835018 2.88991896535753 -1.03745792559394 3.64544990536055 0.79759273495044 4.37810418992191 -2.10032193197472
-1.93132812190904 -6.12725768908459 -2.53438311762507 0.294300026398993 -3.25757580246654 -2.85479028710705 -0.220980558690461 -4.87682188598444 -5.8363688979142 -2.75637610633724 1.91172659658654 -0.698834942419361 -3.02624285342726 -3.30741598022846 -0.258060373830309 -0.613240150293401
4.74578089572463 -4.96965725366779 -2.16975447215981 -2.31103799379949 -6.13012397454766 -3.97087209597677 1.60858858963688 -6.06921824181247 -2.54249445310408 -3.41838671691276 -3.09556598927396 -0.904466923829012 -5.70639584214399 2.44556215822331 -0.985454701195456 -0.913191777584084
-0.866922791685123 3.07947558694909 3.36534093206394 -1.61381405000332 4.23103456283619 3.34555202890204 2.851273450479 2.85261513546651 1.39182580552072 -0.0504956200446744 4.37656938460823 -4.73106881709593 2.67480107993854 1.68193436057621 6.98093455389508 0.455358469509042
5.24227302592622 2.28949692787499 5.14978299093543 4.34096916319073 4.76019901358141 4.35404285491839 2.74905816775176 4.76996254435786 2.5718541396015 -0.974144702022882 1.88661210854455 4.86066123403857 7.37733410934884 1.41996891377291 4.46211956850342 0.0596200848393967
-1.99980423335348 -6.81924152636313 -4.08508633832334 0.87756748127732 -3.09381408493851 -5.91979145473049 2.70016650845227 -3.06921696376104 -1.48862320581599 0.40590852247836 -2.93430042483514 0.535367351233921 -2.56097492590292 2.73110944770091 -5.0421629512931 -6.19739310463575
-0.382831240678588 3.3058143557353 4.82085843478803 2.43110534721472 4.07010700878694 3.92134556359328 4.31401514732485 5.68732733078732 2.46461868986717 1.05948782141283 3.19685030874172 -1.68030852377932 4.39603916521489 -0.0950554082095771 -1.79993508979414 -0.0314148379889554
0.134551375512139 5.95433091006978 1.88131204741942 6.56326484758236 5.07006150784689 -0.428460643834573 4.33906292783596 2.8667824143971 3.87598415990942 -1.16481518762794 -3.42393589830463 6.61043549772626 1.73939797866054 -0.249972982457161 2.06409377047179 -1.88361808446197
1.00504022099728 3.38484306157878 3.49087922628569 0.387434591406907 2.21984358491209 -0.0905045882859805 -0.302065211120557 5.43305892012723 3.92932316142863 -0.0231621066726984 2.46895257178284 -5.2638903086876 6.09155459341507 2.05453468775395 4.74707958884326 2.04533525098949
-2.59005928551158 -4.22096482523366 -3.99007109622571 -2.13881147132547 -3.81942164594135 -3.63640391113196 -5.60506723096524 -5.29608058882156 -4.86381595542104 -1.7790147148167 -4.75069933823222 -0.918020074477841 -3.70682923265665 -2.45171594322463 -6.51803330272303 -4.30325406824933
3.61208101384809 2.43519390970274 6.69265128557062 1.97437967587559 2.49133771164803 5.22348539865014 4.03229953478758 3.92045480917144 6.51282905373396 0.655419730157802 2.65650358541532 1.00209730333552 6.27012563723286 -0.790442817728276 1.40341656557333 -1.88423241293377
1.08837056423449 6.44725290303772 4.91589823883322 4.17525738586775 5.2118733631527 5.28501940292949 1.90588071152839 5.47491099168415 0.209139859409942 -0.83001550253636 6.96661940134258 1.92560243226017 0.673549686170496 0.621993442995496 9.72192732909898 0.329179436464333
1.93010054155401 4.26248083146601 3.04304762962412 5.43565794145984 4.16799555487259 3.42843805728284 2.25212057448491 1.42053138650174 2.96223659239598 0.633226282925743 4.53526084779902 1.5854733126986 4.09688601207205 -0.131260805828681 1.87459714145804 0.261322007607369
2.56821492118884 4.10349301430376 4.37266059170979 2.66622687527836 4.28351464096581 3.11673061266049 2.58935908421225 9.02156563107009 3.645436001576 1.18801372663699 2.826342875727 -4.44279490486823 2.99227416558613 2.05019395123781 0.754200840931044 -1.13768504898859
1.5670668737203 4.19362332657465 4.14337109015153 0.0426071417224945 4.28984518633924 1.09642207915703 1.41031693952287 5.60267040276571 3.72118078715 2.14599373044779 8.40815100623692 1.16312230258944 1.63124032375608 0.238180195500077 2.20592463435779 0.391925105650406
-0.198815500688667 -4.74854058813492 -5.32369067866719 -3.24118282150971 -3.56307742127725 -5.36196939602534 -2.97096923571998 -2.15507557833034 -6.91798887568129 -1.06331445413976 -0.70650864611027 1.70654749392409 -5.21890882439116 -0.984640539212385 -4.83612212711685 2.49645644723371
-6.76551600703066 -2.17326612458639 -5.7791126199217 -4.30093205863725 -5.28560725750314 0.499470450094252 -2.22056535088297 2.32274036736002 -6.069728543824 -1.58487891574116 0.580917315356115 -3.48940511295318 -1.83823658994507 4.62863390137906 -3.50123788746978 -1.28907063276796
-2.69068298491976 3.57687619216846 5.60827118479547 2.97627512737034 2.46081022641791 4.85478112446038 4.36655050719114 -4.95436239441936 3.88635409787032 2.19678746377836 1.03629383600876 -1.28509690593597 1.45435349914101 -1.01670680568076 2.18993301978277 -0.489391596824485
-0.955854630697703 -4.34824244149781 -6.86737301415558 -4.30739741170116 -5.01436992993952 -5.60121093492281 -3.91140096565351 -4.54967722050283 -5.16279177137416 -0.662259496896463 -1.75160377601021 -0.172560840830017 -4.21473617922925 0.907746062186942 -2.65224462685047 -0.798656074556868
3.40472174564358 3.37283817673649 5.00595965751443 2.88217190316789 2.99539596140458 1.59027811246916 1.23067154380516 -0.726806674470478 5.73376549638789 3.1392409127171 1.57343117793732 -0.194604419999393 7.3018810509191 -1.34933030262756 5.62591809477699 1.20713650021141
3.06607632114089 4.70259413893155 6.30852901959456 4.95331047899913 4.93395668152026 6.01951836046665 0.444685553355651 5.42969523915416 -0.836877355565792 3.91904471295146 5.7148890152874 1.51503097039656 2.27827595391268 2.0894917515425 4.84866473275097 2.31115687376179
1.98652973002791 3.85947001024884 2.91896742203721 0.153111279183291 2.19022761909129 3.03617770265894 2.10754792134481 3.97438235898921 2.71095288919505 3.6373197235961 -0.637402640063055 2.02844873985283 -1.88889056283379 1.21438130761659 4.72727335839955 0.673807563834658
3.20413221421515 4.67321760366713 4.49867063828774 1.8459298007416 5.00122510627948 3.62970370194577 2.66806953586289 5.05712967861764 2.14949407012556 1.42100978632291 6.95434568003109 -0.559365550170557 4.61713311629177 0.803195613417181 4.05526672990773 -0.882995009102664
2.94680232444738 3.72501391009175 4.61202691961041 4.06268002902527 2.27660710977214 3.35031763887482 -0.704971445772979 5.46799863209962 3.2503206452346 2.41089328601385 5.18188248720635 2.97363676635988 4.50620158383607 1.75732520050551 -0.358922500729984 2.86432432372633
-0.330578733782407 5.5250619919674 3.62903289450322 1.74516489857548 4.1860975177936 8.10882111861519 2.57334649183118 -0.168291318934525 -2.51023490739518 1.79170273325833 4.29128577469544 1.76459037518773 3.48083181041423 0.372131844694156 -0.676789985282815 1.62366110702554
-1.59639917911801 -3.60595927874814 -4.70828749171267 -0.61857409279848 -2.39176865659604 -5.87338603873026 -4.34629234791255 -3.68012306121 2.95017237104935 0.841143486290458 -4.6796022898715 -2.02747236422402 0.386518581987457 1.20906169688894 -1.79208284919418 -1.93876848983018
-0.682104088607334 -6.18996693958015 -1.5443480854601 -1.69949442735979 -2.56681196935118 -8.71564557843683 -3.13617986166738 -1.0392206330037 -4.56922020251727 -0.926957048745455 -0.24149882462253 2.27713180537408 -6.94666956002783 1.60998002451127 -5.56775871723989 -2.01025160443537
5.24110394921593 5.89199029288247 3.36176805707854 2.93712251171715 2.77702609364692 1.51414070486632 0.913890203871132 2.73084450998 0.458840209424979 -0.129240045498606 5.33469786015943 -1.6325109171677 2.50284127519709 3.40753180868895 4.18166210345757 0.936331010256364
4.77277394152886 3.10107618872563 4.55843885720589 4.21586701262988 4.10597913444621 6.97342510509762 2.31123960835517 4.53050937812133 6.32131115264404 -1.32894849803058 -0.921244682425987 6.57797861984744 6.04941926948857 0.620789100804104 2.64945195500502 -0.388534960343558
3.70259491192372 4.54985118096545 2.79156231396393 2.93314680288229 4.8058914906906 2.08129125414294 1.47385617536275 3.18595693211317 5.8442710763652 0.791014048121692 3.31378977466995 2.94590448244577 6.98364410619348 1.24687793274602 1.42094636349937 0.165327595506965
-2.7861362479637 -3.78459627226855 -6.00185780896793 -0.91535173070356 -5.54092408489034 -6.62604229961074 0.708432673572184 -2.70380161898204 -3.9887127416475 0.414670540132725 -1.94212211307765 -1.10853983443477 -3.30411212119931 0.10249461269081 -2.23359356030563 0.920266863196441
0.14907607642153 -2.80222138165969 -3.8329814255635 -1.76468668161163 -5.06616155579012 -0.537595915977209 2.83838002655703 -10.2003844773997 1.84077074089734 -1.69227106419236 1.36617920208936 -4.11004126543222 -3.97971265128356 -0.312860223858065 3.02900894156602 -4.12682255677379
-1.8246801834113 -5.42462710348499 -1.54242787582027 -4.53950631499488 -4.67184075756079 -11.0237683213907 1.53551673785341 -6.38484572808235 -3.38815555155119 -3.51585128379211 -3.90906163417324 -0.230721655464933 -4.54657354629264 0.0367774774219775 -3.74378075410048 -0.544483467969581
1.93601689727472 2.773639111158 5.51809106832437 2.99142900464531 3.87385856864753 6.36565638487943 2.70404592290122 1.37565783131843 3.32430736646001 -0.827632464960141 5.11744249742776 0.387856211904389 8.00457643753266 -1.94274607169343 0.941218431387774 1.23283179511538
-0.0381928784984256 -2.34117804672429 -1.6368248172956 -1.0661352775981 -3.57614396890181 -0.21201504055515 -1.56091883441079 -10.1427131509566 -5.29489683022972 -2.13345503581472 -5.14701653301979 -4.38265902997647 -0.827997262698937 -3.13623540534946 -1.17419555012141 2.05250062715267
1.58088882437601 3.32729955484389 5.92846529841976 0.318766581257544 4.7590766171991 2.46997682042223 2.42285574028172 -1.34297874645835 5.09016309381484 2.84401257062846 5.77116925095137 1.23326405967602 4.69638728624235 -0.107598606840247 3.37366558878509 1.85976110806963
1.06675354010194 -4.316077945896 -6.38167466436311 -2.57003999394543 -5.24444618077556 -3.44282439697452 -0.51863447686735 -2.84249963747695 -1.68496791279653 1.76276760794064 -1.91921719880797 -1.82845541156753 0.643144148499613 -0.133317934029544 -7.53888069241801 -2.09386303614569
0.0615086078283766 3.27757626325372 4.73157192256092 4.92266677861553 4.94893461847933 3.39098437423479 5.14340594903931 5.56734902903633 1.19480630282132 0.998506132624457 3.73766959206829 0.111805951434583 0.0815520467949571 -1.42699775606369 3.42125140144928 -0.620322870974743
3.23663605738009 4.29702239121624 5.50984289008662 2.63848211168843 3.22051799152796 3.23638172711703 -0.155735454958978 0.667437517581385 3.28290931702991 -0.676720433480505 3.65373958030591 0.586952622639979 12.0539497445298 0.406043277232507 6.71050079197606 2.31594683995864
3.69640209255656 3.13821902110325 4.86846632972992 2.03291094090515 4.07061901510536 6.83669092158701 1.82659622581707 1.80701890575507 4.4280741436469 -0.843052540376021 -3.38112379578522 -0.36725355089841 4.07465293670475 -0.602623713561684 3.62376257025719 -1.20173238707922
3.02174520445692 4.81093914973351 6.20503236564112 1.65802900053531 5.31699613773606 2.3052579621539 0.769397730324171 2.6823760870658 4.64255299487227 -1.24512105401999 7.75484911341795 -1.72626384680087 7.8230691921652 -0.723024605954636 5.51582086012074 1.61863894257735
3.01271508006997 3.91571429866989 4.30530975412147 1.65195375721332 2.54957470289901 7.52374530128121 0.0368289566703874 0.735974864674088 9.00019551623428 1.77721981535859 5.17452356741907 1.81249149637239 4.22042863928795 0.413871416208175 2.5540455095228 0.824491654775145
4.18819431965589 5.09340427477455 3.54254658125867 1.59119335625012 4.94575998136882 4.75431662500988 4.72182953155636 4.77323260220156 4.85116473608334 2.49727298030807 -0.575207441680912 6.95445413490207 5.7874766891698 -0.544772171378152 0.816067296026561 0.372826231844419
0.440860555942639 -0.0490585705121362 -7.25260729131984 -7.05654520268935 -5.59256856751365 -1.74319175109859 -3.88075449560667 -2.63380361740211 -4.44483439424124 -4.11815051387344 -2.9814567729817 0.574570921205268 -0.269229987892457 0.58736277352148 -2.72267103559768 -1.76310535881716
1.18984510582745 -7.05788051366957 -3.38372220760396 -4.18938516642735 -2.52477692376383 -3.41128657320564 0.0150308795076268 -4.58649900169358 -0.888341892581597 1.04116530957109 -2.47294762924329 -2.31760674076441 -4.44557039828803 -0.67228211870811 -4.13275395499509 4.56822344978809
2.37471147984984 5.17860876179682 6.88997930780593 -0.617778592104779 4.69932802334955 1.39744963941662 2.37557982824526 10.9070634786752 3.72952532954822 1.27012976281301 3.46213139529746 5.65425887117964 7.46420011640371 0.0181314753926922 1.02713071198791 -0.560999674601833
-5.69033335503437 -3.45626252595443 -3.92588065488459 -1.62217768780532 -6.85439918199158 -7.11265319770073 -6.04114496353869 -3.74696156866434 -5.03060706756317 0.880426921628173 -5.38550594340678 -2.57076713772374 -0.410856224367871 1.71787917970359 -2.64784046067316 -2.25189985962277
3.12370098190038 2.82576826120777 4.79775852668744 1.38136748411057 2.62878361772776 2.9661876868536 -2.78712724390837 7.1036642831041 4.89368799054497 3.70760680487657 8.84882853301616 6.16719984275135 3.97189963268292 0.888752601022427 4.28065916514613 1.67766354199556
-5.75000748069011 -4.40844519761132 -4.85241630554414 -2.63596561774205 -7.8083061166245 0.396828180716255 -5.90672922615817 -5.36504014617324 -1.94713547615122 1.51031150111514 -1.54185181274532 -0.0644011136764675 -2.77207100021599 1.4125191117564 0.870891937029321 -1.6534823474839
-5.35946717276172 -8.3496055054718 0.260468535298562 0.735544050364942 -6.85407879896971 -5.27579124762465 2.13261519601343 -1.46037290513203 -7.18825362697913 -1.32930884287751 -3.80976149955112 -1.58669081784799 -2.71422216801191 -1.67050603270918 -3.63957949600292 2.13638211164117
-2.58475888835089 -5.84903072723844 -3.77779868517326 -2.19333813823993 -4.11713647944681 -1.87426630254969 -0.0501984845867023 -4.81962727280248 -5.60664665857958 -2.13472949111208 0.0911439722068657 -1.33365563285279 -7.76998994125324 -3.83638649008299 -4.66401191002178 1.63238574445662
-2.57092408773163 -2.13037988615786 -4.14771963251229 2.43673439874118 -1.2346761447968 -4.79572273762486 -1.03226152458852 0.818815522573632 -4.90538421418835 -3.2980899586333 -5.04622575468602 -1.06917344969574 -4.90227328054741 -1.19370915589624 -6.47644089846819 -5.25097888770739
1.3699953749542 2.86577268131383 5.42381430479395 0.366239659604644 4.98706536124698 3.48311143910811 7.11661410507673 7.17821783301326 5.11098952932416 -0.320926997245161 1.76081560789705 -1.86583647353975 7.16705923916411 0.590798525938218 5.44376721894919 -1.41164849037418
2.94139957117142 3.86731661711445 4.39526785546112 1.20085121025974 5.29799693946771 5.0138999647436 9.97531815975318 9.33468590392725 2.06671454748768 -0.359231701515574 1.54579583423881 -0.339457853316575 2.64861784380454 0.693976083693077 7.28062399981463 -1.94792850949318
8.84799382880689 5.26991637195005 5.00627878829878 2.1840815809602 4.8224294713185 1.14632553263779 3.96322828540624 1.31764485489591 4.46670162946342 0.66354666443382 6.52387110850873 -2.83877194154564 4.5085542368282 1.56256256813735 4.63156830736013 0.833695607437084
-2.01992868515902 -3.30229278433741 -6.51193659472146 -3.74450221354929 -3.55524152369866 -3.52955162746911 -0.244069674712634 -2.69779377718953 -4.20304021722167 -1.97673108479811 -3.47438442072941 -1.26432534905201 0.204530496964638 2.17437415316308 -1.94053928429361 -1.2774881743092
-7.38031266260326 -6.25349534487508 -4.43011394482524 -1.30283611229562 -2.52102282985084 -1.41431116094616 -6.3061665688008 -2.02204752738732 -0.280746556656419 -1.09510810080627 -8.04510841917483 -3.80764217503684 -4.88722510035111 0.982451688884145 0.168392712698419 -1.85799733585752
-0.556956975884526 -4.90679466505955 -6.45310794531429 -3.47024846701951 -4.23680676398923 -4.6869154777283 -1.09911331803299 -3.06585372234758 -1.95053985483148 -5.1249558881698 -2.46381611576913 -3.18411970596033 -2.43212552706387 1.98671280905782 -3.01717300966518 2.53867497343376
1.2969297291647 -4.60932450087877 -1.68989927404428 -3.00852437453161 -3.03782403734878 -2.10392882213525 1.51779158444886 -8.02333872314617 0.229156029342529 -0.199306550625344 -1.09617333930523 -1.50880365621709 -6.99309556868774 1.05041423539275 1.23683507499149 -0.53075093916414
-4.26094780045414 -4.20459515493286 -6.72175968731403 0.30245691953365 -2.56511524866083 -4.70345598659678 -1.8470859602071 -10.3471526297842 -2.30070338868439 0.0299896397931203 -0.720617971450019 1.13775136952654 -1.68061331925402 0.87386429478902 -4.93314099054597 -2.3073087735191
0.511845979188224 -6.61468201800956 -7.44466790730522 -2.13525470213551 -4.92417555428789 -1.70156463217496 -5.56163284402231 -3.43763917686957 -3.82379076505357 0.152425564069212 -4.04322629546849 -1.95222708205873 -4.2718537427219 -2.88306225163217 -3.05083162852188 -2.81561616167684
0.735105283671885 4.48911640926339 4.34886860115505 3.56890885852131 4.53796383253962 4.99165210532157 4.16569449497452 4.02634701307144 5.40172955616348 -1.19313829909279 -0.236972441693776 -1.6191616743353 3.92225543996822 1.06888080303409 5.40378672991255 -0.136065662159819
-0.103476759016617 -5.59951849056259 -1.79419992504308 3.74663132667927 -6.59907286553118 -9.95543040356201 -2.39840966388307 2.58302466537734 -4.30664430468892 -2.34723673894187 -1.61809778929529 -1.54672140272014 -4.93750608293899 -1.18439658808526 -3.48462498284005 7.19926940596514
1.02205033932564 3.13576847837515 2.83242157913631 0.749909790737988 3.43517694462935 3.58260737811775 -4.25023934257164 6.66791790023183 -0.479886962260318 2.90018957240891 1.43883450166722 7.18168799753133 5.70570742797236 0.755576802894269 3.69073088919985 4.40515092675379
-5.23614025944949 -5.90403605359263 -3.53716699884874 -5.50839635280579 -2.18797954997907 0.0896509029296992 -1.66659151822944 -2.29574022508302 -5.12020323927847 -0.851652522119501 -3.99596478842702 -2.90827992229904 -3.15382680551353 0.058472447634286 -7.25824811654233 -3.84924131426206
4.66120184278302 4.16581698260275 4.56497512785376 1.03672200566242 3.62199317862742 4.45981627862225 2.45713377367202 10.5808250099017 6.96995543022417 0.729918109594608 5.0390618180152 6.12028643580899 5.36921366098083 0.530276384316761 1.64424923853966 0.395294032101078
3.48159721123032 4.24346121189683 2.85771620676188 2.68148706322356 1.12204617766387 3.91184254435689 5.92143230019037 4.17175680346476 4.16487329262664 1.09954841516169 4.72289268255078 -4.22379632314365 -0.93416749626279 1.49208425086536 4.289418940966 -1.75159154726899
0.632851826656652 2.24024720910369 4.19667569843948 4.58320016536469 4.42275262346812 2.84421490729638 3.82866286625925 -2.71923097442087 8.55468797933808 -0.691921656783618 -2.45246532158792 -0.669451172477575 5.49802114608743 1.02340422969621 4.1451656127996 0.451090813955507
2.53869438091732 3.42844420233877 4.51804645874367 4.03748680363009 3.06080142216598 -1.40712240146252 1.59075462099382 -3.47737800548667 5.05902598381017 2.14156686123787 0.768157643960887 -4.31459855081144 5.16148439325142 2.65704105314977 3.78958554138881 1.53299646957631
-2.83458674249805 0.843875414938632 -3.5385154411525 -4.45427223036781 -3.20146622302552 -6.29154939056557 -3.04531019150443 -5.28221000311073 -6.59626576248317 0.429289418119513 -5.0252843625655 -2.78223018002514 -4.99662119085406 -1.74470491956979 0.859641591810567 1.20275213825265
-1.11176093288814 -7.72020930364646 -1.57584637983504 -4.07283817338455 -3.70573320484281 -6.56859807430899 0.919660405514235 -5.42090708414154 -0.651252314460048 -1.20316721481618 1.12234629502537 -1.51762374933779 -4.22233827352313 -0.0415053191828335 -0.700170187694198 -1.53752474002706
-3.24648761568512 4.51006989041687 4.44723075800208 5.49118198872778 7.69457634888027 8.46068507948958 4.98197620705095 1.67066138432314 3.82637083872823 -1.9582411694324 -1.77667308155309 5.91518661669432 4.58886059080596 1.62300373144048 4.24012347011096 -2.18806653374336
1.78946263641163 -3.411412195745 -2.38470580702553 -3.98708956181714 1.35534624455782 -2.71713346059529 -2.99510970846288 -7.62954196341954 5.31708501097645 -0.395014096666431 -1.08827579571317 -4.79734868634363 -6.2530991151115 -1.27717771349174 -3.78362623172661 0.323934678543971
0.020315330337739 -8.05465610677021 -2.83595505249961 -3.68076738131483 -2.94809401165167 -3.77295592036064 -6.9802624774901 -2.4450887045544 0.696959783391209 -1.7916250811565 -1.82132301006723 -0.654478333128342 -9.43610214619765 -4.41267085023928 -6.65743230883275 2.54862460961663
-1.33889893808504 -1.3011829364559 -7.19832521580659 -4.32524392511064 -4.63255263513327 -3.47960906102118 1.3191809971307 -4.76248305153295 -5.65983703027307 -3.0783972145575 -2.51809196345713 -0.817293278656493 -0.631198374862313 -1.9097698832132 -2.42272771089958 -2.79702915945997
-1.79558334817363 0.620260142771989 5.13675799782739 -0.554805296211986 4.25298419854887 3.02126120300987 -0.676521804614005 3.71712468617608 -0.736892731356316 3.42650453196402 1.66498477695853 4.89920526117755 5.04212151449235 2.72227155061368 6.51772394749678 1.42556329796094
-1.99614044961543 -2.2499693795735 -2.47857393840095 -6.18571818267756 -5.7515628239682 -2.96534698199457 -4.32319162018646 -2.42122740187071 -8.05710234384641 1.03951179221672 -0.587230493497217 0.342393763865214 -8.57934510677031 2.54252829088233 0.0120363472756888 1.85755337269098
1.83624795585298 3.59118453646195 2.59328132673297 1.79822715503425 4.20682085356375 1.1481991685117 -1.13988635652166 5.69477131466983 3.3833481420653 1.23231823246264 5.38496629476901 5.44688789049827 1.28117531768799 -0.512160217412069 4.04439140239224 2.54027166353917
5.38362378877246 5.5859931593004 4.34049572184122 1.8808594986326 4.62136664017885 2.22708044893322 -1.26155613845339 1.2002262785384 3.89297918896368 4.3225407000348 2.37639334682576 0.386612048501075 1.32540788808741 -0.145509412267319 0.45451441646455 1.91763407383915
-1.12923682935497 -1.33986841409764 -2.8412154545731 -0.839043210076032 -6.19905560407545 -3.36659877060684 -3.06366192518291 -6.13409602429273 0.276840590567881 1.48424864689059 1.97323841133498 -1.26653248293153 -2.25825322042948 -1.67389812361102 -3.54854602004976 -1.87829246151879
-0.800582785506266 -6.00592721005202 0.132669037260182 -4.2695906157313 -4.43445976132132 -4.09521575533283 -2.48151222684897 -3.80399205964037 -3.15277051359235 -2.71536510910769 2.11283761721374 -2.49979075847677 -4.30314026084303 -3.99278035443124 -4.15580735398115 5.34066849824473
-0.162271008172888 6.91278973948261 3.86057756937221 -0.23190316367238 5.37360087527118 3.72051182404072 1.79889578722008 2.63405960072325 -0.265702240080349 1.70103940651311 -0.752771380211448 3.52104834979669 2.71217684361562 -1.03233587508586 2.20283837955811 -0.560716993718915
-5.94596873670984 -4.79339241560848 -3.42998675828154 -4.81456109997961 -2.72617454098458 -2.4098082851431 -0.827215267623107 -2.48074147371571 0.135435509729279 -0.997788833534208 -1.66638742947202 -7.23765043980335 -2.27614360905441 -2.44657393267875 -2.90388124852942 -2.52620446208157
4.50140028023204 -5.88150197519094 -7.89854125191492 -3.91755471357642 -2.0189112811746 -3.8694413280462 -8.27844703168492 -2.31484648114216 -5.63634804053567 1.33248948198828 -1.2139705757208 0.720661708884707 -6.15198515361645 -1.12928886816173 -0.548700276286728 1.20054406013295
-1.96490532266716 -1.31579326267929 -5.88101195409353 0.116917870615114 -3.60273059694384 -6.05795328889295 1.97632490710103 -3.68555675825806 0.742637127860362 -1.58659475227954 -1.06771007827236 -1.37929713817351 -3.51912784736036 0.663714430930828 -5.87623579785454 0.486406033274843
-2.5244008662868 -2.40191847104026 -5.90833992211548 -2.22254954518801 -6.0763978938792 -6.8091211328272 1.76892058074752 -3.20223051621993 -2.63349382924966 -1.35602977784332 -1.96385344131087 -2.44243231950151 -4.28797037989147 0.226839405110134 -4.41786843775225 2.65437300569408
-3.28487092624138 -0.506238193293282 -0.719436463801688 4.08641351607709 -3.45967901735738 -5.49023048309334 -0.374296713659712 -5.70734410802701 -1.52456457045908 1.0581985711828 -2.15210067302105 -1.71434073455841 -1.96717650078854 3.80439980538433 -0.267227335360017 2.96281185696827
2.37371389956653 2.65960583970602 4.13870497929361 4.77435105560656 4.02444324115736 3.45050153054969 2.45610613990036 5.50985099701632 5.69019221937117 -1.00348295891295 2.62685725046019 -2.47480483885503 2.27040075026697 -0.155803968617794 3.84433504338019 0.364329870974557
-4.63295716432403 4.68816293919469 4.60102858505584 3.2482913280095 2.38961375578343 3.903880081751 2.88472450400271 3.69104109152916 5.31625499824305 2.42721083276346 3.92643436221226 7.25073357571712 0.502254357244586 -0.707471799881297 2.67666690669978 0.450178144616462
1.91703483952064 2.32631195203282 4.16914375924971 1.91718311091792 4.05791007985135 1.2140257815803 -1.38668799071543 4.46757927573619 8.28359682543758 4.86265430922301 3.84441445559553 1.83886642394473 4.59784748022333 1.80916983766166 1.0439307003675 2.91955101305327
-3.04005397636525 -4.43260412343593 -5.91271538503148 0.825904416945078 -5.95520918251537 -4.34360309033184 -5.20715560965972 -1.1516695496127 2.6075182072023 -0.174706076273442 -2.12026826478762 3.97284328570871 -5.86492057280725 4.66707708489945 -1.93780398606365 -4.19698684294031
6.65322900629351 1.83541271521306 2.75182611322951 0.85251972789857 3.02685866101386 7.05444524507032 5.49004877734222 2.30964548541646 4.36095158170319 0.0841991499314673 -1.59765558847974 -0.331678353059067 5.02696939684951 1.15483839978755 2.04362223907437 -1.65844122120872
5.7625002844404 3.49669819136447 4.98675424087753 5.32119851358988 4.58822024918054 6.03525262733953 2.54605492149578 3.56870959549986 -1.38584298924491 3.4528845378067 -1.88575267416564 0.749056785971186 3.00741400892096 0.765687697894826 3.48629848973525 3.3989447312815
0.0517338981172781 -6.87971100659762 -7.10025331802319 0.330357631638527 -5.90569017025465 -1.72383757218337 -0.417417798487548 -4.98107433147239 0.743966237757207 -1.64751436034526 -1.96029356954758 -1.12612593431176 -5.55895242273393 -2.62472750111544 -4.50127654586401 0.55312490394301
-0.769536398011619 0.533329771422273 3.34151021881326 4.70698852723075 4.01572906490303 4.46063215830467 5.808349267956 1.95911174503741 1.75039681533849 0.206293001469174 2.74491432416298 -0.901193137536165 -2.98885225420061 0.365670257878922 4.04614221261884 0.912274110310103
0.0951026104609036 4.02429130124604 3.57584215611837 1.17385139725106 3.6971344812475 2.19638801675176 1.13113544697028 4.72047882220299 -0.736098509050651 3.09867465434137 1.82176653393071 -5.92389343302473 2.18871221862587 -0.017527221339273 0.749359936095831 1.6156383349523
-1.98705429955389 2.24973236206272 4.72542434247326 1.73231541573626 5.18219728237055 5.52863977166086 3.44883719119637 3.72795865782038 5.72057444596376 -3.10942954755941 5.0160405229902 -1.95305619665309 6.61191950266756 -0.497811055216436 5.08726248594551 -2.30459225356857
2.36304028105274 4.33195491110849 4.59731658133842 5.01955643394142 4.00159070020483 5.64709789482997 -0.74833103441658 2.87023626126734 4.17703800788895 1.57483379850027 3.1593043902685 3.3438102724586 3.2424847583614 0.51963455310644 1.94902631318992 2.47996502707834
1.07997301867677 4.27210773801262 5.36140493810657 4.73682080476549 3.87680436043663 3.99033920494032 0.919446183561265 2.17278900910327 4.31129155580802 3.58270488971883 1.03639948644339 6.02149328134306 3.36877448391861 1.00319680179366 0.717939836782414 3.16404060096313
0.289191206052043 3.56027427156409 4.98780009086717 2.95347504712146 2.62165957401121 2.83207400026454 2.15792430083079 1.5184717967362 3.85924327533934 0.991747609478768 3.06842514866544 -0.00599418578126798 6.61278471485981 3.43861597802234 4.79805420715762 1.43753739987622
3.87180791751057 3.72344250183407 2.62193890991233 4.42468709292589 3.03098534178971 3.8757348952262 1.36117451358682 9.48889635993914 5.82064862503697 0.63413268749342 -1.20393029361389 -1.07808582271088 4.44219715947037 0.422267965477266 -0.745659394434428 -1.92053269616023
-7.77990012118763 -0.18033823063553 -2.36503295759994 -1.25441231553013 -2.08802649376996 -5.62333070714991 -2.29721035417928 -0.853601459416761 3.31788275328839 -0.629478845685578 0.0641447449458339 -1.21582961141831 -3.27897085881142 -1.55545603766903 -2.91238912651949 -0.247683446773049
-0.521307811974203 2.11791237438095 0.606243568135182 1.99787509988337 2.50262417448421 3.59846784471771 4.76111785786046 7.12186418457193 2.25733785487412 0.767839911781895 1.55861025679946 0.237054324980012 2.45853558667469 -0.131236342564874 4.71555312216049 1.79224040776523
1.81241845933728 -2.33085076778305 -5.17216495455306 -2.69457320186868 -5.00852748012391 -4.22840343835037 -2.9586516141756 -4.50523680699835 -2.88361503303532 0.445624874742029 -0.565367058134733 0.0684991027915891 -2.90385921794788 -0.124769845780565 -7.0507003664949 1.72725946718901
2.22616904190523 3.99989641264497 5.08144386149719 2.45881049651045 4.66057189282077 4.69942681247377 1.6989908914527 -2.05039281681585 1.7315091882279 3.12830838470632 6.62685722432345 -0.749342380793123 0.570815412369009 1.43673708735174 4.97347908050356 2.03448173525401
-2.88582405522861 -6.89695459025111 -1.93089361233226 3.61230076979628 -4.93887721461815 -4.3599215709881 3.20617432680744 -4.2956233838483 -5.33857820484613 -1.11285458936151 1.78080654550323 -2.36843908918347 0.399976496983183 -1.62154052870986 -5.15135666247521 -3.86002682973232
-0.858275215191238 -4.64121807231488 -6.46617966373038 -0.583047456773052 -6.98941612094247 -2.50563331128638 -4.04162232085398 -5.75090482131903 -4.84163674213114 -1.00227489662968 -4.85647254779477 -5.5219953686527 -4.14885272690876 -3.40203485978358 -4.40364911826962 4.41419114435138
-6.79792268752227 -8.43940406035975 -4.50620833545608 -2.20857127064574 -4.46020483538688 -1.87312027119562 2.894891247994 3.36522888938493 -8.39274023553093 0.64499351475165 -4.74419385936203 -4.2088168499745 -2.19699090239389 0.336087151493618 -3.72067507989019 -1.37988946652691
3.67428475526782 2.93370552271596 2.8442662749215 4.24955692493718 2.7917321086403 1.55258786093623 2.59293452582607 1.85696065030095 1.79091125095216 0.0844365645460785 -1.57284444651984 -2.78964079836686 5.24867356764334 0.356296222798567 5.2893661283718 1.00245083937405
-9.55311416770101 -7.05336249503561 -4.79725176496323 -0.436159871643371 -3.69182982764691 -7.1720439331316 -2.45326070400981 -4.28930408066886 -8.60327966761822 -0.98452673368002 0.399894344560626 0.336110022554996 -6.07775822326626 1.18633264188911 -7.18587859964765 0.510078469568066
3.16249370298257 5.27281701171072 4.64709558510273 3.47259382402007 1.38958665985895 3.29234785413618 -0.514701395861457 4.13024111559065 6.86981206605935 3.69088875744848 0.425470697055681 3.32985944485937 6.01764747818586 2.76079188576321 -1.64911377659498 3.76412343743295
2.46388010821243 3.67144216487711 1.21432419211745 4.34908621255988 3.9412337723455 6.5069123088093 -4.0947778154682 6.75122652797614 2.41842417224452 2.34930166150011 0.673113998047627 0.931268005474647 1.9624849000972 0.349366928499366 2.11752154305476 3.66803705528828
6.13913514721958 2.33480717376273 5.3469362061358 2.46191443402104 5.72199816327588 2.74281304649055 4.96103716822133 8.48897407395144 8.09541551369189 1.33200086185873 3.34105160406316 -0.597421191374884 3.48487774856093 -1.9597575227146 3.556047270369 -1.61656759139936
6.16722631706834 5.19480053071692 4.12428995932454 7.78057316700155 5.68820889014334 5.99334246148434 -1.07265784546226 3.22656840801432 2.617682155506 2.06020812042844 3.01465304589194 2.25657396373985 -0.758871352060966 1.34353389135751 3.56091579420896 0.406343933077042
-0.547300204042474 3.56777263307638 3.60614086716045 2.11670401655338 3.40858636898623 7.06526955222318 -1.32845401811385 0.159647392937606 3.56511905042124 1.32411471865288 0.225422971168206 3.8138491298003 2.66809838819898 1.94684794438139 1.92387046045708 -0.29537514513122
2.77415286544097 5.1172163265099 5.80487051928032 2.59893053880697 3.80612020919227 5.10889984239017 -2.7397523777776 -0.828602352449532 3.69830305727132 3.31106403171109 2.85334160399589 3.42599403414674 5.02252428393426 0.829014307106154 2.81061970446733 3.28891467257621
2.05111084138557 4.55068247044312 4.44018624966988 3.80702494748202 2.66009554114343 -0.292302354607036 -1.98807159409024 2.36460764833575 3.75199949100852 2.2471287693538 -3.31122033036112 1.51946416730309 0.734042566654024 3.15728704613003 3.31120200228962 0.519155030192176
-4.00171298038577 -7.28422477553449 -4.06601168420968 -0.834508949943806 -5.49618252687879 -1.6576137325996 -3.17267322215926 -4.16177947994858 -4.9734712513311 -4.66825856272751 -0.619647989410377 -1.7969818335719 -5.82951655664166 1.62381513243407 -1.18438192296855 5.64931889110802
3.94861477774743 3.33991607711948 4.73275555517094 3.27395597913839 5.62276858710581 5.93769309419684 6.40535770294505 2.1467091060291 5.68697716634639 -1.09291067305101 3.72261453386313 3.12967681491733 5.54503849586604 3.30105370649733 6.98137819954115 -2.2894416209735
1.9499567627633 4.71959507346307 5.20629864742732 0.426581985977424 4.83131592365479 6.19867842169145 4.478425899053 6.67350904367929 3.35836151979617 0.508739194791209 -0.143560842363225 5.6633820280645 4.13014563999154 1.02533745333353 2.73296641242415 1.30775395687789
-4.78353424316194 -1.38627802814106 -3.612320670333 -2.06733231829912 -5.03482051788832 -8.94593144066287 -2.22534308222591 -3.95734665439014 -1.80951954028709 -1.23944491583602 -0.477673713004724 -3.22265308211203 -5.86556849103614 -3.30639446653325 -3.55919212812129 0.306893411302591
1.80852736896237 3.88175584328169 3.42105113302722 -0.730141231878156 2.22089128274956 3.93576896938074 2.73144770377902 6.74027861745093 7.18010339140765 -1.33600017077555 2.48293519979027 -1.30499649880837 1.31050939378683 -0.498336904407811 7.2904959579675 -3.40050398206057
-4.01635592724639 -5.36079280003822 -4.08945691673325 -4.49221775534962 -2.8894210682048 -3.82571957282155 -3.43236243173546 -1.86778978047853 -2.48903317455421 0.530887722980299 1.73155682906417 -3.93753437381244 -2.55091810561122 -2.67906999265906 -4.51891209495443 0.129459867622835
1.41041921676192 3.14566389541332 4.44704739382138 2.79926577709936 4.32595052163476 1.9274131527968 5.67850251056657 8.23848510775847 -3.84530443757939 1.44454105392042 -0.382459591521354 -0.687117503204194 -0.141223359156494 2.07537256277495 2.15740231126173 -0.536930837625242
-2.40751974239976 -6.57836376840298 -5.5406284283423 -0.25287271627428 -3.81955601039922 -6.90750335306592 -2.98759625511719 -1.3181482877486 -2.66335212422725 -1.08650479316789 -3.03161479317196 0.9228220331671 -4.81773226569095 -0.639579123500792 -4.69969959130751 1.71716076595958
-3.30085656806274 -7.22279915227182 -2.27541312750009 -1.42052620526645 -0.908005371658624 -3.73233298519048 -3.57401883675926 -8.53485112794304 -4.11891463541506 -3.65368446202268 -1.04124850466739 1.83408910232563 -5.32335685658474 -2.20464967347063 -4.82589409882173 -2.1240216276672
0.926611081559695 5.20782405963584 3.30527340322646 3.99230476304271 4.25102976115468 4.3219966208247 4.7796298832872 -0.279843604047996 5.62508669445255 -0.83451956119591 2.24709696273105 1.75201098041858 5.96060915831745 0.95369734593322 5.11216567469385 -0.0747551324397475
-6.16131917230214 1.08501566113606 -3.78434224877011 -4.64956906089939 -4.76675203689254 0.411718549001697 -3.88182190047567 -2.01570321396374 -0.120745111701086 1.70826096510826 -0.821779708409672 1.78308015714429 -7.1755050043255 -1.66192196738313 -1.7076115183314 -1.79284300572342
6.29884863607559 4.02588274638903 2.22307867008501 4.90734152613773 3.26987409096599 0.204348710889518 3.04741974563614 4.08260347940934 1.64700926875251 -0.959340480453058 1.02618006989243 -5.35918250214596 2.41411600289777 -1.41159855746926 3.66759055272868 -0.0489299779206012
-6.07944734818309 5.29772138764205 4.79180289610355 4.14349464186979 4.08795008520511 5.40223812118876 1.95473792549354 0.561084894184012 8.24747224576865 1.57136734630308 4.27427622980672 5.97243034998284 4.99843839280919 -0.483588769133446 -2.86827272977874 3.12834875480454
-0.508705268450108 -4.01960986787164 -4.52885762560551 -0.890893747318984 -9.7409967868697 -4.84013662533787 -0.368280794578808 -1.96925549196503 -7.39173539026249 1.16835972764017 -4.05338670954857 -1.78612685257295 -9.31014815307854 -2.44036248576958 -4.09203513437379 -2.08442541031286
2.56099637537393 3.98894984648743 5.92449924168633 3.78827299222525 7.11231893488555 5.06154566599595 3.83417247440198 0.833317085905577 3.75465445644517 1.89757354382075 1.90265468378926 6.30947885377438 5.60313092075826 -1.71870990999994 3.7966162438172 0.697057119933951
-3.11233026306697 5.04786643876529 5.28541037533651 1.91738958654976 4.30508715263715 3.14282512925946 7.2151544921993 9.08541689547616 6.2961843225951 -0.708203782480747 7.37576985068806 2.56293869900886 1.88765501581994 0.0168840664821794 3.26602584844281 -1.36342080623116
0.560402045790058 3.1448730182055 3.13384187186232 0.533156038206322 4.12158190938015 4.25363787976384 2.24852752304383 2.83212280140956 4.02485514042343 1.56740306181825 2.233948479083 -2.29906479465991 1.74841539963968 -0.618006840743152 4.26083314008715 -0.418090414768384
-4.27440471495857 -1.4880664352356 -3.67938529484477 -2.54638927042834 0.992469026975219 -4.84095899205707 -1.01601501475629 -7.91952990073492 -2.68747408419195 -0.0233344803190687 -0.579217778652185 1.06197478214413 -5.60269785025079 2.8088561210019 -5.88244927763737 -1.94222783211253
2.08677677777306 5.5334885249516 5.25397480791126 3.12100927057187 4.11055942894812 3.84174467152891 5.33615269679524 -1.50737888851721 7.48061196069165 -0.220852122578407 -1.12200206393774 -6.16442080619731 5.70559521994381 2.99393852191799 4.42364518589697 -2.05948487643567
-2.46548752111776 -7.67343256733901 -6.26695472015715 -3.43738853054137 -3.65936708419343 -1.7959460246105 -5.19654266138527 -1.48892320000515 4.38162304975223 1.02162733106269 -4.1908434999114 -2.73608778110498 -3.99050264127442 -0.189280063784144 -3.29100410724591 -0.113537363820103
-1.70815170875885 -3.91313329277768 -3.95713977080847 -4.15791660283147 -2.70738423490852 -2.3423413894644 -0.423029815617545 -4.31316303518887 -4.0702012583725 -1.5526917372348 -3.98300287010998 0.858361882503113 -5.28396293206639 -1.51372654255738 -5.87838715476599 2.36192236421656
-6.69815294059052 -5.14646928248038 -1.13529631483193 -1.26820048920502 -1.65871786593639 -0.76795545907867 -1.65286374353113 -9.23452993315751 -3.93592943230974 -0.1461237614924 -1.27452696569826 -3.8877305327246 -4.95930803820705 -1.86074816524348 -4.91422294471192 -2.4012265495004
2.98160853285129 4.50640663670404 4.91850075193813 0.510554350427506 3.08491487838292 3.24503052687678 2.53625514984947 1.06988879674146 0.469516465695403 1.61438253445926 -4.44113541372886 -1.56456624397776 5.02951524920656 3.5591873273419 -0.536542211018331 1.90827133872869
-2.42887448282883 -4.68163451912557 -2.23780281150765 -2.21552168529709 -5.19943607279208 0.60829136938698 -1.97259826702673 -6.4080640715601 0.165880421726521 -1.66526115550871 -5.29867207998076 -0.612176828719915 -7.70906204944991 -2.6561279854081 -2.97520678591326 -1.29270962472516
-6.54832134808117 -3.40663928279387 -0.716892584056343 -8.27780902489441 -1.96057812149296 -0.578372957288476 -3.01517504206193 -2.36947758886939 -7.44778722154192 -2.9430620357624 -3.83640755678067 -1.27624762198473 -4.24323365439175 -0.0448668416235394 -2.67933834750523 -0.305240536146972
-4.24479887010392 -3.26272024247382 -3.79049987205522 0.357794380187984 0.182077839470527 -0.699966032143378 -3.1164616211161 -3.11048761622193 -5.38217502732969 2.60857842111893 0.870092432140364 -2.0695990202329 -4.53573636120844 -0.903560282918264 -2.29200881584787 -2.50097101278862
-5.88045110628823 -1.17182962827231 -2.69811240334158 -1.3022797275098 -3.04413473143438 -3.41903039530049 3.06360849681414 -4.13416724721317 1.4717790338156 -4.19430687903581 3.96374990385255 -1.39079169995204 -6.25004076374595 -1.11164207471004 -4.56383219586233 -2.13738919114216
5.99624477656595 3.48694860220051 3.94279977319674 0.874705557113423 5.61510261260113 1.85814576534647 0.0992624950107428 3.97357576868147 1.69939195562225 2.45935871163027 5.75371417231215 2.18960540335382 5.36934512274514 2.67836453073976 2.24802642309648 0.913470948715067
1.87472210164691 -3.42883169461517 -4.90076783876012 -0.321050388156177 -6.22660857045652 -1.17796153782 -2.42351834298505 -0.411289264356194 -5.32172148265666 -2.24574293398774 -3.51673083662727 -3.27903026756918 -3.28377460658985 -0.868604796495329 -6.63439405782662 -2.94565237347569
2.01470398183727 2.33349180055449 2.49142242608998 1.20911168471481 3.61054217293467 5.86103424460399 5.45184931949032 6.2637673956813 6.81863061133095 -1.2805655088568 4.829894000559 1.95284604423067 4.0852589199661 1.02708037281518 0.871757184709379 -0.762094759353454
0.179285072262444 -6.91183919209301 -7.62697393352014 -1.24676972286712 -2.20796047636957 -4.95650436176161 -0.684004032569499 -4.21960752287264 -8.6226129870125 -1.68251231984941 -6.93422478527579 -0.089707362884776 -4.20983190744944 1.54700941700105 -3.63413225517717 -1.98149963248751
1.31352100325852 2.94620538519367 2.69789616951318 3.42316307232726 5.72264478527625 3.950337200828 -0.178601219410396 4.53906908687022 4.44059672758012 1.10170637979874 -0.453113487240364 1.82364191702004 2.43967734836291 1.73258685340681 -0.535974425426812 1.55632444748326
0.537807179076191 4.32603949190567 2.66073776624184 -0.602222212654664 0.755401585112101 6.09845604968862 0.495401665266544 7.78713874919417 3.63236028569541 0.195404377518345 7.00022954553429 2.95421747916197 -2.10010162683782 -1.80906023774612 3.77913745609526 1.69140853037304
1.69988722849006 3.61594606226196 1.96035832408376 -0.266840749408753 3.54651125089442 1.72268488727556 1.38517295483664 6.19698880022274 7.86522673092631 -3.2022414538196 6.55953336947646 -3.77625165004284 4.04791997832846 -0.397464064287832 6.13719399344187 -0.531814721466342
5.66006578590965 4.29861633218771 4.92165992638383 -0.249645053431346 2.22922026369695 1.43524311000777 -0.413064112541963 7.46178081715758 0.832255386373812 -0.297127019846059 6.44262875356976 -3.50191327536914 5.7206108354544 0.165318027708695 8.2192934934569 -0.646317542910217
2.88977593716419 3.76044936961706 4.37450507356923 5.15448645264431 1.72957604169305 5.58761083476534 -1.20565421100669 7.72929507188689 2.26785528318209 0.294860050980856 4.19559357985194 -0.845346580574411 7.91976484449199 -0.251897060414979 2.26963737162383 2.56968917114403
-0.0166156915538893 3.96892897323419 4.48087029955685 4.772325374767 6.34124341397021 1.548379315679 -1.75282723846495 7.12014329594632 7.75291204197085 2.40110287058154 6.75091320009373 0.711731335255401 -1.90601912440374 0.041209414421399 5.61052752819878 0.18074959456999
-1.53817577540037 -2.11996793062998 -3.03554483250263 -2.1576948773358 -4.01728877541633 -6.08944138436557 -4.48852090524261 -0.679434673058104 -2.48030314594275 -1.51107528684526 -5.73404528405332 -1.30055076716812 -4.63842632183805 -2.24268334641109 -4.95088526921868 2.22752327585629
-5.35130389742602 -2.80345628364985 -3.66245871815515 -0.228060629950762 -4.7270519485884 -2.08976742282546 0.17864078336649 -4.51989820236298 -4.93634408100549 0.749907704873041 -1.50145604745008 -3.65983524465436 -9.26187904069334 0.378458094456132 -1.98597461454417 -0.867418066575184
0.415319007463946 4.16065879494754 3.87376558918956 6.19070144775132 1.79739586097785 -0.99910761853263 0.535245830460591 -0.942706074426591 7.81108865125677 1.17573017629747 2.68367407707887 0.317279094736849 4.59337496768701 1.50820492004057 1.28505080191563 0.573555606605968
-0.524435780642099 1.70770120436722 -3.46537202065475 -1.48085337718232 -2.24152727968263 0.273819604616838 -5.34722159346595 -4.47083828152204 -3.89229215149125 -0.813853714178225 -5.48234407551318 -1.58288018826887 -3.94280101321293 -2.12691977610542 -4.25917940374207 -0.540670699614158
-2.31696342309023 4.97026328219973 3.77248533719438 6.36959159851118 4.45868345997482 5.91350775683417 4.62901446305389 6.68414276599101 5.27607652675857 3.32444128786077 6.31289189163571 -0.469206478900499 4.35264328855396 -1.72625037199833 3.21050937930492 -1.67583981214916
-1.86682177122414 -9.34029977874074 -7.96335383424012 -3.44564723486402 -3.6709884085235 -5.54074456155499 1.07853998631785 -3.82611941681875 2.09116299017159 0.0754200334071582 -1.06290725703595 -2.4672877240106 -1.93434364220755 -1.84529591141826 0.824807787346 0.976725870677789
1.87422997184467 -4.84753402851554 -5.96224772740827 2.90547232647315 -5.11975805357193 -6.59762028628993 -1.73596756724834 -4.81734133797563 2.77423805662134 -2.52653840078959 -0.513740260722076 -0.626771706825629 -1.53399857544279 1.02573285852227 -0.175470319854949 -2.52462452199322
0.402120973165887 -5.36998067800408 -5.48940298970023 -3.85177259826389 -3.64571984360991 -5.87447585776456 -4.77473867688787 -10.3698856878749 4.96412273635667 -0.85665543574641 -4.57753216539515 2.11449825430283 -6.67852575923497 1.31944420287862 -3.52398677057269 0.126309350340499
4.04655574231789 3.9733841929504 6.23659517985391 6.66858629979687 1.80785087483133 2.52259353139019 4.32168800281931 -0.365257951902027 -0.124773389746313 1.56984962271505 0.790188712065172 -1.21831133885763 2.68624938421211 2.41170091239251 0.88085268196347 2.58322926072696
0.371511827389823 3.11834056501225 3.40480339039786 2.6369111487385 4.07328879975977 1.00336112470017 1.49939335293462 4.33212961107908 2.20849650974636 0.389750194204856 1.84651594537803 0.783826782343262 4.59147334049223 0.762609327741518 1.11753315667527 -1.17024538564574
-1.88288638988735 -8.52413539013943 -3.87570546237906 0.570150360660997 -3.47759969848171 -1.66590310886119 -4.19806390932942 -2.07952546265832 -4.66230337736896 -3.35431461894431 -1.79197927912993 -2.41021669882283 -5.7517123302511 -0.794371266274103 -3.42175457278445 -0.64702755373395
0.175118487646776 -5.3128510341094 -2.58712048248403 1.36660092870691 -5.32482274527412 -1.32415197340102 -4.37173810220498 -4.15305145436337 -4.75800166537329 2.56665527935299 -5.45086574171281 1.41579022231975 -5.24016424576571 -1.5173934755894 -3.18788611255405 -2.79487505371973
-0.364523005820658 -4.07262987730601 -7.66218147853567 1.61642350095648 -3.8758479413602 -7.931933439464 -2.52974658001845 -1.49946988186154 1.15500446084571 -0.238847490483995 -1.38584808409902 -0.967524261872345 -9.97784769327188 -0.0831985063751444 -4.03427682081676 -0.0895204302401645
-2.97926320973695 -6.79469509038776 -1.40102383621518 0.321965030271227 -4.47361853245064 -2.30775854190431 -4.90218363171223 -1.2445524424308 -8.59047208883317 -2.67612692205256 -2.7430723842012 -3.37544265349777 -7.09596562792415 3.92064516400983 -2.28650867061916 3.04042611859819
0.402380280700429 4.25644948167833 2.95362453761223 5.38718340692106 4.29871734353521 4.08250276674348 1.70192297949085 -0.7478962228739 6.63404134658752 -0.617298280006098 -2.34840256745561 0.373191204899719 3.38099317700297 -1.10993002857827 1.52230013154931 -0.895080335321395
-4.54824842656019 -4.7145113288132 -3.16111384807264 -4.23951095619825 -5.5959029401099 -5.96210467156755 -1.06840946481184 -1.57206496235225 -7.29970361496852 -0.146361243128167 -0.903108636300444 0.208535635151164 -0.252107677332235 -2.91226944990285 -2.39931506126627 -1.05270698452168
-2.84394809868028 -4.03778818371904 -7.68749633589936 -1.05252263947449 -3.01566986372222 -3.40837465728641 -2.96788135452498 -1.87438008669111 1.37498879779907 -0.0046586937609403 0.722868298532418 0.993353541488078 -2.4103303562462 -0.967382477539915 -6.24987046850892 -8.03757203860426
1.11275257864462 3.46893427871327 4.27743399023164 1.28012427196999 5.27142984214633 0.53555143428276 -0.0975412035034626 -0.593828047477179 5.563769130504 1.27162576764254 0.319751999126985 4.23485586265418 4.9321365440513 0.254774668224613 0.793036948611035 -0.960047620935743
-4.68566196846553 4.92053448739954 4.18136062418577 1.31987630933007 2.92998790118767 4.07103997341451 1.57762536263645 5.25968409472857 3.17866368392674 0.976042612359928 2.51973511502826 3.91915123680199 0.848229750972678 -0.321889866401475 4.16123992904183 1.70116220448471
1.15563961080952 3.41044229772769 3.99557445142316 4.9868887311994 1.69137418160281 1.17248517219924 -3.15092755514111 5.7903516961799 6.06753377651613 0.52322056988215 1.958986555506 1.54276603617869 5.09500051984073 0.325617001272522 2.73762053937679 0.713256389825365
1.00312596048166 -5.83621018244257 -8.66877048506618 -4.28313425134368 -1.71374425464803 -2.44245151445066 -2.24516868143239 -5.33281123363815 -1.59895685568753 -2.16575043020573 2.03778219921149 -3.47840684225709 -2.32635754032481 -1.88167021450314 1.37686235303891 -2.46122260515029
0.0480202110361883 3.06081365775781 3.80391295418447 3.57623388765317 4.62975581579088 -0.0165028768957725 0.641756335924157 5.42266794986794 6.1549195332234 4.42521705253548 5.61030284210617 -3.66641798135342 0.608597865458234 1.63489911238508 1.92474503794299 1.17772125555505
-2.47498915986441 -2.58130194558611 -3.63094925442466 -5.06912444891218 -4.82963378118346 -5.98395522573158 -1.16729506059548 -3.31416765383631 -5.80990775032315 -2.39851164424757 -0.503113889277758 0.312623299161165 -3.99321077730904 2.34787307989249 -5.17217670205713 -0.349477228210987
0.433131034273393 2.81554452557092 2.41975883807263 1.26496036038106 3.78265751052649 0.83481871792966 0.846975707347305 6.38845796430408 -0.184413228118605 -0.397811423127695 -4.1269113956087 2.32853466654816 4.43955590825399 1.52534284391169 8.45926230690217 1.41547085580407
3.8528353380835 4.56168224313943 5.77244332081706 4.5013936695796 4.5863543835122 4.66570245617899 2.37931149850591 1.09380016221036 3.65982675232242 0.850280826115025 4.35147933183441 4.26812068120123 0.999517176408447 -0.04716751556309 5.63822432927665 -0.878950541523293
-1.38804831560586 3.84345003518559 4.75065561246347 3.74395290109822 3.80201141428132 0.323840248853489 0.863933077116831 3.98745956979914 1.94650629512141 3.85518193672845 -0.911730577494951 6.09286343370976 4.76606436395828 0.906784540433343 0.4798755053384 1.35239912831858
4.6120679662464 4.900434772194 5.62382842378716 3.20348971983904 5.77778328545296 4.96200424484103 4.62277995944648 7.24909819711887 7.96068721675491 0.695875387493283 9.61226686186658 8.25783778269852 3.53102779313581 0.567264906028996 0.677943841921869 1.02046462152005
1.50957799678226 -4.03203314340282 -2.64343618782967 -1.47910565631222 -4.87331236410943 -6.25884320250893 -4.42526871520981 -2.72626632839705 -1.10515876034996 -2.14723413191268 -2.12245049154561 -5.52587742211487 -6.49631474279722 -0.82166455122129 -5.83890961590304 1.66556102571683
1.52388623636783 2.36519313799028 3.41675007726049 0.446271370891715 5.90377601965765 1.59040317108508 -4.0567513372666 3.82187703397503 3.80793292006891 3.03102146607278 -0.226133627970364 3.40682507997742 6.279630429605 -0.994004685197516 5.24928815289548 3.48349122026018
4.68500233077724 3.35916272515513 4.21871700347151 2.38625063826885 1.22167294020826 5.89624064969627 2.56010725636109 2.95370470298802 1.46120543799473 1.41836881833196 0.666639900427092 -1.79654107859117 4.17912399579378 1.1199423349608 0.110582064813588 2.75917579568235
1.06686220953447 5.0901202124512 3.99385935496278 4.81020555811257 2.92378486822068 -0.604264467010995 0.0566350334562147 4.48994956318695 3.41773273616907 1.61150346595642 3.08814887860986 2.66832886087944 4.55691430048194 1.80431638635545 -1.26251680811818 1.66544331322679
-1.0471378229889 -7.3244976570975 -4.1926414998314 -3.3769876960883 -4.79591698075336 -3.63077192059332 1.70515556893124 -3.30484579141826 -4.88521979699046 -1.31723963780181 -6.94479012736878 -4.33452997849711 -4.63527292253041 -0.0590624327927821 -2.38686019352735 -3.43946448340157
-0.00477582601068094 3.60272435292622 1.64161669066575 7.88206513184088 4.66166265169677 2.64082719559044 -2.5136133101128 2.46359063338576 7.75881352046306 1.63235487108601 -0.619186231192914 -3.60981600400996 6.52598019502771 -0.952728224551147 0.967156011230603 2.94272149437951
-0.0280789153409615 3.15585506802324 2.01843782476211 -0.797481636814844 2.00846589934605 3.86013318980868 2.32602795555631 4.17667860436637 0.435552904796009 1.72106419307812 1.11279577462452 2.1650259370082 8.53700630455589 0.788564774945163 0.263238117198845 0.787862046503388
0.0666583434086827 5.10458260982202 4.54395252490727 5.94528642853397 3.27010654545474 6.04242363491051 0.423997403068801 8.01309868083412 3.34530724279151 4.59628832902903 -1.62598341595238 4.43799091275326 0.421524017653384 0.537294274260753 4.1391445630086 3.82915515531514
-1.08655942067984 3.5312672672953 2.72666953688514 5.2744393535861 5.10284033163716 0.0902591032214715 1.92358453406486 9.38997359990864 4.38525438964911 1.09451904662632 2.08461220565068 0.394513089292522 5.86903964438517 -1.82935544728994 3.56524505727972 2.45803360246494
5.18625631877362 4.3742494983518 3.88188002312703 0.118467276807385 3.5140317376425 6.06059665997694 3.1648900759817 -3.46602201030994 4.4293458572049 0.0818651835963665 8.3584307550537 -3.44087480938936 10.7553232652237 0.672019747900472 1.01537783726145 -0.642882993260449
-0.721430338282423 -2.18782078447652 -4.34708993530649 -2.38367583134499 -3.50576388856141 -1.29528671389254 2.69568611332442 -2.95268043996754 -10.0818350586288 -0.494054616156248 -3.58658330043978 -6.0932845714728 -1.85445924794507 -1.48658738990534 -4.38195374289434 2.54047278560506
2.41526353205204 -2.70680208551411 -1.84647635196082 -1.42162603202679 -8.33864718690812 -4.87447397893432 -2.75848773709807 -0.769343397406137 -5.95900682745684 -0.911312418693478 -2.01162191506562 -2.59466443509068 -10.939493301224 -1.12008611296167 -3.72727915433968 -3.77672305012955
-3.12838772235353 5.16302569377586 5.18227254013428 3.28488111297246 4.15811144257168 4.00732217699291 2.52009762672484 1.14143829373915 1.3102617362783 0.817689734325018 3.87885279288366 6.08313943716345 1.39980218853425 -1.42080485457465 0.702954046245722 -0.79768530783052
2.37757412835804 4.63363492393364 4.01406481780063 2.59624079870284 1.93889467771552 -0.738147814349969 0.24116936028602 -0.311499432366809 2.11382816806038 3.19178171386542 1.67068756599492 5.43340917923483 4.25721387477853 1.0526216275881 4.3919335344576 1.97858871265002
2.9209467420953 4.7712620659892 4.49244697661947 1.16228840374686 2.44808245786719 0.260906261619938 -0.424598573211467 3.6284656437937 0.713929183975254 1.09364846080116 1.54015463451165 -3.13747747068677 -0.372830161634145 1.15289634528854 2.55819923499789 1.78810955601624
-1.34931025577586 3.93769034751336 3.34846402441632 3.87235393723504 5.40031803590863 9.57146417949726 2.80931248933163 0.372914956658368 -1.15307052958701 0.151447403630001 1.57299992212602 1.89748606969345 2.10484178635831 -0.545767455989293 2.85900900276057 -2.39693322728566
-2.71638939051914 -0.938258501003148 -2.14221730712205 -5.1193202990797 -4.11106963279231 -5.92134227251382 -4.77088881060928 -1.15429202452433 -0.53899101277023 0.192703693176913 -1.55292240278282 -0.634851367380572 -1.71580894963763 1.32160364228391 -0.119526230132333 -3.41751673340728
2.08531609180551 4.15334741617854 5.21167820466551 -2.56415556018795 5.11255928937035 2.58953572385536 9.5949375742896 2.24100645809113 -0.426562995026025 -0.236980148404832 3.8346972175949 3.99961755300556 4.95805547121759 1.66014331612412 4.49726063826383 -0.504280428395961
0.681552936597856 3.50657251876441 5.27942090963796 2.73191969998981 3.08818135965832 2.59400992613865 0.177233298937223 6.47523177852305 1.13467771811449 1.92807339004544 3.7046312949561 4.67309717947764 -0.30812236158549 -0.144380735808246 0.892893657482962 2.97260916640859
-1.61066310039536 -2.95825006002463 -5.4607649460644 -4.1611511300007 -7.20183960994009 -3.87467285085643 -3.68047545397872 -3.23858148324725 -4.40068543718394 -2.91139860163999 -1.23177859073385 -1.11245560427588 -3.1380343063924 1.14314014769203 -0.416931308565548 -0.384161415548052
2.98504005308194 2.12317928227868 3.26533794655269 4.60467410670722 2.11250228352557 7.17407380264335 -1.46239420694551 4.71561080098585 6.16117459165707 0.00978625246957066 1.23624894812683 -0.164259801447137 8.4223903296753 1.38837286536858 6.13997441254119 -0.455903047268243
-4.59922637737674 0.167538102657648 -1.76005918321328 -1.6558393778624 -1.36065230732794 -6.92180825875159 -3.35402343545675 -2.42338279824613 -7.45127119274104 -3.58304367843656 -3.26908154428127 -1.42593284241856 -0.773828646952961 -7.16660672151458 -2.10828677169608 1.62203724033129
3.02370245687387 5.39330270399417 3.52906432079903 1.38608799709001 3.61045110629288 6.40197898070217 0.705126875809387 3.30716293148008 4.79240767849596 -0.0456732297155236 5.20333698013149 1.52803837463268 2.86359373385178 0.221086824344447 -0.761044338464722 2.31746666751659
1.30782131600819 3.91939246027532 3.60107947960992 2.62208056524808 2.6355409240828 1.73724213006299 -2.47500250036648 5.56080129609434 2.6038154166409 1.46548995953548 -0.0924384401154021 -0.165030346923597 1.82225701467819 0.295856899874889 8.89144354806623 2.19643153661846
5.42354200094866 3.10418502262118 3.07131714388567 -1.5465921478359 4.11305999270795 3.10607048929636 4.7750185819287 3.2579776698682 -0.565487388560743 -0.47393897549538 4.07310034417551 -1.59281041339267 4.56872196338001 -0.0624746144158039 2.94490384655007 3.34601515518428
-5.15005306538992 -1.81177211625463 -8.33845979787034 -2.53188622799168 -2.82402202008509 -0.453387702829135 -7.31316466882308 0.417900806790814 0.71365334438718 -1.02090805980832 -3.62207626535992 -1.51419012673309 -5.01385739921613 1.18659722066116 -3.34772627619981 -1.81576214948104
-2.42496668932364 -0.836351573537042 -4.6533721255504 -7.5439849820406 -2.88062411578185 -2.65706544243616 2.38124347941097 -7.89146296578599 -3.03703655176411 -1.49633360705731 -3.53342924976255 -2.19129887112162 -0.786709692049041 -1.24810171220951 -2.79027969300774 -3.32333370197876
0.88672824371539 4.39623177646829 2.21425287035336 4.83301225685515 0.893394425231048 2.56425995475062 -3.10435702746527 2.47753963180963 9.18086821531683 0.748846424511675 2.63902553599686 5.20800832775271 5.98662161021675 -1.31116312657643 4.39231063990177 1.36994121124536
-4.14117368597582 -2.01550128094796 -3.9235103618711 -1.87567887690588 -4.26528756623745 -1.43091140875998 -1.34475562860931 0.845656214411498 -1.71546732861938 -1.97911055568859 -2.33565012369128 -2.23565301989027 -5.11244822011773 -4.64153541280556 -9.15052563496234 -4.034091498262
-1.08121321925107 -3.26023899331415 -5.75367731957726 -3.5667536092061 -4.00928508211086 -6.07065415248408 -2.9107872706717 -5.68536503464748 -4.48909727351129 0.158597835535364 1.82832604209223 1.20992270182676 -4.83741689100247 -0.777889954247283 -2.842211420393 -1.09484518720113
3.25560588910775 5.84126763852427 3.93848063407671 2.50571704220816 2.87656919359098 4.61702166321189 -2.89759918083484 7.61731779599959 0.344268612209487 1.69240821781224 -1.5217252031373 0.556745472412104 7.96916467748559 -0.185788361812534 1.75052941055752 0.493973552663324
1.9631466061664 6.09560289835637 3.75779309481902 4.69156251559148 3.34841635504403 3.43426599507963 -0.538734241100252 2.66789142917239 5.87265376848649 3.12927856761365 6.98353850227776 4.28085219288513 0.885404986373606 -0.232153093140447 6.62800980001166 1.17097216512369
3.67498435733923 3.10544463810031 2.97002387760183 3.42113603921401 5.29348288969383 3.66661427410252 2.32870955482893 1.65566635189485 5.21037353221569 -0.700436672288551 0.177755045992957 2.15293287599208 2.73658150518768 1.97871005968528 3.92535924058537 -0.144099220370498
-4.83577757427654 -0.985525059902502 -3.56520229688693 -3.79567959553669 -6.58572039486342 -4.69645816193395 1.97675460596167 -3.91323228455435 -0.681541218511708 1.71117610288174 1.35680500802815 -0.324427757146886 -1.54611895248987 0.191698616976166 2.14018705958677 0.0308228760461767
-2.93251654600297 -6.25781027006806 -2.50554129371962 -1.5010836938524 -5.19995948722477 -1.90111085635351 -8.25203829486092 -3.81149133166198 -2.36675730267356 -3.12968949187463 -2.21359413050674 -4.82496297492468 -6.91673689952444 -3.88928902347209 -3.11959484190459 -2.96271707780107
0.729031987258555 -5.27212719569546 -6.32623221230259 -6.45135346596765 -4.57458118590282 -1.93285346280713 0.232666325844355 -2.96286927396764 -3.16778387828612 0.805584060530446 0.0078807986564684 -0.37464343345152 -6.07076505748752 -1.51161043214973 -7.45660925190678 1.47177461279534
1.30055345021849 5.49434282079791 4.76782850086067 -1.08490321861578 1.7993380247104 4.4828550038939 1.75001383743434 6.5647576201624 1.98497203704551 0.364397264790265 -0.581014429571223 -4.00362695651418 2.59189082727001 1.70800947289348 1.72786448627457 0.890697294831814
2.67026323997777 0.68936750316215 4.85453636555936 1.68745441424964 3.9021880264225 3.86518274848141 4.43875468680978 1.04302210907768 8.63880036161659 0.226046812920895 5.24023697571035 -4.90612571979877 6.01709555430161 3.28935122421763 5.27365037296763 -0.150191538543744
7.02311138826028 6.89147978883398 4.76469613243498 1.25092159676859 4.30217985459091 7.35213184845058 3.14371537290935 2.28079460292474 -0.0992641261908553 -0.37208318528902 9.07295859814746 1.74948395080151 5.1552391029337 3.42156100887263 2.27680132779205 3.30662168260478
-3.17427101868372 2.91148051510828 5.09737245500394 -1.29070742538606 3.2992798743694 6.20062215651771 3.05394659785755 5.38503587300894 5.76819479288194 -0.522052369218758 3.9580929805206 0.0611121563590686 5.57702796704861 0.911413462094558 0.520194263198024 0.66308323462363
0.268886638420424 -4.8843224704624 -4.51610444489717 -1.09689699895581 -5.70513202103713 -4.99097556971343 -5.61119061406308 -7.77987575816534 2.56930795014572 -2.12185415678226 -3.48616426012413 -0.628533988022685 -6.12928313011589 -2.83551391784415 1.18319959313737 -5.7978144271651
-3.63075786115209 -3.02386361336218 -5.28623486926651 -3.58564002410407 -3.98045458590339 -8.73602624606641 -2.61051545614757 -4.64018612361653 -0.691964455792907 -1.44566780879385 -1.01761090810883 -0.299901256745712 -5.06177164901959 -1.21465472242368 -1.87951640351197 -0.0598183401541141
1.11479381560854 2.75668998480265 0.750689284413212 1.92247931732275 2.34997247059824 1.86899715858651 3.37878334287005 2.08321493889269 5.63492568257123 2.7642102092022 2.02286765746019 -1.73945827143983 5.56862890519078 -0.70805488854059 2.59049473034975 -0.474172607290491
-2.09161245077582 -3.05264363532368 -5.11859140905775 -0.623735897578018 -4.23535025275083 -3.21955585080427 -1.53497717301546 -4.98700728087555 -4.36332041321065 3.59447138900876 -1.99904305996656 -0.611054354419262 -2.77046830769523 -0.290579242933428 -3.578513906488 -0.810265495269108
3.67629720490944 -4.94082260370977 -6.36226209073911 -5.4884741583008 -4.3843724603624 -3.73283334182132 -2.84302228486181 -0.900017172417245 -3.63024092051957 0.942639278847649 -1.91641802680518 -2.22893433757337 -3.02248154787495 -1.20475873623209 2.11197266838034 3.14326619280726
-1.25350917068941 -8.63550476093866 -0.310429375201935 -5.03457566234674 -4.558952076364 -4.23297438278118 1.83928182232921 -7.46073345329963 -2.15886177239191 -1.75245084463646 -3.26432062028643 -0.0948899908419083 -5.4511874660534 0.6958338932322 -5.8464488790759 1.03305642646756
1.84970884918697 4.27278665374766 5.61870970465132 0.263467364096155 4.79439725302908 7.19096287704264 -3.90936921001876 4.69054329503841 2.40570712786526 -0.539596730231647 8.11727851503409 2.38173197985122 3.00797207236611 -0.470836457385613 4.49854140546219 1.27995064672783
-1.75321548678796 3.1605227733294 4.63989696930242 1.17308554204575 0.416648025163514 4.88790016835015 -0.209861386833363 5.93079709983021 -0.0837252799464854 0.432260331443293 -1.16422503437949 -2.66180774778076 5.25391023137481 1.83508966335148 3.93893636040035 -0.636516635397351
-5.42190064344795 -6.68951732407154 -3.57189073445597 -3.16916611728072 -5.05710878627327 -1.12940833037802 1.55626337298715 -4.70871355950738 -6.80415391121436 -0.584318244804896 -1.88212767835627 1.83378942032953 -6.28104421487612 -3.11565716377894 -6.49532554520851 -0.521839411452578
4.92862837994076 4.04837643517831 3.52236217545133 0.443546635853464 5.9393869919407 4.68263559315652 3.07173769840992 6.6364123123506 5.5179004719641 -0.439773090421062 4.69208242838206 3.69187394268714 8.52847229129423 0.0419826657586116 -0.185198966587426 0.565135668420758
0.591459785261047 2.84227947648656 4.30901795881517 2.04174350196691 2.77967890941481 3.85381811191222 3.40546628055061 -0.17159501892055 -3.66733340451119 -0.131569376372493 -2.04181221951801 -0.16803335891122 4.53273817956942 0.702840517805377 6.21762488497511 2.01840954921408
-6.63518278530428 -2.96622747797563 -7.73636083400405 -4.55553768213657 -4.82849484427175 0.575929022098828 -7.82586297913273 -4.6672745330748 -4.76753197060469 -0.474135318120644 0.987017708557149 3.21045635572805 -5.40706796308649 0.126788073589691 -7.74626397296152 0.390705720085242
-2.04755954566926 -2.66810237455291 -3.63648295482255 2.51704728662046 -1.35715174436819 -5.49527322596612 -3.83065280550057 -4.42779115046036 -1.39912248934827 -0.609640917144518 -2.24448692245282 -0.45473042153152 -3.56009045348209 -0.385644900914023 -4.71057537828435 -3.10105423477724
-0.0383536634909207 -0.166795443349729 -5.63303460623213 -2.05956170431924 -4.15214106601657 -3.76664851641418 -0.584800709546379 -1.96592539081815 -5.65187475233402 -0.316082880631091 -2.79381768747678 -1.28840724351924 -3.08566130131747 0.20206799399096 -3.32428651212207 -0.95131089934347
-6.55015169175444 -4.10741470431227 -5.26931313958328 3.50432467415267 -4.75518161276147 -2.48432300678258 -3.55614222525981 -4.16777184128018 -6.96340788053866 -4.00179865500348 -0.559755504518238 -1.46978663088526 -5.04583721330975 2.02053927931112 -6.71384072910839 -1.57456735232379
-1.42598706384736 3.76445721678729 5.16046001806513 3.41502150902832 3.7032178735004 4.2691688956536 1.08914426713716 -0.648644955700482 2.59041094516545 2.40075406240939 2.07032639060789 0.858605082596556 3.54966895598367 0.247542880731156 2.33602922788699 3.30691511246335
1.73382572188478 4.74367568049059 4.09328499937492 2.21800657520473 1.79944523442548 3.95325340056381 2.92636441947015 3.63327112444095 1.56762486343428 0.471665026057714 3.26319846238199 1.68951257239957 2.65939936851725 -0.471964450249974 6.50795573510188 1.02259137219478
2.79271597410439 -6.36313719468257 -4.03535280874015 -5.48447695978888 -3.47461724040514 -6.8562396248881 -1.73888798898486 -0.746814626007867 -2.60085630581212 -0.993060604640091 -1.42221392074833 -0.243271753218159 -1.80074509523869 -3.00360062512047 -4.24647237279347 -3.3822468020037
2.89909287657713 3.50907927647895 2.53689577997234 -0.739234080866486 3.18203221068675 4.06401052781963 0.392646232152055 6.21435851092223 6.56702575739786 0.318074222398187 -0.0962204600600176 1.58644712048785 7.63092428583542 -1.76055960862633 -0.378339917131254 2.01524334654806
3.89161393661978 4.35626575886265 6.19891099207568 1.27058412999478 5.09708080102968 4.80158741251205 3.58690013977715 3.38829926233999 0.126974697267999 0.667278017882591 2.29255204323834 2.06239578104157 3.49995976003396 0.721460868810288 7.39192716310895 -1.39576016971809
4.13291288634703 6.68374843498019 4.55327704700692 3.41188849668928 3.56285576062638 3.56123099654133 4.20300360957546 -0.423132107755292 3.70764950479351 1.36974307885608 -2.64686708306375 1.67219736436616 3.99667835419205 0.470750536144245 2.84035046060021 1.12800687877043
-2.24415020829691 -3.21970657117787 -1.39687856057177 0.243311890445698 -5.66910830025781 -3.31964779166612 1.13051027574289 -4.79150910009824 -1.83450498249885 -0.24796651016906 0.0136969663586335 -2.05534229618267 -0.926841198007518 -6.91301569119418 -2.57024735409742 3.01681144420753
-1.57998632746453 -1.62197840100531 -6.82147621359379 -3.95272087590553 -5.65770445223955 -5.1602196490285 -3.99825843583051 -8.14480141680118 -7.80812593591853 -1.67117788578745 -7.63811747085068 -0.0569626631654163 -2.23561513943831 0.194625617237678 -5.54037913492902 -1.75193863984376
6.41484063126518 3.63649969239061 6.12272122869016 0.190779049285235 2.83255435705431 2.68221534963633 -0.795495034183432 3.93092177337431 1.57201586157419 1.83855892223976 2.48585595696225 -0.903984850276508 4.08009541722026 0.683147191744238 3.70468060206301 3.23206585880501
-4.19436733486262 3.92709141984388 2.17510593271957 3.11680999695308 1.6880588736261 0.498036894082704 -0.479036865580095 6.88466296969862 3.84717724227971 2.99164013572646 -4.40317932696335 0.566353936180505 6.60939016121159 -1.5798952922721 -0.0744774211274026 2.23191386895084
7.2951766871545 3.63560427274181 5.57010884308987 5.79444887823173 4.55042200895471 4.56053256845382 1.63487306600267 8.42665899671025 2.11945182446513 2.04574226342637 3.86852183185536 -2.99021230362306 0.54086030849946 0.662880614642205 1.6757160665786 1.19188915603055
0.4732322795241 -6.43389765897866 -2.52016146283488 -0.970000547294852 -4.10125906095249 -0.282783421989355 0.426470423531886 -2.75246896654867 0.752481433114249 -2.07549873513172 -2.58467108258219 -3.25633306908251 -3.68014666056752 -3.00502333512601 -2.0199177864562 -3.70003844601665
-4.41170871046891 -4.43857550368352 -8.51968655750756 -4.11213462277166 -0.0097415640400258 -0.361378364972867 -4.68669234058308 -7.93744283322708 -7.1412101135112 -0.635791712481733 -2.92595755591283 -0.694550116850549 -7.67188019231328 3.07075829450936 -1.79051698299151 2.19944009073027
-4.83313060885345 0.749870576443302 -3.26385329567625 -3.56093085944201 -4.77560104350186 -3.14859736474512 -0.600195889174946 -5.83762706696146 -7.30929905899944 -0.699007891288927 0.0533068687080915 0.00539469161561956 -0.260262742330943 -2.2061098328389 -2.45446452564943 -1.08155888121987
-4.9660284332971 -6.61975035029612 -3.68773844662588 -4.12038749019728 -5.96602337614121 -3.04264729178696 3.45831105412219 -4.7964612442115 -2.3818513095963 -1.68146903328063 -4.76840476454402 -1.37780165109536 -2.87172620698053 1.33140208637702 0.374479442645448 -3.06747433306598
0.680901201123348 -4.06301407016594 -3.66239860293921 -0.839788096501333 -4.25791109025678 -2.13658177700067 -2.45426464911019 -2.28091516736834 -3.3797684093932 -1.64196267949752 -3.68362569565484 -3.63168300841147 -3.00483033340296 0.267162094703064 -4.22592942149475 0.528544138032106
-8.10147976391291 -2.43034346591348 -5.20195210771807 2.03060755604199 -1.44092784398886 -5.6819558752094 -1.5729973717833 -5.45163558610801 -2.80214781533412 2.17436527100938 2.71388071307952 -2.89070074012794 -1.53413456433363 0.303404163088005 -3.46035032315875 -1.25567135606694
-1.82679357224529 -3.96552813718425 -8.59778522456692 -2.23073321378482 -1.53984757377765 -3.55995068312526 -1.65052963226587 -2.8222259607132 -3.0208755290201 1.40707020607195 -0.634722995127808 -0.718900417366571 -4.44224615413568 0.479583288520459 -3.2994720224556 4.35252093894733
7.32943488064331 3.95496226501543 4.80386677528845 4.82985835265348 5.63799199353428 3.48908438333259 5.15814048892706 -1.03254382797666 -0.446935348622893 -0.190183859251 1.63869117104266 7.46613743684949 7.57013487167854 0.132707040054787 5.17292843837111 0.0185703987442758
4.28332238500722 3.65822446051382 5.09029051890835 1.79090600185175 3.73024392844505 2.2413128857524 1.10595973005412 4.79125170767865 2.30400017420529 1.06454635240308 4.93822005082551 3.45465519074592 3.57399036630828 -0.739864114408765 3.93828032939188 0.140049432911964
2.886520905294 4.96688041786487 4.99871922572735 3.93750484096427 3.66307627668957 5.7147922105566 -5.08971082078606 4.68896512315229 3.44979731058595 2.96002814171841 2.68505975079849 4.04066811992976 6.20219094312255 2.54752379252528 0.896006272219008 3.11564328873989
-0.142481767655834 -6.24293026799592 -5.25682619828925 -2.31865795543544 -4.35398736968888 -2.15446170484961 0.324927997671008 -2.97721290104464 -0.60333028761482 -2.85025261040821 -2.56514396611829 -0.940528786414174 -5.58433868659231 -3.9040455371381 -0.714568496741218 -2.181912905595
3.47910198399563 5.51154555211454 6.01124231820499 2.49801495341457 5.09087891561562 4.9175570797296 1.44625231577545 0.417082225461839 6.2166941812898 1.28035706586489 2.96516480271689 4.00175631953906 4.56152067339918 -0.131163705124085 6.70786059540064 1.82767301940894
-0.518897687535911 1.59524751699465 5.47432674049522 3.94992077980356 5.64080459623784 5.56045952927457 4.57631610344725 5.05399805432055 4.29486340596747 0.0874849728071774 6.98728365325462 2.19179428017048 5.08227057933058 -0.190244555878174 4.53390804919554 -1.66626785048574
-3.74106163275237 -3.7667637418187 -5.15873042729758 0.188937609115084 -1.20109904339423 -6.30880075567515 -2.64744736916722 -1.53588548824938 -3.21259083191441 -0.618864386851367 -1.2663665333103 -2.43401384530033 -0.767620246428647 -1.63012590020245 -2.73861248451171 1.2070385140329
4.91793334292227 2.88119322702084 2.71637847635826 1.34991537559876 2.60422542213239 3.72870956710113 -0.0574864123802652 2.1928256538682 7.09227456461247 2.03323587115946 9.05085479097044 -0.000174815185592703 4.48278252251015 0.753959086518808 0.492698961804568 0.375237475430421
5.22912104182686 3.34221928867281 3.95193943820941 4.73725572274742 5.02219615135581 4.26590189008836 2.50569262224823 11.2780405070782 9.38194638941796 -2.09724541129841 5.372817841471 -1.57731292891577 9.11219778489968 2.311602716139 1.87830541378093 -1.81880533992821
-2.88152005017435 -1.00423961197795 -1.95770079932437 -1.9599606433849 -2.55814962057683 -6.02618195350397 -5.23864627152316 -3.41812202254909 -5.57675998034029 0.810600625012561 -1.05534070440827 -2.85449460175788 2.22415020234278 -1.22382533355097 -4.52358459010881 -1.74442450930127
-5.13434374458658 3.19080562664157 2.91316860888477 -0.328306303785884 2.82976765431048 4.57469177372693 3.71274392514676 6.45984236337857 8.42803029721221 2.18550597652569 6.06584969984403 -3.38050798257751 4.28565680091423 1.60924226734931 2.24087165375613 -1.65352321053063
0.680537436566134 5.33037535232063 3.31377661174411 0.00576864495455753 3.83745791589311 5.86876546442251 4.20449758149933 0.0525498409804173 7.17515253952127 0.896787227759801 1.98602559718534 -0.534717849723435 0.205988697870676 -0.632377771376292 8.21525441028715 -0.133462328216838
-2.08855276626974 -5.11430702075807 -4.01890076118337 -4.15385059253175 -4.77589261248745 -2.24975507768242 -2.16323575996717 -3.72166330384696 -3.93839184141261 -2.61746540423889 -5.37930275240943 -0.354701829744357 -2.01046737273304 -1.56754191377531 -0.314207751542925 -1.29659471675493
2.35046775068428 2.8642724063092 3.50022269842215 6.24776312528198 4.21727760881944 3.6613636379004 4.5486647353008 4.47539480901705 -1.59810138731166 0.200945333496336 0.46540249269317 3.80965881719271 1.66471772107876 -2.74448734270818 5.86016886176887 2.00069391849434
0.0578263043041529 -11.0605891590526 -0.93574116396813 -1.0959065619668 -1.16275355919064 -3.34219891495906 0.15607441314432 -7.55519600345499 -2.19948366902126 -0.214474236213342 -4.22630690910028 1.17809351844242 -4.12452633744422 0.0749537309033395 -3.59642329449558 -1.2605329726096
5.39990412737742 4.27927122017386 3.87689444203198 6.70878292031813 4.78194393502537 4.92994476274869 1.4332391083988 7.97943049978795 4.97195971577966 -0.172570470216169 7.94032335058489 -2.30468509045372 4.9324032863942 2.4511252415765 3.0683925577547 -0.98790739415132
-3.80875003269315 -0.408892891616351 -5.48144009418694 -7.49940019844883 -6.22744840486282 -1.74551990662355 -2.03262302722786 -4.38644125862272 -1.13561936894151 -1.03715726659428 1.50177621141439 -4.74467956192329 -4.28149850819521 -5.03305367869752 -2.9052900074284 -1.74345838841609
-4.95887769481326 -4.99375370335743 -2.99126857868542 -1.77010881154917 -4.28192040240474 0.657806120248833 -7.03550172501622 -0.880110943831542 -2.2853347397627 -3.41784463855926 -2.86645364730869 1.13282347439813 -4.09204914281483 2.15720780415237 -5.25768552983015 -2.2134884150118
-5.91606592860922 -10.9698325868149 -5.37239056240638 1.99226675691976 -1.132699660198 -2.24369599240775 -2.51428886386538 -5.58004430047723 1.35179535297903 -0.853283827205925 -5.26591361215119 1.14427282756705 -0.979843298338859 -2.84412290197083 -7.69676963515628 0.0771419089401177
1.25653745680946 -3.0592985887031 -2.86621316901176 -2.11852274840922 -5.67554891749867 -3.79033298254478 -2.67362350698138 -3.89616754650891 -1.76887264720992 -3.21699590807702 -2.30598339197467 -0.846214224310945 -4.94587787503344 -2.04127954255553 -7.10952484976756 -0.682472124577729
-0.868243029512014 4.99976717467022 3.26597367537007 6.68148413542893 5.04727628646256 7.4190918357396 3.08077413360001 9.60926333276387 7.97064188517323 -4.34287204784375 5.65860902045775 10.2965286470445 4.54460343346865 -0.104735579572578 3.9589784808991 -0.524780739645921
1.80431867022958 6.24736913188833 5.10062118097095 0.24086569771313 5.50203371456737 4.2651905696752 7.65005096581429 3.32555973427458 1.86949756109529 1.25890576923363 1.90642740769856 0.247560497074072 -0.263743524604569 0.0352940569842519 1.91879555870908 0.587029907655201
-3.04244505358624 -3.60812770195677 -0.90054982962457 -0.824287111378649 -2.56394750562947 -5.78690539808854 -2.9766644041785 -5.47703980792394 -6.9872424308948 -2.86556246664295 -6.94413918954582 1.34739334850359 -6.18698943293022 -1.52696793396279 -1.86723914855278 1.86236399880379
1.58275091471238 -2.78693123516791 -2.43585151525792 2.26110860001214 -3.69355468201507 -1.46272206777286 -7.19527674364415 -4.86349232446168 -1.59773699000367 -0.126047758791322 -3.54669438583333 -1.74347527894747 -4.96900614715471 0.787726143583603 0.212403429436882 0.535451999376211
1.68596032256609 4.00277613184467 7.54525752195422 2.14913504650925 4.77428888143569 1.33593991017053 5.60963552027778 0.00675014269898888 2.99619185790962 0.130730531806524 5.42318160625109 1.20294295713993 1.54419667466382 0.125030007479479 4.92319423528892 1.69505854263724
-1.80903468370073 2.20635450750447 4.45456259065187 1.68521981205479 2.76183225148793 1.20749864903022 -0.287956480293027 5.78323930220973 0.987613119376412 1.39314666636399 4.55710873941589 -2.38501308602462 3.34531702250323 1.27736381922943 0.618963270854526 0.493264590721552
1.89728847744697 1.01303338708159 3.10247182983601 2.94679896432138 3.58704691358157 2.36233250943778 2.94396432203239 7.94563773054777 6.24061522307629 0.742164220903488 0.335336880986023 -3.64594490612711 8.45128892755799 1.63189773599193 1.13624071444637 -3.20968209936843
-4.572105839039 -3.86710826058594 -4.53531048790876 -4.56222150445062 -4.43110483804537 -1.46757943669537 -1.59200256250533 -4.29132065180631 -3.77012987642877 0.904648277826938 -3.37909439432184 0.126030112676618 -9.79310336640861 3.57524130599027 0.55233563902025 -0.405782315453569
3.29683289783217 3.46299728637281 2.68593393893016 2.04063038839994 3.09635320639737 2.77961760366907 2.32713826069005 3.19293403529208 4.85572817432873 0.645664891029955 2.81745825522295 3.72360134543278 4.27856729801712 0.29985251608196 5.20521573605798 -0.630154401607228
-0.779714774957381 4.67769700148708 2.94800435085365 1.37209415799455 5.4556546524987 7.03309782303786 -0.370692839112488 0.765993490922602 3.74985927561994 1.19923457525595 0.778322975232306 1.43794098261877 6.11667277433782 0.641827069011919 3.67026213129911 2.69245158094778
1.02661801470571 5.50007434893618 4.32045145835098 3.55508067295402 4.44810502378293 3.59099901398303 5.52817768876245 3.80550175770726 2.94255013413488 -0.485290537529103 8.82674013242998 -2.15078110089271 4.02632118893876 1.35340162516651 3.69050532170664 -1.14124191866163
6.00067706740389 3.90671344023314 4.23032483756859 4.21847641551954 3.05318623899771 7.01738130083389 -1.09341808645339 10.1105657786851 3.78237575285846 -0.70793395283439 -1.74008749562989 -4.18475387230612 4.07042828510453 -0.18288211421112 -0.225835444259998 -0.77704933872459
-1.97647852047906 2.83816605986656 3.74930589139069 1.228001546474 3.03141368874352 3.30099928161747 2.54326090239967 2.32998140921928 5.39094608326869 1.1718323886403 5.72556409083379 0.159696555230813 0.356898235268456 2.61012878433649 0.479586530445026 2.18185574798867
0.857547386906078 3.02460580139676 4.22359051573908 1.82877559631018 3.30757028023283 2.96126117483074 -1.85589735771094 0.853204941993025 -2.63415017308009 2.27677318173567 1.69939339669163 1.53842518620649 1.26478596399585 0.0428214829838304 2.7791340058033 4.79414320730983
-0.39414260860055 -1.17916378643049 -3.80507594321989 -1.26298201974689 -4.18375044536073 -7.4887171829271 -4.90850660438413 -3.84025938297896 -10.4397240554878 -2.44572780735511 -0.523944594933334 -0.428842691934585 -3.14846607347883 -2.25254469611285 -4.52874519525129 -0.546563476821819
-3.80720132808082 -3.9681624302959 -7.55428373014369 -0.819404474409156 -7.29349995242535 -9.03451126936685 0.835509143140139 -4.88187193053014 -4.35936722583721 0.072600362918749 -7.36924571354511 -3.18955231092619 1.08760690250003 -1.54443414333754 -3.17020615585402 3.50134740221228
3.14859131208714 3.65951401893608 3.66018643456164 4.5611745855714 3.76319635980113 3.8891124170152 3.66884802976514 4.76309999088449 1.9091264901569 2.52344443339691 2.10066505689767 5.69597631709418 5.46839810552216 -0.176470305502251 10.6051753371079 1.30798440377644
6.06048959529539 2.76432602590331 2.28775023144836 3.21549031831344 2.89743279025795 1.25626582148922 4.88803299401489 1.79171236167047 1.50650686051814 0.204902290346012 -5.69809786483925 0.0901236807150267 1.40670759457492 1.60922852020659 6.73186702259995 0.0731037948994768
-0.263176292519098 -1.82613155455466 0.358232416375557 -3.26169556153048 -8.18320064120164 -0.759693050575611 -2.1368572754967 -2.91582969124143 -1.83460960122265 -0.567014561794251 -2.5957379925209 -0.154129013851689 -5.15349046256356 -0.141983677609986 -7.15271971496435 3.75541389949433
2.62667610537913 4.42367098594382 5.04409218052122 1.56245707860344 4.43092958034212 4.15557846818625 -1.62653857731444 3.06118944136695 7.08119627465488 0.547400866510479 4.38096420529726 -0.0320100518979178 5.23307078466273 0.849165557425423 4.58445045312594 -0.341271103532115
-1.49507564139741 -0.319906941451791 -1.31785423245301 -0.776843999690996 -4.75114628386689 -5.32742992209609 -2.92126829934736 -3.83117046635152 -3.44326211731991 -0.33497452026569 -0.532709905979484 0.860490731992492 -7.76321379526326 0.558071418764666 -2.81982713855695 0.935614019197444
-2.15298569580518 -4.54321122934733 -2.92449955580751 -2.60573179984833 -1.00653396466141 -3.65323407482793 -7.85240347465734 -7.01410172878544 -5.08934471394515 -0.464983644451064 -2.58494721452406 -0.307709632519193 -1.58069859089141 -0.514227295807823 -4.9997586204444 -0.341691132280273
-3.50273738092753 4.34673010794362 4.30733825126581 1.93121090592778 6.42288360310166 4.1690922369708 -1.65408773898579 0.603383477206878 3.79177521068517 2.26387742518544 4.07611903546709 0.160980383899262 6.14402936577758 1.4880322097487 9.5523391243804 0.139709644128724
3.6157128388906 4.7361270232937 4.69189832266482 -1.31893851940994 3.35777607315471 4.16078486448114 1.24020121267869 7.67641848652232 7.62963244619009 0.658400004796453 -1.19519120292895 0.576224519194118 -0.930412387059939 0.931670619925477 3.08000666718546 2.25576037267155
-1.4770725794958 2.61589064810778 3.72931705429092 1.55692422414159 4.68172422774439 5.88492209640168 -3.03269617607653 9.9230077777262 2.67969314682712 2.07883866188684 0.2711625397368 2.22508266073486 6.73661246380713 1.17002425162321 5.80136186900655 1.26234465594777
-1.79313269090166 3.89991629551443 2.86541577671369 5.876169396902 4.40217982688844 -1.2194537282576 2.51287252425559 5.14052958306321 1.85927571464103 1.60114910799206 -4.67262791151559 0.703915453014301 1.62709434327228 0.488152114496079 5.24993569660447 -1.46493000569789
2.47904318806139 4.99889737620493 5.77093524760043 0.585897573762234 3.77694510616478 2.95938446040864 1.48428483269595 7.41792665624087 0.614519342695319 1.05243592653259 2.04900416196517 -2.68424295921833 3.07697699178081 2.70955501775647 -0.622461775361417 -0.45204551450954
4.67540392178712 5.55532622919759 5.83718819720877 0.822085491206395 5.05696599411212 2.92106742724282 5.55209239984582 3.10373587922633 1.50329831832232 1.54950499748839 -0.28107667766313 2.16295653406275 4.0174914921543 -0.732649299344022 -0.275679973049341 1.47303152732148
-1.82232514542035 -5.45227422184531 -8.09851235958679 -3.32996521261806 -2.76590379144007 -5.24535921570904 -2.30612944078399 -6.71120813936687 0.604723938366127 -2.14003494896609 -2.46033373213024 -2.70700571290911 -3.45073206674531 -3.52331865767699 -6.40958643734881 -4.85893486715251
3.51820842832787 3.3545481248611 3.41374606869826 3.10235743650088 5.77563769423276 3.98834970014843 5.45285456834166 -1.15696295436802 3.00844427966693 3.12507100768159 0.947332992176316 1.62771059203789 5.93600750153301 -0.309853150078083 0.49490327595145 -1.47675108326706
-0.905440062063813 -0.887745030840184 -2.54666116445044 -6.19929998274473 -3.18743897903256 -8.14932167064907 -1.52101406817007 -4.12409163026657 1.4229793759425 -2.6320332821654 1.24720348739511 -2.12835184453752 -4.81833129939962 -5.15686325826515 -7.18541548870724 0.0373531987477884
0.471927761251599 2.97276451980771 3.23869994569035 4.85205648679907 5.55272301539747 2.02359895410796 5.12594996268748 2.93377793181508 3.87548718298105 -0.766229069717054 0.134673572590866 1.9626649523083 4.27814382438179 -1.65166101829528 2.26124435528003 2.07026363993645
-1.20045966222901 5.49181685348349 4.53795620777719 5.68879729467662 4.93761942069873 6.1610575471008 5.42945225955377 7.96085899493258 4.83855744779859 0.165969308273409 -1.54986888367209 0.991141553247319 2.74138139469122 -0.599953763030963 2.65061719550162 -0.757035781851422
-3.15419343409419 -3.53720539121007 -3.97765238644558 -1.23530606018761 -3.34595479580196 -2.27859593882001 -3.52707284068918 -4.96278996545676 -3.86370674156828 0.651371781221311 -3.12656649774819 -4.52766848566809 0.270020768073882 0.826984412560526 -0.0775394723566607 -1.73040502936847
-1.57382639340148 -5.28176847311586 -7.57363664202376 -5.31594551487281 -3.03325771819936 -6.49564383131688 -2.00043568057542 -1.40840450010185 4.11757297563409 -2.56375613220772 -4.56896680252365 -0.20961439930509 -2.69349663653748 -0.552864752262508 -0.0174341017500264 -2.02729832970771
2.59064312177685 4.01863320137923 4.4966735856776 2.99771136590953 2.22410452742277 4.9471884242747 -0.0287831258617952 3.7016884442862 1.9309799496348 1.93950229629082 7.0409335352896 -5.83222895961051 -0.824994708946006 0.0427074399366443 2.24983694533701 2.9307436614074
3.29118290514955 4.07549028966733 3.51494669387367 2.52681414718096 3.11613115300084 3.08951204117877 4.21991549870405 7.36912515947442 2.36280987654134 1.87742904131156 2.79097524649007 0.626509548162378 2.35343446089416 0.60967711846274 2.52468602228814 -0.0686633997144752
-2.38220868992189 -3.95576282170375 -3.2106100761018 -6.04482031553194 -2.06736937770001 -5.24987315921985 -0.833481324052492 -8.61638878008869 -3.21287326274741 -2.8160831465474 -1.68094589690219 0.250898065176179 -2.19329661761865 0.803692125864192 -1.38511793325572 -0.922070631281129
1.46413871443571 3.73399839791335 4.35157766199945 2.09649573379694 3.32240369922545 3.69733258462733 4.56932412045671 3.25878582786165 4.56213024962108 -1.53958639452056 -1.05485905885756 -1.7042069836657 6.21240947425079 -0.968804503666183 2.1600011588379 1.607803318279
3.61784270595071 3.51084364049796 5.35829830664092 2.07985032290865 2.66515114235939 1.52258971272008 2.08739740942297 9.18389375528952 7.18056455087826 1.85834142109547 2.60088996307191 7.76745713363367 -0.517436299385706 -0.0194268153112112 4.39825190230778 -0.186430903592811
5.10418605982695 4.25530861586468 4.91467860939062 1.62066948785052 3.95829737634586 4.41298753008649 1.01568249191229 3.17939514750652 7.33183826497178 -1.7192245462777 -0.242168204904828 3.88172664528944 6.57200244215806 1.22449300942253 3.2063948642874 1.57920228425668
3.74918550545666 1.61837978776359 2.65185976116851 2.21909122221736 4.81809544006355 5.22754730654967 2.86061515638217 2.34063963260201 10.0297652528491 -1.33743017605051 1.1644616746938 -0.937881996293868 2.75674871261457 -0.890298042063568 1.40480738290937 -0.44173463575567
-3.72167517528341 5.6238216577843 3.64849560806941 1.98467420584493 2.23745852283377 1.58885299383207 -6.02097225346082 7.61209160892492 8.51187565839773 2.34345697820002 4.72708170110412 -0.284583572011942 2.70619979586763 -0.0858216575486768 2.13748749850204 2.62763138256618
0.850523723796473 3.76483302826116 4.88790611191029 -1.53163070133526 4.7831299778218 4.29257795257723 0.432721569991593 1.98956722398922 5.07884354485759 2.74550061288818 1.52028811176527 2.74428841754072 0.903985447187614 2.83247261891368 -1.04003099892884 2.31137101424218
3.69863803868566 4.56260044872751 4.50366733885976 3.75713507757415 3.745687086308 4.21008599200586 5.13269459185022 3.77054175379879 9.17608751525987 0.752825868635359 0.199000683131607 2.26929707301785 4.38113636905854 -2.42385990112413 1.25034262272994 -1.40513949390972
3.3084296743419 4.41803159735706 4.98563410326791 -0.380430496305418 3.7374795880866 3.80254608806619 4.53395579282892 -0.752366874603702 10.4495111938147 2.84726907724483 4.10140781854088 1.51063263714384 4.0763154514553 -0.38068660724413 2.2096302042424 -2.33089440233976
-5.69174430376938 -4.84662870218717 -2.82931099729297 -3.9495960176131 -3.91722376073428 -4.02036062853668 -8.25832889959529 -8.91690113776323 -4.71521684562768 0.442095204335503 -0.426765975642792 -1.95696745551722 -2.63835727036913 3.96898896089401 -5.68012479210131 2.36026994552504
-0.320684122439109 5.37090872661224 4.16383175504654 2.37809300531718 3.76759701342002 2.57086628107388 3.05896086002054 0.115180750151239 10.8368055056124 0.140387071105507 3.14634704494952 -0.667217661976186 6.44961817528745 -0.488566399473199 1.91463301773093 -0.0697026754744825
1.00657902944753 5.87661251751173 2.24962832744401 2.12377891861161 1.28753061735919 3.09274047893613 -1.81278725877312 1.37612000222365 7.94848049867624 0.851351098211776 3.01936867544702 -3.06157088724567 1.42709882585074 -2.54215404743781 4.94997586771282 1.56532755081787
5.93908634465246 2.28938553680434 5.38973940162421 3.71494113303695 4.54042798195657 2.55571536665052 -0.795197350912809 8.35553705221823 4.74230352783373 0.137273277926855 2.91518891121312 1.45527527560549 7.03628890669007 -0.448967474938134 0.785241134368383 0.451424535792984
2.90831359668708 2.69989995237006 2.5500618483654 1.75922615746137 3.37179893754598 3.72430160389681 -0.106293088201488 3.88287386791288 5.60031469740423 2.16186683336499 3.36462577543661 6.07503797182579 3.33338322314447 0.0737600863759116 6.83998615601302 -1.88276004061164
-1.26104779249741 -2.05153775641 -6.09096147110693 -1.14224266409773 -6.03366425171422 -6.88010490798471 1.70913769453154 -6.14698461232574 -4.95176150980241 0.853417630950109 1.82199607086658 -0.949741134343738 -2.87157262474387 0.191338082932377 -2.06710160261085 -1.40133291407188
-2.91675378363197 -7.51943387593466 -5.05717796805763 2.54779627244887 -5.92367349509171 -7.49883137009714 3.50611219584937 0.1337661241408 -3.64369665261529 -2.47434897560212 -3.80443924878774 -4.16670310506241 -5.85500511834818 2.62640732980309 -1.03465797559303 0.0501012764141762
-5.3685536080428 -5.84539886070105 -3.90843441480533 1.77830626874635 -3.60181725511289 -4.39354195295595 -2.10820666431467 -8.77676398571125 -2.16529646422175 -5.42267778259642 -2.26645207943272 -2.20164273478435 -0.563568440674207 2.60542325789126 -1.25241490045119 -1.09058799958659
-0.188622662126516 -3.52746210488328 -4.76002993004816 -4.19967957665574 -5.93907278162499 -1.048315994587 -2.06046655424775 -4.99485513885858 -3.61239655959417 -3.65150462454927 -3.81789190100923 -0.35359288509366 0.0671497089447866 -4.88014482039415 -3.04884620980374 -2.55785467365481
-2.12254088655288 5.05720670979043 4.61426304970946 2.80526799813186 2.94358363056779 -0.102750864719386 -0.353498143412714 -1.83554539612978 8.41292637597349 1.27661650034419 -0.136265141381668 5.17909154064856 0.890030096165521 -0.676276670183309 4.02552095622441 3.20290774962926
-7.62959675560504 -3.59267794533167 -3.06533330708204 -1.55843467872615 -6.27869488453916 -6.72863575702762 -0.55203700004459 -9.10560154672592 -6.60129893299459 -4.03029586413773 -6.04280408793021 0.308684072810516 -5.69219332663714 1.09752142495809 1.21854501255797 2.68868051463125
-1.18659033417854 -5.53542010903617 -4.198474260335 -0.195428840206759 -3.90482112897197 -4.72628189927031 5.8032668024579 -4.2411245125535 -3.84457765634166 -2.91117415838965 -0.22689653726366 -4.19524961540808 -2.31588006489758 2.42981126656976 1.06729178358705 0.786519489973551
3.33037568976712 4.24828708586831 4.60357197214422 1.57408369332852 3.94883925861251 0.286885185253181 -0.716955754889085 7.07569507950656 4.95139139452455 1.91028451017135 4.56609423977126 0.143482900348773 1.32658203708179 1.37415035398452 2.51850496470295 2.32580618871399
3.67382757756493 2.85826680386487 4.23877807970047 6.01851900873731 2.46165615152352 3.36453058626336 0.150839730536072 3.44276254363938 9.66437494172768 0.776784681348832 5.97303935437476 0.678431040811048 5.41104107428847 1.74576739795654 3.08268253965014 0.398738849416714
0.151414026955309 -0.526611810782722 -2.75467066496729 -3.6062523487343 -2.12161937096044 -6.50208412205894 0.507906206202201 -1.03155246994204 -2.92417440922271 0.507375157788895 -2.17807029708708 -2.27956619303372 -6.30445652700506 -0.616296707292673 -4.97973318739061 1.40225598108686
5.49011979159486 4.36145080005394 4.62316350752731 4.04232441950631 2.22451124350187 0.397513455517225 -0.604960136910241 3.96971447249731 1.34093833912806 1.73298097807604 1.47084618961187 2.97727185915224 2.8135981824379 -1.33654981489919 2.05638699853746 1.02273860432532
2.13533192316311 -7.13523773297156 -3.92918410387899 -0.471230641445516 -0.43528395210443 -1.79905697152213 0.104807677910265 -3.68553200516146 -8.80317965955815 0.835104940661977 -4.88264006189481 -1.49522393470942 -6.24609170824137 -0.964886100684969 -5.87350633857887 -3.07050664361067
0.991518102724416 4.67480483443375 4.70947289789758 4.17060270830135 3.13331018049369 0.376246303394187 -3.20806173910891 3.4790858130692 4.03432840741987 1.89164899464458 2.57731190854838 1.34593590993434 6.37007055550617 0.358847091544418 2.15132423117021 1.05706303993412
-1.70838884294941 5.51984461715015 3.78438188024919 2.62987631646345 4.03004950023324 2.76527605439845 6.03596069111196 -3.08109398052751 4.6725024702104 3.3668812048017 3.12629554817653 8.47791645920792 -1.76965446673507 0.825867334395665 3.04254408477163 -2.24448602501256
-0.242883374561481 -5.33916947756495 -2.06754956926947 -2.98758833252353 -3.87918936480787 -1.85016754790948 -0.0269951887613837 -0.133303476368888 -7.31209483456103 -1.94418030356387 0.765791587045358 -1.09482199313908 -3.04100688048902 1.30631124716827 -6.84625019534652 0.564798585792291
-3.53164579843632 -4.50621619295295 -3.26371874964985 -3.58529043918376 -3.75762609949795 -2.64189617533303 -7.82888306929298 -1.73549904694006 0.422399129688868 -2.54016358489062 -5.75006622624693 -1.51913383305342 -6.63624802987628 5.29067640725752 -2.81496934386627 -2.23698421615446
3.21213507299583 2.40401004818807 4.69487540085762 2.99516387424035 5.79898572360084 2.33178213458427 -1.55312168935392 1.83649104199292 3.39936649338216 3.60400816227068 2.72650691926835 1.4747607087201 1.39351545508416 2.39262864815562 4.88039655749745 1.49003951673354
1.10937710203104 -7.60269843657524 -5.97986557717226 0.731305719428948 -3.86189334353216 -1.57763763053819 -4.97002456649348 -0.235057207892931 0.0759631457888212 -1.52440234288184 -3.62791665066462 -0.730976717275353 -7.36262806492445 -0.0451894576416351 -4.15200182785047 -1.31361139523052
5.53004010099263 6.77610331756752 3.94650501967639 4.86957016488873 4.7501779326248 4.49536141014839 0.475541214050889 7.10621305653092 6.54616484934773 3.20603806539073 -0.718382955806291 -1.81880501394358 1.69922598636366 2.38004305231713 3.82836626254436 0.976144531013714
3.96680949227443 3.61479936035681 5.0393723859904 2.3066595829074 5.22644185829002 3.07500820339245 4.55217073069806 3.39954112627444 1.12084899375683 -1.83102418587487 6.08701960029886 2.41746182910962 4.14604060925872 0.0792868692040081 8.53762629488079 -0.0132492186679554
0.864603596026526 4.71996179187215 3.84682038397403 3.25589567181324 4.68239891413653 3.6295668086419 3.29928147641671 6.27846758082166 7.07747956877197 2.30049528821166 4.91985354798892 -1.93725820398329 3.67169472485986 0.415966612313065 3.85969270966127 -0.537379230150743
-3.81310358790979 -10.5883041151578 -4.1976795295044 -0.832557218660705 -1.03976804614311 -2.14213951013718 -5.40803157220972 -4.28312184260422 -5.16171730467439 0.328511100282833 -6.69483341319923 -0.831525615809834 -6.50311502071242 4.36629769430634 -3.26005887417594 4.2466539636132
3.88136278901788 5.52678896102752 3.91433496094087 1.95728437539717 7.3723668715001 4.97381705415892 0.253913773250264 5.20785795052369 -2.24628110733019 2.45626670328202 2.63065156620493 5.52375143410148 5.73334096269787 4.36779589098934 3.92975748565661 1.36946348324269
0.5838443431158 -4.20635235643355 -4.24572371746277 -1.69657082701845 -5.14609769991532 -0.351618604362328 -2.65258627705126 -5.4244477880261 -3.92071355297508 -0.225741161999819 -2.3470959207494 -3.04116535877631 -5.1543926676257 -0.289432986343683 -3.23898528523588 -2.7659136622213
1.8493631740931 3.59900841083739 3.25952257441214 2.07805194509298 4.55749069631133 3.33703298080446 8.03774855713123 5.06422211081893 3.10266533687339 -2.2797316072738 -2.38786035864531 3.30524576672607 6.77701330265309 0.797549606374594 1.52025324767207 -1.02265144341856
4.52195134591742 3.81651089276249 6.85916120113007 1.12387404903846 3.32015517834188 -1.02293498699392 2.03799688887805 6.11115546069507 4.3030888042333 1.14299042520114 3.20184765138387 0.983170287698953 3.98434065994861 0.320112586745549 2.69123445911784 -0.450253962868975
1.71223326799224 5.2346259442187 4.2637757428526 3.20464291963277 1.52592045361702 2.96241043834676 -0.786787475404838 4.41909206599436 0.431272892092208 2.59580841999866 5.18391639459748 -0.581256921894728 5.12116843046265 1.18938009210222 4.39558051790845 2.22491111523629
1.48273957856998 -2.08106974622935 -3.70708297210146 -0.186072070761132 -3.5627660456591 -2.32755628854464 0.921135088840758 -5.10052266745728 -1.75532559996517 0.497063148772259 -3.77320722862927 -1.94023759828896 -6.39007826675147 1.93912730439203 -4.68626667704925 4.63513074588731
2.13966506062471 3.08672057885066 4.25532342687433 0.940352238060432 2.10134469095619 1.89424598763577 4.80310414330314 3.85680985958178 4.94029323413559 1.24948727116339 1.78836930073736 -0.729886216309233 0.986504544996731 -0.384549636591175 5.9180063998915 2.64110618254152
1.13614690190245 3.55663405980785 4.28138662936744 3.4972126539586 7.13740420239691 5.86688758109892 4.46666105543535 -1.45907543912445 1.86748918067202 2.201361725632 4.02844395728137 4.30407908277099 5.45703089290073 3.09184765097123 1.57133895683044 -2.34517917153683
4.46624391346545 -8.58165636135641 -7.50410537797754 0.210405196740852 -3.91989881839993 -4.02897211492822 -2.15646826105965 -3.5978348590297 -0.394307752864667 0.801483280769353 2.9044636150477 -1.49102467212985 -7.83596676187759 -0.406258657474366 -1.51344185983115 -1.8658890310732
3.34578224876735 2.57292422983928 3.10829819061376 4.38138746220279 3.94178470614421 4.87545298702781 1.05971857559082 -3.95901511904691 8.70423602369752 1.21552061618332 1.6694088199408 -1.70224500930434 0.727706191599401 0.975657490406693 6.05393899115436 -0.886657660174907
-2.93899789748628 -7.38213850941685 -2.94885304898292 0.293839758477512 -3.25069599964849 -4.10892444234876 2.07039935508285 -7.28490564873163 -3.79919006198562 -2.19813463038387 -1.78358958399759 -2.48803495900819 -2.43043274462445 -3.91897607447108 -2.84388368309516 1.51711841177631
6.21178239362277 3.19141320916104 5.60987828063074 4.90094460470894 4.16879048112329 4.67868450136008 2.68640139624849 -1.05882491461832 -0.280536065170068 1.98832183485647 -1.37817808645489 0.447700253760008 -2.29489276964229 1.10488110619111 1.59740562283572 2.4631197294348
-3.06220571578866 -6.71364922402685 -6.55458298452112 -1.61830872014176 -3.65230124923873 -6.22945665597048 -0.388604531283643 -4.85516620632864 -6.23988358685336 -4.85560911012143 -6.20729584703936 -0.858167398906404 -1.62485546398087 0.595120475472502 -3.35127998157453 -1.91335292951678
0.954988376040099 -6.97515860340692 -1.84871005755433 -7.0735750527896 -3.76579586942862 -2.51404886694855 -6.41602585307002 -3.53918350770315 -4.03062813362214 -2.6536370651322 0.571541257352319 0.503857175362046 -3.39352760990565 1.55152617547961 -4.93413750697879 -1.39077487426366
4.46662781889275 3.94383700024732 4.05114629966701 4.18692686013888 6.27111479160343 2.46942801315192 4.09428804878057 2.05346733742989 3.24047613557392 0.419317387357042 0.509756864992398 0.111255957056238 6.1880464314224 -0.541104139318138 -0.483409146321246 0.447918665724582
3.69450285935817 3.09661825296442 5.19174044256576 5.55728231043128 4.64594709735789 2.53087019054213 -3.5648368983752 0.701413327358509 5.13970489188336 1.48260927087358 8.21668214788716 0.943161570169728 4.48133348770141 0.840774180229093 6.21372905120973 -0.256050951261912
-4.71859776820615 -3.32752434231763 -3.06534883421888 -3.11844171381341 -4.42918386735019 -2.15123001914477 1.00354345523449 -3.93877713864704 -2.98753024840968 0.135670933798546 -2.44392660806919 -1.69849617560426 -3.64009550003747 -0.671056060552616 -1.61620363505347 2.45677524505973
-0.642519628656958 2.98250439440126 4.22994905321812 3.78109817890899 4.85024163914556 4.08463668794784 -0.948988952639872 3.66452930975342 4.42238346165006 0.208732638264437 0.358964026930241 -0.865623129787254 7.84584581206339 2.59238419061397 2.8256148726098 0.280641963197133
-4.89734920420055 -5.80913867122291 -1.47084914606813 4.44917643064229 -7.77032640504964 -0.384824889573485 -0.765778345842588 -7.08973416509198 -3.15396172676066 -0.106020392686948 2.93546239756234 0.760273137135574 -8.44278110415009 -3.25181217268986 -0.759623232943575 0.966462592249365
-7.4414078879915 -3.28417916894893 -4.47527856954355 -2.56749938548021 -1.8429221232982 -5.68956114957468 -3.11899420109016 -3.45133261441031 -5.53948606199009 -0.744215743855265 -0.852970669008913 0.134003424132765 -4.81535473795518 -3.95555791383378 -3.35420227734623 -5.07749751238626
1.13121813371115 -5.33958184686293 -8.03930056132427 -4.8269345859134 -3.54812413468146 -3.67387445358517 -1.65345129944042 -5.99541430147722 -4.22607984995551 -0.587046545408181 -5.7077681095832 -0.219248241994497 -2.4068170623034 -3.25493643909679 -4.97554217702363 6.06635329232996
-3.19460737773853 -2.3297257340994 -4.79134346778691 -4.05218719912163 -0.263275787949883 -4.60169375157574 -2.36170520010715 -6.03059934040937 -9.09776641498719 -1.37678868129435 4.78172439350478 -1.33528616413218 -4.56838511971214 1.54437951687175 -2.27903761604033 -0.152542225004172
0.496322610683077 4.83069880993291 4.38116932667364 0.171745090862413 4.44805256390613 3.99943320820865 2.42759629108734 3.89979431339905 9.88251929821384 -0.42958726822725 3.92047377718128 1.46185376782849 3.12803514498238 -2.3532203331066 7.24806487010173 0.776479984275059
-4.64920190198176 3.69346567564951 3.9245574110385 1.75069072771082 4.63275173586182 1.36937456260043 1.07559028861965 5.37343151816845 4.42142678265027 0.471563040023242 -0.824609751007477 -1.46711960115266 2.55714744444816 0.885387589899254 0.388746659998415 -1.37148932592182
-4.07208843934215 -4.52334937240823 -4.68051979287242 -4.19994892866625 -4.19860187051797 -4.06371672556214 -5.37081824741106 -2.49028430450078 -4.07700530984168 -0.165764036256096 -2.0003569739676 -2.10460787237008 -2.23543694189948 3.00356095659427 -3.4095707575592 0.436789286483148
-0.679753738230514 3.69718672144971 3.92725357769134 4.90259166074982 3.06392042556627 3.21721885771559 2.13350226417337 5.80034213535891 3.340218225415 2.0179604782138 -2.45034876841358 4.09383635382287 1.91679522521805 1.66328999370641 4.65158831765348 0.343454544305169
0.0940418021654068 5.08344428051204 4.41987772960448 1.38319344496667 2.81114745924694 4.99316757731802 1.26614010961015 2.72311376236273 -0.104702321314756 1.00278521116197 -1.19676815949107 -3.82929190180099 2.95152263050664 -0.0341199681808482 0.546367531841401 1.36424176056127
3.92156808213696 3.63298027558399 5.84513822727651 -1.65884332894705 2.67198650848227 3.20059466482728 4.92817221646505 2.11047920701736 2.57261665227162 2.80178039600744 1.72227147083147 -0.265243907192065 0.690404868484886 3.69771579303112 4.3472008065178 0.38208237762629
0.0379199171386195 -4.84954513552527 -2.83253059994733 -2.35779561304497 -1.61264913575114 -3.99455795457709 -3.05550915381462 -13.2693246422079 -2.93496311197221 1.14747180308145 -0.766102733283163 1.55213876189439 -6.04119235498028 1.9391976743841 -7.28643401219874 -1.49845267825253
3.03293894294417 2.40137970851213 5.5033510986556 4.25974646376269 3.13153219930884 0.22784578490483 1.2095340654916 1.29874805149535 0.732009308845762 0.122510928697128 -4.24123772249822 -0.444695489838619 3.19373781739615 -0.598779654257687 1.73001636055756 0.548645232812501
0.66806913594062 -8.84042739563948 -1.34567211178122 -3.63942378552796 -0.390222615191444 -3.35220471276189 -0.486206234902957 -0.964005820711823 -4.92136623422103 -2.39686010824641 -3.13959173164291 -1.46697285454053 -2.09952062956762 -4.15999273012095 -1.91087960930382 -1.87374112157262
5.80649894656589 4.06093320502198 5.65440569229368 2.95075316731054 3.59307910803949 3.90849948546015 0.130038681827953 -1.17228852811976 6.73939155327196 1.71462399075833 -0.916762823444973 -0.0435195973793954 5.10553220179297 2.2271921241439 2.44071535153218 0.248591148877325
1.52129961475176 3.75049747851145 4.43748715771237 3.53188857056308 1.80371911011236 3.51056900342346 2.01424700321704 7.16197062840178 4.14382905073552 2.83184949260352 3.85430088405009 1.41090408411116 -0.263309085604344 2.22589824997582 0.742192265048628 1.64479566377146
-1.09272878077342 3.75087386439303 4.21482274469157 1.55035858543089 5.47177425276367 3.77055220354 4.33520613070725 6.69032569864655 -8.25502249012136 3.03407195434845 -0.04336635055634 1.10838197004707 1.7050883137098 0.659340934763336 2.8554614555776 1.25934741134769
0.389534582995095 -3.92984857455118 -5.4671101455802 -4.97104140484544 -1.7431653941734 -2.983291062027 -4.51622796512938 -8.49619927831337 -6.39447785688716 1.18393461309173 -2.52576803167384 -1.78828487460761 0.519791478649382 0.909316944720463 -1.2508096197277 -0.501080665470027
-2.77675211753437 -4.16413454696209 -6.58379368981268 1.1132516878985 -4.69716544801707 -1.87050115453749 -2.99386389040726 -6.48170755850032 -5.05232326436002 -1.36220349624602 -5.56180270357607 -1.6948729591426 -1.58487271415577 -0.249009869192377 -1.28280285302797 -2.27698594358323
-2.49615325215113 5.72951772858508 5.70596811525427 -0.100947316449673 4.3740302251363 1.23687386542162 4.74825786843918 0.805928891183349 10.314520641145 1.05028637588915 -0.142308871219226 7.15106172788161 5.351811236641 2.87078933032446 1.20942366305659 0.768442671162794
-1.30063982416054 -4.4849725820544 -1.40438532627424 0.757371338619904 -2.79140106263331 -4.13359462309295 -1.76123919202793 -8.00984999579171 -4.34920924922109 -0.460402820930389 -0.512180040411588 -0.889676333126985 -5.3935312878649 -2.38190000026713 -3.20797846359834 0.646645867736193
-4.28529418827805 -2.1123815261638 -4.9400394851899 -2.89788250399039 -5.34566690609879 0.351045371184996 0.345306115179624 -1.39530709285776 -1.61109172623196 -1.26898472986294 2.12906121017988 -4.32593876597936 -7.20273215194657 -2.84114363382855 -8.65177947791039 -0.219105566752372
-3.96931036468373 -2.9282471091162 -3.12270026012471 -3.72477176147583 -1.86868740494997 -7.31948714099432 -0.161418850257369 1.16189661994092 -4.28706267818724 -3.04472201561707 -3.35350925311399 -3.37934887766103 -4.88115798787486 -2.49890838929206 -1.38342451857829 -3.02055013854538
-4.84154460488473 3.2170217584435 3.83612683081374 4.59718724462756 4.56228722420614 2.43758203150769 8.9019038287509 7.51081404940726 -3.00347491460433 -0.563337443094678 0.421191525009206 0.952183330241366 3.07595810239679 -2.94943041536465 1.52945369244293 -1.53727258610576
1.24248863412132 -3.29135562536061 -6.81800556496798 -1.66470936362501 -2.08554009966061 -0.312815931903974 -2.60437988614386 -1.95154182489337 -11.2952948239144 -2.35252319726927 1.33355089879794 -2.22995675762056 -5.62604824088645 3.14653982310148 -7.28576340072802 -3.10012459156044
-6.04205987198609 -6.15633190647021 -1.59485575151 -0.215272704405738 -3.70745057666753 0.483270491104439 -9.00920989848179 -4.25547747998956 1.27473537293005 1.2657443590085 -0.753275540386287 -0.042913306338868 -3.88581944357649 -0.32671469164894 -5.5129644002178 -1.92600914443656
-1.67899894920583 -6.085555913422 -5.55709239561529 -2.1725222870253 -3.96291330786804 -6.91406799845509 -0.773592922198959 0.38148298164771 -6.17043429629854 -2.25032936711499 -3.71209897555286 -6.33602163185631 -0.95664364944575 -1.6091460937404 -1.26707469420746 -2.19615751756357
-4.39956679191672 1.38613167108781 -3.30999195619226 -2.78613537889245 -3.38809964614669 -2.71479967276003 1.66712657531545 -6.69653794049413 -3.9259891480282 0.449336450868197 -0.241795131434364 -3.03884441317011 -9.28093473713838 1.91894596723805 -2.02024697975035 -3.52817219183677
2.43176178082563 1.95978775582935 3.49286876962893 2.15825579369861 5.81130995794827 4.53459366774917 4.15098307154255 3.14797197003245 2.4272593146906 -0.75272168097794 -0.164873354101963 0.623615494226704 4.27807072724802 1.38426440719213 1.86248433942816 0.151128362852938
-3.11991314111072 -0.701976068803707 -2.78974319926356 -0.720791185791681 -2.88973577434796 -9.61147690147931 -1.35092182399528 -7.07654184543117 -4.46189901786397 0.671936220650073 -3.47237516864397 1.57245822935392 -3.366929569771 -1.60606474901764 -1.14968457687445 1.10525251270639
-3.02695475322724 -6.95402615103947 -3.63093718150378 -1.50089785792105 -0.768078385298187 -0.324090766346089 2.98964116940395 1.00957912741658 -5.83844347280414 -1.3952397054821 -3.54329909102205 -0.28657466396225 -2.60163463330081 -2.23281999081772 -3.60288663033408 -2.38562881461453
-0.659716703290341 5.04610689610185 3.74624667295041 1.85510777546197 3.2899046654022 6.21714615138433 0.666575109745382 13.1057468478263 9.09812005484148 -2.02464532025696 4.92038085827791 5.56851140182733 1.60402118426573 -0.406217918326868 3.56091093655691 -0.805434909881317
-2.77413668459492 -3.05414911237805 -3.82630500561942 -1.00482522249004 -4.65322018771627 -4.7462264413609 -0.934121602516325 -3.2199580748185 -5.1165141006487 -2.77831695292716 0.542724896096575 -2.19142752564252 -0.0312671621183145 -3.83663387930553 -2.46546784690698 -6.28124830436895
-5.35379829885718 -5.9132984477829 -5.88394749750255 -3.42665882851673 -1.80079982045654 -3.13085472055532 3.61673166742379 -4.37680292554678 -7.57892778045991 1.03915721277978 -1.16490618297565 -0.81290905383969 -5.66972320999396 0.826640405237183 -2.27958241590945 -2.112689653807
-0.134226105238634 4.85856231646307 2.93136625280591 0.269957114961389 1.78444352625248 1.88943110623688 2.27940931377753 -3.41060542643733 7.27313117903176 2.54856080673241 7.0136230144858 2.69026063025759 6.63506085354637 2.66062453015466 2.74335872699064 -0.959473855802694
-1.80184272121332 -3.76703248928639 -3.12581900880648 -4.2242343444819 -2.08477848622055 -4.3871456917369 -3.24567143652539 -4.89103356422198 -4.69313383556656 -0.260786879856033 -2.07180691849507 -1.04344826292436 -4.12167932511877 0.268071246142807 -4.92452515795977 -1.68196690892339
-2.31718149146622 4.80439300306917 1.48936508861389 1.72114327259094 3.80784953097402 3.31994914031896 1.40973030684101 0.527979197383038 3.24380455098653 2.80059489570817 -1.1719449552928 4.0552271644318 6.79586422145808 2.03352407451621 2.52944047737599 0.695884921963266
2.48227792191189 7.7840665588313 4.82158609039729 -1.8028689821917 3.10094511701164 -1.83061898849643 3.52096469439467 6.85246252355556 6.17266243262868 4.11250638380167 0.159326247902845 5.6898360641389 6.26858407809975 1.32031872120235 1.43197649367294 -0.325309305371764
-7.20777037841864 -3.17770491217602 -7.98583306677864 -2.01823696632248 -2.28782710173338 -1.56826561327704 -7.26272181928863 1.99708410056144 -8.6504995886784 -1.15236410301146 1.53401045194886 0.667162952537552 -4.48580949172237 0.0402550387393484 -1.03214847661929 -1.26798133528732
1.92247219224339 -5.77500778270516 -4.77886768281341 0.697737687634501 -2.85431886903379 -8.36718985612975 -2.93879671505187 -3.23550743121968 -1.83021230510646 -1.30073363859082 -0.753044120616532 -3.15832814792697 -1.29674592403905 1.90679360387837 -2.62337547174697 0.337003496384822
2.22264468909994 -6.81266882633621 -0.377428748052559 -2.11954905412265 -0.976469080364743 -2.14092367426413 0.107428680086519 -4.10150771456242 -6.7941378337916 -0.752428372990706 -5.95204837543576 -1.6011743870007 -1.20751801993912 -2.41370460618437 -7.12478926403163 -5.05495247123223
0.420415038472283 3.98795056322952 3.20736551168153 4.17099448093819 2.85283100417979 3.50127862227112 3.83773508421278 1.65452211904114 4.65284907126265 2.01672482834844 2.46954714973406 0.132747097500405 6.24083146154115 1.33430693102539 5.83371221651258 -2.00451835907536
-0.165419932644262 2.6299296894992 5.57676311845 3.51373246398331 2.50580188639102 4.99540123529095 1.15896846393345 1.69779376738237 5.79980645068399 2.19438164959718 5.79149394364146 3.42319101457781 4.14237790912477 1.35442974494607 3.6725723770396 -0.234296432227156
1.95268411770084 3.27453501428996 5.35002938996751 1.53343549601791 3.84391961914186 2.7502150451906 0.0367225218400853 3.12095230293157 9.8011247372263 1.17061641500557 -0.84321022450269 -3.79070679618459 3.52002527871308 -2.95116766836899 1.8218272745511 -0.0130656716413556
-3.54764401157674 -3.81100226709171 -4.07649978334027 -4.67344495936263 -5.03757527983626 -3.92760110835646 0.809714795503673 0.929928071332987 -1.06594504804008 -1.96712200278153 0.477532589980598 -1.32092089638739 -3.17798250426892 -5.26461665737426 -6.54145948655101 0.104856102327089
0.43658453122396 -3.70091977048744 -6.61461268738138 -2.08175086884731 -5.97508903091286 -3.4358974043828 1.6863423500338 -2.68373580490238 -8.60752068157589 -4.59319002304966 -1.00474028279794 -1.68707611308587 -4.63755794518244 1.28077492771772 -3.13273367858433 0.497504029861906
-2.21436641650871 -4.26762534538358 -6.14894886934812 -2.79494690123424 -4.96922544471735 -4.92142171771334 -3.83921647338716 -5.01399290491192 -0.520397468788179 -0.702760622519938 -2.15231621100996 -2.76333940855584 0.52795222277709 -0.288067023523852 -3.6108486349227 -3.22907995583648
0.0377013478443549 6.3176084386918 6.31749029148259 0.583515186688601 5.24835641365043 7.90451676554946 5.356320680711 5.16212285862738 6.92892931334978 0.191903206379324 4.69820369473122 6.51402501625373 2.84246872639645 0.459701788165737 -2.32759664398902 -0.280520190364944
-1.36014968105899 3.48201533235786 5.29241061684004 3.55265523965783 2.06420233512684 2.37870735810979 -0.142742759244615 2.26501341796738 -0.62152548518407 2.12021087238398 4.98249728536074 6.14444510125721 1.50872017302868 -1.43389564798784 2.09430008648022 2.73508203101815
1.45233241924584 -2.92712751263093 -6.00597420511159 0.0541790628067913 -3.02206436081461 -5.83054985565653 -3.13846288039667 -6.61272987354983 -3.2005319870973 -0.913711166544922 -3.61533142012543 0.492959001358672 -3.42059909564234 2.46955515553676 -7.16239755877825 -0.581951298135585
-1.98603227504022 -4.71721816609204 -4.07803368902192 1.3207709146349 -6.39894950114474 -3.31793513795745 -3.80620954633818 -2.99262290208146 -1.33553268197846 2.47632492721404 -5.7936742491672 -2.64433856964354 -4.60590321978861 -2.05409658147642 -2.18111790657574 0.871025391955262
-1.63404473180537 -0.667664654676236 -2.23327189257123 -4.80498890105578 -2.60381254737303 -4.69372213489708 -7.55940964302648 -1.09386643791316 -4.94518035442549 -2.52521891710174 -1.06276772789486 2.48253362832057 -5.37845317849761 1.19340112089839 -4.06802574070715 2.17143132649913
-4.04630572494035 -4.22567204077498 -2.26867838941674 0.950528990839829 -2.89488350946918 -3.38382620697654 1.95910122725996 -5.51129938722629 -3.21795947514269 2.33579948746686 -3.80516986880448 -3.9240695883671 -2.54651880716501 -0.733219420347365 -1.51340041320467 -1.3305803481396
-2.19467512973988 -0.968630316271619 -4.5784916776965 -2.55435146172426 -4.79027033584558 -1.42088297887446 1.3166725295838 -7.99411860660901 -8.72060469820472 -2.27334107256291 3.85019341373354 -0.576288601654592 -3.17224182313451 0.450888375963583 -5.43547061309126 -1.67885745007969
2.35279049230131 3.34053740912514 5.06623955479512 2.36175532780328 2.39918156717507 5.06658883597758 -0.0829882960621826 7.65952650993706 2.52699016444361 2.47774199514805 1.33586562018867 2.28485588447837 6.68349293370083 -1.25949468625344 0.518146687372928 1.31632003959834
2.39553318331984 3.73375107187479 2.5558715382839 3.08701833896168 3.46335857617577 1.36093190749914 1.0667570503704 7.7633843129178 6.99462849319912 2.04063791110108 4.23378509443488 -4.52874981356081 4.50326364181374 1.07682326654267 3.30364063243896 -0.157505737083957
-2.6681926737286 -2.60718610092272 -9.28510270920039 -4.65366953524959 -2.96075396977847 -3.0541424834847 -1.17823678354329 -5.46552074847542 -4.98306805814941 1.49593842636092 -2.86073966114585 -1.82394302487495 -5.20710074941853 1.40503561260198 -5.21110349231917 3.15808723553787
-6.7569325575857 -3.01137117762854 -5.06538383795869 -3.81267423824782 -2.64454813901384 1.0452842908902 -4.91656799176201 1.48808100443105 -5.14663227398911 -6.59598363746611 0.547686515848527 -1.09760858709607 -6.73020755069265 -0.0630471016825794 -1.81456601963313 2.41006085130749
-0.619545962005337 2.31741628459169 5.89821252792086 2.00505977725925 5.73722361684226 2.74155372113553 6.37052237025544 1.64056898636821 3.02240229088946 -0.829187954270843 4.76670515540371 2.96235353874156 -1.89389250090411 1.57681799294188 0.345160785815607 1.63374799062369
-1.68694119519951 2.47677836004775 5.10484461654219 1.79814864641485 4.56605837633023 2.46285999003091 2.62951721149343 3.55201024704686 5.97318666108349 0.164796190797795 6.79386963913035 1.61226520806933 4.29093584609605 -2.02700377886259 6.35504621771974 0.260618717500336
1.03722003067578 3.22077199836025 3.50892946293412 0.0189588498726709 3.55643196726872 3.71254675385099 3.4724105867738 2.14794818305807 3.0786029569585 0.569586442071817 -2.2947477262178 6.18145351622987 7.56896165624805 -1.27023944402667 3.56720072167555 -1.14959511553925
2.6675978717175 -5.9343430908416 -4.96695005954454 -3.90072212764734 -6.19334605553317 -2.99540021198101 -4.79381021479556 -5.84062295566415 -1.38980960679188 -1.58609305124282 -2.13496810737025 -0.821993586971002 -3.86744978184648 -0.462163441998621 -4.31912444346072 -2.99610496804857
-0.510873516173604 -6.41138206574949 -1.44682386663584 -3.57506024834387 -3.4986925936504 -0.0834379235388498 -3.21617563187157 -4.8767260355751 -4.78405914741692 -3.36162098678593 -5.4412678642989 1.08762060364708 0.297204947657625 -5.42942479438787 -0.570175395281517 0.970109489272677
-2.58396566214891 -6.93675821182949 -3.14639773028283 -0.836280798336168 -5.26859778997428 -5.30686565507901 -1.84154948752678 -3.98085823514019 -6.29314380705667 -0.210166776307598 -5.53357424237767 0.311934772564759 0.338078299943094 0.0363329872113887 2.51850059683148 -2.8320959374543
-1.29924523363022 0.310902221340382 -8.07530298179604 3.0707671604558 -1.99396999843882 -3.97253658051677 0.791938505584322 -5.90150916235101 -3.38155376610796 -0.105547803543064 -1.06530656463958 -4.03290246387684 -0.703447179776261 -0.429712344180256 -1.35475565890584 -2.69355695323928
-2.97487841042388 4.20817096276746 3.8824389800935 2.76194545808593 3.2616892348322 2.0604665900404 4.4329876228163 6.19432001582665 9.0087480445138 1.36261799103244 6.1210947511332 1.61306068461701 0.19668634347191 0.684389931871979 2.41096214826204 0.654037982079824
0.345065592819076 1.95358880022183 6.34110788992129 2.9343546998404 2.91938334878982 3.43950066221746 1.34618642296434 2.87081204281532 2.50083148166013 2.64216993833586 -1.39269027084746 -3.89120280372479 5.66836521906878 -0.620159728599178 1.05740889850621 1.41897824201678
-0.142707550626271 -2.81262535864723 -5.72024528166252 -7.19340425498389 -3.02862787387323 -8.67684541169355 -5.27190881552408 -4.19765985256491 0.43907289512662 -0.575768444254502 -2.56194120923574 -1.1545545138712 -3.7795969879175 -4.85818678528944 -3.4253503045109 -0.311946287220775
5.54358893758717 2.95010982340689 5.25996081220417 1.06406238811282 4.8745875419911 0.968766035762902 -0.6479878579574 3.75421198190395 4.92876884607468 1.6417026578188 1.65067017229025 2.14262385505723 -0.758106065124106 0.530821966951317 5.44710946536308 3.04003638312386
-1.46594089010546 5.04210460568677 4.80656889751212 2.9533776836463 3.5907037149394 2.72873574351464 2.68931973793648 7.40074945958662 -0.722407118218406 0.314096694449381 0.781771884280347 5.56241473967209 -1.46476604691306 0.82836964954988 -0.25414000113426 2.84617954054645
0.357336666685493 -6.35427530723794 -3.39907090679885 -0.661137810928103 -3.27747819274133 -3.96275416873635 -2.81066709617299 -3.98943535294381 -7.13786540350023 -1.69953762928963 -3.69213158279274 1.1107920949342 -0.59221970021202 1.63377137070563 -2.2871761250668 0.322972598904775
-0.400508000949894 -6.33194794650074 -5.64455103229497 -5.13141688108033 -7.84766065008641 -6.0932970724406 -0.847687152843155 1.68253117768313 -2.03563823713652 -3.06677977494929 0.0563800920737212 1.24558299266733 -4.08180117317181 1.73462512968021 -5.1775393145224 -0.534018221994795
-3.74414577960112 -3.88492506946169 -5.89917926987488 -6.46567657174221 -3.01138552235526 -4.42242030097707 -4.30541517515151 -2.86593184519542 -5.38749669827945 -2.27800179709025 -6.86073130111432 0.969937048281329 -4.21117830002441 0.917358568017813 -4.45110726295221 -2.35865885226115
3.03697856736476 4.32166581757525 4.07874041968371 5.33733445667293 2.79205862794681 -0.708434213847472 -5.19917284914678 1.29373058133133 4.69314399512581 2.47682001446601 -0.806076494294975 3.59735494396767 4.55753481987105 2.87064551138506 1.61082693427216 4.6884129615645
-2.30816203089136 1.54753025145472 -3.53863897066749 -4.84094727297196 -2.722139009177 -3.09080418113951 -3.94639190674671 -1.66782631563205 -0.404996156753406 -4.55627766599162 1.69282999469412 -1.42919163076695 -4.64229938020916 -2.38154522541631 -1.96489093437445 -1.14603921295778
-1.66374560316741 -2.00057275616202 -8.29172671931488 -5.99853579586403 -4.97924600679665 -4.10397415900465 -3.96632040484049 -3.5504488912834 -8.20965591705675 -0.393575344904672 -2.27303037780064 0.323454325841416 -4.28034682889661 -1.04780747028402 -6.16659158103968 -4.08394234721458
-5.17670805584219 -4.97524449970391 -5.19016897407862 -0.863717201432026 -2.52182262749657 -6.80088689866342 0.237259793501603 -2.18026300612711 -8.84659461812779 0.262503731256431 -3.88218751193306 -2.01512656781358 -3.16188558329806 1.57466555760306 -3.61237792064455 -1.73055998126669
-5.78102496869456 -2.8012102205457 -2.47198781193666 -2.1444018916358 -8.18752263096628 -3.91502412757266 -1.50980750718398 0.979633178637424 -2.19808942408937 -1.14159908730778 0.882884026435362 -0.826244792451971 -3.52546300826954 -1.40477185730691 -6.70819086985648 -0.9972199794114
-4.99964002803398 -2.17643609784976 -4.22100081354787 -5.25579821189697 -4.36039764299959 -2.37363055706864 -0.622913405020499 -0.646072095720313 -2.48685030382337 -2.13663129320611 -4.47819560526309 -2.63832550530461 -6.68683168068679 -1.06295845463876 -2.9414941789457 -3.77975331902807
5.04642664947394 2.50686915603556 5.79310881356111 3.18993829138654 5.67055828890038 1.77910983793065 5.36636496256839 -0.952290930496076 8.40933095694184 0.673860779622739 3.19890738212699 0.707048877393015 3.15673949722076 -0.527243283081944 7.0368438760587 2.11783009968112
-2.73495486514412 -2.08933177664048 -5.54963368111839 -1.60169546283421 -4.60905266409007 -1.27822874193124 -1.68937584276253 -1.62865014185556 0.0107233011174741 0.67508484752912 -4.57411666917682 -2.52451706035622 -3.067187922911 2.55810340675408 -5.99023266065549 -2.63590102502858
1.79881004326596 -5.64603065591599 -3.1691374655406 -1.89559309477414 -6.05120410944727 -1.1697251030795 -0.82015714602442 -6.76565345464868 -3.83227799682764 -3.0706466037231 2.76445900706679 -0.804047183176777 -1.0145668256025 1.03780216796424 -5.87001170157786 4.35870230792217
0.748407738366635 4.3564498057433 4.02642102346998 -0.138840946553757 3.50367128270429 5.61390721797478 1.51398516855981 4.10930576293459 0.950884204599261 2.19937168414806 2.73954433941208 2.62802646029424 7.55291578740034 0.098058692271806 5.40014998688089 0.417497760493055
6.00131254759145 2.18706871252843 3.9711196841951 2.86902846202533 3.40858560197186 -0.839353082727167 -0.128919493146045 3.57103870887641 5.02819042902553 1.5363709078496 -5.20200323236389 -4.63082090666442 7.97143693353365 0.85170052903699 2.83014661935705 2.42000038664334
-1.21332257287102 -2.52750587850106 -4.88930583487184 0.104029450970914 -4.36545826751036 -5.92402791403882 -1.6695240839633 -6.08359426958499 -3.27092855343197 -1.73433206130086 -1.78009580713481 1.06953555108362 -5.11694766820794 -0.903636124649861 0.492087288490071 -3.20767875321376
5.17545586434797 4.2599293870658 4.75594251089428 3.00471858056876 4.25071196676291 4.80836434790514 4.40131960692369 2.47652679239631 1.06428246603919 2.66780019111991 -1.94116921675137 3.68039632085426 3.24131094267279 1.55943396799185 2.34799364111849 -1.47744287538881
-1.27122490721876 -7.45672556795462 -5.6489928008812 -6.19042248566464 -3.32574694493739 -3.65435723893776 -0.786895506428625 0.377613783013165 -2.01598460937927 -2.64956887565799 -1.75655598350097 0.219668600688459 -6.83316635395409 0.0873521979196107 -4.74376697297048 -0.199804652826481
-1.84343987182254 -0.92327101970189 -8.15465068715684 -2.95681781807371 -1.86947333565755 -2.63827484303201 -1.81880581196603 -2.94146612573995 -5.00399028885527 -1.03862777292655 -6.25794511476288 -6.06411324891197 -2.20152452962673 -2.38607744182622 -2.53183140101766 -1.44505596934884
-1.81920990595269 -0.811653739252283 -3.32769348330473 -5.58757541685576 -2.15245323518913 -3.03756109093455 -4.33806330221967 -2.94533639613231 2.07902807696644 1.01539912588392 -1.42835386639544 -0.15911132237281 -2.80732927382606 -6.90606962422966 -3.2435221894117 -1.85470956105876
-0.833508693723804 -5.73941911686542 -4.00048234175598 -5.82161786588117 -4.05854151181479 -3.36896713663337 -0.564503554095566 1.74657960101159 -4.38487728188334 -1.17117008964567 -1.17319647538341 -2.24870968531489 -2.58821033113177 -1.67415060421103 -3.43744006198662 -0.892795895272533
1.15030499469174 3.66795651487009 5.46856070746092 -0.285235403074363 4.3830797509099 2.15766204244238 7.39088700811929 8.65360788585398 3.59449961827537 -2.2335039716966 3.46995312119242 -1.58573511605328 0.978115537155361 2.64167767550172 4.02129377280671 -0.205329066266672
-4.30065372236535 -4.20128181932676 -3.56483462837793 -2.40644331140687 -2.99217647599328 -2.4820824386061 0.109839003046177 -1.97478372117634 -1.06313251971991 -3.11018643029858 -1.56063449778876 -2.61016547282779 -6.04504310591611 0.498170383645338 -2.49104746079308 -2.23338239782109
0.0617379400314089 5.44916645750512 3.28475741877295 0.248647473066585 4.50917834794616 5.00271147810323 8.09298589892226 2.75720650852207 8.01279143010428 1.54885518955608 7.54111672815811 1.88474451420427 1.56520056087234 -0.749173732160523 3.9912462831831 -1.45501073704698
-4.26994457582192 -4.72906870238409 -4.057097550596 -3.92619704341747 -5.42733789761771 -3.72146854573512 -2.77257972665191 -5.56933093910886 -1.51246959971449 -0.468213696449017 -0.534226896542387 -0.956613499472367 -0.616051857183574 1.59301611876332 -3.06579762519296 -1.18372304010789
-3.84585367483834 -4.0593734819582 -5.3951228676241 -5.09427856471169 -3.12823615005365 0.156792879799823 0.116972703581623 0.197630051256844 -4.56254116710788 0.851066253691859 -3.38815411466246 0.0870831947812898 -2.26355275917408 -0.708346157632106 -0.394530722254582 3.04380819706319
-0.331240600441712 -4.4901987353564 -2.11670510942085 -6.79456762822335 -0.911348688075326 -2.29089838268394 0.761036678692473 -7.18314545754503 -3.47494799775071 -1.18862357036856 -4.58532794716954 -5.43968254576126 -3.75922405391819 -0.377507452799706 -1.48152301785341 -0.394480769109147
1.74392650166885 4.87175685711811 5.4356603601162 0.4806354379651 3.42538122119528 2.9874769684719 5.58607252308523 1.72740668110864 -2.31127854822686 1.7610128271365 1.49345631350888 2.23521453833119 -3.38332510135346 -0.617390338226634 2.35540483668118 0.0836332627637508
1.3063587093202 4.41877731744041 5.42898256130452 2.1906355331083 2.89603577259644 3.291856297166 -0.84018076351156 6.85325613953078 3.41690606781588 0.848609002063184 0.690524131368038 0.805809193293167 0.436170281874526 2.1150701653489 2.72423587007152 1.52235632892891
1.18302173656239 5.7709700958249 6.1555572360553 3.43137144109648 3.0892100585539 1.9178664376162 -1.87203816349724 5.02161559709679 3.9335337585704 2.2300262565346 0.346796917863115 1.28281600227463 4.8929701672106 -0.37754824066548 3.58211258210036 1.25179371114176
-1.32675872130398 -1.50126153856247 -6.20180944160773 -4.78568715869632 -3.34779091094152 -0.301526678961161 1.01392502738847 -3.46672248463907 -6.75150366832741 -4.20383655988038 -4.56996039228145 -0.980132134023314 0.182218329947071 1.41631694866022 -0.510742093558148 -2.76985973981725
3.09442047612959 -2.96210353451339 -4.11325488569684 -4.9971238445627 -2.88116371528108 -5.48157005619184 -2.15488933739414 -4.09518541352631 -3.57550546895538 5.72775856735058 -1.29723134677252 0.368970161843648 -3.57837276235326 4.05116731009175 -3.98846841340005 -1.58849921718523
0.102959841005924 2.73720699781643 2.3297632967524 3.42394295808246 3.55383471784464 1.79241790555665 2.29752605409679 9.29492788564969 4.24699968000526 1.92378923407335 3.45770326161841 -5.48166872470779 3.51985791719886 0.911149363649806 0.929109679363847 -0.780368989895276
-4.57485855071396 -1.59631596684664 -5.72120219210679 -2.26727560969272 -5.73981206536793 -2.13874527059137 -0.964450659231265 -8.61436662712337 -7.1401989041989 -3.69921587434862 -2.85316602792958 -0.863031160673857 -3.34655876818855 -2.0193293601386 -2.27410978461586 -2.30403915315613
0.674634988468959 3.24372696380902 2.92682042568733 0.107980567529288 4.23112859090618 7.38887347071582 5.44495970236762 3.89833506350061 9.5293529370576 -4.15361348082786 5.73357556810719 -0.963889837270465 2.7816722443998 0.062503763388993 3.21175845645858 1.64209640122898
1.2653445457814 -6.20274259180526 -2.59376904412772 -2.19518933485561 -6.13293924978268 -3.27885445351389 -0.371931897200326 -2.12441994064803 1.30926714669991 -2.90224456086051 -2.16759792896829 -2.4499491819821 -0.534879985867237 -0.757145358893964 -4.52689151342058 1.95986312199787
-0.782076079718144 3.69143583537992 3.8112681182563 2.95586709123543 4.56914929900154 6.69866535141851 2.42131735386938 1.30282446006261 3.20527184895695 2.22345859107105 2.38550592080068 5.31161065394712 8.30717988545957 -1.47371309241701 5.87035716299493 0.868368825773092
4.48614221928487 -6.65662307381065 -4.29776796731664 1.66207943917461 -4.28881621676648 -2.84680149789904 -2.31551714024656 -6.82243731796703 -1.12663022070162 -3.33792750693028 1.97815570831135 0.616136870383411 -3.91509487798483 -5.16163294567325 0.26659678028436 -2.32637271282513
0.946746226159457 -6.95745019410759 -3.76010550600742 -3.38658633708132 -3.83872900316028 -2.72919789809093 -2.32907508263299 -11.6732095196596 0.09681211027103 1.95548217045757 -2.23136580991959 2.36216665141745 -3.94864385320041 -1.05181015846153 -2.57246273735073 2.81975618367217
2.04534439379062 5.10784446808499 4.81457552470492 -1.48004429628624 3.89321291181046 4.41211683547455 5.41190164313294 2.15088204033173 5.37622038125422 -2.65239805833003 -1.16273141597995 0.748883973197928 5.92071740093614 2.65811757540733 6.05300917494185 -1.99257160769757
5.55945016097256 3.43993156016594 4.98071837982272 5.19103480075882 3.80934562251936 3.13453325153002 -3.37472991940869 3.23384403397531 4.06066489097494 2.2449989506655 -0.085664759406668 -1.5632199302593 11.8050745026543 5.27151388945214 1.73584289177895 0.351899534674352
-4.29686298622796 -4.9510932803052 -1.93960826830937 1.98169700253434 -4.84766215784881 -3.47172825582042 -0.0433741238270455 -2.4572773065772 -4.18196828040487 -0.77653036206333 -0.0697502437402011 -1.71843071070531 -1.07211472894686 0.370851272512303 -2.67793560645013 1.15490905451333
-3.76461726391992 -2.99975754321411 -5.58075597187598 -2.50963981409654 -7.70908346420448 -4.99515827757871 -2.7187092761905 -1.70419453604876 -4.9286509372214 0.967811205395723 -1.14613319434677 0.215734246461468 -6.45702366159968 -2.31919705664655 -2.42232707177517 0.378019326306076
6.5899102430507 5.0184187054618 4.62014929500662 -1.12574381835073 2.12862287752737 0.954848990427742 3.38921533707685 5.30396455540054 0.00613814876284691 0.0251262109265922 2.72223529021857 -0.691629325143381 7.61589288499916 -0.28625697750513 1.23938523886136 1.00471760148204
-0.698860588702755 -5.23785757499741 -3.3797109102218 1.12825195786026 -2.95699053670782 -2.59542347615964 -0.176821731690474 -5.3920766383287 -1.56440852243041 -1.80304829040099 -7.10479392178829 -3.17595413586751 -0.302614552214616 -0.638070200448597 -0.293450321378709 -2.59771064513966
-0.173725557753249 -2.2954826631648 -5.69078024395583 -2.60241666208282 -5.30100207388958 -5.51803801291611 -2.72960206671266 -6.60639358203375 -1.78354899047133 0.666166240753518 1.20687413687922 -0.685016005742147 -4.10068895973326 -0.830750760461688 -4.40092331278738 1.34954983565068
3.62921066609457 2.88217954207343 1.65860058558205 3.32400684989294 5.63017594663075 4.27172261466914 0.806279710447768 7.77450656114651 8.36693814707816 0.29118528200565 -1.77160206263032 1.511080870348 6.57723840984418 -0.682335603030436 3.87815287010259 -2.61183263098696
1.16778191227571 3.03531978707535 0.877651066092498 2.48195721772619 3.64664512062119 2.48806341311609 1.91267235942179 5.96111617342589 6.118866655913 2.89283200044677 4.71788285001715 -7.297866024726 7.04620537944118 -0.999965431012349 6.21039270263964 -1.95234905905526
2.95093766804185 -5.00992369107319 -2.20263787216163 -2.68665599448522 -4.51880188506382 -7.49054536144087 -5.58217908504632 -3.93164278572991 -2.47390659916615 -0.743641670169965 2.144973970474 -0.156731950042406 -5.03214959615494 1.6383065055328 -2.79284816739688 -2.37503571420889
-3.69779013554956 -6.10880571129718 -3.77427836976759 -3.41646421672117 -0.597113211827415 -0.802833209322132 -2.67180037482912 -2.40542793894575 -1.28509555682688 -0.169540907159041 -3.55624189365089 -0.779763413810506 0.522278291162484 1.57729359890163 -5.28564344437061 1.86826951388514
4.75575403751577 4.54299018495297 1.12444192207168 3.10207171655532 5.91001128954576 2.94339163606221 -1.04132026295855 5.80315332628742 8.20326963603514 2.04275264391719 1.8890008565909 -2.52157223940929 5.24191143658129 1.95196312960056 1.31570344007674 -1.20091409034776
-2.5490589065065 4.35780272315833 4.01073737908039 5.38098071815945 2.88497900702556 3.42557550348635 6.74527307718644 -4.88912230445139 2.30359162203255 3.1075741577856 6.02784237996452 1.07782705738053 6.63550790562218 1.17987292915645 6.44666415847347 1.98921612176319
-3.52723379665574 -3.67931491110376 -3.86286132572738 -2.38819553364452 -5.63143014115936 -2.65675013582191 -1.98278674057102 -2.24351315847811 -2.43400800922635 -1.00696764186326 2.97453733903994 -4.85744181307657 -5.21750451907124 -0.249529623954895 -3.45802095729999 -2.25192400610716
1.03257456983798 4.01280482615858 5.06354785462162 1.74900176121611 5.50962182084758 0.0534698184937161 2.71380213317445 3.34977718442435 6.70489430467839 1.16076344885675 -0.949734196213764 2.5379663481045 3.14990951807389 -0.0934538765113316 7.42543686730379 -0.415430317835879
4.08142307892326 2.52407443783189 5.43664606600715 4.36920092823246 3.04241894760247 6.89548714862462 5.16508545019152 -2.3112809245217 4.9443754376755 0.960319243324583 0.518785739108897 4.94998940677465 6.10861616723188 1.34288147053154 4.18853085053048 -1.16030314313916
-1.04858413131936 -1.26409487840843 -5.50501899688536 -3.50156779014937 -5.63162839463473 -6.72447788842976 -3.42367558752666 -9.64180756654304 -8.25144928379671 -2.56408766144854 -1.0044057667267 -0.0193968134563576 -4.59720960431993 2.1120438183517 0.781017324559102 -3.65902647357463
-0.59443262240312 -3.7064983033213 -5.30978478174551 -3.40710693998501 -5.65954961644556 -2.02415838247902 0.561186415994734 -0.677636942434078 -2.94851009564852 -0.873654318723958 -2.4075916135921 -2.35376507314457 0.0941830304116893 1.54726929342552 -3.00615194150748 -2.0312650207065
-3.39036015722834 -3.88562561907856 -5.4363862801832 -3.44177405911043 -4.97629580351668 0.257970504853308 -3.40444143482613 -3.28295930890556 -4.20087625716364 0.259187001104063 4.11957505026217 -2.88402464501454 -0.918330656161301 -3.04469731557554 -3.45779867530236 -2.75451362705971
-5.19823567842975 4.24365198969658 4.55214584353591 2.23356468476535 2.96741848607951 2.69039540328124 5.06324892151316 5.12209243045062 7.95757615041781 0.411368228069517 3.03441830123037 0.267067363621813 4.85249118448212 -0.913412718936943 0.923996553459658 -0.499810202027652
4.57803636018428 3.96314385730808 2.04355596510157 4.05063579979974 4.89069812582149 4.97866420770954 0.0917194073397796 1.08101616725887 5.59645675234842 2.97490855674927 -0.843460280409505 -0.410140790599059 -1.23879872441178 1.18804205566346 1.408999442831 0.68551355673132
1.46189128442313 2.85090263431779 4.46304714008338 0.689379600803592 3.56971099128314 3.9405642773166 0.149233333086108 1.51763428342475 9.81663548927005 3.27022724903785 3.72192693799482 2.74160162608779 3.92598794444709 0.65325413735492 1.64424705023514 0.45956877011891
1.0384768419018 4.17192101674859 4.66426819422776 2.91873590537001 3.80162339454211 1.41342885600096 2.42982646712088 2.23988693727955 4.59269381057275 -0.686370947401535 3.77429617447794 -3.21891899536982 6.8961228954363 -1.34940595203996 3.01465346278472 0.995008160104884
5.1735739975356 4.62554045331661 1.5654231716726 2.7339141758036 2.58920489181855 3.38982428331178 -0.331960308476191 9.4647072491592 6.69994372384415 -0.226356556718298 -1.0480726798341 -5.26035957924631 0.187786872764242 0.714801473090471 5.36969432581925 0.917540518259249
1.05603292028559 3.61881487521971 4.49192047435118 -1.28388592795855 5.3221140991746 4.62338098430557 7.48930670089597 -0.22150176978351 7.27500081972166 -0.971274929038764 -1.31572844383981 -4.57989901100082 6.53506439921673 -1.4867913191941 3.04230153039968 -2.04102697705708
3.02176763546278 3.77412861835699 7.59277856785886 1.81086073380661 3.31298201747346 3.0703619583917 -0.852697591634778 5.1059910660682 2.20953286093405 0.947793509383223 -1.47123528353219 0.715235586399085 7.45292379527116 -0.0762521157366977 3.634859826473 1.49354970579897
2.05790194314866 4.66455080530438 5.77167644564151 5.25976365713622 3.62169098621015 0.231270642204823 2.78476794817726 7.98900380088103 -3.84501701309355 0.896380435931519 3.02106405064793 1.79401177291393 2.45092297864669 0.276039533741729 2.5868788661678 0.636070195738752
1.11248302805232 3.1671439677638 2.8787696271703 4.24489379828983 5.76651352359281 4.15969495847727 3.0199832211833 4.77842260867803 6.18997543722675 1.96280035301132 2.98646839080453 4.13629300723394 0.35536819095955 -1.03216779290037 8.16328393256268 -0.941726354116061
1.41344794298351 6.22517143509871 4.77892711521924 -0.680131921908303 0.917489404058303 2.61245984190909 -2.81241381284634 5.47423433366777 6.37189164090189 0.940105372681719 4.57396227036804 -1.37233350787315 6.77200723416591 1.76740573592122 1.54496790361595 2.19630473356869
2.88182083182964 -1.03583161424305 -5.16534487061023 -4.93085015772872 -4.44766246685542 -2.01555747632911 -6.15113745009176 -6.78759441859953 -0.685008348998262 -0.365690726905955 -1.66144553277277 -3.83345450136985 -1.58899034097453 -2.0073626214563 -2.91375057867633 -1.26029999369291
-0.611012574045651 -9.60424548109201 -5.20428945430128 -5.55472680362561 -6.69942182999728 -2.3418557776181 -0.150238300513564 -2.4898409065159 -6.90831074996598 -0.201131145578477 -0.536351251108964 0.857790852587393 -5.53288908410658 -1.59850785862828 -5.27881467995922 -2.66328831698903
-1.63908725524696 -1.89975110888534 -5.02174352900238 -5.8152021270658 -1.2076634901599 -4.89069291850956 0.460656607269421 -5.86460495844248 -6.10002200684898 0.414892581532738 0.994916819357593 5.14862098518799 -1.12985713418643 -1.42346768942595 -2.60263900488227 -0.440963500062932
-1.92009569201891 -0.268323017229615 -5.05613324831319 -2.0347132967069 0.614782728697654 -2.69250586841436 -5.52631460451141 -2.51558779903988 -2.77984257458841 -1.91750834644179 -1.66100025377385 -0.478375185084754 -6.41836936158199 0.933452124673122 -1.15053449095334 3.1637455014541
4.18137457250725 4.62106498485321 4.06107002748967 4.06677339716089 4.3945595555572 0.603416643841288 5.83287745663244 4.0585128309211 7.23431419742419 -0.466615852223754 1.43523039851425 -1.7256071548701 -0.0324278647621838 0.885295659220797 4.93310068594561 1.34283476087193
-2.61601099599724 3.94895201032222 5.18417838078139 0.0839068141651405 4.12699258474493 2.11217568432883 3.45790631062058 5.20996455116297 1.24221863797119 3.1785726197218 2.84602466707368 3.23709211775014 4.74204482131494 -0.0289480298151613 2.20348571592302 1.68502128198713
6.34709469275049 2.81792118030883 4.17868791031134 3.77584699408951 3.34831084695376 4.7297430070497 3.35144751061996 3.62337349674711 1.4518303170753 0.353479619354656 -0.488975205760859 2.88542070946562 2.44226592432708 2.37871619375005 3.67162533840365 -1.27536432136531
-0.869416877297081 -0.717192822658784 -5.58320419498658 -0.959453418652151 -5.48944316292816 -6.656641819351 -1.58831853565157 -4.78325044868472 -5.62250911421046 -3.15786555597047 1.2334829035112 -1.50612333128866 -5.81941805593675 -0.196805263984166 -1.76126733585551 -1.777403146698
-0.104497164820806 4.37829716763135 3.34497018475933 5.51520153803929 3.84512255968261 0.366375905141932 0.774619811158726 1.89282576031253 2.54160547438305 -0.310762643870874 4.07731889961453 -1.20238284484017 0.436584207888828 0.266305354481734 -0.230408962277184 2.30044139019954
0.111449544290673 -4.18067267539723 -5.59370972059272 -2.72640576300409 -2.86910570927844 0.350409539651324 -1.18441234005154 1.22688524296612 -3.11555029537766 -0.395891880081423 -0.872182108134746 -2.77916024450808 -5.54299962242074 0.642390200131435 -2.21065657494821 0.50788489329601
-6.17636583011684 -1.20822198881166 -3.25155649487178 -5.76355230103879 -2.59099211332093 -6.53071047938317 -1.20282283518085 2.85452035589414 1.35692176236829 -2.13456962791121 0.92029209375767 -1.89234610350601 1.51370294428459 -3.66242848044459 -1.43637546145438 2.59541560238219
0.112651214221304 -7.84889954289208 -3.02134772561347 -0.149993843659051 -5.77636622177423 -7.12870644245617 -4.157102534263 -5.08735038682937 -4.08571479204386 0.211810059450362 -0.109535475473798 -2.07599649470748 -3.25553158109585 0.53368434540388 -6.28049646490483 -0.740969014813411
-3.84279413171084 -4.27898404783781 -4.35379398082877 -0.661068640194713 -4.37903037773217 -3.33265006872223 -1.91586241657183 -0.906886611066314 -1.98080901304154 0.745601186849999 -1.0858151447401 -2.30333450017442 0.151675320328016 -2.02082650412332 -3.70249066372723 1.09812202332214
0.123870717698352 4.32806930644959 4.2455463708641 4.58423521519396 4.42344297684769 6.16203384758259 1.13319935600173 3.21938615871744 5.72653191118077 1.75345695661671 0.544110626581004 -0.829471422841535 5.45486071781702 0.0669512615102235 5.45858658395789 1.95949740908868
-6.48739994358398 -5.59337768846386 -7.57655230246777 -5.84548098620041 -2.38625612715012 -1.0029865575702 -2.68740097821243 -3.41080574135961 -3.03019760206567 -0.234134751530328 1.71920799047052 -2.82351007604833 -4.87858850058557 0.392044162060759 -0.0406860786436289 1.98870285243929
1.05782323176359 2.93203118263683 4.20656310687254 2.02711138685354 6.45072173919227 0.606288228103933 2.752832321054 7.08390878939546 3.25245616571043 2.75508429727196 2.78751206151622 4.76451435699692 0.638113566655488 -0.980395249352056 0.32225050561064 2.31879648528471
1.74810506287105 4.33702069366044 5.28608529885763 2.98599823648587 5.60494513680621 -0.974603742159105 3.32429540300396 5.17928158007125 5.6842064852115 0.606766345730866 3.85672116444572 1.12868811971863 3.80173195398437 1.0504099099132 -0.689246332782099 0.852588840771954
-1.83683602344267 -3.9871902734903 -4.1350908016934 -3.1710981861167 -4.21831835937408 1.57523101907031 2.0539786931296 -2.01240422574445 -2.72982907276719 -2.56028991966545 -5.18263120353436 0.568662675654902 -4.13649279014072 -1.29360690630866 3.4074243088756 -2.38905948541108
-3.91266153992085 -3.90760456915375 -3.75929724914645 -8.03846171029331 -1.70871009739436 -3.10673532443816 0.0196286579180229 -3.77113638323146 -4.31836539958014 -3.84703331837376 -0.818934407551245 -1.25238595283016 -3.09970769746708 -0.607921052301105 -2.45487199705175 0.0367457163065694
4.5163609856563 4.995569382294 3.87412646721655 -0.0737623198975488 6.40941752243442 4.10527372653792 1.51031071175355 9.56813105846582 8.09287290159268 -1.34685671052503 2.45614668709261 1.96607063277797 3.95803868430419 -1.37645984530618 3.35758044934537 -1.01204841044669
-0.0894870339068419 2.26828760726295 0.487190473109598 3.61173804351458 4.44950774940996 5.97094135045801 -1.29899314242185 8.58273926975537 4.38478492610023 0.223050507012776 3.90557700901374 -0.0686716161801761 2.47781483346107 0.5568019425606 4.87176175600377 3.64895032174896
-2.43798622014928 -3.50244183446619 -5.74055273096321 -2.75118807829207 -0.809400261535293 -2.77934800530305 1.40275336256454 -5.27780458341205 0.794014467429216 -0.66383801449694 2.20577398956368 0.5783919606931 -7.81089757412543 -1.63430726990169 -2.76548475944748 -0.811330782910723
3.60411229068043 4.42059565658913 5.49479181002347 3.60755628714629 4.29611971839646 4.53170644469214 -2.57149281638152 2.98169994302728 -0.0854899256212822 3.96359319931487 4.38779927497663 2.67613739785003 3.2092245202367 -1.86817728970013 4.33590465207324 3.05988286049122
-3.76853845393823 -3.77667004884213 -3.45313076214403 -0.70770969749573 -5.85038115017256 -1.89037045145745 -5.68778143831728 0.0294326658638537 -1.80900581957282 -1.79365833686438 -5.29593181054074 1.4495471976643 -4.12265909513403 -0.643540347660184 -3.23000216521374 0.762259025153494
1.43352273188478 -6.56696160790731 -7.4863073569671 -2.62441176946829 -1.65988119205669 -6.1927573065894 -8.51804155589329 -3.57251089688716 -5.49279978828639 -1.91985879554094 -3.92047616482338 0.684144984647015 -2.29322775348362 4.5637395822568 -2.06520641239858 1.8274018363969
6.84275718663955 4.21630754779365 4.99364359073151 8.38955548576141 6.66420711263977 0.308942958004458 0.768318081843773 2.15512709443424 6.25708310994545 0.911511470853133 7.4838913831044 -1.00730704379246 0.276876297160441 -1.37146891838286 3.33134916512464 0.447545923178575
3.39158541046249 2.69702510701951 5.61925004961326 3.02137735201393 2.01716930108505 2.64825378194102 2.41393200830123 3.54537756887822 3.8492931124013 2.77788315016036 5.0132433889066 2.9397716577143 2.02012978988556 -0.512953693107115 5.57833636320927 0.987423713884809
0.0638221144651177 -5.42079598436739 -3.70526788008926 -4.09883689616344 -2.21409185090588 -1.46330137940534 -4.38794771003263 -1.40813897754538 3.50734788537083 1.84962780555059 -0.927797708864688 -1.89662191908077 -2.13591782111501 -2.64353079265064 -5.50476698431028 -0.89118241857218
2.59294900963457 4.31081454175405 3.64392874047346 2.4360903993787 4.41200656640546 1.33779218076029 2.30460300446773 5.88808549102229 -0.541498022179304 1.08488700010752 -5.63360708156352 2.90653709848749 3.67706260139465 0.669412053355704 3.56642162538445 0.413581039119454
-3.96012277928459 -7.12531001139225 -3.25066233532637 -2.30308941862254 -3.31510944970355 -0.606078276194713 -0.865967212914496 -7.32757333506358 -5.02733090875917 -5.06774633691277 -1.17039007678468 -4.10923868179967 -5.06436004033863 -5.75978864291812 -0.93694230353042 -1.21815090856629
-4.32155306466073 -4.4709548021134 -5.25527772351282 1.07868617102173 -2.18182759927731 -3.61531107666112 -0.53381286718433 -3.19509653841428 -4.33418605893063 -0.347810951143488 0.410767763744744 0.113592001657144 -0.412631546181799 3.496438985937 1.74802140663307 2.12848743780933
-0.0587693927472597 4.27620135146565 3.59591901830017 2.28116962080995 3.05216166144443 0.966359785278034 3.5984778174782 4.4358808333966 3.06412477336058 2.65060038975101 -0.816232520639631 -0.857774115928052 0.533203592897492 -0.719463989524602 6.05460290324848 0.880504475538735
1.58348764080868 2.91875343858511 4.04104145409988 2.70130570203035 2.13760211367347 3.49854356171894 -1.75268151048137 0.199517077164907 4.50719272896019 0.188690649107926 3.48121736662594 -2.34668020547452 4.55670314491817 2.71958785008149 2.96506362310654 4.2936552213111
-2.0910161318242 4.36066974364601 5.17359008862067 2.77087086246422 2.13147316007482 7.82576860547187 0.242746056994519 3.98793061238643 6.54146526298568 3.27831860600536 -0.446778235893275 6.94712071555275 4.86985486337709 -0.934608113149349 4.15638674433576 -1.8964338332367
-0.74422895727937 -2.60151332815127 -1.7207136566048 0.131403614428918 -8.74447543326854 -3.6860837256743 1.66354566163628 -1.01288436505972 -7.6456282058609 -0.430323686832607 -4.82439554497611 -1.99426471549091 0.987317616009146 4.77237575631521 -3.00396218755489 -1.03920061847173
-0.83283540223534 1.39254611193958 4.49395653963305 2.18033437326338 4.14354524659114 2.13529470804258 3.29803534947921 9.84007569967165 7.38784441437181 0.906956263249391 -0.44687366458176 -2.63820625058186 6.92090368876945 -0.714167219754178 2.03328005633626 -0.275860274572576
-0.57797311275216 0.990564852423283 4.55337306094604 0.336240436106763 4.01506318352455 6.1766459595408 1.46511265417678 1.95111604253056 6.74493709972941 1.8558734814289 2.91903290013946 2.11039922634526 2.33166229071657 1.88541162481953 -0.494486313113413 1.91412477627803
-1.0680379248408 3.46314020069973 4.66346671132821 5.06385535293758 5.05688400836743 3.22257493883299 1.96584309132428 1.49703560196934 3.60087713327664 1.20980641738717 3.61403372673855 0.201299821658449 -4.95362479089298 1.57827487152873 2.74159049606861 0.906498164190961
0.013835458972647 -4.34320982658952 -4.48643989202365 1.16353352499497 -3.78080199973818 0.999963195509495 -0.417344981145829 -3.10093327355722 -0.254154568376721 -2.88607276375877 -0.648835267408613 -3.19176106289938 -1.3481590829284 0.47454504422189 -1.57386582044714 -2.44113746343669
-3.36465535591244 -6.97996941677729 -6.60220107984694 -3.22785983027513 -8.09322885816423 -3.87665496988716 -3.5411172546636 -3.43477100297731 -2.62850454765562 -3.18574130985019 -3.36155749788863 0.469636464923752 -7.69745480991969 0.916519100976344 -1.89794187924739 0.63257525482425
-0.492994083044207 -4.33387197236028 0.35980032002568 -2.31041245535651 -3.6354504997784 -4.36182715020725 -2.50787172772939 -6.70620473239851 -1.91137991285392 0.0990591769481035 0.51970928694276 -2.74965449233891 -4.02853947648735 -1.77295135528771 -2.02985470556182 -5.75544468145586
-8.02598656505168 -5.6217331350472 -5.33604859270428 0.647442136341244 -2.25066630613155 -1.03000049373713 -1.32020831104751 -5.1920083393864 -2.41979039506067 -6.70945765986989 -1.06721084110915 -0.2443670243652 -1.24936373709979 1.78732738061925 -3.44802529353191 1.23149435014373
2.80610423802026 -5.72131691303422 -5.18020005893773 -3.57634979553108 -6.38563707062103 -8.45088913054066 -1.17441011579231 1.41766915571068 -11.0274670584766 0.428242084273137 -5.10271894377379 0.148243976012732 -4.79640144217705 -0.154535460041329 -4.58449863235902 -4.86045150570801
4.28423752595598 3.9421911618044 4.08665759629983 2.32681372950969 7.28006847365296 3.50312697737406 4.69555749951423 6.82656511471955 0.63680975588196 0.758008195938452 1.44600717390657 1.88617349308323 5.66467039082758 0.713171507631231 5.39111675400938 -2.0923498067332
-5.78821544668898 -3.65414166495524 -3.69504895366597 -7.1359124315637 -3.1688961708245 -0.306432441424388 -4.98841728758234 -3.73186575661751 -11.6419856571448 1.82659506203229 -4.15768165917184 2.29211722865337 -6.14026880579843 1.13405985627924 -7.45177502049292 2.55463398091033
0.333931761470914 -6.10264414002 -4.02810418035289 -2.7504746881602 -5.01158630924514 -1.240384147535 -0.929296230841097 -10.7406190242303 -2.41064499432091 -1.21267488560789 -1.44132291917223 1.73028973606496 -3.63989994566857 2.78976213814116 -1.72120901041912 -3.80048837531132
4.93368524633776 5.15795482915892 4.11724816257615 4.92283598032897 3.00053477252459 6.30728165678816 -2.11175038029791 7.13275340727604 6.55667591300711 0.728149219812721 -2.78868847419581 1.34487893346754 7.67538945088043 2.02467028800208 2.54678859256917 0.865286589402693
2.83416299804084 5.77098800762021 5.21842613629762 0.403914317458399 4.10667192845112 2.48714235697193 -2.82919243615473 2.29629532990759 4.2829975435931 1.31026757552307 -3.0915379396295 4.32387213651718 1.24932214313411 1.70709766217636 6.215080698418 0.672987187079839
-0.575345491949648 -5.6811670791934 -5.42152617608073 -1.25930828967551 -4.20100896957678 -7.67443291533499 -3.20992979151903 -3.90078992914239 -5.38413442675003 -3.00301603323853 -2.81488805918035 1.62286083721756 -1.80489306950517 2.3016420368847 -2.46656816866387 0.868834826968181
2.46082066834695 1.83593498390949 5.14316873948444 0.758308267822331 4.26285736309821 6.33946745963277 11.1533002517047 2.03358745899956 2.73149850254595 -1.23954899781511 -0.49891116512416 2.87307883469246 2.96499550020308 -0.0739496477550056 3.31417376966859 -1.60962883943174
-3.04761880103003 4.90896307517643 3.4385828566555 1.05247624002258 5.06303885420468 6.33801072799123 6.39423335791682 -0.130197229290639 1.56813285579161 -1.35552718918216 0.45741064458845 3.24633512380134 5.57255514474265 0.952954900360969 1.23680690558709 0.492043409422905
-3.86852280881332 -5.68248832344625 -2.47729552930798 1.27645712587971 -2.76550867954119 -4.18723806446988 -2.66019175303582 -5.19547248972777 -3.66192651944943 0.182349666746274 -2.39092892759962 -2.5040360731688 0.257792747389779 -3.26700737386589 -4.3899918870214 0.879971468715778
-1.54086013631673 3.63291375962768 3.41662082198598 0.683728266715025 5.65685598272227 3.54901669919419 3.80561897679956 4.18354211383994 5.7356217839035 -1.76530801865742 6.48090514324487 4.95812955756523 1.89766440317139 0.758047734968491 5.63442204885232 -0.163935953178582
6.85375518662774 4.08955341067209 4.89762537368582 2.74442464584989 4.34353519117393 3.26173843850666 1.21451447645784 1.2877949080083 -2.31131530649717 1.71931755698421 6.66438682005415 -3.25862672757935 4.69375125792402 2.07855452013739 3.51810255070283 -0.00602714767632329
2.43588241231102 4.33136748172873 5.80855321083198 4.00130243861607 1.65582579503299 4.79684406891443 -0.59029816097207 5.23787397197192 -2.42466542682091 4.83467629621771 5.38443914560682 -2.41634103247984 2.67605009460835 -0.462810645585258 2.42973973377081 1.69758240220091
1.88212015164185 -4.11838105561211 -5.26614314558491 -3.27120506623554 -1.89466119949757 -2.12692329430652 -2.82487980497686 -1.11143056551646 -2.3309529799566 -0.51385216791486 -2.74697050587204 -4.94173212735196 -2.99139606453322 0.023321593050705 -3.1539456906758 -1.83693308762333
-0.461372009754375 3.144344197741 5.73935752966311 -1.36226455553651 3.70324485010549 6.72494269629045 6.3410022785473 8.14087186582045 1.24179434694907 -1.89352435432074 -2.23021432843044 -4.0949898097149 3.98101577317028 -0.196076844835027 2.9047695102995 -2.01277621702188
-5.35338002205903 -6.2395730368277 -4.65117647143408 -3.17092829094103 -5.22232727053629 -6.37008043203082 -6.6118174225741 -5.4853481462437 -5.04719222027191 -2.3712229401877 0.0546461304300647 2.38985095355035 -3.58316414529004 -5.11358040395512 -3.97516038920156 -1.94878761324332
-3.89175419506647 -3.22184658394167 -2.29637899109601 1.89794609720471 -6.24210930717283 -1.78220242239361 5.05512552078503 -6.24677476689152 -4.85830724403888 -0.246497913723988 -4.32805473956925 -3.37589224079932 -3.62612399708045 -3.58682625934357 -1.89325431429576 1.871944859763
-2.44567895898434 -7.0460227182132 -5.69588670831984 -4.51419191242 -2.96905400645437 -2.06845192304307 -1.11834465770277 -5.84226550537032 -10.9254439623738 -2.72730345849882 1.02248237007248 0.720853921856165 -2.97262571864173 -0.57044609756105 1.01019097509901 1.19322515540862
1.81447475499942 2.83921857201536 6.64547341135624 6.78636033269565 4.23091270834798 5.45390425824312 4.74982675670166 0.0326764371497998 -0.98496674327535 -1.17760744989544 5.37417272103833 5.64376716273854 5.23388064844267 1.47339593347853 3.43449516952619 1.31615670658341
-1.52192608768876 0.439972427456902 -3.01962752119963 0.752667041299048 -7.24349419300036 1.40352022273954 -0.838923250869776 -6.3636325401431 -2.42035651645021 0.0279620648637651 -5.21414168627407 -2.26218983464948 -1.92182014250327 2.63796006147804 -6.36843656450465 -0.0466018715905709
2.92252961681794 5.2085204677507 4.50762855726766 3.61179734148345 4.60617164822002 2.48442277795167 0.0295647395686378 6.05168633770685 2.57310159016402 1.98811846427164 5.53513627918102 5.19431934763375 3.94667128813675 1.45084495144161 5.6961349788731 0.925683648685864
2.68883034895351 6.15233333038326 5.04193335911355 -0.41639471490727 6.18070792359438 4.44794570633634 2.74757645621713 4.15088377668427 0.806202206337957 -0.289187625349045 2.8621581058473 -3.21052078804458 8.33471499919726 -1.53261314630148 6.2681121243861 -0.3433609725654
-4.00548112885962 -4.05737359548253 -3.20216130874076 -0.957571920177563 -6.90727949308316 -6.13303503094376 -1.11835686272076 -3.11374990952644 -5.59810511204873 -2.17479099821422 -2.69287195522017 -2.17520785486306 0.552980393485529 -2.10597999750959 -3.99148014563944 1.13584405289951
2.76144832118458 4.00494527506472 1.43976376278118 3.32568296525481 4.05732027359903 6.18493158476016 3.91282284893716 1.5612799575608 -3.04586542203316 -2.22681531681031 2.56582268596503 2.90724838139376 3.48244268005145 -0.341411949883701 6.67390391135523 -0.70673540729722
3.72150145950073 4.76519306845454 6.10614764064287 -0.690860518657769 5.19970314565555 3.28082435446029 2.26579503111772 5.92767059710556 4.49269140868917 0.757329913878488 0.677557154356165 2.06175943609685 2.94132220612338 -0.0915306079839168 7.69273598410892 0.50243702160508
-2.0051040489644 3.25916733598333 4.03206901485017 3.98593587041756 3.49772535175592 2.23538813146933 3.77662235830901 1.46950373056667 3.09895855243563 1.46418754024495 2.78430768698755 4.55652600295483 0.278826666805149 0.890279783681895 2.87473030582851 1.16714187450949
-5.76046448825815 -5.75592976306128 -8.49773271224407 -5.95226641224501 -5.94271924070333 -0.487259704584814 -2.20517356928247 -2.0602592127781 -1.07588387379975 -1.55107382799912 -4.555424334101 -1.07577972696575 -0.497379082831213 -1.60411882618121 -3.88418448416211 -0.541882556628081
4.78370871887201 3.68005944264138 6.16905043192208 4.02648823774748 3.34099310354687 5.34115710715894 3.58521893103567 7.36510504107928 6.23697930614991 -0.316359869826095 0.691697568900671 -1.32921035368364 3.87210434048838 -0.0733525847100951 -0.545969658783822 0.335583522693218
-0.046559338885368 -3.52498152417071 -2.78748347819444 -7.05846808137636 -2.32704542525358 -3.3604208511231 -6.45908185698441 -7.55169799427436 -5.025368459613 0.619226336581058 -2.59436713292017 -3.32021468262888 -1.9015844181177 1.08645364503877 -4.84497300257541 -2.50988468343607
1.17624593604203 -6.71406606699206 -6.21862944410839 -6.4079858967318 -5.38150705073856 -1.83342956523733 -0.192818138848076 -1.2533512205659 -4.36633539271418 1.03120486706554 -4.56820028886792 0.314578125931235 -2.69121902193155 4.83948555229978 -6.87890628729725 -4.27492224459716
-2.25631827717452 -2.574878918074 -3.88319470118678 -1.73618903035211 -4.09178895703826 -5.57898453150375 -0.689153090434983 -3.45540117270594 -3.65586491748304 3.06899508463756 -2.82687175815701 -4.23937725272759 -4.39929575701464 -3.94547644720556 -5.00428783196364 -0.319376827657837
3.75357570115996 -4.3076840670253 -3.83650764173096 -4.01168054759129 -5.51646059120618 -4.08365889140884 -3.82850961683613 -4.25784514110641 -5.10304785943323 0.463288221792131 -3.29654858486465 -0.63791756004942 -4.29006079591596 -0.247789365399294 -5.39322078055797 2.84159774920884
4.36600979267817 4.01233441557169 5.11612002488467 -1.05506706027908 8.5221269383018 4.593358313586 0.449928528310679 3.61430940613917 0.002110316596863 -0.428032212985764 2.62788645294979 3.2593431979063 5.89542500848162 -0.44928029191122 3.21775300349645 1.33205463982768
3.2300265818318 3.36276344284561 3.03959019121781 2.85854923355581 4.71084229145723 1.7216934070927 1.68990419192935 2.04754025892282 5.89065533708679 0.394325838848844 4.92459896245316 2.4978527454105 4.41849256777065 1.75309268567149 2.10085529566591 0.749682622374725
0.647637819647489 5.21601606666927 3.04648002973748 2.07154769485979 4.71612738818012 4.04092033129563 0.917890996521064 5.53875185710342 1.8356448143297 3.79051821935684 6.31640812869449 -4.58345984151309 1.47558798871828 -0.783878645577858 2.30762455257547 0.160311726256658
-4.46988011358495 -1.89972842888513 -3.33085946567314 -3.72722170326563 -1.8107915785849 -2.86091294617868 -3.03459661191683 -2.19095190075571 1.91247882871066 0.756560055184664 -1.09581128747442 -2.11860147489053 -7.10350929103125 -0.945521297006532 -3.79900679965399 -0.683422167202134
-0.474396840429491 5.50927755621326 3.36138994987822 0.100369565269932 3.50582126496285 4.03680048961217 4.80498768555343 5.08728892059374 2.09049879099645 1.31767054673549 -0.497981685165214 -0.315016176269676 -0.674463021485953 -1.76869354111365 4.11103177502777 2.18938026982842
2.97781837197619 3.78897473580318 3.97190333769409 -0.105850894999742 5.63269039734494 1.57961017114874 4.32125450229361 -1.47744472976334 -0.9491278816878 2.48328157607278 0.201878786072563 -3.20533086312954 4.74637266613634 -0.302776694298753 7.20820806777968 2.58827366404606
3.12792540581069 4.62298439299535 3.43939733276642 1.27584034382596 4.35051048902991 5.87516193908493 1.21472028448564 7.68764723187681 0.823042534528275 2.14827641628726 1.83433648440046 5.18012542845483 4.57952293703322 0.0904731480168628 -1.29212562096921 2.14420856013783
-1.57378443930348 2.91610948552338 5.61270887026721 0.660486434435641 3.56306593483524 2.82295535981219 1.82291100897466 1.40091406174084 1.9354578243564 -0.679752144387614 6.87704461367827 3.84352561843662 2.68188515209207 -0.398262286068441 6.60938748276402 -0.510547326942007
1.49667198984898 3.59867105844039 4.15585036769337 0.235290967950663 6.01161236700244 3.94671340421976 6.54387829942265 6.69466068389267 1.79877734286282 -3.31426532295631 -1.17288632835988 -0.205158548023066 4.0812677635506 -0.752515796072679 6.20447732566678 -2.53395053066575
-4.6297177190026 0.270547456685797 -6.62956817643575 -7.70624731787862 -4.3303458831601 -5.82007457818395 -3.7865050605008 -4.23107850730933 -3.4016164683911 1.6490927819702 -1.21846247778992 -1.52165682408365 -5.36618840199213 -1.85684020139452 -4.44128987002618 -0.278475056388514
0.866897212125955 3.81741021498981 2.8632978451137 2.25712250403106 1.8023800284956 5.59967660273441 1.65079306027945 1.33606180725806 7.49975504582233 -0.317879992327357 4.8255228674644 1.2049240433163 0.203840729856144 2.13225504955804 2.08889467255502 2.0838450169908
0.833859485627567 4.13184182904366 5.71571353501138 2.98496982646649 4.34828103081012 4.68573460283907 3.54914993739752 3.28814523266959 0.327364126940473 1.06064691289932 1.67328755373266 3.52384210033009 5.7413640032673 2.71279699334182 4.55239065507655 0.469898864408431
-1.92867995029503 -0.717851783250985 -4.20442658117292 -6.25065792820976 -1.16953882294891 -2.65026798525136 -3.28877048476817 -1.28347539906066 -4.15275380703286 -2.97748505505369 -1.11839440118789 -1.13821367114185 -2.69861171085168 2.36424919784044 -2.54777802351831 1.46723713694318
1.94320786924433 5.29951002136869 2.62319231922941 0.209372671327596 3.68641965592309 4.22120423925079 3.22422948284739 -0.622942901458999 -3.70788879095077 -1.05669728194313 4.19883266039451 1.2939253233151 3.44041239014472 -0.221232214459897 3.36407782635451 2.46931899072328
0.65121045674157 -2.08090211781473 -4.74391685728929 -1.90829335964323 -5.30085244924841 -2.87646928392282 -3.34972492810966 1.5469670182661 -4.73458454553219 -1.72108218804521 -1.65575181578789 -2.9441487651128 -4.34113693798394 -2.56296686094568 -5.40650723770526 -2.39611417601265
-4.31534765363755 -7.26387239234206 -7.0854238539525 -3.42263773769973 -3.11266705657812 -4.67545958686967 -2.64468698213209 -1.79772041396159 -5.73071710732359 -1.73505256784752 1.7582480583761 0.299070315247416 -2.53386785344726 -1.25262143736057 -4.16910964096826 1.9797983230042
-6.29553310599187 -5.07152588628568 0.448571785831597 -3.54234767322029 -6.52603075781643 -0.895804775339868 -0.359442757353173 -7.31596489648331 -3.78356483807855 3.07907466184686 1.39909230203083 -1.59959698475924 -8.47309251621481 0.844705554073989 1.48734928069495 -1.64671583174064
-2.32568972985894 2.8276127922135 2.85140085571486 2.38325542392071 6.3335932249722 4.12926615621835 3.66926784617429 8.04590954739859 -3.04638924808522 -0.323002930874608 -1.95801455680981 0.66941213530438 10.5907651276345 -0.281412126959892 -0.121992804249454 0.303231762356374
0.634006901424171 2.34269982456575 3.02628214081768 5.67692703509358 4.55370482815506 0.364435521131909 3.7687957901345 1.06366918846343 5.84603067739575 2.15010915376048 -3.1143135391852 2.34007027546325 5.7937946886595 -1.7521312732515 2.437671226268 -0.348754409632846
0.133875419861531 -2.29787253602525 -6.45535260127974 -3.57009927532718 -3.49416120456598 0.460147680153686 -1.66130155393413 -4.07794249385357 0.191814395196842 -2.9548976188575 -2.33544660812339 -0.995945175347244 -0.451148703056509 -0.553981133427041 -5.29707863492981 -2.87615231579508
3.69240156237428 3.4077029252516 5.41386886166175 1.55550840088772 2.06218356196973 4.6628668732618 2.43073393059516 -0.505557539840793 5.81898814251243 0.361574680075014 2.7253668990406 6.26178083808956 6.35874390151459 -0.339157553177896 3.18276877300164 1.40916392628344
-6.32879162891541 -6.27779848169091 -4.34807708323832 -2.30366781095739 1.64609195373643 -3.92108665535568 0.413634015686135 -0.175443753251103 -2.58767290311741 0.564394466472474 3.37215116041338 -5.65888215259985 -8.612563967164 4.30291809550343 -1.04545104891694 0.596248918389201
2.51439555262408 4.12403055095915 5.10897118593177 -1.31301551096336 4.50167398585256 2.49259336617433 7.81483540112559 3.78637605414543 6.7534658087351 -0.442738557032539 5.86890418848599 2.0905020092702 5.47552602076935 -0.927828369941673 11.1936165648026 -0.978441601516849
1.55275692750577 2.49350714410505 6.43618091545909 4.01292015369809 3.48582176363371 3.87321593332604 7.07272596166666 0.396334183979146 0.865590140201249 -1.21332796372029 2.60347518630076 6.76235720190159 3.46569983934017 0.310733265595577 9.39593517965267 -0.798520069434631
-0.536193771733341 -4.01407328461407 -1.22717316862371 -4.83559396686016 -6.16690462490205 -6.03066890666809 -4.09688561110834 -5.25541842137532 -1.16191818216433 -0.628555197825186 -4.88311303850624 -4.41659106815499 -2.38103777888842 -1.63401716689458 -1.12646660073592 0.27443939594089
3.3538438424037 -6.43055687457114 -3.64197569240835 -3.93767061468614 -3.57510754318233 -8.1424152741929 -6.21946073184308 -3.89162920346867 -3.76424351799258 -1.97846681216054 -1.0436604464114 -0.589598547922885 -3.92801260764943 -0.648538427084929 -5.57305510651834 -3.45214683295361
-1.19439524135223 3.21071368923697 4.19047501421259 1.9320632116628 4.13080381338254 2.50923228032763 3.96208738543741 7.47148056732019 5.9080482253482 -0.179520659684656 -1.59442415785165 2.53941194072709 -2.57191757199363 1.55104988342675 4.09713565243132 1.00515629461494
-4.74941164563715 -3.29703466355621 -6.34653326495354 -1.36637125846222 -5.48872118321155 -3.39141300458111 -0.953532318647444 -0.441421979972478 -3.28326582306042 -2.75358200855389 -0.347941774453328 -0.933258197309682 -3.25586472078303 -0.764678368351004 -1.65550377853825 1.91313952322905
4.83504258938882 5.60714997552362 4.94285568139005 2.29933955532839 3.75763105338642 4.81404403883703 1.82199617373708 4.27565074113635 -0.358894057321378 3.30761509720574 2.6861640804418 -4.06356252553036 2.59312179625701 0.919628535215724 -0.237637756357358 1.67768903434901
-0.308682169037775 -7.12795167745441 -2.94803598107582 -2.63705918262187 -4.7863871180909 -4.71043943297776 -4.13553637371209 -0.518010666509577 -3.02602863308564 3.30161526121113 -5.27012178156619 -1.3867068110109 -2.98815873094396 -1.54540639361979 -5.52931804540115 0.0385437208223564
-0.774140167139339 0.216772871724174 4.71169556122223 3.37332511071488 4.89203449126069 8.70640804624984 0.323206504013619 7.04654981637369 3.79201850585667 0.982587055830429 0.505287081651456 1.63560935644937 9.14618835895577 -2.84382338371948 0.623850150417097 -0.210135763117729
2.24953380808757 3.8531318511346 4.75128711561791 -0.195269466014222 5.14891705808753 0.33770539438045 1.68292048674639 6.38714235774885 3.04019384715368 0.646383655397836 1.54025968919842 2.42180866215077 1.68865357208562 -0.239146323603962 1.18048863520071 0.439892657593736
-1.70800628476931 -3.20340817076247 -2.73914955859623 -4.63133655338013 -6.58263567844017 -4.22101766638524 -2.19120690877875 -3.69743001326657 3.19641392088728 -0.729881201491665 -2.17658308511756 -0.379698075481025 -4.08271958746011 -2.155103652401 1.57708523937578 -5.47071413979783
-0.402139832097482 -5.32534538357421 -5.74364841770003 -0.293005133278128 -5.34382010613554 -3.91049918762202 1.35529207423731 -5.66105543404308 -6.136491252454 1.73123236577486 -4.13930340119836 -3.35088584466393 -4.86737500707512 0.122446087570481 -8.28359582564289 -1.21616769716757
3.12695862877804 5.20697342806159 4.98455226060796 -0.363735904266122 4.48772247051508 7.20706626353296 1.23351646151711 4.21919661369677 3.66607525082104 -0.268193136120169 -0.962386946607389 1.41662769392257 9.95787437257527 -0.386127044903058 2.29810181368644 -2.49059843869339
-1.63274152843902 -2.37905734776603 -3.43347215491771 -1.47996094429176 -0.924997430770899 -7.15979204752413 1.44163102757405 -1.49187027278272 -3.83420533475918 -2.11113419962337 -0.355478457861861 -3.98116242959478 -5.69031188061865 -2.25302195319892 -3.4980028004525 -0.173331264009468
3.44282915409938 4.83686883129717 4.70714421171027 1.14619833410767 2.31739921470715 0.88258430240507 1.35959171048669 4.775561282035 3.32595153345312 3.83008476645063 2.73501730401872 0.0548217083112932 0.020810352312711 -0.293801771606345 5.67096489288837 -1.07051215320767
0.307873245864987 -0.0218635959191475 -7.48772608218084 -3.81870545069265 -4.54190555529301 -6.66927145223989 -2.5286382765498 -5.12842858033233 -1.80688349157264 -2.02912615653813 -5.62520703127619 -3.64373529207301 -1.92433777390703 -1.58737770170911 -2.7597751454339 3.26310211977649
-6.27109907936957 -5.31758350540697 -1.36917770048279 -0.723434461749464 -4.43851749445889 -3.49757184397225 0.41121987559081 -5.4791569902154 -0.426565104944802 2.30139639923094 -5.19124064695955 -1.5941203838221 -2.17214392701803 -3.8575170137116 -9.39981796638787 -0.804400977058055
-5.77151715386829 -5.53932361175208 -2.1197737815699 -2.05338966385346 -2.89324733763739 1.48500697923857 1.44428856208516 -3.20473121846276 -2.92700327913893 -3.20694954150463 0.890689210342769 -2.90665969209686 -3.66077851509246 0.991193510245474 -0.800125166895613 2.33384725906254
-1.02025222304596 -0.983049497223218 -8.26190555796897 2.53477547280354 -4.3856088184837 -2.99618396064584 -3.51218949755924 -6.01842053079919 -6.00425570286555 -1.28907729569867 -1.50459044750238 -4.03713084247192 0.427797544471238 -0.746846365439722 -5.63110467408336 3.05376643796997
1.95037494485661 3.30464997698463 4.9019122099585 3.58990192431554 4.39142992740173 5.87333414904681 -1.20496684295904 1.96631114918834 1.71951383752463 1.84224761772005 0.0669503131534592 -2.1355684030703 2.3021823573626 -0.0576624727069274 6.64290399978095 1.35613737019775
-0.067183759390977 -3.67581908454861 -5.91762942813827 0.0414797092244643 -4.80786927073658 -0.299718654376784 -5.24547511046134 -1.71980076321334 -3.75759080041236 -1.33755940861344 1.72248878071664 -1.06691201461049 -4.93353642497435 -0.0442912732494882 -4.18654759358651 -1.90290372676064
3.30973850245806 5.34624403717798 2.17585091851174 5.11607055135685 4.7908399812754 2.52741430067404 1.30637952868377 13.1006006693285 -4.30018083262146 -1.18072519570719 9.1872052971088 5.0019086428572 4.86088073131373 -0.51239205138198 3.50312990341695 1.57143612691654
-1.21957640051436 -7.07698141096056 -1.46820316259939 1.03684702054694 -3.35355619464056 -1.87509945505354 -7.83774070140565 -7.16946107000755 -2.39024433790679 1.39241884299175 -1.05716630746652 0.574060405608345 -5.51722478627132 2.43624826635393 -4.48285059641955 0.910998437169763
-0.366242662829508 -4.62038174723716 -3.65972503273203 -1.46316633568494 -3.79963080153192 -7.43290724973688 -3.98826215844414 2.53170705265701 -5.16319674850422 -5.58987208920845 -3.42279669072268 -2.8229265085493 -1.39884566942091 -1.36107073725419 -1.58753673211846 -3.1231540704775
-4.00537620946029 -2.51186820272404 -7.85274514196633 -2.63252252076703 -2.60288659335456 -4.99510732443759 -1.36891871178037 -3.07100417711796 -6.64976744637879 -6.91810009529837 -1.90417389990348 -0.895276708516918 -0.818676451081092 1.6478631551725 -6.28165623967427 -0.786527903808448
1.19205150706971 0.33180586718437 -4.99030431402381 -2.92706327255179 -3.3278008537953 -6.92094913379828 -2.1883277032701 -0.558825880822758 -6.97115893006165 0.252522444521318 -1.99158202259793 -1.26248643776605 -4.69694267678471 1.93061092950398 -3.56070135688789 0.917092412667725
0.23771841165209 3.08307266924785 6.18169170799559 0.703433069358252 6.22884083344102 5.76637862705931 4.02142150801435 3.86619343789244 2.22473634623817 -0.00283718363946983 2.26514394096045 2.33947804079331 6.61505038721679 -0.501558840665144 0.911340727692458 -0.449406497749988
1.16542145259285 -8.3038850678888 -1.09482798478946 -0.361486998464443 -5.27645111182075 0.252947697306099 -3.55478462824282 -5.870119014268 -5.08180129224643 -3.06615373955917 -1.88486894723991 -1.00196408043402 -6.89211882367879 1.31395622506589 -0.875675470061811 0.148293713244082
1.24455972244562 3.99726111551205 4.32772578020695 0.807538872249647 3.59057297115808 1.60700153373103 3.95985702099282 4.93137821160663 7.19964070726944 0.872723224181466 0.423344118619096 1.73057114328835 7.86251066673416 -0.305386290687509 0.30821063213664 -2.09474511243558
2.96763482495239 -0.359803301652726 -6.71968447240389 0.0252403827815697 -5.09428882082541 -3.95110211699615 -3.9696832745839 -4.21183710626265 -2.04889369412519 0.714026403082099 -1.89943504784316 -1.11901756594166 -3.92787687021629 -3.71163748620057 -3.52613425697599 -4.62875246318788
-2.4657178828646 -2.03472394382155 -6.97158102810332 -0.748341048083474 -3.258525185337 -6.08442852555874 -4.13480310426286 -0.286399775861589 -3.38693935120964 2.09091233140554 -5.77053205208103 -0.994283924139769 -5.88034948785228 2.41094379061003 -5.55700216830382 -1.47084559353084
5.09059932415661 4.91005651197836 2.09170085151715 1.85843991504035 1.39416298254329 4.1337092899736 0.690834722781545 4.81440666987453 -2.96612222579203 1.40974763483243 2.76033209722433 2.08901478576075 2.16075951765621 -0.565874312812179 5.61162841124376 1.88045163046453
-0.284451588005471 2.96581248533534 4.60461772280036 2.15488695885877 4.24237025661043 2.26378211531719 4.76039700583001 8.54628504196637 0.43945746842207 0.500412565592323 1.61480951116103 1.967067597981 1.41815998662547 -1.73279336945734 0.998260722750524 1.06348878863434
-0.685347625409736 -3.27963955753494 -4.49630351547398 -3.81100008077738 -4.40165679988491 -4.10659521291168 1.07773652950777 -1.79080391118898 -4.22412047962472 -0.831731192035143 -0.743704332876896 -3.4624031205349 -4.8756874699733 -7.49412184169472 -5.25615614105096 2.95158300897324
-3.17167682182236 -2.56801321079014 -3.42908479260891 -5.55294395295224 -1.49862592098007 -2.11980025306265 2.46447604057132 -6.14785708573267 -5.24348476366879 -1.20548856328648 -3.51290858162324 -2.79762888735335 -8.35727377633628 -0.488245548363636 -5.92134002740851 4.89372440257689
-5.05941121383832 -3.40974762505879 -0.451543972455166 2.0212392064092 -2.15372776096014 -3.36309689750417 -2.11787288805193 -5.34451676588928 -2.11007940431104 -0.495621335451737 0.586793059293812 2.26829410316677 -7.52831171072352 -2.55631035474672 -0.682841621712879 1.07296023972037
-0.409911349028911 0.0827464454743994 -8.19139287675972 -4.63723165911325 -3.38507867400432 -5.34396326050079 -5.01580227451533 -9.41313379580211 -0.359554551854403 -0.129568764633288 -2.10489530258051 -4.14882619126017 -5.82754467419578 -0.175650927287437 -2.86306265254013 4.18967379068645
3.58262445286798 3.71397963902481 3.6751366758374 5.61168231445562 4.93928619739821 4.26112970002856 0.281488483184896 2.24799337543175 5.19703930242421 1.25059290882618 2.57058477474862 1.38587534057418 4.64438698932658 -1.81429271008091 4.53089898973318 -0.958327416553521
0.332393877015737 -3.52434902536841 -2.49873910077025 2.43978560484874 -5.23047553158621 -5.45813505984095 -1.98267528180879 -4.65209966621186 -2.22066776306308 -2.41567555546635 0.84736690338832 -0.437467339977828 -3.05864602397999 -0.0523063286620992 0.0776601280069782 -1.54937250144346
0.432361362237674 3.57896152756007 4.68472961934147 2.73214808745849 6.41558110794288 6.2290370749226 5.50561730512634 4.95765340150223 2.94450075496718 -0.725481356392171 8.61451330784491 1.38254188842601 4.9608732205898 0.0900065761224575 4.36757040176687 -2.25053360849719
-1.57116451530787 -5.88848952632912 -6.4064814670601 -4.38980043389961 -7.34067159373217 -2.04669834479935 -0.421394957887247 -4.01788758387989 -4.72636973737489 -1.62477704861176 -1.92976314987144 3.17200647244776 -3.68494618356852 -1.82952452472815 -4.15593426617612 0.73113485792721
0.554707601181441 -2.3596810528587 -2.47082178697833 0.394530107435132 -5.17438239008245 -4.30648681120053 2.77072761997094 -8.37178891860473 -7.91433541829598 -2.3487865415574 -4.01967952015173 -1.15197330369722 -6.77461614410301 -0.85921438550526 -4.51279998251659 -0.541433258738172
2.20332129227635 -3.9684457359724 -7.22150333973419 0.852415763231758 -5.38844466973677 -4.38081544299894 -3.12017419110053 -1.05098914618498 -6.01832048623849 -2.54519013138709 -2.84265260572377 1.76908995638043 -1.66792394951488 0.175753022100941 -3.49431138868743 2.3600984601866
-0.790642374747051 3.76016639898834 4.98876704509311 1.5742111416134 2.49713220149298 7.46383456833045 1.6072890896946 1.28807263986156 5.22375136569905 1.504776051163 2.74439483464006 -0.827852860442219 -1.12192291902991 2.46061807238521 3.26409593076838 -0.601890184061215
0.78393234042847 -7.28132640560781 -4.34301945056133 1.53928288237542 -5.56212798909004 -3.36882819302995 -1.43294695147209 -1.1494673583812 -7.31700072225335 -0.335294045689403 -2.28177887081201 -3.08440460431754 -6.39829091292411 -2.14648399463306 -8.86853946498358 0.241896494591928
-1.33945295680349 4.35100246562785 5.03173736699897 0.255832476030097 4.39518387091123 2.85755652191502 4.99785551596314 -1.29513178755491 3.38729958349134 0.379321524497436 6.08335731916753 -4.6598352503352 0.622791479314689 1.71923727622449 3.85791536311681 -0.0679122128890824
7.15521289149038 6.8242254596079 5.99770403264472 4.53627443295469 4.7367747922569 3.27963756857127 2.85590545904922 5.941044751419 -1.04219824968342 1.67783802281109 4.08234715183399 6.11068833830355 4.66987187022129 -1.06167977183231 3.36865715848371 1.91842561848772
-5.67052717218663 -5.62384129209362 -2.63868829454251 -2.1416955044782 -6.44231467892412 -0.0239192152310248 -4.20854252346493 -3.73820080612668 -2.72557449400924 -2.9840777383808 0.747933889955511 -0.513323824195479 -3.63417548221622 -3.1543751123135 -3.40996319468466 -1.84808626363498
3.73611824389124 5.4852329048513 4.16148894779333 6.31362437651697 5.18237136240855 1.05658056597583 3.61696652748353 2.24817609230886 3.39964536946681 3.29380443324628 5.04785744838299 1.93836593321379 6.91764198038785 0.360171302695248 4.43759067903429 1.30982958304373
2.45742777976113 3.87061282280164 4.75322470157737 3.19545245138917 4.55849624893062 5.99001133857378 4.80169145958966 3.47133787760939 7.41290767328102 1.55800790777668 2.22365392236758 -1.68952929103833 1.56202137555754 -0.89285403866561 2.48687914539958 0.436843932663041
2.56661840262311 3.66182908024075 4.75519809185487 0.4061057297873 7.18503182822571 4.87269828867543 1.42697314691682 7.39488258438853 6.88642330024949 -0.679649857901078 2.52339786360778 1.0297158644554 9.51678258844091 1.08222076329609 2.38725114795779 0.369027269098947
3.10316804391131 4.24416229699787 2.1837901955506 3.04255820297251 3.85209066259073 3.24509203888612 5.8032349272835 0.0306503972007093 2.59361134417031 1.13124433857371 2.63309750882886 2.03815995387676 8.71106256128309 -1.5122369071914 1.95521424311365 0.269218797370678
-1.43907425032886 2.3071082888944 3.4757209218848 2.48508170865097 5.95574657164754 -0.288104236044515 9.15018166897091 7.08959194871658 3.85576766401987 -3.44801183213408 3.46445639557799 -2.32541030473993 5.76792469395759 -0.994806448167256 6.28550352269682 -3.31474850362359
-3.53775580314617 0.860966760422347 -7.24828191661981 -3.14048622711879 -4.68786636745289 -6.44058368283662 -2.55388547141694 -2.46394707997849 -2.16028670856828 -1.62499131290283 -5.06436148363516 -0.522332675682687 -3.83488670361745 -0.939236409396664 -1.53351900121748 -3.12170501939977
2.54938402027652 3.74185174953608 2.31896606832235 -0.172483889932345 5.05415632578693 4.1784419594457 2.39877559405685 6.53134567979775 9.01926378508229 1.24575672162014 3.47904682735065 -0.817027501951481 -0.999804402121582 2.95329465783094 6.41317643557895 -0.295444973052684
4.70889658049996 0.910530840139919 2.43259362074909 1.56662180164685 4.72216419371817 4.9235494202879 5.30867207382592 -3.25302201452705 9.6904908846 -1.57928817391572 7.61271143461761 1.98379687808552 1.72479912494265 1.73385984507189 4.55038984408088 -1.6297398394002
-1.51123059085594 -1.95664571505083 -7.46836539141039 -0.595757233952493 -6.56838725375956 -0.0744215770210355 -1.18013025511242 -3.42482434110331 -1.46520491863939 -2.02709618827396 3.34153461332408 -3.09728679875533 -3.95129369566622 -2.08288986186395 -8.87900331542789 -1.03924855069787
5.07713578465825 4.80921756867774 3.90166576834213 1.76714202771855 4.12357964282528 0.454741255936943 -0.107696829841678 4.5655175565188 0.610768780414887 0.0273885716813118 -1.06272645484504 0.218064076989394 1.40275625130747 -0.823274944915423 4.40089188800374 3.45552862859682
7.40077913691399 5.05096824834645 6.34700454156075 1.76654108249037 4.87808608313984 4.34300087407875 -0.707265675529625 2.05746300093325 5.5654226758576 3.43313997568798 1.80641150060232 8.02352631363957 7.97710038447852 2.2023377702748 0.47300358989896 0.774293842975042
0.558297421172958 -6.48037468431239 -5.99455326336384 -5.26735883421206 -5.65810637703952 -0.179588583355963 -6.4387284281206 0.469372928964096 -4.70616966112298 1.31173331428567 -4.80917723578945 -2.08752187340257 -4.7221200624572 -0.855977652585016 -0.171300263942687 -2.40314969925397
1.13995721544053 2.97727933030115 2.96721196867393 4.6390687835838 2.7552056282964 5.12424293402785 -0.583546183439043 10.3421970972383 2.31035903618431 0.893085790927125 1.55594819471519 -1.87552096769139 4.41483112747207 0.116758909563584 4.42592582401182 0.798362824167751
-2.5393411477268 -3.24798764256392 -2.95926665352019 -0.0764398986838364 -4.87097668448748 -4.77902463429956 0.798797026140484 -10.3258941240171 -5.19839647069194 -2.45340649706373 2.49249575502869 -2.49596739223549 -2.30673584816496 -1.52597357485334 -2.59674486046994 -4.27774528766122
-4.11954591818288 -6.79925531851487 -6.13626693328501 -1.28012792808647 -1.97336257488839 -0.0193129646448393 -0.430481961821642 -3.24545873669449 2.10988139830971 -2.67601324178518 -7.3113924511341 0.585570897106869 -1.902592926787 -4.90641032180182 -3.62335887323079 -1.27708406828709
-0.55407937475745 5.50982066688644 6.00196884763329 0.67773772502125 2.02180562210428 0.517744076851273 1.62005233930106 4.02278548816196 4.10244428651488 1.82201582612941 3.57895766896408 4.74656634728485 2.97939459652602 0.185218662903958 2.03624290777676 2.8453136883306
-3.2084119887868 -2.06745137972559 -3.13823125431474 -2.39128286188726 -4.73381888865826 -1.76927396792813 0.250720955595864 -1.51954790384161 -1.63345789129481 -0.280985795416456 -2.77176438175164 -2.43409002776499 -2.65644109227253 -3.5993382457298 -4.26000115481365 -0.950932868178686
1.68060991754659 3.33658402381049 4.23799912297942 3.65886034579441 4.01716568257568 0.107615882303612 0.447756899854189 1.6281249387159 2.52350735733887 3.1037152824315 0.416194070916233 1.23091265334387 0.488860628142125 1.14457471450516 0.0637761295376307 0.564205861636936
3.06739807831355 4.6867010888066 5.28870004090711 0.53361964080227 4.15785762628054 3.17083432552595 2.20319623401569 3.09769112830387 2.66854046875631 -0.743907698518662 2.98538281674945 1.17463474770259 8.40333125061255 -0.90062992315191 -1.59724148229786 2.21700979322631
-0.446763733315732 -1.42747440035578 -3.14995840274875 -1.84251219729255 -5.40486531146094 -3.68101020820905 -1.63495075190062 -4.98079179478861 -5.60684215298667 -3.60395288190218 -4.6873921698883 0.162191563956298 -4.2534586978492 -2.06283661934645 -3.3607234309994 0.0649442113425225
-4.14127728161632 -4.25091200019737 -4.46916192819666 -4.09675027434278 -6.74472244055289 -1.64811867498436 -5.22743255678115 -2.67353434669675 -3.74180342545119 -3.48287116236448 -8.47349204643558 -0.109818225402204 0.13134607263616 -1.83935807719633 -7.54676688141348 -1.80819369158415
-3.11960409246205 -1.41035402067497 -6.10548717259977 -1.51905390506403 2.35111804692945 -1.68559313099509 -1.38278997741669 -7.22965308194627 -10.0291101410614 0.960960673475487 -3.51589888722888 -0.585381269646874 -4.78770033571079 -3.59639116649342 -5.09415583256332 0.344037059088443
0.769450599499198 4.02983634833422 4.0592183709233 2.50101009081567 6.83737539499776 4.11314160274554 3.86555572990596 7.25821539976696 11.0105855440258 -0.818647408496911 -3.99592882354489 3.70473103008545 6.64880425979285 0.997994985603521 1.84196362092775 1.55580370024424
2.86919489169706 2.64875749020148 5.71133096333417 1.92657140922566 2.83405914458353 3.42307255777479 0.00617512537542897 3.00573067470732 5.63482535857335 2.99079242453999 1.59835761477888 2.6958212272356 2.94647998617535 -0.548228117386807 3.26333079899348 1.25376303749124
3.30842506533888 2.8181010847045 7.4108479483221 0.276224561219844 4.30827820675349 2.15957345997135 -0.110795034638937 3.32487943971453 0.315669282184279 0.415055843297587 2.8981986036749 -1.81101193673319 1.60148764917765 0.42988251005046 3.12830494977163 0.303054026086217
-0.586136384080616 4.97607882146738 3.80396088402051 3.04287102282028 4.46102378452362 -1.77364376153924 5.25914909007031 -3.24568668004689 4.59328632120163 0.677200250814934 1.42166430117279 0.252202603165386 11.311493942091 -0.13256398655123 0.778489453247991 1.4366204633584
2.97876938564594 -4.00366906844683 -3.4742111739055 -1.75969069974594 -6.58097323706427 -4.21314558443544 1.18824960034742 -2.49344526642796 -6.2144354839981 -3.04719895717129 -2.62285282443738 -1.9599981945676 -1.65450554651247 -2.1951907054351 -1.63049206493881 -1.37078964094409
0.850017974843752 5.0314063303199 3.1436226757271 2.73181987205516 2.7991054383119 2.90310676633263 -1.49297534159799 5.41755269141146 4.33668327734661 3.56290303632495 2.59977302724069 1.84695121371622 5.01972967932929 2.2192042057443 3.20498983323403 -0.277751008514189
-2.20105830621573 -7.50114862670716 -2.58683733428968 -0.965331831968715 -2.60513290758581 -4.80598525672047 -5.24259547926891 -3.88137532452771 -3.61053299360489 -1.44041940298881 -2.50659495318687 0.339017659433523 -1.43507741856724 0.736096275398153 -1.12380589761466 -1.99327629715428
-0.468632484472694 2.77378933640174 4.12864456086952 3.04671550847543 4.73718909215801 3.3269851678373 -1.03125330829773 3.36515591384489 -0.639665673488251 1.06079088843385 0.986780571603763 -0.135325180391091 4.67860488027538 -0.322733785678197 6.01698692295601 0.967166516377835
-0.204816790148221 -3.25772461977278 -4.33675243617528 -8.96582026843047 -4.35074235339785 -6.13459981409042 -2.83033753504212 2.21593566179905 -2.29806001197047 0.0990319908552988 -2.59815332773832 -1.82174053208788 -4.16390645004471 5.40054382549858 -1.56163844154878 -4.0665231037896
4.68440094305411 4.05193729211715 4.02434104729912 3.17673137755416 5.14280816110345 5.83453812882276 4.40429735205926 1.7908074640266 5.07453675556267 1.00413860684474 0.948616217874519 3.02604178476998 4.15362008044198 -1.388754652852 3.17153121999594 -1.3422628302475
-1.54670381382435 -4.56189653741601 -2.73142196431856 -4.20052406775244 -3.67272984553491 -1.2275356888995 -0.734507417046342 -7.87771536434219 -9.24289593402702 -0.59574287736114 0.885246440548213 1.181895927739 -3.89095053369501 -1.2120450320052 -3.87637552997217 -0.906344878379102
-1.2198974737878 -3.54410641553996 -3.30434213354846 0.243331866783276 -0.0125369177134376 -0.0149006713381827 -5.37517980555829 -10.0442601999717 -5.63193948585656 2.00857248175232 -3.02725929715283 1.5144380868692 -5.49123295433975 2.17920926822889 -3.75411308626663 -1.7853113926638
-4.89946707659579 -1.95536165043639 -6.6990651357325 -2.35820558303159 2.42751450944762 -4.24985822995562 1.36471826224625 -5.66177728141543 -3.06997421980099 0.801514243355199 -2.63863179009405 -1.41096353116147 -3.06722670031345 3.04478241148388 -4.34720203414371 0.486555419587809
1.76171549241467 5.02466507962891 6.09973346147573 4.20486048651587 4.42713323099863 4.23561258183183 3.69728564188842 5.76561499237911 1.88453110783608 1.27991747500946 -1.46297662384398 4.7262806329171 6.03438192939854 0.389545326877925 0.305767874452372 -2.36294013194981
-0.83831449348872 4.87813581908419 4.81124217362148 3.1119601291777 4.41136640316063 -1.17085336826365 -0.799376148464119 0.0223332950337221 8.78635627457659 3.13934002220729 1.92764785968188 -0.235644128596796 4.02084593711157 0.0180841487700519 2.25334833835756 3.55519389995928
1.13601530626569 6.28176369537694 6.41721547243721 3.30570592933599 4.4805546087851 7.96530991779536 0.0884762086611546 4.06027887898532 4.53351457389956 0.326478860801591 3.35868319053198 -2.33220502171966 1.14647946535484 0.0952794844640297 2.29374915838643 1.39123648367454
5.0299593762442 3.9915097891422 4.4523151852179 1.08357919969854 2.93916758566974 1.01154541295257 2.97481147464623 0.751054847202958 1.1429394889169 2.8986651199926 2.20849844350933 0.0829544842610288 8.95771414014825 2.13537290129458 3.22686484745662 1.02856853500315
3.40552043652172 2.76599487114513 2.90806364446658 4.93707580445738 2.8758108173529 1.75775611540169 -0.809564209211246 0.0709905677677316 4.31349825662091 4.52726495688941 2.69927161950591 1.7966414676171 4.23127608444305 0.564235548592009 4.62241310036013 3.27751847058323
3.28380915424354 5.16423174815413 3.93438424990814 4.26830844955448 4.84785578562632 5.13307899092912 3.44992688077741 4.86902528143652 6.11083534133574 1.24790976902728 8.92300726374278 2.63205195342191 3.23068250373258 -1.33281226083279 6.11683457627072 -0.429970061258422
0.547109847688691 4.91739606859571 3.97876391374405 2.74855822298856 4.35292657913069 5.07521824799117 3.12949540063826 8.37805368625233 0.99401511546009 2.38613268661359 5.59830532368701 2.85763193319018 6.22357862057686 0.285494176073073 -2.25934362819089 0.0280676616582221
-1.79462734680588 -5.66622877355193 -6.68499895038787 -0.36914704913296 -2.56336092174335 -2.91399610077184 -1.28461131665556 -6.71930731071142 -4.45948748517334 3.07168412608453 -2.08646897229381 -1.57640768441322 -7.10408196333159 -2.20984047848128 -2.43557001426211 -5.77046578571511
-1.45696810024585 -6.21930545380464 -4.61751676658105 -2.86880024778262 -3.78760197559787 -2.64738761430241 -2.6546420971878 -0.326781864714462 3.44312857631044 -1.71179223154794 -2.0985028339521 -0.235267896480478 -8.53928966731484 0.213313066098019 -2.68951905434115 -3.43135786084553
-1.54812325636808 -0.025345062563408 -4.61330433064907 -3.75777252290531 -0.96335302285941 -1.63037049373083 1.49093603489275 -5.20195103355545 -9.12075678560906 -1.91464349492001 -4.58098991562752 -0.668366202202154 -3.96324962665516 2.50945381480782 -4.61383433270705 -0.583816356497151
1.41358078702229 -4.22714786219446 -2.09671885357371 -3.24091408564175 -2.6564610909282 -2.18045088236816 -3.27188501608167 -3.93037305304735 -9.51249431567957 0.633855997458213 -3.80064560880827 4.36379746556187 -3.95915022082121 -3.20449013296709 -2.0633631875011 0.16507806269899
-2.08707294838234 -0.179516443270523 -3.58921167027939 -4.74850404704139 -0.958261941269404 -3.2095075492552 -0.831625794787346 -4.73356297281778 2.01101064795268 -0.169996124947504 -5.65828218585318 -1.14130723365768 -5.70391272682785 -0.872483041774564 0.607747389645879 0.953906860355505
0.777280365450387 1.84905246016708 2.44480874415202 1.0773765885926 4.34432115279267 -0.313747770070311 1.20991505689231 4.29195879774121 10.0828185770612 1.6810742885812 -3.72334018333364 -1.82716008498201 6.70340990609997 3.65837432341083 0.363843491726036 -2.00562273972948
1.87785223620562 -1.28841897577748 0.836668864516267 0.383831784490161 -2.35855517895838 -2.92321247631623 2.54387030526072 -9.43136816344128 -3.79011904975794 -3.60480299315674 -2.69412024691635 -2.0887525300837 -2.77529987727666 0.25142458132033 -4.38161241540986 -1.32710201751875
-1.54198651609584 -4.21811682144058 -8.77037253270876 -2.83128243664734 -6.901757831352 -3.90598816356911 -1.35008800798681 0.187820394523097 -9.2222771894379 -0.888364362688888 -6.75184480518725 0.0567374589681813 -5.12444756195126 -0.482279525417284 -2.68607543588574 1.01844895313507
-2.2710427257946 -5.90975415186023 -2.11988769716463 -2.40152904448588 -3.43987845675451 -2.11613108896467 -2.2316022230386 -8.72125100719205 -0.0152873682466077 1.32976361065549 -1.21596287746696 0.118435930005617 -6.81957972244093 -1.0029523612782 -3.04444286948345 -0.565112418882697
-4.95822652280527 -4.29474947992379 -1.20693058607661 -3.18064174773088 -2.89115134347356 -5.86112497615571 -3.53182559250535 -1.06142156151412 -9.21473952026134 -1.61036729002151 -1.88331885163235 -3.45727852198881 -4.04677062347865 -2.33740271788566 -0.792759492466244 -0.242130231171899
2.04816224487141 3.17482553747375 3.96455195977578 0.296500904796254 2.65267546388847 2.03586108666651 -0.0538255799750649 0.319272902148585 5.74875877150588 2.57833415074219 -0.900152260475005 5.42084858344825 6.29595671902965 0.158678820667611 3.29656591293733 1.85661879917946
-1.03755602415398 -4.76475917213665 -1.46195747040695 2.09108129353361 -4.96893789308029 -3.57718452258158 -2.76320278247273 0.107646088710414 -5.82216015268359 -4.75041961666692 1.71841144628143 -0.498073041329397 -2.05459053553569 0.178292230653155 -4.09171190646125 -1.00976491166499
-1.21706352904718 5.34113144959018 3.99852013412752 2.81602283691697 2.36801634861139 4.50850340606842 2.85680768539773 1.08332067722883 1.94257802526132 0.898652088546016 4.22586071405674 -2.53099861352924 8.87958258190148 1.03337020213958 4.68673871240507 -2.13949434469668
0.528568921749772 2.77313761466496 5.64773191095397 0.500913874932126 3.97466963181953 2.41753979789906 7.1587843162697 5.24691524721735 6.01365873739839 2.61528243277874 2.87618706972009 5.66165881123555 4.70670913199971 0.0401924957015047 4.72201213864275 -2.36008771133713
2.15759002538556 4.5296823220446 3.43450385034965 0.76164320909719 3.59739765559314 4.30817948422608 5.98261817438391 4.06677937830047 6.66030838154575 1.93115775675234 5.09019719582215 -0.696682168927091 2.4757271051201 -0.810218082764311 2.41995953848284 -2.63009625589148
-1.25581786128153 1.69261519645415 3.95638868085336 4.8489691197968 5.81639913808847 4.00904153197146 0.810798846009307 6.61949158608084 5.528943173367 2.34300061920442 -0.0334349345762626 0.289760237243434 1.10138168080111 1.30813351426816 3.99194672394115 -1.05630389400999
1.30987796447179 4.54861471955647 3.72470404456551 4.56060314970899 2.43373352743174 2.7842196481397 1.6031555484064 5.65109010855309 2.73369283358446 0.617049763530801 2.37183250879476 3.94564087385823 4.46146723191618 -0.08190471420156 5.03617928590361 -1.0236689232031
8.90571419368457 5.95137581259684 6.58723730398074 -2.46899347601663 2.69073688753582 1.23264872056546 -3.16355979599533 2.98715754926422 3.48886925984111 1.71066763292917 1.99157228469533 -3.54491840136815 3.09814966163733 -0.162100095224481 4.39148487023899 3.0940591431924
0.41265563546275 2.91851157904757 2.8424742238669 5.02406031400124 5.81511809613429 5.92788069076571 6.98221298572133 -0.214612798450204 3.05185361122385 -0.133348390891538 1.38910439777339 -0.333457933397826 5.23228136927981 0.0215753864133946 1.20689209478353 -1.7596131522494
-1.43862792517827 -4.53856557740928 -2.26998687650376 -1.47993210146244 -1.5405065325101 -3.09761122349143 1.47122763736217 -7.15775968213049 -4.00028893359004 -1.90458779571515 -1.97632253880327 -1.3716079180004 -7.47112686440167 1.83409811085113 -3.65209826270132 -1.89085750250396
-6.12630275468815 -1.99987643292652 -0.314055178529115 -4.86916426783447 -1.8693608678343 -1.46519248822103 1.87689576941025 -3.54764973004258 -3.76628729470446 -2.72283091409249 3.10684756230978 -2.15127434465792 -4.67020470903913 -3.6144453646862 -5.20172911161725 -3.18284440098417
-1.21483347009957 -7.03302580698579 -4.00988239702498 -6.75379049331543 -2.46936276061065 -1.05425000556116 2.21898294569521 1.74830085027783 -7.39676774485521 -4.03863778807207 -3.09261588696774 -3.7991447208307 -3.42385679710434 -2.01131838820467 -1.23137726372774 -1.04104861545951
3.8273243810602 4.09535866822557 1.63397076930326 3.73884554913226 2.6010103035166 5.78236549051769 0.242590137851165 8.45755806076392 3.65891741778914 0.429084261248208 0.794741841448726 -4.81117756772491 4.02505082927023 1.45898988833793 2.00194061088995 0.566476161236708
-0.827852913968849 -3.65215561449984 -9.02367364722415 -3.83235744630023 -1.61412965633939 -4.11307458188663 -4.55319263330023 -0.121649217225512 -0.892010637522184 -0.682739372010439 -4.61226488378601 -1.70479146508065 -3.72458389773231 0.855993598397695 -4.38849304394413 -4.1345246942372
-3.88274488360955 5.22298251150453 4.32986410635213 5.82709657866399 1.87639073580002 3.95830439488768 5.605336870328 2.1678799485585 6.02496695068495 1.07514539126346 -0.633239148159676 3.62546221479735 4.34527705643914 -0.469905663884752 0.19695537613489 -0.74161325377406
-0.672973299730292 -3.87553804629129 -4.44753525949855 -1.52371259049797 -3.94259437071938 1.08716752943514 1.80464458049179 -4.19074462657779 -3.00589230382502 -2.74991601649648 -4.17005045782238 -2.49434674743762 -5.937746304593 -2.97986046319164 0.560533477725621 -1.2368794948209
6.46919398145473 3.9639732937584 4.89694392808722 -0.888154505864085 3.98688223928849 6.79288096581134 -5.44638691289057 2.6393814631264 7.85643488606181 1.92120821651171 5.55754329779457 -2.0318426164207 2.77893170849271 -0.619711081002603 0.896726752547138 2.76289509796506
0.53040499638238 1.89846687522738 5.40051661340627 5.09761074179631 4.37750767680592 1.03030059276622 2.13600175950719 5.2618178139769 10.2969083327863 -0.46648084290532 -2.47904635733209 3.15556953509144 5.41153280045591 0.158285301580674 2.7757469111401 -1.03396218720458
-1.93570945980722 -1.84837186093481 -2.3685889598089 -3.77545968916593 -5.49009315439763 -7.4021079294512 -3.65326046326363 -8.41941552339805 1.23815062913453 0.962030248162926 -1.69320396191849 -0.311537843516585 -5.11618133141677 -2.45334004763115 -4.29197271771339 -1.56758665115108
-3.36817293760739 -6.10213846120502 -5.13924131427065 -5.8545998816798 -6.75137721946044 -1.37655715040296 -0.105233866419483 -8.45765009138863 -5.932328889802 -1.5447449800292 -3.32560617858334 3.16662372921504 -2.02658664446288 -1.23440519060876 -5.21842935442141 3.5349157039008
0.876211469087866 2.77265032834631 3.05133733277477 -0.687002410148308 2.49572415914381 3.79623192179232 1.10087531166173 1.64877751183647 -2.53913910770029 1.78586348334642 -1.80365157017777 -3.39588198635304 4.44684136440622 1.37749463988178 2.20331620873492 1.52951194194353
-4.758214364705 -2.35138614892928 -3.79737736992563 -4.73974885525904 -2.00680059757585 0.949205757923885 -3.32289128878176 0.62041563351755 -4.11150614180053 -4.83858151934767 -1.26438986507477 -1.55902398708481 -6.37399065699253 0.0386117760550576 -3.87550334549986 2.4506068251669
-2.89229806293998 -7.67171947792486 -2.02995791905357 -3.86668019456124 -3.13876304829053 -1.79662212690119 2.17681776330181 -1.3758478079172 -5.84132673051372 -3.965204694177 -1.60698316599715 -3.16661863750661 -3.55023745249708 1.02771135017002 -3.86234868649732 0.154970790134144
5.09851736405321 6.76932598936938 4.67696631404101 0.514867745514717 3.74871798552844 3.09886702635938 -0.251639577056639 8.75934732878459 2.03036294173216 -0.111006383201596 -0.163463052879761 2.08282855139808 3.24117710450695 -0.336909395292727 3.33732675710392 -0.99848239314873
-1.22895053701543 -6.75077332991282 -5.28287597401002 -0.606303591090576 -4.00282489526083 -3.19917219698508 -1.00041819948362 -2.37312554155795 -1.37185829250305 0.73026708743086 -3.04949129287449 -3.22972337747559 -7.87176178496792 -0.822554863213239 -6.04371921195468 0.958051861048358
-2.63508709365465 0.209160057613933 2.62646761522273 2.42202549787118 3.77357614103065 3.27981473557946 3.61195191401459 1.23933024411833 5.0708497897388 -0.238811070165424 2.42813828752925 2.42159918546905 7.87353856639917 1.35712661260319 5.05258988803326 -0.720291788367484
4.22217132377034 4.89781677642589 4.58884313910671 1.72360729118828 3.61310740603219 7.47870952578375 0.872692847257225 5.8609585582743 -1.37128866551084 2.53723363353166 -3.19570745551864 -3.02967721115518 3.48079465649494 -1.17972285817684 2.22759327438304 0.485626284370821
4.69529273294189 3.72396630352119 3.54801278619161 0.598553127168836 3.9391884069483 3.49998381593762 1.96501029492958 6.28632644736975 5.6770369478301 -0.0315599900289332 2.48202048024328 0.477175257574837 3.9515213724539 -1.71496813225533 3.00841004251155 1.05862115105929
2.52068284626119 5.33601669226373 4.1926829074264 0.660387096629562 3.25746332813037 3.63371649316753 3.44522602555577 0.51669531869738 3.76941193033629 0.677286113772057 -0.108520247500923 4.28346854629867 5.00085728010146 -1.06154308951939 1.15674149723404 0.831882428601624
-3.24531922225681 0.479839575993383 -5.24005526554041 -2.35776735797614 -4.30308378241122 -1.6979697390251 1.39853089998213 -4.11886416113242 -7.03578050826136 -3.99223265077049 -4.53972543758218 -1.55845493682193 -5.45238929272926 0.0250875021291243 -3.31985163572114 1.23678596797202
-0.950874571466069 -6.97641858164987 -7.2155372634201 -4.69011378479863 -0.345059470783782 -2.7752903686507 -0.49661759067675 -6.56114817536747 -8.56737411676463 0.587312738947989 -3.04788157354346 -0.557982651111139 -3.7858530630767 -1.67854319863427 1.97142819935579 -0.466601319450056
2.36327103578355 2.6012166611797 3.72565870124615 1.69252066371931 4.71039337066073 4.06762854857634 -0.106473290171303 4.03244678315469 10.6425834925688 0.745879895310005 -0.403260707487737 -1.11685414228522 7.77852850407646 0.150688973001619 1.68177074266447 0.323073735303547
-8.63095310486905 -4.04286700091831 -2.79244421270584 -3.08753848960509 -6.75400925392911 -4.64193799523218 -2.24144955425678 -0.292014092955657 -4.6000704822235 -4.11374635683915 -2.04612647841392 -0.800561429187655 -2.14596496958624 -0.215128695982163 0.563373876797561 1.9591332885199
-6.33747688448192 -4.96246592761358 -6.23498551905602 -7.03034869777132 -4.65567011040852 -2.48836176770218 -1.10184938360485 -6.13981142248703 -4.33501300198295 2.68095478006857 1.91084490547942 -1.16443168507038 -5.57770987194851 1.92823484641147 0.522865541835159 -0.040904068188034
-1.73217830779969 -4.84049068153215 -3.5073283208857 -3.710653674264 -1.39743444268245 -5.30701449891328 -7.90128423000289 -0.208005771621364 -4.35578157986166 -2.59776534960349 -0.292311164937501 0.211326245751146 -3.43344741821838 -0.295400211337557 -3.11355334946388 0.104672243470428
-5.22319064471902 -5.35139552428831 -3.89899135660119 -2.00911634163172 -0.928093322851934 -2.90246718547053 -0.526635844438709 -6.0915066319939 -3.76240479691624 0.00693272995142413 -4.11954475176274 -1.21244290084991 -4.48875537823922 -4.01088652100042 -2.32592858959372 -0.0551535306009142
2.35716916376931 -3.81808820471338 1.57404410905862 -2.83951787353054 -3.9215559457182 -3.09103840324932 2.80213156402592 -7.20555732983045 -1.24968669304587 -0.0110711962012902 0.72423353149079 -1.93020425004439 -2.70236954153719 0.103587869485344 -0.377350124042309 1.88088574438549
-0.638966711418619 -1.76476060061198 -8.07972537421881 -3.46999820846773 -2.20806359503872 -8.4105116640976 1.35890934326884 1.68905656537257 -9.41061867264425 -0.0473851766809734 -0.0823741389439121 0.303157522169263 -9.33619621885956 -0.0782470257882966 -2.2183345332025 -0.281103240677926
0.156348546826088 -5.91652051825676 -1.54165798520481 1.86974916341591 -5.29014460940569 -2.47730214954891 2.0407167518475 -4.43072267410982 -0.369339544055116 -0.140455017750623 -5.82636647219881 -4.22874019921393 -4.53192791564916 -0.253373306991665 -3.65239761318831 3.4462312768899
0.0079101966383679 -6.98732700422834 -6.06592520950307 -3.14302579548333 -6.64293724859685 -2.46353253885962 -4.27032158870713 -5.52611497324571 -0.880979485310745 0.43064064304391 -2.4462205288527 0.677661353744094 -3.20202479840646 0.41085918213534 -7.00242972718125 -2.40541077135252
8.49054483415221 3.82571161066072 4.72004921219411 -1.13591075879489 6.56353240140578 3.89747088204161 3.76864293221222 8.19109289506994 7.5112546594726 -0.818612722738729 2.47670521319969 4.35212692140818 0.257741563979448 0.00971908223037266 2.11523553631132 -0.722583898620303
2.86382581988507 4.11853968058198 3.26408509227404 5.1201117140185 4.26859741217482 0.801916564782069 -2.98160312561551 0.206438239599617 5.00788428047483 3.45714775459549 -0.891934790934305 -0.105513807106073 -0.503437164400108 1.12710133608308 6.77744016696458 3.04850145680386
-5.40812626557515 -2.42402209047404 -3.34264887524286 0.44071323500924 -3.97987947992014 -2.60341988495962 -2.48664272218867 -2.84775717615301 -6.0719905006246 -2.24301329701481 -4.91179385800071 -0.437036251651416 -7.23584937994656 -2.05781203214905 -7.43101602938787 -0.0797606018468026
-0.584207013428355 -4.05432214403824 -8.12959950298995 1.74761799067783 -2.2169614154388 -1.59387656751824 -0.318643202717735 2.23431982757459 -3.64131655781646 -3.83248269810531 -2.23206485976263 -1.99494389461642 -6.98211549980153 -2.41130187499129 -1.53182081720836 1.0735090299038
5.99148997152307 3.48540260474529 5.90046273322959 2.23287881896115 5.06422184460569 5.20437725023527 5.17519849338702 4.27318824738843 5.58888674457766 -1.67988109800804 0.524402044899483 6.54605108377083 4.3776456501009 -1.91191835082911 1.99221503032345 -0.865697011491351
-0.998819492044772 5.29474872882806 6.61456545142537 0.726369596928052 4.57336187109022 1.80029478357811 7.81013692507951 4.99748414596959 -1.7857948047408 2.42910413843354 0.565716151927041 2.04037159984195 6.89095884456451 -0.14673378863283 3.7839781219596 2.58640759057061
-2.24904229585344 2.90483412847263 5.55666908448224 4.66655394783262 3.56723688563523 1.74842106324908 0.304424499431368 4.84402105221943 2.41582598702778 4.64981243723229 0.660364378687187 2.10707644538042 1.33572133040711 0.29714874938114 -0.792530949703849 1.32393389576719
0.566492975892862 4.22509270275067 4.93199668525681 4.1295225471771 4.33201061384749 2.88563958036343 1.80211856895219 4.53788905041784 2.94748578966657 0.347018523151289 4.92432692866529 -3.04701727879632 2.25332104330522 0.896107503828571 1.18483235837891 1.14293823650662
0.703389559247083 5.95818363731977 3.51463330538662 1.8596528337423 5.70151074615864 2.58405403308263 1.24294559076333 5.28815931452438 4.49560413839059 0.549050920545404 -1.53307000214853 1.49600920350384 7.91794869296168 0.0101751492615476 2.72867230112562 -1.49793607500804
-4.59303959010697 -2.84367414211456 -4.98899390812642 -2.8808864786236 -4.23495024375853 -3.0461449128098 0.69578472721786 -6.89272626894034 -5.29557850314522 -1.67725991821975 -1.75830901680278 3.66552054711517 -6.55535396759792 -0.76590542496632 -3.39894548164476 -0.287384686260866
2.00387601722408 2.94399850462862 2.96500772818408 1.17934583590556 2.70983712988692 2.96207779207072 3.82060277776551 9.61695346588908 3.83982687102421 0.793541271884852 -0.323599220920319 -0.566473994544733 2.10366817470129 1.15831195494214 8.95957220517649 0.24011572655567
1.60448417561078 -5.10095327205591 -5.54827869116943 -0.611107095835054 -4.01619646573516 -1.09078771453889 -1.62194038794632 -1.26491129828855 -4.82953079931299 -3.81227580536238 0.314102383387205 -1.30964120748453 -7.50124028286316 -0.98483888790638 -4.36350351034342 -4.54982145935312
-2.6118460575939 0.619076654266875 -4.7902982756846 2.39530911864894 -0.974330891233457 -3.59398010253472 -4.5560578518992 -0.0290535881400986 -7.9816590286384 -0.558012259378783 -3.50353058623021 -2.32187155707761 -2.449406682578 -1.55577043687649 -1.07977333776882 -0.36649502907657
-1.41147374513004 5.2887936922739 3.2651848347838 -2.22711018173991 3.74159832437876 3.19936014542538 -2.36391814430279 5.17460510035362 7.73198727996085 4.25005422644285 0.158427054052833 1.57354171596221 3.44861406304854 -0.78582820833179 6.96855223331156 1.81055104207551
-0.286976009520383 2.60599790961679 4.7803805615316 -1.14959695761603 3.01632561889315 3.95276024506697 2.19461376898656 7.10465929106367 6.15084639833715 0.937345824725212 0.597621861303647 2.88803168692941 3.2503209119064 0.79885495686628 1.14008224455708 -1.58681024788163
-0.885422542610068 -2.61953474285147 -4.73446863798172 -1.24362774025275 0.449006333101756 0.355156976627319 -4.16056181836769 -1.84229390924057 -3.806296876959 2.01098488252487 2.38638594073417 -2.84093977660759 -5.15607975166718 -3.36737221502149 -1.74801620892568 2.0971562766776
1.92930645078472 3.39882768748259 3.38733863247897 4.21829304437429 4.5003015532936 2.93503973718663 3.53072626866254 8.45311502913546 3.08849120098933 -0.262830191780558 -0.701818258493145 4.39986328476202 2.53905175762947 0.462825554344982 2.69716080371413 1.60128698668832
0.344992810729822 -2.28889841626123 0.306073999973591 1.07883031541623 -1.78345176209085 -3.40806595490924 -0.227576290808758 -4.13222458290345 -7.16765030338235 -5.05930921893072 -2.19256723384138 -3.34296778557079 -3.78665193431608 -3.51449456865083 -8.45847821840521 0.153229341943532
-2.87424983501081 -1.33591320727806 -7.12686961389533 -7.12701891552974 -1.92034036358212 -5.68550088760984 -4.11751349288068 -5.94350688897367 -3.32838067259409 3.21157434647069 -4.9744562394461 -1.86812595163462 -2.42015563046214 -0.843766282709811 -6.61876887235965 -0.0550403885651629
-1.56800973799754 3.3936877943133 3.42767914556041 2.76756395738154 4.68960422390177 7.73901786067943 4.20497874219513 9.54096935787432 1.73245234560569 -0.491929171105763 0.251523688405297 -1.70443950899383 8.74622506702274 1.7064514577175 4.26207252266062 -1.88249449364316
0.890378037143478 3.65812783106809 3.49877661887618 2.95232175464166 4.98234640544045 6.43369004914636 3.08040825439741 7.71810567228568 -1.71548826396776 0.0681668828475412 -0.36784070804032 0.809259969976114 5.19400414714058 0.66690330180941 2.15038835768471 1.30121883705072
0.339832767875116 3.99195780660726 4.18317966054039 0.575159405705708 3.69857109098375 3.82730256544549 -0.376954392236521 -0.418576666465396 8.64401136004217 3.92288976121541 -2.6688732610494 -1.82311713289642 3.13612004012724 0.314950870331325 -0.0618681340595271 0.689264266738808
-4.5306728552511 -6.26735607278993 -7.12487026637244 1.98175934891312 -3.90885782176185 -1.66839646100055 -0.97757063118775 -4.30104089570743 -6.72923307068786 -5.23874983272683 -3.59848493343759 2.5066148392415 -3.73521440707278 0.254613386659569 -5.01353594637951 -1.41422875006337
0.708732659181326 4.29557652483588 4.09952349371881 2.55640764133894 6.00084644908837 1.65367761130298 7.80668540407988 8.42882945230371 0.432016157447338 0.921062052593507 -3.45424544490602 6.29636888180406 4.31086426213213 0.328053225706043 1.37105664385739 -2.12477731534491
-4.41219345853119 -4.65259460891992 -3.16808915378705 -1.80621739409404 -3.56978859217756 -2.87953720436764 -2.03248566402013 -4.6783911913499 -3.37175234963383 -0.0947178211745691 -2.45772204077386 -2.38939010873248 -4.52366855896915 -0.774860479102241 -2.4860224198309 -0.495075473894622
-0.794318471331274 -3.2068779200603 -9.04301563241133 -5.18904330508905 -3.34996153659228 -1.26041508419453 -2.69323683413055 -0.606659672604112 -3.59704081787306 -1.75793357262965 -2.13820443923415 0.467929618229175 -2.72922986863323 -2.14388065833814 -0.985141360153073 -0.0681027046628208
-1.55584655245583 -2.42030259958044 -4.98627180716659 -4.37272541962282 -1.32023729671116 -4.15386154963146 1.03269953334043 -9.95104479424267 -3.94989767283477 -1.7411547750379 -3.71392962956326 0.36190774592633 -4.54828607443949 -0.741791416648849 -3.44769633452727 -0.157781051553679
-4.83418374682364 -6.5121430071698 -3.5412706600477 -7.60161856467897 -2.29666475317786 0.318732447015023 0.687638566995216 -0.617206402413512 -9.06375452476082 4.15809418982192 -0.398061574847344 -0.907624405892254 -5.15040301529497 -1.50553759971094 -6.01467695832976 -3.47937742664685
3.70527824570121 2.57801787549774 5.31719385044267 3.47086812471337 3.67532518308502 7.11836639434935 0.340899862996949 3.26808769056836 7.729289585081 0.686564274803714 6.34194984293319 -1.35432423728545 2.56337497574573 -0.077281321824959 3.35335507712481 0.896970669099501
1.94702149857086 3.30858172032802 4.70089814035823 2.29418956216211 3.8177387731623 7.2510658005093 -1.15846730342699 3.11133524712153 7.54674681522811 -0.892731968313766 2.1415818300875 -3.73862946780266 3.92567786207624 1.04041037217718 -2.30834607181793 -0.649997772881289
-0.110614020833962 6.47277710583985 2.76110443820593 3.11599314882703 3.37487573898204 2.77938855826576 -1.80557097930931 1.48771154596112 -1.19339147338072 0.000128183637598811 4.67138682343172 -0.00402477943397006 -2.1868893134669 -1.08869824857878 9.02757773275109 1.72071011523836
-3.22120015544457 -6.29105158003181 -0.049245320064454 -1.16583410578015 -5.59354286128102 -2.32695726604217 2.05733172159734 0.308885850744511 -4.93326184732647 -4.86826244307907 -5.55186168285656 1.66205269980726 -6.9951575314954 -1.19863570417563 -4.01843543443974 2.79349548065331
2.31074766666085 4.41177816228283 3.91234355436518 2.45604217802047 6.91252048109 6.69483876803068 5.26415784394257 3.09147923231541 8.62292286717442 1.38352396418471 -0.0902559091147637 -0.802594163761097 -2.68149708608753 0.104012936074737 0.82678790816762 -0.0562806493307769
-7.12381703113269 -1.12931520951486 -2.22593440116427 0.104936849472176 -5.80206584200426 0.339197866244616 2.56484594919601 -0.0760874171183752 -3.94394463134303 -1.17043733943467 -5.0038075112169 -0.631523857604273 -3.17307273275807 0.543147949453676 -3.32333212094472 -4.62112320187491
-1.21082743778047 -2.70584059737898 -3.37948491158102 -2.14772243803625 -3.7796977612015 0.127260366035225 0.559391644262757 -2.17322668543871 -7.01596413586149 -1.10210897662693 0.550287991980634 -2.55372516152493 -4.14105687193295 -1.04321736906038 -5.22224662439294 -0.604621843311589
-1.02725514136142 5.28186850617432 4.36536118537526 3.22987400411282 2.68431235793199 2.93110794551218 0.387248728602298 1.53988746232686 -0.284736077142313 3.75736289593854 3.83988855609925 -0.0294016385354323 6.00692493973897 0.269571066580594 0.61656631887387 2.12588477699291
-4.20268930386402 -1.6699856669423 -6.08158993751157 -0.784987246081582 -4.07363054658326 -0.847200251904799 4.96163329788455 -7.03939682593785 -8.57329526736503 -0.0978173943171761 -1.45629579757653 -0.781593630066265 -5.56332610676832 -0.613854349837767 -2.60588730594792 -3.3355123208523
-2.28110890516295 -3.2311863154785 -4.82994615187105 -3.10450191403497 -4.85554331467361 -5.14478310470065 -2.67208609460125 -2.61541646307396 -9.11472842700016 0.997472822264829 -3.33403937634652 0.634382594778302 -0.896880761118407 -1.16862020668935 -3.65656136713224 -2.07754669420639
-0.435861811693986 3.54551122100483 3.53817848235195 3.35651925783404 3.16747300522888 -1.71588056476611 2.94048587974821 5.92002052785532 6.0944220843481 1.45366180131205 2.99936083384307 0.381044675514646 1.09400398012751 -1.10486903589336 0.14103790928172 0.0245475692518433
5.08350772443497 2.10799900723157 5.77512255934152 5.93353251234817 4.93837121369343 6.90506924934356 3.42448765458693 9.45483496718028 6.1086893108995 0.466447560502662 -0.422918865019436 1.11088681017323 -1.61067235659874 -0.30190399226582 3.55013573882999 -0.479030083811656
0.110749558473219 -0.846848952927323 -1.61805730643365 -0.576064196686134 -5.80675160643804 -3.77294827053432 -5.75182197667127 -8.40807985347935 -5.88580035209097 -1.07618333386647 0.331299144688542 0.218840209792545 -0.424024044523141 -1.83654027361606 -1.11011536275432 -6.61100909755554
1.47865910978729 4.72074409298802 3.26321465412254 2.74119418029255 5.10976124930629 5.98318812528152 2.0426108058275 3.89173645658046 4.66279477781026 0.286054942086625 0.770541709749925 2.24320532572499 3.1675973377519 1.20828621833603 -0.172483630321417 -0.593177094807833
1.00395433123386 3.04354985239547 3.7976906758259 -0.186071412258611 4.38176171065809 1.48150291062707 4.53679054308327 4.44584273685511 3.04263392140436 -2.12895070434472 0.306485413457195 -0.269215378440729 4.56947142682581 -0.747981415420957 4.86924059542768 -1.19153158302665
-4.48363423598783 -6.50458677853754 -2.58147785385334 -6.35667217117974 -3.68002409583433 -3.16752580604263 -2.384173078127 -10.0635555906491 -6.69770444763578 -3.51656841432417 -1.31989093089985 -1.91104494567473 -3.04608759112433 -0.632244959856523 -6.54255874409956 0.162986820029643
-1.92489446470518 3.61963798676576 3.68649315102917 3.45018719376625 1.22036781308863 2.40780826356654 3.85191278170362 4.08075349697645 2.2325991106954 0.604581443297939 6.04555827920833 -1.72068453833362 4.41093849601826 0.185280892898 6.66498404024426 1.53509949694842
-2.33970741953029 -4.87703852287307 -8.00041283274595 -5.24745412337543 -3.1777430576614 -2.79311532789619 -6.77724367542016 -9.2714924225243 -3.82742926591903 -0.266081375498655 -6.47798084479227 1.48960715718015 -12.2266297589745 -2.88415089373589 -2.41388122206221 -3.13534197948468
3.14790322811346 3.60326518125599 4.43413005618062 0.105428112450908 4.37747244604056 4.01165492296415 4.93038028041476 4.30048779595916 0.135759294882015 2.56657480504059 -1.5445799885464 1.55321984236608 4.73165992777163 0.0313646829441307 1.18860912517418 -0.530006207117284
0.578714885011521 2.76166485318503 3.95086222173675 -0.995521451488032 0.809788555644205 1.12022676685803 2.07480514596041 4.79755653177987 10.560438293853 -1.71016215602571 -3.319676526396 -1.76260719309013 2.62339427657686 3.17255836040335 3.47339450149383 0.943884325664319
-0.660671582318303 -4.81119781273182 -1.79930720032907 -5.60979998628804 0.09852608899357 -4.82225882805847 0.389946891831516 -6.76739848807216 -4.95857459253263 -3.74984978437185 1.1544809069112 -1.77291090103221 -2.86709528084095 -2.00179158078233 -0.425257431956765 -2.45159601377209
-3.1048404799328 -3.99390425610438 -5.21995320118912 -1.40351360839595 -3.56375208119753 -2.21492249220997 2.5658222982711 -3.96248954134002 -6.57912669496371 -4.59718063128572 -4.78176183274464 -1.88598743961489 -2.17047145255198 -3.33111265007044 -5.90592443756688 -5.47218221039653
-0.908672571877194 -5.87304321968495 -2.29580090855578 -0.713778314612043 -0.678527298241054 -0.309486607869609 -4.81235428455059 -3.2476698645915 -4.11849363280625 1.87456344139496 -2.51408409963675 0.215070454486625 -1.83147008179685 0.600749068272701 -2.86031905619329 -1.48299753724428
2.6440979723221 3.79903375360609 3.59544175863677 0.302235761871201 3.43700765564012 2.01151341958329 -1.76300195850106 1.12187963269937 1.13476668761279 2.41285792045764 -1.13531141165901 7.10725532929925 8.63132180547232 1.60507060133534 1.42729784484058 -0.417260714161694
3.06619859440913 3.80519849221283 1.37991321818947 1.67648659433549 4.28755723695269 4.26407633443304 3.93254641084407 9.65315851101089 4.66541790514628 0.0728536668988419 4.49566940496736 1.23619915249957 4.80906512379843 0.646770120290824 4.41973577806391 0.657845111932438
-3.27241217786893 3.21576588552464 4.48286986704999 1.78618162484754 3.5615840612435 2.94955921988132 1.78627930466031 3.83974002246797 3.10520500264044 1.14802512132683 0.840120456695277 2.70571982174045 6.51769371373326 1.30213013345343 2.54732644101057 2.01975952393629
-1.3548664410505 -3.31973491751961 -7.17510451382163 -2.13368943908156 -2.95908709348481 -1.52710555791434 4.3209855378929 -13.222116126174 -10.0676576222816 -0.116964162189862 -0.188952132634182 1.46952554579925 -2.56467020515137 0.873611774508224 -1.70903349810916 -0.474778354604462
-0.526945491613269 4.13720233189681 3.51662256581687 3.41551216452952 1.58734145840658 3.48082248117462 2.35473751859558 6.98978170010769 4.53213108513599 0.205397649908206 -0.00060824042944918 -1.40304653792424 2.29492824652852 0.408415211426006 3.84094006983441 -0.299874524160671
-4.11287248877403 -1.2831328669155 -5.38474029148326 -0.716254114120429 -3.0550851567211 -1.51302827353474 -1.27037945701982 -5.87210982642396 -8.8584648547057 -0.473566237137944 -2.28700312441326 0.412823999564353 -0.755918029619155 0.554892031608703 -3.89865992285049 -1.42003240685525
5.66224383254982 3.4013008082644 5.01459766949401 2.3683542892336 0.86638366708865 1.90711197698884 1.42177263524678 0.849804456852267 -2.99686546348398 2.11126458456456 2.38933179262181 0.847115321264336 5.94125739422236 0.909088211021311 1.05856194852932 2.19173491649931
-1.3497728739367 -2.80640589274443 -9.14138497597303 -0.74244295337493 -0.826640177408306 -7.82624172986028 -1.2040991786361 -1.19263682370694 -1.0843279239963 -2.30463627564076 5.00919953932459 0.225644339644655 -5.21715459403546 -4.40028451449241 -5.16104743673074 -0.0941960769785503
0.401048229288081 -3.75066539759556 -2.83687647606904 -1.34446667250263 -3.72202205775452 0.141838179011198 2.25993249423117 -3.53821581795738 -5.72721067182822 -1.95315150137341 -1.91828400885599 -1.42295080620902 -3.93479487718267 1.91481871329063 -4.09246628140863 -6.21753610464692
-0.908401341801644 -3.65666487481778 -4.08019226200155 -5.43434164197252 -6.69162541085992 -2.38015717630663 0.390939155667904 -0.529452270937284 -2.68874908999305 -3.54148308832515 -1.97898026285249 -0.967648977899073 -5.82947052789833 -1.71779270818627 -7.2431128596008 -3.28257611482291
-4.38771582784967 3.23689493514337 3.52467344925959 0.577178944300536 5.04998946116943 4.22784115932125 4.27534101328532 7.44067539579814 5.63133630666503 -3.26800213646144 -3.17212677001844 2.50127543656186 4.80379359179441 -0.147542818043048 5.46053402683539 -0.223537233915184
-2.45542226079116 3.66398301605279 4.35388494861325 0.281111052709029 6.70051698412923 2.95983348453224 1.53018503840271 2.96619612914843 7.5903475097186 1.11783463542115 -0.0247510527298536 0.556315413070118 3.30919109598828 -1.78437023609228 3.79160604337997 -0.147096260654601
-5.44004912613973 -5.10984280231213 -4.66384893834861 -1.30152436868674 -4.7538923283508 -7.19118746271588 -5.67289939528229 -0.586150769924134 -3.83827771377534 -0.664516404376153 0.337413720771899 -0.293153094752234 -7.38476675806987 -3.25240637542797 -5.62916536747604 -2.21399429908756
1.12927874395634 4.21769211322667 2.75589807227782 4.7657906071195 5.56323582308721 2.08538861005046 2.80677225464327 1.76829959141338 8.37873187782679 -0.0203005819599251 2.61027789577817 0.277816986088594 5.57036568745867 0.599022974977081 4.37520994691158 -0.474110050093692
-1.40037261608297 -4.39343559075126 -5.27456126922772 1.39083713203872 -9.58526067417545 -5.10742766032623 -2.72778990407207 -4.85323677911901 -6.67268828211972 -0.887164386428592 -4.17348808907389 -1.89269937882289 -2.817409589686 0.868957655270116 -3.58890815620802 -1.07116916795622
0.25225404250956 -6.7021908168051 -4.54385624488103 -4.21255645928619 -4.96152091554438 -0.176338875900543 -5.41296781264186 -4.9843174658098 -0.064827892750909 -2.15044677800504 -3.53541268029316 -3.491544177397 -6.0051660965547 -3.61697889786861 -1.3935309425799 -3.08612385834678
3.23711091159669 4.86635628537692 4.51246131334736 5.36829253347091 5.55012221459838 -0.784204645509663 0.688029774517706 5.49904802906208 5.66360463942305 1.15417271521347 -0.630261001955793 0.393330705831452 2.17353003799143 -0.6392965996747 4.99217920096693 2.6464037048337
-5.71593736006703 -6.05881496149902 -4.80876026821716 -3.31722472372195 -0.677788311860121 -0.311231812066649 -1.35634054219391 -4.96259173812112 -0.837552906938897 0.157984894497133 -1.75362270363287 -0.157658495598358 -3.3581956833803 -2.61224232050992 -3.87977172373802 1.54898828897217
1.01529231397606 1.99283003311253 -1.68227540200449 -2.10418130600143 -6.81477554489158 -1.90038558211551 -0.142600430510327 1.19241590956644 -10.1670548425051 -5.07853841713384 -3.04622971145444 -0.566966911724629 -2.72276408543209 -3.01002799744365 -3.65354330279455 -0.530094651999123
-1.00541187685207 -3.59706667324214 2.28533818201803 -1.38369311453657 -6.84595610521735 -4.3523037947526 -1.09471530637482 -4.24438445882756 -1.78313452825796 0.968023729481413 -3.92396568769189 -1.87342850931351 -5.64027629092066 -1.51733771993102 -6.88424578584921 -2.56922283594021
4.62237184346865 3.60194053701888 3.35330626975035 -0.608780199753526 3.12470009587696 3.72302229554353 5.19509501650315 5.59358921623224 6.6483315868819 2.2549449336368 2.81594778348368 -2.23620437890709 4.14578614431691 -0.337423214985784 0.977059769980184 -0.359060121779327
2.01093523581485 -2.53258622778377 -4.5293340732164 0.785396302559846 -4.17569210343457 -0.335138920385276 0.953921097932753 -3.64305296492734 -7.77163631181417 -2.47089041551749 -0.410198575691725 -1.80237471928186 -4.36050020480339 1.46528701838265 1.07818510654888 -0.615628912834218
-2.99997198455772 -4.93270638034402 -3.38681125532811 -4.1965926580339 -5.02673652681638 -4.70760667506396 -8.23689418534706 -2.41209152475658 -4.67403820850461 1.42909647692507 -3.14335265205089 -0.473443782753275 -3.27091329050585 -0.723469596806588 -2.9711478942437 4.13887989665272
3.48732625744242 3.73882396193595 4.69663463407397 2.00195469207819 2.20177117836825 4.37638311931707 -0.501627129417848 7.12265435737856 4.0758986598895 1.73887881532779 -0.51461492490512 4.63017304449023 2.9414287332676 0.947097659472931 2.79540904844337 2.80342538751914
3.03981969897408 2.31310662054728 1.63429045669774 4.67114031927782 4.72143147455062 5.5831893453147 3.72184918678094 2.56228910923607 3.06049251619793 2.18038217919797 10.0282996009351 -4.50026878880998 3.45011427558784 0.667041029868755 3.1026269583832 -0.189804962506883
5.28443645626676 5.22087066104055 4.45120998447148 4.42495244016889 4.93423004890651 3.97839928282234 0.888497251921242 8.94231464741738 4.9539294865716 0.0669105846955552 -1.29068781417755 6.61361812194699 0.692560124234804 -0.00214548599562658 5.77128915942715 0.389860185279816
1.42046965944755 -3.14376176552468 -1.08582368735976 -2.54413103863873 -4.59137255474518 -4.00956283552148 -0.410362595798239 -0.347527839198098 -7.06045534316057 -2.71464350940823 -0.471158816146803 -3.41761751639224 -1.45895638955022 -2.50580297477928 -3.06474055339154 -5.9041950528337
-2.68571466156909 -5.7980792842142 -3.8363352402776 1.10333864365952 -7.47162624151099 -4.24100945032045 -7.27797373739693 -1.58634603524634 -6.43403900975302 -0.323514910252104 1.18367831283761 0.728824141965356 -1.87735202148856 3.37648697343994 0.249045380944634 1.02585234506036
-1.85704127270439 -4.35220989629298 -4.82483036539995 -3.41485113260146 -5.68366462256637 -0.991807800990827 -2.55439442477073 -2.50192923069172 -11.2717995257214 -2.40137307895368 -1.12543830291309 -2.21186744144713 -3.34706148472459 -0.637657794352708 -3.1402451943691 2.63298205155027
1.5407583647403 4.84116079390402 2.54425876539018 -3.47133977129685 4.80980398705356 2.25786594650317 5.07517700660159 7.35716668897843 8.56385261149409 0.405571425254833 4.1943108069786 4.63343701401222 0.64514640402582 1.61705080857263 4.86321691318491 -2.4002136701809
-5.02713682227396 -6.53724416783149 -2.06455899485941 -3.66714617503292 -7.68950375588082 -5.29912339167776 2.483489096433 -0.799316784054192 -3.14576615865108 -1.04681383946153 -4.90890939660938 -1.12842592549994 -4.05603272179241 -4.17027338103219 -2.13590377496959 2.51239556081865
5.76731051926637 4.31871405956256 5.25912631719665 0.773153671341061 3.24780181221016 1.56076994281194 0.284427693096161 -0.544843196433648 2.84471932001989 1.46346238708312 5.65358689580884 2.29074422707338 8.07804840811153 0.292872989939345 1.3865762422146 2.62735461883968
3.00578177326598 4.45956633740394 4.35092336473818 0.0498870278010544 2.52391013932142 5.56122121030588 1.76955485063808 3.1059282208177 4.14218586806258 1.85458418584121 -6.16452798317006 1.28148474119627 1.66816962261808 1.86087521717922 1.14276647433045 1.78114460228278
-3.68240042449268 -5.2384474675888 -5.58467503612977 -0.307137704424743 -1.54989414706775 -1.30735536295016 -4.80414288989589 -5.59900349151961 -1.92748927351154 -2.42607407902667 4.53555576481658 -0.7920685443505 -4.80665300867733 -1.79775906573899 -2.01060589302501 -0.00535364442692521
-4.35881620876067 -0.922173409621999 -7.87716559711827 0.00320650628623431 -6.75367089690141 -5.57645862077382 -1.81234374724106 -7.51381849288746 -2.38831883806283 -2.1555729383527 -1.17042607967191 -0.0937613762586123 -3.58006779613497 2.01463074761552 -3.69938993262994 0.843165786871301
-0.951325150464327 -3.12033066369565 -4.44276429350937 -3.33398491783213 -4.18879226074609 -2.96550771889799 -2.06169335809315 -2.16879763474266 -0.27995165751588 -0.791802713824585 -2.54159985871671 -1.84149842530907 -1.76971025750562 -6.36628394586372 -3.53769271560847 -2.04431311881423
1.88438815414514 2.97841785760758 5.08401230805553 4.79125639950658 4.6307748396052 1.14048958893887 4.67012967753172 -0.17428188135156 4.59306226480056 1.42952338644248 4.47801120930205 4.45729180759813 5.35702042372414 0.768778502759834 4.53516016744192 -0.552758210905651
-0.110743895236491 3.00541589502057 3.0147191748241 4.069270036964 5.9857587914698 5.21418615804314 4.24686446662405 3.00537926077206 6.37116040964353 1.91621062239647 1.07173290604487 3.69821925265321 7.79874158402065 -0.330949470013984 1.62390248881129 -1.0645288703509
3.18716026329224 4.71073002433275 4.65505357744649 2.88685003582114 4.48467553593617 6.21576474479219 0.716624964858818 2.02437416267293 -0.340064474040788 2.90919221597029 1.41089890579371 4.9476621039713 3.07294057718225 0.803708065607741 3.6882021433007 2.83073260266975
5.11332934095626 4.49771482176965 2.9181794713698 2.98092223005705 6.80892856202359 1.89989505688951 3.29672506936637 3.5875233077015 3.83693928368204 2.05708170988606 2.93289820242513 4.02148412698231 2.41082495494012 2.0803300236137 3.98104532669633 -0.279813463415872
-0.492633540513583 -7.3885934668309 -4.67676397352782 -3.22607871762753 -0.476626939507646 -2.04149693897508 -0.119263330088691 -3.7239234571292 -1.852662051071 -0.216205844976398 -4.34182902964994 -0.195811615039936 -5.17081887500969 -4.09771688771762 -5.33318983538321 -0.341120005151535
-5.57728235437534 -0.141827730483344 -1.01008573576397 2.0009218653071 -0.773275183202002 -7.61770713732078 -6.3529060694272 -1.53749714401628 -8.61120619505637 -1.33621690219333 -4.93462410139979 -0.395090384661267 -5.63128474849304 0.193902287884811 -5.05032222139342 -4.53957894655042
1.78570927152595 -6.02760613137959 -5.11427706277175 -2.10216741850814 -6.17151865295517 -3.75529924267415 -4.46598714133591 -3.7224424709644 -4.46451139140872 -1.3639366450092 -2.16307482284716 -0.419412685268463 -3.89647115803929 -0.109226292613166 -3.1804941847507 0.538963747850266
3.400831538379 4.02582820262051 4.84012897588948 -3.11124902642372 2.01141709710023 5.2718357434179 -1.47957016171302 6.15617134971607 7.17843751134988 -0.19908431256974 8.88800574381693 0.680914267578966 3.94247305935289 1.65548242010874 2.00424120731068 -1.01949253342539
6.24042748887346 2.89516744939885 4.71507764618924 6.22925735494489 3.076782975579 4.40875348617643 -1.21663384117726 2.62481364498737 8.02560360415635 -0.384086777111206 -0.54647686825047 1.68287776599203 3.38785100954609 -0.118335436691814 5.24659975410756 -1.59977210277256
-1.44922706971835 2.74986477847086 2.72486222802651 2.84955047529688 3.96568536800357 4.5102182770324 1.71313187705917 3.71151236935311 5.06221589645785 0.578791971480006 -0.268936108954388 2.78513128909508 9.12852450447513 -1.35053316904093 3.40101045090421 -0.612403054289582
0.92156297383323 4.22727712369821 4.76729033712 0.736183551732183 4.1159973352324 3.85174170947534 0.889278347548181 6.02316446935637 6.35768221174107 1.61140901273408 3.11800610782646 1.49575559278463 8.59393844868341 -0.721470436089478 2.37452680999801 0.692879117980061
6.69181969289389 3.58440735382538 5.5425779756234 3.50987001174755 5.30845747824031 2.33297738891468 6.56901272251613 -0.0494437230241056 0.943504978689451 2.37483156040412 -2.8960533654977 3.92697830507796 5.84586739041737 0.964213426005528 5.16913269224481 -1.05532807951415
1.33057811230445 -3.23917200413747 -4.0198052802498 -0.963014946800146 -3.81377893111172 -3.88033040113412 2.65963192434635 -5.56646430002504 -11.5309757299142 -0.615431143147743 -1.99396036508392 -1.78041106252394 -4.00867898510609 -3.10138817804732 -4.78916161970882 0.609468104334569
0.566140718897866 -2.29733000863906 -3.28816481370077 -2.37175817768045 -2.92390691725267 -2.95718748529538 -0.586360354361169 -3.228650953369 -5.86637358782077 -2.55299370054699 -1.87965806884163 -3.03803969126395 -4.53046219995761 -0.220186640158005 2.54840005893554 0.916036117582142
-2.5777861317567 4.26580180748964 3.60661293441238 5.57773618708436 5.25899370384785 3.39502883784984 5.12227455775305 2.42573891705656 -0.0907176114247306 2.18777407521229 2.50121931604925 6.43240359742273 3.7796061800432 0.51348059602591 2.6186263400181 0.270900578847993
0.810559457522063 3.07972919650157 4.08041748352409 3.31900730013874 5.28174041405816 0.561584536898182 -0.35238539125688 0.912229049948916 1.55666647080229 3.60956375469682 3.83078755835996 4.4098687791897 1.55096444403227 0.984647547683595 -0.569119878790001 1.57147167582764
-1.58988706450609 2.97110238223076 6.43875728077084 4.37978328808617 5.38854469574322 3.88464332253721 2.15610206800406 5.02073138260135 4.97471957356781 -0.9270595688441 3.54967076782058 2.50065335368951 2.33857522543358 0.816933285874571 4.42149851728296 -1.84261309596932
1.07737426977984 4.03524275576183 2.57192961984682 1.75875089537544 2.1556138611115 2.69870607081938 3.31087316506888 5.27840864003111 10.9297110933979 -0.242005641148749 -0.870255362309986 3.39611274851007 3.91380118583263 0.225520976896025 3.08647693059405 -0.674834739942919
-5.0127638840295 -5.14308126934634 -5.21141172520243 1.66248189440451 -3.4690283021697 -5.58012262247658 -3.98312935915739 -4.04133507361567 -8.92653586375573 1.21642524915762 0.49618464182814 -1.99521748847048 -2.73827696983278 2.18598220522368 -5.30862661253851 -3.04486589220561
-2.73574529045869 -5.78439496736744 -5.35894717689545 -2.11924982487042 -0.889419130679407 -5.10486738038691 1.04053053557184 -6.43464695232028 -4.49272842098735 -3.35459459869894 -2.39921293553355 -0.908973872589101 0.796844705519356 0.192135295991891 -2.36633555801105 -0.515330288824691
3.45222786937467 4.66254234617257 3.67701714666838 1.53158820838734 4.96564340193626 3.90157084642038 3.9409217846083 -0.171392099153086 -0.375942746965709 1.99352966657151 -1.09022777391287 -3.77386876255364 1.53805140412836 0.823902155110992 8.2429251219689 2.03661346054178
3.412691799661 5.42407545305254 4.40217588672991 3.16299782264117 6.99808170395622 2.55473796453632 -0.794846439483722 6.3133588681639 1.71292152852798 1.53897873469577 4.02185878284093 1.39752567937957 1.73776132332518 3.55478421771048 5.59703525520895 1.60039480105917
3.84318075954959 4.36982328668727 2.70373274258798 2.19995384611755 7.48853370772539 1.92104288917432 4.04205747271736 7.83976456031474 6.99729649375337 -2.61198921868693 4.1627792874657 -4.20545170326807 2.58020803839485 -0.979931210448769 0.247504568032077 -1.38027732672224
-0.876478606895122 -3.89225739189644 -2.39839481314593 -4.76373499960086 -6.35656835469934 -1.72778397352016 -1.73391250715694 -3.25299816691607 -2.07660161331816 -0.867991162671246 -5.59425340617145 -2.53071720599757 -1.07698065085313 -3.8246192072066 -3.52857873749464 0.638079221248126
-0.784424524686935 5.22269495751425 2.92309440622082 6.53460803590274 4.56400720533918 2.5738702073606 2.89752096268252 0.595942733622297 1.5516509469004 4.70463642531886 0.709755764136477 6.80426346158615 0.133896355838711 0.234304580665889 4.49087338227389 -0.21176065242886
0.102232957440962 -2.31264049068304 -5.34597382063527 -4.7239313179208 -4.46835086774885 -5.71707881726627 -1.73958042730069 -3.20540343544049 -6.01647601692854 -2.74356139866316 -1.10082166316762 -1.41348872107416 -4.19282623053433 -1.14689128554295 -2.93246912873668 -2.82050192423614
2.19006097582831 3.1298257200689 3.86897494448551 2.08305975319084 5.39977256416855 7.05899930234742 1.89117050368706 7.62680190491248 6.6089444188966 -1.27011444860855 -1.42396189454494 3.16550387295346 6.88991958465793 0.665047321701677 2.9906825980189 1.26162782048298
1.63197026875546 6.46236571121525 2.47857759167078 6.10926171311663 5.33757348310553 5.56150808487051 1.98867282082869 3.21678704928151 8.52781657823062 -0.144961100237821 1.16402209999895 -2.63711081773463 3.35051515508815 0.76295774752487 1.51710689072612 -2.46597971075459
3.66073770826155 4.60891502626911 3.07737588038676 1.04273039204477 3.36216468141928 -0.500327094301866 1.95527475257374 1.4787209588824 10.3361088178934 0.333783631558967 -2.10877370234008 -0.806743535523121 2.94485541549054 -0.265176928412784 3.9012411114857 1.82166738227068
1.03690359025239 -6.01432501307026 -8.83373057108738 0.148691616727132 -7.19536948837378 -7.55258594005 -4.18330131109278 -4.25129877769366 -5.7942445200022 -4.96844547242848 -4.55236954371771 0.796930260805842 -1.00907240943255 0.981761631933847 -2.23517592806218 -0.143031160446638
4.28943543862231 3.54843730922868 4.93803752238768 4.57147046014657 4.11060477371325 3.87902347412639 -2.02617461108283 6.67943045133726 2.68250833281582 1.41432898918031 -0.601825052681346 5.5488887462417 5.98062052222013 0.834417475422823 4.53716208940476 1.62278715680553
-2.09252619960932 0.97870337129791 -2.88215702574967 -3.78366104987345 -4.29454661594843 -7.55744832209116 0.879264660063323 0.921262467406083 1.031508476337 -0.0485012187261566 -5.29006470666395 1.47158897524039 -7.34216506756047 -1.90588479927037 -4.99214970915214 -4.51245711423364
-1.17380860427176 4.59775290224083 5.40661447352129 -1.87599897471558 4.72338090397639 4.13640298485501 -0.354008064244426 9.12785792104158 2.99178551731484 2.89878252580462 1.94141241147341 4.15685578769856 7.07917703288671 -0.48827841333777 2.77625773015536 -2.62221564070209
-0.839427401670757 -3.02116523548119 -3.78152218560567 -2.62476974988981 -1.65103729418466 -2.07874980498049 -5.01419761336681 -2.9894636650988 -2.27150311122002 -1.37710546515649 0.868607750250012 -1.27207504482425 -5.92084019934248 -0.859065401950656 -1.83134468901216 -3.31204041827233
6.74391525927267 3.49591262108037 4.24447656603156 5.31941307009171 2.79683812657096 5.33901175721706 2.60718428743365 3.69985090947427 1.79692672357406 -0.866827985611519 -0.631513039271616 -3.82028627038146 5.44813315677488 -0.13868265332806 3.08736393842277 0.914903697394894
4.04484008080659 3.47519381535209 3.86578965904461 3.12785105906187 3.79918529278042 1.73916842498266 5.96384844438873 4.43814869676468 6.12979800637337 -0.379180666366107 0.605307212539743 -2.59965230646513 6.04885298486266 -0.269184447266457 8.56271018606585 -2.28033153939757
-0.396526101711651 5.43097245129056 6.71645545952105 2.22053059335054 6.31625288781106 4.37437469089433 6.69122997540098 3.49843540629637 6.72444581614254 -0.414953810228471 -1.3984937938718 4.89325426415361 0.625834969011789 -0.91846697959505 1.82073292875347 -3.27010311903894
-1.30618067929984 -5.08310193689361 -6.13699399557146 -0.966345653209239 -3.54738503911526 -1.09580211760909 -0.822532485242783 -1.91397471166285 -3.78345581273304 1.5256703696349 -2.93945489355817 -1.54522058703222 -3.97804142919992 -2.63056982789068 -4.38445473400263 -0.0497981474434525
-2.48351158997041 3.40763315669067 1.99691313495227 6.63984848844246 2.4632325063896 5.6717771774676 5.17194380142207 4.69218364976104 2.2654757560552 -0.667291331787145 0.88216906306982 -2.64621384312286 -0.430973516305972 1.73135678629088 4.08074550243534 0.390213740631856
5.64876111652169 3.1939353892757 2.38208986163987 -0.15640186726027 4.21288274050064 2.8440623455484 -0.437266429975798 10.167502395069 -4.21608419790035 1.47018607883239 4.35261888075125 1.09237602197434 1.87583787175181 0.830373397048533 5.53198299286847 1.65245678702915
2.63543962495471 5.33657259958722 3.60002051346322 1.30751523351316 4.49691466872831 2.51355031173921 4.19931585993806 5.69971430659418 9.31420145638117 1.95699299942671 2.91221400946364 5.45164369071928 2.4940041494325 0.942751466503092 1.48172706684089 1.94956755503642
1.94858112564384 3.89160845998193 4.73578640938652 1.60260635726846 4.47167110561736 2.49688425351041 4.95848385488354 5.34111810012238 8.76261931961603 3.49072102572317 7.53035759006717 2.82491922375452 4.27589937097394 2.20999369873245 1.21039781688787 -0.259695863604171
4.88131652169071 4.60954912724632 3.0544056204706 2.20420307236175 5.3474728075903 4.02739916955068 0.47881449422785 2.26154597843202 8.72506754115363 3.69364259997295 -8.35507444138034 4.76895086043778 1.64711668439972 1.78914375651136 8.40507238018917 0.0749012005604177
3.8948107993194 3.74827636978547 2.64063953140116 1.11603691431628 4.08602003434828 1.86730452568354 4.72020647742342 4.6684685364176 1.99487559949382 1.88634861169108 1.30929966461108 4.64276005360258 12.5048397919134 0.106673449074771 5.95110853983936 0.363536464385218
3.38723362366684 4.12534916135335 3.71668107063095 2.38388801646858 3.60078131810329 6.11435521629289 -3.98099744253892 0.991192001776209 5.74048031965066 1.35419358978841 1.62466800781787 3.2621797713154 4.80640793298973 1.74847670092881 2.60171555378252 1.28564806365198
-1.4876809755182 -4.80625773642221 -5.05937054527281 -5.08397518632469 -7.67414515359829 -3.3821887813473 -6.55638852353735 -7.01783782702725 -3.97614819342454 0.335938431054495 -2.29207955964813 0.193457616348846 -6.02104640546413 2.91380251664613 0.352073050624038 -0.540244932562795
5.77792471856132 3.13694498006368 5.19551014789371 3.7405520354197 4.46970674173317 1.98138194812146 5.18008922178916 -0.0879644346390904 4.24073680576087 1.02184955669527 3.99756880476919 -1.15777336949971 6.17833187618979 -0.414460396758752 3.30564517944078 0.879886152240536
-1.1393667118538 -0.962234847320787 -6.51590091480771 -3.37482812841964 -5.35018680900789 -3.90180210706488 -1.51274235038025 -3.5692910893419 -5.54295625300049 2.19466736055087 -0.913535105838988 1.13755154085439 -2.69833545947723 -0.381787306098103 -1.32218790496998 2.51337622417518
2.78673010982092 4.04262334057289 3.78345552993391 3.68786794834622 5.51859719769823 4.31743814191759 -1.42606552334298 3.71480976771078 5.43266100059898 1.95623785405127 2.84535268789272 1.85857251500656 3.90696435776492 -1.16762601261177 -1.2306312632232 1.0333990563261
-5.54832227700548 -1.20562626076928 -3.29544796889478 -1.16534302299388 -7.49889350213442 -6.14862808778986 -0.194288899946043 -1.89351372409837 -1.55504935724299 -2.426847257557 -4.7262654771876 -3.25107513264943 -7.79260734632836 0.452264587386909 -3.44877781624268 -1.34015885269626
-3.25189873883643 -3.04853708833032 -6.58342065846328 -0.469796813411849 -6.11495189308242 -4.38014665996209 -5.13134215700839 0.169049569530077 -5.63606744534169 -1.37142039562639 -3.71719324771116 -1.29474132754054 -5.90963102883266 2.21439655534036 -0.576890851287995 -4.70425802501164
0.81601108885279 4.8258170204157 4.41529172309088 3.66286077949139 1.897176071739 3.14380022787928 1.200454352735 3.95991502335324 1.72344806471509 -0.47879388305031 2.22749310993227 -4.14323126309162 10.2050159444345 -1.91595683371155 4.29503053137222 -3.17843158616908
-2.75199332926594 -1.35088018467584 -4.52068166177667 -3.68874725331115 -0.155069213360153 -1.1199552741293 -3.14908429168273 -1.91544834987717 -8.62220832017046 -5.37133933088802 -2.39252216984396 1.7064911849176 -6.00898225789487 -0.423732892989273 -4.20371349345657 -0.360112621283173
5.44950939648674 4.87640492849173 6.66071521622683 1.01710680383349 5.21421565106785 2.81651130769149 -0.309682102711043 4.50520092940742 2.92398533811188 1.41461192994453 6.20270450448931 9.69849965766511 3.24400460075483 1.09523446300447 3.38325468060881 0.0734860767071381
-4.00696773200187 1.10990978270251 4.82624963115069 3.23476469256643 2.99811346355439 3.33564731379099 2.66034531440096 8.7725385588774 1.78715906549487 0.576555572267976 0.820017398313155 -3.0201701527839 3.88905148502202 2.12587297826726 -1.02897141923712 1.9899304625081
-4.92240463193324 -9.94904319745262 -3.85821758666237 -4.05147950772279 -3.91424789779804 -1.65821961226369 1.10413888598766 -4.07469495499361 -0.688334132853645 -1.0094115297162 1.15823045579894 -3.45613360766542 -6.61392169995443 -0.670210325830298 -7.20631852492315 -4.22394752624968
6.03837348486723 4.89032551395811 2.89784769874796 6.17671897794601 1.68999118528307 5.59468867376187 -1.30541610485239 -0.835039689568744 10.3187184528995 1.09802465155866 7.11908966212094 0.88108296294501 6.74298185060123 0.183632621605157 3.83320319559799 0.31751051176194
-1.39516295054228 -3.84894675371575 -1.19023491505784 -3.81276366874162 -1.27013840694784 -5.02026981482645 -1.41743598644439 -5.89621517656489 -0.164303031387663 -2.04117879418036 -2.02101429971942 -1.67210251031969 -5.43734535040569 -1.91019359173457 -1.29864657956617 4.36287594988088
-1.40767613077962 -3.11978186520108 -7.15106577818612 -1.71574156019837 -4.34396787660224 -0.0850675155670593 -0.473051562819919 -4.3960996851172 -7.22608715220718 -4.90034680049155 4.21597388021055 0.089881465328705 -1.73591659917511 -1.26265117060314 -4.5034269348326 -0.659172270981643
5.14499586659163 4.94541265463901 2.93292108655268 1.60949099966616 2.65503790751887 4.74691408679273 -1.3954721563726 5.61414477174193 4.18392074641055 0.0495184711013703 8.55180339839071 -0.316016386754508 5.75313389474564 -0.25870344875973 4.32113997405432 0.625437305987558
-0.41437546653555 -4.47994959878851 -2.09805336002918 -4.89554097079553 -4.79316595542225 -1.55524764050631 -3.31005058714595 -5.77762608603485 -7.39758242749774 -1.9357951967902 0.543165186028572 0.752078692549719 -4.88586990151141 -2.16552368014048 -2.25819102590326 -5.8001737443533
-2.31493377031325 3.55917111037583 3.58484379482101 2.61681069440631 3.15948160166869 1.50239482781233 6.58601298524309 2.1395498754243 -1.46302597449859 0.582134015792027 0.744068973790125 -3.92754827129377 6.78033500003816 -0.973476076566086 8.26423434992767 -0.6561164609598
3.34275681370862 2.14754619179053 5.10572015068083 1.22139612930661 2.59269156365449 1.08302706001748 4.76117397923213 2.41702056227503 0.970192258027075 -1.37614211189785 0.824915917082119 -1.52095683454695 -1.23986999357584 2.44143892645917 3.87724766710984 -0.252778439495004
-1.93664423371767 -5.2263452779029 -3.41557243728713 -3.77649912314175 -3.61845130418545 -3.96009543685511 -0.202529180856222 -6.0916871763941 -5.41612711623302 -0.0777570894257139 3.33078978772815 -1.87917908240604 -9.23768074302823 1.55872273713523 -3.61298834103214 0.543474678575888
6.58000362569908 5.09305396166303 5.82318330130399 -0.569045650557148 2.47421541522066 2.85226953543182 -1.70294112050719 1.91980652042397 3.20712375110669 4.09065511766635 3.16783627755424 4.17234304227806 3.58852909966628 0.0454259265202758 6.0674671515452 1.74328508926774
4.40417773190508 3.10274821389324 3.85480939918187 -1.59337343297475 3.11975179269373 4.05290086315899 2.59291022013673 3.21594629096057 4.5698741553476 2.85377039700536 -2.6065392243348 3.91610587089577 7.70091775915159 -0.511758099190304 1.02998730329843 1.47551186878833
1.19077410005004 -5.17018700276813 -1.59917715795301 -2.51133959631417 -2.35291041075055 -4.68035742492188 0.561645136172425 -7.18297339622455 -5.6471523146597 -1.9044721818841 -2.26570338881123 0.0677156728994439 -3.58630066961284 -3.37878177417223 -5.7816831631296 1.99531885876964
-2.08468322765009 -8.93991476132792 -5.14993582403446 -4.59559371660662 -4.7130200420365 -1.26778230867853 0.0665836501543198 -2.72358671547158 -1.87166830159072 -2.67728844451261 -2.79234932580112 -2.41657764638897 -3.43059039885515 -4.11393931560485 -4.43382934664747 -1.66715974376582
-0.000171953462000385 3.52143706362372 4.15702563256847 3.5043594278794 2.71870048947835 4.67985848293348 0.394949828923015 -0.614997424364987 -0.260992633168256 2.36499177919445 2.04084481098904 5.75282015872233 1.5128398556905 1.67151003710797 8.54372027593745 5.56234465587857
-3.62223388632145 -4.90988886461569 -5.08666142594687 -1.44119324989791 -4.50671595555194 -6.57690269245021 -2.57476506243418 -5.11398703667988 -2.41982841025524 2.1335500045828 1.10992541673597 -2.9360964203026 2.44800715099721 -0.515589687983392 -4.7110951125849 0.378830321436696
0.805689721127055 -0.208983788969629 -7.40550636669031 -1.50274394600065 -11.3140728696669 -4.20079310586137 -7.55032667012648 -3.65777686494549 -3.17862609529715 0.482290884742746 3.26744142362185 -0.110127779502516 -4.62200257952231 -2.26805219787748 -1.79418427929036 1.34977251848204
2.74002983797556 -3.97148069855997 -3.65465979111383 -3.27075147153242 -9.16575295520488 -4.68165306836271 -0.571373724539903 -6.0821229619257 -4.98046303043013 0.327041049729369 -3.97794135537583 -2.31385318492537 -2.92674941564941 -3.1916859975954 -2.7834152430187 1.61785751210786
-1.60808138050691 4.20068812973625 1.56909162458684 1.23512173824209 3.10758474686605 3.02538711681274 4.57309864640153 -2.33236535850827 -0.373904459229438 0.788760667034058 7.67972545141404 1.48372788718094 4.02198177744163 0.299994583757201 2.0594958227402 2.31879322393305
-5.27238166879503 -3.54132825271413 -3.41856590653406 -2.52148936092194 -8.53842572372467 2.00600795609397 -0.98558119608729 -5.00280583443066 -1.63610441998454 2.10298258912683 -0.420444041277371 -2.66218125812319 -5.83879830395333 -0.524803642290749 -1.32989376133091 -0.454907306340606
6.21475649672513 3.84770900498858 5.49937354847283 4.87208814776843 4.077036406369 2.84909412647857 1.74394818335167 4.00599736653983 3.96536375808597 1.7684130386153 7.91845311401518 8.23714763629044 7.92488882283559 -0.88851797715913 2.72192617604604 0.654869407686837
0.783751675205215 4.17036112441891 3.68472503373778 1.1390897650859 5.4554699905435 6.785622628603 -3.05068038122239 2.74806108373232 6.49261956968509 1.61467115767698 11.2624768412173 4.43386241212123 4.58174598235456 -0.673369433786603 4.2220046309617 -0.0578922085729014
1.97047345489236 4.39023074595667 2.38837918672393 2.10558239337584 3.46499467997384 4.44157927055472 1.11197433542117 5.02720074510934 6.48906289993496 1.84733169637943 -1.01377925321533 -1.3536988553915 1.49437389629905 1.08342638770811 4.99584655878542 -1.70543306397011
-7.52921556849122 -3.65392129612968 -4.70072554230624 -4.59691038812237 -2.92452729189407 -2.8306671069186 -1.32054241052079 -1.7363710280619 -1.79996054716969 0.324641123559561 0.439508474966663 -0.451672739707571 -3.40155070652022 3.6884582192097 -0.973931973342338 -3.5995252452141
1.3610929411796 4.72648717070748 1.60186068170446 -0.178318367010595 4.46313353268919 2.67403804668408 9.01164749224486 3.92862821797095 6.87929294374478 2.00391446183315 -2.99466694214451 -3.36526418414799 -3.89296027057961 -0.711691583489586 0.695492814191985 -2.09014564336165
-8.55576477612729 -4.03506946162513 -6.76840088620824 -2.36491514126031 -8.15067660901528 -0.961911123383486 -1.82914916993713 -3.60287910900605 2.62401941628487 -4.50007720494446 -2.74939815259723 -3.67666069268126 0.817864034487892 -3.11395534185584 -5.72064639729836 1.65550448601331
-2.64446723194733 4.30201316834539 4.22060806720255 1.89471596413878 4.83508210974257 1.77362034298737 4.01192174113389 4.5806988111807 6.66359329874785 -0.186726897253251 -1.03121436413376 -3.69177868262488 6.12849811694253 2.93586192521347 -1.21020016239158 0.395141399102941
-1.1560024511428 2.35621722125452 5.27916267280451 1.18228961966676 3.36900838066514 2.69683944031665 2.0581336857269 1.19078926424964 2.13555212050189 1.98816491255459 -1.11584271273501 -0.963796360294155 7.11083079803344 3.30361349534135 -0.89716929010915 -2.24799736098287
-0.126456350231411 0.404193912262647 4.26646482522702 -0.177948107218201 4.50201834836918 4.80369439689267 2.73609674337249 2.50891404855468 2.84740810617304 2.56377786893623 7.17863380684912 0.439995447786624 4.62109287139654 1.1359541703054 1.78615763966845 -1.54041150932164
1.0616041683068 3.92786881793762 2.60685714464579 2.42710608196293 3.2774371241227 0.726212269207514 -0.331218022455408 9.55325859342698 1.04846652764191 -0.0409601285644989 1.46486156957151 0.679568209768792 1.56882180513985 1.79153759226841 0.607385027154209 0.329150450902136
-0.496388725993347 1.92809072221846 4.00179087898975 -0.67178607551596 3.623694944803 5.34885416897254 5.83358602619234 11.0267533171993 5.24343001580408 -3.17515598622387 5.08653317198236 0.282947367667507 3.37098101418117 0.986029234427343 7.44355990457789 -2.59688179005772
0.971267416107666 3.99829761732878 2.93380475836628 1.60687075917072 3.62911152636 4.1833422815863 3.3190017953726 2.58170897974358 -3.59989830792772 -1.32129233510339 0.981566371731101 2.02315771566197 6.5476110054676 0.561792750672576 3.05801321480825 0.523656456762409
2.5974295631287 5.12551820364473 5.43597543660522 1.40926192877974 4.20910476842346 3.89811655957483 1.59813525413053 6.89563006666734 4.8073111991567 -0.0562813572405609 1.06989226720919 -0.0301072284343229 0.350849549268571 -0.627910956812478 3.7545170990775 -1.17789779726024
-2.46298161773899 -2.15177852825456 -3.43717633702153 -3.30673823868097 -5.70567321463373 -6.11253281928625 -1.00182811369357 -4.86582591702746 -4.26554460480338 -1.73756406669408 0.29825840949829 -2.17151528383087 -1.63644466905403 -2.80561845297884 -4.8487154225559 -5.87435230463705
-0.180968996105707 -4.87636336971735 -7.03589296550716 2.10506912073655 -2.64075095430177 -1.18858227734378 -2.47091771609812 -4.48063003608234 -5.48670415558746 0.900385176889052 -6.12231348595454 -2.63490599808012 -7.42763692657873 0.484600582950447 -5.83071547210131 1.84088581794378
0.547705145273274 -9.21825618994758 -2.69013466221831 -0.260559640430696 -4.51799812372801 -5.81218082667467 4.29919195676619 -8.48788370824639 -1.30217120307323 -5.6023430827128 -2.02287927284414 -0.482419278684708 -6.12574703521614 -1.65950002074542 -6.1409214386804 4.64227630109326
-1.00026764064935 -2.90097765032431 -2.57702786806297 -6.57533360124157 -1.58873112655852 -3.01903640627036 1.98161592120903 -6.06024403860414 -4.34797269209381 -4.61622256578755 2.84675047929562 0.2684874870683 -3.27152653453581 -5.14869202590858 -3.05218114832505 0.543154071002744
3.54787741860607 6.92875855330381 3.67427231756075 0.826220337093059 4.88041744104521 1.15482462870615 0.183180942883103 3.55123357197841 -2.5015762396472 1.16941691558269 0.610762793628011 1.63849463016153 2.84415917035282 2.59814838025152 3.80391449757823 1.9861989937155
-3.61683395407738 -2.50355997654745 -2.00649982552163 -1.5533462562574 -3.72746849874827 -5.81438092190922 -0.356522260640997 -5.75607334464086 -9.55524496172723 0.990398197568471 -6.59504938774614 -1.35147904295141 -1.53748309342341 2.39597920064604 -4.48360518059896 1.8247983834498
-1.34243812186609 -1.67299678408819 -0.405496178986323 -1.81149082503757 -4.14854782995972 -5.57040525296024 -3.66516316375807 -1.16592870276481 -7.54319501783567 -0.0299742118338726 -1.33391744805824 -0.502549132050743 0.145984836115511 0.275455015268188 -3.14574853565988 -0.483765322954474
1.16039500282664 4.20977748759539 3.77847650686649 2.44400239030608 4.1153923628236 3.03527726705137 -0.317737072614888 3.68964855344118 7.49240408836848 1.08852344933489 0.63483909653671 -1.64883517696928 0.602256649198015 2.23490531590356 0.6045653111432 1.99753816505265
-1.31903190248849 2.3406297824741 3.33267249938649 -1.20403640080659 3.01437491360648 -3.36760392793681 -0.903483317654981 8.46109779589818 5.56064818460441 1.53046342834082 -1.73775256731766 -1.9525852697076 6.38848863826697 1.5040579873105 1.87876342996669 3.46272905925826
-2.70009799257829 -4.68258245302227 0.136010298812571 2.31139878388307 -3.91985608315825 -5.75937106164333 -4.18257003810023 1.32625446815421 -7.81018370928657 0.694068741733398 -2.41817108823649 -2.36527538415428 -2.57491409863339 -2.32806665082496 -1.7338685447774 -2.18110893405169
1.77373301091758 5.90203830873098 5.82722687798178 0.528670163313628 5.12764682682397 2.03731387687294 0.740967273761829 1.44816070500221 7.9258513438768 1.62453888911749 1.04953021871154 0.947854758747216 2.24019256433538 0.718051309623353 5.04224954284484 -0.098289045168016
-3.61451830921903 4.15503972029366 6.35350350060015 4.39484540276763 4.27503880793887 2.40464906468142 6.93027210913636 10.3377641504501 2.85816878289626 -0.787648563134475 3.26702242189292 1.44936445968573 0.27534764166088 0.43317612449804 3.01309826706655 -2.25814886333482
2.88581447246293 2.97898984055294 4.20328409125221 3.63613045629808 5.36927253605679 2.22036075472392 6.10750327641554 4.00276478654748 3.09849706712641 -0.429232838527657 -0.672379609421528 2.2717162418238 2.78299680501599 -1.0169021349174 0.0470086456395902 -0.374973794659737
1.29392578926463 3.2313491373063 3.81716001448916 0.155167859315782 5.96594353963657 2.27385591171135 2.0191385876313 4.47693370746207 -0.966862592742342 3.76120862765725 1.91854365545365 3.97404476610252 3.47714709972649 1.35824392575448 5.35629450546167 0.248630078345339
6.77086649176 2.93678096064353 3.08864542082653 1.35343727381093 1.94015470789693 3.79827101277909 -3.45764674142081 7.50895175591445 4.5654555768016 1.86784897915957 0.96979898745305 0.645533038926725 6.26847368258834 -0.895391580782077 3.38819752050885 2.31563961329416
-0.104139645357325 -3.45732336750092 -3.80771715715127 -6.20514126087879 -5.58980436978877 0.721200147082062 -0.828061354098062 -0.571027566546839 -0.606691897222832 0.545825610683071 0.0658966695639969 -3.6361348710801 0.705349810822464 -4.53862705887469 -1.15686315980869 -3.04227250895648
1.77923608287412 3.99377899965112 4.39336754435314 5.03071066397323 1.63006950288146 3.06565642105869 3.28204148090911 0.152313418812419 2.65612700318204 1.02053915831512 0.958331454143253 -2.94659300349439 -2.90268820134078 4.58497237708063 -0.13680646689323 1.57253415501005
-0.676330526484578 -7.35073751839416 -0.000553315681010247 -1.20219466540626 -3.42618275067375 -6.27219108554455 -2.75300327663103 -2.3588927420416 -0.0774929013420174 -1.50422289815726 -4.56478711131971 1.07776261556549 -7.4338277109351 1.97830312978726 -6.23362671835698 -2.32873558904898
-0.218598712595614 3.5431572813808 3.20820226643017 2.65024286769213 4.68998728076134 3.34589295834634 7.27755755702429 -1.73799472406707 6.33838121700528 -0.277084806673537 3.95816909439329 0.00449822066464334 2.66179631403744 0.412740510016628 2.44001985864736 -0.791582678387514
1.07696228084677 2.10129877246063 4.28790141200129 -0.491838682002838 5.79356900289385 1.31180149718878 -1.21662475084825 1.63684187345056 2.35208594831138 0.359174553353176 -0.00574220264131786 6.9746191385044 5.83544889938634 -0.533045115389563 7.38726333227042 1.18781664768326
1.88361987042184 4.20891135195287 5.29750474648233 1.00350388694518 5.28787117669259 2.55517434157586 3.16013390657115 7.12670542465178 0.0627347239940064 -0.684163574731281 6.71985754664078 6.10654054682881 1.26694235867676 -0.393749733539737 1.99828173529828 -1.12365258779563
-3.1668864613422 -8.20595528449533 -3.56949133831443 -4.02558814106502 -3.8732579847723 -0.313247006338378 2.32539940170206 -9.70964753455321 0.823837187688666 -2.09979065218839 -3.20089720674627 1.58009507362008 -1.07917015129016 2.25407021886175 1.04580104830878 0.685834830146586
4.61655904682315 3.96409638244191 5.63139245691272 3.06097380317856 4.72171765216806 3.67227082679235 1.31868264054568 3.40927573951097 0.463309999453547 0.804104322691767 3.10574946621065 -1.19504945376814 5.15894138130718 0.290514271710691 4.27011303844387 0.367413061570738
-2.60910448601688 -5.72318568457339 -5.41234099861764 -2.26083362026048 -2.71160941489043 -3.52615568841962 -1.81886548677007 -5.24378198647787 -2.18373186136883 -3.01569855482151 -1.20396146936559 -0.675848809230876 -6.44069110354457 -0.867163768065919 -1.7583235367854 1.99465229017412
3.39621211334181 5.62086206274234 5.09954945641909 0.529586506380603 2.24945816947039 -1.68293040355014 0.663963016431594 1.53726805478841 3.64396517112658 0.462246613557382 1.97879960475291 4.30303848969505 0.826864403866496 2.42223559508901 4.64758819749974 2.6244393783047
3.27841057972408 5.85740598382532 4.22570205794682 3.42629582452984 3.66308867404271 3.84302837160648 3.16690087811063 2.6906932534098 2.51834582196539 0.776024646397492 -1.0426655599049 4.37201132491449 3.60406169389176 -2.05664533413329 2.87655821687101 1.46969833047349
-5.12646017339542 -2.79611607269323 -3.1589520781749 -5.3197655652043 -3.92118825914416 -3.4021536576857 -6.20844695742468 -0.893140772723901 1.42889449915011 -0.59729477968202 -2.23631447834942 -2.91034755280698 -3.6136282650575 1.05055163915865 -2.66417788903606 -1.13868616961897
0.527346681127463 -6.24232649596497 0.652685735589668 -5.75508368229386 -6.91169629469324 -2.44325879890282 -5.05477225859039 -2.23613356267477 -10.0283399377915 0.391020630115498 0.595852940754897 0.926391454381549 -2.08112605939489 0.727223372970503 -2.06655811767359 1.37940345502638
-3.50980043788391 -4.47254140319122 -4.33072616973645 -4.11482121970287 -6.72422230607553 -3.12716395498495 1.8470870413849 -3.48731467782485 -4.28781651520558 0.611329980568814 -3.79526793104462 -2.59122607656198 -5.69698191269735 -0.0386929520429726 -4.91403996582175 -1.23216962610233
-0.165400751106937 3.31088992816548 4.32918127548109 2.9407932884879 3.01604818257585 -0.667913661129345 1.03551661620582 6.22196529620373 5.79946130506699 1.89160544175767 -4.516509436939 3.6783486969506 4.2007669941286 -0.730786027287701 5.32432678115008 -0.192970011417099
-0.329931591600587 3.13896747413491 5.8038560353455 2.96530881279086 4.5954052655788 6.43711751380316 5.37579651427386 0.402781926627004 2.65354683715666 2.47071747973352 3.9683241972938 4.50737412840012 4.87465354744866 0.72679749799871 4.84621730050103 0.843769932348591
-2.35781811731549 -3.71921388806453 -4.30844704293188 -1.2650073044468 -3.67741561941867 -5.39395756415706 -5.34803226949601 -3.541222686227 -3.4127617222219 -2.28387237690678 -2.65021465550019 1.32083070927596 -1.86826573527438 -2.18706111970157 -2.79905926393805 2.6437967194583
1.74474933914033 -2.5077239699857 -3.91183720951526 -0.644451648953012 -3.11256566121082 -6.42258227083944 -2.05517430756531 -8.40571285542977 3.60509276367575 -3.6768185001904 -3.84193980091934 -1.61316088988777 -4.2772142790345 -3.5604224499601 -2.46218864165289 0.654048369573408
5.68683345723132 4.84327144766972 1.86395447054091 3.20093362948756 4.58986214318257 3.7304616122901 5.67782043548069 1.56017238261165 2.47826887410586 1.07674875089298 -0.638684342068749 3.09181203249723 5.43389708287569 0.484931819170388 2.41870614770511 -2.06946338804256
-3.0320219766873 -3.02769837221608 -5.62496693859494 -2.64153480458404 -1.1457644558853 -3.62801498922009 -4.42586479689389 -4.50736099413147 -3.97618573975984 -0.857556526178778 -1.6668259662122 0.153376897776951 -3.72803937873253 -3.93045718814019 -1.09922658097938 -1.19482504268161
-3.14244591233959 3.077335640157 3.77593034768466 0.552813021920675 3.64009498591546 1.96530509669168 4.97673612617856 5.7953687763413 9.05435955710629 0.546656602406849 2.84541161626549 -5.33925943225667 3.8524151435715 -0.242927351759145 -0.355212765360531 1.04983927252312
-0.202250162488054 1.74978108952997 3.24005609020126 4.68868067194883 4.28106260611342 2.77812380897079 2.6494461533484 5.5618182159319 2.49702413937145 1.78589484402074 -1.13749295733386 -1.31864170642236 5.15708389496794 2.17076709042058 3.09258817602641 0.804307607073263
1.3914781240396 3.70085405249741 4.15130803697742 2.38064339273586 5.5232969184644 2.33052652924732 0.104906862472037 4.36285268801395 5.06110109049948 2.57194992789973 2.86445648626973 3.4954721127514 6.82452864939518 1.32989394290836 6.15402532461848 1.93543865597868
-5.69122153926387 -5.03818732178231 -3.72952840383202 0.546737609404214 0.250698191087293 -7.72852393342743 1.44061328239651 -8.52831637467155 -2.79185697478398 -3.08604547656708 -1.59918575100179 -0.891551357578855 -4.06354218887506 -0.211475029648326 -3.46637716023796 0.827057609406649
-0.329498661210993 2.92323534988535 -3.38652554934366 -0.552382859686882 -1.4906648173574 -2.62141451146018 1.03183734851428 -2.33813601548174 -7.61762594196579 -2.89150291278902 0.1854919387903 -4.0836477022017 -4.03040215081972 -0.170136125293614 -0.554797014867533 -3.52815114886765
-0.742385491298372 4.66354620300514 4.58401650405215 1.18189977522516 1.99445168846602 5.55462581499845 1.62675311725215 0.857248742198111 0.651260433449383 3.04641820185812 5.30080319765734 0.543196422641665 1.22762021267132 1.32037371572104 3.34317713773134 1.33604001226114
4.86356904890103 5.0943165794319 4.96713817415893 3.42516801720303 4.56706132731169 2.41147814857753 0.9517111869359 2.26161684304727 10.2677707020801 2.15755671046258 4.47323651813325 0.346725338152757 3.00117343972989 -2.27387875602669 2.49335918852057 0.639995161571116
-0.206097835471194 5.03326063525896 2.72324886954873 1.67496459613545 1.29609806718383 0.632354280497581 -0.44930891260028 5.52169433439537 2.31050669231056 -0.33380047736495 1.84511014016429 0.12962360108563 6.81221418600003 -0.0556600481232697 6.73432758958282 0.939408892055233
-4.34681385832587 -1.8673296660286 -2.95460476037483 0.69033834261717 -7.94231259980005 -1.13056254964341 -0.612830181730669 -9.04734890178039 -7.30727552136688 -3.59722796220244 2.62947357144372 -1.92622389827415 -3.54162303425096 -2.50537363626957 -6.39994376168618 -0.145406716220148
2.84915501351728 5.41657484695543 1.1488050855736 4.06765827078317 3.00704883830863 2.62592779042497 0.393320521850659 5.52856300144001 5.26977226574804 2.74416432929793 0.0289298135362772 3.05991954004706 2.91063945319105 -1.1979371725696 4.35169032831933 3.21952535517881
-3.22774825375797 2.36203873774953 3.1330315557487 3.43612172002541 3.56383189230013 4.40828325020427 0.0779198564816705 2.90867075291208 11.9588703764201 2.54682416726544 2.95900566402202 -2.32765195996624 -0.000708629567006902 4.54043617209711 7.74076618322927 0.299941860957556
1.29675869599586 3.2836197497194 5.73072170503449 3.31219272735034 4.30750973892132 2.93564953634312 9.38338622838848 3.63381114852425 0.619355427347708 -2.48173749144453 1.27185409130222 2.51825572731198 5.95298607166839 -1.02302798438559 5.01865263825439 0.992031780097554
5.16139182359522 3.24357963581881 3.69541441430842 6.27110735300382 1.47579845622413 -2.2761203993897 2.53652155130749 5.49224808180672 5.14592286872253 2.25302729874979 -1.60661312091828 0.21600563678405 5.61048452717127 0.602464073284767 1.91068921687365 -0.247764188245868
-5.93290759718516 -3.12709405393984 -5.27821275675983 -2.1675469814 -3.19483950154811 -4.17968301838144 -1.62019684267535 -7.46889232741322 -4.96296290305639 -3.74118462205814 -0.990170796317706 3.62904112427016 -5.72230253726843 -0.499685469537926 -4.93141427972313 -4.32993918331971
0.829561660402596 -2.44763323796528 -2.25319510608398 -1.2194673009224 -2.89162079413856 -0.149831579405129 -1.87857123070248 -8.39541646988933 -6.34361389262532 -0.336913932722514 -2.42599750166025 1.95900041657075 -1.89326156505774 -1.95564677170502 -0.646662656908213 -2.60083331560524
-3.13468204846956 -4.63196489960508 -0.326201650240256 -4.35707842554897 -4.30395632185314 -5.53722215444215 -5.21901958486088 -3.84728414440869 -7.47235660334567 -3.30101322455572 -1.41988897381529 -1.30621747691568 -6.07631739153824 1.50528979759686 -2.28751735605624 1.68292119953109
-2.26589048832195 -3.55969955247908 -3.58376274522984 -2.22835491863475 -4.21834375145457 -3.87984767326442 2.3060151518367 0.0387219608645255 -7.87636758569739 -1.46525498739872 -3.98287784059896 -1.60520486222065 -1.43487000335467 -1.07362872738174 -7.14193975125059 -0.682534368372247
1.44948924220805 -2.71357211662319 -1.83587467700618 -0.878379654703768 -4.14621426727059 -0.389984276784774 -4.09245168282924 -8.44114011531003 -3.09928807243542 3.18026129133473 -2.8850443917937 0.49515412400758 -5.08674596887539 -1.6613970384779 -4.36500290722034 -3.03584631375107
1.58227797850641 -1.41703388232851 -4.05382817779778 -1.55627042055861 -3.85487987833663 -3.08469121963483 -2.43059699210356 -3.10694669012234 -4.16399042212434 -3.07096724636987 -1.97458110267678 -1.93296901736314 -2.2894140967585 0.0683299927646584 -4.2340341150375 -2.87979671766312
2.74094605327663 4.88386409274118 4.39913996721507 -2.6635304046731 2.58082090356439 2.76089984970386 2.27502225336001 0.905013040865303 3.65962586092366 -0.27687072289249 1.79597993816871 2.16967795925417 6.50925275832712 -0.292119755849306 5.67887538857294 -1.57677850958283
1.75757694946541 3.81416614122724 4.8070193729495 3.5095386588358 3.72218725817618 2.3551367858533 7.37638876595278 5.45711071117144 -4.18121561645925 -1.52098210987002 1.79759230737715 3.52780481321064 7.58050572008093 -0.0123861672216437 3.73235083664185 -0.565721496843766
-0.363991434603737 4.23645061194036 3.23319681311719 2.75465959560471 5.97249216282233 4.65350324788578 8.33138371288407 2.4329483671562 4.54310807900894 -0.753779972199918 -1.85464973727956 0.720167619414611 8.36244717599403 -0.908381221305166 2.06490386122291 -3.00566063326041
3.32520429216329 3.01591204551249 2.8690747357187 0.263402321695416 1.58184394387823 3.24965223178092 2.16181968905041 5.48736781522135 6.61400639817647 2.82286927560674 4.38237242552149 -0.924255230719282 4.67455981348768 3.00734161448394 -0.397948809081595 0.526181763257471
-3.46637771533396 3.54211492670999 4.61420591507642 1.32923223951963 2.50682268271013 0.880996063969242 0.0420431038253557 4.0640545937138 6.39384660462338 -0.00767842710641831 0.403969452436526 -2.46032744271572 2.08764219263937 -0.977644321997861 3.75460021330403 1.38226414550207
1.80465166970436 4.01356826482484 3.81282978635589 0.728148399302058 3.56371825475707 1.13427190221738 5.29362208653768 7.33771991205896 3.58483503608478 0.391231570621965 1.83529027934802 -2.40118949199195 3.06572782443769 -0.868840189187145 0.835396586202619 2.48721050694597
2.28293938447928 4.02777194346606 5.84975481063503 0.263472065474999 4.24120002304494 1.643343101816 4.09099841624954 5.64613574243157 8.44872870713523 -1.33740187502309 -1.76661666768053 6.41596687957761 3.65514931048958 0.275283443160198 2.75125217528676 -0.668168648683394
3.87800159703757 2.58796708380708 5.29288027445108 5.26617887824179 5.24627828692624 3.57079330723882 -4.91647221806237 6.66856526619914 3.18875776221923 0.598242207176457 6.75956845036116 -3.93125547544604 0.621311917577296 -1.19088910813551 3.8982561389987 3.39698301273316
2.9015229132152 5.25023212704406 4.63747370767261 0.507537686590832 4.35353513882018 4.55161082446752 0.297893141456749 3.93433735105189 8.73831829256521 -0.480910722696044 5.80247465462873 -2.41547457397823 3.79666295113376 0.717314528030021 6.8829174658706 0.656647811234969
0.437491584375261 -2.54188201681527 -5.08498457436105 1.58179389381716 -4.57401583126936 -2.0780266122371 -1.45230952007914 -6.60766964829032 1.58163615351093 -0.0274014167099399 -3.95189641695351 -0.551043961034937 -3.79789995617174 -2.90037625797593 -5.01040990427772 -2.31697389880008
-5.37397440314702 -1.91377811462 -4.35246359104727 -4.34270926489306 -2.41659073517364 -5.93559339091125 -1.48054495194981 -6.99181242576452 -6.05494453202793 0.782738874412011 2.76619135387985 -1.77151545764682 -4.64077501732449 1.16481974259081 -0.809372941325753 -4.50271429880994
1.29531774523686 -6.30769967270251 -6.31120968672354 1.44227501793475 -5.93931333347037 -3.64852750192824 -0.307653792728162 -4.5296044982016 -4.10124133404525 -4.05399329798803 -0.780377756874901 -2.31929597629431 -5.71962970333055 -1.00192407873349 -5.75554114560966 -2.9051776705368
1.42154467251531 -5.65971745710649 -5.75492275348691 -0.292675476937277 -5.6213938374834 -0.783741314509927 2.52714538633601 -2.96431297994028 -6.80191093367758 -2.73018988008961 -2.74484569319594 -4.07890674557753 -4.09177233004205 -4.35042937756623 -4.45180081039748 1.605883415828
-3.03604659354103 -1.8360276487506 -5.3243600669169 -3.60633533951589 -1.7429852060435 2.69071856943769 -4.20185889964177 -1.59077784607781 -5.38864145022262 2.23425613683791 0.0339107312975881 -1.78367516481958 -1.25738018273709 2.11149466497181 -0.281175480852507 -4.39466852234023
-3.14385535990729 -10.8112691372996 -5.92043214461432 -0.779820451561352 -4.21536827858773 -2.23098946763254 -6.20583498762392 0.094503814878975 -1.78254781989813 0.592279198297116 -1.23492359500863 -1.03786264656402 -5.04753145296689 -1.52496149101203 -3.82483270353692 1.48458598692456
0.618778462435084 1.68013362512166 2.51440883178639 3.29157281670145 3.70348742455798 1.62929879090655 3.5989279325958 8.52534569519159 1.55576386942914 0.470763514434555 1.11477569675911 2.9034230866559 6.27206025930437 0.440553244034444 -1.00923581872945 0.341081399533254
-0.108478545082692 3.14008020331616 4.68166193331958 6.503014448628 5.08155828560927 3.39732335836094 0.68435488798589 6.18224571977763 5.71232028567272 1.58852302764521 -2.67151227316188 -5.93887514909757 6.63564296850279 1.59723539727123 2.66050961899332 -0.820746474912386
-2.70295186576707 -3.79526831440674 -4.93184502771217 -1.22848307545865 -4.8582318679431 -5.18380010547439 0.208590911655334 -4.5620053291395 -6.69426615337813 -3.6986935733703 1.44399467049511 -1.31062300408114 -3.82939413945242 -1.0050668037972 -5.51885969288282 0.898594166891445
-1.13728230840932 4.61770821939279 2.35169458714864 2.17502707502586 3.18270504482117 0.379434200337318 6.64089902824508 4.32826905512214 4.21611207408982 0.00472618999873786 5.46051814276953 -0.568447580010604 0.817060129774247 0.584747091503345 3.62292522007458 -0.394393266821646
-2.9562155406082 -2.96062099623388 -2.34959045737636 1.97516860673446 -3.36433897307277 -0.579712543021343 0.152490953549792 -4.8308864046194 -7.20067712013902 -3.01685116605918 -5.72000806188831 -1.77426469250601 -5.21724595295796 1.10325414280337 -1.06041355686474 1.90236436513054
-10.1255853216809 -6.02306052906339 0.538503460298391 -1.40054296275395 -5.42602266289529 -5.89544726720124 1.9187164796162 -4.83984606211451 -1.44044027473578 -1.40433392916697 -4.0977898390945 -4.46596873023982 -2.85857459052555 2.14424315402139 -4.42748904788707 0.707253738881098
0.0709119434120442 -7.09282063912397 -2.24267134212888 1.2356614624591 -4.37534374527403 -4.68628759089267 2.40153957462768 -1.95752746096797 -1.24582472745967 -3.41923240914788 1.77277544335002 -3.05013051214592 -2.8323651997867 -1.61556876193821 -3.78161542197871 -0.796075844784443
-2.23534183265372 2.93875816553166 3.45580990551625 4.18118666014166 5.69672227361711 4.75514716576954 3.8362100749067 6.15628338920999 6.68528933898974 -0.929711766591036 1.83963855844683 0.543037951135369 4.78003055955625 1.12995913527435 1.38749840821281 -0.264745902335345
3.20814268240105 3.91758483402925 3.92996094620056 1.52446085283923 3.86073018120209 2.09791378015313 3.17040924551869 -2.16626118618913 5.6891058451759 0.532499798984469 4.85191607799 6.55738223393416 2.30433035152063 -0.391346109549328 6.8898992555338 1.41374281422899
-0.261216580838524 -9.1898556696676 -3.11383742871757 -2.19499759304177 -0.551156798164016 -2.2913807099794 -1.90350604538847 -2.05214918880423 -10.1089962730592 4.72756319837678 -1.86132775863874 -1.88480246727742 -4.6130146603634 -0.768380574427426 -1.37112676947108 3.84885296912576
0.191388175523843 -7.25326348564384 -5.2781468166579 -4.53277350197164 -5.97509470601045 -4.21945360142442 -1.86901242482429 -5.29048542120123 -5.82579665126044 -0.705823965232469 -1.7185484012793 -1.92073956810644 -7.09168823262232 1.13618398056472 -0.0487095066033314 -4.3951898648999
1.09022511125666 5.39564461549253 3.48574172575271 -2.16558481025831 6.10266732388828 3.15944736868444 5.14166120486633 4.43902310416288 2.5196329415473 0.690709852789912 3.12151712139581 -1.52953546673373 6.49189744945475 4.00127614600541 3.44586712684539 -3.51356757855639
-1.98717635668449 -3.04812858999078 -4.23483477728198 -1.59884313672391 -6.05073474878495 -4.02057033032784 -5.34486468643943 -2.35424356797076 -1.84122752225627 -1.4435145782403 -0.720607873771534 -0.803955312402233 -5.7200793705904 1.05324406289124 -2.59738403096219 1.85153758509208
-3.12163473558409 -4.53486816804616 -8.50643959593771 0.496606800269894 -0.614216902564196 -6.44069064084259 -5.10830898425423 -8.45133659776583 -4.34008687779902 -0.73158128115092 -0.755516315798614 1.78675351697015 -1.38351527684427 -0.791291677399509 -4.29568794009292 -5.25332003358685
2.43884685631716 4.32089227723131 4.02981111916279 0.332248999108954 3.74620824133194 2.12719825265163 1.93980599465101 3.23810743963063 10.371903437337 -1.96508911444089 0.106225601387886 -2.21991918045513 3.03151635232393 1.48841622069434 1.13269244249962 -2.14098972041278
3.46725035734265 5.36171436799141 3.67169232904777 2.25934752056945 5.91907649584871 4.16487092854706 2.69689444531163 0.55022490871341 10.0531433423359 -1.61030894843822 -0.11808775705561 3.06352660580095 7.12914585454304 1.52662131920807 3.61676578531173 0.50363928979035
1.44071401436761 -6.3426045448489 -3.1976061224692 -5.78493632164857 -5.79868283930811 -2.88554105731426 -2.74914025206428 0.359258016230055 -2.77468635026036 -4.0444422790717 -1.16750478531514 -0.171991155046768 -6.8169003312257 1.30712941188721 -1.15754527087796 0.472728752939686
-5.18515585455023 -10.2730738065456 -1.18794474932568 -5.87870902626391 -1.53257787644406 -4.08690336538669 -5.72834849070645 -4.56761943024224 -1.94287148146629 -2.14093559310168 1.94756201788032 -0.214917606519388 -6.98493066078398 0.0284235621085637 -2.20372182121877 -1.06812562121273
-2.21862988241959 -7.61504145426422 -5.73761585365051 1.74266326552514 -6.18764515415382 -6.71885942538803 -4.25222423284215 -4.64503433756358 -0.934939134224766 -1.61586176693776 -1.56796659947667 2.05505705422946 -4.4779458013815 -2.23851352175585 -0.740478907739234 -0.292263113669433
-1.08496306552296 5.03454733216641 4.2601957743857 3.60752639950023 3.49796593059471 5.73943070011755 -2.18752378473249 3.20930744765791 1.74540333822442 1.44295475272613 8.97193578075511 0.241881574187478 5.30872143592209 2.45266990773668 8.60180053422354 2.82416431880773
5.25059009517355 2.56116494489136 3.66366345458448 3.06562367971305 4.61251598720137 3.59866587104797 1.06901092313424 1.27418172473421 2.13972275459558 1.27240545618083 3.41908943342077 1.42346647641169 3.44923285440398 -0.872486396213859 5.77139283552941 1.99699546392569
0.557531997457693 2.99726752909685 4.20852540340365 -2.91794698353981 3.64305558845759 1.18532452586837 -0.833817329758636 -1.33874844089145 4.70953528711388 -0.229477802937787 6.71074218247297 0.333209078283831 2.69238260626523 1.98466639165309 3.67624429573347 3.15602523970508
0.0205084052973947 4.06155217901738 3.40997379954631 3.67024142240377 3.93113036809412 7.59034477230299 5.95117342644503 2.64919367383182 7.22827046026952 -0.235793378799463 1.46197766852552 4.22112053845863 6.18929059777989 0.459704229704619 7.01541231368232 -0.23108144222731
2.62160437117741 3.80369568895313 5.55737347060291 3.08406847204807 3.18431153909204 5.6021942630666 5.55204708863317 7.07327436590717 1.91670631930936 -1.16708687531894 2.13796104722587 4.64518496110266 2.78603184951695 -1.11394035116632 2.94111607034845 -1.39461829243546
4.04166720218125 3.57753965805665 5.17161399185467 -0.621921211022838 1.23631455821059 -1.07851515869445 -1.87000884866759 0.0124519761214774 12.9887908697388 2.48267949652535 1.05826374305615 1.85079764550208 2.72691797432534 0.150858629277993 3.84407801377826 0.771504985407707
-1.67813824185398 1.85219924823415 3.32255169304226 5.60150994525712 1.3946442709049 3.4284837354123 3.30811524244656 4.85182695496873 6.38081934098984 0.096873237363931 5.24272592098466 4.91168095330774 4.87592955342758 0.372486801255956 1.030997898372 -2.0822488511737
-0.43188827334987 -2.11900826384611 -0.995874660090512 -0.126150567621361 -3.76051750653559 -5.26715711522092 2.37123797855684 -5.70041406984703 1.4044148835372 -0.900819486655628 -5.09456021458456 -5.17960670814095 -5.04875816332109 -0.0767136396647747 -2.73123181589974 -2.61400372189383
-0.214221845195142 -1.96574585123048 -10.0030133629172 -2.50174662802079 -5.52826655141162 -4.03028137620452 -7.161924688481 -0.137943838248166 -3.8595815633892 -4.64888118410027 -7.99599630141059 1.0095128574369 -7.89696182166876 -2.11143661865335 -4.09850751071276 -2.05298553536043
-5.28521131471434 -3.75355282446437 -3.49958561446694 -4.80360651965582 -5.08430448573826 -1.18448489926786 -0.37084732386312 -1.52781703025123 -7.61414608199189 -2.25462264522747 -3.88197908440977 -1.08416444020031 -1.67817317084413 4.02928488282126 -3.65518328352298 -2.88725628336445
5.57756861112381 3.15886124599049 3.85439278430282 4.69648208909844 2.77010120696573 6.76790583493968 -0.103927874560627 3.31259053486573 8.38196053572601 2.31174775141825 -2.13789381419553 0.359410262340659 1.46542674059015 -0.431338026317676 -1.08359874610054 2.58973194737799
-2.64076109092166 -1.81609469734748 -7.28111062020303 0.239344360043734 -1.2544798135958 -0.63314713833762 -1.61627119097105 -5.95455003742338 -5.32767655236389 -0.879256023628869 -1.91092662352557 -0.129896888204406 -5.81190912599976 2.03527868308002 -1.84400428626868 -0.266353551214052
-0.521805133882812 3.91418838804462 3.86512218061866 6.16693219981241 6.63953382866756 1.6816022650266 1.98357850300771 -1.87340913498855 4.74097964135085 -0.875440162501707 2.74410122274019 1.0328472031484 8.49583914112139 0.717667879624947 1.7409934582021 0.965413286874773
3.73007679845213 4.64260400603859 6.00596675194596 1.93173762243013 2.95794111532908 5.10374181864895 0.252129590055399 2.91549505427512 7.6751588339147 1.22491741939301 2.26881061482592 3.69614653483367 5.31834008012699 -1.24845025035625 4.19636362720358 0.662848993947993
-4.58565628326059 -2.53998835692799 -4.75405087293958 -0.264085532823523 -5.16713805079137 -2.30125168999782 0.979843730777503 -5.72122565492169 -7.73199117280119 -2.05886040702776 -2.14934606158776 1.12183524433061 -5.97011685387814 -3.99891573478772 -6.97450477818089 -0.286032026505089
-0.721425000600348 3.6760072146157 5.2361852005567 3.97740553232459 5.03385871327786 3.47565099969372 4.76419499393465 -1.30552134187105 6.04135547508772 0.857005993777139 5.22707278748226 -3.05968754277453 6.77865570239894 -1.46039333714117 7.8380196294148 -0.180018270455478
6.0938928532822 4.90699913867372 5.01851249111609 4.72942378803261 4.9747485925483 1.78729515501281 1.02653229087823 6.02579810219818 4.16855259706365 -1.01877750664883 3.77908173154503 3.58436168140157 4.50674708994736 2.02359769084778 4.46760294013543 1.78049815576966
1.10778425878806 3.02040559097393 1.65174199456575 1.7543398114545 2.71871212997765 0.960445618095772 3.26780380641734 3.01976404353094 7.15548976498981 -1.64269718415195 -1.6049824494665 -0.451068475377423 6.03589869513708 0.513220493865318 3.94841598491423 -1.68489281656414
2.26036616204016 2.27600650381353 3.27105155431719 1.73579935276788 3.75308200900231 4.31656597788905 -0.420080115325271 9.16101847873006 6.24952616681741 -2.38127856801982 -0.419888512261865 2.7631911971065 9.89907213920367 0.470894430963947 4.75865091751398 0.297255650665077
7.22128518863968 4.20833633592987 2.59481102824293 3.20024462200614 5.28406428417275 4.26160475840273 -0.730608970482823 4.6365357670019 6.44174636882818 -2.15477845777424 3.55918842446776 1.45363091285014 6.05118270465647 0.203291152343273 4.00522801349258 1.41293383926826
-3.0886003649118 -4.13982093148333 -5.19958702393498 -8.33332765256332 -4.90266239287248 -3.20371453952025 -0.412685224940655 1.35248121589207 -3.15065017797164 0.916711373834884 -2.30074717032349 -3.1040925072688 -5.96082856973035 0.657587713956806 -3.87793750941387 -6.39705151782052
-2.99237713839313 -7.84055503065686 -3.58447980857391 -2.97013865977265 -3.84429705167471 -3.43259832552252 -1.86852037787414 -1.15155395571892 -6.13395777809823 -2.79252217621531 -7.45375327917184 -1.48546167942787 -3.09691361348651 -2.36735161656364 -3.18544938494756 1.26158631068153
-0.848953586944984 -4.98482140290914 -8.00044516566595 -3.30649183493205 -4.83038564866516 -2.91233959733738 -2.54653415529636 -1.11504935001486 -4.22433884453129 -1.72694909411068 2.64064066857506 3.24601298595648 -8.46366485479577 1.08626888534948 -4.22029015562742 3.86097075445804
0.968542863205881 5.1789704403023 4.35453463572314 4.48269050096348 5.36128036540623 0.69710710211517 5.00464074608881 4.45748423916171 4.76878348495714 1.51718052736285 1.98273124275214 1.28701087321448 1.90050863760797 -0.767190196778749 3.01674119822671 -0.185123553740369
0.38209923925202 2.85310984803487 4.2424153038884 0.834925154660165 4.41920012565696 2.27069303329033 7.30665608025146 2.64590485597936 -0.458872266231031 -0.907429148488038 3.13957044461008 0.0884709676760191 7.21192841952658 -1.00903295888727 4.17257983758584 -0.257501177257281
-2.20612595822389 -3.98527350839615 -2.89000763958791 -1.47419950853355 -2.89393202036205 -5.34469822918772 0.770007859509647 -8.62706149179592 -0.596867568768405 -2.14307146640219 0.131229345637264 -2.27419969697493 -4.51615791074536 -3.55486971279467 -4.08418096621523 -2.16779130022984
1.2241888853924 3.30604220349583 4.36003151578975 0.145285238774809 4.02083345750604 2.34504042676598 3.66488616744228 4.72868216444241 -1.11738030812214 1.54283565010029 5.39630736063316 0.389802098750849 4.35641321690142 0.202901468172753 4.04061124588129 -1.1417541256595
-1.23128394507685 -4.71238382778163 -3.66492325638135 -6.49394001129186 -1.96568440576224 -2.73755990687917 -6.43845610609214 -0.563929977280564 -2.62640890743229 -0.944797104860795 -3.57000162881595 1.07640393475687 -6.46372156715126 1.72645507093024 -3.26862228366765 2.11524572569984
-0.0551534359086427 -5.76433868507708 -2.90238022280722 -2.07100681407432 -6.16930846134598 -4.20998474373688 -2.60526794659977 -6.714308226432 -3.50683794799723 0.149480451662027 -3.01207903053261 2.05143657969092 -1.0406960193019 2.81009558578759 -3.45982746154579 -1.59803448881497
-0.135576151169276 3.62897990821966 4.75206446855286 2.73206657281933 3.13925199523848 2.57606425508919 6.00040349119055 2.6198587972563 6.74608911928926 -0.505628054303733 4.57219140958014 -4.82991860558435 3.45362246593664 -1.44187525633064 2.53456059520184 -1.16857467845159
-1.83571243070766 3.87802109019724 2.01250278330188 1.27344182781609 3.60710033228098 3.14730980476317 2.64478599794827 2.58531238671675 -3.98659686106769 -0.842339770427288 10.4461825489331 2.82025515131782 2.51085884738168 2.7077393361344 1.23504452198594 3.63399362983129
-0.936902438323432 2.97096340264486 4.36299131305031 6.63588222918349 6.50316504423594 2.36114996068659 2.88413775342238 5.9713813684537 7.07319016014528 -2.88510404062779 7.10429371177187 0.883124579899807 3.9405797529656 -0.746954777976557 2.20678138472004 -1.58905930999233
0.886330134838501 5.81287318990548 2.39502648567264 3.64710008748926 4.20612478626803 4.15509423781718 -1.86711051599075 7.11030187003916 4.76782232126241 -0.481711680756309 0.621470311578168 -2.72544781868411 2.68506716244683 1.97966600836144 0.113022351508287 2.65961752388754
-0.0467638911852089 -7.40780359791466 -4.07043703077733 -4.46406830923504 -3.08919851474403 -4.99733271230018 -4.86253375684861 -3.10026955405834 -0.273379342133742 -1.35335084018235 -3.52434240973221 -3.60654540276842 -4.39174377246992 2.43376400197671 -7.36401720297615 -3.3746873257531
1.3162415942278 3.40571232402339 6.22586545183116 2.2496930378561 5.03812835202845 0.976004258838588 2.14935225143795 9.05632345644048 8.46327005557923 0.171207293594525 2.26603472621902 -5.67709614539694 0.0445642018403545 2.54666416865209 6.15102800729817 -0.576978934119605
-3.01777421193872 -6.05460459098711 -3.86128308337991 -4.79687041347211 -4.42284039290463 -5.80374390042883 1.22126627352787 -7.61137987664635 -3.8235990675943 -1.40890994611395 -2.25522015437344 -1.53812127188539 -5.70960741944048 -2.81205376772704 -4.5723035306545 -3.58068833167708
-1.56061107861775 3.79193903038582 2.03519994341 2.01469216946967 3.65726402128696 3.5844363683011 1.87151735617888 5.31676576270845 1.85818492297279 0.236898677684111 3.47671055157527 2.71205904623282 3.86924028558705 1.80790363273383 3.45617992073196 0.399040245088362
-0.55359063875577 -3.88826612768452 -4.93113044828655 2.36046824459747 -3.38000620021786 -4.25421489224128 -4.99559225057726 1.19892386309272 -2.20545340276115 -2.41306580499371 -2.67201004374854 -1.26360796068531 -1.27838739593729 -3.17115168170836 -4.34896779673892 2.95622766233925
2.86395308614906 3.61956421678173 4.05303452615137 4.40396488902673 3.73493186860844 5.79287583023368 0.83241570679109 3.039741972103 6.13305125779942 1.23938010864541 3.0595882034964 -4.00680515162039 -5.07411617234503 1.88612994905739 1.56642385479197 0.914573515651493
-1.57609331136348 -7.41230385282653 -2.41681546200747 -4.277716521606 -2.40739994608607 -3.15189867876492 -3.18016308630864 -5.88411176207226 -5.27772274558649 0.0563991955819891 1.06004764406901 1.67527754435264 -8.97451791087019 0.180635521690299 -3.55242317927812 -3.71820246679994
-2.56647976293388 -5.54523362087006 -6.13220647657992 -4.49668950085945 -2.39727454597764 -6.10313026346375 -3.79815635163074 -4.81822327593091 -5.4761484193492 -0.0385987763973423 -3.14835465114267 -0.575048811132355 -6.03812168266482 -1.68090555235151 -3.38034774353577 -3.58368837786424
-2.35255199579151 -9.16715375783798 -2.3187898421867 1.27998355800487 -2.41315275125819 -2.22943603370607 -0.10193848470331 -4.98887199109514 -2.09589711707275 -1.48697598581886 -0.945958231463323 1.03659311660024 -4.44320361110324 -0.542230119675627 -8.59689383971909 -0.108765139734757
1.82844623643731 -0.343745203190978 -4.78181342043604 -6.36735642382583 -5.6799599947377 -2.41193075141175 -1.71616567407461 -7.970098071377 -2.64251156547269 -2.76709910685153 -3.10045198140543 -0.734779650349498 -4.30771361693436 0.248202756083571 -3.95761094303945 -2.80495246799253
-1.79162203777325 2.38132971541215 4.30313271142087 4.03089916454509 3.70007584454385 0.591634632396634 0.15059660854549 5.50571607711952 10.9049295481544 0.150823091384781 3.213207647357 1.73769612402711 6.20679909169116 0.0750172605364454 2.15943634624183 1.74605338320137
-2.03678639648469 5.00632474839137 2.46457039732919 2.38466890925256 3.77283612408113 1.79553571466683 2.81149704923665 1.65212110378913 3.43319208166951 2.7929915609142 1.89415994512813 -4.34219355000988 1.40464638482802 2.26308044323536 2.94047831409498 -0.810114003810246
3.63036122548877 4.01883281839285 3.85864729902871 1.72128625623722 2.98862828595528 3.91641220827516 1.52184405830226 1.89049865059897 7.07459063469316 -0.0950087693346564 1.44377497069965 3.89251750548094 7.01897277864633 0.0716455018904397 5.9676622448841 -1.67393510765963
-2.74147835410146 -4.49900705293532 -6.63297568027342 -1.30046750856767 -3.17772745833588 -6.78692820251713 -0.938997845340522 -0.412736759233973 -1.33211556162146 -0.858283257353969 -3.01939698362059 -4.41687667027177 -3.21281528172373 0.887393358610743 -3.91393098165877 -4.19440929741707
-4.09569137084998 3.54482511942816 2.84371759340829 1.46009416298802 5.01756987340619 3.37379561646173 -0.857083424330062 2.95904188469445 2.07864962370712 1.1185090353705 7.60814400418195 1.80329505902237 3.24880701074057 1.65721042947163 2.02434001758405 3.29045340494535
-0.958900295024498 4.82339621203507 3.3903879064995 4.226667605154 4.76572219295569 6.28927766013097 5.20118651865737 1.84620872068254 2.23867548969023 2.23740778691891 2.85580400611091 6.72787727588573 2.73172818634132 -0.682755152863976 0.0626980434342683 -0.265381451276009
-3.47265179427091 -9.9298775879303 -3.50546423777844 -2.00873730035424 -3.6041308621367 -4.07736713143506 0.459275376567329 -1.48899293092483 -5.03408214956687 -3.65362662190941 -1.47465667267045 -0.935019624222532 -3.3657834389403 0.0841043475328152 -3.18036019198811 -3.41724948531784
1.65951786024644 1.67625762175866 3.08058824832117 1.03459361127341 4.38868032911483 2.48868413177195 -3.94144827432212 3.57441876997956 2.7333269551095 2.09040787092295 2.45649740732282 -1.56184650325887 2.76847290630577 -0.577503405242266 1.73105146329136 3.53303890402727
-4.99890977869092 -5.7010359981129 -2.22762473504043 -2.9797702314381 -5.18377131828658 2.24619486501699 -2.09402379659704 -1.58549532162749 -3.10380393646794 1.32046098004655 -3.8180958524474 0.747827817174753 -4.50210689416378 -1.62253131553066 -6.46515559706945 0.40548282970005
-3.97931202276208 -3.94322548762908 -0.57554975479959 -6.25746358559971 -3.2760217599588 -5.03198065351109 1.51146599059531 -2.59737077201147 -6.45625710261747 -2.0139456507273 -2.10537656229576 -1.39514624699616 -4.10270000615938 -0.696933712129204 -3.39139673996853 -4.26760226286623
-4.66951427704497 -4.0933498993986 -6.79220050503544 -0.305927311316982 -5.84688625216866 1.08838548133408 -2.53313612508089 -4.45736194594287 -4.37293102252061 -0.743453900259261 3.84240149683331 -1.81455213349438 -2.09364992633551 -0.119487988403317 -3.6447469430926 -0.106685417268832
-3.47612983166213 -3.76048566325295 -5.49183573816171 -4.13348301812026 -3.94800119432249 -3.36709247281236 -4.1285632187455 -7.36449183895405 -2.49406476593074 -2.13925659098061 -2.06343859666322 -4.48635307721977 -3.56031040813208 -1.98347279614717 -3.84731662306585 -0.803477478291892
4.64162067867276 5.08309301770079 4.54079691477944 2.5024995556369 4.25843972219279 3.69490078742367 0.0749377974460255 4.40478503299668 8.3675955846239 1.4421440029687 4.27612446005734 4.28075943524081 4.0493561282818 0.0955660184530996 0.708238259030675 1.48953249972998
-5.69648488354553 -2.51943441081723 -3.2545671194221 -1.51216688300525 2.8704244231107 -1.89375115155113 0.730118873342335 -4.59338958236343 -3.17712361770056 -5.1117350814924 -4.0491698985124 -4.88810704661531 -3.26150267669471 2.40174773030907 -5.98841688095117 -0.0353889828551458
-2.86290903934167 -5.69391404579113 -7.29264829379866 -3.22008161383965 -5.20863557189732 -6.13750960443467 1.87942031305111 -5.94447530696441 -4.7065205830386 -0.772808499843995 0.0319271288476235 -0.276329827608096 -2.33627625667231 0.212128945999998 -3.72281270309608 1.90333469201976
2.41811562701508 4.80478791879225 6.11833499900775 2.18744872227108 4.01567122689553 2.11602983769481 3.4670945541476 8.31322737653594 -2.87266778377803 -1.47350987307522 -0.506615239664232 7.05013352153501 9.56748303206431 2.70376683548334 3.1808496058021 -0.285861954179934
-1.79012687981129 -5.32477198955478 -4.09558174125572 -2.64391989682196 -7.36452958878655 -0.757956283361141 -2.54069325033716 -3.75036470643632 -0.110807183370074 -3.00187408615054 1.00889619623826 -0.558134042624214 -4.43978164229153 -0.400434156999115 -2.87246702570082 -0.853322540341308
-3.20600863502118 -4.41838375574125 -6.13694128942134 -4.3208057478723 -2.37519034560122 -5.29984699544596 0.804033788396533 -1.45820927706628 -8.7631769373297 -3.70066577005637 2.03318301531813 -1.71039520533573 -4.0463327509242 2.94553907667495 -3.33695334768011 -2.2187018587311
2.37301789416073 3.92501345045043 5.23018074543661 -1.31167198190364 3.27384986972254 3.71633333623662 1.39250523582051 3.49611243975388 1.93060309541276 3.13112676609442 -1.91636042857645 6.88443320254198 1.18782627826174 2.1681943023603 4.70104720266012 2.21557490152617
-0.922249429044809 -5.56976092393944 -2.93608103043543 -2.46493702650157 -6.97991453994727 -6.20310140613687 -3.28191362946508 -2.62391589688784 -2.9065383396479 0.566577643263598 -1.37100835618261 1.78703966444937 -7.6423086386459 3.70753446464309 -3.58490512484157 -2.38686655863515
-5.56440163576494 5.20644100451773 4.13784848813628 -0.568931074942745 2.91681201157254 3.76200210560135 -1.24233756156083 -0.621502744265504 -0.71110199714136 3.62686237569508 5.56901904320658 4.29813282128808 5.03114054137675 0.374210641004522 0.107930324475573 5.60335722216868
-2.00218592434886 -3.22628948364342 -2.40791705334593 -2.23371037121506 -3.77603189558564 -5.31420851549033 -2.37721698245053 -0.845241629283103 -9.65682319908976 -0.567840360264761 1.00642626406688 -0.682811707065984 -3.610242653779 -0.104844528814227 2.23836114091449 -0.110279640659084
1.94314706264473 -4.87005286231866 1.09973323787679 -4.20537393097362 -5.63963240045819 -4.1347328170673 -1.79265648539854 -4.13405068522056 -2.79037022822249 -4.08553725013391 -5.66925308293174 -1.18779860723041 -4.53280647387887 -0.082902233433813 0.28661515780509 3.38328366356607
5.17590986132858 3.69656784458537 4.93007362455747 -0.722623747666051 2.12835190025739 2.58411711750782 2.99011203546083 3.13581147470451 -0.131051989933228 2.63263550968293 -2.12058978000851 3.21631853919853 8.79403011752549 0.232338503833056 3.89638935278035 1.1931888495382
-2.62618288185775 6.01261503357883 5.44962272956685 3.09660397326034 5.82277502631328 5.12360991427065 0.0186677548833603 4.48584727678031 -0.685102964135211 2.60692755717837 2.36043157116723 1.80990991549518 3.49381682825307 2.29480315970359 2.00370705743838 2.01437994685488
4.51206746575216 3.47910093018492 6.01616923280778 3.03265893446733 3.88099418412823 1.40543506651633 -0.615951427057544 5.55864240582435 1.58571974401045 1.32293859360962 -1.44886575681522 0.073727326131664 4.7346488670366 -0.108531433292943 0.0428817214148971 1.72860981192644
2.55413464918828 3.85476971578198 4.04598088982503 1.51722607697929 3.24938271913017 4.82603713025696 2.99004728703378 3.03107187675988 3.9905694433645 1.39266856185332 -1.61982669543325 7.86252460395444 8.97716898902559 -0.123863674764371 4.35323794452268 0.209793237257887
-2.64319214658978 -1.10605168179321 -2.95748395898543 -3.57806550386246 -2.11431408562117 -3.58448703141729 2.43942381408935 -3.76823120121181 -5.64680521279949 -4.65945002654037 -2.71436149763056 -0.0128752563092684 5.86346604245454 -1.34604048475943 -4.7239652085773 -3.25555036450329
3.53220697968237 4.45347018217704 3.54014579169466 5.21289291115666 2.27310654723821 3.46648260432899 -3.661099078991 2.79276660532857 4.64234028690715 5.92393072635141 5.89977860978926 2.59110368421646 2.23029859348948 1.04055541271787 2.81287245574939 1.21044222576359
4.98072539096772 3.86664947146306 2.39288137032608 2.30951195996921 6.02263771075772 3.65175429999797 3.2891693739126 1.54531621343881 6.54664040285263 1.68597125627131 5.81698185570639 0.299557458200527 8.01740773821838 -0.322549072207872 8.0432007130255 -0.810048203337357
-2.19561551870556 -3.28407582313215 -4.62826561719145 -3.01181984662245 -1.25027753041575 -4.27118769513578 -4.32725013560236 -9.35948444847925 -1.12520803975768 -2.30777085005154 -1.79163518859548 -0.581278345378424 -3.21069550025942 -4.43285020552549 -5.13231685033441 4.07449050656424
6.04542517139271 2.68719271252135 4.42856332715253 3.00751552383735 2.90832426210284 2.52846142939872 -0.657918128489997 -1.00372548066618 5.47762460219467 3.56296388164497 3.74387391906785 6.02255397618425 6.71989234355783 0.263209828652821 2.57459343325904 -0.964435370179197
0.199949790447929 -3.10704297679072 -4.69062283163122 -1.8341113828058 -6.10388556441348 -5.37162926612941 -0.889142631216749 -4.20050770153871 -2.81787142221258 -1.52514502796707 -3.92917991350943 0.302396306274048 -6.83845866286668 1.33269503377626 2.5137995749561 -1.44226110908727
-0.498569607222813 3.51172197592826 3.80200035346107 0.439769810228243 6.5364898791111 4.36897055955789 3.54149688259215 2.3792514400698 9.56778120608259 2.3423483860982 -0.501843848708446 -1.95154189500755 1.0821169684483 3.57774640262768 -0.654554461885196 -0.956405221903147
0.583318752773032 -7.56908057213858 -3.48551296746546 -1.34063406147254 -6.12918650810749 -3.7064960849759 1.08510614105924 -3.93536953370288 1.8585131801612 -2.31468060436905 -2.30401720543878 -1.1333135527892 -3.824126127516 2.34838721085274 -4.89752087486343 2.52270714508891
0.317190183518001 3.59401490827389 5.6487342123098 1.92297170571662 3.64929491973596 3.51807121008661 -2.91928669921814 9.06673331321106 1.88534803343029 3.59239148854768 4.33921365296879 -0.346881507647011 2.06479801125129 -1.35373567346671 0.627248449012975 2.53416689512205
-2.47086334170962 -4.84228840248339 -6.7485645680861 -1.37845219991378 -2.89979325186082 -3.32712720792004 -2.29777330429037 -7.83584382988237 -0.485640601522887 -3.48523084446085 -1.63245847086958 -0.658054259164914 -4.33003168554661 3.88483564137365 -7.70937209023456 -3.15000617400826
4.3256922663855 3.41990784433155 2.36856094520063 1.47044524836747 2.60681361638267 7.95113556529591 6.80546295249447 5.77313095830103 1.6245771734453 -1.06237387572935 5.73974407527103 3.37503158522413 2.65886733464895 2.96718234518342 3.96159817956441 -3.35893243013495
2.66968201644469 4.30688955485677 0.719194220321 3.48320445193863 3.83459757306333 5.09074174213313 -3.22335494938508 3.31845031227561 5.06944706515237 3.68717306462348 0.708422901634608 3.00419465533655 8.71542201858218 -0.762931699709791 -1.02205397627734 0.188119282934867
3.71709590110303 5.34795119537403 2.95299604017115 5.71261065739189 4.36752511569454 2.80867639294607 -2.81535597565883 2.34175160367603 6.62081528468042 1.85427152531479 2.85526139409792 -3.28424696078625 5.66356240808639 -1.57179758152213 2.10686913230815 -0.0484548078284094
-3.27161368712495 3.6271961166708 6.67643022660321 3.18123328518995 5.64784659269007 3.2403836945099 2.86145253162835 1.62239602393288 2.32190025114202 1.79794475447357 2.86488926607113 1.291630189405 2.47410292860585 -0.845994392021864 2.92817566900984 2.58292523872
-0.665277103462169 -8.5396213923864 -2.23653131297591 0.478588966776134 -3.89063354933043 -3.80151443108887 1.35303342310802 -2.93309780189285 -4.97867349480006 -3.5839498855308 -3.93022078766155 -3.15313004000872 -1.32170084428219 -2.91723035923083 -1.10788087740975 -4.61853755376409
0.956897706825341 3.33930992292435 4.76539004471418 -0.319764063044411 4.12720912116606 6.26453807920772 1.89988782522034 3.60765891584287 2.66095031772424 1.18524776648331 4.02413151635876 2.08484454753241 1.49798156529702 -1.71746009679968 4.25123590578563 1.42344391598146
6.4507828011113 4.05202678962931 4.59363574504833 4.38547759292489 3.55860573696926 5.17332534254806 -1.05713626592318 -1.62266373096765 4.7749785926662 2.97990171723902 2.78744832269357 1.92652477581452 2.39235778495956 -1.23764404973368 5.95846413200002 3.67755623941238
1.67486326756818 -3.15095598654871 -4.83203878794075 -7.35877420822857 -5.02200151084349 -4.71900808004976 -6.00282993979354 -1.97685637937922 -3.41323281271706 -1.86351947815716 -2.47577201141441 -3.4546463511834 -2.3625970557713 0.87809856225225 -2.00783317138566 2.61875102538544
-0.0216267997023214 2.47938292128528 2.80446530178879 2.58740977264706 5.6628552845828 4.4224416368991 4.85171930548611 -2.50060814826311 7.83596905330816 0.739431893650622 -4.24568431025459 0.478973410071137 7.94599886329522 0.571432680274149 0.458608877293784 -0.47480864914315
-2.3992861895343 0.932218324010406 -6.6164674235788 -3.69634377887378 -2.92660410817755 -4.75714973375897 -1.44540681737406 -5.27824093563579 -2.93123477924188 -0.768203490259708 -3.07657591825284 -1.75952736868045 -2.74520085810704 0.277542900184727 0.528122771680336 -2.31019416909061
-5.25914342201016 -2.51246489579457 -3.68445695159984 -2.89662828885976 -4.73890203963319 -4.35713187294543 -1.20899828759575 -6.42719017127191 -0.962113040648577 -2.51708645027784 0.721183837134254 -0.391681223128672 -3.66886709668153 -1.00255521450571 -3.50104536542184 2.93465552349454
-2.1819603179535 2.4050197998242 5.3805404923189 3.43151333926229 1.96306986908289 5.25276834602585 0.619547200720443 -2.06049694380687 11.6004720407192 -1.16930048445719 2.82106736719851 5.25831057727298 2.94193711355272 1.25198692137424 2.38646228237194 -0.94605452767527
-0.173679100553484 3.06977594927432 3.41885830319517 2.34028127262726 2.76394708669147 10.0304118053522 8.28494083926022 3.0254756198677 3.9414391859419 0.39077261471686 3.13583702252213 2.08220746156402 2.92446485686496 -1.67011754953212 0.239369244818471 -0.888002336251522
3.18081075405706 3.54985275979439 5.4453996914891 2.20770728359218 4.45585237486814 4.21181710718175 -2.15742567004404 6.73583196257165 4.74024013161826 -1.12245546285907 -2.21167263585453 4.78539278333267 0.103345491415369 0.839928816341225 3.66140943063371 -0.323690313140041
2.31875228109428 3.8880630367768 4.89832737563858 2.97823216016092 5.72859186636439 0.497741651931853 2.01815313642529 5.43851421465796 -5.62616093583647 1.3709556068665 5.74479332849109 -1.02047200826493 3.82513880421976 -1.2064909093735 3.65717566736527 2.44863051318978
1.37495166032666 -3.5072520085611 -5.58754190196627 -6.57496929456253 -6.46433853199005 -4.86364310350105 1.23145138227667 -1.98949536294929 -8.11699339819077 -1.27450120342991 -0.869351026561423 -3.43963904049934 -5.18987467064591 -3.19491827407714 -3.22470091095166 -2.07191146356698
-5.24081882420445 3.06115456687617 3.44135011805812 2.69556553362868 0.742100945038335 2.49358174346164 1.0658095385755 5.44270697288439 2.10303014844302 2.35628132300053 -0.0309820180782594 0.931426310422309 4.87776214675759 1.40369980082776 9.1619370557689 2.00896987519929
-3.22241402234188 -0.558045535297868 -3.72427874042848 4.4290154908572 -4.04700132344227 -6.31934948983156 -5.19299777822043 -0.0738003042501827 -3.90970829739653 -1.89660448991228 -2.81627162773093 -5.95033116355938 -1.09419501305235 -0.0435079818596525 -3.92443349321518 -2.18368408764758
-3.19923842100539 4.21010998124792 3.05245728165664 -0.92575071942396 4.23369045572618 4.07515743015757 1.73910100435571 4.56255103207572 2.5893317013817 -0.340583343488576 -3.65573470089977 5.35944781630907 1.14206638116673 -0.417596524511687 4.41639107719631 1.45555220513141
2.69435906496555 -6.05092673126921 -4.7588063290958 -5.34820105337925 -2.41888850784222 -3.80567892464606 -2.71066697225205 -1.71032348676303 2.10040271160525 -0.107270179852267 -1.11317340572055 -3.83074260356353 -1.68505310846193 -0.936034086390673 -4.9414984891679 0.569143062591359
-3.12778625136703 -2.00407962306836 -6.33712522753215 -4.39295845596317 -8.30646962282862 -5.94640178469071 4.33631147112 0.492842625391967 -4.96455854865256 -4.319165899456 -4.39459823131003 -2.57351557871519 1.66481597837211 1.0335113270918 -2.42664186628125 -1.65523617314855
2.15879738765584 3.25398783043965 4.2307477473668 3.78050808587865 5.50918616481813 -0.0752404905203252 2.86565112934846 7.17474146500861 6.61971511172399 -0.69840924989826 0.284253091530081 3.36163027910707 -0.640175914448131 -1.52373616724936 5.19114415270808 1.82862365255289
-0.56514503433026 2.37771104864439 2.58718696233229 -1.05817260307339 1.14782836208426 3.57514942433018 2.07953191126553 6.78568471062083 0.120840650732237 3.76171461179377 2.65273258667293 0.721851753840967 0.252038440417492 1.54756865673746 1.56349363945183 2.8291967446989
-1.7321822353244 -2.94294280077201 -5.47443662020431 0.410084850864076 -4.92526828661054 -2.99589221855599 -2.03350365989039 -3.75952743640467 -2.77832068436361 -0.536196809688614 -2.01202747250195 -1.04862108953104 -8.94689644857385 0.732565689446825 -5.53893634863788 -3.22884637025002
0.14211878497441 7.28612123409772 4.87523707583477 0.886319564408366 5.6697779875638 1.69434718427102 6.31612331557767 3.9060349262965 2.85775388225129 2.24081271627643 3.59894961129588 3.74085891482435 1.32145257707026 0.00556005347399374 0.0627423076943687 0.847033332870417
4.18442389149753 3.27093220938618 5.82849145084369 0.251349015290159 5.6387602804668 1.8615336816783 7.14833313897666 1.31056695807617 1.56516102988539 0.849880726939152 -3.37480720384856 -0.804835097458932 6.76456575330761 1.29382009237782 4.22106656088397 -1.1375683679598
1.13996990199951 4.56905692469948 3.78274199398425 3.44956973536656 4.84703561044324 4.03558388831571 1.40309772019614 0.533418456854633 -0.265354080241296 2.02967069019403 7.45960919340806 2.1677289639457 3.19040152822726 1.16167322181309 -0.513387241760919 1.35681313901222
2.50117114957285 4.72814948564211 6.67302470265006 2.21606361706771 2.45366138363885 1.85067447166473 6.19740715967149 4.00119550413764 2.15326682588379 1.68162253643441 0.83785179838603 0.0968388412596497 1.68547911198069 -2.21304145527588 3.24156152877071 0.99226160584679
3.45165665224572 -3.99068717778972 -1.55922953965111 0.415104815762113 -2.46092172879263 -1.95777857950313 0.0211930910719673 -8.67892128806867 -8.95906042787815 -0.274938249786334 0.690136986754553 -3.57597082048778 -2.24580521810571 -1.33501650890271 -2.98104996977057 0.868466207114913
1.58447808950633 2.85966295805481 7.53664850687267 1.93210406226086 4.8925532716903 2.28259882806015 5.13395904937425 9.00963669872251 2.08504667533088 -0.397002316140408 1.15205561016978 2.39552831728679 0.0262338007423968 -0.140216198815773 5.51794536822068 -0.628538592095771
1.83187007175855 4.12241814519569 6.42161623553294 0.790825722004336 4.79691451314979 6.35902656460335 6.61742982466977 3.18417204255086 1.3455911398073 0.0233924353890071 3.18618553556766 7.65701790249572 5.17397532406686 0.264618717309235 4.48145178527352 -1.22551068691563
-2.58336825340571 -1.38532835589889 -1.74084474636282 -3.89417815008628 -3.80586344764741 -1.27356788098542 -2.64353558801713 -1.45254248874246 0.00519313301242219 -1.35803644627026 -7.07927836001241 -2.73338385755733 -2.67963834697724 -0.834128424569472 -1.67878142517198 -0.00997660341333007
5.251396064371 3.45712410472379 5.4394827824659 3.56378440049041 2.60750492238399 -1.32849439462761 -0.675119195805401 4.48940887465771 7.74621716111885 2.27575378597654 3.88936867468113 0.0324651683019237 0.932644274991066 1.77755728897601 1.72453693937063 1.97407250900456
-0.246219736042302 -3.7541184025257 -5.19695792388641 -3.89768430542252 -3.96477038332089 -4.4368930657358 -2.47698634815573 -0.0742574240949665 0.794923661164695 -0.370782465811745 -0.226334385151714 -1.36958508030604 -5.01883261529128 -0.870541117039674 -6.38676399924746 -0.0343701303647979
3.66003398517701 2.72313285784148 6.65335997709121 1.42908448074106 5.2513463722989 4.60531764155564 7.4641742995604 2.66363197157166 4.02268646173942 -0.542602228026547 -5.72545932981807 2.10927641598029 5.33323870790453 -1.19975644442359 4.10562154465399 -1.36949050263922
0.443958835406253 1.74422229674541 -3.60018491146928 -1.3204502229361 -5.02702760269592 -5.10801769330748 -0.306633010451473 -5.14337249542499 -7.95770327382792 0.103050064197179 -4.01716247468995 -2.44565877704641 -9.82488703874289 -3.17126276801806 -1.47263758836619 -1.54226404936191
-1.26620833266862 -4.65276326637352 -6.41867927601054 -2.84568897119246 1.12636938676276 -6.52225991672562 -1.35084111726746 -3.52242157140372 -0.998042240105065 1.22183878614395 -2.47624330454596 -4.87023733896323 -9.64497902340517 -1.83273342685903 -2.16557672671546 -4.46346655979
-5.74071136343448 -0.182117767245714 -1.62120666657063 -2.00097783834934 -0.157824019464058 1.17194827893865 0.929187829012631 -2.35737999227901 -7.1621787768167 -5.87007809384145 -1.52939996828155 -5.77610630333505 -6.456127336436 -0.31023026046097 -0.976932613508606 -1.58693499934856
-1.64451880464955 2.21573820569496 2.40049410772042 -1.58859368388696 4.77467357997158 3.42211400419064 4.21671956361375 4.25789696274884 -0.0391466132208524 0.50730466813657 -0.377938984994674 -1.39001203952743 10.3342610385549 0.286239413015753 1.2371178753003 -0.456342746569722
-2.01283974988743 2.73666272200736 3.87437771528974 3.5575307341746 5.24511789464018 4.26604354517663 0.756125320969213 8.84177542041686 3.77781121605994 -0.0807988315941903 7.73399231110505 -1.22918823314561 7.1035341916654 0.635333803901173 3.61283306314419 -0.0111589889794803
-4.19524247338548 -0.371686637230719 -7.16525475866338 0.143153533618388 -2.35723041994113 -5.82171550015631 -0.0390343762251231 -3.04328924621824 -9.30465351728156 0.865257832324884 -0.951503491721136 -3.23669612603982 0.231418014940227 0.0979910663621259 -2.34480304249687 2.53611560325075
-2.22455204279852 -2.01968695666911 -7.98612843434284 -2.42524088797685 -2.61907898079787 0.859160024564975 -4.33220978639235 -5.05277612049297 -3.41589750825829 -3.58566939332697 -3.36686381700738 -1.70757097702325 -3.96030456281607 -2.47649845654188 -3.74435191833728 -0.571916225335491
-2.16218922439092 -1.42987102444235 -2.14089513154711 0.689894171721107 -7.47024975040197 -1.06151735171551 -2.2793493216979 -1.41321911799514 -11.5699692896542 0.205335955584336 0.413900219201931 -2.76982537634182 -4.51891334209617 1.60637833858079 -1.46053453269692 -2.15482078112382
-0.592016754510091 4.53420002538964 4.69667125914107 1.62293654497353 3.63159983182527 5.55402284760466 3.18681540213441 2.70323514266328 4.05997918166857 0.326427808122559 1.25128042418087 2.30093422849642 7.45710883114339 2.09754175639912 4.55528947492166 -0.478522974054227
-6.61347916499933 -1.30129365161036 -6.18378255137945 -1.84886245519524 -2.19196980880985 -4.15243319137857 1.44103724025738 -0.9215837884055 -6.33971067024282 -0.34604486259235 -3.80689760020721 -1.84997951540451 -2.36659570782476 0.507437093248863 -2.4008384072162 -0.29682100687343
-2.97700792789221 -4.39299238925642 0.663654228146007 -6.61997534301682 -3.74265904267007 -5.64075778298369 -2.49561476096083 -2.99242938115776 -5.89779669982718 1.43773613839665 0.294503167829473 0.172148085714731 -3.40232255027689 0.228531627401671 -0.876505463203739 4.12536139734908
1.54306065882219 2.31731511937019 4.44850288259229 1.91481064738749 4.60375575704494 5.04103725750301 3.13294717272436 5.63479659895529 6.40650741715442 1.95234891435536 6.63488120692228 -2.58166122390786 2.75183098215032 1.23951398142048 4.20845755026632 0.389491280430457
-5.68851255728053 -5.60760041956008 -7.51253953484987 -1.93796674143824 -5.15799741991837 -7.65778216904174 -0.872650246654556 -0.675666593723316 0.0831373287810302 -0.646612118576544 -3.0669258142087 -2.14627384781026 -3.21263827569547 0.279299460642594 -4.34972332091104 1.6639824140587
1.79616765762074 4.60375945391095 3.88529902006795 2.79401340547243 4.31324933681537 1.75402941673318 -1.16750426662952 7.02458806446856 5.2793074920555 2.13447390652206 1.48558756832676 -2.67164387316146 3.20799813694286 0.440916120090133 6.137885027408 -0.0866680444457664
2.08697913236167 -6.50462465931813 -4.22771944777864 -0.0930660815559814 -6.39822302370549 -2.24929334188629 2.7555837317336 -7.33733520929423 -0.000973442234506461 -5.49414678822115 -0.470286330936684 -0.486166572276413 -4.11623446760877 1.64434917218155 -3.75009487587359 3.03141229845962
-0.790680536828855 2.31094063364984 5.70036405527977 5.50041991513889 4.23579575821784 3.46077927942726 4.90275996179457 5.30020182453968 0.00201047572325797 -0.651370308052079 -0.143637819461161 6.9261466962858 4.2692811430333 -0.721207403639676 2.19488270444892 -1.34346054662029
2.05072964749428 5.67775298058203 3.91983442002256 0.828177518611593 2.98649432951297 3.78195951004765 2.95190771876143 6.07451343591784 3.61891549161363 2.53374399198062 3.21844885295754 -0.405051457104846 -0.417785621671743 -0.991375921721229 0.543521202867673 -0.0347683059430313
3.51395347749261 5.3597648490016 4.6652151165462 7.25953591720483 2.66527483359539 2.52593176733365 4.61395279499231 0.96616510036654 7.60738294667898 1.13307206647597 -2.75394822760911 3.24315378842372 -0.962039357941364 -1.70621405213041 5.00449629714713 -0.575080133705329
2.17950984521435 3.93457695954331 2.23812846535262 1.82531442543746 6.33442796289895 2.72132950361292 2.20246693644236 10.3976498474265 2.30322331995096 1.31949784393248 3.51891726031275 4.55177152521645 -0.424825581186739 -0.687641706738744 3.78623618451925 4.06034809847316
-6.52039843890384 -5.0004980350331 -4.53201600481789 -3.15455203200009 -1.58038362422545 -5.91209665221243 -1.10005811188122 -6.30707155736765 2.39424057731461 -0.533718945645398 -2.52042046570795 -1.08873985427221 -7.77834299837319 -1.82401901234945 -6.74907219777029 -0.536306109017392
2.04971605209664 5.61852975270823 3.74856712643359 2.53252148133229 1.68595248267581 4.50773112615194 -1.22315681410759 2.17462391503405 3.05097214063838 0.843705711082967 -0.56458524420634 6.1277290710906 7.67666522672283 2.18031772719943 6.37829489891055 0.304261259111464
-2.14892084806078 -6.33313356968241 -3.13282298859115 -4.94313919866698 -5.45120822061309 -1.18765396134642 -2.42169986974069 -3.50166872511538 -9.87300163402315 -2.8040160023612 -2.47321599924891 -3.70136353558544 -5.84787941478215 -5.73610242801528 -3.24053571084766 -3.87848790880855
0.616824405315897 -3.90805711420199 -1.51407945609634 -1.39169292436001 -2.77720369751848 -1.62930571058786 -0.26296331260841 -6.6374119826755 -5.55659677082436 0.911296438034815 -0.744608707943397 0.0519477913125643 -6.18892645724218 -2.85749205571782 -4.05700874284453 1.72948677084129
-1.47015450855489 5.26822190445632 1.84358880831136 3.01853217603866 3.13650205516254 4.19851726704403 0.1234544914961 0.516378734168465 8.10540942629656 1.0317266051883 -3.04857133687711 4.22664124255438 2.20952168338053 -0.195191492817037 2.12531119292008 2.62265129344143
1.74420468854103 4.57314017975706 5.6316296891451 2.19020954321181 5.7460846443322 2.38424914834815 -0.180849179111861 4.05765783543659 9.88865385448689 0.533831269243826 5.23025021306233 5.29925208819692 5.2065010849055 0.850915069991093 2.80329087773819 -0.516037651216991
-3.90754828793404 -1.76731568589941 -3.84006635556389 -2.89821580935517 -3.96988862846541 -8.89705771335762 3.48912707464257 -1.85282195316367 -6.68990712001494 -0.238444592962459 -1.40986863070676 -2.40228606263596 -6.07048051542423 1.62347726844149 -2.4695701584191 -5.23047219963242
0.506937114432105 -2.94156593361963 -2.16234692411668 -1.2997849379705 -3.6577107276235 -4.26292869748401 -1.93600508828946 -8.05112577126879 -1.58152552805082 0.159820448655312 -1.8472123461847 -2.6186867245188 -3.4566365676039 -4.57271879366087 -0.909021828911465 -3.2251556558451
1.17171055697919 4.04947394123591 2.19558330644417 5.1909524984755 4.43537651168414 8.14074413347994 -1.54371423070087 2.13977553398942 6.0686627374864 1.72704218279953 -0.581659232879384 6.76513640647159 -2.9423850273222 0.544511736235545 3.1365651075029 2.64438500115288
-2.25622182320888 -3.95757921061487 -3.77432728295564 -1.98063675018644 -6.2283549926439 -7.28320476988836 0.805598834631623 -2.28785861550905 -1.01769133681058 -0.0882447243003175 -1.98229255841218 -2.66722423733194 -7.7202627875074 -0.823462744424237 -4.23436141808041 1.85736358936425
3.12471802864665 3.77698265800784 5.95499684647373 2.90473457054242 7.39259193257864 4.76750062307368 5.66545181699047 2.23676721899659 7.41678205350163 0.788775845316702 2.25923358659634 2.95910118161889 0.877911400313956 0.188628310029266 6.93105588884241 -2.113571432276
-3.04405982855323 -1.77844339433118 -2.46351390078629 2.59453879747875 -3.09907922421912 -2.69851158235093 -1.09946982901996 -4.59215393419754 -1.827451114058 -5.61848591752031 -6.34846356595304 -0.725692038593281 -5.16256356201268 0.0954319921378801 -4.16451515648222 4.14698616789117
-0.20216925394523 -9.83325405384656 -2.75514317327458 -1.23636642792783 -3.63910381839666 -2.71580570617129 -3.82658824874107 -2.77101635291093 -3.68123166947307 1.8132034641763 -2.08644601406652 1.48174662908864 -0.267979863675031 -1.75275028643693 -4.50949034222411 -3.64769104270129
1.06840277928429 4.28611285423631 3.08060073010237 4.70520137201837 5.43832678852598 0.180789273193614 2.56999093908882 7.85158240635111 6.32112971013991 -1.14622761329851 1.04783211837749 1.94123344603732 6.79325737833659 2.05189970039447 9.43450484523711 -1.45221933990744
-4.21087518868807 -5.51369492482295 -4.65155251124407 -3.20811633422913 -2.78914151637338 -3.98153665493033 -2.32148578548123 -1.9804189318849 -7.85540080908223 -2.82320349176885 -4.31662284281098 -0.192966709496494 -2.58998083840687 1.73813288155717 -3.70802485428322 2.05818195864553
-1.18356757044877 4.37917681125916 4.07465668938339 2.65583277003502 2.18413274070332 7.40936999584051 -0.737457274518666 -1.29880560762916 2.79839398043721 2.41328589833725 3.90574596569988 4.47156919957676 4.71490200263446 2.18590793881587 3.82637492441096 1.98102805802657
-3.55123655048436 -8.49184734078442 -2.53596584177607 -4.10405490095825 -4.04908525828237 -3.27150059058747 -0.536856325757777 0.124902058824723 -5.0549235377035 0.184383642842782 -5.90378063454997 -1.37904708910459 -5.84046664899965 -1.03377395109168 1.46657347843618 -1.83201109917717
-1.73716058298266 -2.89510028518586 -4.73978330242174 0.458011967973171 -3.95178735423661 -5.58800178295704 -1.19924420381505 -4.63083964979481 -0.163763308117055 0.879476521010071 -4.13484082746489 -1.17116100869685 -1.64099750639397 -4.82970941909697 -1.2204057831022 0.455987288881054
-0.00271590002950717 -6.65644566176964 -3.53691193739418 -6.38811127846397 -5.72980753245262 -5.48002940082238 -4.47973912182176 -9.48063444389781 -2.98381989557202 2.08190989623008 -3.58359625934896 3.003455602987 -5.8046509026152 0.769209395199584 -1.41222563581948 -3.73416718075174
4.86100218389062 4.29168268282515 3.60793048808864 -0.508492698933601 3.4476693259623 5.42455082052047 1.16064859959562 7.74175321308201 3.79784218266416 -0.41714078923711 7.40141995003836 -0.205253142821103 5.35306619692477 1.20616745541593 5.68963390975215 -1.82981417446761
-1.08417611859276 2.06884861176694 3.95522426252544 1.90345979748286 1.12643930654309 6.3712352373742 2.30223551093818 4.69197246322827 6.38186798641237 2.74252654667041 1.97562705122072 -4.77594393794354 4.03874397949318 1.90161068993039 1.5647601417911 2.20054040748808
-0.944640799009329 -4.41160217160289 -3.37361633380781 -2.45987536779886 -4.66962741039548 -1.64447449362161 0.948312618046857 -5.54361450074726 -4.61726218026234 -2.42221524985196 -4.72231585042236 -1.16122120104789 -1.57596983448303 -0.57881231271528 -7.54903508534055 -3.55136834500284
-6.05841800673068 -0.0101087881894477 -4.95191033728441 0.975861718565708 -3.64780235947373 -0.0899906808481852 -1.6667476167469 -4.71634092680773 0.773114780941819 -1.7764810073852 -0.818771520566971 -2.81028392562053 -4.1046535084858 -3.08997400889889 -5.0182950500205 -0.863832860527607
-2.68656326781164 -3.5583896401382 -6.9271766239822 2.73980671176338 -7.55506075652998 -2.49029333224331 1.10464400914943 -0.221048670372158 -3.18771147504 -1.88455376769636 4.94807795395007 -1.19247960412837 -4.05618203446282 -4.64454955539988 -2.65787047276932 0.82492634759534
2.07023112194119 5.60469847916251 5.1041688872012 -0.167281539938874 4.48372791605395 5.17252135211447 -1.29791454274662 1.26321764617425 3.31881810146258 2.92800739779217 0.264854349922174 6.79557482299619 4.93121632167305 1.0580037051788 2.37867807564197 -0.606461620213759
0.740388808806382 4.8571679768554 4.29903861811058 1.26220624451629 4.88052250182645 1.36377941679355 1.5822088358346 8.66986383552145 2.26070189639141 1.45273208395316 4.86797906107851 5.10072571284317 6.34140560060148 -0.448958788757371 4.89795382536835 1.87087568446544
0.370672195107354 3.87005402414017 4.58228081865997 2.79266677581874 0.992254294651988 4.74904310116296 -0.929818557477818 7.69623389666658 1.14342511508273 -0.54345292107212 0.0116967941523654 0.219073968318476 4.50575370392206 0.127990538314599 3.81569577964208 0.486238276205227
-0.0483535440148541 3.89296038289015 3.01947358514858 3.56469461754292 6.95030244052313 3.79098082991598 5.54783068826057 4.26243936356563 8.25043422842123 2.02484944446463 7.65746587543813 -1.55980813864566 -0.149000318175292 1.27610546411871 3.11957710267679 0.257240108893184
0.0613704060197009 -4.67474785320268 -1.36996424361496 -6.37094977082459 -2.08991477614625 -1.39394531835684 -2.88351245109811 -2.80027163928884 -6.83785536585726 -1.15798844389954 -6.01386183998544 0.0460527014525194 -3.8320602096839 3.64639353339353 -0.388673816890162 -0.883868818218133
-0.97581083730636 -6.77169590637109 -7.30719115020088 -5.04528055699627 -2.77681742745917 -2.34360553704147 1.43091854889209 -2.71794010531103 0.0821678921014803 0.586997975971465 2.33384581222488 -3.3835960146294 -4.66947458704412 -2.96346738378888 -1.01783540596844 2.77256651912831
2.99011632883897 4.9916100823828 2.03505617693789 -3.71990876214373 4.67325201597768 5.06049277300298 2.40438575332051 11.1184417777113 7.40969720863975 -1.53235399957873 0.902777373909875 -3.01043668105862 1.757361584817 1.93581795823586 1.06956164235858 0.184161531586915
9.44715324744682 5.57901276507885 6.85601467229046 5.48576899999318 6.21850134422872 1.97859811912907 2.36419714064172 4.84072163056296 8.3037195174852 -0.0889806217975657 3.0279861681488 8.13810127646979 4.56397813777362 0.855515396280588 6.2025857927506 -0.086571705604879
-5.10302718186207 -4.90521200928533 -8.91750912792169 -2.54362233391261 -3.75872686452971 -3.20874610383618 -4.29016178634635 -0.0339538399055872 -4.61114110942184 -1.59693930713451 -6.1741770023149 -1.49301265762885 -3.25321686752161 2.19427616856638 -3.29086725132123 -1.35230573723865
4.93645677372923 3.0288230615617 2.98100929953387 2.91312461984879 2.55247151307665 -0.0702309527361655 4.8930010502609 11.0442708088682 0.0938781960503987 -0.372431460606464 3.90912916578686 1.05119436226601 4.03266985881816 0.98261686049852 4.66289279333026 0.313653102344821
-3.17278185758292 4.93463655418447 5.37446696882537 3.15771987156414 2.57428439637506 0.248421046492325 3.30483883330255 7.38816820834883 8.31859935346971 -0.762141844226528 4.68195250125291 2.41514876595387 5.87966135103885 1.2127468258401 5.16065604542072 -1.96581627613077
0.188026987583579 -4.36717181261104 -5.59144478997282 1.14418207334747 -3.81821051328174 -4.34275392750588 -5.95303129160924 1.44719531652795 -4.19165177249492 0.827738443674036 -3.86915526753247 -1.74272569291018 -5.04986709774448 -1.02795952662103 -8.9144690569768 1.00254826479536
2.55067539844887 3.38336138594571 5.04919749849779 2.38387569922863 5.05968899791489 5.66535947733813 1.73281344193121 2.84624561252291 5.33939797382211 -0.371688145533286 3.8705042379716 0.756768638476793 5.96576826599297 0.795365280405041 2.59713969698995 -0.753633345684508
-5.31168303350578 -3.89554436906742 -5.1278158134008 -3.92472652362436 -3.0253709881579 -2.70574584092547 -2.05795750245085 0.0910924885534348 -4.75728181196079 0.866649369926653 -6.34219696776071 2.36640754037366 -6.54426775068168 0.814918611816572 -7.88293612115129 -1.76348715436576
-2.77497189554779 -5.47821028521162 -0.675619740759545 -3.18302887603244 -2.32534288483072 -4.08918466979979 1.55015918744473 -0.953722114272427 -2.22973536646694 1.15333268645406 -4.41529846490712 -3.35330326375127 -1.31102102669808 -1.74047891869965 -3.68303057321034 -1.81323359280709
2.52931209904888 5.34623462552354 6.1146383164805 5.40790054970544 2.24473416680716 3.18751305166031 7.26650918936015 6.09712607865948 4.35338181815889 0.0688972582582928 8.1334531524035 1.16652995719246 4.41537502085305 -0.874328167902487 0.713944538396902 -0.117985686108536
-1.67444098680231 -3.33265318633533 -3.44932993773443 -7.55042871264705 -4.50002302552647 1.12136214572151 0.57167706353752 -5.52788996219279 -0.552070993751621 0.586320859404755 -4.51814381930056 -1.49209484139556 -4.79353890612495 0.280720123506384 0.270205764742768 -1.85513474047996
-1.03155287227709 5.29490279334962 5.22524102960504 6.06388926579102 4.57165170798115 4.33611606704394 6.02826570906291 7.0936946587676 3.40027918225146 1.08112474316571 3.61961346911179 2.10677781073037 0.311358513287577 0.0434945087040823 3.42392378516935 1.80605251584906
-2.47444559420043 -6.79111325878214 -7.30637161956295 1.47967182457003 -8.29349920226061 -3.11719372137559 -1.57833989719963 -2.67981342110168 -4.3377552605117 1.69444835233639 -0.672554928778334 -0.651971378082546 -4.27092109294171 -0.911913519679206 -6.5791026550323 0.535041438348634
5.72296821513743 6.48620552114595 5.79148886313607 3.83189279120086 5.00481911842263 3.58953214210121 3.89813076792697 1.52383768180124 7.02144394399334 -0.782773050505015 -1.43913339949736 2.61312855516614 2.76250451070817 2.07622048332794 1.45729947408201 0.0640284558047648
-2.82580285756785 3.89999270609841 4.93831113768483 3.15716725780556 4.56739320597618 -0.486263610891375 4.21912645895438 -0.366803945847904 4.3547508511213 -0.490334505586734 -0.447113397619035 -2.11489219818129 6.2787287769104 -1.26112302890558 6.65297417625461 -1.10111968732568
-1.89690967516308 -1.72178927954104 -5.00762319970576 -4.45493056243956 -2.48996197589024 -4.69569962619872 -3.18830416802759 -5.32497214562832 -5.72701685229862 -3.21654137752542 -7.65999142523602 -0.479509416033359 -3.95944548082458 1.56633974760678 -2.89606820147447 0.821305885664661
1.61278001683233 -5.11295850332834 -3.90941464234931 -5.31397114075329 -5.26444550307151 -4.99548334986325 -1.7493873269245 -6.75320803264203 -1.55369374301469 -1.8458795340252 -2.1457152254213 -0.319112052841909 -9.54565825897274 1.10151309134716 -5.49822301622125 -4.2022658171771
-1.81965725571149 -7.12000784571882 -0.804564277249976 -1.70348239865554 -0.928516982133681 -5.11178032144263 -3.89544951180249 -4.86553375415573 1.27608427419802 -1.4345595082865 -1.22568739896288 -3.5032641932466 -5.95687166209111 -3.11789699409254 -4.49284562076271 -2.05432211411114
0.0483358214131051 5.22268699716774 4.64880965264687 3.32238121708915 2.55286980472872 3.92163322816005 9.03313193261882 -1.7987268616666 5.75616851491075 -0.957803399716237 6.74528797970336 0.410747446674932 2.48496326026777 0.958221406930108 0.621455145539502 -1.96212772765629
-1.53276964220117 5.62777842034147 -0.177142930841264 1.92380859877459 4.23632272540407 4.24317163583911 4.6440084131929 -0.239377530291297 2.22756813246734 3.31881108463963 1.05520572596681 -1.3581425413269 5.61768971448704 -1.43453624512701 4.76133546414901 -0.865717703008114
-1.86556342232979 -2.70835950210366 -1.3612160055951 -1.04959264601186 -4.56995823164276 -1.4164722595117 1.34100925586312 -6.6107134265671 -5.94270744028999 -2.81284506876436 1.63842045646426 -1.95938622465132 -0.173485099007541 0.722933462064574 -1.60925212181713 0.483524537268236
0.938231624215814 3.4083744616718 2.12165530517107 4.62934534090962 5.14624789039622 5.56424776229364 4.92789870582735 3.85203903542033 6.00375455644821 -1.72038605757265 1.84661312935146 -5.77864301094986 5.59103813375324 -0.354209022164921 3.62920583409051 -0.838211796206934
3.26182784391611 3.9663289967208 3.61036441686444 3.06323207145389 4.52305142973878 4.52789256603359 -1.23938468900818 3.60609736055496 -1.20087119041934 -0.153492375227317 1.81207510933082 8.44301026021425 11.8741103538396 0.650457676175228 1.96702970928617 0.433685184899243
5.12992709705037 2.57150990241099 3.9034520865487 2.85241336790983 3.87472544149021 5.1771604824352 -1.38780252623026 5.64007833503891 3.03282619138985 1.9279828435201 5.25740418801812 -1.80326611701589 3.77230371361377 -0.037217861463224 5.47646393369855 1.41080026885433
1.73598151636607 3.55620489948997 4.16990948837536 3.90410685358087 4.85764232988321 2.34812089999125 2.86729552297828 3.90545656397183 3.31600420658153 0.346776657644133 6.13403076341974 1.81735431384764 9.73577402066304 2.91330679026486 0.566177623963772 -0.655600789464136
0.655072570854008 4.55064463511606 3.14800813494915 1.2845829418307 4.14625968373082 3.37873859092397 1.92195458885971 -1.78018455686015 2.19318624919849 3.26357200182823 0.0408394563303931 0.216752102245078 4.38432765229691 0.361409091069588 -0.470035511909266 2.8700643996087
2.0604393708664 2.22305628241153 4.53370996948188 2.65406501741147 0.451577878240507 3.53566221540523 0.610535136806623 4.66847805577757 7.93909353511112 1.90395248071756 -2.7153682912771 0.538126075785321 0.967568770907379 -0.0543256985094532 6.44879843754799 -0.953848951312243
-2.61201600813276 1.20991879479105 3.81406325225925 0.154714357984948 1.52414563856268 0.543767397539787 3.20236896985575 3.91031971573651 2.49572756059149 -1.48203497303229 -0.840355785016178 6.30258956525729 7.45739918765343 -0.0401167913515123 2.41276997542815 0.0481389998197292
0.887503052086134 -0.518876959975028 -2.82399743930683 -1.46083751618547 -8.70251955707825 0.236599187064191 -2.88157004086963 1.41422865798879 -7.58907930239566 -0.901737208126063 -4.31381964993644 -1.42209620436322 -4.16953682730801 -3.04699158081618 -4.73053872935062 0.27673652514337
2.13757144240277 3.01571700577419 4.81649028409697 -1.04347148287636 2.26599658040035 -0.936484616405532 6.14457904329374 1.18398458693297 6.93465126341041 -1.22475828250063 0.8498108130232 2.98733067956834 3.28554451952918 1.39246596256899 4.99287737167683 1.90695436448279
-4.65606354132881 -3.83065612362995 -2.49197831851485 -3.53305325109506 -4.4026083080159 -6.16831113927349 -2.97528368156065 -0.312360688680054 -5.23564796551794 -1.4818672957547 -7.88120849445642 -1.66132002496281 -4.7637697832078 0.363544477544741 -4.49471138884743 4.51077068330001
3.79212625343411 4.88618877515354 3.42393749487383 1.54959998568358 3.57639693652357 5.15325689005201 -2.85114673387884 -1.26101546510565 6.67584539493811 0.254991848534699 9.07215256780497 2.78286946396887 8.17864380254449 2.52775137678911 2.17322337491023 1.86023638575735
0.287418856697168 1.53424569001939 3.85991010076767 6.54110708507963 4.66301964189787 4.15543494724637 3.65270529573305 1.25652979542275 8.65232285215582 0.893896231353574 6.31320036244254 -2.88841292624197 -0.186611021996924 -0.845535362297652 2.43173446445948 1.08510104611822
-1.9453603272624 -3.31467440315009 -5.33967928027191 3.10969875111129 -4.83658663956433 -0.933944881577026 -4.27011563315105 1.29807219912482 -5.92290553735722 0.161564422772753 -2.19968488170191 1.04694068740418 -3.88268123017857 -0.941881978388295 -2.49153969090579 0.398948641769089
2.13856396418572 -8.84685024341761 -6.99589104297475 -3.00574234243696 -7.8015860708777 -5.7959023197766 -2.17426023004339 -1.94768947584177 -5.23715070625831 -3.71362944058479 -1.71373089810677 1.21238847625127 -6.49306223792784 0.0151511659403304 -4.78361360797717 3.55379062395403
-5.32894119105967 -4.14274744202211 -0.784800390935136 -2.77905163232503 -7.37654040920503 -3.31120531961096 -1.78654203732348 -8.65673108789138 -2.99706821103725 -2.30105004079793 -5.80965333308056 -1.91084701037147 -0.725010832693862 -1.15400472835649 -3.21515456360746 2.88191252737002
-1.03923198747055 -2.41821136812726 0.0364842222379771 -1.48189504763222 1.1544148966176 -2.41350259168392 -4.36090218899272 -5.31387353643579 -9.64808476753501 0.224511904392191 -3.01009892434783 1.14642691005051 -2.73732617311834 0.35053693967445 -3.55925446228861 2.30280372948771
-2.4619582195462 -5.50582191450015 -4.90398168445735 -3.56725705693971 -2.79586472879904 -4.70057392221624 0.0069709228007786 -6.1748281583349 -4.73052316263642 1.291998403532 -5.89679574673693 -3.68715531266385 -3.55262744272456 -6.11438054161845 1.066125401673 0.819256158392963
-3.04979373714683 -1.23920669853405 -9.03781956439956 -3.30428313207116 -6.57049141805441 -3.52002828418073 -5.84486350983338 -10.4426215369164 -4.3026879645064 -0.921230820884432 -0.00792092483196494 -0.853140906984289 -6.15384511915024 -2.46041928574161 -5.77932150750986 -0.814052709765306
-1.56755478410797 -3.78719262928009 0.681055931712038 0.294915703816646 -1.40455003568968 -0.232631638448292 -2.00553009995904 -2.0552377752117 -2.37670504475992 0.531889306929423 -5.29672502529669 -2.52355754713984 -2.35824905189121 2.4359561042403 -4.56246432358868 -4.5647961986021
-2.5207133587649 -1.24607126925103 -2.70944981169352 0.778909985184248 -3.5962964184263 -2.3364994702968 0.602742254070484 -6.01996492931073 -7.35437451567509 1.80750478304135 -2.62437759903747 0.366608819412914 -3.31788157989191 0.0912594708843226 -2.45540941525624 -3.88113654928774
1.30873911422142 -1.30270803430953 -4.67292247931634 0.738903606536652 -6.14165950598009 -9.1943125924748 -5.40870058251567 -5.93218747816442 -0.824351235015077 -1.38975086408919 -3.25674521598433 -2.94755583498792 -1.4963366033073 -2.71549722242666 -1.74455945767313 -0.0112397124944618
-1.08414380577257 2.48809698317202 2.8512343762042 3.45023677500311 7.36661118601717 3.76986823932321 3.28624743076661 6.70025755273985 3.92477126085346 -0.929358008259471 3.02186672073289 -3.59829584241794 2.36962741774341 1.32354630943767 3.11804238983787 0.117411798596375
-2.06616399144664 -6.87676385851218 -2.99757198776062 -4.10453532857871 -5.04635770291262 -0.892324479285448 -2.37268498137984 -6.23267612194192 -4.52155421600043 -0.900814754456497 -3.10698524776289 -4.03227333999839 -7.83333170230079 -1.86350395126389 -2.50969878540267 -1.18870340522553
-0.927966273756727 2.7497184599087 4.19406213121669 0.538422919240533 4.69093590031472 4.01929845371582 -2.78300124859571 5.32266260050939 1.47137038234861 2.59369320652064 0.882969817968997 4.34114965315167 0.323169996181468 -0.322293163059809 3.2479672558344 3.81404075789438
8.29400005774705 6.14244272952964 3.74483620744301 0.739381610419991 0.968590287089096 3.37206944133519 0.711564960038996 4.84611334187518 -1.55026042259684 2.60642936463077 5.98824747824833 1.4429097347397 1.70039387078433 1.20393292895124 -0.880059238575349 0.146545365113377
-6.94164237012866 -5.92347263385976 -3.71833021716979 -5.26504764444197 -6.82544636519301 -8.52500045655458 -3.82031951782441 -8.17050115994133 -8.20257687187302 -1.28549729868257 -4.75230537681831 -1.28721646273452 -4.70926057927405 0.255760109182973 -5.13783875030705 2.2786791487558
0.327767275641685 2.76074564300593 4.76155785309225 4.58034198778761 1.49618733233729 4.04062814043446 -2.60409647518928 3.76875493280605 0.281401262526159 3.89123527811585 2.67175975090313 -1.49188273562687 1.74432025501558 2.22281350266605 -2.22322890600643 1.98515164136226
0.315543135411214 4.73828319278321 3.95358734413917 0.569999920492026 3.55460378425259 3.2383937377792 -0.0110312201705729 9.63347625572702 3.60185209615613 0.463875759987405 -0.000798178681157724 -0.243678933604921 2.82428215626692 0.763507554040218 1.42915656302864 0.899200948625981
0.557172369715921 -0.931531438280062 -5.16728972165993 -1.1812097924152 -3.47992018336656 1.61045054671798 -0.728875589080185 -6.76584247493226 -2.32756711569848 0.220957638274232 -4.85791123556274 -0.87933509423726 -6.52281665925981 -1.5087871102373 -7.88269649520361 -2.11794257010357
4.09185258635467 -2.04203472336986 -9.61042452357453 2.21199985774921 -3.90568633629938 -5.21633695694895 -3.97834227956835 -1.84845694605103 0.875299118339206 -1.1850088051825 -1.84636706427772 -0.530685653290274 -6.19958230874689 -2.68936659122688 -1.92175270512417 -4.28998342071255
-2.00072938134504 4.60070331508149 3.2414077223621 0.947263409900388 3.17018259183434 3.1630808283556 2.95504174206245 1.50890077794034 5.83580043007538 2.59792593682589 0.395096795375085 2.10111057052249 1.43555093177647 -1.34572929888181 0.967200970790957 -0.37204558764442
-2.55153326220683 -3.49471760166256 -3.16504935697305 -2.17848900719072 -4.49623737702748 -4.06088101094876 1.53101782618832 -9.39625301898908 -3.58186142201794 -2.21363031638831 -1.7976276854326 -0.345928244688979 -3.04743181431144 -0.539975664079394 -6.77659957277619 -4.83542114912493
-1.57283003608078 4.98482793100853 5.00334513514513 3.61723698061378 2.85888703199836 4.07009616181085 -0.745104176446957 5.2147582323625 2.87941575092382 2.62183944933445 1.18621383368084 6.16905960187746 2.42363316354637 1.75238841192291 8.49316531214682 -0.663215734296295
-3.76588164012158 -4.9926291936833 -3.17952291552502 -2.8915589959587 -1.5690352167486 -7.28781894048989 -5.08693515226614 -5.51145980814191 -0.276676402134761 -0.0395357312721489 -4.30380051246907 -1.24445843663765 -2.37637250587527 0.616689376706772 -2.14540187728507 -0.195982277451961
6.18831306316818 4.59662294492781 3.70244481602787 3.21475915559133 3.60856300323294 6.13982929025241 0.60196111459701 5.247482993222 8.66503388154947 -0.283455737110991 5.10124016600036 2.06103242123694 6.6091470142092 0.62054734148107 2.38970613987293 0.269127293256115
5.45153549548789 2.54019970005554 3.35073607442808 3.80973398358913 5.72991924943965 5.16272826052311 5.97461935881466 -2.6793151371616 7.41437873327768 0.14923627191308 2.01364206896941 -5.80270246136012 1.32223501319703 0.873250192129298 2.88745176467586 -0.162767138893028
2.4345680094767 3.60052632692295 4.75189488206352 1.91724648577561 2.84119128619384 3.01965911902101 1.90564574374825 -1.3769811768219 6.07290811806875 2.44031506245175 -1.15453622704279 1.20051159230916 5.6759830908421 2.11380323251343 2.7524347591705 1.00708277741336
0.234550932044071 4.38200892105581 4.20185529189645 2.9269375354657 0.980117257295912 2.97958556332478 4.71500920894804 5.42226733284251 -1.15623705213114 0.195168992767859 -3.18834665765691 1.47926810983727 1.5923269746839 0.828708577684286 8.80804242073752 1.47728239531025
0.222360514004167 -1.66111402345888 -6.35315231716493 -3.26887019419702 -5.77711721550856 -2.43686271848904 -0.266473534141286 -6.41203563398281 -3.25387674185849 -5.68526004580692 -2.81934060537048 -0.299021395008077 -6.99606276723425 -3.17213532936905 -2.89360717560526 -4.19858442273952
2.32265819639021 -3.26877054524199 -4.86745603201725 -5.39493094460826 -6.0546057634236 0.894158061529921 -3.40391562338989 -1.59302202358927 -5.69873616646885 2.29541156646572 -0.190738161245743 -2.77726770325314 -2.99667417060093 2.67540995294096 -2.97644105874965 -1.57965102113815
0.0866266881282036 -3.58303909748495 -2.84193414735739 0.420604944139504 -3.73309475876159 -7.05470539403053 0.226876100102766 -5.63043425253183 -2.59867445881888 -0.753204168959547 -3.86852614731353 -0.164314458248621 -8.97418233750562 -0.392346103618381 -0.205850261298601 -0.769232844457322
-0.222623605639844 4.0052729447903 3.67571956568243 -1.52060481026178 2.66473972772382 6.07178054619343 -1.36464594955011 5.54509935785423 4.31988092367262 0.409355991476988 1.29456697476741 1.42925203100272 3.67867167090095 -0.0218788816105488 1.65056148162887 1.47898608273161
1.11779063137653 5.03592289213281 2.69824657758684 2.40297339596297 3.41511227372195 2.91486375609596 4.03469724323554 6.02709846550088 -0.894387291878513 -1.01474327941468 2.78226525103364 3.34119598645976 3.18441280837586 2.65991963784614 5.20649768422843 -2.28507995744417
-0.316995209932809 3.69839168029177 5.35838423077932 1.50928773706606 4.0797620085464 5.75906864264767 10.8487199701541 -1.77528118803862 6.32954836607614 -1.65516359565322 2.84946699778943 -1.72092627023231 5.27668474142692 -1.83131554004827 6.55350893226528 -1.07446996635881
-0.930597640091198 -1.21747879124521 -2.75731212995521 -2.33487786573974 -1.82769832435367 2.00023342269745 -1.5823988636656 -4.08054943207108 -0.937968716473625 -0.107836104059049 -5.08067309457576 -2.42327572386662 -0.285716332794089 2.82723428818552 -5.18264429791786 -0.705947130082479
1.38868715306927 2.92801782376367 2.24387628682095 4.53995379411986 3.99305171899448 2.94281247931645 1.42889964824049 -0.544379559210972 -2.69035500087986 3.37078089803636 -0.335628933841344 -0.145830189044513 4.4462283694848 3.35662716530461 3.82558125074838 0.971162311064345
-1.62931806737198 -3.07107140234012 -4.8692579812645 -3.5824652471453 -5.32741126848805 2.53379351964535 0.419900289146125 0.123851845218338 -2.82985576146674 -2.46276095885259 -2.22514699885874 -4.17496317456372 -3.44985296677021 -4.17848710542921 -3.04391055113122 -0.963409609068676
-4.43100460105438 -5.52157911886863 0.0914978051221809 -3.21207989918012 -2.96547669751161 -1.90783578891161 -2.87881912140109 0.770379486466357 -5.47566713769541 0.117781968592539 -1.69212192533836 -1.53340917492202 1.17022080660968 -1.73155761642102 0.449762865459285 1.02744231050477
1.86525087593393 3.4844952509747 4.57257500603655 0.90278535800718 4.07689665244708 1.41562706494499 -0.428797487817412 4.75771617498838 3.81127689476884 1.75919361955892 0.349061550293812 11.0105602432432 5.94343312311974 1.47182734789323 8.49065968604115 -0.894855364983019
-6.14011351129791 -3.23413404279766 -5.07393381907825 -3.8351402225586 -3.52317271476658 -3.47653478377905 -1.71942628238618 -4.16968642251497 -5.21289552210862 -1.06209464278178 -3.72138689169486 0.80814431633539 -3.70235257118029 -0.67467102321167 -4.95517402681732 -1.96415101113506
-2.38429906116345 4.62340365537696 3.86546273424277 0.935848085265115 1.97245885247997 5.23444943717233 3.70786615091028 5.09354484620586 6.83918731800137 -1.00225729790935 1.9356593658636 -0.105636225192007 5.49978112297867 1.13318974932131 4.73311021392183 -1.13601777501966
5.10472313555261 4.3227614111913 4.33236023497547 2.91497762868757 3.36837944979429 4.0351632449971 4.00667371061597 5.01015078514512 6.65012662081199 2.14899636555053 -3.10122540123922 5.28633781765254 0.946670993806105 -0.265933951543673 1.84666416477683 -0.681979992400174
1.45436608364004 3.74935118411722 4.43881322584151 3.31204741362414 3.38058626888949 2.61526370382647 -2.87122889387736 5.56856445781803 7.04050159161408 2.16424841891538 0.536291541603755 -0.86890424648007 -0.11446747979336 0.385067012494635 2.4099340050638 0.414446348831887
-0.241863801698116 3.45897813503918 5.2353288221816 2.30086000934126 3.28788428925782 2.69509993334703 0.328931222301482 6.21116592993908 3.88562527726401 3.53986871627697 0.417375469805699 0.665017284678735 3.23748554051807 -1.28315171215307 -0.971850025224738 1.37701114960179
-1.04884059094073 3.05117522506781 2.64427669822945 1.92805022271973 3.45441240036813 4.09774589439209 0.228006493066701 3.31046488320438 10.0086098787587 0.0858057642679373 3.36520270467102 1.65119921427815 2.95329904554267 2.68475012351167 5.82759736346721 2.00913338020131
4.57538848618451 5.74201931546736 4.48801882060272 3.86468074329925 3.07158486497467 5.97475013598693 -1.13823097143693 4.5142732320445 6.77248379777415 0.593865787067902 0.401002174092733 0.629922196640907 -1.94088458152944 0.059053066255706 5.84883843430759 1.83742287016805
2.75521912810379 4.90034654121772 4.02041572393358 2.91832351641838 4.51425440754729 3.88331971087804 4.55024915140012 0.394502489112007 3.13811006267084 0.45897802015486 0.423004788210416 -0.829978685024554 7.95416983166773 -1.21803915509548 2.61189109879454 -0.248042949373929
-1.88532465229047 -2.29548159373056 -1.36924594766182 -6.64265651305048 -3.8030016101003 -0.867646516653339 -1.08684215692691 -4.87600627041692 -5.56466769213599 -2.18618406277151 -5.41749328470509 1.01457204509105 -0.653950503626194 0.447578759138726 -2.01860440737817 -3.43897167806761
-0.367683042466313 6.4030077104849 2.62499512893551 4.09278431955753 6.34117776224218 3.70953251534727 2.45902545717256 3.77045524466786 3.79726729499303 0.217953383195235 2.10021129345088 6.79620660484031 4.17796687894402 -0.204626340874897 2.73063798048572 0.113457954062793
-1.7044968682366 3.6591235039732 3.59172782847061 1.52468533136578 3.32595314198398 4.2495928205193 3.40423977795504 4.50962813078119 5.83881449787098 -1.30149340329078 2.27151173128257 3.20942517937185 4.78891789947011 0.730807239825708 0.72305143681644 -1.47323118076129
-2.51956194133812 0.506979816014086 -6.64365357165281 0.0123084649937684 -6.09886889382341 -2.65535460311197 -3.94741342308295 -3.82975073584466 -6.84304426661169 2.00412009715307 -2.57342706529626 -3.96972062837625 -1.1778868996401 -1.63722266016837 -0.975332912287349 0.136134767590236
2.62419467916668 5.73684302781036 2.42971449051105 0.385491003064265 3.90347458386446 -0.720025807740912 -5.87765933858808 6.20530208940535 6.86784378919213 3.49600432553735 5.8637567199791 -2.34793958850983 2.12719106761095 -0.128057211840065 2.99999698920452 2.24014060469273
2.25696517450029 4.64484767831756 5.06650007523098 3.63063483605629 5.94587102508754 2.35862903134338 5.8097592227896 7.15139666000775 7.54106410753462 1.09821888270579 4.22672384557767 6.16466578028724 0.165503558134647 -1.02207025428067 0.955830257781956 1.42088260327508
-0.735849065338552 -5.55766861615382 -0.677588461564784 0.327290924985707 -6.76869218330035 -2.02747040862197 -1.87298094646372 -4.10238842661216 -9.48683472380159 -0.199003947718281 -4.24173962250051 -0.453130969201003 -4.45254808114307 -0.967976042342763 -0.672779638275865 3.14666476762603
-0.616751493064149 5.23664723826546 5.63926791640381 3.73029929209556 4.11883946019003 3.21028036207614 0.198993592784332 3.14876105825189 6.10378446370112 3.12788688574792 3.04172495013585 2.95594266123889 6.90972783348608 -0.177974863755466 5.94231322885498 0.918513638255633
7.07448995000354 3.98645865898355 6.80157414853324 3.39045634356898 3.7644466928487 4.7337336990547 5.63358374388795 5.23727198388492 3.37128728284109 2.68995146664943 -0.233696470397952 2.99581602043593 5.44507839275471 -0.978003762782067 3.3910075868118 0.12750519322439
3.7940255678045 5.37733025238106 2.19375894023829 2.0215406078991 2.36069501073596 4.5510575872302 -1.24961241046794 2.46375801816989 5.50368461495945 -0.499365183275107 1.92485449260277 -0.446812931678753 10.0688202775957 1.74194780335546 1.32890672253392 -0.818977743022647
-0.483683606165356 3.00548690195823 4.26673534195559 2.74688161919653 3.62635269651616 4.06996331312423 4.32482109986799 1.38059949275753 4.65573746880069 -1.36237174642691 -0.344738458631227 2.56175427000548 6.44188980416908 -0.183901976502128 1.43456220850399 -2.12730251778978
1.34520256346328 3.75199236970959 6.19448484884085 1.98929469229876 4.96723198600264 3.27767550139197 -0.340559813640624 5.03856035908757 6.23774175300718 2.66713448562417 0.63148870612218 7.60010093215948 -0.770663174367192 2.11480547101111 6.01138447363603 2.91954036101114
-0.0713891891317686 -0.717426774810328 -3.03880285440908 -0.880113207301431 -1.99171539870193 -4.91816618585255 -0.528321826890398 -7.46722757033279 -6.76131764865732 -2.68619627262873 -3.31612113670984 2.98347505829406 -5.89833180981959 -3.28156641124285 -2.37024845539783 0.515907456143248
4.69133048414027 5.40911753704349 4.09100776605312 1.20078313275915 5.24876523448537 5.09273021392868 0.352151613047199 7.45705582041154 5.74132888479106 0.304735477624722 8.27734587371154 4.87913479067584 4.35158597017008 -2.48084377327389 4.12786018114211 0.445063734110263
-1.48386986031667 -1.17389439858088 -0.837900817049162 -1.82658663096639 -5.5650203670947 -3.15064884573825 -0.859938141631885 -2.9994476319103 -6.84279237924673 -0.458896380988708 -1.15468822702611 -1.6308039870474 -3.72716237348333 0.684200975706563 -0.71821963125224 -8.46319639488959
5.1079298234963 6.97709989858667 5.69627887991131 3.35422162157761 2.5024273463545 3.73387255776288 -2.64514075257831 -1.27961143945022 1.67627577876296 3.1402007942826 0.364123919677567 5.15334613764203 4.03801942935103 2.23550766624572 5.54667037905601 1.48136227715
-3.57272051385185 -4.66061168439176 -1.84856428855518 2.43786938390173 -4.99945938661525 -1.39326215008462 -2.81945630006322 -7.21832077973875 -3.78388403085789 -2.04722467612483 -0.496442384527852 -1.02546282884278 -2.61702978271985 -0.986132991489315 -1.2555066858395 -1.1023788910867
-0.758029547565436 -4.357640804986 -3.25617655238076 -0.523579202019003 -3.66069161061791 -3.98940203972234 0.401223188796877 -5.33202144463731 -10.9023871548053 -0.777973546081327 -8.59014837739804 -1.26903158983441 -2.50420863479623 -4.10109412274668 -5.57061957781283 -2.7792959621071
1.44381306608561 4.37613295234947 3.67375183004883 2.90015392718986 3.1656516136338 2.84980167176843 3.22165833813976 -0.251614390602425 4.57436637023161 1.84487487662917 1.47653433687203 6.250702580799 6.16208585247231 1.75532934687393 3.59112184525619 -0.990270301649002
-4.73023138909469 -3.13672611999016 -2.21711304233399 -5.79275739648405 -5.50173283101521 -2.21033523511848 -1.10835082835744 -4.87078706313623 -1.11568915649545 -1.76363060855704 -6.15311614472825 -1.86708839234661 -7.7270970825823 1.64723914973622 -5.2402992214555 -2.81830771649804
0.700476912773003 -5.93558431955156 -5.26105966157753 -0.281530054134671 -4.73547166543136 -6.7564509412071 -1.2691366610331 -2.96591211449297 -0.344864636858738 -2.79887299155052 -0.879756523881665 -2.66887743582096 -5.57029686566789 -0.724097144501795 -5.29343120567119 -3.28065035885249
0.565857571967036 3.94265236180572 2.91823926892061 2.79013013646713 4.19774459586991 3.56168231392373 3.60120545268831 5.55255325155247 0.54055131360471 0.232657716455642 6.74925207449999 7.6133089576783 5.02942810237504 -0.362256707941928 2.61466422994126 -0.158301827554018
-5.98117023100618 -9.24744989190023 -5.06828644334552 -3.66729045231584 -6.59249388162506 -1.52370033548581 -4.36641046090357 -5.0738466968009 -6.01994649854184 -0.78377707267982 1.73308231627911 0.13825562317267 -1.4053935224651 -1.19424573431588 -1.24225685765271 -0.206838732194881
-1.99659200052982 -7.22743210706602 -0.773409954838794 -0.49359050171876 -1.64582497757265 -3.65283257579494 -1.13469025945458 -8.28567581768287 -4.26631917434684 -0.03445117744418 -1.03503211224768 -0.125672939870413 -3.69167237189826 -2.20101764982202 -2.2989751217863 0.979023919392427
0.562971383513833 3.67567331702729 5.35879994059352 4.71246025581933 2.6943089926437 1.67929829826162 4.13372610621032 0.570663843157173 7.9938720973707 1.40320042799836 4.76462975173021 -1.13658196931391 1.01711535013815 0.716623309611055 4.33423775446256 0.129531871667588
-3.95872545946037 -0.576464228896168 0.20102703334152 4.34560816898816 -4.39287592041632 -8.32135794961161 -2.3715852442352 -3.65382496254844 -4.87837305486627 -3.34313730965433 -4.519232793342 0.152238391299526 -5.18703281016483 1.29647564721846 -6.32443912254595 -1.18726101518797
4.87554780337281 3.2360708381025 1.65179401875112 0.719147482189824 3.77760064527772 1.44026553440411 5.28680929942946 2.22785465996619 3.531168043526 -2.22856181713574 -5.01332298080181 -0.857964661749787 2.38502819518692 1.61161678082039 2.78966161099998 0.937605482694757
2.35259206743408 4.61645500313575 4.02944973445133 1.02734765040213 6.18915076923258 0.425863558568007 0.265583002356967 -0.765042129016101 -1.13592461743581 4.01580808506539 7.28426520110816 3.87442324099668 2.17993469310062 1.14804677511193 6.76829521133444 2.38357667577324
-3.14337563339393 -3.10355009961446 -5.94421278530275 -3.57028058584197 -0.0434592719272477 -7.33369831669414 -2.54778118665699 -3.22052016698798 -1.26561519297162 1.12635985168143 -1.12065714673974 -0.574837763110697 -7.46074769569799 1.36425317176133 -5.77895323599021 -4.5859546235862
0.0421528911508082 3.40054447349409 4.45268003626655 -0.372181376463089 2.95325408248258 5.86821393539998 2.24341974037137 6.7839273751935 1.8247487846321 -3.92855601683379 6.29956460128023 0.276003884044982 3.68098395923667 -3.97044243841826 1.91291222401689 -0.7529965977853
0.444904122731332 -9.15292590803386 -5.87694741416301 -3.2888203860395 -4.84453263455388 -2.45520955720284 -1.78880305118363 -0.727977908608498 -4.66462691450201 -3.168168164252 0.931281742704925 -2.06892084513511 -1.0013433592089 5.03000331191552 -6.09320887781726 4.06341375427351
6.65439131150816 0.869750147703289 2.63669931967397 1.02338053148162 3.16329315684365 5.68297578746421 0.382496378739137 6.15731860558951 4.45237280352664 -0.193694801977656 -0.814103311217125 3.17820529840135 5.19045854399013 0.157446815025304 2.48385198255479 0.478992230602612
0.725251205885647 3.4868966317372 2.9705348555835 3.62585830611748 3.15253900660182 4.4740878566401 0.73139670802912 6.62519962829305 3.23806274717868 -2.13194619225985 -0.655149256345753 -2.14438874168017 1.5518325657666 2.04886397283696 2.15314069116206 1.37539456321732
4.66148526199681 4.16214016206885 4.49325560705553 1.87003853368374 5.84617969863912 5.27010365194852 5.54221976018615 4.65934548177429 9.91653267850899 -0.163093059397068 4.83879605925938 3.71250920726849 5.47082177405911 0.633793682940715 0.836288012719488 -2.81766910565675
-4.1021818223306 -3.76601504495371 -1.15322007205792 -3.32510352212658 -1.98390760415334 -1.82585511895045 -4.66736013790578 -2.65409619568572 -5.36555510288619 0.561261004550291 0.69015645486065 -3.22380144358216 -1.29042308863585 1.95496183587516 -2.81702803730533 1.79400711614343
0.584517281252603 5.33902415985852 5.41396112133433 -0.629370259047889 5.69545875988695 1.5383498714082 2.97617955288739 3.10661462043691 0.00921241624476954 0.564801946423608 4.71414588022666 3.21673066186988 5.21677674554995 0.509673769778753 2.96271140836938 0.58424284056083
3.19385465210324 4.34707651481082 4.18292956255259 2.7523478196944 5.10689728073368 7.13226853524882 3.85240866356763 -0.668145180512863 3.88709415716816 -0.384671977708353 1.92779522630862 3.18221933237112 6.82267837222068 0.253511346978175 2.68431030148991 0.680180952160326
0.001423978558178 3.00129399800846 4.58224817030306 6.05903499385508 3.43419408567223 3.71479379883754 0.65553938153308 1.13364140742883 8.98263609843302 -0.221262205190641 8.12913283350088 -1.21911482669361 -2.36244482009849 1.16801848017648 1.34812730901006 2.74417442774021
0.687230431711292 5.32708650434118 4.74236587290976 4.83346256972483 4.3542491074828 3.46123798530586 2.57625222082504 3.06496264301706 8.35790517556693 0.28194606025581 2.98119986587709 1.86332672390927 1.97441111735021 -0.801696468950378 6.58137144366289 0.452835889153744
4.05232515557051 4.54835978930487 5.36830483167748 2.25373043562441 4.58816880349863 5.02267939061137 2.19447744158835 7.75684018259739 -3.6683640287215 -0.212432056664381 3.16513743308057 -4.17908463390292 1.67498749045095 1.91694425601963 -0.132862683701679 0.101883037960212
-0.771849126018338 5.20857952867546 4.51856746966184 2.10017728255117 4.18548141087229 2.55284766613254 4.05317252758253 6.72190768322912 2.16168340176586 0.679230204952123 -0.398278046695041 2.0045325706017 3.2909925280095 0.54231038676395 1.13832568477787 1.77417862363617
3.30225277668569 3.20433656967946 5.82492017691316 1.36675606796855 6.09290924348601 4.1360797336744 8.70944304648768 2.88358164141274 1.49118053100552 -2.91955916190472 -1.87392540617855 7.35429252059876 5.796616977951 -0.0752009130942543 3.99323904400115 -0.406412200209071
-3.59862863816292 -2.82803222628579 -2.8776543916976 -0.309928002990152 -2.47494952545383 -6.42686436479389 -2.25966957941301 -5.48686632428393 -1.0019604170293 -0.248637032527386 -6.45604210803502 -2.04233908308608 -6.35913782481924 0.899778440818038 1.18261278346535 -1.50822395497216
4.758751932807 -3.24670456470085 -5.46304381312046 -6.2562114157518 -1.86699375307174 0.180274797327949 -0.0628584317854053 -8.83947386356773 -7.74892257600194 -1.89801535769142 -1.31944552922592 -0.840303363445466 1.89835077037243 -0.567588831152716 -5.11253074680375 1.50040489508559
3.73689002113623 -5.33430570261439 -6.4772786571341 -4.214977906282 -4.32380584618962 4.30330225426127 -0.189021199459775 -6.71441403245968 -1.90942286103841 -0.072547209960489 -0.216695283903594 -2.61201701159014 -0.152205224326803 -1.50794803242509 -0.694143566653455 1.54685710348655
-2.45561650922584 -2.9405752871319 -5.58491395570322 -2.81861327880754 -3.41840452193144 -2.03490919053638 -5.96037000809587 0.169345303210375 -0.935978598236079 0.635132374053434 2.38714165612728 -3.39392407237944 -3.53382750830488 1.12977449562363 -3.93334637979037 -1.23611459659931
2.09743435945347 4.28498822653295 4.36752653828844 0.197871059654026 5.08574817896988 5.87303505274853 2.80358272647673 2.73246013104192 4.67172226792511 1.02833561556392 2.60490484862133 2.10587873562164 0.609864901554825 1.2852093039874 6.5531409319068 0.140525692717069
4.50415264008386 4.71355013542965 3.73722563576891 5.71271196979166 4.89022773214844 4.70285649550152 2.9069853424517 5.6941787234927 6.10902105899394 1.39222960522192 1.06739177801944 4.79260454583709 -1.37635820732534 -0.38164301595713 0.266621865600353 1.49244151039641
1.16801758184935 3.94216582069021 3.37459029065576 -0.143049637843746 4.48151681205073 2.02482951398718 1.26398953511798 5.45092875199704 1.16288879397259 0.218782375411819 5.04544584254047 -0.920716986548894 2.45332661092369 -0.884072805134483 4.819702437435 1.12766532757345
-3.53657551418139 -0.490477560975155 -1.54656230501069 -0.799060746108669 -4.01295058608139 -5.06993637323245 -4.4168100422651 -5.75944698602336 0.927542589888142 0.706794867347182 -2.60963336754386 -0.0635027583965602 -3.62842938367444 -1.27875762968526 -1.83845047038281 -3.91492998520344
2.58758084923272 2.75464338265324 3.95097079230294 -0.808547704765421 4.36121777058064 5.74844790498298 4.27049724206798 7.34419494049269 7.17768912017198 -0.813826346319753 -1.48227035206459 -1.40502163421195 3.88084378025075 0.77911135481917 6.68511093061577 -3.24852892900339
-1.9848946105884 5.26468423930052 2.33616772284973 6.3106964521851 4.52860116387761 1.9560814843106 1.57998768145743 4.65742432960254 -0.992981912321152 0.237580999036678 2.89835181797948 3.92097729293968 2.2423763379427 -0.525726076690896 0.753076152717353 -1.43438545319897
-1.5232272337868 -4.33322956665056 -3.26001370028287 -4.60598649574915 -4.35751537428965 -4.70111142141292 -9.78885004921163 -5.17021878573821 -1.67772806195536 -1.91960620327859 -4.77312940068569 0.965609452638643 -5.57429716406624 2.49977201692494 -1.46683059527403 -1.44590594246076
-3.1258570531873 -8.08296972837545 -1.15497015480301 -5.3146042287613 -3.2248528561189 -1.40270934219181 -0.197452964711802 -3.66746150725205 -3.39325354254479 0.906271940124972 -3.52809375621285 -0.52907952229846 -1.07208041557422 -1.28246983987278 -3.59733226378992 -1.45290530365588
1.05991388590174 -1.54068624969214 -4.90791522883484 -1.56461811221164 -3.50907059025117 -6.90980279319155 -1.2859871828847 -1.30339605512664 -8.38247011422159 1.76960349026756 -0.452555813379009 0.711673837789274 0.0622118160631633 0.932461134426576 -4.42324482169323 0.481768915116642
1.54321201559802 3.87786682509106 3.90660540092292 0.39500424374309 3.51559996869507 0.536381749649477 3.90007467617626 3.52439982220748 3.41270197788436 0.253068945760812 9.60370889668203 -1.10888792950806 5.03478780170305 1.33924687079549 9.64711066639205 1.79721715473584
0.82374610373889 -4.45480774669234 -2.0384059423012 -4.13396734110281 -3.5717445534856 -7.21144339268382 -2.86704203791194 -5.38586730899435 -3.18440998630864 -1.14388406462688 -3.35907097102076 -3.13123891418601 -2.32888286642391 4.15693428792271 0.207918482147438 -0.14087343926534
-4.14644358646147 -6.47249922234464 -5.84604643468084 -3.77532533026689 -2.38590509852614 -3.8828861968184 -2.02545199496379 -1.39589393928021 -6.25091263721894 -2.62972822001314 -1.83068409189784 -0.245376978105546 -5.10171003810662 -1.92770336850582 -6.12516857027536 2.88428692780522
1.84092340375328 2.7128834224735 5.29402490745126 2.60838607890728 3.24949288576985 2.18776070144225 -3.09784669960343 5.74914075506208 -0.924450087388367 3.809984630603 4.99746475594232 0.933004492667779 7.69693393942676 2.8866863827463 3.33521269276947 0.368111325473259
1.23826797113017 2.68011856156028 4.01307540894546 4.14210834509158 3.9843719515491 6.01979949323975 7.25686555234162 6.58766136531482 5.90107969994709 -2.05125271243658 4.26212499386829 -0.252013187715032 6.6185612727627 -2.52601870965797 -0.679178631757597 -2.1053728607101
-4.6675814461114 -2.98430876206688 -4.93137770481139 -1.32894439492453 -1.54203155478634 -5.6477202328509 -4.16791211253357 -0.295161165675756 -4.46843866108538 -3.43234067602451 0.106588882438737 -1.06612173270467 -2.43857206851351 0.209604789450944 -4.85093659701351 0.750915761305445
2.61154798430305 -7.18078932845839 -3.83954564465243 -2.01931471421599 -2.26532534216595 0.521395778761419 -1.21128254168384 -7.1935548646424 -2.56035812057989 -0.928023477993658 -0.858383228847169 -1.14673802102037 -5.1066069301677 1.55611850568749 -2.01718390700783 -1.45481977347528
-1.27803695667614 -2.27796172806932 -6.42653150756403 -2.46938341151881 -7.05274546480203 -2.23660570001505 -0.051126127305668 -4.2829801108218 -1.2713647729351 1.90566421012995 0.759256490694606 -2.27992382549654 -3.20887137762896 -1.54622578748136 -1.90117219859932 -3.08418638397017
-2.39893078126083 -8.32398029819255 -5.47567494321843 -2.80820476491593 -2.74421866336435 -4.40840781155783 -3.57141999391874 -1.07755332355765 -6.94836725006358 -2.01854993659597 0.606574598045563 -1.38302890977796 -2.64239376052236 -3.17314195035261 -1.4175287768677 -2.97113741154971
0.239022579381185 -6.7293811232991 -3.43969261327734 -5.64340757186459 -1.89657341054791 -6.7800163791732 -2.244315055491 -3.84030226469824 0.318420606375581 -1.79822496333139 -1.2824394792732 -1.15807655028952 -5.49413609772478 0.566152328175827 -4.30113879397142 -4.19938981948946
-0.563710724488482 1.84277200407873 2.60638311078075 3.34705248029402 5.74781270681776 4.25458156218564 2.59949479987228 5.50574944380501 6.29582157486764 -0.2414794689412 6.81278734228442 -0.6351307823433 3.71712822611609 -0.721277053321223 6.39312002141487 -0.60700327901225
2.96657581360235 2.78026880441301 3.24290590075682 0.308314062421614 3.87660753897632 1.49046159771609 -2.33464518554231 0.412158777315295 3.08247913898194 3.55189956133033 1.54667581600975 4.14250628949893 5.02694931174289 1.01367069019287 2.75441685556678 4.59563593033406
-1.26832448968322 -4.83448361761647 -1.95140609474805 -3.83721752015902 -4.91030904265318 -1.69477173056423 -6.18969173095145 -5.32171965991221 -1.66304803348959 1.66501360859882 -4.67098083795535 0.534518614251333 -8.78959252724655 2.65176713840947 -0.819867949077812 0.437306715906993
-1.07342714859865 6.01912376902574 4.28961598418351 2.56337892171781 1.69230998916908 2.49268606492101 0.542342400557725 0.526484478969699 4.64601125951588 0.284038823307585 6.1193546129362 4.06761006239073 5.59925193936785 -1.685766619552 6.30089240520808 -0.0951540131584421
-7.01442899857313 0.335853598973415 -5.4999209810667 -0.978813557116575 -0.0373244041320251 -1.76917483753314 1.90846003235807 -8.94407982134774 -9.88017249217116 0.981684682877305 -5.78767059331068 -1.94602440099687 -3.94207729116645 -0.377657042112685 -2.91746031421619 -0.103358007073475
0.0295413891599758 5.34722375590743 3.08542538047874 4.34602319440707 3.17488990526103 2.08915785283304 -1.25796130712163 2.61226354537553 5.18132557896496 3.29443698304356 3.21066306742868 3.30664151894935 1.98882220897274 1.1730252315356 3.7494061437111 1.44022651342939
2.92195015652324 3.58065377000538 4.5762304110103 3.85541158467987 2.99572904751998 4.28135935464888 1.0684076259843 2.42664498702102 11.4870614627782 -0.206872825146842 4.25500413058609 2.68047883508692 5.79196212254568 0.572971170191957 7.29440295787955 -2.04051907187684
2.63060738819748 4.84512049792336 4.20158165130922 1.92868516399906 4.48451010167739 0.340953097198924 5.2001557388438 3.13001458946774 0.125413011145951 3.79812235622913 2.9338754417976 1.57269849176446 4.94203985054226 1.55045931283047 4.1088864237949 0.222058498627373
-1.95683369493862 3.46226249527754 3.90423548894238 1.80800509207939 0.95526671385202 2.31054705800885 1.32279981468653 4.91640985127929 7.56371012140723 1.67733966643845 0.745581159137754 0.439923333228459 7.83943378967016 -1.67159992086444 3.71719997128526 1.15474222785261
-2.14761163789808 -8.10142828287266 -4.92337926409841 -5.01645556462368 -1.261152967205 -3.73233300915605 -3.53948553652448 -3.34304652347314 -5.514557938048 -1.35835775603951 2.65930538068613 0.746499738415803 -3.33996557963845 2.30219552093651 -1.54036654561183 -2.37661092283236
3.54013196830798 4.11487249380016 4.05150534410651 3.50675785844604 2.20419369102713 0.948895716257705 4.0123050149766 1.86417561767195 2.10194739162606 0.91377870498772 -4.30010521262421 -0.918203657420795 4.49929816685236 1.17124475089098 4.58720096143599 -1.116994971947
-2.7113214717063 -6.18975099866986 -4.5006024250012 -1.5227248986571 -3.56422853281004 -4.8788696488761 2.26925792739986 -7.62832152431113 -3.48759171372274 0.738748121405801 2.33630590595787 -0.745249359448956 -4.68053547711065 0.673892964156579 -3.14741777605073 -0.705972456908836
-0.798186237190909 -3.89512435532357 -2.28988719824641 -6.28369383260841 -7.97269380529959 -1.18922770309559 -1.40851922433882 3.98201082331234 -5.30832676217044 -2.00026515072356 -2.92946852143117 -3.91338589096003 -4.23791940992459 -0.684666952515539 -3.33473457750595 -1.22583171435678
-3.76390625933055 -6.97031965843254 -5.6963577699406 -11.9948078201153 -7.46680644506208 0.0187472065121668 1.36646693553152 -0.150265683217337 -9.31150728866019 -0.00557190979610644 1.73772484157294 -1.48074855345954 -0.423543487817665 -3.17686211616889 -6.38207867372786 -2.25914527201095
-1.50565432802273 2.49294311113978 3.6269057906047 1.41236392609494 -0.114341570582679 4.177088079444 -1.27951018527153 2.50003245505011 2.640056541594 -1.11331930584694 3.31270693878653 4.98857927095916 2.73866515320321 1.01532825187984 8.22188153867222 2.10864934793766
3.13798569614587 4.67299921460675 4.61845385957967 2.05040016554301 3.11027273751254 5.80053291165993 -2.54550705863613 2.75422627301399 5.17810624894724 1.79243128048885 7.7034612023844 -0.0881183475347147 5.99146447878424 -0.177514698091542 1.62061117305868 3.01187645425607
2.13812217535304 -2.77832744583995 -6.61835158306777 -0.769420878402667 -7.13572897036856 -3.3161073018372 -3.75424458043512 1.96465030331481 -5.72810365819459 -2.27748046800619 -2.43791921055286 -1.92600249321649 -2.14362128112385 2.11741629164279 -3.1710362065914 0.175858003404545
1.79370107438019 -2.67195400333678 -4.53541227024911 -2.78848543559406 -6.45247266660807 -0.017329807983558 3.85029138926354 0.393904022261559 -3.79167167411614 -1.15560734824403 -2.73219939012331 -4.63830857299655 -1.39365861539902 -4.84151272248742 -3.00390230738261 1.07820723663959
-3.76398886102357 -6.47660004515659 -6.30902156294688 0.124978929429559 -3.39097873964666 -1.90397979820829 -4.09097098378215 -5.89319122004973 -6.08981229702593 0.186366805572695 -0.322891258369312 0.424466526497162 -1.42055249839076 0.168434612891637 -4.40039748503227 -0.5049898629997
1.65750811409703 0.893888851967473 4.99240826071209 4.82013832765649 4.7737017157937 4.97584340527425 5.53599632259367 4.8560884996029 5.8280435621835 -0.994800805241103 0.376108951979427 1.75169329268355 5.20109953004971 0.554747932278734 2.04013065229237 -3.44819686452116
-2.24293889362127 -3.65263637586816 -7.50198868689921 2.42348000970818 -4.77886226747759 -5.44956286288753 -6.14828648719931 -3.69584015957171 -1.04004296694441 -0.335170577047452 -3.07656061871073 -2.55003231402677 -8.24097703949785 -0.20088417620809 -1.43301071186339 0.53965682714922
2.78190163563876 3.44684594391527 6.26185777529078 3.66207654765198 6.94560555326288 4.06926281810372 1.30562982314909 3.59505495729448 5.7429572948103 1.40809240262232 3.24402734234901 7.35073149160532 8.79537425065356 1.5117880336164 0.276415519148758 -1.15695786984558
0.316796583660893 -2.6052188247415 -5.52581523521294 -0.674466766800888 -2.54340282856661 -2.00110177742187 -2.0864700834174 -2.22978181321736 -9.58252227345556 -1.96191204014511 -1.16047992396301 -2.00476591159749 -1.98429430439546 -1.52224804079099 -0.590759549828327 -1.88284118132585
-0.464105229186188 3.26996798461968 4.89604149743744 1.42512369648863 3.94602715688359 4.59477720403136 3.84586127124837 2.67156580883321 5.13979325214116 -0.551783211803242 -1.38054464642715 1.87042554472713 9.59607973988765 0.594466089083767 5.0896703440098 -1.72958494208768
-0.191851433649935 4.07392850485189 3.25588592398958 4.38086316048125 3.92923630281938 3.59764559733732 -2.94745426453618 3.22389025614784 7.42055699798517 2.21547002341332 4.69274421008065 2.87487746272869 6.42199185465514 1.58644483940103 3.78828109149141 0.994891063894695
-4.09538193270647 -3.73349287367014 -3.09548635726184 -6.86756187160627 -5.86478882331289 -4.82365307598437 -5.46011370102199 -1.14479998672619 -4.11119920646604 -1.90340912897793 -3.97820401577531 -1.87261036902871 1.45939419710318 -2.94202398407676 -2.03000498620658 -0.174693325063172
1.94464064643512 -5.18104135179012 -5.22875584914675 -2.11393130580576 -5.65606410006647 -7.02239978570144 -0.134874018753897 -6.36649622575029 -5.78573016272053 0.569298533584965 -1.54018691895076 -0.963739722545297 -4.990866591989 -3.39501976937763 1.71787908858518 -2.33046245301848
-4.66708900128978 -2.86769130667297 -0.964859398054962 -1.75660174466827 -6.04393760052035 -2.83522381281015 -0.646343269340585 -7.15916828992275 -8.06882312648907 -1.02233997411283 -1.6217136673476 0.34356951026679 -1.85197306676132 2.59774287705668 -3.30125737659697 -0.886990801707106
4.93557629234962 4.12585549518095 1.97027146252722 4.18312001035278 4.11279013529094 5.38994544836145 0.298945285274403 5.50424425048986 3.31554466802611 3.56450512950544 0.471571889970999 2.40194655729702 7.20188026940112 1.73235228218873 3.67564805344148 0.565842924515568
0.314784474475005 -2.5176870134727 -2.81840143036304 0.180632679367399 -6.81756006667144 -4.09424642277527 0.977674826298234 -0.725891102862407 -1.84183948556339 -1.27431529817269 0.486381312337822 -2.89928144302659 -7.25972166301576 -0.931886725808212 -2.81467204022375 1.20335355282419
-0.985928052208845 -4.65623175295328 -5.23026218542571 -0.322713407939611 -5.71735313667486 0.392992966993574 -1.24565213227013 -2.70752843676026 -0.794488192182428 -0.604618035388104 -3.30426862262371 -1.03421380901287 -7.91183923381257 -1.62635706770451 -6.32878304448423 -2.16005007153378
4.00991919054626 5.86968054973684 4.36633249630688 2.72785059152411 2.88541500641016 1.98777899549951 2.83193180688403 6.67213717875703 0.714705086598499 1.05248239592369 -2.20454160214282 4.03731846231397 9.16437230034599 -0.105327485935595 4.14868205880261 -0.796265092604204
-3.23285634493731 -2.51434261319286 -4.28865461177878 -2.89189786402233 -3.69522460192072 -2.32994943264587 -1.4661002063624 -4.73852943007106 -3.10550428318704 -1.38122522214184 -3.32786520686826 -1.41411426393276 -2.00213342647085 1.04201819514804 -1.29573666569738 -0.450808648054982
-1.89795850323383 6.19375186130846 5.83997335966326 5.51437863350352 4.22822505517435 0.563808949097277 -3.73328360472354 0.0559312598971315 0.698279208945455 1.72833768590929 3.63507413463924 6.95770194062957 1.02868099035489 -0.288022574824459 4.23719439985285 3.01285199241866
3.7029253597251 3.73852347630049 2.63168926830735 3.3768928248137 3.1038535317127 2.80792714745349 -2.36343736337149 5.43170106397843 4.33389322704291 4.43931597300021 -1.18960433401532 2.49636053640392 3.64610931745207 2.55597532262091 5.34054079188913 5.52423293426973
3.02094585285958 2.93148482248411 4.21598969464134 2.75776048903321 3.79018644998469 -2.45170008888901 5.77108471540297 1.738111594173 5.13733921548559 0.554628358017344 2.07986691445283 -5.02116764289989 -0.211120958245847 -1.38139432280252 5.2412337894756 -1.11717357072084
1.51735597552107 -5.04885444200448 -3.82512240066128 -5.87694581851538 -6.57913236680314 -1.54671404226086 -2.60435099835293 -6.89774016056814 -1.77346911786767 -2.48188457722939 -5.57655087495846 3.01262638958201 -6.02410046569126 -0.287059608710075 -0.70505384936527 0.350827459765162
2.42958201579643 -5.93963758730542 -0.623431883374042 -1.66850559581848 -3.53539603236346 0.418448005521205 -3.99864461515487 -4.73962901680628 -8.27571514070368 -1.24269532025936 -2.83147233506732 -5.74133844215943 -8.42263249280119 -4.01303877038037 -3.54366272241912 0.447404688020527
-2.50396414990774 -7.40185226907483 -5.34479911734586 -0.268924876013163 -6.15673394949995 -2.18789661887217 -2.28084233564164 -5.5594727546808 1.4154776097377 -3.25007662688012 -3.49953712529013 -2.8881162396285 0.373137887005747 0.292617392389909 -3.46631679421668 4.83588457619952
-0.10566492358502 3.77168896192137 3.83080406851224 4.10023390744758 2.71390510303573 5.16461574159716 -0.262977403990474 6.45145287890832 10.8071503981709 0.763501880860622 2.73566947147263 -0.259565716940898 1.732748498685 1.44964034015924 -2.15978545602434 0.351172368012151
0.552954546555094 -3.99664486245657 -3.39610091552357 -1.98226756326961 -7.86693342034676 -8.70165731673017 -7.93630799150766 -4.56310761165757 -6.87474400437553 0.607754980361345 -1.47586623193321 -1.91903810067693 -2.54385612540401 1.98777610924421 -5.47239646133607 0.459551758730532
2.62789075097229 4.33533676402347 6.85872545830313 1.02500562590362 5.47844819304591 1.91903389106895 7.24240680871137 6.56128727679303 3.30892433862194 0.330413217787927 2.86954834593135 1.91980684025277 5.42588387358487 1.44484115096558 5.23452069809485 -0.272989142228957
6.37434642403888 2.86187672018053 6.16323785179684 5.3171222378318 3.05160612808949 2.60220294519776 0.800091552974805 1.78140807473519 3.34092359279923 0.337230318135891 0.292464854764697 4.62806823063161 3.32406184947791 1.60323655568242 2.99004483741892 1.14597764252948
4.56421877144937 4.05270213994581 2.34445002514608 3.26278439832838 4.44664249433853 3.86088205652488 0.707640807017367 8.88040695075465 1.28362137074685 1.29934481276731 4.72052799317918 -0.143423426340565 3.74522514088131 1.5237589127262 2.10902249637712 0.747558517226109
0.315366381437519 -11.3503575711628 -4.35011096336665 -4.30628171213252 -6.6795795413617 -2.56456314100298 -4.93629734315298 1.14670040653169 2.39888399385178 1.48539548833736 -0.924715702978253 -1.01933520413618 -1.35297197838475 -0.955271949729361 -1.91596448948409 1.43629774343247
0.984879897623 2.12028193627729 5.80708666381208 2.84946292480648 2.31632084508241 2.76255257109925 4.21081981925755 -1.75002573257302 4.7089706433128 0.181047255910397 -0.0611086193215657 2.87925085963778 5.00646518685095 1.07444561301569 3.58055560535059 -0.0968258227257422
-4.63274727869295 -0.149136076577873 -9.59327679475556 -4.93286422870958 -6.10903101750797 -4.72909119257251 -2.96614595798423 -0.55436854315846 -1.8341685251134 -1.11606599882312 -6.33861049480818 0.0360990458593997 -3.86622554594543 -0.21055312733926 -3.35812223973688 -0.0276507796328465
5.78579099679679 3.36841952542185 4.82433472421709 3.60312789000936 1.33344748491534 3.14716231242634 0.165741890153692 2.11157407911685 8.37980175755096 0.978833812024285 -3.13862884970588 2.03888279836025 -0.618930697904558 -1.35849336174586 -0.437118699514453 0.706380080549618
-4.77562144645639 -3.71865616833352 -1.07528910886038 -3.17866816272081 -4.71660569202737 -3.04826591929687 0.874730982333781 -1.32034411545063 -0.432138067787805 -1.63811933129794 1.32257869647389 -3.97955672418644 -2.13573709192535 -0.757573893149636 -5.00990009684319 -0.421549343806725
2.54255530541677 4.3603790907739 3.88011839299289 4.14855303998777 4.88410455654192 2.22817253942524 -2.70541269703931 4.39273962674764 0.445272986159277 2.7763054871699 1.75843612936905 -1.82603204494261 2.24092406122138 1.73931972054522 5.05818287478217 2.70041164047941
2.97716200262936 3.79132700871033 3.27815019578999 4.14294524937773 3.32713713866143 1.55949945008131 -1.26651669997731 1.91749707870991 7.59620871226862 0.503741961765137 4.28570188264632 -0.321556795636981 3.54446489418026 -0.299424697145687 3.67942135222983 3.69942572618752
1.17166464386841 4.51204525083121 4.70098851887757 0.514370253387234 3.38760200722866 3.30534563112487 -0.912822218350848 2.9514364006289 1.51274655784675 1.74110498299073 1.97947659422118 -3.18519493310359 7.78241592607421 1.24596864741153 3.01516152387015 2.26247820096209
3.68093413993591 5.33600747243128 3.18330945560166 -2.67201641066889 3.95504127524552 2.31999535739359 2.45535152909463 1.99725918177849 8.58158043226233 2.78924525987028 -0.855085400462242 -2.79729964679158 4.96944995331075 -0.664352809674446 7.03528247069269 -1.06749642983295
-0.205914002525891 6.404201866105 4.5074454525765 0.907958153795791 4.89490610956421 5.81641067141533 -0.423576890159115 4.06969441018658 3.83484786330668 0.530213903564362 6.84388863665732 6.32296267985892 6.80842148638125 -0.286779775791132 5.31985479076591 -0.598113603582522
0.365050477805177 -3.66910621043978 -3.97779487152808 -3.4091449812543 -7.07417422312532 -2.68658206445196 -4.69831240212706 2.73976943578925 0.00223380482173718 -3.90556151747634 -5.89358115614528 -2.16706280625633 -2.43149827254361 -0.331784312896645 0.136554223224098 -1.20398825421356
-2.63600503358597 -5.83640071218038 -3.16804834249752 -1.1134409969659 -5.68446970824884 -6.01193614668009 1.4120861870317 -4.21678238742092 -4.59393274775233 -2.14943294590976 1.48710669231347 -1.11747362907356 -3.57438216835185 -2.98021212520345 -4.72138760834757 0.649448167708389
-7.48324873530222 -5.18369632471619 -4.45040222984384 1.11449352649379 -5.10903801152538 -1.40888800288432 0.936556488223573 -3.74425819996195 -9.714415284952 -0.442527981575141 -4.81926447258918 0.121652813445329 -1.00005160010164 2.66578662083949 -3.20729548581046 -2.33794143350129
-5.45986898257532 -1.24821125490032 -4.00842140092672 -3.12917340734005 -3.68170208992423 -7.70903412710252 -3.15549830253067 -5.92088639372098 0.701497346134337 0.167300844674549 -4.38120383945582 -5.0513310885371 2.16931916414518 -1.03689363377737 -1.96178336622199 -0.61341413016293
-3.12516996244211 3.90481774479624 4.38440666492821 1.44627272278968 6.07520869599493 2.97163433566968 5.2317051785779 2.44477853900732 -0.866057635771744 0.371977500858729 5.56946068724937 3.36654234159465 4.07010933688148 1.16411488766797 7.58694629324919 1.27828801433561
-2.1029876476902 -7.0601093968627 -0.16941440193245 1.29578183412137 -2.7075068901804 2.35676212164741 -1.90854815402263 -2.36524255467905 -9.07207344509359 2.07347607768064 -3.57582155066458 -5.50508198753015 0.479517470786878 -2.87095718937856 -4.89240447378306 0.0662321159990947
2.45347362079392 -5.3749345882231 -2.87826431978064 -1.51625024099879 -8.51025465901363 -2.63162506175878 1.7103332631682 -6.92510587039459 -2.36166645541576 -2.71824627894744 -2.51971051550722 -0.945317038382496 -0.324904781890281 -2.89452857139388 -2.76921079375652 -0.713602183888741
-1.0627759787614 -7.39080576146859 -6.19064634628072 0.777517294523625 -0.989775592233474 -2.06938369971544 -4.29546432370213 -5.00973049952399 -0.802266180462067 -4.73697465736687 -1.15979382924747 -4.03822505712084 -4.39611368390807 -3.60129764309238 -0.807747279001696 1.17487432456308
-0.781481279951594 -4.42593371546105 -3.13465051104464 -0.752125242034296 -2.8028615923708 -0.935239852707717 0.00214767172661623 0.158784102743495 -6.22988886466517 -0.928709982199914 -2.7618913959609 -3.52461160128071 -4.97836107512211 -3.19330163495422 -3.93747705243502 0.64834566480739
-2.59531388402892 -2.48146321040937 -5.4034752561613 -6.56845961885301 -2.85720110727555 1.65760763692346 -2.6499250759251 -6.57864899396012 -5.97115254433399 -0.830241830897765 -4.3380047053835 -0.795651198995408 -2.12810984488796 0.191894903155553 -4.01399240593604 -1.64256807901436
-6.47904511370735 -5.80224462570612 -3.55445708718649 -3.53211722394808 -3.06014911677483 -1.09205315565277 -2.21441465739469 -2.07025721485279 -5.2193069537552 -1.95941507522911 -3.42220691251304 -1.00457415511575 -4.50315770864697 -3.06006485775955 -1.87969267719228 -0.725815836586506
-0.295742983192081 1.88043072191194 4.86600688566086 3.38164499814287 4.66362654918164 1.96112980521658 5.15038898516866 3.74053716220892 4.88626197870503 0.185201630531742 -2.6094136796071 -1.49136816950672 2.75709685987939 -1.47370432770411 0.63622919408271 -0.264901502187163
5.78240682435254 2.57549830056394 5.42214652703169 -0.998386314951773 5.47092916026763 2.4272490711077 0.678805215642257 7.69346098487954 0.748579783686865 -0.495209644344551 3.94681232443317 -5.90006095806548 4.68765783812237 0.179385261115519 0.358703885003816 -2.71644023463377
-1.11436326128237 -0.981472169788903 0.495563109221765 -5.49048224869282 -4.10338437629635 -3.58699997497263 0.976358716502252 -0.492282854284838 -4.54576370514029 0.208683086872413 0.577498820819035 -0.581864891322732 -6.6202099360278 -2.31898891218285 -2.5689699060917 -1.10541752946509
2.80629372168503 4.0456354347897 4.50663657964174 0.34678577645024 5.29986733516887 6.69652037328029 -2.39523682024666 3.86640101571365 8.74179582849681 2.55433147402036 3.64641469180562 0.962447259188754 5.47636805109164 0.144745366561075 3.75655929234564 3.17456106141476
7.65564996281269 4.69457583757135 3.86717326628484 0.375080056014757 4.73105377852033 2.21622823468019 1.25117308343298 0.877941928151335 1.09991237770892 0.308441817558269 2.22892996860768 -0.309206335347043 3.8255955535299 -2.6082009769407 2.26061007455456 0.581535000639304
-1.91581584527756 -1.33665943439093 -5.22130514279287 -0.338421038885711 -2.95920249087979 -1.24416232819014 1.47671517114135 -1.80066924292918 -2.48245859765737 -1.9193012115392 -3.20265243157267 -0.135724485325651 -4.07543551452142 -5.36933927657752 -4.55281186719983 0.152167494877234
1.8845710863365 5.94212011958027 4.77826044163764 2.96929465093525 2.02544968489583 5.08278906186799 -0.140167985396655 0.875066107632304 2.7247923988702 4.92735563074861 -1.80002141176568 5.74947267011162 -0.0660060156610696 1.68216932357626 3.909863691789 3.29616719046998
-4.39114254388878 -4.20586738121589 -4.80661627539417 -1.22055752974389 -2.66406175568404 -6.12031285109623 -1.91490900913185 -4.46998143965561 -1.54962934565474 -1.12837935121314 -3.94659006550635 0.777663068138702 2.1032523910003 0.298516387973244 -3.6897931653676 -2.76470901355641
1.25926962095252 4.52449253497618 4.69367039975833 2.23321195061476 2.8318512220296 3.02129036822888 -1.42447765188945 12.1697646568866 0.394308571151149 3.6848697769835 3.40709203912708 4.26119668298218 3.51049398962085 1.89085312331852 3.39521941252972 5.5922102980604
2.16281551248179 3.41529922356136 5.83490755623308 -0.741460179433746 1.29033326598704 7.00658676650102 3.25568288207219 4.09398233926846 9.74037591388096 0.854342185742571 0.613854434832758 0.0201970550795447 -0.309146089616967 1.16029106585196 4.51967500142305 -1.68692546999568
3.82318508752635 1.51484364432704 5.11947723281332 2.42296825840448 6.48415632550414 2.5939219891552 4.95052564368785 0.674243628413806 5.10735775633481 0.131326694158247 2.34203034719501 -1.03317460207558 6.88668071248728 0.596561144338754 1.31034410982642 0.133041607268834
1.7574034692658 -2.55579969792824 -6.18862311195845 1.03402433816679 -5.39090511138012 -1.16400399998868 -6.64130639467887 0.926986150367001 -6.13258658247073 2.12646128120885 -2.46827221722204 1.1608087068253 -3.62568330785328 3.16091892655772 -2.15553272731061 -2.01223064022176
-1.47830777852738 5.8270016670892 5.14924793981788 4.63342326875158 4.11034926533157 1.75916317893758 1.48793374744808 8.87635429173515 4.16151554570849 1.87038975883659 -7.09171405681763 3.03446007852852 2.44262671127163 0.917012181379589 7.056123703431 1.54665787832712
-4.4469262184433 3.48736993178751 2.87392299001655 2.37422110512343 4.7134567975377 1.86662252029187 3.07873761195643 9.84818595788736 8.04432810924306 1.75096335479963 1.40964910884957 3.30086689222492 0.286328690688888 0.515204772744414 5.56134059851666 0.487451697130354
-4.06531045414258 -8.55454933134557 -5.24129550220714 1.14030776527763 -3.73509974527461 -3.49676003320756 -4.58674748485445 -3.0840548734154 -8.78511301675405 -1.99766135802386 -5.39245835408139 -0.269005006759765 -4.07783551915226 -5.83247096178331 -4.07467341645242 -0.0334947526915086
3.20904767793994 -3.83883898585753 -5.71193693710318 -7.49888787139423 -2.44048714975312 -4.01504453188352 1.12118443867464 -3.61408279596189 -1.14026796636845 -1.71978802547472 0.437166027688553 -1.29016765143144 -6.92865614785084 -0.473714804879109 -4.23765700488369 -2.56828030221311
-2.59734868793413 2.34343588379307 3.30244246842017 2.03720768037553 4.22350164006161 2.12803586124742 3.53796740218923 5.67811440913019 8.04043930693838 0.436102318794658 2.58721616526239 -4.28042646175937 8.13830116942285 0.721081021880861 4.2280864119171 -2.64958793552139
-2.88253127158428 -8.38185000202301 -1.33755589201588 2.73071818410024 -6.19421872491051 -1.33554820070725 -6.55584286817071 -2.19236669008628 -0.174456948834447 -0.108654282941656 1.41767277969584 -0.755571035055147 -3.46782930717663 0.374459163763528 -4.52214989785326 -1.33438834292698
-5.2548697435487 -3.00452030574736 -2.19398465951473 -0.155156249258305 -3.89866023054183 -1.78888399026003 -1.19861690289631 -2.31766562994149 -4.95243734491626 -1.36228582337845 -0.327649306176192 -2.1991014804299 1.16691406534272 -0.0391494529233157 -3.21749663098869 0.983021031159301
-5.71529779283577 3.38982787555201 2.61720988830449 0.364387105274528 4.11695299093023 0.350183702639129 0.0425981530327277 2.99658491698701 6.27969722173881 1.5608836267722 0.970923200540885 3.55722778518095 2.99986824265255 1.62510568275295 1.30785446029458 1.74470274540737
-1.69378887519319 3.66852815088709 3.97148690770263 1.19159357958926 6.2591078861274 5.02995851754191 3.76563816473062 4.8300376637103 4.72734653352259 -1.28276275676844 1.77179755706172 0.417121441636959 2.66135525490984 -0.513057421282961 3.38781649817384 -1.40957755258682
4.93668862404173 4.71453475276653 6.05587886886887 2.36302822971821 4.42660308880249 2.40728204468372 2.68692018540634 -0.0399835339716388 1.35332618532958 1.56334014536141 4.58566420201644 1.2116282286765 3.47504049011941 2.80100411965396 -0.200791663061675 -0.276687727595198
0.673425205857803 -4.66984694351715 -6.54883018367509 -2.31342323139296 -1.82341557429287 -3.34228799484237 0.552831430111931 -4.52430284112654 -5.08507409790943 -0.973115846750364 -9.65429081382169 -1.04093852982398 -2.91164661200214 -0.16785072863914 -3.15862950349539 1.10529344501923
-2.93818323662006 -4.21767043973125 -6.63468650696051 -3.58485478210317 -5.47605697301963 -5.00698601212242 -1.39741838166309 -1.38480571816472 -6.60177495578707 -0.0656008102285442 1.11375604688592 1.7161756807746 -3.18645606087778 -1.63882825727917 -2.83455379353994 3.67382718268849
-0.349704712108713 4.56836510358227 3.82486941936809 3.75067445270404 3.26739866255062 5.65935647611143 -0.199374714215942 4.94933805927256 -0.0604582444641562 3.76605835988097 2.22452799746234 0.0886375465800953 3.80688789347296 1.08918676237027 5.27190153436586 0.422971918678817
1.14535831272941 2.53407475862084 -1.20598572542206 -2.24182653613542 -4.62091995448906 -8.31119157704089 -2.20085685236603 -6.04521638035198 -6.22796854758809 -1.19587823612489 -1.11393758122466 0.197949371828175 -3.34038803682718 -0.757940510344493 0.339946979301184 1.63930631153047
-1.61981928148783 -4.24842792757966 -5.86296073024292 -3.5111334662478 -0.844127580940382 -2.78435698777044 0.644106174564088 -1.52401824168128 -6.55020224588438 -3.25004022434278 -4.75701341612038 -1.90098334313253 -1.46204437454855 -3.64845164790846 0.0357189468788137 -4.98585260864682
-3.09367591105442 -5.8227742336588 -5.44994163415844 -4.34255399923868 -4.11965661998135 -0.799997907870802 -1.48475169475093 -2.42481340102162 -4.28512607564954 1.77319454489939 -2.76581834749355 -0.905516348968064 -4.52116746214976 -3.44913956742334 -5.89872296299283 0.959781061862203
1.98309671502192 5.24644504264875 4.7632703784979 5.28579839207927 4.62080574836503 6.14389869971109 0.613940157364191 12.4026748630517 2.20057816748259 -0.44309434005665 3.30752038809043 -1.73379376002059 5.64659986661024 0.627475518156238 2.83875136804981 -1.27790911851468
4.02452448797102 4.40528297524612 4.40734947746319 3.17341276574161 3.98218235898155 5.31059852670963 -1.83010161648585 3.7980547767092 -1.91642635463951 3.9708238130735 -0.141838329610619 6.30318363108541 3.95392993044939 1.25142054170705 5.73305589056055 1.01094821091145
0.326436758436444 -3.37429485180696 -6.04409349249271 -4.47004225145485 -0.0225921336208161 -5.92096159033927 -2.53098258887208 -0.970615855352233 -1.08185069453701 2.57010503478506 -3.01333838191801 0.108510452175543 -3.34944940858038 -0.561496738422413 -2.17098431100618 3.11773449000396
4.68449448240116 5.7207848198418 4.5318559102755 2.64452965653988 3.57665035421108 3.36441320091219 1.44534756818656 4.22002386257725 4.10407515131943 2.7299545679441 -0.177516102033623 -0.255745692444546 0.294038338341875 1.16565779925398 3.28592487991603 1.18606152411773
9.64082735472742 3.53201733039412 4.88793891689781 2.17461283021476 3.22120910935152 6.92002147125072 5.39498769569242 -0.0648477704633055 3.96104941809067 2.90039164771303 1.74946700532089 -0.318360548919821 4.23015259260662 -0.660778832774294 3.60760377384025 0.179609831789311
-0.712367570106503 -1.62866240427504 -6.84801357276777 -6.83897422670126 -3.98042982594537 -2.25971173761076 -0.26091521483037 -2.05766889496766 -1.46756028705775 -0.95523462819325 -4.47084342638837 -1.07616314620421 -3.01513414491088 -1.91450206143042 -4.58836181765597 -1.50068821543907
-0.459421150285698 5.63511832100821 4.05025390408939 2.90977980140532 5.65112646916853 1.88488911245952 3.44907937838568 3.62922326165768 3.86043405584373 0.615939710976144 0.254836040028829 -5.07891366407134 1.09306157035002 1.48468859230204 4.64548479785774 -0.673144904230389
1.72725798030959 4.53715314353708 4.97052169610438 -2.24216343741871 3.08388926981765 5.38963871397038 0.264477260858122 3.92887858229089 2.90582910000365 0.887496835743566 -1.17889123756652 4.03583698339327 2.39838707782643 -0.486962955642767 4.6903597505424 2.72336663517717
4.95026128212034 3.01661863970113 6.89448495435708 2.72805308225201 4.79627186347482 2.22588452048321 3.15343969813616 1.8840281876008 0.187766259340267 3.08519682412581 6.17948669320391 1.42495508122255 4.50673604777239 0.963217025244089 5.34221775969221 0.0569241933754674
-1.52425482355337 3.25802542831863 3.95778117762631 -0.694821883480081 1.2237314303539 1.55927345378778 0.392861514439854 2.02867602268295 4.12904971223971 1.10990564552436 3.40922529421822 -1.92738930719852 5.28433131483488 -0.416946325568261 3.77749048815247 0.513007663088836
2.64831412917343 4.65761106893175 3.88884996831038 1.62953595313826 3.0971687111927 4.16143822041798 -1.55470475042501 7.03708354735898 6.17346486454321 1.79063581949298 2.20262538355538 0.385982321499661 3.39534247362338 2.38094822676018 2.85566295928566 1.75074157382121
-3.9486307969638 -4.71146032478038 -5.61495509488047 3.49654684516327 -3.94960724786144 -4.46218733352182 -2.12739528797144 -5.67153757207315 -6.73452924601188 -3.166817855764 -2.20100766787135 -0.920864272651823 -1.79080719209328 -1.23441293561666 -7.03873124760969 -2.36381936954477
-5.95041066576028 -8.34036697574413 -0.301118372916535 -4.76730376703252 -5.20159833801509 -6.0203755514677 -2.82935751530352 1.64364202565186 0.228767922917373 -0.508435106150262 -1.46423193238708 -1.11261208911313 -1.12600485606006 1.42710364519538 2.36160477070489 -0.0974758310926469
6.05388598528395 3.41106759383862 4.39798957146008 4.73052242475337 4.51328597005121 4.48930728743717 -3.23009285597629 3.73603235524934 5.73240655051089 3.1727259525433 -2.29029810164988 -1.89126326491734 4.50353253145104 3.16723187591041 2.05156678925931 2.29324590804373
-2.34201962461673 -6.12478637132434 -5.60976043098598 -5.25497204649636 -5.67958472640975 -0.58133256022928 -1.80206899108502 -7.1116071319803 -6.27798022611262 1.6173524685908 -2.65919172855084 -1.67277096954125 -4.62754699904035 2.53870352793708 -3.50226327026227 -0.724764565486893
0.759075352709058 3.69631639876484 4.09614598047428 5.90210929422607 3.28054862520602 5.34442188003515 1.42301004045766 1.70442088576204 5.26712918210252 0.316753387156133 -1.95567191667979 -0.479534245661363 0.227454271528775 1.06989745537004 3.77641172617259 -1.99909835189073
1.62334566894576 -2.51722661341335 -1.33428539449279 -5.9136761954326 -5.35676651297744 -2.76149651717171 -3.59260510525555 -4.02721339295229 0.577004385606583 0.37041929562275 -1.86687547027151 0.857017186161672 -5.26761591949393 0.532378089643073 1.09527171709629 -2.01722990577402
-1.37930185437849 -4.13687045972704 -6.19271448346974 -4.30443916430081 -2.74331171505098 -2.34169763081006 -1.22035018747802 1.94336049942377 -7.67097712395876 -0.860088094722681 -1.16197817705711 -3.01155970869084 -3.11134481275686 0.893234462274221 -4.57822588234453 0.95067193353464
-1.9596656585905 -9.86001776313926 -5.55934194831331 -3.59120196868717 -3.73072818509386 -2.24766306481196 -7.17676848237272 -5.02045721458608 -1.51255473131953 -2.2322526371534 2.41715106815908 0.35342923879411 -7.08551818042099 2.46704524626585 -2.56007777314026 -5.29967865222509
5.09456759518431 3.2188750182969 2.53819305854916 3.93741979538867 4.9224919713288 5.04461347617784 3.71204282691203 7.90188492870501 3.48939312366697 -0.280788999786211 -3.83057506996842 -2.1659189772873 4.575354635013 0.514145140401286 -0.324566254090678 -1.64292891248284
-6.2815511547362 -5.45161299457057 -3.69329178085746 -6.72171461562016 -3.83002433870745 -6.04751669796913 -3.14683329205101 -4.35174344628066 -3.99103485139866 -0.616621606877891 -3.44471156386395 0.0757310116120642 -3.44401924821988 -0.265052186872571 -7.26891650386265 -1.64672440062824
-2.3837823635496 -5.07653218868561 -4.05523942317167 1.46387003652852 -3.57408140797677 -3.64462262628109 -0.733339506503276 2.53572266071211 -5.51947568642113 -1.68601674748803 -1.11430764282731 -3.37999358946042 -6.87224334673894 -0.733033023290246 -1.95454913325635 -4.73498858337307
-2.15407638987607 -4.75837441399774 1.08668593508043 -3.95912848337005 -1.40351361536283 -1.69628044692054 -4.86580712765173 -5.21341890833457 -1.5862101870449 -2.89417969696854 -2.46306981017079 -2.60798257792461 -2.87687361925809 -0.623360866892022 -5.0109543390387 -0.497268171952378
-1.09066682290652 2.68437374215354 2.8728667455898 0.550425348286452 2.45687250508649 3.01743944756543 0.0507619032968127 8.59000092384654 -2.28253022853935 1.6980557241476 -3.23393699231537 0.634698952283321 -2.68990018346879 -0.030822816229851 2.32488367820073 0.768677463415427
2.56305464843485 4.03077017510876 4.60717904391238 -0.2850456426166 1.70619360428457 4.44332280748431 -3.9200039659673 8.1236175573839 9.52573236853719 1.92062553818084 6.24011723418655 1.59489020317748 6.02315515034172 -1.90826559955187 3.12343036527821 -0.688069704323942
-1.17064117217102 -2.06024160441379 -5.50902133458514 -5.09644777102836 -3.34093334360402 -1.56191139895858 -2.1266989025089 -8.68890992679903 1.05592453570566 -3.4011811441939 -5.15516124699377 -2.52119744043984 -4.39809147902377 -1.11562857597861 -0.893636724778629 -0.550077359846049
-0.865353030110228 -4.16554993216598 -7.70805509025491 -1.58337385704845 -7.21485755497434 -5.53239478071367 -0.13272499348908 -2.19950395022911 -2.6140068826011 -0.589938528961689 -0.787331848173858 -1.66674923096645 -0.412173746494334 -0.0224079829018762 -6.72961331898748 -1.07175134001351
-3.95625873419893 -3.26600444830291 -4.22189510628192 1.65221547988672 -4.15300602764947 -1.07835013766454 -1.45832779569661 -1.19505758313578 -1.96253987077778 0.579942821205577 -0.0881865689113381 -1.02171256051065 -5.37346050839897 -0.107501522074248 -4.57694431137947 -0.795004832742772
0.194403248554421 -5.18719203016082 -4.8571797942793 -7.17185272630295 -1.54664970074348 -5.06592273593758 0.310361722772774 1.78072577333812 -4.59251350671496 -2.38580024130451 -1.39846857642672 0.897580356063696 -3.62599308606414 -0.0960295601469324 -7.61686182317079 -1.67548040165938
-5.26601110691022 -4.16693656049561 -3.37260255486098 -2.37131746346502 -4.50877417581744 -4.22737189940726 0.285584908433727 -1.82443672532787 -6.0124563333578 -3.12816662177407 -2.41474059582019 -3.72821867692882 -0.291788477260557 -2.18917379657709 -2.88205707556312 -1.83532041127335
3.97062102861385 2.58297488659678 2.75521758067679 2.95562054007649 4.14883809408952 1.72196185149349 -0.062013194181165 5.65802067669479 -2.80336095566853 3.91378926749212 2.656054273981 1.51597635407382 4.96231904606081 1.03588871069102 5.20075418180406 1.84202217327467
-1.24430523940727 4.71686442002702 1.05631728226212 3.34524350281036 4.10658087778674 4.40686451377448 6.03268074686526 -3.25969580352393 2.13924087321873 3.473803758461 -5.21815284871911 5.20120672819137 4.78498072839646 -0.292490386217458 1.29235958563931 0.835728671774344
-2.67018285495784 -1.97385409463645 -7.68442956130685 1.99224244716467 -4.3319296137352 -1.16802015828737 -4.43801055565343 -5.85484453341553 0.245497091841447 -0.491429028740218 -0.317143625848796 -2.7492923182403 -2.87618815464277 4.42307321686842 -7.53506974348556 -0.731108525838828
-1.56369254459664 3.97774799622288 4.08044969569689 6.0728589158976 4.8883231966272 0.754106453819036 -2.24524854221765 3.11316695125427 4.93333056927356 1.72707279482746 8.15894890522635 -0.347511645697699 9.47166096540431 0.676645649494132 -1.36244481405944 1.02958253850972
0.287886476081854 -0.180058756131095 -4.90973591340012 -1.38508006122391 -0.564379949724236 -6.6124557691703 -3.24449352128175 1.59282897950033 -3.3847214204557 -1.12172245358175 -5.55222733891687 0.706163246551867 -6.00225590799618 -0.813507464437028 -3.1623474202284 -2.04867486914208
-1.25712806367499 -6.42206580878795 -5.80580798266653 -2.36238561969424 -2.05735323616307 -4.73019804006362 -2.14969939394523 -2.88696329903622 0.637595322379935 -2.94991470718023 -0.932533896258166 0.618465415527579 -8.1771236274435 -2.60769920869116 -1.9337132982635 0.439444393347432
2.23953173554162 4.23517483738464 2.83485916534755 2.71023985106582 2.18911483891881 0.257702615946387 3.42788894975208 1.34013706159633 2.87916700599655 3.31714252580305 3.06971522157103 -1.71237318417662 0.64736428692157 1.88491660962499 1.17748447851856 -0.386951306048676
5.19915230713395 4.96551383946471 6.5303680192502 3.6605171734174 6.8296616855007 1.83090668494785 -1.58919962384801 2.75289969005711 2.40883716003031 1.81645926317836 6.83115452309145 2.05320521817073 4.25718467240261 1.57738172980343 -0.170290970296771 1.69929180691481
-0.0661479482148222 -3.59617423298821 -2.85376142325902 -7.40351234318092 -2.84955971694957 -1.78935458050237 -1.87632908609609 0.870991301233286 -2.69892627239658 -1.19390848698481 -7.48148367545282 -2.80643346964212 -4.57530641032692 -4.38792247084368 -3.97336260226291 -2.03830844670297
4.04149763584696 2.88582475344756 5.04340405293841 3.08888654948691 5.39192736740617 4.74400663286326 3.26430480388196 3.59037004162936 7.01296168620414 2.82113080589523 -0.010067614177399 -1.7165653195289 2.86662096576465 1.49910616188678 2.62364212711548 -0.0913913900123359
-2.17329689310034 -6.46397206365507 -3.29027458924594 0.994148912442401 -0.533415351339314 -3.74320003944569 -2.11584100031493 -9.01300267536764 -2.77943889133598 -0.867622588844785 -0.47459620391326 0.386942138741365 -4.1156105975983 -1.76634222747902 -5.80193616172559 0.441013262152093
1.07185402868916 -3.71773974510083 -3.70696986457423 -6.82107264384965 -4.95237864521446 -0.276905624550846 -1.14589935784808 -5.49379261029364 -3.0613035992708 -0.726736006028548 -0.443031739662973 -0.972585845277066 -0.618263952568416 -0.642427892604042 -3.01611606795602 -3.95396804194839
1.37398907718795 3.96323980507251 4.3531391957726 3.2697530368656 5.02968225680587 -1.34026758995351 0.0425606373487486 0.322783255444016 -1.37216057633587 3.44267798631507 3.18402607628828 -2.99972333069402 8.61928471789107 0.12116848780994 3.51828117883723 2.00004101548888
2.03476853548363 2.26231745186853 4.90754620791362 0.944276047598197 2.50064721273481 4.92539120715594 0.374001442135648 5.98261135795668 3.36949371466658 0.801162090675254 -1.32645330077836 2.67168592834333 2.81750228661693 0.511557659185657 4.73277742429522 1.19892252093554
-0.471872510732231 -3.88606165409326 -3.1221868322936 -0.116126971423418 -8.33288512901467 -5.38248508381289 -3.23055619001623 -5.23165672455825 -6.35630360472545 -0.681507961385171 -1.77768549329055 0.753531756694784 -6.18552557481305 -1.45833945527235 1.35138967404143 1.42943391992163
3.09989903110077 -5.16849044940138 -5.61659821976229 -3.09302632061772 -3.09983936619643 -5.14492321993777 -2.75576294533292 -3.8940565725458 -8.3882022316466 -0.479907705256834 -3.32430513146746 -1.11444680311818 -0.633476347521915 3.19802662007391 -2.02343753288309 2.31571900469997
-8.02758334391966 -2.66108075511198 -3.26591773272584 -3.8839411935353 -2.30813425304833 -2.68280799960042 -0.741117906492926 -3.67057170327087 -7.34998042941103 1.80075709716924 -4.46041395888392 -2.75549060371754 -0.0082291534223593 1.84971747711212 -2.84584234509561 -0.634936765448308
3.02491629092203 4.65438490030996 4.5037677002524 0.826072748876841 3.16395068071147 0.728834514501374 1.33497953773275 3.54651790159964 0.0123120507781151 2.05314959466739 8.16919516283668 -1.44573779653017 -0.318912137429949 0.592985196333703 -0.665332106516377 1.43628976635965
2.13741625386333 3.35193196153735 6.00679763785393 2.22019657693994 3.66164023858056 5.72366834100644 1.09669851422129 4.33547680720976 7.93640110115471 2.13223196336316 2.92574537091489 1.92961065914441 -0.410443833663442 2.67565189315706 1.97719345744017 1.81698377317047
-1.14934804063492 1.81977871360207 5.8530007596097 4.4702803187609 3.63619046613775 4.42882663405635 1.75274016233621 7.90522921020864 1.69096648104162 2.11556144547862 -4.16704419916672 3.1554648733238 -0.941017334615042 -1.05277411720434 2.73490668311148 -0.957401472538845
-0.538581167193939 2.73205502092256 4.6131340695205 2.75582929062004 4.12083125351918 4.11030905852549 0.84041735180541 7.50310177878497 3.51790404015099 -0.120996201385947 4.85501048408927 5.85186769576093 5.01139432082555 -0.242055712001216 3.74361959513446 -1.79552350057647
1.83526868638596 4.0490517531577 4.18845026134635 6.82307858935452 3.33600154812389 5.07667727620866 4.6542553817039 5.07746402328855 1.08021293254714 1.52439423609956 -2.7655742406355 -2.36697014184479 3.0326553473819 2.46437564895593 -0.474326003484807 -0.730891261955465
-0.549406286052128 -8.59836548524411 -7.46821581063072 -3.70044833236896 -2.7169497718454 -1.67655304522928 -1.15631468329959 -0.400195873254372 -5.51435943992087 0.179963091630192 2.91978281496911 1.7120725623589 -6.00084504534455 -0.59543191552089 -5.62666494522553 3.00388801402127
3.57934147963844 3.61192610394253 3.69641672284352 1.20736621888619 3.36171304048467 2.98549655696578 -1.68878445398827 -3.37766910359963 7.13523702385877 5.16580387707899 3.40621920974546 -0.431467970048436 1.06908505868015 1.35872955320246 4.29285398580763 4.15250251336818
-2.33774172065436 3.89939030382782 4.17197625110932 -3.3718641487044 3.4605380620193 5.95698176444087 1.59394799359784 3.91647094447826 2.7185338398803 2.39559797195728 6.84841746883177 0.315656463326361 3.65243293877945 -0.0378833711873922 1.13860016291816 2.12375760142559
-1.04623354532208 2.78577227830442 5.38707988229777 2.12277047767073 2.56235080698399 4.38981965761666 -0.262785950317027 7.5661165417167 4.3297606351262 -2.19001284092157 4.65480861066411 -2.43761565473612 5.96752348862994 1.51881604205422 -0.838517596917003 0.809493387878002
-2.87128202985725 -4.51390470798555 -3.59221701022165 -3.84748569132824 -4.45625317209806 -1.84064321067588 -0.147648538326982 -0.971649969799787 -5.60336923732906 0.905294279943064 1.37233533666059 -1.62793445106044 -6.43310054045157 -2.03441318540164 -1.98397079103598 3.64022988473352
2.55609911920822 3.49952562290905 3.70068392387607 2.40973144436574 2.48555651588603 2.79630534568092 -3.8170901680415 5.61467513994086 4.74099990314667 5.34165962287814 -0.392395898408391 0.560466017145316 3.40712577974245 -0.0645360371773192 3.89082744888837 3.77439078258263
-0.999754339087053 -6.00734270628973 -4.70717332721824 2.18400988514068 -3.53703082711908 -1.92270353265109 -7.60311440938837 -0.4530612929298 -8.04836602619413 -4.45516059183227 -4.2612993614942 -1.34708230633602 -3.273870605068 5.72057316686531 -1.42853892293785 -3.42735572117757
3.90750645036365 2.95017539975271 5.20973605312687 2.60983643283042 5.33839281602473 6.17377177453366 3.93924567292028 5.63252159960864 1.80154194363824 0.00205372816645499 -0.551730306362818 1.34740285765038 4.20847936262604 -1.50930556217699 4.36177896173018 0.715332531161147
0.904120422302997 4.13786293377178 2.43163265121325 2.52279975773065 3.37731094641329 1.85961270905916 3.17115831585035 1.31978975126778 9.91709835372752 -0.310499186658195 0.527856358876535 3.01095362343705 3.80146661000557 -0.00159228146858997 0.793738903181108 1.59261575506512
-0.805261608930709 5.4106697123394 3.83238655402635 3.54797505481832 2.18579625473448 1.07776505798375 4.87949458414167 3.95279125696313 1.07448677499529 1.53955932007408 3.72046774019407 -1.00930761737529 2.09196542735032 1.48850992046518 2.35963794604554 -0.576140799937913
4.35438430417487 4.56590959828069 4.68203128914163 2.17537800748532 3.81977339365702 2.69768805909841 -2.6027267849343 4.03621476255265 2.40559409692009 1.99014427969999 3.52137341457983 0.418388641670342 3.89829229815601 1.52538406603192 3.67854680813466 3.34019599598459
0.554249992297788 -5.28685494506285 -4.21020851050621 -3.57943615273053 -4.37690499976324 -4.68527010335343 4.00002069164528 -5.31544897657911 -6.46797210616054 0.688498301781692 -2.9780877687325 -0.646735842574856 -2.78697510933806 -0.94177499668721 -2.72412749348723 0.784150017724407
-1.24364157789956 4.91373509413777 3.06975938595621 0.281834223443683 3.33144668036617 1.71081102511386 2.40732824763555 4.85538374663319 3.64794386785774 1.25633410823528 -2.74497468004727 -3.53883171716508 5.29633170394641 0.233608692982593 0.649625504756727 0.974031319809059
-2.81071635574955 3.06327483102188 3.73361715099358 4.06362433811309 3.2726310065592 3.1844013907188 -1.67386464682382 6.04428025754012 4.52279769341857 3.69856558878799 3.61466519377184 -4.713293484551 4.27804384303334 0.297036912328393 4.84741608932967 0.942092912674714
1.93790894401297 5.41797262206539 6.04656698289858 -0.49072121876956 2.14819712940272 5.95027338907235 -0.169403102545517 6.18144493203056 3.13423375111773 1.29518048072837 -2.02168947909987 6.29640449612311 8.19465783499592 1.859045375624 8.74008827932157 -1.95327170888473
-2.12884009261352 -1.05094041918871 -0.788305363365474 0.217726939971328 -5.1154964568703 -1.53378430193569 0.420030932760065 -4.31255800980794 -3.72688826467204 1.70660476119952 -0.54392958954362 0.578901844118189 -1.50147796426153 2.46354441966332 -3.88222056271044 -0.309248472695771
0.515443321243974 4.34461259373493 2.86520082858917 1.21387604578894 3.09580841506972 3.22522114587456 0.665659424264023 8.11207606277288 5.57589817255075 -0.794540225179193 -1.24026498433649 5.91668270694088 3.15722398298796 1.88714566196746 3.95722710535994 1.17418040684916
0.392633837876775 4.69222090092523 3.96846472166147 0.341952433359276 3.33930416006254 3.79388026769651 -0.345406152311271 10.1661410611637 7.97926399359918 0.00979723246896702 -1.51864259213344 6.77813068226381 3.01459211735053 -0.821742749379548 0.327806444856975 1.04110803208352
-4.99451518406767 -1.50162076382457 -5.83636124639002 2.12367041328308 -4.13696029226656 -5.23525380470919 -0.0965623850248782 -6.75677962059972 -7.50807749331401 -2.9544151664805 -2.17554189547527 0.641748733881234 -0.376989633239937 -0.809684006180054 -3.16941203556313 1.5921592981191
-0.728737189755415 4.63581910294535 4.24000623873126 0.530120103022485 2.84108573892784 3.98509990938101 0.408935932501054 4.5261893713602 5.30113871724128 0.212487632598726 2.12174262697943 1.85396776530549 2.81434112635397 0.40231599397428 7.62917886103223 -1.82188226374635
-0.681724649632141 -4.67842547682498 -2.47110980261524 -4.50987278404942 2.47899077828995 -5.09134476529324 -2.23427809846879 -1.45018390326931 -2.71060434806192 -1.08598893644338 3.07859532917865 -1.5344631598646 -5.93547202919975 -2.51590120817313 -2.73219962447014 -2.46886411786502
4.20531471326998 3.17210970755617 4.71303034299248 0.371859879981979 4.42646433582506 2.6497445420853 3.47901450597199 7.16180726461769 0.0330069490510283 0.545817513839876 -1.01464299879892 4.49249381959731 7.03795421148256 -0.577641432531964 1.6686508047361 0.931911914303947
0.606085084881167 4.85874177675483 3.12357517868414 6.13454974326903 4.9389071660359 3.27488598082805 4.18163101138178 5.22192378278401 2.95039246569152 0.775621761291514 5.17780152539638 3.26289972894041 -2.57689714724824 1.98648341439546 3.04375871694778 0.285594577242904
3.55093913817576 4.61877332462824 5.41143477565883 4.21228075434757 3.90772724753165 2.60967732025178 2.18091657323749 1.4536857138383 2.33034980833149 0.542080663505716 4.97029925672915 2.62390308827692 4.79184204218149 1.5423047738709 2.4104088683689 0.0467285371080024
3.04537872847918 -2.63880908001622 -7.00157941246516 -5.77792175732956 -5.4173051338636 -0.148732519030973 -6.1057060478532 -2.0569512931853 -13.0813552014858 -2.52878552943784 -5.82043966750961 -1.48394947254723 -1.51778639253392 -2.22396754987305 -3.92370317891395 -1.97249760640428
-0.540960125429657 4.11908116715433 4.5695957022134 2.77889794821867 4.35399779003626 1.51607088452052 1.0386041383133 5.43134361660955 6.06421915762036 1.66287458041114 2.41106484471438 -0.291424640612025 1.0793131507375 -1.86126980577034 1.761897381772 1.81325470188071
3.46324331358976 -3.65029885197781 -5.28493176877682 -4.39817056985256 -4.99132550909377 -4.89227447003179 -0.474962367901691 -7.00528694233148 -5.75818739448714 1.02066966719498 -3.64488925912147 -0.556356928339579 -3.85281785983654 -0.183324474646201 -0.354495870224826 1.01310839249384
-0.629025793274561 -3.43091337965569 -2.65114982177596 -3.81857620838117 -6.98134060700743 -8.35833355353709 -0.191939638399068 -3.3911521299358 -9.34676411682332 -3.73941893194942 1.49502184949252 -1.25139064200788 -5.95826710635612 -2.6513970015161 -1.7761815715075 2.41722876718324
-4.53227274981923 -6.62910232514712 -4.69742553295628 -2.23904087955811 -6.38871468455878 -5.98911875546779 -1.35595364686627 -2.82136704004465 -4.71618962506822 -1.47316662701772 0.0535759617664799 -3.21879808947479 -7.02304257181543 -1.07890460845108 -3.23020415246567 1.4536040446652
-2.30747345959001 4.72845071948316 2.85506146518956 1.92406024132343 2.96757356023977 2.80025932475997 1.2178298386008 -3.65040053565358 1.64990076091506 1.52682931216293 5.8265091123658 5.64163852587583 -0.526966918160126 -0.467330106877065 1.89776869720817 1.34909027250409
-3.21347028201259 -5.83552018684411 -3.5621414645018 -3.38372916170124 -7.71080190264345 -0.297215359572994 -1.12175886808483 -8.22236693697828 -2.44041732792819 -1.75623921036049 -0.0707371770683174 0.179543029269913 -6.2741910046462 -1.37682164478119 -2.98811792625297 -0.738387194993548
1.59995038282423 3.95324204111095 4.72937448603355 0.98296628565806 3.45024179171978 4.18451509812614 1.22924654658238 8.20100960906475 4.70766939425422 1.06434755993515 2.96272659461869 6.75124159129182 2.43803949805229 -1.41876739163013 1.21603505839581 2.20510674493641
-4.48788708465341 -5.11550838779076 -5.25304534840538 -1.47394880544662 -6.53012188900988 -3.37819106438612 -2.77530704225483 -4.02855234865927 -1.27314759884384 -0.475860135866408 -3.44522183484012 -2.25004508578662 -4.52083417123157 2.09499709359866 -0.931589527672437 -0.749822115920295
-1.71044984544868 2.35232585097904 5.0238308201135 5.04092749074767 3.38705053285823 3.23904203842187 -1.57657217509729 5.80214568430765 8.39687309563642 0.38064862819822 2.18607038688657 -1.99498929677181 0.192044078727632 0.780251912416763 2.37455543007796 1.36336248315579
4.39293476959076 4.68556555431769 5.0391256797393 2.10543211533463 4.12083358890127 0.745655017451132 5.72002171547141 0.468759569963516 5.79451007120271 -1.04862175383063 2.21198154425476 4.14939310603614 4.70932662257492 0.535391870074742 8.48117267455196 -1.14737948609038
