x1 x2 x3 x4 x5 x6 x7 x8
6.5645753422249 -63.0106292438579 4.01548971861604 7.75487901481185 -17.5061633847971 6.44276234886081 -16.8625100976156 24.15998111481
-53.9324113574049 -10.0926459640511 1.50135390278116 10.3692217388171 -16.5465353129257 13.2447603773954 -8.948050119052 28.5440081302368
-7.87356932329997 -7.05940239872944 -0.956947193947625 -46.214242295147 -9.16725085296377 12.8225008318985 -15.4462116797959 44.9342764863067
-0.287287991048264 -59.8649658247853 3.05052208351593 4.91285153202055 -12.2727392127457 8.03323066125909 -13.6444736696212 22.3377883489239
-8.01007022766886 -15.5030110112365 -63.2887560402558 7.62713853575602 -16.3399778607183 8.8361457481959 -13.7773720876287 28.2773970816991
-4.20022958846001 -11.3094286979144 -55.5946925895603 5.90726136099267 -14.6322215024803 10.7917318449491 -11.099064658076 28.1602135529656
7.2767258213965 0.20928017556535 -0.850550252607817 6.0198868380068 -16.5047477830023 7.15904564932094 -57.8648108042943 23.6877118064966
4.61899770035205 7.10520126471918 5.39073572566872 21.3379015917236 15.1446462517499 24.1193108332804 3.45055700337533 14.774937494647
-5.46296399345112 -7.49055890048797 -0.765176824304924 -45.9690650030845 -16.6023916960012 9.4724168024688 -8.7408433991027 41.7574570859171
3.86207674717304 1.74765406511029 1.60848183841245 8.05219655671294 -58.0212979002519 7.15133773802277 -1.36890591445589 23.1439625566799
5.29662611927279 0.786917902354319 -0.185254486756796 6.42214271966521 -14.8974998878301 8.24940967208806 -56.2019007783942 23.6207667226108
3.53752230963742 1.40506288415903 5.08599010746476 6.1247023477116 -14.2594285147359 2.47283898263549 -56.9388177739337 26.7655900061849
4.88802170096596 2.24402590448256 2.87797579398584 4.69350642980774 -16.9072993747625 9.19428676590791 -59.8902129199194 22.7801549591461
5.16133808576824 3.59119832482222 6.73898523311901 7.97834723335695 -59.6694634162383 7.30304484419161 5.66996849786812 29.6232571507956
6.93804194685166 5.34229520440575 0.72682716311288 5.56747387607954 -15.4628111632558 3.88084964224611 -62.9712048898672 24.331409133917
-55.665310342479 -9.41185033303472 5.6708396600386 8.20623894224003 -12.6401484926226 2.96687705140845 -11.0936734295949 31.6906708753441
13.0412476386048 -1.16091101637591 4.30020226523756 24.4645572688326 14.9088223208478 23.1450964504168 9.28925043766518 21.7836051514494
4.49119695048703 5.34739859770658 3.08167382359566 10.8244717201814 -62.3405311220418 7.0850433451808 2.46733550015179 26.7869747020141
-58.2054420233269 -5.52331481752889 2.36045692851415 5.10138971353076 -14.219039807903 9.52135960663279 -12.6415767905595 24.839510314349
2.24990327291198 0.771735769425099 9.5652699163057 20.7920121214739 13.5770600277653 17.8440713505728 11.4799809864588 27.8148984154825
-51.792340101312 -9.60273900130136 4.63878484386917 1.6845529836775 -15.0108933530162 5.91577922712542 -12.6865834066406 32.2925410541435
-57.0677655195709 -7.21230989907061 6.49779518002179 14.3339025147094 -14.6361603683258 13.3865629283145 -8.77128495778183 31.5710153279288
-8.66650222041865 -6.5431433028504 -10.7701872370365 -16.6373425498799 -19.4487121642565 -20.2808700408648 -12.3361556681977 -14.6469268698487
-54.9345848574831 -12.5469069361505 3.4277511544478 8.10745575424129 -10.571032838719 10.4184524546259 -8.21452582638886 31.6192541689461
-1.80506236050209 -7.24589337081229 -50.7634959391506 8.68720229401623 -15.5505938104388 7.77256024471693 -8.94909392078399 25.8672360814197
-8.18467770287404 -6.67511992458888 -9.54295773112127 -17.0746522353689 -18.2647020532434 -17.9658007283457 -7.30885517290031 -15.0625077626817
1.12185409947414 -10.2731592518774 -5.06364391526628 -40.8322317634652 -8.42167247207525 16.0343980007098 -9.57604165761704 45.4568110239607
4.16031754273917 9.36959153935155 6.5549792533449 18.1077970290727 14.4207182356363 17.7899570966218 3.85439522265217 8.9724797661219
6.05785099675747 -59.6702505447993 -0.0013017249433207 3.14360423814959 -15.9726969641575 8.04683200207664 -10.5228431738725 20.5963443615124
11.6950849009734 5.09797609254513 5.6894070010408 19.0871169530198 17.218728384326 18.5820562058292 5.6092293441037 13.4984723188791
1.81670147319247 -61.7191435532823 2.49573381192472 5.55290182518916 -18.2829744543956 7.98306078275673 -6.02982881761228 20.901023666875
12.2897803830198 10.1896241323462 12.5221097899449 10.4675121671433 19.1923026948548 16.6174302800737 7.71463494481219 14.6458254192979
15.2895825136116 7.4657498186707 1.46578283900248 12.7617215928548 14.170535438094 25.1264295220594 6.39309209792379 17.3814629048811
-4.38643812579958 -1.25907351194972 -54.3856187633798 7.35446279611001 -14.6413554478563 11.7558582226227 -10.6370261969027 29.3778964637865
-54.1328995095889 -3.30236964378469 3.94454123135317 7.36917444754339 -12.8729610980482 9.50213326538531 -9.9228248436955 27.0596204271375
-12.6412387457499 -5.74211544910428 -11.1117071626665 -17.4596788926308 -16.964317632933 -22.2002413332268 -9.48057211859499 -19.891834127025
-50.3010451238376 -3.95760472005472 0.686242227656605 15.2193397164972 -14.6864003766599 17.7821370407228 -11.0183415674818 34.5685637539694
1.01404163654456 4.74322505862319 3.74359609516536 4.90805811491096 -14.5449261039929 6.48466226981535 -59.7022245456267 25.2489343838834
2.6441501633367 -8.90892967523367 -7.55456825310949 -47.9781795232347 -13.7846316073662 17.4320538044774 -9.06770166209764 48.3206675946467
-2.7282738647993 -11.9200519112305 -56.7662870597878 9.8150015342106 -11.5910618763628 9.17728154237367 -12.1936224998825 30.049065157497
-5.28507713331365 -7.3673439670543 -52.9376097020747 7.25479734546329 -13.8413667034124 12.9058252438085 -4.85890524932985 23.9793496498988
-5.9225036449624 -9.16154709066197 -56.787491753897 5.77113236370929 -13.9155877768054 11.962880292952 -13.9102921161891 27.1354490550106
7.119690750363 -63.9205798945682 4.4771041457594 2.97901686835753 -16.8761738706203 8.59620352532203 -14.4766619991668 23.0031207189696
2.26930563611296 -6.53992007464949 1.24420133747999 -43.9867382899331 -11.6343748359298 13.9486978742778 -7.64841351463919 40.083275418034
-0.693057452317919 -6.55542641241755 -2.28633999128417 -47.8102897359161 -10.4467013866108 13.4674328159772 -14.0194064233023 48.2875287194242
4.3956907448821 -56.4574808508263 1.93265696565887 10.33499615072 -15.6688181749262 9.47277866977662 -11.4204939210961 24.971397457511
-6.97424935854797 -12.7171141539342 -55.3102200252596 4.23685076384171 -13.4676648554742 9.6530989412169 -13.7378009687667 29.7098983391554
-9.11069282455432 -7.71652767686746 -4.56488393193377 -18.5190068943138 -14.9939357970374 -19.3315550250814 -8.11997570594725 -20.2691881946955
-8.32627654739266 -3.98334813933484 -6.2752336058611 -15.7442308225319 -17.9463859070979 -18.0348874019956 -13.897477541331 -17.1122480636956
5.47545217913329 -59.8088086135386 0.764794376075287 8.04869204456777 -16.395385497623 7.42110348498281 -7.7819286410533 23.4503499878432
4.36503613698649 1.72259617795165 5.89179968961056 8.8200576823016 -59.6368572911572 4.71255386721404 4.10072684361489 22.6077335602814
-56.5910843819851 -10.3028845120601 1.48667257905964 10.89027877018 -12.7133786735906 5.75775947442341 -10.1013810897646 25.9387592986491
11.805339227319 6.43175481287509 7.6839594134946 13.1926380580984 14.364347782824 18.3486427153722 8.66227419771037 20.0403656406948
3.71893509666882 5.66307359106457 5.50783382326089 8.57792080505163 -13.572902236928 6.22175897435348 -62.8143669585531 24.5800973153752
-5.13154473992725 -12.3797311658372 -51.9044082788816 2.22989779005405 -15.7998440896568 10.6542196571752 -9.46388778890423 25.0044597414248
-9.7457025734597 -6.73721688271102 -7.15778833930826 -19.4014595405655 -16.7852909038852 -20.0962949992961 -10.0882673331714 -18.0519891184461
-6.23881138833116 -6.81531472259268 -7.93816895302254 -19.1030085384407 -19.4465816149028 -18.8301500036202 -10.5873095953948 -13.0078575087339
-7.74343854337089 -2.55660996737915 -6.93264596597322 -17.3824696749109 -20.0923984050467 -16.471564622539 -7.41160840543855 -15.5620758350785
-7.7394934598182 -9.38845492779656 -56.077768876428 10.4987244201338 -13.1810873875817 10.8628431360528 -8.85043368517513 21.2753353797281
-13.7246983307771 -4.39686745807278 -4.07899131668976 -19.8917820278749 -19.7498732485095 -17.5103269851036 -6.79970294364904 -14.1476886490155
-55.4812295462291 -9.13200745361955 4.02752837721858 6.98937518877896 -14.5600717639821 4.40760774694816 -10.0365116244355 33.2274007173306
0.694660638745645 2.85051393729076 2.70895264174787 7.43206527173034 -12.4849654085804 8.86413833340207 -60.001328722574 23.2150509133405
-54.5651949864326 -10.8479435678656 0.641311178234087 8.28148917582917 -17.0132935676229 4.2545075789107 -10.4646975994614 23.8443910746335
6.16257749652273 3.6847551635648 3.22925339423214 11.0907839640354 -61.2809383941371 10.1076528555134 7.63065916421813 33.415387765446
-6.16999775243591 -5.5221660314188 -52.3961053404544 8.71423148372739 -13.5297604260992 9.13717482311204 -9.12230978637442 33.4936818747261
6.3445402364602 2.68409463447607 4.72060390546043 5.03191001470959 -16.1958926192952 6.84665584098407 -54.0330100552547 23.9693853379376
15.1708771965258 8.38114852215358 7.41916039951739 13.3575420399677 17.0120115846726 21.8704994284958 10.0049349584068 16.3757634111869
-55.7103473959025 -12.3210621708066 5.70078059083219 8.14329598156468 -11.4118733283396 8.01012389105165 -6.17252145450619 37.1196786522261
-9.04890752329736 -3.31226401840889 -6.91713601256679 -17.3700793194213 -12.0496953407406 -18.8216328214372 -6.1772075735737 -18.8134476348004
-8.58941077795014 -7.27917958517687 -49.7287333933704 10.6431022521562 -14.1903755492421 6.70841419391373 -13.2550691308729 31.1727130300893
9.10181578901918 3.00526173757264 9.03139773702297 13.1606038820004 13.9196678973206 16.1551894301049 7.26798030337118 16.2974077963779
3.8041829932501 1.61889447274813 0.642938729591698 8.30326748951127 -13.2394277883145 9.68519032590234 -59.1181660087294 21.3264070191269
4.41605020565267 9.25525493563268 5.25192903433327 9.65669598301627 -67.2950881241911 5.19526049725993 7.8170569902536 29.2682319293471
6.57622134669932 7.87545900434228 0.620945119585505 6.00186025355196 -61.1987231465145 8.75588199932778 0.870859735921554 35.7645020424692
-9.56773390674537 -6.82930373645018 -3.80063987510215 -16.896338047606 -19.4389820189594 -21.0898989604338 -9.71836340682665 -19.7916906923989
-10.6850587994786 -2.52486153970278 -5.14075301941076 -16.7720511016398 -13.8118903035623 -18.108638636771 -10.6775262697642 -16.9174472817685
-5.66566283382332 -7.55760866220151 -5.26539812543495 -17.6749750031052 -19.8045847689098 -19.1179282868145 -8.5787608685224 -17.581339424641
-1.33985800673514 3.1927671753362 6.79631235349324 18.3795213346676 20.3392382965586 11.0347172863395 10.2340513433447 13.3336440052448
-8.75576520896579 -10.7947682321547 -57.2201252412628 8.72788565166881 -13.4119546033271 7.47155949890865 -10.9394829772951 31.7738567955988
-2.50687047947112 -6.38632829217346 -3.46762697529619 -43.779566796225 -12.4566028263335 16.2996744125285 -12.1502812260171 45.5353711109558
-56.6357394396812 -8.41920924175156 8.83764000761224 2.6001772589739 -13.4150468333358 6.09730567789715 -11.8824902147966 27.2573539227006
-8.4105098633063 -7.04062447522303 -10.2455359238271 -16.9108027386628 -17.2218295398118 -17.8960590431653 -11.468947421191 -15.0804052160726
-3.19703874124563 -10.3176598352703 -59.9760991906792 6.79413296666707 -17.6701152144887 8.17695361578932 -11.7534675254464 26.5471332235047
4.29156170167841 2.86446024361714 2.45521156478557 8.52029288466312 -56.6638446605244 8.03310320721734 8.82402152329579 25.0923127343731
2.37262976226101 -60.7658957369746 0.698988427106157 10.3493372056614 -19.4822625914757 6.50046374428313 -14.8495386828059 21.4185264314745
13.6126884877292 2.77695563712002 6.39907057994422 17.36682863555 16.2971781906272 19.6570701858095 9.22695909235227 18.2876102994579
1.3855917067535 -63.7796736037894 0.939052718442857 6.00471915549563 -20.1235909064885 4.62379841452425 -9.74749958808565 22.9167681001003
-9.25611632002082 -7.84000906650531 -6.57699425771406 -16.4703771484526 -14.9535330428292 -13.0916115922005 -7.28174338175638 -16.1881202119001
-53.2548462132989 -10.3130458997434 4.05863921723078 5.03615695825325 -11.729942652612 17.8548556993244 -11.9663377996557 31.5464372157767
-10.2861539443675 -7.0980116943812 -7.76012716993555 -15.6487128841312 -15.7083992919154 -19.4567846557493 -5.56549424570352 -21.682538326488
2.18126331363685 -0.445158740888742 4.02166732724145 7.02000006992731 -17.7770610143423 8.7583607815646 -60.9961071755372 26.1329220213946
6.61685914650052 -58.2467851556797 3.26482595013569 3.85111463009405 -13.8435099997311 10.308731254801 -17.4534251816655 25.9136454383512
-13.1624414392424 -6.0832751264095 -4.56408813680049 -18.0487170284005 -17.0265052360893 -18.8866079961428 -11.9446575631469 -15.7918064740397
-8.03965418495806 -8.35050006310987 -53.9423093547336 6.61727826775635 -14.2712060711957 11.6801131033596 -10.1127549851239 22.6187472024238
-6.34944813960291 -9.58444748059962 -57.8334294872301 9.09630980355122 -15.7978517947168 11.0831926245081 -13.0111993768484 24.6946412351847
6.48005912253276 7.99569554266385 6.53988622494821 8.21546187977978 -60.9209514033188 13.3008704780914 6.25616078789182 31.03171712428
-4.98744204786858 -11.0255044500145 -59.7174279256362 4.36495222717133 -14.7013111176756 11.2327504545313 -10.7438481124754 30.5811606215523
9.7663319649356 7.21167332848804 3.60905537810006 19.9001641311672 14.2024162214571 15.5359473006244 10.6045235226119 13.9883765124229
4.56158863359906 5.64464368597114 3.17255437559288 7.92416282140978 -57.0686900944079 6.77452189027503 2.20732465644419 28.2698204496806
-6.45218088918977 -9.46435255237746 -7.08339339489694 -43.9925520416536 -2.74634363182427 14.6482930275333 -15.7784030353423 43.5036258474758
-10.1075195251272 -5.6174980790636 -6.21153561447151 -18.0436211928071 -16.6061678563994 -21.123468066871 -11.3689046801358 -17.7088885007582
6.03333502934178 7.2334786958143 0.954135692824163 7.46820652695157 -62.4944741830731 12.2525003685066 2.48640701882685 30.1371010295889
7.76975405679294 8.92068000959782 7.67107942046157 16.542919644947 13.8200687577643 23.8160723996727 7.03997183885611 16.7514922766269
1.5241651940132 -60.3454951604838 5.23604672757591 5.50748522298235 -16.9824740912637 9.14230769952879 -14.0515168956961 23.3645251111475
4.84695589639524 -55.4284567151316 4.05769896413557 8.11903653279773 -13.3475719862365 5.92213962578385 -7.48153134364046 20.7322867291693
10.458600133303 6.3912276746992 8.32306145149862 16.2550640351324 15.6157308705003 22.0592542559355 7.9572683493937 22.5307530873334
1.33166965527487 -59.7796325997495 1.05314489710822 10.1921413527913 -19.2624734711425 6.55677231158914 -12.0705872949518 19.1670377545004
7.42624022073072 -61.4198136766747 5.2609846862112 8.74374961963671 -18.7384252942027 8.19240947569588 -12.4851816624753 23.3782127764352
-5.5378894901126 -8.4376209218568 -55.809701657299 8.17630286238879 -11.9057018628743 11.2139495389963 -7.34853318444137 32.6935559819861
7.45575672341481 2.66047485769618 -0.606114588870916 6.81252795773524 -14.7868744282701 6.50799772369796 -58.5747184464788 23.8511203901429
-55.9085735071588 -7.82351285964384 -1.01768210526927 8.87149427940291 -15.1464242649043 14.299448870541 -13.9183804136492 29.2324528790647
4.53322860089613 -0.764636897484534 6.40708502449877 10.4687855280212 -59.137407306339 11.6148268940293 6.42950942419036 23.6164465718971
5.15358770044831 7.30511133458983 6.52470052488315 17.9165431597674 18.9315338927802 25.3964276046612 8.45004423486441 9.16718726257067
-52.434244802302 -7.60407571566936 1.60372637571678 3.46987991092944 -13.2311463818476 8.59800393750348 -7.49376349744565 35.544913302861
-55.0525939801845 -7.4024460415604 3.06788911513879 9.75225278786055 -18.297821105147 12.3223339078773 -14.7614813060468 34.9701467113035
-10.4868547313372 -7.63249297279618 -3.36840238532178 -14.2892097673922 -16.7577241920345 -19.9145128552437 -9.48493176285673 -19.3330425285972
3.69579812497417 -56.9228796793143 0.437384991346561 5.74585233090461 -17.2047842571397 5.91546886394649 -8.56971356124568 21.2153346002491
3.04672254760558 2.91186063823069 3.09722748800861 7.58028515058303 -15.7797426868617 7.16918693436944 -65.2911999199834 25.7651512765038
2.02198875990705 -61.5382936150271 3.05782081862116 8.4421110648695 -16.1451500273943 8.7926086980243 -15.7114133568687 22.6313357606452
4.15501446518224 3.11560087926729 4.47682041707449 8.16942642768048 -17.1841748584979 4.75243835773562 -59.0988814583372 24.3199548675849
8.12323270975323 10.2619123173652 3.69881131350293 22.3666404140376 15.3566511226096 14.3851620975369 6.74707937649832 11.8825701481545
-3.71242296441788 -9.3854092435198 -5.27250871550673 -46.0911276722039 -9.51737020674366 14.7293067335363 -10.286600811523 46.1885127771767
3.20588309362021 -62.5440930403459 0.966535677082831 4.75978768891769 -16.4452741299139 9.1301921090698 -10.3733490133549 20.8123173181169
7.22441636420915 4.59249079963958 2.13217441557079 7.57076017354453 -16.2708305819541 9.78517223218118 -56.3526370185415 23.9245205304375
2.56688399699684 -59.4791580962393 3.97488838981876 5.91539089808096 -17.7123517017676 5.83151486928939 -16.4630688595673 20.1036271089197
0.742495881991071 -55.0680705371311 3.01852361846913 6.6537177938851 -19.1524332576026 7.59432423022435 -18.0795696863907 21.4758413717268
2.64626804278141 -61.6859428380057 2.47133065310827 8.97364140792395 -17.789579404755 4.96254167441332 -18.056252705505 20.6547823373658
-57.5774625504091 -9.82026474316839 7.48108330904039 11.7551147219402 -9.36975109238686 9.17500095102221 -9.14685706295347 27.2036528837157
-0.350286988259108 -9.56413598933804 -5.59933658262978 -45.2724539954317 -14.2648826345395 16.4859017779834 -11.9593630255948 46.5747228875346
-53.1739074150751 -12.9893808383333 0.233241012698785 14.6020392761912 -15.7223041635644 11.1146446812664 -13.9066607819809 27.0393707673216
1.26334724201026 -63.6769672476309 -0.513340634653239 9.04517556904758 -15.231111589731 3.01356376984641 -14.6796302948175 18.1859805238098
-55.257008449013 -7.58672730645406 5.84316832310752 11.4228449332679 -12.925030747758 15.0025550183747 -9.71018252537125 37.4502787509424
8.30383068313298 2.30411825498728 3.66745858235017 7.82034177721587 -17.9652657141503 5.21699904196601 -64.3224400135836 24.4824712586372
2.86812582928477 -58.2055623318128 4.99001826881203 5.41829111880508 -14.9635962849655 9.03750942184008 -12.0496061841489 22.0661555843699
8.86679937404218 11.2674388814023 8.00814349496193 18.4257398348652 17.3693708485381 24.633835425577 13.8165822507577 20.9327883852873
5.6282749662595 3.17661806217098 2.42225310408912 7.63949020714153 -15.8730970438414 8.77170773725681 -67.0246101089419 24.0625082562602
3.91965921219092 3.11268214519996 3.12002688095073 9.60145114288605 -17.6130607974057 4.60528581502598 -59.586649308934 23.6800717859947
7.41446627226164 8.48442674875575 7.17104441766568 18.6713494751096 19.9840284642915 20.0056923298348 12.1012141189206 18.7655470777956
4.25766074158948 -59.090259523995 2.01963907572285 7.16023596109198 -16.3958224025971 7.83927402383874 -9.75399508798724 21.7182126439164
3.53628925425611 -7.92425694675075 -4.24973587179561 -47.0264679838802 -10.0572437048476 13.3970694129102 -9.41422620354153 48.0120147055252
-9.29925609982769 -5.33912798911695 -7.88280724641633 -16.9181938497564 -14.6078545883082 -17.5120638985045 -11.1368595721392 -14.9636186077298
-59.2093165438888 -10.4444750552378 6.34490109568359 10.7669640879942 -10.7869552137931 16.4125262914879 -8.74895402768806 31.4720486062446
3.30669140625128 2.18842308881921 8.3154320211502 19.6546907996982 18.6150749792978 14.6770657287693 10.6740456666268 21.8173295578587
-5.54768553490936 -10.4947440342902 -2.62701959104609 -42.5099096539848 -11.3206111136676 14.259909286036 -10.8130303889152 41.6982538001961
-12.0860538146732 -4.96867508047438 -11.0957307826304 -16.9036108126454 -15.9723421228056 -20.11645778773 -9.62113333400764 -18.8811383150396
-10.6200185154655 -5.41993619125034 -8.15258138935543 -17.1603725826535 -14.8942197281195 -20.8574632953185 -15.8504616423344 -21.4844936107991
7.8402866762958 0.768026423005477 1.58883801820505 8.18665505754717 -15.8427282577342 6.53980974010774 -56.9157404483693 23.8805233418198
4.36855641277345 2.69286178169941 5.28532480922028 6.16762562722847 -15.4290658174014 6.96851341880349 -53.6636699396811 25.5725920348666
5.17580287703151 -62.3086080919397 4.8702299663666 6.14905973521787 -18.62663810286 6.26387011882235 -8.95777080252274 20.9556882403915
5.20679805849684 5.14928060666277 0.502236743740387 7.47066596975332 -13.9167518421777 5.33543508696798 -61.6256823459808 24.2748214940873
1.49380160315138 -3.42170732817133 -3.11104992777426 -47.6576207021873 -7.4870576960295 14.5459787008345 -4.79205275955527 45.8292450473058
4.01410832610039 -62.8459076919152 -0.5337752780186 7.37131241207727 -13.0783843385695 8.16552079531176 -8.43646595997624 25.9422170880267
-56.3056937063488 -8.25070339023757 -0.820563919806481 14.6463662508076 -13.0393218530652 14.7392797307832 -7.00281441265219 33.7505901700936
14.7611211771754 -0.98535842082432 8.81677573600682 17.3241034670957 14.1420986716822 18.1497176214713 11.2887833624187 23.408438857324
-8.33038081339217 -5.08315514026678 -8.89095115429308 -18.089256281876 -14.8832897284853 -19.6164353447983 -10.3386316895447 -16.9516094064093
6.4650952747931 1.83276870980513 4.23681236169169 4.40762035102795 -12.0455155114496 5.81175148548845 -57.7894043181872 25.5031289066887
-5.01437159268232 -7.38544538803185 -57.799789834675 5.81769617952019 -11.8425888780237 9.99123182528436 -10.4269574285876 30.1570793245252
-12.7933798001063 -9.46966790933378 -9.39309317787575 -15.6233186516753 -17.48765980305 -19.6494521892419 -6.00216805332129 -21.2914314482816
11.92164744324 9.27322757950017 3.1852774847868 21.2683810819809 13.2450553369494 12.1288195962617 4.75543061265549 14.8868477639553
2.30837220696351 -57.0700562592054 4.45416845111876 9.33802384008139 -16.5922742479644 6.25812294708548 -13.2626984918102 22.7517907933806
-5.7601802530139 -11.619250176227 -56.2747899306809 3.76418575136082 -15.3059396768663 7.85473645941014 -13.6800113753031 26.212580419902
-4.91914067395712 -8.03740511111091 -58.4315094189906 5.06589751606621 -15.1897110117808 8.666191838059 -10.9941850175284 29.0801958136727
12.7475846489039 3.91236888202623 8.19310184754756 19.521688721988 16.5878106302329 18.0681457923274 7.75629732400227 13.9276874716585
-7.41672819223483 -7.95680261309779 -10.9348391887275 -16.9411455192698 -18.5020355198274 -18.8178893478418 -7.52275539246036 -18.11712565657
5.69655680573639 6.23445240623884 5.68022310107827 18.1584064472975 22.157920601564 26.8466058672681 7.82941739352758 10.216330200416
2.53201163375228 3.49387616138164 1.35371100535514 7.28927763216991 -15.3823857293129 7.7994945594867 -61.2020217408323 24.8712568246586
5.97859513522543 -57.8847037677949 4.73453853739295 6.84396192584283 -14.6227549774911 8.09098189584897 -13.5269415454996 23.4430459685991
5.75874319872989 2.69847597292976 1.97250002204341 6.89594307195086 -51.8814843119973 8.30254335776893 -1.31678579834875 28.0089940091917
4.12130211916279 2.1163846613576 3.69754008334557 5.94650070865423 -52.83019231301 7.5230418359675 3.37607058127448 24.9595045557547
-10.4114235431148 -7.2713390802361 -7.73580411214683 -17.8132340063619 -13.4737530628788 -16.9324216446588 -10.3118674847964 -14.2735558431044
5.06860163530158 3.81564053386706 5.16532883543957 8.94926324569102 -15.4702754625322 10.8534502393715 -57.4056755988513 24.0225433292342
-53.7133804534333 -6.062988547493 0.520645840510445 5.61233368882308 -11.6739027079792 12.9901091235545 -11.3432970988324 31.5268515337818
-4.05390252701515 -8.71983418810314 -5.92339982021174 -40.9049252720817 -8.0089731839394 12.4531839308737 -12.0988420306698 45.5807963636241
9.04832189998401 1.17899069262108 -2.23054800170617 9.27332257492988 -14.4062666863396 6.87354955742295 -69.3331766593228 24.3578880983493
3.31208658549022 0.628455725924947 -1.23778984184591 7.3023475798534 -14.2974530332645 6.02418209162351 -61.3971011556559 22.7269579933012
1.30005768385437 4.00971015372459 5.16136763456186 3.66342990441023 -17.6225842308538 9.42345325693155 -65.271947921533 23.9629810177625
-1.10394489768284 -5.58722602159455 -4.09558756048241 -40.0816145411093 -7.98210035660124 11.7433642720197 -10.0590263707984 39.258113998059
-53.390692213292 -14.2361979718157 1.7534270619986 8.53479091972077 -15.0357973464948 15.7106118460899 -16.4380334007962 25.5428999597481
12.8017743875628 3.76015824655193 7.70000497647385 19.026049649421 14.4271141564247 25.49627177467 9.81178308764512 22.5932466635176
-0.163917303205164 -62.5647734280675 4.57216094040977 9.68252424978425 -19.8307277276366 6.82053010368722 -15.1112365868352 18.9293780661727
-6.52972555188102 -8.70934166395943 -51.6721153156227 5.52131879123644 -13.3644718359511 11.3049383575311 -11.7783822720275 32.1381307679923
3.31321757205743 1.96338661344382 1.9805664709958 7.90072071737313 -61.5764196064768 6.70618599938731 4.60485277119003 25.830429929713
6.60519847911385 2.89997799424086 6.35738531980191 6.32865538513178 -14.7701710790011 5.22004806066436 -60.60564496085 22.3330880754089
7.19030446850808 -0.187390689309794 3.48600047937002 8.73068037896164 -14.7850850094868 9.265609658401 -57.1838136626152 22.5837432777896
5.1544084833088 0.00397713267394995 2.68431224817763 9.58984219877306 -15.2553412048393 4.8960507348666 -58.946223907946 24.036088087645
9.45521203514794 12.1745874318396 4.83012016451518 19.1825855665124 19.8416505628232 19.5297870193106 4.93585558707115 14.6963639163267
5.50269444988209 3.95357302007537 3.28243913933226 6.37209760938638 -58.3759826314311 10.3374842893718 3.26791071880598 33.5611144376812
11.2088144766538 4.34534469785762 13.1665714670787 19.7511110156918 19.1022658725385 25.7947791910556 8.12308884628718 18.1565203482372
1.4841839980466 -7.90898174924557 -2.09323693943559 -43.6106952390565 -4.52443985115003 20.3237823217133 -9.78734242694995 43.3894404542271
11.9128502851642 3.36722290671674 5.9502431442007 17.6733971222155 15.0049058219795 15.2798618100932 8.24619703919278 6.4179201125769
-6.04036585044547 -10.6423273459738 -53.9244226114422 9.47870479022673 -11.4726884343581 9.980397073132 -13.3752625760671 33.3198631976499
-54.7064009107244 -4.72781290286888 3.6231695021308 6.52041828890481 -16.2626875915612 5.80230131029886 -7.01979825250253 33.1636700422133
4.74662180244304 1.84058399155601 2.10151508116417 3.2337211929127 -18.7802548249303 9.62256808960815 -67.593454821059 23.556053791286
-8.15887403921034 -7.95656287159998 -59.406362421817 8.38302347003045 -16.291466969016 9.93122260945123 -12.9147810939316 29.7929211545201
-7.33962792807389 -6.88219772681267 -54.8720073084578 8.25512484410209 -17.2721347029415 10.4633939877442 -11.8445150366552 26.3211902134887
6.51752380925669 2.661734364064 4.50427468190068 7.01780389836963 -13.344581554279 8.07475840489405 -62.4828604926123 22.0940165300721
-56.4699351661177 -14.5303972330176 6.79363592822133 11.1798628936198 -14.9207039777023 12.3921936211641 -12.0995268269192 27.696093143851
-6.95374999821023 -6.88244646134048 -54.3871499496678 13.3369806691986 -14.1359893112335 9.04881856913183 -10.6267091868275 29.7127736850534
-7.38480861268681 -4.92318785354439 -3.33274791713545 -17.3187367149238 -14.6739267724938 -20.3614955110819 -8.86051733598964 -23.3011937628196
0.202571888623253 1.76553564036111 3.53102729147579 9.79357708771308 -10.9050194834747 8.2754605939077 -52.0447622589723 27.4935548105551
4.4175757073917 3.33661330901841 2.46290154903214 6.88120699900928 -64.5052420421505 10.5658565366315 6.86913884687658 27.8073166214726
-4.03486601804125 -0.273450608146487 1.70286877946094 6.1062822431386 -15.1492096138709 8.09177562125968 -63.7658119824133 27.2310340076488
5.45247363567795 3.07006502837577 3.90818670872516 8.13641053621764 -60.9159627631099 10.5089323013563 6.48674330495988 27.6445065407795
4.25392154111786 1.34619099671824 2.96135256644465 10.5714960712539 -15.6504663942086 7.50850010093624 -57.4087080444587 24.7828755412423
-5.29657743696255 -10.0948671104585 -0.811788163349807 -48.1631428539719 -4.71341882311985 15.8009447110796 -9.35740961797691 43.0850138006902
2.55449612324789 -59.6740305071038 5.30163451249459 9.82713383769661 -14.8195631412057 8.89377564571103 -15.0284382250796 22.9253505400524
8.7850885038497 -57.8635435279734 6.75826207176095 4.23607008083638 -16.462260146916 4.51451507145535 -8.81862196908355 22.6864415866981
-6.91719907236888 -7.85321279988021 -5.91683760960197 -16.9308482923552 -20.1244357145141 -21.569861740898 -6.5241893210092 -18.9835326696647
-54.9858855608779 -14.5867392871642 0.790612013601856 6.31807900268054 -9.00713346868188 12.1210624248191 -11.3628436606049 27.022298232998
-12.5644138660524 -3.67072166028598 -3.33570069411967 -19.5830713802915 -18.2858718996467 -22.2735226528164 -7.64208725334519 -17.6863776785944
-6.3138987147146 -11.8768342144047 -56.5287717147287 9.21203409704248 -13.8348037129756 10.8447558387824 -10.6545306718844 32.4896400974909
-13.4815155647274 -4.9368963687176 -10.3802599856605 -18.8152592751071 -20.1637583197987 -19.9530821498223 -14.9398266427799 -19.3167446703447
-3.06626249290442 -9.4555781640772 -2.93647701716965 -43.4895254988928 -10.1468358756561 14.4093889550833 -12.193742074483 50.102427385679
5.38552842508007 -54.8380384206942 4.03715264416448 8.92104694525921 -14.7151780308549 8.22733018271479 -18.8515081024662 23.1073873168143
3.90128508134655 -56.1080426394122 2.90743341706514 4.70445903330343 -14.5435030744438 7.00440659727918 -11.5544202360528 25.9378352682429
5.11364591126859 1.96641903614468 1.67899634923591 5.1762658292938 -57.6953885787948 10.0548375821647 4.07892488904654 28.2356468659457
7.58873245937582 -60.5475671608395 3.41073425188441 4.03100933984559 -15.6501020116313 7.88450420141359 -10.2909757326391 23.7304524220613
-52.8716289279866 -6.57578648148268 5.69185495001086 9.68941454139872 -19.4061934526059 8.90015321161557 -12.2293405670443 29.8219515332721
4.27867307911552 1.84798893601092 1.20967398520237 8.96371731340334 -16.7776014936507 11.0067288871452 -61.0967664220596 24.8067757128671
-4.88112268211814 -9.37207631046988 -58.7157245651073 5.34466911704945 -11.8593443613135 10.4827267187329 -10.0662748029136 29.9998806547149
-4.04829762838423 -8.04891374998882 -59.8252799254923 14.0643012290616 -15.2714323288031 11.3504179672966 -10.1206040074844 24.2180986174306
0.95194827786068 5.58789556807756 1.88404097531088 7.92645932112118 -17.7220690139588 5.24372277801948 -60.3276996937136 24.0307529950712
-3.60563257643831 -5.04206603172169 -53.9304304943089 5.96966485035275 -13.8891021515266 7.34415221891676 -10.3185786564792 29.8640887298712
7.00114062424407 -61.715618194163 2.91764869309673 9.34120915646151 -13.4719055647409 6.10015482255736 -14.7571187400387 24.8219321744278
1.86904219235124 -58.5010326719919 9.59613491143827 3.12651379488137 -18.0627270680726 6.16332138972724 -6.70455031575651 21.4645237217466
5.45588495689783 10.7625121829529 8.67065688225125 16.6857033400196 15.9000044882822 12.3097382456017 11.8391965624299 23.7423012436605
12.6255729848219 3.78398818310267 8.71528699148253 16.580656522134 19.739209591851 20.8658988987598 4.97855764814087 24.8942807990623
6.35399223556651 0.508104229688048 1.21870334799172 5.73948410410907 -15.8309195797713 8.87301450964876 -62.1054898518419 24.0601924765431
-0.966065409361477 5.5095575616608 4.82023740216409 20.558193619593 13.6956460824741 12.4675780461 8.27582762863607 22.6511587848542
-11.1625207650413 -3.72408508204304 -6.0416291970886 -17.9979244645116 -15.6485016672039 -20.6504910532883 -8.99161826401574 -15.7809086400016
4.34665592001816 -63.4861819146836 0.612827749682848 7.7283719381799 -16.2692613103672 10.8117241616154 -8.38054100659732 24.8253137033942
-1.74917968311363 -9.19753435429854 -51.9538532110123 8.49028570465062 -13.479732504835 11.6839396734736 -9.04384060181362 21.538473522139
-6.68049054465845 -4.7623684672784 -1.07173987338277 -46.5506404193414 -10.1091035170167 17.4440701976572 -4.34635286834568 44.8214857033377
-0.42949978045908 -51.6302734768776 4.88501116205875 7.15893766287454 -16.729949572933 8.2105025619838 -14.7010785250271 22.1524066704065
6.27937130883807 -58.4260865968386 2.90922989891797 5.75549480690275 -16.6981026156741 7.0593499684842 -13.8052546856417 18.0347635721098
-9.56922510610521 -7.46925513191407 -5.62316100482089 -17.6433181014435 -20.4064616618244 -20.3741000201268 -5.05351851521839 -19.5251524064483
-57.4411015434272 -11.0720111259307 6.76212434613317 7.33933557519122 -15.7245196109552 10.2925304177371 -17.9631234232938 31.3688926993885
-4.56032412535723 -11.7063167870793 -57.3305038582323 11.9920142141482 -14.0830524086986 9.44495366205854 -13.2451834186271 27.2891772966819
-4.13207262449902 -10.6137040783943 -51.5200030604217 12.1431709584698 -13.7097378822372 9.04462816669828 -8.50292222054156 26.7912246794767
4.71206291076094 0.785041978847661 7.21203960059033 3.57643027358026 -12.0098099754437 6.9867765204529 -61.5308784869257 25.8936894366815
4.17482101115745 -58.8400494899186 4.5924227526824 8.65070522538523 -14.0659862518213 5.32544684143095 -14.5555774349234 20.9850171250004
6.70164562712229 -56.3918978992588 3.00406543275965 6.61701397611104 -15.1626902017055 8.94698792798068 -13.7296688086942 21.7550386021706
-5.29819570391333 -7.41518445374957 -6.37651517975839 -46.7067877486387 -9.21713671889657 20.5431741322132 -4.67210957213981 47.9460786928822
-0.72548604286817 -10.1760131131912 -54.4865044088365 9.62059208483356 -14.0647252859048 10.9136123693477 -12.1155336751505 27.5297389884927
3.74644770094128 -62.1912098673626 3.28925073885058 6.15267183735613 -14.5885888176903 5.79589093424507 -10.78864099641 22.0079146860662
8.68097368659754 -59.8131714155872 3.37395770757232 6.52926001575269 -15.8850965788162 11.0415653738418 -7.16979219525172 22.5517651966799
-56.8128968785771 -9.21148438192412 6.6337934916554 6.42480544373114 -12.5779865775372 15.481640034184 -15.2894404805288 31.7908582575868
3.4582266110277 4.76126687140267 2.39907540583375 9.49567072322173 -59.8503214656673 13.6512461375219 9.64323263319584 30.278635697548
-2.65996197309631 -7.55527614838277 -56.084248778719 9.02081466380965 -13.3137376930091 10.3663518956495 -13.2452146541077 28.0454610847834
1.47416457046468 -54.8123406407072 7.99451167644167 3.56161663129891 -18.2288981502417 5.01195502174858 -12.9466083149522 25.5541401477052
-7.8058171998149 -5.36124918564386 -7.93824125846856 -17.236460097599 -13.96127098896 -19.1995822496482 -4.43937814127559 -16.6336943195662
4.92120721105204 -64.5994605962195 0.381271265456743 9.02031808437179 -16.891573757378 7.93411709234026 -10.9061615484979 19.5749493381146
-10.8106137226636 -7.28660963385772 -7.90240149379063 -16.8828981613585 -18.9175257387041 -16.3853645636555 -7.61742074838317 -17.4173994698456
6.61610962634869 3.49710635547663 6.6446275448061 10.6657739033429 -17.5827219037413 12.8748825050471 -59.5733800995798 23.9449011767759
2.35678086921108 2.66285313720011 4.39254022465858 7.76012171596607 -15.4054111507263 5.28119643705677 -60.4467271576006 25.1221894263776
3.72749978796983 2.04265567615999 3.09060695918147 8.0526440337815 -53.6254786399469 9.97786792990187 -2.01586464972535 28.6247654010774
-6.65299303473272 -12.9320611052508 -57.7593363517382 9.77422194680471 -15.9584051376768 8.26600970850313 -13.3968789732289 28.2363556291817
-5.59450917225599 -4.00146157106633 -7.44039421097818 -14.1610148859777 -15.4590620550632 -17.8312881591077 -12.7481107767974 -19.8138329060295
7.78087862599868 9.17908573103696 4.70139807207898 21.9317663301463 15.245555557365 19.7260429479993 4.7847295822208 15.9001078289762
5.27881958973746 2.05304784313497 0.78345232322218 8.48621877394315 -14.8852412321433 4.81996844718027 -59.2490633000796 25.4951192757474
-5.45268234726475 -7.2164176547296 -56.7671113535071 11.489251808987 -14.6047607680989 7.64730877386652 -10.521206316263 29.5065269805427
-4.2048955148171 -8.6402005536089 -2.03787805123493 -47.6144384905219 -3.80243907413819 14.9348868380396 -7.86276053520468 46.443937519981
4.38206698076053 3.80348726762373 5.06461046976554 9.08268969765967 -56.4621918076267 8.29401609969922 3.51272257358203 29.5740611070682
-13.0459965803879 -5.90373218875616 -6.26202114285581 -13.7963286114085 -16.4613664958342 -20.9389864271167 -8.55371317358653 -19.9708567902596
5.24280300052702 4.72069678652654 3.89175364595993 21.0081492960786 11.6477682265535 22.4221399466081 9.31584945214304 14.9451301010199
-9.17338455320444 -3.65170426700216 -4.58821719500195 -19.4864769840513 -11.5870279408648 -14.8041605823474 -6.43981627125005 -13.3039559505835
-2.05244187490672 -8.36826107553086 -3.80079695880359 -44.8484310852675 -10.0781122455554 15.9077219547033 -6.3500724283168 45.5977848935967
-1.04534548920001 -6.0212095637862 0.770200864503151 -45.4138605627247 -8.73991550076398 11.1612220260769 -8.59582452398436 42.9056447464403
-9.41850708155957 -2.96479740503703 -6.5971711901607 -19.1981447027753 -16.9564749191527 -15.3262278248956 -8.5872231973877 -12.4542239265639
-3.77616262182319 -10.610025321898 -55.5350640977985 3.61043187746056 -15.4937080464179 10.6050444842395 -12.2368079157805 29.470712419641
6.0175765871515 2.79112144639283 4.93568211043089 13.6444153678795 19.162033748152 19.2357428477274 10.8860276016826 16.9750385566531
6.12000151962892 -0.316560192090174 0.730656554968931 11.774897516914 -54.1806818125718 9.35730660535823 4.98427110531955 30.5636548943506
-10.6411158414167 -6.18820999273708 -7.59204442254763 -18.8341504930357 -18.6512436638404 -20.1395640582065 -10.4834797415681 -11.9403776509486
9.00865751569204 12.6500577051618 9.06828602222761 21.7617695050631 18.4401178939415 18.2062597738431 2.86350545194414 8.75114452278549
-8.52709532725546 -6.76389098099695 -8.99652925719457 -15.8987473167205 -13.6747521977569 -18.4672371419976 -6.45345820331432 -20.6128824139231
-53.3678483808703 -9.50238173859504 0.191781265898596 8.329057462031 -12.6725368016642 14.0280995063589 -6.00430007274751 31.2949690055023
5.82577355960917 -60.2624262954094 1.34078964446543 8.02307572424834 -13.3043981460261 7.85042752824989 -12.9863335247413 21.9477764992659
-57.6434629981339 -8.21577808913829 8.18785916413988 11.7866150374067 -16.3938898722073 9.82885427600833 -13.4057876553519 28.2937330875043
-5.07155463804348 -6.53223877116973 -53.4319773894103 9.10790887612371 -15.6675930331817 13.2649256948991 -10.7677994623226 29.1460243693324
-55.0538340840017 -9.24387253358615 4.73308522804082 5.19048097398958 -8.08896199896675 14.3140405152317 -21.4886159783173 27.7028170560905
7.07607522038081 4.10323470436527 4.23079811806044 20.6889324607293 15.5201494311232 18.9542162733793 7.64586101295803 12.8696078418836
-6.32232793375081 -9.00936879409411 -2.68583421805581 -45.3673505946057 -7.18444599692754 15.568977509931 -4.66874633726084 46.8669508004162
3.42643824085047 -58.021351334545 6.76053415469979 8.85755549320188 -15.6675679388899 8.22104900600152 -7.03960684595204 23.7952593154615
-8.42256370487878 -5.49232579912517 -9.2548143732435 -17.6328809108877 -19.9054848003296 -18.7634578465891 -7.68228347594567 -19.5194759575557
-56.3197298966793 -10.0782869273938 4.19773936294602 12.5407946846853 -10.378838512255 7.7391629104465 -2.02998325373546 30.3052216944642
2.42779073935901 -61.6274700857383 -1.33816474753649 8.06577990875612 -14.7401257720935 4.81828989751585 -12.3014581208135 22.2015550517178
-3.81970395635449 -8.89636255367788 -59.5348476564366 8.92708628597367 -15.6072888629459 11.0455599621454 -8.85047060658245 27.3008497912591
7.94448607780995 -63.5815716779879 1.41294241201632 10.4797237482829 -15.7380601207002 8.05495324473666 -12.3422212110755 23.5815883305408
-9.6296954874116 -7.68930174721209 -4.4511878117738 -46.0661689002318 -1.89588067603184 16.1750921437081 -11.5433867382504 47.1248645182
3.56319549841238 -63.073405924758 1.20933190365423 8.57272672713494 -14.6592686732137 5.36371445801662 -13.7967558001151 18.9808087632204
-3.51217078575403 -8.38375620627561 -5.87285890461128 -46.7132575688795 -6.432607753557 15.9016857704021 -12.7726982963577 44.728866040337
7.00634307287578 0.23905418988705 -1.24512595688576 12.9660644791833 -15.8342564945991 6.38334393763344 -57.3755905075872 22.9719708605975
6.04387877231246 -54.8732513112185 2.52541535470941 9.29804857406304 -18.7909977583231 10.2025633161624 -10.0873422278052 22.4656158251302
-10.8620445252826 -5.02538878437848 -5.91985144375546 -16.7289380128997 -18.2824513305908 -19.6769875475823 -8.19363258490019 -19.694538286736
-55.8416318854406 -11.3625095862867 5.0132005846526 11.5499044516106 -12.6224101817079 11.6674654896847 -14.174633426406 30.5864132695289
13.4016615741585 4.33598444667523 5.05715768274836 21.9999422246265 17.497119183435 21.7026001137087 8.40148168513936 14.1555703058755
-57.6054111416276 -14.0523431374077 3.705701235921 11.3561410693713 -16.3899717321643 11.4986869583685 -11.1901644803262 27.5539590017775
-10.078392348561 -6.78457986893527 -9.0461521760845 -16.825248908724 -18.4850054527461 -20.2211642742534 -8.31853627437117 -20.6011818653001
-5.2976055873081 -10.5481650584418 -50.9293402670819 8.58806805688105 -12.7173158983645 6.16290494934422 -8.17832188964465 34.1187516507015
-6.43331284893902 -6.99816155493686 -8.31352869243436 -16.9141411600235 -16.322405474454 -20.6043258205052 -5.76081671757826 -16.0276060774011
-10.221054607304 -6.42529707966347 -8.84360166511363 -17.7893938506779 -12.9839046995466 -17.451438197235 -9.17284354832257 -17.9456745583002
4.82198493842148 6.14565758851062 2.27171984171516 8.48971928161578 -57.0877916004597 8.74545638585678 4.74330397344512 25.5498638486756
4.92447184463339 1.35697337628024 3.57343519874134 9.38060013581506 -62.0960685367096 7.41602036602969 4.37658449693165 31.6144669711929
3.17306106408338 -55.6394694155249 6.18283559761191 8.4396998731397 -14.1472811315871 6.48652761189784 -9.30216778946133 21.3141978888176
5.86752897298343 0.53638592611269 6.05697555352023 2.8393971216545 -13.9409719702103 1.80292238190841 -64.0509134122567 26.3464741950439
-6.75401204189804 -10.3463691042396 -55.7375137826215 6.44133295594401 -13.0286051792157 9.94252416364463 -7.43938751086153 29.9075853619015
1.28274114378476 1.54650091514561 -3.16550701908877 4.72369187498212 -13.7880590730438 7.1233130363367 -59.715203010508 23.5792379406613
-53.8676699087439 -9.44166895061498 4.82443193276572 12.4259670918485 -9.90000524427599 5.24408310798066 -12.086253766974 30.4271317163471
-5.62659512766676 -7.65672654998952 -50.7943093947255 4.20862202745899 -13.4802399519867 11.6513992626415 -8.50237007210027 26.1151630408391
-11.8792707823951 -5.5078051934058 -4.36919017390801 -16.571858612353 -11.8045212696216 -19.0043233933172 -8.89590758026202 -18.4285556078327
3.99124461387284 -61.3615638689887 2.03081785671828 7.25161987995083 -17.943793997774 3.77322223833326 -11.0515836725211 23.8395047226622
-8.60225366342625 -4.14827527732072 -4.34265896578295 -16.2562375861119 -17.6663472235366 -15.8677119352521 -9.52703800837504 -15.076094146135
-54.8436975530411 -8.72614315801377 2.24151955536032 13.0231819895125 -16.7884611529756 7.57216750067838 -7.13218305483662 32.2396943346137
-14.5568455554882 -6.93958922436877 -9.60839342782597 -16.7634429392577 -20.0343697520093 -19.8124698531338 -5.00345981643562 -17.1787632774124
-6.34447410460041 -11.5175978362107 -53.716935132106 5.54758196301407 -13.6335888865704 7.80212803700544 -14.0111775500792 30.5510197155524
-3.44541302086503 -5.59485540932713 -0.485679053504487 -48.1422245317779 -2.61053864961164 16.9180261289205 -8.75717047806461 46.4907297737737
-11.920375456436 -6.03683461970228 -9.3746392183459 -18.4209256689088 -13.7394282992063 -17.2945749111197 -7.06476109578447 -16.438565577416
4.47906830593666 11.9364399033933 9.61903834529204 14.1263114464152 16.4158712234929 22.1948824007013 4.53797980245369 11.5361636597464
1.90340186960133 -58.4164688225569 0.765959541587207 6.67390114496113 -17.2535970133487 11.042245777537 -8.6454846830175 24.2365237855425
14.2642384311585 4.6096040917523 7.51869837655161 18.7195154691641 15.9792636279705 22.4863768754377 10.0185695063963 15.1086094664724
-7.47197165216444 -14.2954076708779 -56.7989392855667 9.17873086387871 -16.3629114662811 12.5159318473958 -9.40469978157459 26.0125162365268
-0.76494181073313 -8.73657116164007 -1.36714853507364 -42.8942893649001 -14.7863892891154 19.2310240786826 -6.60367773965085 41.6395452428731
-5.47412253306101 -9.16272021046874 -4.67202723517312 -46.6904739998619 -10.2122225996353 15.0591473163512 -8.99241554915274 45.8753040077415
4.99202125742537 0.505163130547114 3.22167565296942 9.98175656012126 -59.0756289152461 9.83954313369932 5.16883359540291 27.5364816855591
-54.6322134865976 -11.0495054404781 5.77396022664822 16.1085661982054 -17.5883428495512 6.88855603019779 -17.0503432954286 25.6668093151452
4.02192499994099 4.95737793808263 0.670845602534163 9.4294827620376 -59.2868457096539 8.96685380325441 2.36443939629941 34.2676148822607
-55.8289316128931 -7.85858378099709 2.97401452719141 7.46761708424167 -17.1902505591847 4.43012508185836 -13.0389267604252 29.1841098393264
-4.04686964794713 -8.52521278940216 -57.0074205584336 9.30054353306226 -12.9528015039892 9.68261686447744 -8.21453209884497 33.3568035647775
5.59383825030667 9.96397517942618 10.9636316874473 24.1357622785243 17.2482623630405 16.8621135727279 6.58157266846041 18.4876029659975
9.59935442363175 2.7742167012491 0.609663962615861 15.598428756971 14.7478638370892 27.5018802323031 9.39941007781037 18.6810740491357
-4.1067688031144 -9.55857939798217 -48.2800091980638 8.91256207536109 -14.0808098486523 8.36310128047808 -8.35398983246596 28.1459087118531
-6.9745949477193 -6.17557567463822 -8.54536848866634 -20.807843082805 -12.764281945767 -18.2838177908978 -4.99401632295706 -17.7016297891385
4.46964310485803 -64.2825905285651 2.34272738360796 5.44325230610228 -17.9446342402746 8.59662702387789 -12.9423164453202 23.0029604514313
0.846231308411002 2.38395608474096 7.32720810591545 11.7289236443441 -18.8782862929969 5.50310911303876 -59.8250691912367 25.0168768194025
-0.770191236455541 -6.60285438960802 1.53650725435258 -50.3482112437148 -8.68961163844589 11.7331665278848 -14.8963061576935 45.1270915224039
-9.12348827057213 -5.76343847574181 -2.31055400239077 -18.6994860834825 -12.2755176305622 -20.9682015288825 -9.63902987122933 -19.83216148756
-54.8652703995862 -6.89821268621849 -1.43919335948263 7.05435098986994 -9.97333437299274 6.5725110067084 -9.45973083468299 36.3157367154572
8.06823171588739 4.46016504594684 4.2428378707902 6.6620165779992 -16.9708389786364 8.05270765474657 -61.9549736805037 24.2257709793707
4.73472489132519 2.11012762471446 1.30053739306443 7.27508195115279 -14.1068106907407 12.9778745037048 -61.2614496823061 21.7608729535894
-7.45761226660617 -4.57721498008505 -2.54469487493475 -18.4168828421994 -10.6048134662275 -18.7464675044383 -7.53707328459308 -16.0084699260864
-54.1525014442016 -4.787858683375 2.11774801058181 11.1581724899266 -10.3275884012 14.0566558996806 -9.9517986335871 34.6905496167081
-0.626672351652697 -9.51547673203728 -60.4643724725868 4.74950473639318 -13.2651582258858 8.72713644390369 -13.0106098751638 25.4537851247076
2.2295980554624 -57.6809829400813 6.21049703151435 5.92104062806186 -16.8593248818947 9.47148008810048 -9.20430641626137 25.1281134802151
1.45429770245916 4.74218340988088 2.09964107935884 5.48300755318752 -16.1552174259087 8.97969424152086 -62.8240348945237 23.3061941404656
5.276945178175 -60.1135094057765 4.97384383782906 7.9529159708707 -16.5232472256418 8.27650654509945 -12.3513776833945 20.4882877227987
-0.066566070093232 -59.6635534139924 2.80163679489602 10.341674919651 -13.3857734728975 6.18991447705112 -10.6469566585558 21.9617192557462
0.94123216915231 3.20410728006922 2.62544314030108 10.2365625076546 -17.6014132961528 9.30303539759728 -60.3655131709066 22.4042418271921
5.88035564453252 4.00878472513866 4.9899599755175 6.42065542997452 -50.4615742702583 12.1687394566124 6.37090309634782 27.9168976447868
7.6581061217393 0.531710679644524 9.68911301697544 19.285880195777 16.1570431550432 12.5085536865123 7.42398426939845 14.1424302277996
6.77184338367491 -53.5338727735197 -0.493878314015124 4.71675420670537 -13.334870610953 11.563073534086 -14.5555021313581 23.9778065871482
-55.1631007582682 -12.9452365425517 5.70888687180724 12.6070822548032 -10.5604836772052 10.941345614214 -5.6946841437925 31.3135067358753
6.12959831284481 11.6738942585032 11.3671784340623 15.2579026853189 14.8586145496728 12.9199002828561 7.63219980344427 15.3942650747729
6.1249347190607 -59.5527759305475 3.96530376252751 5.9255670780925 -17.0975687389614 8.34384336213877 -9.54557325997798 21.1902124737617
6.97151785804385 3.72507633089736 6.17289554089722 19.3090258799382 13.6850417241692 7.30650351431132 8.54633472543007 15.8428469311068
-10.4095455593348 -3.13061413246196 -8.64405576295984 -17.0373435172822 -15.5061181300007 -21.3062123940627 -4.57500814413651 -21.932800796917
-9.64754812866486 -8.03056245725032 -6.06406321908471 -16.6278323886132 -17.403179525064 -17.4089334045327 -9.98601848096981 -13.6484071141144
3.96962104115471 5.59741020142939 6.09189915515121 9.25716541013455 -61.8659594471684 9.41735270181927 6.1933899117364 23.343838332582
-1.7682380808455 -8.65682747206853 -51.9399990662774 2.49552112552417 -14.2422814050613 9.40010231599007 -10.3461939018346 25.4236914909965
11.8214055807075 7.57396155354001 5.52775108933344 20.5288628986654 17.3196920558285 12.5763691550001 10.3726725926718 19.3288785528287
2.96605309568621 1.01639796004955 4.70478109122494 10.0908733279681 -12.5212264668963 5.72846921514955 -61.0655478222393 24.4777323952224
1.97309678123904 -55.6727912459279 0.900843884298054 3.76630148057445 -16.339911628128 9.06990169567876 -8.22490888131871 23.6431977600957
-6.29467946855038 -13.6217018511624 -56.9064517865658 1.1265027407341 -13.652184053443 10.3329192164177 -7.50912328774453 27.9503711139168
-56.1022201798955 -4.29106272372997 5.6411083449921 10.1497022448895 -18.2537129918518 10.7149387369545 -13.8993574610094 31.6813571331007
-8.41259565606428 -4.25451513948031 -7.72274538516816 -16.6542608617956 -18.7583532168318 -18.8401150664503 -6.09048242043938 -18.6908164240054
2.92301102433876 5.04446989385543 2.1655807803809 14.6763880641608 20.3898349282314 14.8699861332746 7.47196990637905 18.5886135525921
6.11791175266265 0.260153839653611 1.38742512476961 7.51951969281941 -12.3204532483231 5.85822659975516 -60.9632572276098 24.5231562389329
1.81295664815315 -61.2290170535917 3.83356077835601 12.875428241082 -15.0267179803891 5.83154084404731 -12.1582042551707 21.0832667476116
0.179288455844182 -56.5530934368709 2.69532263192521 4.76526831761848 -16.1653192566755 5.55314664712488 -13.0258932414212 18.1291447084502
4.12360254632529 4.67934937033651 2.7902129347626 4.59993346732715 -19.70401530586 7.83775885491822 -55.3558015379446 24.1179256445281
-7.57686030101858 -13.0197768575488 -51.8853091257126 5.25640873019512 -11.895176500723 10.3919311522332 -6.63111386190107 28.4845701906475
0.670613628485758 -56.4885940492581 2.72744798758007 4.87250115499238 -17.7578694589301 10.6783674819023 -3.11078444512519 23.9069067773134
-1.69383063446623 -6.41035137388809 -5.53684755122949 -44.6360322320625 -11.5358434925273 20.3378653980147 -14.027308669588 49.0656982633727
4.84891742476134 2.45374342834967 -0.625724702650156 3.65612131429611 -16.1444627345807 9.93817676275218 -58.0956731223182 25.0922717288198
5.53159770070212 -59.2905872665076 3.36343175932664 8.37154528820191 -15.9713810900854 8.56539641663959 -9.17878575604663 22.4049415478686
4.64033273530351 2.47137997240014 6.7575912590524 10.2114419153346 -59.1907591638848 9.310118944062 7.41014685704523 33.5978291728907
4.53780347991619 0.833608240652827 3.25776469510991 5.83227236879155 -13.1913010854297 3.82604507874029 -60.1012396699419 24.1764964609015
6.32552302529708 1.58687831574609 4.64407627370151 9.77105322701311 -15.5016046810462 5.5750433325982 -68.3214268026185 21.582356769734
1.20975608462293 4.69437520721119 3.9902965742973 8.65538933661519 -18.126600662105 9.85483222420977 -63.9895292544617 24.9021463318195
2.33556101713373 -61.5227380279848 5.17047563426975 1.76668058652114 -17.7298919811534 7.34886876634072 -12.7667557874652 23.0836352542996
3.06968632459139 1.019436616035 6.5283553750486 8.34366885077855 -57.5801991752165 8.73760646121831 6.31923992162032 26.077152575279
7.0655775277158 -59.680929489619 6.02681117520195 8.13997520814901 -16.6342235383147 8.19686613068245 -12.5277361197861 18.965153850021
-2.88298264630759 -8.10582536442419 -4.20412792303189 -47.2898514754189 -7.01308377597204 15.0777749691805 -10.9793875143714 43.9308639395689
2.64514524754305 -56.2118320446556 1.20781514009063 7.60950228956551 -16.6642837229861 8.54399850897687 -10.1535588419136 25.0970769358519
-52.7806088639027 -4.92475510353357 5.1352997890904 5.71854339365923 -16.1297073002756 6.66532832139964 -11.6757674390362 28.2517356834665
4.94107190509789 2.94967929306832 3.53922519062123 8.83474226865488 -16.6053841157969 5.67882735696657 -55.2377576876467 23.5110486222542
-0.513935020875528 -4.05673046381051 -2.6480251503474 -37.7612398492449 -9.352541789817 15.667127831061 -11.1781063143438 39.464195682574
-6.25299481181388 -11.9901238692564 -58.7932962299681 8.89490741265273 -15.1593843312233 10.4598775122494 -9.98847935060081 26.8740902010159
-3.75963261617003 -10.5241362015604 -55.974806827195 9.98359712382314 -16.9297381169867 13.4226576195899 -8.99326864420386 24.9916094986872
-6.97483190280502 -5.24229990372383 -2.5292593963178 -44.3073292327708 -5.0824850871769 14.8237008737175 -2.65248399006798 37.4144673324995
11.1022954251527 5.14322714261834 2.94539910050095 18.0508843678195 14.3582894023843 16.2490484981428 7.82184728948721 13.9017467693464
4.19094527763373 8.19246190710885 4.49747769759957 17.5541194831719 18.6441624340999 15.4645578246373 12.456534609308 15.1134922838819
0.147246635102282 5.60098184089046 0.0414849246120323 9.31828807083002 -18.4339700177597 4.18732150716898 -65.148637783343 24.9236166451559
-7.04640153169013 -6.62485689931073 -4.80031689254971 -15.4615517890596 -11.0321140299138 -14.4688315405603 -8.64166500942379 -14.4013862600721
8.8874681395067 3.95424822276228 2.63727588749214 6.36662958435759 -13.8191810073187 10.3592752143616 -61.8722172877655 23.4263423138244
-8.42777682604824 -7.89209036728205 -11.7021384330235 -16.5210515795241 -16.0903537454919 -20.5243242782358 -7.4320064536878 -20.4903791442918
1.46240028019412 -56.209616151142 1.04245011441534 5.567785417649 -14.0495535112553 5.7220060356279 -8.28507057104986 25.1678099048194
20.7220904017028 5.27578011746383 12.2615575956301 19.5243454754873 14.2299194232766 19.2052654134814 12.5372805238551 14.212055356752
-4.07054610599327 -7.75389794484088 -4.00454138354287 -43.6017725720228 -9.70922832999421 16.4398008963571 -10.931080225485 44.5077088664585
1.14737190897965 -61.2121525311653 3.24171601664192 6.42255484850037 -16.1549351342054 7.90706560270913 -11.3287826860687 18.4363077277806
7.25608901544278 0.724129074673282 1.10432091854139 7.19104552900047 -16.7324039793932 10.4922793399211 -56.7062581429298 22.803287136035
-12.3686337616335 -8.58146091042974 -7.83001829052489 -19.9912057982059 -12.2805421579839 -16.5352266874482 -9.02111811295029 -13.560661609645
-10.0871493033436 -4.77873985260764 -10.5581373188507 -16.4403453368931 -17.5739461621214 -17.7900425518702 -7.16428295545507 -17.4713327206503
1.81435212897718 -8.07947555979922 -3.2815585459464 -44.6627617417028 -11.0252693270732 15.5447099699749 -9.73099844104907 49.3846891706155
8.04750603822361 3.4663126710679 1.87390752924333 18.6769263246457 14.3739592510458 17.5061313571672 6.13926827684759 13.6330053241338
-5.34883490935362 -6.56171391633812 0.173005775072616 -45.3629928021351 -8.31305840874158 13.7950243717108 -9.43667056744258 43.8968448476511
1.29366293076754 3.30701377835259 4.53820474512004 2.13652672532156 -17.2214500341651 6.0927445280975 -56.9739691686002 24.263634172315
5.14678812959838 1.5162663222158 5.04641890769228 8.15043469615136 -14.4008230608064 8.69391374258507 -58.09471780803 25.9101870336148
9.39819112505817 3.09760381055729 7.26340371263105 19.1120903281576 18.4553572173477 12.8131215116923 10.6686965207049 24.1772056307225
0.792715373533004 -58.6126509459074 4.02255730058746 2.29888847725196 -17.9768425854935 4.60110979083115 -10.0897214069022 19.5354301617495
4.4631991725761 1.43168909827037 0.483285894751534 8.90979221746305 -60.6598424644648 7.99379372208389 2.65204627527534 27.9005529803231
4.83261216413368 2.41432496905156 6.30619069151153 9.45012581986834 -17.0814173552187 9.56131027785805 -56.7681832018554 24.2822899133863
2.46631110409472 -12.8424089871896 -5.65256120533578 -39.5765767956864 -6.5195654956448 16.7224055562626 -3.93907064607533 48.1627783807225
6.06472165332484 3.47345868811217 3.52864301070989 7.0252348787453 -13.8449075814802 7.33775445101694 -56.6875419384601 24.8774959577026
-56.297711215818 -14.0569777315565 4.32133018510895 8.68604481410659 -10.1981886354672 15.2011052845711 -9.31662609521539 29.7407405566853
-8.62684905829283 -7.8590402019644 -5.86454185475066 -19.5784405580206 -17.5603210120266 -20.6165089542787 -11.8098452934586 -20.486908433607
-52.3063917715621 -10.8722351783966 5.60847434116993 5.08037441807845 -11.1941347204731 10.5644415213245 -12.3279900468856 28.4477648589164
5.66722895669962 5.03015816079856 7.32193306160221 11.5208491723329 -61.1481871659572 10.4665221440623 5.60946376305048 30.9325903484587
-5.52321851928887 -8.79767382731705 -55.7288674920607 6.16419745992884 -14.17329031097 9.70157687757832 -10.882544823865 29.2437680754193
-0.93199915860881 -5.98111441269154 -0.0832928890590723 -45.2858937011124 -2.31844248899074 15.0889885974898 -8.17885399532237 41.4189132916087
2.47461277344406 -5.55994727264946 -3.15602116020468 -44.2493963327301 -9.78391278532293 14.8235892993776 -5.75397287194487 41.2616645491473
0.0660166012797347 -4.25594034384981 -4.17242711182271 -41.904220427371 -8.89032118287191 16.7789384435292 -12.1354015495877 41.8748168299722
-3.10499975907972 -9.0392037435149 -2.69002779323498 -49.1704791156546 -8.08409120417853 15.4498348430953 -11.5730792169748 47.1425211714331
16.5638750517999 7.08373251617274 3.47961341427911 16.5322551865815 13.8719326765239 17.2632046552022 10.2307240467982 18.6269531073732
10.6260750592174 0.12776948780591 3.08657240553367 17.4349987671059 17.71443006626 14.3306732443279 10.497081255352 19.2190877860348
-11.2895196749416 -5.9232743690895 -7.83508690046918 -18.7255767942498 -14.6657693798123 -16.8719647735799 -9.42085184916953 -13.1339823034968
-1.07768250873281 -9.03211211124043 -2.10677992572885 -46.7596142667951 -7.15046239774854 12.6450534796915 -11.8350092925987 44.193188440695
14.2690846409439 6.7475243380766 8.60912161747444 17.8253932804749 17.9577355794245 16.623557608412 7.08789880754196 15.2035846189597
-56.8342859902934 -15.1724907578463 4.6103578755091 6.03272430466096 -12.3394075994585 5.04314012469322 -10.9579451578077 30.0967603167522
-1.64083901541583 -9.64290094718245 -0.342155248070926 -46.101051575222 -5.51721391348383 18.0361819402276 -7.7283155400571 43.6776471955775
-9.4741915069061 -12.2003079583642 -52.5219624645103 10.9432565864975 -11.5351163540556 7.53058897651559 -10.0637156103914 31.9587419832182
7.5926568116008 3.73892062500945 2.69243621353506 10.1173302738385 -19.3624089910029 3.73550311813476 -61.0232698495815 26.9952280611547
-6.70166016030888 -9.30859385805443 -55.9152807233008 12.81694479084 -17.5411268403799 8.52891406243429 -10.2370433170201 24.9469349903411
-4.13971086907215 -9.48671587814777 -55.3558796217444 4.30603045112377 -14.2852437918392 9.24736574824179 -13.5287038699721 27.3148926801866
5.47165115111528 5.54597064069422 7.89399296266572 20.4232624257351 18.6217752704724 17.9255436539728 9.22580824775129 11.9790570218555
-8.13055130955205 -4.96156565924918 -9.10028977286034 -17.4154238825877 -14.4249803295881 -20.1941254986061 -8.21165457499917 -17.3416637572488
-56.1766542690028 -10.167720538085 0.296049349643972 6.90493993929844 -12.3987846609216 9.30560108653069 -8.62240347591268 31.2731635219902
3.59013535054929 1.52746481231645 0.307030577831411 3.48400920580667 -15.8534118771324 12.306635113745 -59.2329969350395 23.1788096702694
13.8659639543395 5.40913953527402 4.79457339947021 15.6174689412206 15.4367531484639 16.47083015844 12.5288164796559 20.8100768793201
6.07447432565189 1.50654465042524 9.15510002620437 8.63839069312112 -58.6488948123313 8.36829167401667 2.74643897962728 25.4124966701479
-3.8857684829843 -4.6643140305029 0.605755239745576 -42.0006213918004 -11.2641404750123 10.6194975703829 -6.61271830579325 42.3540773288273
-54.5455913914204 -10.2346062009877 3.03753684115594 11.9990744501905 -12.1609999483653 9.14844236398067 -4.90203969001498 29.4684627435265
2.14288512189009 -6.71323053851344 -3.41943407872251 -49.4702917421915 -8.71548378067303 16.7077596257355 -8.42409209547308 50.6771739679468
-11.453912762428 -8.003523785588 -6.98226053160181 -16.1536315262028 -20.1245103691338 -20.3219998265197 -12.6717325274565 -16.166235597864
-1.00773849493162 -12.1262243101828 -60.3355055981167 9.53929753826881 -12.6909573351283 10.0712073421594 -7.88332823074051 29.3995974933481
2.81249681858503 2.16019005839213 1.96197792487895 6.21063279676437 -14.1093182172803 8.6946854690931 -59.7845592401113 24.4574737581559
14.7953763279445 10.4844395851054 3.92716320547322 18.8399039972255 19.7414200637131 20.773925662693 10.1764485658756 15.525627253286
-9.64363980975313 -6.060617583143 -5.10246403744727 -18.2745783804491 -16.7931399362441 -17.0875311102646 -7.22926978913072 -18.7087435810609
-55.8045181393766 -8.41026605344615 1.15622859134493 13.1289746419195 -14.3892611399197 8.87299190275408 -15.8358510816126 30.2344409578534
-4.2631186716083 -6.0432043736283 -9.79832786516448 -14.2633056040199 -20.4577207019553 -18.6606887665972 -10.286616725588 -21.8139389955733
-7.24384440841088 -5.69936953635204 -59.6977324180182 8.38060128899713 -14.24557123269 13.0783185736131 -12.8189284904274 32.2459835269073
5.53875055848654 4.07161567541659 4.14961579441676 10.782839704471 -63.4451133625652 12.1230801223738 4.43204157830547 30.7193938643934
6.73051436392442 6.6262809207714 2.4818446568484 6.94736309785663 -53.767580001933 9.7844721304446 1.60823264330049 33.7496372911257
-6.31361739276053 -10.5156460415586 -52.7839035800716 8.66159099546667 -15.1183784776618 6.29384795228549 -13.8456154122339 31.1493474847421
0.576692479884193 -6.90403875672261 -3.60776457839871 -45.3016408541671 -8.94833721201241 14.0643730631156 -7.68450956134118 46.6874487842623
-8.77266024792277 -5.27816790210936 -10.0778281502507 -18.0285578897205 -13.1405886460906 -15.6414675768977 -10.28542397054 -17.5520627746129
4.71739261245389 1.52673171684282 3.36312795187564 7.63504348633088 -56.7849807779094 6.35639577146026 1.05172906660056 24.7479350905783
-54.9853128639776 -11.3621581690347 8.88965662367752 7.56299814345428 -11.6101446509905 12.0135361912048 -11.296407913843 31.8656347792001
7.15522732325026 6.30070488200477 12.1260112987998 17.3438139469387 11.281038093267 19.553995596868 7.44081988062222 14.9434774553742
7.50792308070281 -1.81310460567505 3.92779847894642 9.51145416472958 -16.0001957341092 4.70803814489449 -54.3965937181043 26.0581775574123
13.2422568623468 5.9195431928125 7.72550519400363 14.6481849767725 14.944562288721 26.5002884532582 12.3723068955919 16.9975264159168
-8.09626541779628 -11.4991731944359 -57.340808037417 9.24706233929952 -13.9074869872932 9.47507459660364 -10.7426355257968 28.5515587637554
5.36859022003437 -54.4829041532568 1.74858035998951 2.77407874676067 -14.791654343634 8.0157874574909 -17.7529853842004 27.2708432719544
-8.04861964665222 -7.34476335633591 -6.14858224967987 -19.2687898581348 -16.7034215777115 -19.3156040611068 -7.9050550838288 -20.0991617895444
-3.16775219851895 -9.70335731063717 -5.42461138592071 -40.3019233370003 -10.7793817043442 16.9326226607582 -8.73477124564104 47.8855434117626
11.8808921353042 8.87096722859053 6.56153682054024 17.2437368237888 14.540713651249 12.8807911085875 8.5348793210096 18.613892437258
1.95087334745288 -63.942411151225 1.20476142789023 5.56146707961102 -13.6934944275473 11.3493982231286 -8.91913812075474 20.7791162823002
2.67176692037058 -4.92672438662513 -2.05816679011401 -42.1155974460931 -7.1957907435409 17.8145220799635 -7.40449176344901 51.5853616532535
9.90077628228867 6.51089675377569 6.95892423662245 19.858607225275 16.8218324586926 20.8827912120684 6.81282060367816 21.3284022924888
11.041474781354 8.48113427761214 11.9212037031679 14.7966737180019 13.7324458297561 16.2634344115833 8.57369108566045 18.5169246154224
5.4238320078191 2.96183952961808 6.49633878704832 9.79733661840765 -61.8351772143021 7.92431613210311 5.95388137281272 29.8109918401118
-13.2259049069361 -4.5027983565775 -6.43697725263078 -17.3759078372061 -14.2248233873425 -17.5649740597813 -13.9976506067575 -12.7968896080967
4.68944437621697 2.97117458580525 0.468827156075319 7.43768835706139 -16.8075476457862 10.0852536546883 -58.258691782221 22.1338388012737
4.98091390762617 3.37925782195469 0.807907714646579 6.45697163120077 -57.8779420749813 9.4036081290557 8.17474644317722 27.5863471398452
18.2136154252045 -1.27110969862323 5.15147880243589 18.0770291013881 14.5234956356624 18.7478136382478 9.91622067640978 12.3885294564949
-53.8069231968815 -10.1300974376878 8.53138639683973 9.97749591020115 -14.7972091296062 12.5114351086425 -11.6612748431174 25.5966871483899
5.73378112084728 4.20548080782968 6.47012970639811 8.86137036681395 -14.6268529355228 8.7328118502637 -55.0723518991883 24.1621235773917
3.27537233388411 5.24715725752468 4.87965224172994 6.07585133609163 -17.8908441591898 8.7928606335143 -58.891314012376 24.7075418511651
3.20546303881385 -0.634266848754082 -0.435680556737087 10.8684753606081 -61.8772144708782 11.586822926464 6.20983774430281 27.5928215055559
3.2595398689573 -60.0256913092545 3.73347200706021 7.27529856779752 -16.8696068373537 8.62168596075859 -7.68720747360764 20.8774755134916
6.28298214983989 2.59554874684109 10.006712998048 9.58603526897103 -56.249216158685 7.12902075395933 2.88208002929221 26.3934981251018
2.34459377644631 -59.601058716362 5.89867182506268 5.53563005829372 -13.7737662913717 11.3396564241817 -14.2160053951516 23.2182564696203
-5.61417725540061 -8.57533257470983 -58.3760865807389 8.44725227938718 -13.0724370520138 11.5002959423359 -3.44773329914772 23.8181396156079
3.98460506891303 2.61793019227216 1.7120658935965 10.8264800307672 -14.9468134089572 7.18868961607879 -62.2957010843461 24.3880878294636
6.20264796063471 -65.7673809074294 1.9030677871349 7.01724251825458 -14.1208827636537 8.94619927448074 -7.27013822361068 27.7092349162844
8.63245879698979 6.65986394878614 6.66338955161944 12.0898722049529 16.4856485362923 14.6534180829271 8.30976313974305 13.197555888654
-4.05316235979495 -8.0533916487526 -55.9429930267196 7.84139284538315 -11.0557561874288 7.03960984031228 -12.9422590183015 31.0395022560805
3.52211165225378 3.83213663303243 2.41732970373085 3.06816611621092 -14.9493010481202 8.4137126464839 -59.0680138609036 25.2652614420367
5.74577097231112 9.83170903569 9.02776278633887 13.4660938271004 16.3364037374095 21.7312478418309 6.31435199804681 25.0343708359262
-55.5896690257904 -10.1475297390784 6.68810905281766 6.84267913758861 -16.3845125027058 6.21561445510099 -8.85109540516977 31.536691263965
6.62579493117737 -0.649489345417344 6.00134877708157 10.8311709668039 -65.9067174749547 6.42485006361235 8.80909901540696 23.3791221906656
-56.835073897574 -9.35610310676202 4.62487465826039 7.48467936294279 -14.9723182375245 8.533770555604 -4.03820864118875 31.5473743919459
5.86249283711645 1.81833936529709 6.50186526914293 10.4192728896494 -54.933027152075 10.2043823996064 6.6189013482297 28.2650043274808
-53.6671919593304 -13.2751935549433 3.12481072122227 7.60038924653037 -8.23602654258434 13.310193631922 -9.97831188369151 25.5096643236474
7.47695695258593 -60.1607161651354 3.26602364175253 9.48525997371357 -15.6917662825818 7.60957797505825 -13.7147724728712 22.0680510498016
-6.66640921186384 -9.78683909089735 -60.7619255593306 7.02981050529905 -16.1263552132055 9.08401868815349 -14.4345960872528 30.9069179391613
9.19860107358676 1.84995251678419 -0.271753295114011 4.99641925670045 -15.263672319621 6.0025467467854 -60.9042186794179 24.3857003482836
-1.57994397885166 -7.88980744952791 -1.39483021969489 -44.0128099566924 -4.17637441522805 16.0970428139682 -7.63201707577187 40.4472425823682
9.8500008709342 4.14486923361936 6.0921734280912 19.0626043053696 13.7052579131336 23.9888734767986 14.9865295700559 21.0967441544379
5.9260114871351 2.72952944001258 1.01167582843854 8.67753153425246 -55.7876404211078 6.92826515187755 5.85180556605772 31.1664940324902
-5.93881106655186 -8.90215787850453 0.445015668167266 -42.249369885985 -9.00577272511778 12.5893714052959 -8.04025012587937 48.0012839132028
3.48948030559661 4.8379958746955 6.99483725359489 17.9503262530593 14.0270147474871 24.9598381008964 8.27472890329284 12.1686070382026
-0.56655045211855 -10.5622903730144 -58.4053254473125 9.47471304757512 -16.2933210590812 9.77146770418559 -7.66396246523762 26.3451735043918
-9.48730820359063 -7.39259716566814 -58.560079652148 11.8850216774634 -14.491485411371 8.36851382148578 -7.80199990468372 30.9834406226728
1.66306393831649 2.81463898660072 4.28897114475886 4.71818877001448 -19.5622782010119 10.2790125873019 -56.4488974755594 25.9211514874758
8.23289671023275 6.83771075864613 8.64934085166926 17.7634992707319 15.6223016147239 18.7922118305401 5.27608442484767 18.2672724243742
15.6233806121183 5.06359738727417 8.46312320288583 15.6153692827209 14.8600456898318 19.0964861399669 10.0713247577133 20.8900269021439
15.951000553059 7.82032819844342 7.27785997733254 15.3627826923287 11.6346508710183 19.8218316857137 11.7403377765542 17.7817061689145
1.13213238689285 0.762433008770083 -0.159816151365745 7.89457910677803 -14.729170006003 5.37166458069276 -58.7324730750915 24.3221457731641
3.29446788140554 10.817042292157 3.49453929487569 9.94329476291964 -59.1857710485866 13.1762415303212 6.44910433585734 22.5756371624856
-2.97305329491596 -9.23433338295104 -4.85341913587851 -47.2380783793633 -7.6528500374837 19.2206874139686 -7.26714612134441 45.9450316690238
-10.0605341495228 -9.07981869830083 -59.2946324800695 6.10946803860196 -12.969713103189 7.72491136302412 -16.4064902251061 29.140503379046
3.3588815009711 1.78379137877572 0.301137253719844 7.18963284768079 -12.0239262978815 5.91881722830539 -57.992227673073 24.8103429759301
3.29247497570728 3.19069385859097 5.0471034805573 5.92060568079415 -13.9538819528778 9.71983645518931 -60.6182289086978 26.1238708480582
5.02389024636995 2.23222932964552 1.64661178757884 8.03880677367316 -63.4148628657582 12.6700353615643 6.19103249049887 27.2387919731546
11.0232218366984 9.66692848809505 8.34430961796786 16.6288467598613 14.0039145705824 16.9179910126385 10.2567084695162 18.449018272731
0.895143718825373 1.69618926669795 -3.53121719710104 9.03733381242854 -15.8351028887858 7.91496386023618 -55.3336840059269 23.832441211725
-8.03804207833094 -5.27559506800817 -8.12361770113844 -14.6717919339592 -17.8715660595209 -23.2000697562838 -10.2269786649662 -20.4819329279125
4.81405492223594 3.5203195126239 4.17064456028003 7.42091690446949 -62.8666741756972 7.87585838840145 3.26941439997684 30.3716478580004
-8.58189702659761 -5.94953451764502 -6.22317458710163 -17.8717287340162 -13.7821336407936 -17.4243952942221 -6.54181298696022 -14.3834625208929
6.37194119205148 -0.953613834646486 2.79728666808594 7.31120368198743 -68.0295673175843 14.0205922896479 9.88615523331233 33.5045958853482
3.85796413359735 1.09683392637394 5.81265641795767 9.44802280813238 -57.677121485417 6.59902167390197 4.71214192162564 31.4824175737066
-0.392791666765314 -6.9642791624059 -2.36915217379021 -49.0256065590876 -10.096340358256 13.4455291013757 -11.0095951015367 42.6759674178738
19.3058843792106 -0.0829574594333691 6.31572700670922 13.6867802924083 15.0149568802189 20.4846747044965 7.31912609430925 12.9607238594418
-54.6209311731647 -3.37120351663118 2.49474200084113 0.961063801354408 -13.6808040934361 4.38576483375484 -13.5038387433811 30.4200740085289
4.95531252708049 4.42231618442009 4.58942589841053 10.9861261265532 -61.0831410292968 9.3416371205583 5.43574935761995 29.8224338312567
3.01081482733074 2.16313258916054 3.30656818976109 8.08737511570292 -16.4037145915213 6.10055375914761 -59.517996304019 27.532034741358
-57.3895006053843 -7.96598203971317 -0.488437217092386 5.06175239330838 -14.9129641956654 14.3676984637583 -15.5292530278918 27.5725155867619
-3.11718506897313 -6.14091060198814 -1.29949921217816 -47.6270395575574 -10.700732162742 16.1477235082341 -5.17882227841533 47.1749365986702
7.74676405862589 8.25147331477535 11.1087754472398 13.750240759425 20.4255625859649 21.5865212577993 6.56536452400614 16.8970972209425
-11.4614151798276 -4.86803900364884 -5.48655455802025 -16.108342528534 -21.1132458335661 -19.2676869466254 -11.7055582611207 -17.4720990394343
-7.56302749740757 -9.51661019986715 -52.7234115315166 10.0140513488763 -15.0029256084803 9.14414245764889 -16.6028113952161 29.0799427097951
-10.4579727547303 -7.52271852394247 -6.39507955496435 -16.7378683542215 -17.0389149522454 -20.5110543412208 -11.5085714354598 -20.4223716916036
8.30701175894803 -64.9545411161384 2.61970845852128 8.53787122821934 -14.8360349190065 8.62346121770253 -12.7091757545379 22.5933937510797
8.84440193800865 7.2712639215886 8.43528219163008 17.0523442797897 10.7955407698237 22.9105632490054 9.28264606016131 16.3849628560031
5.69400998697007 -0.972452368732994 -0.894000208457484 5.13358699785629 -57.5164454965426 8.41463550231625 -0.896808996588184 30.0303689097723
-3.76297047126724 -12.0089114799391 -57.2753272419585 7.23211571282344 -12.1980329372463 10.5336459353256 -7.94946476069885 28.7192520278125
5.92518246548005 5.55004536163458 1.1039507288584 2.62898610245881 -16.0954481986352 5.12967970736966 -65.3264704975956 24.6140239201625
-11.068563275488 -7.80173225461165 -5.86385733838765 -16.6632944338955 -13.1336214296401 -20.4625334935658 -16.8595143476997 -20.2352257756564
-12.4630603112226 -5.9832149359223 -5.2423725999785 -19.4059500918392 -18.8589197904752 -22.322919128874 -11.5694549299249 -19.4038513417249
-6.93449425162897 -7.89525340133574 -54.4435431764013 13.5812616887515 -11.5491799997584 11.7647361381319 -11.9910365274569 32.8968010555006
-8.85453579344754 -6.04865073294858 -6.79680327965375 -17.8335069415744 -21.5289563389241 -21.7726387125467 -8.95743077994612 -20.0677473686588
6.33928735537475 2.3359384187358 3.02177534651992 9.7157675055648 -58.023166907434 10.7086136872936 7.1230151346198 28.8240698104091
3.79934471136234 2.3244454823406 2.44079538530838 8.10391200373655 -58.7445507696482 8.59961761199237 8.01916838761064 28.3637494745721
-54.3579704178106 -11.0794802283051 0.787201340234465 12.1408008728243 -12.2950518698803 12.2080165615703 -11.5727352141539 31.6162336092942
5.68586633020879 12.4289058272415 9.53790925564971 18.9490377127658 20.5904259483201 25.0533834933732 6.87404888885064 10.2602560678296
0.365681722466761 1.20861231268692 2.00348241807361 9.43098563172034 -15.4715385450851 11.3605871066409 -56.8386663320282 24.1220092604296
1.52406203555188 2.53648583235462 6.76792067431242 5.23965360178173 -13.9936245809329 9.4372910395237 -60.1902719294368 24.4498864127389
-5.27598317638145 -10.3645557461388 -54.5146060754017 8.5820204531208 -16.9145557405878 9.22047928708032 -9.52776690775098 20.9629024807603
3.63312294527664 1.76892322346462 6.9065048551241 9.75773531195296 -65.342158235701 7.13595633449499 8.58295153404901 28.3663560296017
5.12259919442881 0.579941094905901 5.47338647961234 9.9204920580989 -58.741005924222 8.35852855521968 -0.286424758479856 33.3721579842615
-2.00757654562984 -8.69529869729998 -56.3654595493229 5.85814687069787 -16.531973110443 10.8169157808991 -9.59958636092849 20.6820805051443
2.05907263923226 -54.8336317591008 1.82465576639378 8.15763114505859 -15.9507445104542 7.40438867266872 -9.57626906637708 19.2605596472395
-0.328562614175414 0.472156975022309 -1.44478302059835 8.09317532795503 -12.3955451643441 5.14178233524382 -60.1614161643994 24.4990888319991
-10.7529835587102 -4.58395661074334 -6.93277094529282 -18.0926334091575 -13.9409407526881 -16.5369523580736 -9.58426746287751 -17.5396047430713
-50.7757145080401 -8.65680469887378 2.86141599573564 13.45187016952 -11.2989765332331 5.92617068102917 -12.3491197748006 32.3622482979823
-56.5811594785262 -10.1050215430973 2.26357312995192 15.0240869337634 -13.4688039439357 12.6273422326123 -3.85227065396668 34.1329050109596
8.75146781482612 9.0176225497181 5.30556403572167 15.5181928432805 15.7686259445462 15.4071977897705 9.46226015982545 19.6856414826595
1.25361318381198 -59.3445064804194 6.75501101685936 7.13815088040098 -16.7512535206544 6.39686882009519 -10.8450163563922 22.9759487192834
-56.6654290091393 -11.7681615626832 7.30434036706543 10.3682151421589 -16.5613686754715 16.481023307751 -3.53466760218504 28.8849677414851
9.43627293005594 7.89631544948932 3.1944294004951 16.1116236593033 14.1842562912665 23.0876943022858 12.377494706078 18.2398432729909
20.530427427706 4.94960647716163 8.01528669258436 14.8370708036167 19.3829300737059 25.6127347572178 13.6091764266671 22.2113077502786
-6.00016832767931 -8.40692910058115 -57.3109434279482 7.50190834979156 -14.8861096861319 9.11618133482224 -14.0259259847682 25.5252352375944
-1.97445138303295 -10.5387188873612 -56.1052077340879 9.60629761814582 -13.4312570030273 10.5590306189228 -9.83325102762018 27.2019550406193
-8.93213932564011 -7.27026862994961 -3.53116529924908 -16.3080561936738 -13.2554352046369 -17.8002818115373 -6.3143397099331 -18.7338142235055
-56.5118361871285 -3.80563505167679 2.6415457939007 7.52860881014059 -10.0132264006042 8.17489543285488 -9.45245103673664 31.2051237746776
5.92527321165362 3.49952587148147 4.52226398904672 10.6558450180153 -62.4566073847336 11.482073453081 1.35059190341503 29.3946840130654
-6.10955570573115 -9.57714501011398 -56.037811351182 10.4431580777491 -16.2303637011008 7.63997182354744 -16.6888740316166 29.9455844201309
-8.67756496590621 -7.32719809628351 -61.4915490221829 9.28371502260978 -17.1145223117018 8.56407558828435 -9.43104611694928 31.5817492864592
9.64597854848166 5.29266315243285 4.64538249210845 9.15899753006576 -17.2975860965768 11.8596186808192 -59.4290747354224 23.2698943517001
-6.29735164256141 -7.12926608120907 0.632144606924534 -43.2980750845385 -10.6780364179316 11.9927733928824 -8.9704599892512 45.24483756988
5.21471290691855 0.383150299522379 5.13634383706776 6.65979200214066 -16.7469792937234 6.25626247141589 -62.5589490830186 22.2592334753577
-0.549690378470175 -60.6081415392089 6.02355278272948 9.96654768794286 -15.4556767566877 7.44791573948784 -11.2122133229411 22.7830142101727
-2.04103982351392 1.81238696243537 -1.34371913870531 7.62719073472134 -17.7336035506776 6.65838918518513 -63.0445629568155 20.6374476346025
-55.44233091577 -8.21280513142237 4.89153780644672 13.8964205449079 -17.9259623892314 5.39867994643244 -8.70842238060284 30.7124168163343
4.35445081654444 4.46009776152444 9.17512133329361 12.8233183249251 12.6957857364323 13.9641834612209 2.51684035708507 16.4882026686177
3.08169215027004 1.84671751020443 3.13536753044923 7.6783331805275 -11.8249270562116 7.19157284843479 -54.4386047489902 24.2709107151082
-10.0886711620234 -5.92669819054862 -6.46717792086984 -15.1813872753351 -15.141921178512 -18.3006766913446 -7.949026169669 -16.4257276471415
4.67409083992908 4.15325720204772 4.87560703049075 12.0577756258204 -62.2278772707854 8.41074569604766 7.1770094193842 24.7451519652853
5.65459787715017 -57.6169689354218 4.61187861537623 6.75424917789161 -15.5237200932198 5.19605685383707 -10.8286988054867 26.3922077783621
5.75510494209018 4.11852756961967 2.4577184913266 6.10971264874057 -15.7005619304375 8.35063834448977 -59.6780526951297 25.2648437030186
6.05756574810631 3.65407516310245 1.46822377897186 14.4454614839689 16.1845498056197 16.8945444304991 9.4488893491352 22.7301492276258
-8.54219939411808 -5.74504449606142 -8.48364304905962 -18.1694651125493 -16.9804394261863 -18.7851139559197 -7.0328298155414 -16.6679353301639
5.17175549648564 7.05964058803064 4.84939561336274 7.30412695921084 -59.8516049931572 8.00659610644805 2.6067075739394 27.372665189528
-10.0943982311188 -2.28724460351092 -6.88925413647328 -17.0459766948092 -14.3782605769086 -16.1999421847303 -9.63034236161356 -15.2028817249799
4.48798034993854 1.57595416686127 -0.0661697590738863 9.12287919698831 -14.5050740121078 9.72325356206954 -59.4982867294148 22.9968077144273
6.4152721857036 -57.6609375597942 2.15476621150629 3.9270847932707 -16.6228764663193 8.68990419072818 -16.1725594133863 23.5151950321459
3.04967515593045 2.39783319676261 0.0487201469538663 5.87059760629463 -61.8309548540813 15.7730609131394 3.29033872873719 31.3475500911545
3.72091109322902 0.229162670779499 6.16463273046224 6.81245784504058 -16.8209700242704 9.62469093426969 -58.6692937034848 24.9937347583079
3.57179655725235 -54.9885891080387 0.916690275302212 8.47420802973162 -18.0250125834339 4.27570521026329 -15.7684790156823 21.9524747128901
-13.7821137279923 -6.10236973425063 -4.65025325582929 -17.6209457025518 -20.9242948438974 -18.4454333331204 -6.57995078972119 -18.2629278291993
-6.20268885075906 -7.11933595196925 -4.36886444106284 -46.7089370408722 -13.2493462089184 15.2131691106677 -4.20057877064741 44.0760684259355
-3.21224762994019 -56.9227956045229 0.982883111645334 5.38319007654798 -20.3370224398005 4.37044326317215 -8.56010884834449 19.9883766915984
6.65558323485732 -63.993241230416 3.46678716130705 4.26947446750618 -14.4158871185676 7.2716483784704 -13.5063880849217 23.3579099797175
7.75702343251378 12.5008024374221 4.58728196115339 16.0369590736965 15.5111061077686 26.0979527260801 8.35542467920865 16.0371919523231
2.90769619641999 1.2229304255139 6.0018463054602 6.67810503565987 -18.5671764212814 8.16069504881209 -62.5901396807826 24.1025300042433
4.56944732211002 -55.0969341437476 0.3472320936335 6.6103231605392 -14.6508800769834 6.77358763028121 -11.0840421567226 23.4796358121304
13.1665279305848 3.94765302276951 7.043618831896 15.9138273752017 15.9951736205793 19.9611835997604 10.9075084891736 25.2424247599211
10.1339616091918 3.44613123033052 8.75774047542824 13.3410530642497 16.8369539613594 22.5385866526313 8.04453347168183 10.2625965569403
-52.4022085937815 -11.9759768988897 2.85342114959025 5.79908592838989 -16.5207072256905 5.88904366540957 -16.0760891391108 33.6814855756221
-8.0271239727086 -5.10023985989835 -10.0224752110758 -17.4414000850095 -20.4762437057474 -18.2165958675327 -0.833210376689349 -15.4981293830535
-5.68431537844488 -6.59070039325153 -56.1697308373383 13.6575282227456 -13.3926409900088 7.96895962270046 -13.6814128076159 31.4813491396698
-57.4567479491297 -9.47617519305267 7.33059296184118 6.03564154510807 -14.537110421669 -0.021540837722851 -10.5427222829738 30.7418257096612
5.57010653338011 -0.593385544230916 4.76322280829427 8.85649185074627 -56.2713749331372 10.4124450932975 7.73151019824588 34.784996447656
-55.4925205735527 -10.9397349469498 6.72644226440753 9.61243575953496 -10.5644004733707 9.99260550499372 -11.9013541768401 31.8522757581638
3.74230971426148 -59.6845184266919 5.8793321217053 5.34277101450459 -17.4495561591205 9.17721946528588 -13.9816768658933 23.431611174711
-11.758918291297 -5.61160824401355 -8.00322226568224 -17.4326479649948 -12.1750368931702 -19.5420738389486 -5.2372213434557 -24.2297149192345
-1.39479064690779 -9.41497635006924 -2.96128817513285 -41.8451405113296 -8.03224675782253 15.4001919096233 -6.44229623650001 43.7271238128919
-3.97531757750845 -8.9949602117121 -5.41200351305417 -44.1376913662294 -14.1551082015409 15.2408577851285 -16.8445443951523 49.2814408549297
-8.16569039883749 -4.61139915625296 -6.05789499958836 -19.7426919118869 -19.5772369747593 -17.1816990352436 -5.36624296546298 -11.5871049643172
3.13548892810597 -56.004881208213 4.06320509168663 5.47368513350329 -13.5939357972966 8.13511222119912 -13.9780001869758 22.1541668084614
4.13525642678836 6.89326827513086 -0.245134838936373 9.48141898755058 -61.9106451481806 9.91436024703994 3.62466951506971 26.3883043440262
-10.0897358125659 -4.12023242776968 -4.93650310284715 -17.0566556841755 -13.7230472795457 -19.387646336969 -15.3278057272426 -21.7035968021766
4.87404382601398 -58.1019422178118 9.99386177573809 11.6956525388811 -17.2729840786188 6.12296757832152 -8.59819297185202 19.6615536076683
2.3629723810644 3.01002538704723 3.80377458371303 9.58066077287416 -58.7837426812575 10.6676242454429 3.83242194287629 25.8710472681887
6.39075865800557 -65.0850395757599 -1.9225687142875 2.89744593878442 -17.7781247372258 7.51067488565605 -13.9038011444627 21.2506613885388
-56.8284262672655 -12.5243897707759 6.0732114645557 12.0439868189133 -15.4406261904074 5.94541544841763 -9.7715023763545 28.0095371966179
-3.53003417984963 -9.09300005660369 -4.17957125410883 -46.2791452635305 -8.99556731270224 20.4589238543716 -7.82343645416555 47.0746358383152
-53.72162534402 -8.286629772792 4.54908722585835 12.7428928567958 -8.75896686480425 13.5456955983636 -9.71869051230879 34.4487377303633
10.1154889171851 -0.887210580183455 4.34676538692917 15.3652754968546 17.6303050377809 23.40540924964 6.59639653224698 16.9073054571323
-12.3011933411752 -5.82134010554927 -9.57564266210833 -15.1660914285991 -13.4984614640717 -19.8420093485214 -7.10431776782217 -18.2216168856672
5.50451533936966 6.15810491938118 4.11395167430368 7.18672801759643 -59.6051037644269 10.0343446155116 3.58036773040139 26.7711280217682
13.2533709081106 2.52988411210373 3.09711783611191 19.330270070383 18.6251894743482 27.0474134514686 13.3752406966367 20.165444835534
5.89657734329847 -58.6015387454857 -1.57296755434486 5.44041782849498 -17.9609828868651 3.31444814272692 -11.5247539670994 19.4933740161652
2.3383224051851 -7.87438699749247 -4.62163543986189 -42.4074809671669 -9.24457152995554 15.0019343124087 -8.94914827813858 43.6375321371022
2.39330256885342 2.64965954842263 4.22450578344069 10.5375555790734 -62.9816145469589 10.1428949602889 0.346343455085889 29.1125708115375
11.2736797085117 -0.632573611581846 11.1843491068574 18.475507065535 16.6502422676085 24.468245547157 6.6540262979018 21.7150399623339
-54.9151782584543 -6.93656460552608 3.9150557412289 8.61173566186811 -13.9269926094247 8.13750750177653 -10.4497802860985 26.3327599840432
-53.8493650720328 -6.22070960219438 3.46925171227881 7.5638789286684 -18.3198130433461 6.719008019972 -10.0339689157177 31.1906818936312
-11.8365502346634 -5.11325255870165 -6.10560410454461 -19.980482205314 -17.4396656743187 -15.2407922202345 -11.2505434400537 -18.8704331693663
4.4284170845063 2.76618436752479 4.66257303489012 9.20933324736559 -62.6457514359474 11.6554890702626 11.7587028921037 27.1908256398707
-9.19202104097294 -1.4356153737783 -8.26897602453012 -16.8485595143012 -17.8288799709526 -21.7358403050665 -9.11338072421864 -17.4466871341129
-3.80082998576975 -8.66560746225268 -5.39215696306549 -38.7314679609438 -11.8869584088493 12.448222085425 -11.0676420966322 43.5254305950505
0.711966957903539 1.54593755742416 0.740666310141882 8.09722705754956 -13.2840363877796 7.11116933773372 -60.8745144523467 27.2512978967596
-8.07858958638162 -4.01487760930863 -7.49668593987852 -18.8885573673596 -17.8741585407042 -21.6306727571707 -13.41234196945 -20.8900845968959
-8.00067187631235 -5.5758694178611 -6.10386053241931 -16.3177198243476 -15.9738373707893 -20.7177148691723 -10.5151520778164 -19.1457432238911
6.74890176916194 -0.368002490176302 3.4572172237343 8.51600269360863 -62.931685818232 8.01807684682309 7.21865345905888 29.5043360169816
-4.68859978284353 -9.39369519856568 -1.77376976189929 -47.3535135050747 -7.16794973501596 17.8483182788727 -12.3006975591144 45.800609005725
-9.07307376813015 -10.4474727634637 -58.5374443607877 10.8474266285464 -15.5391541464675 7.70609182109158 -9.77297523927261 29.8113430727106
-7.30146096598675 -8.37442587480503 -54.6006338795851 10.7522937110116 -13.7210129883817 8.82958597349358 -13.068409583927 29.4958399485773
-13.4029608960537 -3.80646059622062 -6.17859141430905 -16.1641358039445 -13.6197840100859 -17.0893147447665 -7.2638645139611 -17.8899430006631
3.62651060766391 -56.6065163330952 3.49283308031323 7.40010788558355 -16.8572410654869 6.68220684502998 -10.4775742291512 23.1323578935737
-54.9465973019078 -5.72741150499132 0.193069344998096 7.79317504127969 -12.1932624542078 11.5110677394054 -9.40037913679996 30.5688965933595
-1.72002417383912 -8.16559843482146 -52.2325010890909 7.45470074897465 -15.271545309289 11.8138958763528 -8.77535432704167 23.9352931932448
-8.13306160813003 -12.4604758633682 -55.2273433687142 8.2330714972178 -12.7676506764884 10.5273457026089 -11.21940910852 26.9714501485744
-9.28582685612242 -6.6151430148153 -11.2643808572293 -18.1902260739566 -13.4127876510624 -19.5485518820298 -13.8132639894563 -21.6670463557028
-55.3068955996388 -10.09221297716 4.8201230894602 6.8211806878889 -14.9477775480338 1.82560354744149 -11.2129718013479 29.7569363465596
3.95624451319715 2.32652755778844 -4.75448444238744 7.20503519744811 -55.9075569051156 10.5578832754793 6.19216162139915 25.0599141781791
10.9236779196878 2.87825359373379 4.52734400490817 17.884589327228 14.5489563447406 15.9344395068922 5.75768242894277 16.093912579014
3.114122458806 -61.9868329549924 6.32321086713665 4.52290267538864 -16.4713634255138 8.12332611899165 -12.6461799708724 20.3542499350677
7.48848866224632 0.66690726956661 -0.712757146839517 7.17171479419199 -18.3751020691101 10.7663480997818 -56.5801802595673 23.359862472672
-2.1748878978962 -56.3325827418266 0.302657643942555 5.60784736783151 -17.3045880654881 6.64585231171914 -15.7478744356851 19.5794415448123
3.42791667673937 -55.0868238295391 2.89154233302206 8.87608294242427 -15.1630577840164 5.74862825840253 -3.89272563999718 18.7238189140027
-9.64609056780242 -5.29446624027289 -7.97485051120454 -17.2066782064036 -17.1031973946021 -20.2312446774453 -12.1771852244204 -20.3757210603364
-3.24886105251058 -8.69188647651159 -1.73851865159246 -45.3462108407028 -11.6564823513197 15.2521088618808 -7.66971356397842 43.3890746219339
15.646084130839 3.51916051546872 4.12414908482035 17.4058793304582 21.4794950471456 16.1064684689412 7.44037836679181 19.7623429703999
1.47392285208176 10.3887475367617 10.2008430439878 21.2367396844109 19.1003492866114 23.8629484532795 7.8232303234059 14.4981744557337
9.4306662977564 3.29739007919546 -1.64334771903651 6.5860583726899 -18.0707574108141 5.82705427839989 -58.681153947556 23.3895778495867
-1.23773056075192 -5.80750488894177 -5.76037991673548 -41.811360661762 -9.22185639506023 14.0498834719924 -5.58793765820199 42.7046591764869
-11.5016644272724 -5.39649930414026 -6.29501997048526 -16.2715704296953 -17.1259238946991 -17.1144072410514 -9.6041876021685 -11.8876256914251
4.44096849421583 -60.2998104665437 6.33024583047869 5.78266556959703 -18.3669632619975 4.56587644446087 -17.5697940170376 21.3718760281017
12.7518908007072 6.06155330967504 6.65143997981651 19.2329333633399 15.6337052579625 22.429268972992 13.600073500398 17.1031751824137
-7.54905401387173 -9.63585244013836 -59.1551298693594 12.2290288037251 -15.44789375057 10.0218637561162 -16.205763788309 31.2458695214184
4.65722387486433 -59.7931540835896 3.11781826481235 5.12537228485519 -14.239526789768 12.6565849714291 -12.6015360038125 22.6554852079835
-10.9291733002307 -10.5530964668863 -55.9308873953297 9.05824388420866 -11.3181058098842 8.528292641623 -9.00626050466742 28.6577940384663
-7.40636069515926 -6.5107728492557 -5.65731767999238 -18.0331205387428 -20.1528298724865 -18.3178091709626 -10.7303115236543 -17.2627827517462
-10.9613876694535 -7.04144930197895 -6.95215614567828 -18.6235580266168 -18.5938836740184 -17.8460529187756 -4.25973342150894 -18.6277380796616
0.0435597463629973 -0.244833002545579 3.35734865498221 8.0885805587089 -16.3061752334646 8.44459902003472 -61.4883785723864 25.4177247027641
3.35137971757195 2.35524249721466 5.12556933077287 9.2523440429236 -56.3160190910122 9.65280334531607 8.04316157552568 25.9250551232838
4.12781831464934 -64.7113441942902 -0.89473462475566 7.00458311528382 -15.6970196472408 5.19606095078249 -14.9542166060288 22.9600031105712
-7.20418536631196 -8.1552093945993 -56.7490919013319 11.1412088211734 -14.521866929246 10.198072423297 -9.26181456121065 27.1437796376496
5.58261118486832 0.908263788073273 0.67159521404773 8.99976277594951 -60.28184107466 4.15686755093018 5.37890649650168 28.9248280276706
-2.9904376079027 -10.9140627742929 -58.4902444575438 5.92297077386111 -13.2476028407461 7.84000135356477 -9.43021836313066 32.7760799386335
-0.8208681841699 -7.47721982766688 -4.93855898672888 -42.922133211439 -8.29644418779359 13.1878126244571 -3.40519703930317 45.958599535183
-7.78251381386517 -8.3182734218406 -51.2512412749167 10.7571688674072 -13.8256167208595 6.56859058600276 -13.1396252218903 28.1910705725291
3.83338995878963 -60.2363931178646 -1.53096820592116 3.10266422100286 -14.8572975477163 6.76910913110541 -6.6616665502691 24.3894663405272
4.38430202680758 -58.5679025515575 2.87401479638783 10.8447421883401 -14.7194403862916 10.2577039566029 -8.5655891550725 25.8105530363932
3.66689957070158 -66.338320832408 6.151711109284 4.62096534562008 -18.3556955345157 5.54204275024098 -7.68667004910697 22.9240736788272
15.2810948746096 9.40635481677206 10.6440772876916 14.6603803212069 17.0845766544146 13.8656687383877 11.9608506925042 17.9172953078749
-3.531746461597 -7.26785734132104 -2.53592001243325 -53.9064491364333 -8.49091301151132 12.1960202178073 -6.27879659537748 44.3013243155946
6.26105240078336 8.5058071739511 -0.420988396584975 9.72410277813784 -61.0169769966171 10.2159992576693 4.23149345524691 30.3348105702131
-4.22845477390495 -8.86590141203614 -56.8479035632282 10.4491661010449 -14.7619970293053 8.51066347488698 -13.0761246088139 26.6620045713869
5.9982137626737 0.160101148533856 1.13096213251138 7.57577904818921 -15.5121429340822 5.13641209814435 -64.6151423505373 23.1039531158302
6.30267071181207 7.47809034242302 2.46893757184949 18.0956267103785 20.0033314225861 22.619363414161 10.0951063685782 20.4172793561642
4.36174481003368 4.33103987795943 8.02912662218195 17.6658704460824 18.5245116111931 16.0644064548463 7.81093011119594 17.9795324758802
5.62849226059783 0.782347576972302 4.54247284089743 3.17814068018414 -16.6398724712957 5.62180736530668 -56.3325981751984 25.8640957415515
4.88950568924771 1.58133434234107 -1.61440416956613 4.73641016852943 -13.9032509603406 7.3286497722852 -58.4461220403553 25.392224595748
3.3943756729761 1.57564273824333 4.54846555902404 6.74163056919192 -15.9928577633143 7.79354529959147 -63.1327230273467 22.0534940057733
2.70195496569486 -61.6607521649976 -1.31517481989011 11.0031378955563 -19.3335907932305 4.84136417059339 -6.27870651874426 17.5929493534421
-2.06166386941408 -9.901495811045 -48.4799152156154 7.63791634209254 -15.1861485237883 11.0957609388952 -9.21817421243391 29.6133847131962
-2.91201803419844 -8.61054194415516 -5.05650147919173 -35.9922208082957 -9.01177344421985 21.1315094702239 -8.75815569961515 42.4268467288516
4.0309344068165 2.09515649352275 3.10875763481088 8.41552357897944 -58.1836771823153 4.5052130017958 1.84546238118248 30.1955791014038
14.9284291219174 6.41378824981844 8.79924915285162 14.7801937373615 20.0998019096683 20.133306315136 6.26203976232159 18.790749239337
-4.93859647626481 -9.60714130786666 -57.346817505043 9.28642004103585 -13.443021937061 10.3539443417346 -7.11018260300392 27.8964842633716
3.698379209068 -60.2938169593477 0.886447146514601 6.50739226349478 -16.0981741364284 7.89661210868463 -9.61770090044271 20.7169985516483
-6.72542485405878 -10.4096503059365 -59.1803020407169 5.37150007389258 -14.7004817439084 6.55144488571327 -6.80117043177596 32.0137473165197
3.46730612328919 -0.367356663901044 3.44165937514233 7.18464939335218 -56.2234851790185 7.48922549115693 7.45762890993543 26.2848194497253
4.40146367294678 2.9154024891872 3.81302231807289 11.9937706324782 -63.6967202358991 11.3216828363304 4.62198106175316 27.2712398029171
5.87196255968713 -59.599759574099 3.48652556653962 5.35358076295743 -15.1956849328065 4.56037616034637 -13.342575883443 23.6471001994703
-6.78246098096358 -6.76816217555055 -9.62682002938336 -16.7576685535508 -15.4968914783079 -18.0456081525396 -11.343057949542 -22.1960058821792
5.54029366643614 8.36769347721845 12.1025915354761 14.4985863626706 16.3347564328812 17.613994092763 9.378876120155 11.9036355821224
7.14180472534784 -0.288352966160902 3.53905242282669 5.92264793976241 -17.8886648234221 8.84925062507522 -61.2784448097766 22.6931080833305
-0.641500066086746 3.64856972020149 6.13182619890659 10.8757808999467 -16.4644646165419 10.2637434593904 -61.7383761735417 24.7451778060959
-1.33286082350305 -12.9551603526668 -6.6504062484343 -45.1589332374884 -11.3345154483385 17.4678499101423 -12.7453661781942 46.9369226105857
-4.62195355626475 -5.36580677350303 -55.7608909218949 11.8084105960895 -13.9942315716683 7.63093723127274 -9.86192937517744 29.4299714185436
3.84180051033247 -63.2926463043335 2.73014525440487 1.45042990639675 -14.5071262423406 7.01284461180479 -9.89896221064659 26.8138109026242
3.19403359336065 -55.1616560719597 3.41102961355358 10.2664735543788 -17.9589027940387 4.90979673620767 -12.0850957685537 22.5222693695677
-5.30424186796439 -6.71641539167375 -56.1096830576936 9.26653927937473 -16.2048932413608 10.0921704771176 -13.104090644174 29.5064945106492
-3.13160795620599 -1.36491293315173 -0.0113095339507931 -46.2690469699581 -14.1262005617481 8.4446942443168 -9.48269002747902 47.9743178893536
3.17303733242418 3.19925908430617 4.24831245755892 8.27214522250778 -60.5061491861311 10.4314548487143 10.0624367456631 23.930776824431
4.9521985696948 6.29883417761038 4.3809027626317 17.941005439317 13.9065428398434 15.1246081389524 8.62967132071231 12.6376799142322
-5.70862992815004 -11.2957258256901 -52.1238147129183 12.6447557270705 -14.7977189086596 10.4024581423305 -13.3367236942865 25.982201559672
7.17666007011153 5.23398368713798 0.575302217490025 8.5486529217531 -17.1750838885297 9.08904057181984 -58.1393017245801 23.0811245701279
-3.34706521469468 -4.26906727788024 -6.01973829565992 -45.3548394799434 -10.2066920926131 18.483425310164 -2.57895704160804 40.7533332111107
-53.8628778139476 -7.40538592314902 2.86987227519904 8.2618876453258 -13.2507996154447 12.3292386477338 -17.7476622867063 25.1951040617432
3.47671257348639 -54.7095943814845 3.6222955897388 6.12168859475331 -16.5884677978629 10.85305570051 -15.069845801789 23.0140770824701
6.57716582045046 -62.068419024371 4.5066545099867 7.44927420846214 -15.257280383237 8.7344109332687 -11.3641904872534 24.4761750580589
3.06264426376777 2.93159824949066 4.50390671831926 7.33404439692917 -16.3589312127336 10.474682601021 -61.8264574891777 23.3600435648887
6.49436262107512 2.71196580829133 5.06363858539405 10.4448282643279 -57.0300140737521 11.1330841451755 5.50538163016076 36.6510533797863
2.95527505802323 -56.1941035754725 2.07569748977115 6.66804863345802 -18.1180025354082 4.58804761729235 -11.1556626456458 20.0745947943804
7.61666578098316 2.01846303777721 3.66103140253559 5.9332449067511 -16.2501834226741 1.21547808175069 -61.3315789373368 23.7377889991367
10.0574796773886 6.41213505778125 7.74871207021033 14.0534645900578 16.748014903508 21.5215634421483 13.7552315070731 16.440881978043
6.04222576675871 5.66519837335229 0.589763978946514 8.46089016257398 -56.2852388839465 8.14817140332677 2.67305815970182 30.563526174546
-5.16080952117017 -7.48557563787118 -52.460020622282 9.65843747246678 -14.7260612414274 8.04346438221107 -13.9582523483096 26.408450320987
5.25261117056208 -1.69746841807747 5.00260271309279 8.22499885631009 -56.8707686723263 6.56212535661724 1.44984144520256 27.3918898364708
-56.1496621124208 -13.9339143053562 3.5116698619599 12.2196386975753 -18.3202396828996 8.87476159178295 -10.6793542739648 29.6782892142555
-5.89332294887364 -10.3848328116631 -58.2009151759906 3.69629526742342 -15.1549386640407 9.93889175322564 -13.0583824581704 26.041297010311
-4.11544968335044 -6.28941032256624 -3.38039204918819 -44.1852610026262 -6.04115091230246 15.3608415897651 -5.2949813231469 48.6674906766171
1.17930715836659 -60.5588056958419 -1.00194723648721 6.57982612464176 -14.6933852414706 6.9823380271381 -8.8583788670534 22.3224283903632
1.7329370588039 -10.510658841471 -3.09520207881464 -46.4720936137899 -10.039930091931 13.4088959419049 -6.35382177247782 47.3133547931412
8.3118166688807 5.30827514683901 9.92196825198246 19.7183929950718 16.9051259977563 19.0350077475829 12.5694523873839 19.9321285681787
-9.69683220991939 -11.7543156454111 -54.4805662021774 6.14372114094113 -12.0937836263438 12.4318472656526 -10.9834655144453 22.3684780493954
-10.693704613208 -2.60237757628789 -9.44493728391224 -15.367461438303 -20.5139478435659 -21.3351203198761 -12.5821565439716 -19.0796325214502
-1.21138267172913 -6.44917215015566 -4.51264654438018 -41.1695903765088 -11.46726217416 18.3526531460176 -8.68436377005547 47.2838103324398
12.2627857791626 0.0766287541812867 8.65758562482234 14.7637160634372 14.1869957852754 25.908635830596 5.98294811651236 22.1440971535084
-0.076875268320181 -5.6265208415347 -4.12525579191597 -45.6120499018055 -9.78478008175377 15.4956514845242 -6.08221137003812 43.8611044337306
17.3822615097016 1.83058033434649 10.119743140749 14.6957580912196 17.9754022795144 24.5790570539842 11.8505596680667 20.2611804512252
-1.61997252979335 -5.06686184732351 -2.63258248370394 -44.619226966598 -13.9416689907703 15.6325574736592 -6.18528673311554 45.3099605875155
1.69680698307366 3.19374623369824 1.16742062737148 7.87867121166541 -16.937482907456 5.99874600952351 -59.1294972866712 21.8686849863928
8.98553940659986 1.27443858747237 2.45191686186977 9.6163674096839 -15.5259632745865 4.58438725859084 -56.6498893253094 24.9474578356442
8.53454756445842 -60.1201298391228 5.01184066909376 10.0246161604873 -13.5819316742776 6.3725131762604 -12.8469082860392 23.0706457540854
5.15521607974375 3.03395424631911 7.49830313932482 7.72527236177165 -59.4690828060271 9.08329049311563 3.13443610007759 28.0378148889976
8.54406373506112 3.87713463590169 5.13447541166439 18.4498579413108 18.7096179709288 17.2028815715488 11.5064056380506 14.3553648293726
10.9772520824874 -3.95325301123516 7.93485751829402 14.9835220472999 14.5744004743419 23.845586731066 10.1657399604708 28.6637393050232
1.40904979204003 2.89878502653254 4.262536542893 11.3049975245023 -15.1085584283704 9.50951744422556 -66.0984023971114 26.5697261567113
4.87533002471603 -59.8803766363956 1.27307121712545 9.31898038647716 -20.0028826351969 6.44947996214986 -15.6930342045194 21.9148241899296
8.32589154420882 5.35781769872783 7.6197451361451 19.965356143491 18.3930437242942 18.7703932544469 9.93594692934676 24.0376080629207
10.7579740889391 5.39928376479839 7.96513559351488 16.1651153695743 17.6953442341301 15.3969328603883 4.22035967608626 28.0231122048668
4.3348354832118 5.50666458527312 6.64096200585462 10.843089799556 -64.5154531050115 11.9744184595206 3.31086035724197 24.5958711062142
7.92772116914194 3.67285608614283 -2.17887206394095 8.39067947850875 -14.7034671504721 8.70336880585083 -63.289305129997 23.1455783062039
2.57484438551162 1.4509016099841 1.04558692640684 9.25711437856523 -13.1036871038241 9.03226954149813 -57.0022673650667 22.8551535725009
-5.20492375409987 -11.4760238739877 -58.4205130495079 11.1035392951775 -12.4396300581519 8.28346439892442 -9.20003574680512 34.1143989936662
-11.4371000908136 -4.06575895375761 -6.55562684475277 -18.038982021855 -13.7837100861606 -17.893710207582 -11.146577812043 -16.0613852217377
4.73354146826556 -64.56523050629 -0.31284931053733 8.85279563549291 -14.56202687665 9.49526929008391 -10.9824938656598 25.3257212445896
7.25620256746013 -64.2543219583009 6.50584289343563 5.6792495294998 -15.0273070090889 9.76819918062415 -10.738108794634 20.4977024824787
3.22744933457262 4.9479471801298 2.1450269819807 9.16496240335678 -17.4302563310211 5.5839430977618 -63.0606521088912 24.0241585392251
10.1180498549342 -60.1737864886235 1.43304796814368 7.34129889814286 -13.4451162025983 7.61704691510497 -14.6264180063124 23.011492395301
4.10754445428563 0.636735762761733 3.25418492048526 7.88737885712754 -59.4229593228534 8.29680283294269 4.27045915962915 29.2764327379733
4.46330161666397 2.47989921191202 3.41227298631035 6.47132409620642 -57.8946766528304 7.1173207403811 4.92955505520714 29.6366557280839
-9.11481098793739 -5.37908761222949 -5.34118926619797 -16.3879053054749 -15.1867523745418 -18.8424277408766 -11.2442720257833 -19.7292975313967
3.22414932918231 -56.6631864221345 3.04551594127064 4.21051466909708 -15.5994980788371 8.07714619531428 -9.57009902883798 20.9870926071122
7.25832656032106 7.24631518650994 4.45017606124253 17.3653753161579 25.7782978184113 19.8092904892692 12.5225631735828 27.5197826718245
-2.07334818029916 -6.25531412951951 -6.02610407701727 -45.9989914551117 -6.59244476524695 15.5573086387319 -7.06135723948019 42.2616806749795
-53.1870378755817 -14.8535481027911 7.09593521848536 11.9545305113863 -15.2021693232576 11.3301003138057 -11.1352577388419 32.3033235683614
10.0666674818544 3.81806875202822 6.40563321973936 17.1033473603029 19.304302396329 16.6152757888601 10.2174695097111 14.0805433444356
-14.4013278451269 -4.89047074236408 -10.4383881217359 -19.0379947730874 -23.3385333190636 -19.9566385112455 -7.80238865165265 -15.2010453299796
-1.00837136345654 -6.15485132437102 -3.53754542731293 -43.8053335813697 -11.33136274503 17.4822554907132 -5.92123344842233 46.5495833872555
4.20802259571763 2.69329263030994 1.69262591984606 7.12390230102241 -15.9516374976111 6.89905185313141 -64.0248950290134 22.2854388501852
-9.89224069935369 -5.20294160703117 -8.19599543391747 -14.3944583034614 -11.5877922855245 -17.974198937865 -8.00935838141468 -18.2160178098749
-11.1377101802191 -7.09277790845596 -7.05914113677239 -16.6064137028465 -16.6662979576861 -14.3750274609677 -8.12522198812961 -16.0297611807905
-5.48329065887013 -3.28408278005043 -2.47563015872985 -43.9995709231137 -14.7512872320303 13.4385830795067 -7.45015332447524 45.216349724014
-3.88243475580891 -10.4875731512979 -52.9298290138161 10.6283607372589 -14.4422883638879 10.0788729616829 -15.3748707276477 26.0397114271181
4.63249134462866 1.40341687743832 4.9548196246993 7.63863265818574 -60.6482732347053 13.2615725504021 0.512010988688355 29.5813194626092
-56.7070133281812 -7.7527182359233 2.05401632509884 10.2298064063521 -8.12045299885994 7.02574259982401 -7.85288033149322 28.2103450933309
1.30482759505426 -58.8734835546411 0.692210852820708 8.44211853430248 -14.3280266412135 4.75157480468037 -11.8385003429194 21.0262247456692
3.04036556076862 3.22612115463243 2.96145822531932 9.44948690810557 -15.9080294984476 8.66858312514062 -63.6978832603592 23.9419761490786
-7.48440032434183 -7.31843647362261 -7.90863883825252 -17.6985756688007 -19.6353121741475 -20.7298612765763 -9.48998332659898 -17.9707019853439
3.49438880180145 -0.546340498713652 3.8324711368625 9.37373899270013 -16.3095768738295 10.774630282834 -59.7229976861796 22.8421178820482
4.21329511179765 6.35837346975472 6.53651903581123 14.6078642419527 17.6278088962676 20.6005034363497 8.06456240940306 15.6017002600392
-58.3180157074218 -4.90166862357286 3.56609440819402 12.276831448541 -15.6426658836341 12.6996352046155 -18.0138256353714 31.4614195870795
3.81700772968313 10.9282147884462 9.64842613526542 17.1386192161333 14.5981357080752 21.0325869133179 8.26569435433729 16.029173638699
8.08179742599747 11.7207310736597 8.01416852712176 20.1832698787922 11.5410248340444 28.5705707682257 10.0596642869241 18.9472880778705
1.62166356494346 -63.0094146548175 2.77982865778799 2.78193831673343 -17.8009105138425 8.70466890723093 -11.6728583907474 23.3271956030524
1.92933511516957 -6.16979921109276 -3.68420951735594 -40.6972903288339 -10.067935382731 15.7479323764301 -2.37214241040069 43.2570828317186
3.59296877363774 3.00316175316663 0.96333690542654 2.54493376293929 -16.9317377903364 10.7879053534894 -57.9544954269635 24.9831114261214
-2.51571851818337 -7.52859992686522 -50.9705868416231 7.68136520025416 -15.0319042600198 8.01265832966024 -12.0339236626437 32.146215912151
13.5424727140461 7.93938291314083 4.92722365861901 15.8152699039325 15.4046115905156 25.3431005505404 7.2098343522491 12.4228888226935
4.52930789836225 3.80324804564822 6.19402806765794 7.77950597281299 -56.1081983584875 10.2491940874436 0.0962655212155727 22.6079248805516
13.1256566820996 3.53102704810795 6.5016025913629 20.9962462710793 15.3751481521278 20.842834875381 9.19168238382559 16.9775075629879
-1.50210616855647 -8.79176566392355 -4.98708968947187 -38.7516591857853 -7.30505371641975 13.0038624261743 -10.8244260518986 47.4571556458274
5.17406849591192 6.87280348430994 3.78728178219477 8.65030701249874 -55.097539921483 7.2674288165528 3.6412953839516 28.7447251568632
-4.34398185511105 -8.15534922130104 -4.15343574598798 -48.0617994652413 -6.34233478857511 18.3050025461888 -7.99365973392291 48.7971531549403
5.29958565082397 3.60247316301436 5.85788666827122 5.37998735327993 -17.2029950439735 13.2170874178202 -58.0351691483878 23.5456189300325
-8.6893500120514 -4.74444675757373 -4.42546783721079 -19.298960322283 -16.304557509321 -15.2224447229934 -8.60881155765546 -13.8099226456309
-5.7173976542063 -8.97766493933433 -58.4873601079356 10.0523970161986 -14.669131636094 11.5835418032819 -7.46773635024865 29.1107258658369
13.5264115986187 7.54071661156164 9.43083446037267 22.7703631698037 12.13724570207 15.0321251438448 8.37684830040934 16.9276240486011
5.49011106798923 6.47824798449051 2.82987645666668 8.88247293184872 -60.9901799252398 8.4509266282085 4.97508182735419 26.1118943756307
13.849864396114 6.1137238049927 9.51391084851924 15.3367739233569 17.4793794775969 24.4675384667646 13.5290134750609 24.0059607554153
-55.126898561851 -10.0485018320622 -1.72586406522196 7.46938358983171 -11.1041921735803 8.35069529424847 -9.41667288401905 29.0851751071698
3.56741357828694 0.574472837599319 2.36761575079319 10.9049544681611 -15.4489401300522 11.7720410524743 -61.5108489369556 24.1640970389216
-4.41250022020299 -11.9989510142473 -55.0462723846195 11.9645017530065 -13.582781484755 8.87262798974666 -9.55059724725294 31.6957176195572
5.99144912915564 -56.5967936990666 -0.64053262687598 8.29833159915467 -17.2513745986843 8.34064587910944 -12.0948773463373 19.2820933594379
-5.22763233275787 -5.30557116562728 -5.31248917929266 -49.3161398967046 -6.74626094885942 13.0057732768256 -8.46797704024409 48.5145686746636
-0.82343080542369 2.20435581618795 -0.234023372012054 9.35229436014829 -15.5783427897653 6.9491057583879 -63.3621379329955 22.5203740001764
-8.31679686745229 -5.83343577271815 -6.61743555204241 -15.9376885993845 -16.7067551093016 -18.5357686406946 -8.6788232550536 -20.2427282534568
6.71244310320118 -56.7744280308209 7.37990345205965 5.65982725694666 -12.3883598522595 8.76502685406127 -6.89639961787023 24.3768490034753
-11.7616968433043 -5.81888287248657 -8.07257994484621 -19.1694434655286 -11.7675817939178 -19.2822385516847 -10.6976634506294 -20.2646264940926
-9.31671510837039 -4.85103832405836 -7.04686857426245 -15.5655711342498 -10.8144304382311 -19.3597358123274 -12.5642248347878 -19.1583491142264
6.87673940995512 0.261187362011805 4.76511783895947 8.68988950955566 -61.2082533420935 13.0635550386346 2.08083453003877 30.1497029490462
10.7527787092837 8.93900727045474 10.1039759429961 19.4656529034111 12.6189320773177 21.5619715992181 8.52403380984513 10.6495949563094
-56.1651921815888 -10.3031857572531 6.03061970457136 13.2551961257979 -11.0028331034855 12.3070690612115 -13.8002857496248 31.0479533760855
4.65294476163431 2.61146177005406 5.13863065163837 8.82990442128809 -59.2673325276933 7.33871362746675 3.01173521185808 28.1585781006826
3.36226902372844 -57.3368068641494 0.920797131635559 7.08623187883721 -13.8878963519224 5.14531081451894 -7.10896287583159 26.8541079282222
-10.7215079712804 -6.99621830468671 -6.06055740854761 -17.2123421654158 -24.1182792440237 -22.1169641638553 -10.9999500954273 -20.5090188154056
-2.80265408838966 -9.7547515826716 -2.66511349029329 -45.0642220255506 -7.71981561312142 14.4312755000887 -9.47359907950116 44.1438706068204
-4.80784009158954 -12.2190748791986 -4.76940382102208 -41.5476755697091 -6.66111166053053 14.6635038572153 -9.18330561924913 45.0689832592116
2.79400603694522 -57.0457869637431 4.51665084061951 8.04427168662562 -17.4553982632453 6.59381324941366 -8.24638497510489 21.8482573593101
4.67176313635164 2.1141679956238 0.800260760284665 8.57449343440964 -62.2817228522403 13.8543036541511 -0.132345648718997 28.6909037953269
4.04466377048984 4.7606034655013 8.6457190425687 8.27013204746983 -58.4350072892294 7.71103196130254 6.94834953076753 25.2394872257083
-14.70536870949 -4.48697314743954 -8.38276890480222 -18.0647452182675 -12.1521317630433 -14.2176067832653 -12.4765417898881 -11.8635632791967
5.51000932641102 5.27567495361731 4.53066324550426 8.8463366443041 -62.0371150847936 8.10061243856219 7.04388533223381 32.5279256275105
-12.5103748010424 -6.26093263496126 -6.21732782660678 -18.815800586131 -20.5502015082332 -18.5851472515036 -6.2830030425012 -17.7645600575384
-11.2997313620527 -5.519039134518 -4.01505174850779 -16.9844808641044 -14.842162062652 -19.6842016815809 -10.0201193110513 -15.6690756206848
-8.25086675747409 -8.64737778447659 -48.4301532300309 6.15781911344929 -15.2124597744657 9.40810454140953 -13.6518705877281 29.4380381951315
2.7772495743346 -54.9561483800123 4.73298093301566 5.95041870169867 -15.4027400808602 6.00709146185302 -12.7891748286389 21.0049765343293
3.43678483855566 1.05912407856306 2.99088541797651 3.55518865726467 -13.278405184774 7.67629367298212 -57.5025853791947 24.2711939644537
-3.8570876410764 -9.75120053940979 -56.9635366315731 8.54332341976399 -11.9829526188082 8.54808728240549 -9.45754956277369 30.0513134616199
-6.56100614454712 -6.3001745300994 -7.5387538892748 -17.5960817897502 -20.4829047020144 -19.1179566471862 -10.1213803655701 -18.3389520839321
-9.73478628123039 -3.4002643911905 -6.1050523548717 -17.9768697316136 -13.3825944823186 -18.3361131952772 -4.95908551373257 -14.8175405264247
2.85130660757933 4.0170682824558 3.61666294509167 8.25675558077125 -60.9871296130246 10.4366360700032 2.27082442163861 25.9449366929465
9.63524547183006 1.90288261345761 11.7271088953991 17.6939237306822 18.7229083487562 17.7099502962404 6.08552085309737 28.4086904817842
-10.4580120757861 -6.11065473115771 -6.33336663160422 -17.1229081141316 -17.6652703324169 -14.9162221092481 -8.84231441273447 -16.3846886619223
-9.72199742394052 -7.62844745189227 -7.39302035647906 -17.2214116259229 -16.9459108997787 -20.2033606951084 -8.11258295334343 -18.5758056249479
-9.67057381347144 -9.06766445828876 -6.27990308055854 -17.2444255714402 -21.8833521857159 -20.5040458368304 -11.4460131800767 -18.632691384286
-11.7129335906511 -4.71283205137968 -7.66772993807518 -17.1087269172504 -16.5144937264702 -20.8380831973484 -6.13601434582352 -18.8195074799444
7.13558306144825 4.16542614881125 6.02093906917085 18.1836214882389 13.7804233322409 23.8323733369047 9.34050725623424 15.1078358327671
16.1136221069043 2.93117914875803 8.16374355571335 16.4498707822117 19.0931763045191 13.7707278845447 10.8222300442264 22.8032045214141
-8.74799289739442 -3.16741709633007 -8.26565241469668 -17.4660856757984 -21.1945249275538 -18.5466233871516 -11.1639676231007 -14.1370450868176
-4.83329368283712 -6.39698348000572 -1.40397061005501 -42.4779434919137 -4.52694655014082 13.8309176019652 -9.39046795938505 45.2056099833378
-5.02617299671738 -7.7521568223978 -53.2685599714916 7.76403033588596 -16.9557307443464 10.6903295113024 -7.03037509397677 28.168565669105
5.15206032733921 1.8701620175136 0.693546695935077 8.4200149758896 -59.9110717197034 12.1947759309104 1.73103791154351 30.1068964988025
7.29639884607284 0.338903213242344 6.89499640943302 4.09790283130932 -14.6013518287742 8.02006788681139 -59.1495403961811 24.5868884467967
3.63228262116562 3.75963856884311 3.66212144588825 8.99909034704977 -60.5948924421042 10.2550614617778 4.87799873606169 26.5777799105088
6.96133379517635 -62.3549425186305 4.87168268780181 3.38564223894859 -15.8730999183229 8.11699804859663 -8.21218857018021 21.7791374502545
11.4717094256964 -60.955651997891 -2.1124819048014 7.55936852051811 -15.8548128173348 8.21201825741327 -13.4334114354488 21.1773919906541
-7.14806911543372 -8.03280064242631 -7.77553950555998 -16.937193928597 -23.9066153301926 -19.3512751010094 -8.26058936586084 -16.9937640859081
-8.34103252048231 -6.1474872042494 -5.18771860440443 -17.0135431241469 -19.1879290674871 -21.0290103102753 -7.85274147778537 -19.025090785535
-5.82851526242813 -6.90844880031713 -4.13931259886596 -43.7172382642622 -15.3680260031569 17.4422689371037 -5.45135361512911 45.7762492397116
-9.18370550082662 -3.35539837442668 -10.3795010256431 -15.7455771687717 -12.96956450726 -18.6722315722909 -6.34641516232249 -16.236396568417
-5.43115289395277 -7.67799402706772 -3.10970420854981 -49.9883006055869 -10.4935386740497 13.7983713348188 -8.83166980926966 43.0932750539786
-8.49163256200478 -4.79826637454669 -8.46386272801694 -17.7243330432817 -16.23150091995 -18.8850455548814 -7.15138433875886 -20.0103618267362
11.3665319361109 5.05580927839127 4.01169161239713 17.6233189203549 21.6405178983839 17.5590182660805 5.87616951071254 12.7491783348376
3.65184246452379 4.88522876278253 6.63195000819939 10.8192824537038 -12.3258484142861 8.51664746623232 -65.1483749756254 22.8104691575118
-6.41972407407895 -6.85152725034702 -53.2055894916464 8.80099776314505 -14.3816509375048 12.588770403402 -10.3890014451086 23.3017520590381
5.83336706455297 -0.244582669142148 2.97737184042367 3.68976043366973 -16.3591561539973 8.38051282967983 -52.9312254618147 23.7738197823793
-3.41136331968676 -7.16161962549532 -1.88826843711111 -41.3689934994063 -9.73576917536741 11.4323059106845 -9.67983544996243 43.5463844658692
11.4268668457811 4.90754893483869 9.72477607501792 16.4969388429759 18.7582993008773 22.2031832657612 9.63075926117375 17.6877066638899
8.51087477310375 6.2807751729797 7.72683361308545 20.5888386748131 18.5548941346789 14.0375389159879 11.2614993474769 13.120498131574
8.0146180880374 3.88150422725398 8.40288973655256 15.784762316929 13.7921131780522 15.6347976275321 10.5059591061868 18.4935979631732
5.86968406734981 -58.6732930561915 4.80802940074647 1.38002237579866 -19.0652536427781 7.76599928954825 -12.102506116523 22.6012475637976
9.37564954019969 -0.149086973085756 4.62530199770211 2.28685162996906 -14.4031267390458 7.51665242814316 -57.910996331943 23.1412613173499
4.16896361153193 -62.9126199431485 3.21958234017934 4.05422100461537 -15.420119521874 7.82933273421632 -17.24315308987 25.3879133548854
-0.384160825545768 -56.3272853092638 0.839216866603266 6.77363994014204 -17.3395294123996 6.21741619694169 -9.66439190416829 21.7304038078783
-10.5882731975472 -6.42963919612615 -10.4496857386445 -15.5335145206456 -20.4958293694563 -18.9597953974218 -10.7166489142056 -18.356643086271
3.88918099038765 1.15600407771476 5.78532012396051 11.0178871127725 -16.0706371794008 9.10311248549225 -59.5098226296292 24.3946873883195
14.5994254212731 4.1087459121071 5.84525260031831 20.369896203865 16.0302006571626 18.1737811800506 11.9667486881502 28.665063749468
4.1179029791076 2.2198887133693 0.66620834615024 9.77251669295064 -17.8792826823412 8.66656583980889 -60.2162581073517 22.998116710365
-4.69499101362157 -8.88929249406625 -2.75202547358896 -45.5028791130204 -11.9285213190146 9.5435349977752 -5.10479617300394 42.6493604024107
4.27405378471697 1.76658919438689 -0.57508818843611 8.1427248217202 -59.7972155335022 10.7817011172726 1.98937152898727 32.8451007908103
-3.22969191926852 -11.9486814510944 -53.2129584608056 13.1308098809156 -13.541922696614 6.6289755193223 -16.696290613324 24.8717086022076
-7.17589786521825 -5.3388873642131 -0.802156726294542 -47.0863139690597 -9.88409462617805 13.8192133351534 -7.91818136450603 46.9066236980077
-1.0011914249012 -9.7823790079106 -2.9508070115429 -47.5444704026232 -6.2886700236481 17.8522988577864 -5.65276651489265 47.7358327351003
1.59292175275053 1.47373910505995 7.83498631501883 7.95970103425059 -17.8915691955747 7.68291890173943 -64.1661396059818 23.4093414280616
-1.72165225021398 -8.80442778437122 -2.48705813779184 -45.6465081826633 -6.51327815100844 10.5226001810641 -13.1853946040537 47.8246207752168
7.56161848806224 7.95917599689467 9.48811001669582 15.4577786438207 10.1349956468354 17.1345593343321 10.8907075333868 19.7823349606693
7.88194105541335 -59.2581695699226 -1.54911091824014 7.22330247847738 -17.5995924563831 9.95409018301814 -11.5897808146473 25.6577057818862
6.66683706646412 6.14037156806832 3.90539072298088 4.29004858633797 -14.0395048900643 9.94194449686884 -58.6089131743688 25.4542958969289
11.1127098235953 1.51534706370747 4.15496140344962 8.37457053484672 -18.9938536157213 8.02569906290277 -60.0325193916625 22.6716674835092
-52.8169889553526 -7.94358957573568 3.61956051695595 10.1222826118367 -14.5431408830549 10.4605664546425 -8.13034977142218 33.7047230628483
-7.61471648969009 -10.356804476906 -57.9009831742348 4.3279221180565 -17.5277401052817 7.05316920410036 -10.2183074644656 26.0824759472993
7.05750561730472 0.857840217477656 4.84306912807722 8.67706479224066 -13.3236550742051 9.68305233893815 -56.2564951023724 24.5688909162773
0.491851086298627 1.00605887059226 -0.6661169131652 6.59869315833865 -16.0016434187598 7.7744742856548 -56.856959496329 23.4284008654873
5.59583548331498 0.721536871606307 1.448090687358 7.79017032327702 -15.4488563248661 8.1145559702819 -59.8275941228644 24.1700614959217
5.74469832372204 -0.751267646172834 0.209659164123471 9.98537550156611 -52.3979902677322 6.50620391781344 -1.17535661295736 31.9673475120081
12.8224859458849 7.55654733356599 4.03017733312036 15.4004930401776 15.5346935637502 21.6376485646829 6.83847353032669 20.7704266626518
4.93934463110932 2.65439121725689 1.87327557705602 8.17066084084401 -59.7481439288668 11.093990001239 1.67151023197684 30.3438163422871
11.3387827797053 8.33042781269143 9.34446517513934 17.0896112603514 17.0402068860575 16.6133629031492 9.23512284827796 19.6853583449989
5.00309665374407 2.86256794379105 3.94374559161272 8.9975921321606 -61.3245271416969 9.21497345693268 4.12944766200127 28.9127693065441
7.69581449778012 5.7717758411027 1.4055688221265 10.1964680896453 -59.852266145892 13.8299973095207 5.63581050965877 32.0325825933981
10.5122790021763 5.25594428662748 11.4797647803914 17.0508076290457 18.1596974385219 16.9776254977967 11.3329714339658 23.6763589106849
5.10445565000543 -0.842612353497465 3.12048434906783 6.71568049068898 -13.9361434732762 10.8255825177747 -63.6386456652612 20.3394481758582
-50.6617485245175 -9.14920116032694 4.14196956870082 14.296212400499 -14.1702237619689 19.4100386777584 -11.2812415497007 31.643315648652
10.7395373199774 4.88388675290727 6.67384489072955 15.9722253819682 19.6225591465183 21.1688495894278 10.6251081393937 18.5029984631058
4.96487519298785 6.55431149949142 6.16446225155604 7.76910636423707 -15.8208022208613 1.02750598308509 -63.8711763738812 25.824441524711
-6.61591592768793 -9.97305967584461 -56.7349010021059 6.66723699254505 -14.3096413961887 11.2554154467135 -12.0881918534271 29.5174538865183
0.977372504973926 -9.8521176905171 -1.08798909002015 -44.0823394955986 -10.2584633055528 14.4167420278285 -7.33673227660475 45.4721375811781
8.12103332692654 8.10006612131042 6.53775853149653 18.0500469962907 16.0824626626717 20.4278280887332 7.93551604057049 16.7535423355858
-1.92783461749154 -8.94324054824145 -1.58733735046544 -48.1943838361532 -10.0008251881863 18.0979958627847 -7.11126693914058 43.085011183416
12.4727415115759 2.69401614324968 3.22983953217361 17.164116709827 21.5977471732611 15.2557207790851 11.2924740517932 16.7644952780029
12.8145908312078 8.08997561628261 7.66535414244162 14.6911591167661 16.5784658339044 22.7016393158539 10.852029616952 21.7082865824393
0.505368655774438 -10.8906306553854 -52.5794154784356 5.93384814981141 -13.5579681559862 10.8796005219365 -8.97403212139618 27.5743148707832
15.0477238599494 8.91114507016181 6.16724327632411 19.545528026953 14.695706717928 18.8651751988261 11.2212146932842 21.9328071330268
-0.840402606289147 -62.2574435325406 4.08543158867269 5.16253668058514 -14.352537873411 7.75673856838993 -10.2193811527944 23.6531564600697
6.01872075481547 13.4640963572418 8.97063749333857 14.3445700246538 20.1179617199072 12.983369912585 8.77711947241234 15.6864637329825
-4.7406671411026 -6.80078818783205 -60.714847244228 9.87876389671118 -16.440652551924 9.15944255585662 -14.0788972297863 25.0674079205847
-10.8533629573074 -4.36894132508544 -2.98310378983097 -14.9582508194382 -16.4885339898683 -18.0444332348046 -6.4080889426863 -17.6876002247749
2.55316569105897 -7.63227574882694 -0.403801411319681 -48.2383198820725 -12.20434177934 11.400491177238 -13.6689925755838 46.5951520962765
-1.51859750799007 -7.3551266845226 -0.820299128298525 -42.9427695117559 -8.94283032620003 15.468339094112 -11.9878189324649 42.4647877017386
6.89716384457058 5.08433157892484 -0.993644717168293 9.19429255681102 -16.6892919369392 11.3150006106322 -60.2001805476437 21.737019521877
3.97267397487928 -62.2702721255562 -0.753235069283676 2.76492972916905 -14.278420148527 8.16115492221243 -6.33546300567209 24.5787923889359
0.586298141741334 -5.7903965719174 -1.2255195246366 -51.3194022953509 -12.5024663152304 11.2914350545045 -12.3912621293508 45.8691992755688
5.50534627789888 2.08526346668341 3.93159321069148 7.77281351663431 -16.5227450226339 5.94914716054466 -56.3511357973092 26.484306667653
6.56437186116543 6.62037370808678 7.30874705280869 21.3812718506967 16.2057933883405 22.5925359777784 8.95668829683145 19.6174752297222
4.92647589759087 -62.0476448535526 6.3357583025558 10.5653359131067 -17.0845391818264 6.36391169399104 -11.1534716168531 18.100783350336
1.16570033362549 -57.9045119768763 3.92478998832444 0.865773824506636 -17.3617378892305 5.31477747484708 -15.3370548619694 24.8983297792503
5.75404436133575 -57.9061717049749 2.22398130110119 9.22444641587108 -17.9893909670327 6.53100806510761 -9.97246286608873 20.0823518286071
-12.5052027224006 -2.8881941128669 -5.31912693665593 -18.5668122888266 -11.6501431045434 -17.3886139675519 -7.95749611157593 -15.8616304355474
-6.84763785787105 -7.72271610529165 -2.18595952944649 -45.7566700930795 -10.7453039549924 17.8176181460391 -14.6033673774854 47.0343507358077
-7.61212270946087 -5.81770932366122 -49.9032302671912 9.54788032953844 -16.1512498856718 8.28105580953043 -17.6163134966983 27.8570609647831
8.26773569703837 5.93123380847632 4.73280670228074 17.1899810268726 15.2733355466528 22.5199635620202 6.16493668043342 18.2516183491945
-55.5538521885072 -12.7672599988652 -1.3772855063685 8.12574455761884 -14.4504966528937 14.8143240022903 -13.1916100910081 28.5617897461594
11.0376339827393 13.3600526424355 4.31590810454163 17.28905788559 19.9595920052051 13.2242265916947 9.61625118206921 22.2510743871482
-3.93925526166463 -7.77004920626398 -3.40761301575743 -47.4953204480229 -8.54519217439695 15.9812413085662 -3.47833901869041 48.8624247055662
3.66027122055206 0.707222907036907 1.8992203865449 2.96937912670504 -13.1445389902636 11.8362050961152 -60.8948267748502 23.9672283538825
3.12751811207779 2.30943191400905 -1.28177366600534 9.14441325576003 -56.6288385706952 10.5999075557149 2.65721543665395 28.7218185405285
-7.22680085139972 -9.23750900423385 -56.2109672592208 8.20659973069383 -14.6364112074464 10.3596290694914 -9.940794378612 28.5489253385412
5.25020968660776 2.96365917235385 4.11594318775231 9.32262073440873 -66.2973858494626 10.4295202015091 2.4535124407236 28.5358631185237
-55.9109569667841 -6.75440230243404 10.2523850864576 18.8835616085795 -13.2596135138269 6.23988268051804 -9.59950772593909 29.6015624512356
-8.20359709606195 -5.32201549118101 -9.56593564271559 -17.1304278110628 -12.4182828158703 -20.0531511511526 -7.80852329542154 -17.1358903789858
4.02239478232195 0.771413176693488 1.71933161022996 8.80466668616899 -14.5143920627642 7.17578401952173 -62.3802521811032 23.1126567924211
4.4885830981904 8.15492387679327 5.74166296809821 16.0077907169451 16.8552930067368 24.1019319668568 14.5962856009961 27.4507628489771
-0.319045191412132 -9.98115768632656 -4.57307335824476 -45.4561845606748 -14.683385221981 14.912324301196 -8.89709238043737 43.0084010552488
11.1500275744738 -2.12048867231465 4.13804408562675 16.8959275093342 15.4171648721535 17.8538859352196 6.72916594027007 20.2424931335839
-7.55198609039014 -4.59011369621794 -5.14893229738464 -19.5000673379719 -16.5023513483864 -16.6776912512247 -10.3953575559382 -15.2252973600142
5.42383705320506 5.78943410223524 12.7212636828015 17.8036015850498 16.5956911532412 14.9588549588261 13.4482796720251 23.7214074138284
-6.7982650479398 -2.18350492038145 -10.8668327932554 -15.7638442525164 -14.1009507834703 -20.158363537365 -8.60198049079251 -19.3071672204698
-56.4778975225488 -7.73375368742552 2.29570327442088 8.97608260756682 -17.2556281259563 9.42074366839256 -9.62108652111787 31.6135234096322
8.69989055560838 2.13053965737471 6.16557975010057 16.130997923669 10.9881569672284 16.1507032853409 11.4246235965581 20.1078904322729
3.72942177610659 8.30640046393866 4.97892645366273 7.5045612605798 -59.2829862761091 10.6158604205756 9.51414999609949 23.3316283564876
-1.1194495166616 -7.01158256524403 -0.658998322999878 -42.2462251738073 -12.7589453966396 14.3216647619504 -5.71752535090336 44.0371509250182
5.29233256445961 -53.1627540418031 0.87021887120735 7.2694452810519 -17.3915718129148 6.38745921315511 -10.5451353281837 20.7159349100032
-53.2037009530036 -9.1688255121749 7.31612039197107 10.8888058387005 -15.2339702524555 4.69221364940224 -8.97591292023492 29.8000257816414
6.05625022447884 3.0759400372787 2.09808966522342 12.2539917105382 -19.0592405210907 8.29513490621227 -57.1404674704277 23.3216824012831
-1.13439077110937 -57.1509464518865 0.892860483333791 9.40677759503457 -15.9420011746292 8.08414456910515 -12.6784417733735 23.1083421380482
15.6508060311593 4.36243514757439 10.2358911675323 18.7551282304672 16.6560971289246 10.0508164413887 6.37392044536767 16.2900126568719
11.8232700291928 2.75743039834206 5.59889633149995 19.4318404880806 15.5217113063727 9.21375615833063 8.08067988285273 20.5256560411974
-4.69697026156137 -3.61349642342344 -3.89263706118621 -45.7805398928829 -9.73182993734344 14.499214153332 -10.0777759904269 43.8572896544134
-4.31478914150912 -10.7290430505523 -54.5305939735582 10.81188242872 -12.6739168889637 9.90593755517804 -11.2224147353303 26.2800189350897
-55.855993330791 -4.59803917149786 0.26107767761278 13.2473515159534 -10.0568897432981 9.34347481346913 -14.4174957090476 33.5749190824241
-8.59249470530527 -3.49972101627707 -7.82562327319409 -18.9462755494242 -22.3401281413727 -18.2404723401306 -7.27106607200161 -17.8509257289837
-56.0016600407439 -9.36873767725453 4.0864511432875 9.80789672572177 -9.46941307143781 10.7316855442763 -7.20317757225517 30.1741489164171
4.14659293356429 -61.9518477229477 3.59447844278174 4.82668310580233 -17.6723082237059 6.88970978436552 -15.8298820778497 22.1443430207113
-5.49502539203662 -7.21838046342095 -2.58746985651881 -50.0730993195681 -6.63670955188082 14.793903041359 -6.04904185526355 45.9054442481689
3.26529728002042 -55.4270769196221 2.02401476124133 9.5333317693848 -13.702624397722 8.32805453280221 -19.0248945495518 23.4419197463924
-4.75473329514589 -12.7694544347187 -5.55812832565045 -40.2083952296376 -7.21240664333813 16.9749583871318 -4.48068617279802 45.8888335845044
6.03876528051461 -56.4370678859842 3.65406368890586 10.7114162232221 -15.4706752461473 5.41670089443343 -12.8841831043359 21.2459163963004
-56.4930637321032 -7.60905362539801 2.50117319551974 10.3422641712318 -13.1580948718847 12.1056162589358 -9.35813537804498 30.685373999085
-6.01939844258771 -9.28991745168353 -51.2957247636568 10.9532822442292 -12.6317453830861 6.18308804579134 -13.9911614195193 30.475601232597
6.21792901805572 -54.235704184284 2.62797059136182 5.70818288802603 -16.1397143745584 7.31770581600293 -13.8103348374601 21.4736605653519
5.88911785734046 2.91849473732924 5.65809157460409 8.13843626600428 -58.3778552158031 10.7325544763527 10.2980595293043 23.075689019509
-6.22247864698406 -9.17394253575044 -56.0230301783445 8.12644953064764 -15.1153647010857 12.3156087402341 -13.0305798445463 29.7823963013274
-11.8020354092777 -6.61029212145457 -5.90702802768137 -16.5044723147487 -19.7792784053739 -18.6011005145611 -10.7976908335748 -18.3883327128637
-10.6348186858201 -5.6399517970395 -2.36328809130213 -19.6920987582801 -13.1680562565109 -18.3133191305598 -12.6313133376439 -23.157674573813
9.07396588648401 5.73108765195242 9.67563341378103 17.7470411579315 20.7583005029321 13.1315891070227 9.91057794758601 13.6723400960101
-1.99181525165914 -8.99711204971674 -4.08272763371451 -45.3717005445365 -11.3807490468551 13.9535377516649 -10.7628861358594 45.6517478445441
-55.7231662313336 -8.28842248539971 4.3116788490021 10.8906925251164 -13.792576214823 14.2242648108056 -6.44731684259624 35.2361856405036
4.57733636710606 1.17295820868105 7.12736685333828 16.9033283047585 -14.0528795550849 6.70264248709391 -58.7729458185927 22.9972008345999
-3.85985785929598 -9.58559942172396 -64.1119139078849 5.82300271714172 -13.3274745583804 8.92116468272846 -9.71163816244297 25.9637789617687
-55.0879988696077 -12.1256303066052 2.01005898204152 9.3018031276698 -20.2294435478119 14.268602525056 -5.69347423384703 30.0014310318961
2.93915968079014 -60.8446307661472 -0.0252757964681947 3.29851793217704 -15.1793449257984 3.85104240014185 -16.7503111503615 20.0665353508587
-3.91456336740956 -8.82958523709092 -57.2590990928466 13.3686391514954 -12.6008997319504 10.0432043938657 -12.0955249491579 27.5749416910069
-4.20431637465125 -4.09925538322026 -2.21022543826798 -46.9335095316957 -10.930095158946 12.3431315509189 -5.51607453997813 48.9109917488958
6.8740071419372 3.7587974419224 5.13679401350478 13.6870085815217 17.129370815082 14.4153845339397 10.446852580812 22.389225708341
16.5848110388284 2.46579750591597 7.51449554359814 23.1289410072255 14.6538065220058 15.8469915978311 3.46869157354998 16.5326580223435
-6.67242379546378 -10.4909826475074 -58.9441499373273 6.09670098597455 -11.7308052404407 12.1935664580129 -10.2881240458038 25.644872125121
15.086353013926 -0.37560202147128 4.73844867476217 20.66514670174 13.6523284165431 18.9168143345638 8.67705248429616 17.5247582744555
5.24768919892437 5.32557735755949 3.54529490904931 10.8635908947692 -58.5228445958799 7.68100196682856 3.45581005577094 28.3119812329282
4.32944190075648 -58.7146843283431 3.57480523047171 11.0829340977005 -13.7044248064881 10.0659208301974 -15.7607881379833 23.1518353258634
5.22891195878937 3.93863687714475 6.19850456544523 9.70447083262126 -12.8425349391188 8.91891745178582 -58.0926288003339 25.9976332740997
6.43934023457205 3.90591857179758 3.50455159562827 15.0656108971658 17.6516526141951 19.9177626302098 6.0423606737329 23.8138726881543
-7.4657333979832 -6.60955692936604 -4.37301428968713 -16.8716964487849 -17.2286822980541 -20.2313136409411 -11.1282588068 -18.5879802696295
-9.48107338340231 -8.86909515871507 -8.92029640338999 -16.3160908612783 -16.6406373519832 -17.9752965174041 -6.94851862764183 -19.5884590376445
-55.9078023454696 -6.93692752696862 2.26628877904841 10.7461614674756 -16.0762005676481 15.4375380072443 -11.522738261967 35.0452044893029
-10.9309481272242 -4.66710260906098 -12.1251106654347 -15.3017516364306 -18.449579249093 -20.1701893444224 -12.0507558799786 -21.1243098412512
1.11164988449992 0.809955166122068 2.52869089015872 11.8402225083186 -18.8984357095474 10.9725656841438 -61.213110501663 24.5162947485431
7.16991736613767 2.43901305890272 -0.0460688933736693 10.0465866643375 -61.0701802413421 7.31053140740994 6.80352483250621 28.8620546892358
8.88365414337067 5.06170792081327 5.65226249519581 19.8803212489819 14.7777563014259 16.2712342830742 7.95817859995855 15.8363238597322
-5.88825852205514 -10.2404273921216 -55.3606774811021 11.497687297721 -16.2318366558546 9.03946059374271 -13.4570450419215 22.3931719221007
-7.86091080035738 -4.23976855638577 -11.1990082892506 -19.4372786060653 -14.8845249083973 -19.5974693946553 -11.6974234879539 -12.8266195836278
-8.2845308696897 -9.16436735903696 0.0169016408213176 -47.3544263321722 -10.0187268576377 12.5694491521636 -11.0376472759311 48.5705292313031
4.59504831385221 0.908800090247345 3.81545191240276 6.82599824423439 -64.1687278449744 9.80276958833311 2.79405697395727 34.1195625621519
3.97651882473295 5.14202753148259 8.08194526244234 9.6604073432416 -13.4575049321225 7.34403580285061 -58.5022000634762 26.6526507976081
11.616038141552 3.8479810497822 7.49617930446232 14.9820069580884 14.4892377352662 15.7271859384906 8.74046610075784 15.1192009212716
0.761544775761139 -3.41263335480888 -4.96213538603968 -41.394708798946 -12.1740828216489 13.9526944022234 -8.12954445399962 45.9519902924499
0.975893767382563 -5.20525560161209 -1.77974471145548 -49.275146031815 -8.87114955886604 14.1415197697033 -6.88199207760779 46.3211569074025
-4.99874464178145 -9.59078603418391 -51.7356996759371 7.8323148893884 -12.1449031377349 10.0768483109492 -15.2223376732537 28.3411493526813
-8.92584085528071 -6.86667142230458 -9.0091596975153 -17.5126785458016 -18.0735671844002 -19.5500847011773 -2.40248343709898 -17.7483408286627
-12.1319889691626 -6.94502700886049 -10.0633931335471 -15.877475321706 -19.7314225075102 -15.8394560853045 -5.99532880037034 -12.7113210734642
-8.20053773884601 -8.20837127107372 -52.0750066688894 12.754302865421 -12.9551967781371 11.4603770470989 -14.1596779876548 27.4099983377889
-10.4779624578985 -7.90300035422821 -6.13174561500828 -18.2599281889343 -19.440057205036 -20.4415669585201 -4.71170798404279 -17.1956589166896
4.8298033148094 1.79638225136587 -0.432250379336837 8.15625774012371 -19.0712547105292 1.84078870039377 -58.5993404261338 25.510416297437
7.98629228231379 0.824053911928976 3.59189839310088 11.6724541255643 -17.175050194484 9.8615531023039 -63.2166115100592 21.7653048627194
-0.66800229464946 -8.12262611134337 -3.51531945652117 -45.0604451046348 -7.58239903096238 10.797015615574 -8.21932400013882 46.475588880922
14.4619910292118 11.6150509821068 8.37159277595322 20.9100922983384 14.3788052030305 17.6976095818099 10.4612266456915 14.1005403354733
-8.77084421054289 -8.03868648858949 -3.82600223489435 -18.7218045751978 -15.5853091363263 -20.105903893313 -8.92765356696623 -12.9665513069087
5.63380192968339 1.42483284952531 1.9182634370045 8.67164044111485 -59.174207800048 8.76210486468181 8.36289061675455 34.6054681840678
-9.5537206757677 -7.19850797796668 -5.85615687767083 -15.9417418492307 -16.3179968199533 -20.3590045738264 -10.1266050714832 -17.5481126264585
3.41445080928125 3.72008272755902 5.64419650418398 2.97653264680735 -14.7194838293131 4.1123744518741 -66.5525444441556 25.9234910005194
-54.93828367773 -9.77372498038923 2.60115111199161 8.84123391429505 -14.0734228227254 13.1392405424628 -8.77054289202467 35.9000945058285
5.48800631658566 0.733110453765345 4.31543975767485 7.98495662499518 -14.4571526990439 7.28941394974173 -57.9904807044618 24.3384257539256
-12.0679331513167 -5.51848542792115 -6.25555812904773 -15.326042384756 -17.651352998864 -19.5136520078337 -8.77266770258484 -20.0838564564588
3.39537310230078 2.92876402669006 2.81308202980733 7.60665491268139 -51.1592310245245 10.8152774706259 3.65443275516162 24.2172957822737
-5.85856037346874 -9.01419071565358 -59.5689168770483 10.4582156616499 -17.1490654904973 7.25325263089195 -12.7061951012153 23.7609619134944
-8.68705289403807 -7.46353690626306 -7.24351808922653 -20.614299568735 -14.0710390181824 -20.9140778140964 -3.52926695682559 -18.8369369493447
-5.89406351665932 -9.21189495510237 -54.4782620059051 10.0071229751813 -12.7023044061063 8.30843619959385 -10.8669876920186 30.5417692846433
-1.02841597416801 1.68514599453551 -0.198189293911753 7.54000933502563 -12.2433137563491 9.61116508881912 -55.1972416612924 24.8781941330622
2.41176947731535 3.64650292101935 2.90403313382109 11.1915046007102 -16.2015518673816 7.61804022152773 -59.8478504221758 22.4848715108474
1.47476330749489 -61.166789305284 7.15637224597174 9.15952863931063 -18.7464960125755 4.92424277530484 -13.6555652614749 18.6458740418061
-12.5512610121883 -7.15309814370985 -9.5273123683593 -16.5676240419983 -16.9123879419714 -18.4819909200127 -9.0499240393445 -15.6047253012109
1.27462074672653 6.18856065836884 7.50369482682202 10.2794290905993 -59.2224519225905 4.24344721882884 4.88224155510286 24.7648857489744
-52.4025998876085 -6.07534790408553 0.142740951760257 7.08416315713207 -14.4374042565841 9.39649379272571 -8.6518489298691 30.7665718155508
4.97903007516001 2.23846544896021 4.34200132279529 9.82267379543175 -17.060239849269 11.8115618260574 -61.1035087925283 22.951522743413
-7.52923130780909 -7.0490987316946 -61.8827386366592 8.17757656423508 -13.3614816399279 11.3849242797439 -11.3385827338556 26.0474878905442
12.2742881763849 1.66515467662784 5.95104272373469 17.3047369060136 17.0215112990289 18.7774857911879 9.2683255691457 14.8897700251883
-12.0287901783801 -6.15211213427527 -10.1898886197815 -19.3073805827945 -16.3611156978149 -16.384963698233 -7.15882374554704 -19.1668044822925
1.78313079902314 -61.8197222781117 0.453568721460915 6.13158015461048 -19.6568088465206 5.77833101118531 -13.0598091528387 18.0581716728522
9.22985116702233 1.43167790132878 2.37084601874392 8.43247624835401 -16.7094503718762 7.26362166228792 -57.8411928982938 25.6996539186409
2.33424419721629 2.96874613395716 3.58097403443592 9.25792397021268 -14.6208847776357 12.606402770207 -58.4737455701336 22.2428309324235
-57.3804588120372 -9.40740329291659 4.77904581893671 4.48424915327467 -16.7250322340821 12.5814484679158 -13.5772472668803 29.9954040629937
13.9419283374591 12.4943723775367 5.5363792688599 17.1027482279329 17.8138636306145 14.5202648956183 8.71591011039851 17.6959096500068
-10.2404754318755 -4.57272573191954 -5.6332128358765 -16.1168610191422 -12.9291654018319 -16.9263449691972 -9.85406361458689 -17.1449613824124
-14.883166919388 -6.62406599819803 -4.7601937829723 -15.7746343076321 -18.3410836177892 -18.7767212585616 -16.1756146665252 -18.3532303284274
-7.2230311822208 -7.53783423096485 -7.35745329440261 -17.9754491982572 -17.8899248511848 -22.2416683876961 -7.73598612829037 -20.142592565027
4.88624244777422 -57.381699195648 3.25085206079292 7.4334831615557 -16.7494674323949 7.01276371172258 -13.2551598994047 24.5901707412305
-8.42380254874025 -4.82757375489811 -7.34934172345279 -19.0654586329367 -18.0315535874182 -16.2805353661191 -6.05430887713929 -13.8773535206936
3.37075904606602 -61.851433582866 4.83461031185414 7.69096056218544 -18.7771186569687 7.50789519568618 -14.7913856904013 20.3058083154597
9.06643662244074 7.59031599948325 6.83649899824478 15.8942194427892 12.2763763406761 19.9760785282949 8.38120491225586 22.4584117840632
-8.52768786896056 -5.54340539140051 -6.61939315387207 -17.0665267371983 -15.3349411387434 -15.5807417241091 -7.03380070347163 -14.520654135795
6.24872286278387 11.9847046926981 3.10508704514297 15.2523932964487 20.4807572588636 18.791339608702 10.0285947997472 18.1742114588795
-4.57709492758469 -2.17007988995972 -1.84450115216742 -46.8125689039402 -10.5743625946024 12.6985919082031 -6.79207616416712 48.8789964134513
0.0170774382915502 2.23398631757281 3.79860858472806 11.2385987921908 -16.3531924737101 6.58222623883602 -60.5101551026538 24.1806883102504
0.941618693598991 1.49589558914438 7.96563674207431 9.36204156677669 -16.6138648413841 7.99937252807177 -60.2117623177944 24.7164397553257
-10.471156031295 -4.96241834986979 -6.39717913012074 -15.3087229371043 -12.9626589702781 -17.3470466299453 -11.7786290142384 -11.0938227410212
6.35030698315138 2.73693301542716 6.68641107667625 8.3338247447849 -17.9054320179608 13.8735992171588 -58.1879019935663 24.4913286660959
5.74905768778817 2.27417842587755 6.54932421637724 7.93265608245989 -57.3383830906036 9.61921447830432 1.66919479949901 32.3087923721041
-3.92625386436548 -7.98057216725847 -3.12497876895567 -46.1515043776314 -10.1839531707061 15.7187613011684 -7.56464731109156 43.8401111609103
3.81890470988629 -2.70464158178554 1.6558030104171 -48.2050462227477 -16.3103572204133 11.8815476173461 -12.1253852257677 37.1944751781778
-54.6481395956077 -8.14438140576722 1.60196651552324 6.3084763694937 -14.4611483026053 14.0003674177038 -13.4944604050247 29.2727610078402
-4.18594090524169 -7.31011986204351 -56.901604636038 10.4194721511284 -16.6407667676157 10.7988461159205 -5.6415977568274 25.0455031849675
1.70763605668018 -58.2991263574537 3.13676581877538 5.57455023103734 -17.0665202763841 6.18287165647105 -7.79264757272166 21.4276680855446
3.02454686232947 -0.0464508178920076 8.23062207130968 10.2217273139143 -63.2675440638865 11.626332557885 4.81922181472239 27.4986290438111
-8.23335265395059 -7.41159609975327 -6.89776205457715 -18.7845970539986 -18.253851633459 -19.6756238976058 -6.61442431459455 -17.6690231128912
-53.5731713563896 -6.65782136125501 3.20261768082134 11.0466930604749 -16.0342198866244 7.05248456660499 -9.97453669590247 32.9014880596486
7.15297587016065 -57.572765015542 4.46511481241919 8.98840198746856 -14.537067983415 7.4724860813527 -12.6884676539033 20.7328121081214
5.66541938277132 8.14701188820142 6.81559118349919 17.4785457351125 18.9064411252256 24.3961985664573 8.24891632933553 19.3452935558578
9.18050271660298 5.41070305138743 6.33971090179541 16.5226690778797 16.8953053513325 20.1002367616105 10.3125141533662 14.9734406724345
4.07080359210292 3.04439825189062 4.14760933650112 10.6961288376996 -13.782482616412 7.36509236700553 -59.1673168362036 22.7590400202797
3.24143041245749 3.40322716357273 2.26102448183117 4.59617260518973 -17.7549486888541 7.99140887978707 -58.1830821598398 25.12897074362
2.52307326020934 -7.20740150885051 -3.27768368248305 -44.1265638808879 -5.42852800698045 14.0653814080757 -16.8189048782047 44.0356525908089
6.81140877360774 5.0333828476272 8.4863482213494 19.0442163718288 15.690918912023 24.1233489905351 7.10928818115245 15.4433335803749
4.94621148867582 -56.7902284897673 6.072899661239 5.66287688315813 -16.1623459043422 8.75133178457167 -15.7766148643805 21.6415154248943
-0.489311987539155 3.28809859863045 -0.473115992667978 5.43523723376177 -15.6073942590809 11.2322136402881 -57.8831389046657 24.1815663028037
1.60805685570459 0.757864313779252 2.17826678141841 5.36428761595749 -15.6908152798453 9.54583331128348 -57.2724312046339 24.4753600278846
4.98456352005217 -56.3353785127247 6.07517265065532 1.87122430330556 -16.6393597744788 8.06958752266022 -15.2970867779893 21.9738792192191
7.15871903242887 7.40534685752331 3.18451176537796 18.5132563148259 12.287312341607 18.5301043586047 7.76446130481225 6.72594179692334
3.81511839416538 -59.9820573697084 1.27049052808332 2.97192626738935 -15.9976044953506 8.55684829919224 -9.17679613577631 21.1109470209938
-6.72750087895001 -6.63652513022374 -56.4802214911209 10.348691701982 -14.7249214745598 7.56842223412634 -13.2662473860697 29.5022602285951
-7.26340844860946 -8.56244059049576 -1.87531082493567 -48.60126101034 -10.0308042637938 12.8497101549513 -6.7735498545556 46.3016356032147
1.64398095041711 -64.1905989491308 5.9929689524174 8.93627107297193 -14.8191592939888 9.59586106691248 -12.1673372979712 27.1389351347933
2.56949548319344 9.36645347666546 11.3839743548039 17.6486735731823 18.6314440289824 16.1045890082286 5.15772309462277 15.300567426927
9.20364568941648 6.69798660925036 6.52810482947255 15.3506272375013 19.3639110430398 17.3190641600714 6.16914659324008 20.1893549653237
12.9039086633684 5.0169519830777 9.74995991113276 22.4104409520084 15.380611263713 11.3329493609896 7.4393825930271 14.6370646380369
-5.83658236096067 -10.0518602153123 -57.2249950983856 6.38668623738218 -14.555404191051 12.7228477975406 -10.6018834073052 22.8693685514604
6.13545296108877 4.01748758365119 2.68536119242503 7.80486130219446 -62.565340333791 7.78049879833329 9.30002422393026 30.0450101246828
1.89299662462681 -55.3719643241194 1.80844114943852 2.66072687390538 -17.505477849604 6.5637857459486 -11.5054619795299 19.3672410991518
2.1811178385317 1.65900803503443 0.752130914594321 8.8526747636791 -18.6915114623162 9.46697225192085 -65.492075775841 24.8927490381465
-7.38734647283154 -8.38837126453796 -4.39267212972157 -43.0460253174784 -4.81099935888552 13.4648331644293 -10.6245867031145 45.0145329737888
-13.9589200982675 -5.3869531688437 -5.98744762086331 -16.6129475540861 -15.1659211444437 -17.9203783244409 -7.5580390896331 -14.6251278360623
1.76400264584253 4.1913041252671 4.90693314065805 7.20770566607124 -16.1886654616802 9.64693361821283 -60.2085082347532 22.8268625471066
6.66663290383027 0.651932379502679 -0.301939659581125 5.67001570345788 -13.64305079386 7.33443446509407 -56.5940118097998 23.6501165568672
11.3445039216185 5.34221523701043 8.26507158578495 17.6794732594429 16.4898352734143 20.5083688104586 5.72882443278712 18.0320269985741
-10.4027865823327 -6.9592433039012 -7.62983843882087 -14.8869541270084 -16.6792279212892 -16.2840744054588 -13.4693000743223 -13.7828255627523
-53.1127964242947 -13.5934798779689 4.32985735223323 15.9341445912082 -14.7427359398871 13.8899482996753 -9.84229021561463 35.2506394870032
1.31101932128062 -8.59427155558627 -4.45852258902514 -43.0575799695922 -10.1602868983814 17.3682553135316 -10.6972587971692 45.3330871112455
-8.26180588201779 -7.03043265913822 -7.28441094933781 -16.7951115482716 -18.9026427925102 -17.0246071020556 -8.37474022404167 -16.2063900141695
-7.7140519087921 -5.87446008861784 -7.3730029346219 -17.426975261708 -12.4581545805855 -16.6858363146085 -10.4789326524095 -17.5798451538879
-2.90890370432402 -5.68487328963914 -1.04243571878695 -42.8338317304107 -11.2545107647796 12.7861639387031 -10.1412702045491 47.4939573283301
6.92707640388147 -57.5302213482081 5.24386981297922 9.76722045644128 -12.5228410831018 9.56135733534792 -11.0794925629781 23.1115232558239
3.42789097995711 3.02913011603116 1.21892687680796 7.18468375151363 -63.0840912681531 6.92700745169834 3.05405371684731 26.5925965487331
-4.44617806707841 -7.51068909038452 -4.78066073889404 -40.8589857768876 -11.2319430632604 13.6292131020931 -8.45999638012382 45.6007675963326
-7.31431468935027 -2.8124104606215 -6.39401450643408 -14.3665946066938 -14.9871730668101 -20.3437357598565 -5.33192030858492 -20.9137131906473
-6.62299699732512 -12.9167463173839 -53.9120514789889 11.0951103214275 -16.3249488476691 11.0786413564223 -13.6618732282871 29.1992240269274
-0.190269415382039 2.27763727118418 3.96850109404799 8.38910036137218 -15.8852871923137 5.77280194387694 -60.9686975792212 26.3867608336436
5.73114903698884 1.94134735536785 5.84296842888518 16.8271062865058 18.9936675230361 20.9739232887221 8.7016936265635 26.5218814018777
2.45198802348983 -6.19464382133784 -5.03086601432559 -44.9025165705139 -8.23160098400265 15.3353785735918 -9.50806155566093 45.2107085397666
3.894400261365 5.48566747840126 5.15144088273312 7.82060102954543 -14.2135803514775 5.76003345690008 -62.4986039522688 23.4402476851471
-55.8041191924826 -10.6679298689905 5.13233380695241 7.07100140764148 -11.2371644458425 11.9274071179571 -10.725919652461 34.2760299045367
-4.24438320199279 -9.5140993179161 -56.058492701616 9.81330896692493 -13.2210197426733 8.58160739171916 -7.99433959607181 26.2897289754923
2.4648344751946 3.07046622989649 5.52246291435591 7.32472973535838 -16.95966712992 8.2101231854558 -57.788013826881 26.7978681150492
11.5576765544767 4.4144010369407 10.377872480842 20.2990225279614 12.8129130251178 21.7774796048631 10.0787366237832 21.9728270329483
12.6349437500957 5.84074722391393 7.67433018779702 18.8095117032374 18.2117729154371 23.9188146957463 13.1934226960961 21.6983848130015
6.42907417086916 -57.8766521599168 1.28645486204924 4.94798524706906 -18.3120162497143 5.92240756835447 -8.48111600933625 25.2277823595646
-10.8734201476689 -5.79487005578994 -8.74147548676553 -18.0662645087604 -16.4388877527559 -16.8955057034094 -7.29996598852219 -17.2907222444201
5.85812025162872 4.23262926182171 3.46823349168749 17.3075858639361 19.0213281210562 18.2624458713423 9.30859206669366 19.8752509338
6.50319848798259 -59.2436589446711 2.20257611841247 7.72225543899305 -15.1954450120646 11.0855229980328 -13.1667147319507 21.9302225760576
4.86040052627365 3.60415207211673 5.84460959667098 9.05652479596937 -58.161954454736 10.8600889701731 1.05763993959991 26.4530216105907
-8.4202888357998 -7.59216870205507 -7.30529941555898 -16.0768830163449 -18.0911944141089 -18.5377809850882 -14.6727950646262 -21.7471205664318
-9.13326332838519 -7.15638054069851 -9.94799579177589 -15.8141097500777 -15.4744834120426 -20.6955253957876 -5.36047209810171 -19.829879688064
5.62011525206164 -63.9449993061371 2.6370518101852 4.16336973489436 -16.8369041578965 7.87402137900369 -14.2431948877181 20.9603319584293
2.96864351512946 -1.14552257008133 11.7175042235939 17.6839589511871 19.1008032344549 19.0589305023941 8.38468481229542 19.248919603263
4.45930880717232 -57.2404141534618 4.80704167566764 9.34619550345558 -12.0835235338449 5.94313460053801 -13.1257638283675 21.7749299729943
-13.9393699599254 -5.73633929126857 -6.0730761418022 -17.1077621895397 -17.4290243546561 -17.4003914401844 -8.70010185954554 -21.7568515776988
6.9997135839619 2.94674713456895 3.73052923522211 8.73239595030514 -18.7841987613541 3.41105364371212 -63.8688672298529 24.482059914702
4.23196678185818 -60.4358079561309 -1.40025470169068 5.62087199771132 -16.6543812594426 4.19915686759618 -13.7932184680469 17.2720497739547
-57.0288982231167 -6.97479066473612 4.76803067120373 10.1085596279094 -14.2943479934353 9.91649083273679 -11.2863386963707 30.8819296621988
7.10815901828887 -0.403077308115304 3.85328228256312 7.90350795125347 -19.2146999592043 10.9419083092469 -61.5825062316032 23.4620882752875
-56.4285198689325 -7.95119484485552 5.85821941656672 12.5682535170387 -15.5728154224929 7.96109796184608 -8.51895502145882 30.5149832345961
5.47465303937546 2.82866118107297 0.765638199738223 8.83028650662474 -19.3723725253208 3.18977435595664 -62.5092947648403 25.4448093480056
-53.6320436738443 -11.529195900683 1.52213677116168 9.72893018641989 -8.62675153156764 10.433253745137 -7.5886075936979 29.072146400136
4.42936861924345 1.63337557207594 5.22357053754796 7.24227948279776 -56.9563875475975 8.04726159069542 7.47977563994295 29.0742871347154
0.13786213677895 -7.77424872570026 -3.09744105685011 -45.4626635579289 -15.3472324836755 14.2087528324996 -11.6932712587481 51.0775853676304
2.00416542683647 -6.19557380856828 -3.19043898390754 -46.8899221077695 -11.9582654624145 17.5506736898694 -10.3398151280777 45.5480528164578
-9.97743808995688 -6.7774073894061 -5.85831338031004 -18.1124545108313 -16.1404572082487 -17.6250227885365 -10.2975810824737 -13.5719882430641
-0.207833505441492 -7.53008425081897 -1.984540185239 -44.8578214989275 -8.49468275703118 13.6684883527145 -9.56461157798256 43.9750401721464
2.32770163742385 -60.2960040926143 2.4366086928122 7.96163783975425 -16.6007966797503 8.40891426275048 -13.219491465333 16.3993975771878
-8.18798808578493 -3.95090579425953 -6.67426463262301 -18.1874988314247 -17.1131618150424 -19.4541213938598 -10.0904126781041 -17.3699455080167
-51.172142750548 -13.8883422577162 6.94786402787803 14.5357896836195 -12.6857924943189 10.9609632947993 -13.5603428237439 30.0495201596777
6.06717603337902 0.0186280727693582 3.84344901478751 9.77384975099905 -60.8427145534834 9.90081690909307 4.86502109377924 34.2414490710478
-6.47411728166358 -5.65376718940738 -61.465239194819 6.58817969519974 -16.9374290469289 8.84352241185458 -12.1611940925471 31.51356219164
-9.41114287197174 -3.79695293084795 -4.57608965761028 -19.0210832773796 -21.4370589632864 -19.4253143198189 -13.1473308951721 -12.6406332150408
-4.40326332175788 -10.0318989110093 -53.5025269622786 6.64263685636921 -13.9840751128017 9.85409927534758 -12.516786890959 28.4527199958605
0.897423180272112 -7.43315899323518 -4.92295416155343 -51.4106878299638 -11.119289212137 14.6457599303405 -11.0237290471314 51.0297472820575
2.89910816796505 -59.8693550391855 1.11641255938903 7.51586435196651 -17.5960012757039 5.49170505990006 -15.7949164549763 20.3722261983558
8.83877094890244 2.56294823573999 -2.26242879507027 9.68460160915007 -13.0298554982557 6.42983648827509 -59.1730333950766 23.4116281028205
-57.0623932904494 -6.91875256328785 4.44648628919149 1.22836166840055 -11.8641076660256 20.2844674812989 -10.7230829653542 29.5405658072031
5.90248679061811 3.67570253922427 8.95944939061777 14.6569948291808 17.0744583183298 22.3545256725501 7.76992937611098 19.6691563921229
14.6282733449831 3.23579925567717 10.0782421285597 19.5121933465431 13.6842782927738 16.3498436842718 8.5801892083707 13.3001638346639
-2.98641991096186 -9.16385308219273 -5.7470956405764 -47.0005860587971 -8.49465390048741 14.8306783276848 -6.35744590171659 43.2161046671196
-10.8521143214495 -6.74046737399914 -9.31597349848944 -17.1472195448852 -16.6890645475064 -21.313364121695 -9.34641224632558 -21.1329889666933
2.12742567220341 -64.0315882389137 3.72884979782413 5.34528361846683 -18.2767502217404 8.25626139391829 -18.244796135434 21.989765425573
7.45933843162119 -56.2515425435872 0.514050680286037 8.85535654373776 -13.6852014509161 11.1212814380987 -11.3828209475766 24.2622418916521
0.592456535636329 -61.3794645946816 6.15340053731436 6.89153395047662 -18.6661012335714 7.1672141380982 -11.8888635651405 21.6876663653329
4.56851352201444 2.24282465379167 4.93955338230719 8.35775392356788 -58.8668940311207 13.0362860875483 5.03964838674506 29.9922424831665
1.30028149049381 -7.9733333374232 0.839402906015596 -47.8113581303968 -14.3156873055961 14.6601004121449 -10.4422135661927 44.7204244051191
8.65765375235398 7.58017117415336 9.13463932709192 15.0049163971822 16.3881940885885 8.88640005862811 11.8219148560263 18.2277420285922
5.14022701443412 4.26792045785169 4.38303486121634 8.75350372549974 -55.7663554775497 11.4585522429524 5.76499945684706 31.8550004930727
-8.00057885875199 -5.45737896555498 -8.30878985286288 -18.4144149596727 -17.0438701237284 -22.4548622141605 -9.67939400211549 -21.8148221838672
-14.4333017421242 -6.19188354589108 -6.54351452160864 -18.6425185839746 -17.2109564160258 -23.4953444905984 -12.0939710671858 -14.953689202853
2.33531155700928 -7.7855031991464 0.749355929786619 -49.0294902999694 -7.72248192200959 13.5504431231534 -8.69719426755763 37.4288448321528
-53.3378740601045 -7.6757934783906 -1.72047555210839 8.72583717770559 -15.9397481192043 4.04214926878705 -11.1636660364866 33.8329891415366
-6.79676365814778 -7.71525032544842 -4.73035757077217 -16.2870810941776 -13.7995097077127 -15.1058465139016 -7.62419678550304 -12.8897756954138
0.60857640609881 -61.9748721769676 3.00706455491667 5.77417107935908 -15.064476151345 7.50134691566778 -16.223147175522 20.980512839765
-54.3160912434129 -14.1905432268613 5.20346019693525 12.1601710387965 -15.2940908310811 7.30743008641855 -8.00271729851697 28.3713818994127
-15.8425545599092 -4.18366006148921 -6.14865540806595 -19.2492433223296 -22.5209823363693 -19.2175424824625 -8.30092916149807 -15.1304792892637
-13.5548598263043 -2.58952176591553 -7.92077545961911 -17.3933899439382 -12.6817032637408 -18.9396118422048 -8.28196999976994 -19.1771002771724
1.03011611526971 11.1367976805147 3.87054777879488 16.0474587940058 13.0277196990468 18.5333189632343 10.855227550461 21.8765462668247
-7.87483600917927 -6.29095049723475 -9.8112766518194 -16.4054341686016 -18.06079062832 -18.0327020690116 -1.95951097790565 -15.3477350418073
2.23280915998158 -60.2537661582954 7.4868067930814 6.53616038113056 -12.9122402981248 5.65345826792475 -13.5540846457116 24.5052803565584
6.40288557791091 5.31681016276131 4.75396757326052 9.13753103031644 -58.2198193199666 6.87802546377704 7.42763049182815 31.838888952077
4.08027024977269 -54.0491293317267 -0.536905305524867 7.27544520363941 -18.4286213151257 9.96372733926925 -14.9225132700608 20.2233578829118
10.4555870732215 0.33829863471275 4.93502348748623 6.87151658810634 -19.8541332094865 6.87158766778443 -59.8941887335657 23.1250974921587
-9.67846441542165 -5.9827293258529 -8.25601016603188 -14.8619342309147 -17.4246700040696 -16.5284891806309 -5.30008387660437 -13.445725648797
13.1090088474904 4.43489296675519 9.82774406951252 17.7776263513219 14.3760145847634 19.6952498651268 6.81664668435511 20.5399028487278
-12.4238367303733 -4.55382051315421 -6.66366338691915 -19.0829677379462 -18.7571833681813 -20.39000611945 -4.58619718577063 -21.5628662237718
6.67331971906058 -57.7419400108931 5.65399835875093 3.47885323911938 -17.0674114904677 5.48701691442604 -13.9212753015798 24.9241889190148
-10.2096481920317 -3.74244511710932 -7.17057632448193 -16.9304146513879 -13.6865571039663 -17.9936153075479 -10.850891804252 -16.9728853094782
-4.30596103423424 -6.23967984983994 -2.77124063301628 -46.1598407801252 -7.63099005030629 14.8243665990207 -9.6914067384486 45.9604674938275
-9.65649431595564 -4.86851941504622 -6.7513831825405 -18.5223609819214 -19.3535760701355 -18.2253959044224 -9.58585342024 -13.7306906380122
6.80658375755314 2.12814983049712 4.77362637577631 4.52149111101026 -17.2983542854144 9.52250278266955 -59.1372636674478 22.0895351902273
5.0762079902344 9.41178262675121 5.24416429526209 14.2165864044417 15.1286196522721 12.3085650484989 8.74962536326408 17.5847099152264
7.14027569664848 9.10604109647091 9.16154451911014 19.5247988873754 16.6547688206995 22.680735833701 6.23937762937727 10.0404362040104
13.2409148329477 1.939816240767 8.4506048137842 14.1927030758766 16.538170948219 16.4702481809511 8.49824900636512 23.9480436919777
13.760462748292 3.26438545770879 13.277041191313 15.8010276397205 11.5135562890452 21.7555420425362 10.4330870877827 18.2414286636769
-10.6708554288718 -6.61730528349923 -6.54422314834473 -19.4815904894054 -16.2332238262446 -20.8274088624951 -4.81668863831857 -21.1815409291902
-7.80879366436573 -4.47575970327108 -3.79954752979207 -18.3017400010657 -15.0558935876562 -16.2550440619144 -10.6103242681849 -19.0353358702193
-5.40112461579757 -7.43201318114113 -55.2191465580189 3.11836519819012 -15.8497601348847 9.46104378074624 -10.3673702608568 30.9607434343799
6.09714346646837 1.41208419013765 6.99286161164182 12.2277625232369 -61.8537071012331 10.0733546681257 11.7459700059528 24.103798164599
-5.25031741976666 -9.07138358925687 -51.1485573511594 7.3973900438543 -11.7951272707801 7.47461808903926 -14.6123772299725 29.9253066093397
6.36888546404528 2.44984365018869 4.7912750631108 10.6989693472907 -57.770607237376 5.88774191326197 8.96878807967622 27.3032613058183
3.38864580842638 3.5634700960656 0.207647214119324 8.39690342184325 -61.0310127927805 7.07220772492211 -0.590047179000648 28.5803840952166
-4.05876771325338 -7.79540229714364 -57.2813949245632 8.45043974987256 -12.9623529083971 7.75272794892713 -14.071728879919 29.5680147475523
11.2959707937167 6.26861512245435 5.23002788551686 11.4083897672565 14.0702582991368 22.8121113335591 7.90906193602143 18.3006353054977
-49.6889978748811 -9.49584465214441 5.47183062667025 8.05265039475668 -10.6025353937723 12.2816268777079 -7.20488894697994 33.5089755056592
-0.229798015914835 -6.74537789411015 -3.22468823915138 -41.2311086410901 -11.3799492107509 18.9930286025863 -7.42830729167684 46.6040806550533
-5.75473630383178 -5.29518151905595 -9.05746739587809 -19.2301659194604 -18.9684692015724 -21.0826794579665 -8.5428723895515 -17.3574855144546
5.87289955685466 1.60274225453903 1.45052001744885 13.6822806552344 -16.655582622115 5.58461464882897 -61.2260902919881 25.081379263805
-4.06253551350942 -5.74248959713454 -6.2116462109788 -43.558061695119 -6.21796969403377 15.6620258027151 -3.90442376100841 48.6780248219009
1.55179022727505 -0.619250366203722 7.5449607238685 3.63853696807585 -16.9331962322517 6.15860974930058 -62.1904933396758 24.6063764373222
-7.00761393751098 -8.82328844607595 -2.55588983220612 -47.091383395305 -9.17965876270381 14.4834302141974 -7.56169953919375 43.5719429959503
6.36662190366889 2.52348702713496 2.33463927130966 4.37161751524998 -12.5560315300738 5.88324046934245 -64.1090907962053 21.9077033537504
-4.83531200613622 -4.72075716276814 -1.24054291583781 -49.5998920743272 -8.92941771944227 16.1151176358589 -9.94969228865996 43.379200372036
-6.63646182848559 -8.01360337843513 -3.17465402536149 -17.9009405055855 -18.6623982833467 -19.0020594418478 -8.52006796496961 -20.884817859887
-4.48880446067015 -9.15338262740915 -57.9412292178106 8.32011157071141 -14.4252322324088 9.20382271274708 -12.02341647707 27.0874881073806
-54.4689629299911 -5.47228350811086 4.93278493865029 9.52040277190506 -14.5808913965926 7.87392807259633 -14.192687912413 30.4179933932561
4.61502197435555 4.86844069513766 10.2104828069023 13.6143108622071 17.796650326814 18.493164778069 8.33586494707817 19.5891819321694
6.5002540262431 2.9580687440888 10.4477285495529 18.2058903035594 12.3101255200339 20.6720894478387 8.66259356870233 11.5938356659456
-55.3960243674605 -6.29331194465634 5.246390468034 8.95647670247472 -12.0303125423679 13.8112697121343 -12.6672907157682 31.8301332196154
13.7574251791058 4.11977183551377 8.21561626549528 16.8508510778133 16.277038682909 16.8690841125357 5.25513894598601 21.4341416648742
2.23112955143358 3.25478565980431 2.1987636586092 9.13706208838116 -12.0964746112755 11.1450988134686 -62.0017090508811 23.7604833710727
7.9329654510609 -62.2093543182135 1.74274792326487 9.9594772591343 -17.580190861077 4.49856146146963 -11.2506673943086 17.6226284050005
3.20217711390952 -53.9858021169282 7.18776016127836 5.85896138392347 -16.1168234560047 5.80494817901923 -15.1467622465084 22.6103845104043
14.7353466480076 12.8797285839068 9.13575142189284 16.2382061428035 14.53791979379 27.3946943618854 8.31322903850626 19.3671726090323
6.2442684273731 1.73656817113558 1.58177733505779 9.03423915113175 -11.9030734392524 4.06967593871537 -59.5163508975402 23.5993630327937
-56.1573553976191 -7.53391249345417 6.31564331425408 8.03148372999742 -12.0657924278454 6.7483632317034 -10.4675719876598 32.3740178072823
9.67743625423041 -56.3668546669796 -1.9490964009033 8.32246260911204 -15.5415624752353 10.9385832080264 -14.7839355081289 26.1780335755116
9.24690691207789 3.81217508723201 9.06245984245045 14.1007734490706 12.6357722120621 10.0646550949961 4.70057193935375 17.7959219211674
10.8595018251206 8.7737325876236 8.09345704642397 16.9995382503407 13.8590842609483 23.0795428919135 7.01427399130054 12.8206794871317
-1.4035147137815 -6.86419873114973 -3.72855073382421 -40.9713022124261 -8.3026166421424 16.2812965189913 -0.676960540771567 44.1166078980413
3.42435196616814 -57.7633072942996 5.25859954884308 7.70134195977551 -15.246169828917 7.64326102790167 -11.5342589123664 24.6037575446459
1.52178660047871 1.87193315255226 2.37693122384224 2.78147949689706 -15.7075970362951 10.4144034314508 -60.9183693800255 22.5071083023851
1.62498906934163 -60.3727199105153 1.02481074593166 6.42622803705988 -17.4943160424647 9.19686320447609 -8.52394665435808 24.6633511664722
-7.65687632358259 -10.1471448094803 -57.5646668413112 7.83783708839038 -15.2893690437248 7.73222778494708 -11.244697641756 27.5065524310003
-1.5139973758969 -9.14513341492494 -55.0153765719615 8.49693339538013 -13.3048116167331 9.01086197937076 -13.1741681653458 28.504951255336
-4.00421988480727 -13.6171151275645 -54.4173722868109 9.91531006059314 -14.0582615701364 11.2291498078215 -9.56863132930958 23.9867385215093
-6.52578018894004 -6.55945318347372 -6.9795629069944 -18.9597878224129 -13.0411484621254 -15.1376559507175 -9.51369163903241 -14.1531438316658
1.44875907391799 -59.1304016428907 2.47637451919962 0.952423328212387 -18.6430654949999 10.7076367614719 -10.2305611971379 24.0134409354249
11.69478367646 10.224477713581 9.32619326659136 13.5193936610948 16.2026623596433 20.186975528529 10.7575922020464 28.8673536678413
1.78136419590143 -60.8194857215028 4.44015439721879 4.85155777673359 -18.8530514985888 6.91209002795839 -13.4305796926246 25.7718222574347
-10.8266748977122 -5.89506408245203 -8.24382827603018 -16.8935343641859 -16.8288730700449 -18.5688351021614 -9.16025642730687 -14.5456161051207
-5.04212700029061 -5.63588598231159 -7.86046464918983 -15.9721262165493 -13.4342726860847 -17.8348534713011 -8.35558305860147 -16.5265051226976
0.961190841707959 -10.625159334889 -56.2679280969019 7.12571626681445 -18.5070884779075 9.72767479003262 -10.3996288198597 26.3013535562556
-5.80059404794157 -9.80931145123004 -0.984881361760056 -43.6371635874362 -9.3538488835093 16.0464503003679 -13.3733564585078 43.7024378961526
-8.00207433126416 -7.60493436976859 -60.1878937309766 5.60364729631347 -13.6262314257641 8.02479785559037 -11.5973550948841 30.3158995037853
10.4644841332714 -60.4609258627059 6.70888300357813 5.76937070132302 -13.6377896561995 8.16512091308156 -15.1890241350988 26.4114291272611
2.33158779246589 4.51937700673484 10.9586932753695 14.7216256758942 12.5627595654882 22.1742710615232 6.27639029904041 9.29717232355324
-3.0896378907781 -6.97075116241985 -3.39444302717443 -42.8780237020482 -7.63447873549593 14.2304911194875 -10.6558721398855 48.551462066298
-3.72128077206182 -9.88346804774862 -56.6130761637377 12.1834221218129 -15.1326763921274 10.7823443935907 -14.5155282630708 26.363479715707
8.30671837754898 -60.7096597731163 5.7184679857658 9.37938461490053 -17.2293317685355 5.51374526596534 -16.4450105114324 26.0907865485698
-3.2085228993819 -10.7454472634278 -5.28077060136189 -41.3862809884521 -12.1847600535758 15.5560138286069 -10.5298621201519 49.4136006500955
3.51655274023371 1.29424738230411 4.60503244600191 11.6629765324953 -14.5464574893465 8.45162666495546 -58.757397534441 24.874886951637
-54.897896915116 -9.30013817666463 0.315608454701586 9.8203965234025 -14.2852427911089 7.47775544799632 -11.5338730230459 29.9058368383592
-10.6388498229794 -7.295057294953 -8.4145409169581 -16.236004490581 -18.4886571013145 -19.6683331816466 -9.07797444234679 -18.3346898302034
5.37131722197258 3.38141676666112 2.62724770786901 8.60564398846066 -55.729626722014 13.2121555940643 2.48218456451722 27.9905793256233
2.6734613070692 1.78155942729351 6.13382820413418 5.70044499041314 -14.5034884774115 6.80860959768127 -59.349048167061 24.6244361165507
-0.0273595204254438 2.31313179966143 0.918352622316416 9.3836976213114 -17.7614750453697 9.18737412176309 -62.9051488596173 23.3845777555236
0.45974406569384 1.42685474981543 1.67041910071533 7.7128475619714 -14.2030042645438 6.0567609755061 -56.2063336424504 22.1160070757398
10.0107169195949 9.44091013151289 6.1169766550353 15.8449985004512 14.9069708233838 20.9042704136931 1.33488370657378 7.14108414455535
-54.2550622063367 -10.1111068705189 3.97978242732331 8.64833403438278 -14.0672754056578 19.6689251481346 -4.80045518739183 39.3559850812733
-3.92692391934901 -4.18887216487082 0.517392926228722 -44.8524696870544 -6.31023211510976 14.550481787891 -11.1216131883019 45.3485717572537
4.58361289060392 -55.3346962761249 6.92900835527342 8.49742403297589 -15.6347076411725 7.19367081140106 -17.5798683926775 18.7522914998005
-11.1195029814625 -4.02737641795483 -9.20222661180853 -18.8504967645885 -15.469328031081 -18.4851640858919 -1.80648799988305 -15.5495029738157
-11.4783942109337 -3.67780501384058 -5.33565499064672 -17.3942068936701 -11.6581232115086 -15.3279273117768 -6.75244261878055 -15.5598534747534
-10.7296076294585 -5.05280920957934 -7.64888622661704 -16.3059578670429 -17.656888857722 -17.1642866512787 -6.50572054993288 -9.73550367543881
2.38642507831632 11.9220400535187 8.26834605601224 19.5097806003997 15.1142697055191 12.568738342201 8.02000469179902 9.3978979693863
3.61023946596559 -56.3189760641801 3.38865145480715 9.46806843691876 -15.970675305292 7.93422185357639 -8.38306976415517 22.7894810263549
-1.12102925529167 -7.88729509187483 -8.57868026261687 -43.1366137465115 -11.2466737456011 15.9493643952986 -7.99242222909045 49.7810469348442
-55.970747274844 -9.95218972079016 3.15872049152154 10.0141366449799 -8.48290490882255 11.5475624118504 -9.26021730809205 28.9822467872307
-9.1387136237826 -9.84589045279443 -55.6440516440695 14.393986335674 -11.0290600015467 8.43603746967658 -11.0526097376703 30.5718823214248
-0.0866490363715746 -7.82258924489481 -4.10358328754808 -43.6651978329244 -7.14834592751021 17.8967923676742 -6.83902413738323 45.0775282703496
-3.68085041444873 -10.9316242168193 -53.521461879545 8.85968940317461 -12.7623145486181 8.28599994861258 -11.3816181129193 26.3262398218053
4.46122432316032 2.71878413806909 4.35834266684275 9.99007650259394 -50.765934065104 5.42878497060666 7.98953641663409 23.3318265848643
7.16467547344698 9.60961727653656 9.1537826303427 17.7321015323016 19.3537825745646 20.2817653466227 12.2143257009854 16.2850013426405
3.23777276429305 3.98600829748581 2.92535045187255 6.47464261614702 -60.3317411496782 9.39054069400162 2.37843563648517 29.604562130764
3.97708034856093 -0.244944925244345 5.5651922385463 17.0576252558656 15.5091494293762 16.9474997768981 11.0958098422524 14.4554540331181
-7.31367157197473 -8.57076501180847 -57.6006284666472 7.01690865725005 -14.037824591889 8.99692182884906 -10.4610799936793 29.6159740536185
-8.21348034476918 -8.213513342435 -10.4885278549848 -18.3243407810575 -20.1860597625773 -19.0391838276067 -11.41832738463 -16.6746904733045
-2.52241651705743 -3.10406941667898 -5.10954733959228 -40.7392303939937 -6.64553091679447 15.7934239729457 -11.9930904867853 43.722109504617
-2.16707455534169 -6.37871203506165 1.06216333275968 -46.3187532830792 -6.76042259225277 12.8524315140473 -9.24857329178217 47.1271406722134
-56.7648744743597 -6.89417720522761 5.62561362016423 9.83183666883749 -14.7182192588221 14.4951260984858 -12.8678671537449 30.1577035708865
-3.28206657001532 -12.3731663534158 -59.6924751217925 8.09890465165513 -14.1533371873605 13.1870297696777 -11.5461704908535 25.9131353566444
5.28000951414538 -59.1422732571257 4.511793163129 8.73352309525028 -16.1448350896755 4.72436649129665 -6.10504758012048 21.6191363166869
-4.3486783105196 -13.7940145971672 -51.0987520451178 4.9675255604724 -12.4143085907587 8.75518400330876 -10.9380634883684 29.2362195356885
-2.88011645125468 -10.6442614808337 -55.8880257876562 10.6850603314516 -15.3657468265208 11.3402102860445 -9.00940988634871 24.2552290878768
2.70285209000874 -2.97189822405704 3.22896877538168 7.80652949187128 -17.199721870146 6.39402296728929 -57.9044264699469 25.8630343566209
11.5124777825376 4.54911624355574 4.77925954198309 15.9294922832987 17.2770442282092 16.1793671929672 4.32651735668585 16.8638330968807
-7.40642623279134 -12.0619153708143 -61.9077599199774 10.0535189115067 -14.9898772468656 6.988082613465 -13.595206991315 29.1246911962165
-53.4422312371703 -7.43584384658344 6.51789129461544 12.5562697699758 -12.7977183082671 10.9838025688333 -6.42844457725835 30.5557076668573
4.79961376096008 10.5874330222992 5.40897048820571 14.0490559615713 17.1447762033493 21.1366197302014 5.18599105207763 13.5209973411226
16.3458238147533 -4.4684428328745 6.79011042333042 18.2285118475386 19.0482955332043 22.6276766727541 6.23518383952714 16.2405400006995
6.22866283127566 1.56292014904815 8.5274806196568 9.38884440867408 -16.7003781551883 7.03088847022173 -57.4336841371408 22.2468750027682
-5.98225868381014 -6.23737996558773 -55.3771471555143 8.98049410345619 -14.4186248278912 8.360343132826 -12.1832923672809 30.2935234120678
2.21523925893788 -6.4299827222126 -5.79818954822792 -43.6538940497598 -6.59752388601165 13.7864030204587 -3.13001568754873 42.0240486943979
14.1313798583562 7.24004165799665 6.84471118513437 19.8513966123447 15.8124015375056 22.7236496704985 10.3062275289536 21.6261849989843
-56.4235916163731 -10.3263162571472 4.47498545737093 7.82915506435944 -16.6487678108522 13.9901956405871 -9.05355161753771 33.3829819009334
-55.5817861062746 -5.44749461700684 1.80562366449608 6.37951292921342 -12.0275058459693 12.0860262660925 -11.4642220018031 29.2506118015401
-3.71591474098922 -8.74489757673894 -56.9123320472738 5.92709722222732 -15.4986145448893 8.41115577609741 -16.3640923361772 24.7098292614161
-11.6524062635986 -6.53308168212513 -7.71719617425707 -14.7597127502345 -14.2840887986945 -21.8514989304288 -11.2092393118976 -22.1496025984561
-4.0050503242193 -8.86341729957514 -54.2166296621397 8.31425694003144 -13.3325516257003 10.5715546568152 -13.1122877337358 29.2770706866281
8.99216377914477 2.34214623739467 2.70904259703233 10.5853573592852 -14.6769238430082 7.52990424032999 -58.6084631148262 23.2806453653069
-7.99401798407301 -6.52162661639102 -1.49574621736768 -50.0478208814222 -7.79193612739608 11.5051815850366 -5.7948845127132 46.7150597731459
3.23278279025203 -60.668375930987 1.81240139736215 8.78895239097718 -15.0074910958574 7.69518900596553 -11.8310701328024 20.0861171116145
-4.16494559476477 -10.321196079307 -5.22217856763185 -36.4863718147576 -14.2458018471858 17.6804084098998 -6.26810652798932 45.1805464411128
-53.0906522749529 -7.13348426247191 3.13153437382668 15.3502514288737 -14.2575847264286 9.9787741812366 -4.71429200206516 32.0011498497226
-6.0473908051269 -7.44611287735395 -53.9560195393877 5.32365798166583 -13.6121710753811 8.83956933884784 -9.45191857090207 27.2674854559478
-51.7437728911709 -10.4866664860595 2.75600006264006 10.3266915435643 -13.289111844435 7.38795726631963 -12.6752750787245 28.2984183499359
7.98542098854199 -5.31246081171396 -3.39486224425484 -41.7545566811415 -6.23229026035315 18.8313422633253 -4.45196791884749 46.8131702917599
-10.9799068482414 -5.65643455863835 -8.56094975412238 -16.6077967251883 -15.7729771843979 -17.4535413488978 -10.9656397039562 -15.0066151162077
-7.37740213933361 -9.94085770746467 -53.0845787182342 7.26710045011987 -15.2664190718536 10.5948525668135 -10.970528203085 22.7357298220818
4.86879010579627 7.78679934943966 -1.53322615537296 5.63383565315754 -11.9361382568152 9.87158102539494 -56.2181316339122 24.7316345698016
3.66142329599877 2.75515290899903 3.20372994555942 8.5211685959838 -16.6730045187134 7.12975161900955 -59.1066571614147 24.3095370318526
1.73370532638295 -56.3398779015886 3.75609861443526 4.45933451070625 -14.9283454561448 4.73802287140529 -14.7684747912206 18.2150216487866
-52.749229402655 -9.16980730637248 5.84005958853534 6.95228763597852 -19.336697448609 12.5981216697641 -13.0603040545823 31.6349990242324
-1.15037460562467 -64.4335732134844 -2.14597532539712 3.47837358873681 -16.8372701368997 4.27128649441797 -16.4006163572617 24.4215795681205
-11.2800642740915 -3.21176172186276 -5.92843775564036 -18.9798260313859 -21.5046332820047 -21.1871889348307 -5.93004552739857 -21.6811389023721
4.8898861417488 9.18586887741096 2.83836977794604 6.57970403267443 -63.8738125293718 11.0829200776651 -0.103445531208807 27.5594547649255
1.16913025403158 -58.2018217262444 1.15732526951887 6.36867844720016 -13.7005963936783 8.98017110640366 -14.4121625202439 20.3048426073685
3.83697737905524 -60.6788230442907 5.10288267950987 8.06179376364342 -17.834635810539 6.23473836256972 -13.6832191646489 22.58349490914
-7.29219180977183 -7.58693861730084 -56.75896699209 12.9247186851947 -11.6455651385584 10.4189564842593 -14.7456203095145 33.3822549087047
-4.45900088770012 -9.82215523083315 -50.5627155413805 9.31171741773963 -14.0380046508405 10.8197047002954 -8.17056554421782 24.7987035631894
6.22904790210643 3.16336276965794 1.37275246769403 10.2210990536325 -64.3325267837398 11.1458384229613 0.722528078052209 31.3318575535803
-7.3779912468544 -10.0381633023634 -58.2959041555735 8.11301739757049 -16.7529969629492 9.92051965797285 -13.2375405626971 26.0905044753831
-9.00032395310036 -5.80278470813115 -6.27379854277 -18.823638866333 -14.8485343952488 -20.3138464696013 -9.06447015645479 -21.1198102457809
5.16546578682082 -61.18193756205 3.47458788845041 10.3174250585225 -16.4764216042004 6.23238994698182 -15.2523963736116 20.5906003789403
4.79268196343091 1.02312314173793 -1.13913565990165 9.10685599625078 -62.4389223503536 11.0511381997506 3.97306679902404 32.3391289727603
-57.3197171492934 -10.6297489698973 1.7603175178175 9.2493676198064 -17.3546673918446 10.8805324521203 -9.59491200671027 29.8694450418069
5.0263544038447 2.81903098696806 4.36047302543288 9.221423267675 -54.0400311262751 9.7830228365685 7.47829271900715 25.9159422440327
-7.58982551105807 -9.42838365866049 -55.854531630865 6.16247764778322 -13.8803798196822 10.4120710701732 -10.8362052884444 27.6823627990706
-2.94695953000037 -10.1743056799634 -3.51911166120763 -43.4097520297505 -10.5693887033605 11.6062167544753 -7.35240662289073 45.740536107688
-8.81049610321637 -5.38622416902644 -8.39238156768614 -19.4335649740953 -17.7900594745266 -19.4747524189139 -8.86704690123445 -15.2171238642937
14.9775669225516 3.03311182899543 6.13095078079462 19.1397665870541 18.9090136392004 22.9323100781009 12.2893313155116 22.7627402627118
5.01546908579232 4.42395996261739 -2.55508732978742 9.3324404933197 -60.4841641959535 14.0204156982866 8.5606767058125 24.0674294267899
4.67571981336787 -58.362270871426 -0.00858358650238644 8.49801175749525 -12.7000469796598 7.13191308940274 -15.3670233229183 22.012353497432
13.2028535217421 9.62764569963036 10.0257547190185 14.7382697240138 15.2112530888717 17.7506973598401 10.7902868138241 20.8559009129921
-8.66582927664929 -4.975694982715 -5.22679505537224 -17.353999802585 -19.5604591515295 -19.4835616527174 -8.94323941287422 -19.0638441759241
8.33071494251727 11.3226582804798 7.02452582228183 17.6793269960559 14.6454736730644 19.9250326128951 9.19654679059451 19.5252781704162
5.4267554616134 2.6374875209525 4.81224182575422 7.1594415505521 -56.5276351845725 4.99722693521896 6.11883112756944 27.2371189526074
-5.99336219638361 -8.44864311123332 -5.2857878477922 -17.7511514776719 -15.1534039348228 -19.2192946041953 -11.4997568240516 -22.6170528911953
7.36732336273744 3.08705966811811 -1.80919289733774 7.38019338155998 -16.6043650645797 5.83939457753774 -61.3068877339253 24.9508822785012
4.22950778157185 2.95664939647366 9.17111181336036 6.73869700129547 -13.0082196279386 8.89095272973456 -56.7792445749812 24.3515865258462
4.75462410200789 -59.4967003348333 3.45797656955149 5.59194580310823 -17.4465388288523 6.90389306144592 -14.3109245888314 21.39945004249
-3.13455088833191 -8.10846757736682 -4.49543869026242 -48.8750135386724 -7.91490566240852 15.1169973339315 -13.8218408599723 48.2032513923712
-0.798403442400714 -0.91015487807994 1.38219878671516 11.4148963598334 -15.1160200482714 5.07989523124692 -54.4062422179502 24.0918249230503
-54.3745084824567 -2.51226310735405 1.91081989797975 4.17183332582236 -16.3031643127559 14.558598590588 -18.9115569874842 27.3663233519738
-9.81388251510752 -10.6077588857782 -58.1274885341565 11.0486793352635 -15.6140585519615 10.9989078618843 -11.6924104206944 24.6027891067113
-4.34702104711613 -9.79339399615402 -57.5316719079433 7.39796644598055 -16.8175953722341 9.76173194758251 -10.7116326121778 24.9299823604145
-8.06001705056307 -5.16672024884589 -10.7428027223056 -16.3275682802931 -21.7733764497604 -19.0182072171092 -6.76549969177988 -23.3668444374838
4.09504066357198 4.28076236713627 1.39705186053704 7.46449830170815 -54.2848833805442 7.53734165119076 1.00870732728321 29.1512527259212
8.38283079511998 1.59006046246345 10.1286047049285 16.8334797377779 19.710423803057 25.4352975576846 8.81294111942303 17.5896986033903
-7.71676377678926 -10.3616628980529 -58.8712287021607 10.3923293332254 -16.3263399183058 9.03084196190085 -18.9285382169089 31.3564337963272
2.76483176714609 3.25621759651106 6.40652210633372 5.25116300957271 -17.343893173576 13.0484248494304 -64.4380984200084 21.0489945784683
5.65221504674764 8.17102901080524 3.54024421495758 17.0421569459811 15.6429714338615 16.1622752413247 9.13577236255306 23.159241957024
11.4180865616736 4.35250771146243 6.4942034758453 18.1118259622248 20.4869236768327 21.4210649251934 5.77305270490506 12.0591541455268
2.12007151491266 1.97881087278291 1.35304255069679 7.57270974272999 -15.2188377767709 6.90537421289442 -57.1922138732276 25.2727525458981
-1.16036847781517 -6.69865613715485 -53.1630394980329 10.8883742708667 -13.877873313641 11.7331976794359 -8.21835489760618 31.313344785096
-7.7651398459613 -7.8522810879732 -7.49645438916815 -20.6740015721713 -15.6753317367353 -17.0014037946649 -9.1299768917486 -12.7418707217296
-4.31601645710299 -7.50066397847747 -1.58644283340247 -45.8795261151453 -9.67706175931223 14.5099497410528 -9.64084384793453 44.3224956954271
6.86727942858732 0.848460314640567 3.08339575873785 10.5418374732133 -20.4039673119885 7.43429071261263 -61.1981859857662 21.5727375566693
4.49068184121914 5.42075728632725 3.89479910754632 6.26561450584696 -62.6999481501783 11.1053929130081 0.677936752652739 29.0884268572718
-11.5352718668339 -5.53093806097455 -8.02086856405794 -15.4048596152946 -12.9927824585428 -19.8147556472896 -8.72257985729494 -19.3318832644012
1.45550192106109 -59.3911017390099 3.88041610530806 5.47645299583946 -15.4447556304039 5.63624161225593 -9.43213407401672 20.6981563754707
-55.3231912844053 -5.08182240323843 3.5420320734421 10.8323028619158 -12.9400201513756 7.48701198216078 -11.7479136451933 29.2542772949867
-1.26805613833909 -2.83664460748907 -6.44031460803696 -47.3207523633158 -12.0794304622603 18.9447698396251 -7.94233784235256 48.6879815044886
8.79636466532634 11.4956819488614 6.69947560756774 21.59910224168 19.4506206515558 24.4565911399285 6.76956702358474 14.8549452449701
5.05104437738094 4.78484375662484 5.0529490086676 7.92184246163741 -59.8317664270167 9.21839251873486 5.68449389775013 30.7978961511955
6.41407767208773 10.3847013367344 6.13982344291261 18.874190559424 17.670436902821 18.7871928688123 7.50828901861565 13.1309708162291
7.14819281981599 -61.73657234082 4.63171529113114 5.59177169946001 -15.5843829251439 7.2369295104805 -15.7643035724295 21.6046879603283
-13.8337464429307 -6.78067163489706 -6.2534455713009 -17.090072319028 -17.4886601207348 -18.1159378783183 -12.6905136125149 -17.7102249841759
-4.64255753513216 -4.6630476040921 -55.6172508403838 9.33968211930761 -16.1778898113803 9.04931351066186 -9.619239166179 23.2810466225543
-12.2631385156599 -2.36828703748068 -3.31950071612978 -19.7968524510207 -18.8872794874713 -17.7978327211409 -7.76219197495122 -12.5030749441923
-1.65413914867426 -9.38975835629337 -3.17667834173146 -42.3595812024588 -11.1040843050262 14.0182201593268 -10.4124555094225 41.6558055658015
2.66338381411981 -1.02402498597222 0.430006755254531 6.5361613372499 -17.2402344126766 9.52331965883793 -55.7695478392863 24.7144190154675
-3.48356156254667 -6.4697745938465 -5.13948155893127 -45.342205987811 -9.05276241476575 15.5842714929359 -3.93744708378468 49.1722563788291
12.2165751015135 11.8487296276186 10.3003561319903 15.7437460239811 19.6733468670511 19.8268649228426 5.87641527094901 15.0580375289389
5.1095527997916 -1.41218960332029 0.166897462438307 9.14708870342575 -15.2719225739749 8.30170263831043 -60.4742080699183 21.7231430998869
-6.80509681123615 -7.50277968964257 -57.1583648807999 8.97298149125055 -12.8587259579136 6.48241682616483 -18.3187221894141 30.4495727658002
4.58656885324249 -58.1661625210105 7.10264923371426 9.9795912520595 -15.7715276062922 8.47219447470982 -16.57289649568 18.9598776536169
-2.71465803712889 -5.66385782091016 -8.48656050573391 -46.790658647018 -3.56379763732229 15.9052295897818 -12.9197140462437 45.8003625689474
5.78942809682629 4.55651223812969 4.29280334959533 5.48983770554197 -19.1479821267765 7.44297144287858 -59.5653606943408 24.5881309273924
-3.3644321290764 -12.1470566790034 -51.3003641199539 11.503649131196 -12.7018699766614 11.5334741456601 -11.0292915768115 26.2497586026536
0.612911619913607 -58.5844714648575 0.964789110277856 1.51197524650809 -16.0584554271037 9.39328413928071 -9.84852114542878 19.996470113216
-8.21430483969187 -4.24492023498393 -8.32543933399345 -18.4363162055423 -13.4693489074187 -19.0021259434055 -12.0225740037465 -16.7368337685065
0.944084007089903 4.44775999824406 5.01463287177118 10.762592493641 -15.1928409570353 11.6333768041527 -57.4226555496343 25.6071860994432
-6.66182922813187 -13.2696107171438 -52.729507272825 4.78568108924329 -14.6929559022239 9.08714810377194 -12.8608171076179 25.2541236523024
-10.9057856163526 -7.08422583460793 -3.55270757128073 -20.4841107529304 -17.5272143358091 -19.9994588072728 -10.4841354255405 -21.0899623562736
1.5105327754791 2.05418255293349 2.33594026816048 4.43934546854364 -12.4082491386214 8.32224756618086 -58.2568627857112 24.8546324338892
-6.97164751622284 -9.15723099614665 -2.96620204061746 -45.4579720306273 -8.74370603711536 14.4893971990095 -10.9205010227914 44.070585877564
8.12241013157927 2.88361314326843 4.85299057444336 4.8200317612313 -15.6325108723141 4.95656106684048 -57.6626309931594 24.5982016943376
9.69799430983579 1.8133002072481 6.1447252911297 17.1879405147903 17.8337289177085 13.2936913605796 7.81287240571702 24.4418160214896
1.90591865207216 4.26968647217067 4.22930230420218 13.3016005002875 -16.3285065395243 5.87000776553391 -62.2436674439465 24.6078427673532
3.79955106443921 2.57913412574614 4.55501168171038 11.4863052819583 -13.4176053083605 13.1258940444722 -58.3658592658121 22.9895995022288
8.07349351177851 -61.6566770732537 4.21776357669504 6.99017212968458 -13.8796897785321 10.4517767641062 -14.8066423439158 21.0796589572879
-2.26448239843662 -6.79298689913466 -2.52695235705171 -43.0902399980233 -4.57148499240616 13.2515871235531 -9.55869026531027 49.865976356873
2.35632133297469 4.44917789845064 2.32406782679022 5.93614200799288 -17.1683612328765 5.10524811467554 -57.697551285929 26.3017022711003
-11.1501534127567 -5.66245400684281 -5.29817086514203 -17.4513030767454 -16.3861183175502 -18.8591255531354 -10.9635518533352 -17.3374935816681
-1.2204050128246 -6.1332670404392 -51.8908702766936 10.2764256579078 -14.2040410782207 8.68658001112711 -13.9374573917898 25.7127692973115
-5.13915908040774 -5.19348186171926 -0.661137357402358 -43.8188462154937 -14.5399944101723 15.2165721864535 -10.6753070798708 48.8596196913726
-55.3252334236611 -15.3049487776191 0.475986949007441 13.3554908405442 -15.5359418078763 11.4554388100093 -7.4776141003405 27.6150994158241
-10.9586055344952 -6.16199490694469 -6.7805975300984 -15.6985647311785 -17.8804299727361 -18.9076402214778 -11.9488499279538 -15.7927672641084
-0.746760669535522 -7.66746054351263 -3.4838497933511 -51.5650086039876 -5.19109586848639 12.7931543653744 -8.55468679630801 43.7118605137197
5.95811987432623 -56.8539441497574 5.99115348086096 3.58714564052389 -15.7263218517995 7.50042536552971 -13.6120744453715 23.5331425028721
7.68897495091251 -63.6421059391939 1.82176467882181 6.96343755458304 -14.9728943860277 6.74892701879131 -11.1868183597683 22.5279226216099
-52.0322921080627 -8.60874619550986 4.36935621412392 11.2108261951885 -12.8116385263816 3.91034845302434 -12.00326211663 35.352009452709
-8.91027331432061 -7.89405823432199 -8.0823941290221 -18.9112486200158 -19.0973385426486 -15.6705093824035 -11.1793876195564 -13.6141701042289
8.40471626321294 1.68781840786532 5.69234281387804 6.61019335517042 -15.061302257183 4.66122244034173 -61.3494684953819 22.7316697483695
16.894999983631 4.36224412807918 2.40750858886468 13.5359534710715 19.5789448703442 22.3886003443516 8.860585426039 11.8011785486645
-1.31826601414588 -60.3482247963189 1.92048854085201 7.0407070816828 -13.7919403946761 13.9890391911855 -8.95737868716022 25.5034668178064
8.86067726529505 1.59774399275229 9.63623841689269 16.9445001499608 17.3984142698425 14.1483677062527 10.942630904704 11.2443861441621
0.459041907932965 -7.40925885155043 -3.25140937569167 -41.2190871384927 -7.4242858685684 13.5656335041821 -8.60304632175765 42.4881582443557
10.9462916397043 8.07078573199465 5.98834966125436 19.0030559735966 15.4864775202272 17.0008183533568 4.94890747312245 16.272150160747
7.0934434306888 1.81895711962514 2.07410534963472 4.85940054464724 -16.9376486585418 5.67407430837651 -59.4721629896427 24.6252527896031
0.391322187684078 4.65744795406748 3.33774615399338 8.38622329187543 -18.9778077656252 4.84708206733245 -59.9955710271126 25.0786940853105
10.7348294768393 -63.2395226611894 4.40276151789107 6.6334981881505 -14.8493635656003 6.74581437131484 -15.029616119094 24.1780229193352
-13.1066672847599 -5.9185626514395 -5.03735482300755 -18.5994613884514 -14.6463977080683 -19.6361969093457 -4.01903508922015 -16.2376453287567
3.89535613651058 3.98009956252066 2.12273180676642 14.3070992241104 16.9793565120486 22.1285384712986 13.800198961891 18.2194884771254
5.40686580948673 2.75057973904291 8.16047235902534 20.4546751781689 19.5380938686621 15.0547989234757 5.68728648052145 26.1225300357023
7.98801896323357 6.02785962447662 6.46150984712863 16.88010115251 17.3457267008531 23.1590750960674 8.19153299341681 21.2929702756738
13.0072382979363 9.4525871274183 8.2489258308481 18.8840429038805 19.9149416242399 17.5185289187622 12.1499713455423 16.0244902258175
-7.3759055259048 -9.01325257269533 -54.9243302762114 13.9727866349527 -13.6316140548999 8.56878015441712 -12.6794078395854 26.3691143060808
-1.86701044076299 -8.4343257775534 -54.9614308498619 6.7478900901743 -12.9203987733684 10.7068166679784 -11.6849814103625 27.0810543864578
5.10201098021974 -58.7945394906797 -2.55453535590563 6.4927830019789 -19.2716162917635 13.240783053479 -16.4814312701338 23.0484191456941
3.57160925560914 -0.69505839033561 -1.00215720474459 7.01902575503658 -14.4566243279817 10.4155816804258 -55.9299290928718 24.2431084678346
3.39910242108256 2.13556498056413 4.93227159964092 11.5037384796503 -16.4664001337578 9.50629234784146 -58.0869888666098 26.8878755452987
11.3969241237318 6.67150806943034 9.40013936102843 17.2978621604447 17.0864284432259 15.7359890551843 9.39701527615273 21.7673864254854
8.8554089785015 1.56233615064967 9.14966680364023 15.482601809125 20.3882937770524 16.7982043338582 2.85817632931227 20.6196616257207
5.93580261395857 4.52711564873687 4.79798891870425 5.86228230246514 -15.306108788378 8.35099852757301 -58.8239151491858 24.9869627847629
5.61126750370786 2.61028038766438 9.0444080726436 19.2248081527756 14.3163799901567 13.969737532809 9.43529060410983 17.234259103068
6.28579128023143 1.74898022137616 0.902963356505497 6.13574015559576 -14.6887469261232 9.31202900024075 -57.40759597495 23.2006323641118
3.49276725100113 -56.4717113201399 1.99785560144865 7.7073449313118 -15.5475767826945 9.25209620265727 -12.7966810493602 24.8360352017639
0.897660589029549 -60.4599320987904 4.23392265814029 6.90485557734168 -15.2090273578506 7.87888424347477 -14.2623363056366 25.4477401302415
10.0401873033654 11.1057297963194 4.76631282440082 15.4411975067209 15.612892699599 6.87324336031624 8.4148282869307 21.1066308554657
0.00685373489903629 -15.7287919948518 -53.6980107544689 6.05801175819091 -16.3848260326139 9.05146520720847 -11.6681512537637 25.7670431397921
7.90358219540752 -0.717086923178464 4.68163500818446 7.11571284574978 -13.5289590568173 2.64153648890269 -60.081246040139 23.59681633406
5.61763335702121 -0.654266788223171 1.62578518198308 6.91017375909536 -16.702796878969 9.95945902315576 -62.6011704865545 20.8240009234822
3.92286239188182 -1.06929159970438 2.87874855135227 8.12781666307624 -59.9625571305475 7.29984644040076 0.864875325743615 24.0271133287321
6.03786957031541 3.73389268091928 0.165221584393214 7.73995260920478 -15.4669830316448 9.76318411118035 -62.9683595120667 20.8888833481317
-51.7023215500036 -10.0016840250011 -1.23483358868782 9.31483669327146 -12.0022255012249 7.78275450761322 -9.61541061740359 31.8498039936995
-0.86609458487049 -14.4313610814746 -51.1233706099259 10.6146574016103 -14.6944118223379 11.9210029415822 -10.7620089566178 26.6344191601065
6.04105921439804 -64.857225202915 8.54137573367478 3.74434656194005 -18.4598207459874 7.63018639679687 -9.54729320455596 20.5459669590777
1.02616190988022 -4.2201415266406 -4.52340540915417 -48.6967115707206 -6.91558166921556 16.4802138084191 -10.1402386499086 46.9202688402533
3.87691765596058 3.54311294535105 2.37811336287645 6.09692676329999 -59.5304986970074 4.90350108768416 0.455044310266652 25.5072604634094
-5.70708036083437 -5.39088551786847 -7.85254502716573 -18.083462735935 -13.1072463600979 -17.1249781285528 -9.07696580342199 -19.1391570693193
1.81770224895565 0.69128791312765 5.03413961513696 4.58874572052094 -16.0822678123204 9.7454405843967 -57.0046348650196 23.3048290827861
-57.1269202053456 -6.87137877841045 3.1620598551776 7.47689874069863 -15.930271523057 8.38721574195488 -14.9280805901833 28.6731687511304
-6.48893782766272 -10.4613248234893 -58.856830415941 10.6367864473014 -17.8553139737863 5.49497795137998 -13.3854710661099 28.332002217488
1.94800720861926 -8.4520896476979 -4.31903235688196 -43.1127291931313 -7.71990368550576 11.9322391318521 -9.7694148446495 45.5567306753353
-10.0622325781402 -5.05423010222675 -5.26946439229456 -16.3489409140742 -14.3859554789675 -19.2256964496811 -4.66750144606336 -18.6135866996787
13.2657294397194 8.32339465687864 3.47412604018082 12.1853053583498 18.5341820023939 16.3498361257356 7.65710159219555 12.9966942068957
-54.7094959940383 -14.5770625516164 4.33429813822296 7.20271311840211 -17.5881536671747 7.5967544610268 -9.95392495310361 30.8974243380416
16.885362024507 1.41006234078628 7.59296348798561 20.8345918034438 16.6814183948279 16.0515294683476 15.0265815500517 18.8207932938355
-8.57773123060818 -6.39625492276936 -4.90475857025217 -15.724610548616 -18.7763777294489 -18.8053775791704 -11.2621594813103 -19.5186027032682
8.68554685852732 -56.5774971414903 4.24486918478233 2.73405901213117 -15.9987369208829 10.018392182698 -13.8802523260621 21.4705203329415
-2.56035055795699 -9.56076073797766 -50.1055661299029 8.38728737219833 -15.1674743490446 6.62572842553835 -13.8391225930029 26.0252108361469
5.40170500819863 1.38116215540719 -1.30193191963592 9.29463303448078 -13.2486519827936 8.95120850338364 -57.3143083248505 23.811776168643
6.30597091382508 -0.2390001808238 4.36397316656129 5.82402431660518 -16.6237920881631 11.2234090419107 -56.2296786250571 25.0929561769805
1.45254532283622 0.428714185126453 4.23461851572837 5.98357981042443 -61.9821571074771 10.0536546722776 0.459080973022708 27.1510645410672
2.50659273591288 2.94517147932648 4.03072941708428 6.42333296195395 -15.7082733736781 8.39430483850208 -60.3372646564591 23.1649775755039
-4.93452729165784 -12.0073207842104 -52.7130357649351 4.88275011750055 -13.7174047467852 8.02505166502613 -10.314239140599 33.2514062546426
-1.69309289044769 -7.72328197641563 -1.50075084102522 -39.234284529513 -7.4855801489977 11.2677857525613 -15.1574978790313 43.1287286799755
-7.4540917011625 -3.34671262083589 -6.01775722629019 -17.1790799891003 -16.0243711315762 -17.3077762726423 -9.50564594218402 -14.8899015876928
7.80438599548696 3.52365424444664 5.64606456818286 17.601407058637 16.2686413855372 15.7317020812299 7.88526040405428 20.2243659837022
1.93512441789633 2.09075766805086 5.43562503737095 5.03788894936641 -17.259525915294 6.0388030940778 -59.4587539272824 25.3878240067518
11.6063990824715 3.80943955765107 4.45835750320151 19.8362145114384 16.6142684852715 9.4940347316974 12.0299825450254 10.675766271748
6.06860992389928 4.71372542602418 -4.08956406617164 9.08943267139859 -58.7272051489645 9.7602489967327 4.55289527531612 34.817606175297
-3.98145322009321 1.52004372138001 3.42635994327619 9.60652247914704 -19.3767653682711 9.14390653487832 -54.0258617057592 28.2616347110774
-2.83339578383447 -6.3894224358 -2.73896515242452 -43.5151902769727 -12.9355644002232 15.3474623368195 -7.38257955450968 44.5071477322884
-9.02910648417375 -4.98907565379783 -8.22611776002299 -15.7561565171566 -15.0254908312377 -20.2287861851482 -9.06322914781328 -20.2098579986901
11.2128460892679 -0.890502494496417 3.93694761464422 18.8009709905357 17.5066322885858 23.4047157857344 9.15172605667918 13.4688184754967
6.94025042500901 0.848340710955104 1.87319398920633 5.61111912345468 -13.6744149819312 4.90686382291034 -65.2112392373248 24.2594732331702
7.15469372957038 2.98074556089152 -1.57047964440572 9.66939686388774 -18.5580744474757 10.3858466914077 -56.3686686887209 24.5934426691402
6.45784489009438 4.77358682358464 7.62826453775142 17.7601652823078 20.1430457798289 20.6352769479556 11.3879801490705 19.0472349243008
3.33740844095511 3.358359083544 7.76642328893156 9.0557687824987 -15.7989472559873 6.78280061818384 -57.4584096773958 24.4457415437366
3.51757530185885 6.73734482244057 5.3843635910152 7.95987406613336 -60.556701479707 7.30066313488839 4.7315672649708 31.6804841698784
-13.016377644654 -5.74855300563536 -3.12831368652927 -19.1159431911632 -11.0617312073926 -18.1488839748729 -7.70577452883163 -19.5876834777393
-5.26730976396222 -10.8071672337003 -60.828428207961 15.4918333874938 -13.9510413904965 8.39799356855501 -5.49090031227492 26.2344412252171
1.5980204159681 -8.8876510520984 -2.7733450728964 -42.3573553874922 -11.9520447765235 13.2232727096498 -9.48850263285207 41.6562364512063
3.4741837606975 -57.3570870581587 5.77739544677525 8.68999219753457 -16.0962116327659 6.50929824450297 -8.50315612282168 21.8270262618202
3.37673084018059 -57.3535067534932 0.752108680329061 4.02672277398766 -16.7319255836027 7.32642172859921 -12.8525207116731 21.5112470605121
5.16303310589995 4.96799742452539 7.03064688840309 10.3987946684402 -67.4560508135745 6.63512701838452 0.5574596797297 31.0305251817725
6.94339553752647 5.305617070735 3.19211576862563 9.28910075454336 -11.5577069350841 4.39568757079884 -58.9289256992256 26.4368902098589
7.90504404518433 2.77544812956896 2.76656650351221 6.75980777480349 -15.8900692794518 10.1127031510644 -58.2096501561912 25.0593309832379
12.6797379972265 1.69119339599988 11.7137525191222 15.6787661123583 18.8955560200695 23.4490913679745 7.62863247035438 24.1340471053678
-2.48144388117747 -56.4808801118013 2.17448918956724 6.92738984590069 -17.8261965908831 6.65193752016685 -10.8856056178796 22.2324957710528
-53.5523780027198 -10.6360027642283 7.47422866375436 12.6837793924302 -15.6054715273966 7.23212687376955 -12.4782809859727 30.7836996640017
-9.44156416688932 -7.63783036851661 -6.4144858426919 -17.5677264536088 -15.9149541317949 -15.9430635268536 -10.2081434209554 -15.7105857234767
5.91709751412648 -58.0314831735989 1.55387603291762 6.00549647007465 -17.4726063548859 7.70414999652985 -11.9316486780199 22.5233703317308
10.6114804249116 7.29022344229218 6.80466794842659 15.1666701687097 14.9576090501747 23.789024673899 9.27050120278165 16.4480630819021
-2.32269517966337 -6.85222729157228 -49.9577032393248 12.2510539108592 -13.7408366485848 10.292598447734 -10.0086031862056 29.3076171184092
-0.00850772563060964 6.69448812828857 6.20407341155885 21.4601919577945 18.730032836144 17.0311604037206 13.2642894895644 18.3774094696477
11.3015433033028 11.0507226822042 4.36574558511096 21.3923776404757 13.5732515643036 21.6017057487371 8.42996277409367 9.35417447411505
-6.19916166428431 -8.33313800139143 -50.9710745498321 10.1171782436518 -13.7376056364384 9.57808090807042 -6.57833745313418 24.2548522151912
5.0999230235031 10.3387522330724 9.83647350167093 18.6032715586726 16.6798802868671 17.7290915135026 11.4207361724712 21.1400621043377
-4.57971133481342 -9.0359934628414 -55.8167752631101 12.6825451563503 -15.3799593454425 8.65423634524644 -10.3853026885053 28.040393836032
16.6076680137014 9.04894010718424 3.12492398526924 15.9645094411442 14.2065485330743 18.5920218792064 6.07718191707713 14.7278420121673
2.97573707832796 4.01885524348682 0.0256991538805633 6.9654496629404 -59.4196433769665 9.44059776382676 7.55017053165124 30.7491230326405
3.60652480929049 3.73203543567124 5.79672453643572 8.91741597625266 -60.171141743324 5.54274253023491 11.2585466063531 24.5057177513457
6.32579854558449 5.2870087610071 1.9513781396178 6.88028587247641 -56.8734529669785 11.2320051602224 3.42045220346595 32.6153912361815
10.3491493138356 7.51980886547928 6.63728331364038 16.7662651550673 19.0575188145727 20.0040613570873 5.31520468353153 28.0914921242555
3.99797810527809 4.59736476359492 5.92311989358852 7.1129182956222 -15.0296219243722 7.39145358265251 -62.1892810529905 24.7673131696758
-3.72985817178576 -9.25556312038849 -59.3519756227542 5.68504920331373 -17.2920897492412 10.7078887743358 -11.7698417504975 29.6528009053307
-1.67591216117136 -8.56623460088324 -52.6887979168689 10.9867257427861 -14.8382360971354 5.84840028974557 -12.7753476326995 31.0713074870052
3.92811132211651 4.63764073137379 11.3108272055559 23.8336878803413 17.4168517246433 24.0452389827827 6.96371554445477 16.6813761444461
6.93683457491258 1.24260565486489 2.654898733949 8.45142283390329 -16.822828305069 6.52321679348325 -65.6828364666096 20.5031488655897
-8.89560911075774 -4.08384323977749 -3.77458277403706 -16.6744513092176 -23.5099239773036 -19.9088895182581 -12.079849289113 -14.5104602555268
-8.19773284683625 -9.70520281792426 -59.7530117786278 7.82233756499931 -15.4121560270394 6.54400914480541 -6.69034211948018 31.7110674113594
-6.4115601823619 -5.6892742404538 -9.16365511395148 -19.8286328771829 -14.470926863658 -19.6012102532813 -7.01082846954138 -18.8280058657547
-0.649023312742675 -58.1632023571662 0.995043502982689 1.21503222886316 -17.1098646480997 6.27891240111553 -11.9697310913389 21.3302045087086
-0.576619673886687 -60.0423870238007 1.54715584883395 3.46043195311866 -19.2135654473506 5.96392052612385 -11.5205972749112 20.6665585581548
5.32939787812668 5.14455800975123 3.80742791858971 10.7033689014001 -57.553738160789 13.7177663004279 4.9248730230936 25.0996248732763
-54.7379813451382 -3.221336937757 6.77286961105087 7.3986775676144 -19.3904900837983 7.04085754827191 -7.63872417401547 34.6196789267252
7.2568711163218 0.74793591545821 9.61779195329117 5.31400761712026 -16.4872678092396 6.95158680147733 -60.3242992375096 21.9342948143616
10.6173543567594 6.2771090350272 7.66369402412683 14.2379788791973 14.3598669763933 20.8013803693675 11.781274339127 21.9956470105308
-5.01508867122356 -9.97807456527161 -55.3867196649094 11.2685339684605 -14.5915685769672 9.44007439162708 -14.4366081823952 28.1304141940734
6.26280688136544 2.95993397025713 2.06532801505206 5.28637673320015 -16.59162391835 5.5080580277186 -58.1883742405345 26.6982794609739
7.14690970932027 0.988101841831792 6.85853852815938 14.1344194340009 -16.4911500672548 10.2544497861731 -61.6051227205181 21.8153993045739
4.07158285253733 3.84238993256746 2.90962333982221 9.32696842026993 -59.9071525086133 9.76102726157995 4.58395641659456 22.3618498338342
-11.2406415600687 -6.01474038692908 -9.20588643522972 -17.6428486199087 -17.0532519118962 -16.4251782045725 -8.08688282463008 -12.2933686359049
0.783728531471202 2.60074698619939 3.77732239282874 7.60411880657259 -14.9177055085943 5.89024109779484 -66.0254105399981 23.1596051039939
5.43293811415094 2.74939198948031 5.19001346330542 9.76643783821331 -63.3120863745323 6.48061472306105 5.93726153197606 34.0583595400324
-4.23837107739333 -9.6645584920117 -57.7317951414601 11.1701769522074 -14.754168448399 8.85854284839846 -8.91536802492909 26.3689749995591
1.90377093297809 -7.21625868437572 1.37749183117801 -42.5037779988333 -11.5644588860591 13.5935762624667 -7.01290242949574 43.5155806747563
0.516452133428746 4.67877703945305 6.11329112268576 7.16801921372396 -15.5761061659675 10.1967791125549 -60.3298447019595 21.9749129826136
11.3036119943709 1.61905573211161 6.94862418053044 11.885084310379 14.9354417520253 23.6732874519513 12.0670091723152 17.3166921327926
2.42459070932533 5.77712279885802 5.61025573753355 8.3175843207254 -59.2028717917233 6.73811832052248 2.09446754105019 23.6601232625599
-5.39290839122912 -8.59326611836482 -55.563629070916 6.08763049203699 -15.3681714923114 10.2661130133086 -9.42105967429568 26.824339698707
5.11164930055151 3.81174142388086 3.23875882929382 8.10029587080485 -15.8359525480759 9.07041662421946 -56.660157387364 25.3517514770474
8.5558234401384 3.721242938251 3.62994278810983 5.77768755953469 -19.8193038788711 10.1639003038826 -59.9614364716869 23.3068269064628
-7.39335818391091 -10.2914190506206 -55.1828585829314 11.5009766169613 -11.8817463334339 8.51261445563151 -14.7640882579926 32.4826567455368
-9.3464230456282 -4.5853020200662 -5.13973328023872 -15.8452604113285 -16.6709850224832 -16.0835491161895 -12.7882969624177 -12.7876212700009
3.20717735074208 2.29801251667366 0.556808885359012 4.53464147210426 -17.9428253619396 3.31403929053559 -63.0798490918281 24.7236310196283
-55.1300721405814 -6.57963873151562 0.191955932541818 6.5119393321557 -12.8757428836885 14.0266843496586 -13.3295071076924 33.7689751678572
-53.4952953952909 -12.7357519345918 0.952060735331713 8.93301412402859 -16.6651660941277 16.4377867850174 -6.80411784480661 33.6256171270384
9.52171433215656 5.72719661783654 9.38614574256373 18.4297927251664 16.6227399963145 19.5748893907112 10.741439642956 16.3729125802159
-56.6574626749259 -4.52540491452326 0.678908008944011 7.80421269949923 -13.4989119895137 6.76755925822903 -10.2751645700741 33.6862239234156
-4.97081065353535 -6.54967957449152 -0.0338440073241508 -40.1395428847878 -13.7100663133369 14.0218854160111 -7.51764307277906 46.3338089321444
-51.7035888135595 -9.54235077064314 3.9492749924461 13.3819788717034 -14.7385689412779 14.6337683958045 -9.72127282780697 31.8633543359628
-56.571360751397 -13.4764967576293 6.49215471033558 12.3798509054289 -12.0190313735707 16.6610175936792 -14.0239143164705 27.2502814770588
1.2468326112133 -57.4168838906753 6.88337754288841 7.11629314278064 -14.6709423452174 6.08880865159237 -11.691056978336 22.6244069896799
-1.71899517609262 -9.1274009951222 -56.4685207396385 8.33442799943941 -11.6032693295635 8.97148830255685 -10.0454477053281 26.7950621408423
-7.36189716628344 -6.31716271620881 -52.8263910549642 9.7738692730101 -15.1662278941201 6.4603739731635 -14.8244357592535 26.6589933612086
-7.61958907153845 -5.76590283658737 -7.62703267357044 -15.7739069744145 -16.201862676413 -22.4375136417169 -9.59475374291674 -17.8256398169019
4.22834644249611 1.33423284987297 5.22374185789546 14.0581206960023 -59.4999705555907 8.94368525573971 6.48808669923723 24.5456390965792
-8.19798303936682 -7.55132483015577 -3.66848900341125 -17.4279672012471 -9.04754308186749 -17.166629937975 -5.681190577618 -19.7621174930199
-55.7293353722774 -6.53100661657557 7.37268048863893 18.9734881960468 -15.1914993767569 1.41033581540636 -5.86797316316618 29.4503702656124
8.64477966567116 7.01410877478104 7.0023197057583 18.3661963848791 17.1622225763557 14.2563035251637 13.045063907 19.7505166946093
4.1497035512487 -63.4111501336602 4.23620057981262 2.83358972759416 -15.5091707892747 7.31878213414575 -16.4378992353016 20.410680091108
9.90622875276675 1.87671358842423 10.0519825468889 18.5140947807831 16.1507908582106 13.2510145508448 5.97251442885319 27.0075704630365
0.585619792980107 -66.5495724073345 5.26728119144182 6.10228562003449 -15.443451149358 7.18622286324351 -10.1060026614699 22.1730832432464
-8.15624256009419 -4.35644125423359 -7.87240921220453 -17.5872510374104 -18.1461511969118 -18.0710919493791 -10.3190149027054 -15.7286252192426
-0.727304659594615 -5.63485629563119 -0.0779347247716577 -43.0505265215622 -10.0376324319797 12.9577070266066 -14.5535380210886 42.3764061719703
14.2272211467749 1.66399804582702 12.7094890823639 14.5498866915281 14.1079368257365 18.8018288285074 11.2339536866226 18.9977559919925
1.6583418411946 -59.5984043275239 5.52391969724868 11.3223271905932 -14.0769022943236 7.33350714156516 -14.2768437960327 20.5993815726205
2.87436745090343 -60.0514807923478 -0.178859758191039 11.1498522000602 -17.1352612070286 7.619681234517 -6.5940001362298 18.3662945509179
8.91517285868242 8.38527945535711 8.39061505534747 17.8766033161225 17.8061925391116 17.332254397253 12.2653690288069 15.5113910661367
8.52798596313365 1.91489725375002 1.89843600881319 7.25177568499564 -18.4799289801117 5.31588388703399 -58.9052121922301 24.1938382643828
5.00970371628793 8.70248824541937 6.06445075254399 11.8723666300927 -62.2626525656579 8.38602837801416 7.41503492511303 26.9406195257198
-9.85791605115615 -3.4510262217548 -4.42729071257183 -14.5710292656167 -12.141021175582 -17.2634774503292 -10.6034218930622 -17.5582934926863
4.66328263679255 -0.0133752518196784 3.90701518817338 6.37043589855103 -15.1064692629446 8.40500292504006 -63.8226239756469 21.6204669715626
6.35757856676198 -56.8893204298662 4.10464886330536 5.91733446400556 -16.3417731492895 7.31944027008409 -15.5632301275393 23.9053939621239
-3.71138280034399 3.8075530475827 11.6512848486755 14.805694199031 17.0241229586406 25.3835859558979 12.3519866250243 25.1156550134736
-9.21786721685481 -7.18201027705141 -3.05713342510361 -17.8695506397691 -13.3651559138791 -17.7527255179655 -9.9805350499536 -17.5934669332028
-56.6812911996604 -11.7633547277427 -0.078362609342586 6.91826024886617 -16.5421563452304 16.2591550703302 -8.31596590491933 30.6604039094571
5.64667559322439 1.62427466776129 5.41475993120344 9.83616057915132 -67.9525465241218 7.50420541890566 4.64723248089229 26.7608051396662
-56.8724443169196 -9.98979555858262 3.9998546378302 10.7378589511558 -12.7020294165491 7.64690387475699 -10.966810051924 24.0587239100342
-1.08688418910801 -6.76210392176566 -3.21334672196808 -43.0800194533117 -10.7771644539216 14.0663143355062 -6.24763918921339 47.1888619804909
-8.59861383720614 -6.75366390959892 -6.54258787235611 -17.6479418738382 -18.7105849552821 -18.9278622223873 -9.385336078244 -19.3768583696039
5.52189519244081 4.1369743356117 -1.28514095194968 8.56261509926533 -16.4909342630291 8.04488830277434 -58.6850160326376 22.8857563953104
-0.93984995784288 -7.6103669351989 -1.24911122309646 -42.6976171919922 -11.1363704305132 15.9409201980694 -11.3568313790742 43.9264732509119
1.97898734843381 -9.65462435863556 -1.27785325193025 -45.3042200072862 -11.7155782695155 14.8375438881365 -15.2481557320369 44.4361263743001
3.62710077272997 4.58334666418817 6.62985419742131 9.55724655640369 -60.9107215291301 8.57227697115508 8.56003425061095 28.9453398198257
-4.54842709108853 -1.28994427640116 -2.54945793367896 -47.055734014527 -12.3727461783031 17.33209674982 -7.34123173250125 46.8183718790804
6.65162785177947 -59.9670364000602 4.61964670325793 3.72760214387432 -18.8210548373026 7.57421873013602 -14.731335127258 19.4115095984911
1.9559091382047 -62.3967464688104 4.9201005636101 8.99783739521946 -17.7556863774721 4.33376949639524 -11.0098020574418 18.4397974522337
-55.0604482040294 -9.11093181595631 3.89114132259475 18.6937127718233 -9.84048968626576 12.557045382567 -7.50388059219993 34.2022032658804
-13.110458912724 -6.7997666106231 -7.7037363968648 -17.6615866081688 -17.4737955139437 -21.5923791816242 -2.50250874588246 -19.9462085717169
0.902177284116565 -4.88658839594903 -4.44634936503851 -47.6520678460713 -6.65702425760166 11.8994462275497 -11.6822111773121 41.7864344397984
-3.60816409084638 -9.52190999882474 -54.9562634942133 5.79100720231213 -13.4992031516111 10.1842268895697 -13.8357953873385 26.5633600599817
-8.40353225886091 -6.69071415904955 -8.41209858797594 -18.3382065287028 -15.963452671024 -17.2696675572747 -1.19767448018201 -18.9149133081482
-54.0923747849807 -10.5139849596619 -2.73911618581342 8.7000972837457 -13.4120875386057 11.6761688484868 -18.9361494005159 27.2719965885079
10.9882630465198 11.085716898573 4.95466104960895 17.9049846419256 18.9018705545552 15.6034626073693 12.3451343810372 17.4930468814798
1.94327856438223 -62.5771481330869 -0.421389757865757 6.67044636682908 -18.5889695668278 7.76554040064982 -15.1540698888729 20.529804956898
7.02094707175035 4.3042501633599 8.44115657892908 17.6027065318332 17.0329896234832 19.155322076087 9.46129181149531 17.6668126408051
5.02393106401004 -58.3308486429144 0.603152679798256 11.6089575100508 -16.3605369821655 6.71682533735924 -11.7183085883861 19.1563565327949
-4.78674013876176 -7.35714297483545 -4.51072798909642 -42.1068733234823 -7.24035380059683 15.7431358758062 -5.91971560707004 45.4414867662234
3.81938774287795 -54.917537860383 6.48351615284514 7.42837991835027 -13.2088255753143 7.92415537409018 -11.2724464352025 27.3052076783209
-53.9312522542262 -4.82109076159092 3.62076257895728 12.6690613154607 -12.5733205599189 9.33637750599863 -6.19738688104587 31.8958128098804
-4.82370116752017 -6.40966203450397 -3.26504077244714 -43.0190896691108 -4.57930212401553 14.5100373676471 -11.0126573153547 45.9350687567304
7.12894409862175 -60.1735830118181 7.06816337090884 6.69529029559553 -14.8739505693565 9.267002759988 -11.1770438140588 24.6561997156569
-0.171468127703389 -61.2157947916305 4.8926759739501 4.52497181867104 -17.089797432391 4.08629790671557 -9.44573105038483 17.2836418413194
11.9632841836093 1.85140928902771 2.50193973809634 13.5590632943797 24.4588763405834 17.0910008003729 6.52123718459066 17.1363352307755
-1.99806862660351 -6.72611422302239 -5.10459476353727 -45.4308519173534 -9.32583733564174 17.5764035422276 -9.98895302299139 46.7771792899603
3.86752390455939 -61.3406791427313 4.57825748551837 10.6035814941757 -17.0555795607418 4.24023184274195 -11.0574764063819 20.0087766689003
-13.0978054530531 -6.98069475268171 -7.05971718627881 -17.4930667592628 -15.8525080392659 -17.64737560682 -8.4509002180309 -18.662668208042
-4.94498203632432 -11.9916192199645 -54.6497637868734 11.463901478373 -12.806629353042 10.8842327257063 -12.0078503815404 28.0935621654591
2.83442010057961 -56.2906381497068 0.839120212281817 6.85433480097934 -14.8985315167887 5.218652955281 -9.13069550144708 22.2825723743454
5.58901951949039 6.31343425768817 2.78303541291261 2.81349822002189 -18.9473131287169 10.1644385747013 -60.7251385482883 24.724494731885
0.371565344113701 -58.7117318264853 -4.44455244503789 6.73558783998897 -18.5763627601135 5.76237679391867 -12.0768872573591 18.7040002708021
-4.14226976372404 3.43342708155993 0.0342224273828395 5.31375999542564 -14.9213885595556 10.5690544416596 -57.0282577098338 25.0487959189684
7.05523003650424 4.72152254607036 3.83965019784922 14.6872220647138 19.0402842343144 16.9443997392243 7.04937796577789 11.0212449552117
-49.9256236128655 -12.1693856968596 3.57917747068289 13.9147489850034 -13.2556601507183 10.5666974611208 -8.74107896848328 34.2501336020119
11.607497474946 3.11284851451651 12.5933431907385 26.9860269120182 17.7672670353185 14.5828770059128 15.4943819527482 25.371900734283
-3.57993103382867 -9.81180683012663 -58.0848703693456 11.552894709991 -13.2382899262858 9.66577170424175 -9.38895976572271 32.669122406379
5.00868011154124 1.0039393558713 3.81054877483838 9.83260685335683 -18.5485534393177 10.9708056648488 -58.1457268365681 22.1988046042164
12.7775969657281 0.133508821072574 12.2979675349417 17.0077323369733 14.0262972956498 29.4895109647901 12.1103458282026 20.0140088928789
-7.17738610204365 -3.07588170966847 -2.0992863489219 -42.0152782519909 -7.99570083583618 15.0474954645845 -8.79460670312891 48.2240228515618
2.35430711764098 2.98210663728907 -1.01496364754155 9.30531050267094 -16.9758653725943 8.90901674672042 -61.427926406093 21.5769467915393
-55.9920733518508 -9.87855352412303 5.33731378610662 10.4907783791967 -15.3199365838932 12.2264654708762 -10.1303580710247 31.6370293523814
-8.40487142688911 -4.25570581223361 -10.155346643896 -18.2264067833616 -16.9576271584929 -19.7469791835983 -9.06427396208209 -14.7944733215738
0.696304845465902 -60.8833756639742 -1.7571202279289 10.432064484324 -17.4134792492673 8.26657708338673 -8.56288101392857 24.5641082034655
6.13243436989099 3.1905564038617 -0.834443143930021 9.17021940340462 -13.8582939607657 8.81174517729756 -59.5244390025515 24.2171776803395
4.23320048619618 -61.4792415173745 6.10120018366809 7.53785446053693 -14.9590654820006 8.57312412208086 -17.9596941694526 26.2767700394743
5.46505679414954 6.27517233033914 3.87684374925951 8.06317994565647 -63.9574013378429 11.0670976084676 9.00043136728528 26.2764674997436
-55.3578941029462 -11.4708726233574 1.05011458846389 5.42527450214067 -12.7747131301052 7.18383718269274 -15.1132829129424 33.445745995125
5.54370588943483 2.29924578736984 3.41713186759378 8.45690154320411 -58.048714320694 8.85062737170888 0.61247191441285 27.5394146626653
-56.1773499695929 -11.7092144423551 -1.05886025349263 10.469935465691 -4.70268986136139 15.6506243983217 -1.7452371248745 32.6873831754146
7.51021565553783 -64.2934209789906 2.1730818847072 2.46272546241958 -16.8000861847438 13.3077395442188 -14.0334346982006 23.2742639749236
-5.4719255510841 -11.1338143095478 -51.4758396735536 11.277551839961 -11.94831354807 7.41627226017896 -13.0376919942564 31.5294501100047
-6.29671035855957 -5.75220583817332 -4.83657131538491 -14.6177433152453 -14.1735094867648 -16.3167035144863 -12.4253206139634 -12.7370315066986
3.44990944973198 -59.8902288479639 0.700575218769792 3.36160411866079 -15.5940339410091 10.2230205859615 -17.2628808648588 20.7131220326531
3.32129291730109 -53.9790334310332 5.85222226384263 4.75319754210202 -14.2500925034541 4.65242895849573 -11.0630255814382 23.4381176487935
-56.5909769819121 -14.1167823929327 8.10992230774751 11.6491922895559 -13.2607397670476 15.2560346117457 -8.79008706339776 29.5931616563803
-7.55035286866742 -6.46909710094515 -5.27400361179633 -18.7442603155224 -18.1375907653512 -20.1613847312356 -9.75140728768878 -15.4528243724727
-1.69616459249691 -57.5657068446452 0.515766503115958 3.97019043574533 -16.0072951259824 8.03879979478435 -8.83115775753265 21.8620031370435
-1.60756956431218 -10.3575347951799 -5.0869807239003 -42.903540173988 -10.7328178713744 14.6354960359055 -2.08608476234574 50.6121736160607
-0.854506663317923 3.80057950510967 -0.979424581965822 12.0396796118271 -18.3087319801534 8.52824117238822 -60.6416632927629 25.863860311141
4.75023288578574 -59.164104684661 -2.51989467297195 7.42046117744949 -14.3059129528344 7.65645432656157 -15.2505213363531 23.8615212615173
-4.53769012094749 -7.07935051517715 -48.34809540033 5.79438586948233 -16.3095144687967 11.691309411926 -9.140075431548 27.0767522009704
6.53615189736536 -0.00548209745658568 5.76138529568714 8.2334595681229 -14.0690658954979 7.53874644103374 -55.8306514280888 26.230990946602
-9.29024415208346 -6.5476362033872 -6.61626525470366 -17.4896590329151 -15.5178117937863 -16.9450601052647 -6.9138883032203 -15.2901555296146
-56.1860582528432 -13.0487448443042 2.42830018003819 16.7271642275031 -17.0506872916834 10.182857626564 -5.46976931852413 24.8346166025663
-9.01870890791539 -8.1724291420272 -6.60402775399545 -19.6132139704126 -18.3373587134071 -21.6842981097023 -9.05425118567735 -17.3518662235341
-55.6631357343792 -10.2593885088658 5.59285621344233 13.2155564654309 -15.565704619961 9.47145807831037 -8.9027319828333 31.3256709165105
5.9748281124141 -53.0115828266756 1.86499191274534 10.2018049607185 -15.8593876019981 8.78089921006479 -15.0120147326813 23.05133530474
7.03674137933945 6.31658548980192 5.97593669065415 15.159114457729 17.4240292824312 17.3601619621907 11.8134128560381 9.09290804571514
-8.22514926782752 -5.91048961225867 -55.7814201993419 10.4343068363019 -12.8586288114407 7.83034577594654 -11.6603045747275 30.0253578848152
-8.40408742008603 -3.3313007173957 -9.07522220251485 -16.7870450499225 -16.2498462446525 -18.1759129263084 -8.9612864276832 -16.0227166195356
14.9754457505456 4.69116001819041 9.17479116196616 15.6350418522711 17.1571805954466 13.7623365071011 6.57062253181418 14.5603135295873
2.7975091632018 -56.0925158298105 3.78905843278133 2.59211925277974 -15.5815897131379 6.96885542287517 -10.4356651672604 20.1035013523242
-7.20887141742826 -7.05355670319095 -9.13844537736946 -16.4792470641591 -17.0241774181814 -16.7439882723988 -10.2907720183251 -19.393495196655
-10.6309273331452 -5.13014761678559 -6.52641781359236 -16.9316093817166 -18.3330896511604 -19.5997852645606 -9.38442505693595 -14.2755647465862
1.72648231970317 3.41431177326026 2.03098041843228 7.13366575365994 -14.5749991837549 12.5232295453077 -57.3345492897797 23.2155036905223
-12.0229709134048 -6.36903904488054 -8.07820024986132 -16.1416661624782 -16.5613516978168 -21.1102345661557 -7.1356883248176 -17.29653746765
-3.58065633176071 -9.59457846829979 -61.1781274258497 9.30937829550938 -11.9968265456883 12.9823942147677 -10.7454234263881 25.6950942201086
-7.99206476201223 -7.46898457332462 -4.85179385030815 -15.8144800475372 -20.3933002998902 -19.2570107094612 -11.2752494429692 -17.8629069016898
-5.61228993623824 -6.58316627555882 -55.0650909155705 10.322738603013 -16.0135575279957 8.81634035065211 -15.6587409781335 30.3967307197493
6.39750067034625 3.21268176099055 4.95231609825656 9.5131874953109 -55.2125008249055 11.8084010603206 5.66636933145215 30.6400971484963
14.0333884739019 7.13666635522928 9.90125722431542 15.6655014538067 13.6590462555511 11.4457233644333 13.8205433646632 15.4196156825212
-1.10894166597179 -9.05994855426251 -4.98049219457081 -47.8671607403195 -12.2973713067997 8.31142950673745 -8.9530250870214 45.7139814741462
-4.58308121453896 -4.07519845676877 -59.741219039511 9.12475366328955 -17.3096861055191 9.12138868025666 -12.4106408234244 30.5855099437861
-56.3813394009707 -12.9488727800161 3.81974010547826 9.81536183377205 -16.3529078620256 10.0074439991521 -8.84686725226334 26.1475990322348
-4.91391328000449 -2.89577405857307 -2.77067888768394 -44.2444025649908 -12.2763034434128 10.6593189035026 -9.52003357935568 44.0634344520775
3.16312663121401 2.72794066343704 7.33674600103267 10.0648425472911 -15.6626260417611 6.96011117259846 -58.680607796906 24.1131805936912
-0.123125270210174 -58.732708276691 -2.67121074548844 6.66068485240415 -19.0850052496067 6.138474234812 -9.67582512320104 14.8043232825566
2.94779117384111 -57.5291504613995 4.44750108908037 5.91399150855035 -14.9336064613858 8.20018984183572 -14.3678826742267 18.8951408776753
7.19862355576225 3.34388794488214 6.20938599953614 19.518585345836 17.415641733621 20.7151933659742 9.96132237151459 12.2532014745948
2.22957977186135 -59.5046750504208 3.33001889180851 4.84658291649285 -18.1282171443695 6.46835763810984 -8.53931499600837 25.5386601741278
5.13011011410058 2.83442251403268 -0.774006955587163 4.99808432546538 -17.0204629248776 10.2299904952978 -63.9944315787875 23.2049010444686
-4.17159966906813 -5.06874502658521 -54.654984740473 10.1216108067227 -11.0172578445392 8.45124581171139 -9.62163624001431 30.1175226185378
-2.32556303184073 -10.816836249683 -0.694499021678332 -47.4576435669782 -6.54648032302254 13.6158615042061 -8.90941296331543 41.1120074701449
8.20365697530367 1.73386293330853 2.4043944432722 7.42411897249226 -15.9151393370647 10.4273871918063 -62.4133680390082 23.2301122907565
4.45795879534234 10.0166971535523 5.96888847043521 20.3030310947156 22.1457415545568 23.7736802218426 9.34134423579595 8.55570476269291
2.54811780837883 -56.0406784329452 4.84231080976116 6.15784606195728 -19.279042940231 3.79932003744654 -11.156060362368 20.5898690235856
1.40061358345569 -55.3997057367015 4.32011204040057 5.70572621363371 -14.6034261197561 5.32934539422354 -13.6718987783352 22.3853663330322
-11.953723876643 -3.13993226442924 -5.35328069737447 -17.3571935245725 -14.8116056826694 -19.0382028848316 -13.6141072155326 -12.2009594448535
2.80531438489791 -56.7338755613579 3.58802959747203 10.4556665340736 -16.2680670560857 5.72051585707552 -16.8304908879858 24.4718693286551
20.9672292822503 7.64405269064912 8.04558495324807 20.011951529623 13.9155679349138 25.9132349760513 6.55068615351132 18.6580416739204
-9.76653961665006 -7.94169354215251 -4.36609347205693 -18.8554999019529 -17.3254025629896 -14.9908967479747 -11.7311996762782 -14.5612021375363
-10.051574599268 -6.41726365123261 -7.81061682908087 -15.9756083865797 -15.4016709660597 -19.4133525186596 -4.45385873344815 -15.0126551813886
0.822017823319612 -57.3670167491513 4.10303259868986 9.83611212343699 -17.394638721219 5.51010880554891 -11.2956595616012 20.8595805110321
8.59335905389402 2.19160388786085 1.41519879516114 9.38677873109738 -17.0256470971718 7.11379358761847 -59.6535823860247 22.2542024093979
-51.7814658627262 -1.98070327399728 5.9084448024736 3.55569589920411 -11.9017341718903 10.6861929581822 -9.44358091560895 35.4543955821199
-52.5709619844615 -10.6560123667752 3.8558597452231 10.9535658071475 -16.8594831178985 2.32615546009917 -7.85184352331933 29.7414878875092
-55.1802153608073 -8.54319072074939 1.97536746769846 10.8998058183332 -13.8873859581641 9.5523718232525 -7.90240417733979 35.6850690771438
7.94625436307775 -55.6056647493726 4.88053551996645 10.5449875006074 -15.5225102684281 10.4122775916566 -12.2078032439125 22.1188825516184
5.97776613870857 3.71560823823904 2.2552710318441 8.16163242661821 -60.012542060429 10.3625560824129 3.94399368742198 33.6373256769429
5.53387428748784 -63.696828742049 4.2976063571645 12.1368538220086 -16.9770728577413 10.1469645607322 -12.0793893897866 21.5302604538549
-11.3617833322201 -6.17755775031953 -14.3100060978222 -13.8092069692124 -19.1484256524935 -17.8475976888711 -8.58739787433115 -19.754758423128
7.88799713701393 1.89353612900555 -0.823385702087462 5.46938716602453 -17.7724813382512 9.7668541675766 -59.1888111302286 22.5439942682128
0.00528501396981218 -7.33884744997004 -5.73426990266216 -46.5145266002965 -9.48418579082071 16.3484228815585 -7.80333566043997 44.0420851376953
-56.7637570356661 -4.4818680536862 9.14096037598384 12.745135922049 -15.3206431482033 1.52765558096602 -11.841280955685 31.2241754207359
4.96036732813553 5.95158413628729 5.01890995145894 10.2839463116021 -58.1686688433833 8.31723757438212 5.57699939244964 28.2656805059998
-2.32368489863091 -8.40019368702104 0.389816673623827 -40.5412751441989 -11.7724858110142 16.2017619565333 -11.8857930448463 41.7083770951865
-15.7583192747345 -9.89368341103062 -5.02650122893998 -15.1694493562559 -17.9455470504476 -19.44998903623 -7.8084840303073 -17.8121727550979
7.43687393813327 -1.10211628115534 7.79364774950938 10.0065109052687 -63.986337115388 6.57359669768243 4.775615961763 26.0771783918055
5.92121371565038 1.89852972273488 -2.01321135157041 6.35166698495688 -15.8564462458085 6.96618596221249 -57.3550338447307 24.7177026089866
-3.740940941556 -6.76508905975298 -53.408327379481 5.23917496620219 -14.5837620480715 9.99995320013077 -12.996428560308 25.6326920764224
8.23192062013775 -59.2141746437942 4.27296270127345 9.57620855743716 -13.3318891261141 7.01059875533154 -17.7779791347116 21.785322877537
8.59184335849939 3.18639228420308 6.04495214204814 19.8123520765639 21.0418268453663 18.6417257673771 8.17519378791166 20.1261956292292
-9.23581960793608 -4.22795546206918 -4.66620049258509 -18.9309097544924 -15.2392793673733 -18.3209087661343 -7.7411988282575 -18.8273726812232
-1.37888240378878 -5.88508690309135 -5.2726704857767 -45.4981790484478 -6.22791831096116 16.2670918036481 -6.73724540272148 48.7589171983002
-55.0040657038849 -15.985957924326 1.79721074528179 8.04386418392766 -12.5285091730037 9.32226600544901 -12.4042779998633 30.0675254729661
-4.42441091635176 -10.5191975295944 -58.6509482533316 8.76944087881942 -14.507642662668 7.99502993939975 -13.4769158698079 28.7202156862834
-10.409243876334 -8.98438222282835 -58.4299927137334 9.76444324054985 -12.4211172370154 9.6033095136557 -15.8311915406596 31.0767704836103
4.28056226539642 2.76575007560734 -0.472205119264684 7.67621203666419 -60.7305318266667 11.3190586582094 0.954051135191173 30.1156808686303
-53.2080285180639 -10.1859933190427 5.86559043957759 3.45903354503892 -7.9881816919187 8.02297006112693 -13.1388712367662 31.8163903709055
7.06031550415782 3.83163601234483 4.09691626623997 6.79536142611677 -13.8362237179607 1.78352760098656 -59.6262848445422 24.5508278692439
8.83268748179868 6.92293978417901 4.5563020755729 15.4471964953195 13.3108580627287 23.768220158837 10.4108804839919 21.8914072259704
8.04534935271689 8.49473843122416 8.85725042496111 15.2238109007042 13.9201999364363 14.4891003949808 9.64114538027757 19.4511050645299
18.3554734567439 8.04075060340256 8.0186962948767 18.3057691095715 10.9604921816172 16.9581152613882 8.21685935680336 19.9352608092734
-0.304490258383059 -9.58381687046627 -0.962266619735583 -43.8953839213462 -15.4689935029837 14.2353252394674 -8.18208917907511 44.2580027428209
9.35333283900563 2.19049159748496 6.55035115762265 15.0061310754955 17.8552370292548 21.15922259969 6.41051528132945 9.26053144131653
-2.64502524777504 -9.73897142642704 -1.20185523228668 -37.9086949891135 -7.55351449825098 12.2927692014398 -9.79936129749637 44.6585136523196
6.169163505426 1.6810573092527 4.22073100157905 7.64617633265926 -13.3973079647853 6.7632109165846 -62.3893729483198 23.2504487692878
6.41712199294434 3.51133303812128 3.03218104144803 4.42156481205616 -17.617888187549 6.42093471246171 -57.9498369459352 24.6234998398448
4.9842021332824 2.88237458357952 4.12602964687821 10.2481716859748 -62.022693546971 7.6436251281955 6.61599326776916 29.178224630119
-58.5062063184753 -8.28982142749567 9.8590943344423 11.8393613667805 -14.1385500941006 12.6328361853384 -10.8352646648997 28.5731559466103
-4.90877143286461 -11.5855338222574 -57.2726553281316 7.3975941211465 -14.1963185267741 9.87642206929208 -11.0523860440862 27.6655740661331
3.4806683066939 3.56605090320644 2.06296057769185 7.4538621577268 -16.7975775582007 10.9229670914989 -62.2202952321839 24.028687184039
-6.37822946895478 -7.77504941329965 -57.4304081798787 9.83196051956318 -15.2065774876593 10.8549759045336 -6.71849879086276 24.533978685452
4.50318793472863 2.59225265554457 2.27536865355389 10.6912514027121 -17.6454425854357 3.59932779482848 -62.1406929818774 24.9807703278175
-6.74399218406634 -11.8730057659341 -58.658271909643 7.43594677278188 -11.3402720016263 8.88453405856318 -6.456014298786 29.053128200423
5.57259793405056 0.333381504719584 7.99708303631029 8.65366827135373 -10.8643364291952 12.5960299812768 -58.0582933883655 22.0562898770397
4.29850712166704 2.91265609107486 1.19966386327532 6.15952256206964 -15.5047081885215 8.95263021995282 -53.604605396215 24.6050523918296
3.48363770124566 -57.862328630035 3.22997068394555 7.54565460105083 -13.2357509262521 4.99242739800496 -14.9450867106296 24.778797293942
11.1595594794066 6.11966053237238 5.50118679887876 18.8577932087674 13.4950061125014 22.0796725591203 11.3388124098483 23.0423848904744
3.33746279920853 2.77345744621165 7.66756651772938 11.0337230378296 -13.7068200101443 9.84014470151632 -61.3606406526265 22.3663292799808
3.62993063994742 -57.5335758105051 4.46574323735703 11.2440451177791 -14.4959194989616 6.95175905400343 -12.396163098402 22.7115240320083
5.8901638630876 3.21042162483638 6.55663052075516 6.60880626931275 -53.5881023670425 9.43521971394974 6.75869539821999 28.2056045795143
10.5593748431275 1.48342207702751 3.45691959344642 5.32015968284311 -16.5140253468947 8.89737988947632 -55.8903347132815 25.7838528301688
-9.53957138556586 -7.02297622515734 -3.77747130691023 -16.286157904834 -18.1840409667475 -19.0697395318743 -10.1308452389755 -13.0312453104648
9.23757032319132 4.36678636873124 5.00509615684999 7.64042809242385 -17.0319827062161 7.50247276515696 -57.631902466348 25.5616464290257
-1.80604862055541 -57.8420038839186 3.15426981784814 4.0402153997145 -16.8935896818422 5.32167308631183 -11.264612500932 23.0949628982568
5.79871744527194 0.824060140698365 -0.828736942282643 8.92862095595471 -16.8794722334955 7.14187108530742 -59.8364423582686 23.4556226167554
1.90469103561928 -59.6082573347303 2.79601609547332 5.69323162582186 -17.2768363594328 3.97014649946319 -11.3436767616059 21.3538120887931
3.82778301796075 -3.6792580906825 7.86606282241874 12.4192212785637 -61.7137977278009 8.15215349744896 0.976364033131302 23.0353263084022
-2.6507969238192 -7.3298222182775 -3.10079437084447 -43.8244219870023 -5.96486411764524 17.4938282087951 -1.73648889310117 49.4438670655327
12.0113112536735 3.95990301591545 6.83434748985139 16.1379709633327 16.7468863720343 12.416496437101 6.37571544517455 15.3797872535163
-0.977012550001203 -9.86331818017018 -6.71371187673988 -43.3144244626849 -7.74872749250804 14.3631202206122 -9.77868299314629 48.9026989232804
7.06279652141475 3.4553842899236 2.75671208018663 7.95203082189535 -61.0328994179961 12.4214348936449 5.35571349845981 27.9938541488112
-7.06334475934058 -6.91641074166227 -46.6457963568757 12.6170175830884 -14.8743917885146 9.79587675113363 -7.63594424996626 25.767993837555
-10.1237331831872 -6.56975946505524 -10.2239536913271 -16.4385997939616 -12.313543369861 -21.1248922059094 -7.52181043232599 -18.6268361560827
-11.9735156339462 -7.71443063552572 -5.31957764863343 -18.6311013803604 -17.9286812767973 -19.3939888679612 -6.47203061202539 -19.5404765528501
-9.19683840640028 -7.56146490525524 -7.5016105978166 -16.4217419609945 -14.7851948317621 -18.2843101436602 -7.69147171859448 -16.3153117229901
-4.99825842075575 -7.51628264533883 -2.86902473854283 -49.1004082927641 -2.03950369479008 12.9857805444503 -11.5998872110188 47.8886644192484
-4.4670700891033 -7.61674213699799 -52.8174888906841 10.2476275197683 -12.627898506197 9.69620373825705 -9.42482831499512 29.823669915161
6.43025914848986 1.52845278907336 3.91593076239898 6.9052363317638 -57.7973145097751 7.21050772878804 7.07848962488839 28.517181751234
-11.0061693113654 -5.87130736907532 -7.21738371477399 -18.411617858363 -11.0278261088235 -19.7441677498461 0.0019159856665123 -17.3173912244335
4.45987699607655 2.63034864860673 1.59841401938833 5.6094402957466 -13.8423724813715 6.56081494957317 -57.4777593828576 25.3038105443056
-11.5338873478767 -3.00283169822362 -6.35227597367858 -16.9116592030526 -10.4534330341602 -16.6213774578295 -8.62466643814785 -17.7024343039828
7.0688895234493 -60.5609383082918 5.43905245830515 5.12184827866502 -16.8098902125549 3.5116742919975 -10.6312268035176 24.5288762037418
4.89139731593339 -0.163441188993314 -0.54125349275136 10.8110446396456 -58.6244755859279 8.45532325606005 3.29928909425122 29.1019761295896
-4.54726938166669 -6.42336680113588 -10.4791751866953 -16.7530950305745 -18.8975209828351 -20.8569801551508 -10.4063645887847 -20.8094949854303
16.3852005347821 13.041928028177 7.88230526410976 16.5439449313112 15.5636643062072 21.9057751285002 8.3440954530206 12.1449474651526
4.88603249658129 -0.661584852237869 1.66844210473218 8.6823154966442 -62.2038972371594 9.05542973541148 -0.613683719442707 31.7089460831729
-6.74347133766223 -9.11596388901479 -57.7704773481538 9.82355001447307 -13.415738195719 9.22313687364655 -13.9620691568423 32.3675973977114
5.25528572274172 4.12931728541234 5.14270004279628 11.5649693388038 -55.3675021098135 11.9780326336689 6.00230552568795 24.2639204153882
-10.3798422690223 -6.92347428850891 -7.24268200568511 -15.489578468602 -13.8385262035004 -15.8784846179419 -6.15229597252889 -16.6747256325409
7.1624557854017 8.32395927300043 7.47435251891425 16.8645435919195 13.8980783434628 19.5558423378907 9.01773514594989 13.9659059316042
-6.62212989597351 -4.31423541824777 -2.03037013463196 -47.0346023254567 -10.3068646075824 12.5957162253471 -10.7153073312836 49.8135238981426
-2.04978347553454 -8.80899312779182 0.0905925501297653 -47.6530904364575 -10.5612485246994 12.8745635929445 -9.3111000941915 39.8901882463838
-6.62169760818334 -7.68846737181612 -58.4405801001912 11.7813643698137 -13.9720136655561 9.40934251921182 -16.7312484548269 29.3557087969039
-8.84778014414333 -5.91448423550311 -6.48459765753033 -14.9880009191098 -8.87826810255131 -17.1804898111787 -5.52252832666744 -18.0493462780739
12.0651268556757 4.45490591157873 10.429082558685 18.2473438060298 14.5192282355261 18.9471034488555 9.42993340477774 19.8516577712862
14.073183080113 8.19813086209876 3.69361330466502 17.5268306451524 18.4723762240633 13.5865596684396 11.9092436371878 23.3231970782483
5.46157704658846 3.17538140652503 -0.573374899822748 6.25086208356489 -13.7095985295965 6.23083440325908 -63.9536747790997 22.510146326913
2.46916520491386 -56.2005068248085 -0.00787446258398505 6.16399616979164 -17.7676360762886 6.64096071690525 -7.95948072397812 22.1252705891694
-9.97705216826309 -5.48023857586848 -8.65886259519607 -17.4570155050512 -16.2355378674246 -22.0592764156366 -12.2589853821866 -19.0356065842927
-57.4792200436246 -8.77019363618708 2.59902113898649 3.30306440880235 -10.006702658255 16.0383987918151 -15.9997669495817 28.4412664180252
9.25558885381904 -57.9204951153899 1.33004132241176 9.58019676404134 -11.9881478533187 11.3461195125206 -9.16804522278686 24.040303027941
-55.3148059860183 -10.1435967686384 7.70102830483087 6.53902041407482 -14.6599227167964 6.37533189930131 -8.54601201097721 31.0658939524563
-3.2533898006735 -10.2380872489619 -4.67264257308001 -45.7851881890215 -9.16283081942399 15.0729172740159 -9.04693557060221 46.9869318707582
-1.34687025299284 -8.92565113106977 -2.09786115112022 -52.6477062911731 -8.95573482705629 18.0178288371459 -9.90772870998791 44.5623775293098
-5.72267479597514 -5.86186799218778 -2.44036503368014 -43.547575830063 -7.17533683798819 15.4389337541844 -7.60860218222003 42.7736189130641
9.66722029864569 6.03673350160381 6.90626456017252 19.597845751962 17.2480359843552 15.034025305223 7.26413069512811 16.3420240945322
-5.89336235015377 -6.3832781836334 -3.72841202504593 -49.3078562787612 -8.2731048113484 16.7761012925333 -3.64013630671132 49.7527241289723
6.20482386436207 1.27318705013878 -0.961880929153962 5.69690803570346 -56.9608087582289 13.0362577994247 5.28921370051981 35.6149666059307
-7.2671538516234 -5.21473523907436 -6.89960696136825 -17.9994547501074 -13.9000058913645 -13.2585675902763 -11.5696513923049 -16.0470557271737
-3.03470591331024 -8.86513384443425 -3.45740480968451 -45.5441227739347 -12.3190579060731 17.8254735138278 -5.57222304683603 46.358073619863
10.9913964244341 4.50612625424642 3.26999515914654 19.5590430987697 14.1858672322263 16.3169833369858 6.50209546130929 20.8921915759672
13.9515549436039 6.26185295011381 9.94551160126866 16.995819711973 16.9362255663672 18.2490083649252 5.56009379325154 18.3155996078351
13.1531804375955 7.06751081761217 10.6211000809943 17.0242372668043 16.0439261223084 17.8008147991229 7.21383642575887 13.4234857711722
1.20523452109593 -59.4542930776149 6.2431624633744 5.81265461422707 -17.2168303018711 6.84214408652851 -12.5717574930476 18.1603924519542
9.40946114324742 3.73325721204407 7.89939065007039 14.6519314236137 14.9633004695352 18.1575430428798 7.57828289851722 16.7481365336527
-11.8789720479093 -5.06256168812543 -4.43064477490794 -18.1664840871611 -14.8198818651257 -19.2592140211285 -4.12264512826568 -22.5979278623638
0.491411234711346 1.86335724710752 -2.49456576529206 7.3805523573603 -15.0536322811469 13.6905111039762 -62.404494863001 22.6016880890869
-51.9379158633592 -3.63755212718148 4.74932564856924 5.49356697079144 -10.2975673242995 11.4269609235231 -10.4992033179193 34.3166179960153
3.84860259635387 -60.2201373559007 -0.22342082086021 6.8800830559514 -13.066498176805 5.19842720991204 -5.68844047043199 21.9897587040722
-4.38059463836134 -8.86639691985757 -52.434021210144 14.1711263707786 -15.1232288876011 10.6147207623814 -7.25843368108385 22.2884779835884
-8.41364630088 -8.85703241544176 -2.31026639448914 -40.0435934703345 -10.4293240701358 13.5300664433589 -3.89157674274522 49.5847459873958
-9.64328063950684 -3.6446930832195 -9.50638930995249 -16.8013487497218 -16.2417469449595 -19.5038025952435 -11.6466107413382 -16.3606400263773
5.16072618164486 -61.4843714206255 6.75155642840079 2.43689739048483 -16.4979834774353 6.51028620060716 -12.6987267526027 21.7778411278931
-3.72338890192748 -8.66560130320107 -55.6269296868046 9.97693308656152 -13.8292671073281 8.543064496457 -7.90307824892702 31.870919796334
-57.5255865280753 -5.7418723983749 3.97467649685789 6.7253508875292 -14.702409820925 16.6916614747884 -8.23799349205076 31.6994092816166
-9.0943212666768 -6.76428022354328 -7.02869882147731 -16.1628292292155 -14.8166772678672 -17.0544016102405 -8.43892848912411 -15.5741231210156
-52.7283820902129 -4.09098377782587 1.23851189678089 9.88392296012774 -18.2166419551125 11.0058200953086 -7.12783749889548 32.4110566067294
13.7774130495085 6.53238717443215 5.79076513015683 15.8038236376915 22.0589072361043 18.8379557541375 11.2309734785054 20.7174722592684
-11.3502111508681 -4.81403508382229 -7.42701604761966 -15.92220652361 -22.1809570786865 -17.4327039403137 -11.5420193485177 -13.8298321308592
-9.43914993861357 -4.79657826957626 -5.31123985379942 -18.6985431414511 -12.206777112172 -15.1514159349194 -11.4299319172027 -19.2166480144336
-5.82393228979339 -5.71888476544021 -6.76237593773197 -16.2847645994617 -18.1173134969642 -16.8333710603463 -9.70338740349779 -13.584887413878
-2.58301275474153 -4.33312371787191 -53.7544898155652 8.71064877654109 -13.8253792581978 10.7930142738159 -9.99360483348894 27.7031245438927
-6.62319978606858 -8.96812815237504 -54.209939913776 9.22953088976581 -13.7370898793104 9.75220685232966 -10.1577693450692 29.0319318283951
6.83172250461053 1.22827407682937 6.16932737960631 11.0014949472347 -18.1903940030788 9.14859185385421 -50.2004455424336 27.0121249948936
14.178598989796 3.5744484602347 5.13112092988463 14.5105227990406 16.6540486777358 17.289494409355 14.3051503371796 18.2557902707895
6.77810118482367 0.635432020307187 8.68134232685722 6.7602518645018 -14.6765356432809 7.39722672623625 -60.6277512441341 24.3503662878261
3.73876522898195 4.39483816665704 1.72661579485045 7.72018165829124 -56.756761358397 6.85421132171691 2.85631709353956 20.0776932576226
0.13765025084367 -9.87817217311701 -2.68852153129215 -49.4040198305858 -11.4315527105903 19.6743591101014 -10.5994011168347 44.7349243127838
-2.08832608458923 -5.66337798985597 -2.98314745129159 -46.5289084522854 -11.7081258571863 15.010128853993 -9.78539971405873 44.9549392071205
-2.94785586881858 -3.00482941084069 -2.6747671817186 -42.9686649439065 -12.7610492810194 12.9362107219657 -7.72080115257239 42.4291316345897
-11.2501218589767 -7.2507000246592 -10.3462398188737 -18.5469173778756 -14.252200781438 -18.0633313830984 -3.91761183749262 -22.5398655958651
-56.1451302746272 -5.70803889580824 4.79254676900328 7.20549886855314 -11.8873642374591 7.34973989547475 -10.209517319971 30.1266626993153
-1.65261628573687 -7.11718806429267 -4.14560377652893 -49.1881504376019 -6.63072747168095 15.3522261979138 -5.49526611459007 48.1318751288199
-11.6143246247471 -6.97407202940278 -11.470114087208 -17.4609899171052 -19.9482483643753 -22.362217275689 -7.66982788095091 -20.1507050210305
19.380215785349 3.32255495541969 10.9259250890888 18.9527744348759 14.4626028757565 19.3533898103612 10.0198601632675 18.7580207039655
5.99996224916293 1.6264826991538 5.51134013737379 4.59565537444593 -18.7604333815254 8.91744228969636 -59.5415043999089 22.7354141432738
12.3077666025287 2.15520757269366 7.66311878159417 17.5312985597665 18.4639604966937 20.0849674871623 9.2274365419841 21.0479931303273
-14.0818573166087 -5.10939270327594 -7.55803238693382 -17.6657577017408 -15.5207800203639 -19.7252397983219 -8.63265223644148 -24.7806055355772
4.07125068550109 4.64550437444638 4.48177024553285 8.73344440678391 -58.0434247070957 10.0686230021504 6.66468799318902 30.2751054326401
-53.6187689887082 -12.3031749191821 4.64420334477665 11.1703350812013 -13.0356575539502 15.7970236433462 -13.601145467325 30.6015154431909
-8.2575376561853 -9.92490656575227 -52.7056892087547 9.10681731324472 -14.0283688311873 9.22437655381577 -7.91137804564584 27.2148258926262
5.96308295336873 4.46481673337469 1.14437518194198 7.31336176899889 -60.0040580564152 12.8791793086972 2.44059185556794 27.2046315190627
11.863101329676 2.88518391436872 4.93043514048586 23.85290300654 14.4534077670422 18.832727490706 7.63112497982598 20.4008295570215
9.25096480866467 7.63241082524092 12.4127400412916 16.6863676895422 18.6572187015293 24.388951903638 8.97531312226494 13.0849563421824
-8.93941058874922 -6.3417152463553 -10.0249422320409 -18.7782213244029 -16.2135551941566 -18.820412998955 -7.37883053902428 -20.6120095174193
0.566549225127782 -65.6716480436143 4.22265666241621 6.03998808492507 -14.9327844108766 5.00275234032552 -16.6229048054352 22.2816808608167
-10.5958006307406 -7.59350442906481 -10.5705482196791 -17.4345596706281 -12.6428192102061 -16.5372839140232 -9.07915119608318 -12.5369231439169
3.06861067331762 -59.5328312858127 -0.241740725039074 6.06892073328151 -15.5457040293876 5.85668163669756 -16.0283107848142 21.5966483334995
6.95088092086364 0.402100452241886 1.68017755809474 4.66325982239849 -16.9172020668845 8.98830135619364 -57.9657496651805 21.8448961681923
4.27223138524005 3.74928896775305 5.40440662456459 3.0912405096895 -16.3987178636646 4.48627060587263 -64.2035635113692 25.6786071006159
-13.8293422525862 -3.20976307226985 -5.2192310893919 -15.7682245401558 -14.007024506629 -17.8983382345033 -3.6134953452823 -17.0861749094359
6.3923324180129 -1.76966747746446 1.57333501832334 11.5370264551493 -54.4501174924619 7.41412447730262 4.74181917725997 34.4967271779073
6.12730324745726 -59.6673198737671 1.44185668471943 3.72555837212775 -18.2543116514873 10.7179020070985 -8.68138067923247 24.6233586851411
-3.34672816995217 -6.466269286662 -3.54080681341782 -43.0862856139134 -11.0349069622052 15.5601683017352 -9.47995159824624 45.1418037623603
-9.10559963294141 -7.70385048677894 -6.89047966161029 -16.9798389117148 -11.0632195043016 -13.9158861104278 -7.90417438788386 -13.7182239294769
-10.2014130353663 -5.86798905159179 -3.55006581988236 -17.849907369195 -7.12263108223788 -20.9349129250164 -13.8504497803039 -19.4952037489353
-4.50641366706994 -9.17608449991639 -61.7215445980998 11.7997758060036 -15.1963068486352 8.83843254274372 -8.26872330037476 26.3656472645616
5.18536329754003 -2.95018459541101 3.0537240653307 17.7666171132774 16.4549718170699 20.427555209488 11.2886361215275 18.2194913278136
2.42620498131319 3.57521135208168 2.77667404779835 5.29713868180107 -16.8803141567542 7.88903257940345 -61.0973277046599 27.4888196372966
-0.671707394503507 -8.27845505211758 -3.06859902281652 -43.5210049310424 -10.1121307763058 14.2001048318354 -7.64462864357224 48.7382223689064
-10.1234934406612 -5.62889449439999 -9.50764001574868 -18.1954780442918 -17.9217655002716 -21.1646425628321 -14.1933234047762 -17.9165357578191
-8.29823125153252 -7.72483183303959 -8.2170090743066 -46.8515456979247 -9.10760347661459 13.5374145503377 -7.76847188558114 44.1817187870819
9.65914059281597 11.104970847716 8.25989922716823 15.9025549345127 16.4996703067978 18.1922080840682 9.68677319303664 5.98317564994374
-56.7923774794902 -10.1472659284876 4.41163455277361 14.8544724660554 -16.579009795476 14.6714631663432 -12.1976683692074 29.5917668999031
-6.35999490720529 -5.76219999867101 -1.88156910427085 -15.186214923984 -18.5999961802576 -21.9152154611366 -10.89076374584 -26.023963858876
-6.85449091431169 -7.23489297718992 -62.6007193837669 9.82913594446078 -14.6733739856169 6.93560763590147 -17.1897101119632 29.9139189034223
4.75989380920887 -62.0768370597487 6.44467692319439 6.89702373133924 -12.4160525213313 8.5926295095929 -13.8246013890399 23.0892122125651
5.52517192111414 -60.3717981361291 0.306649364854791 7.29443073555411 -13.6153893542469 9.18650360881269 -11.5228029296029 22.6223340983263
2.66776006306198 4.06152336107729 0.885461588334405 9.38213550071723 -13.4992208641073 6.30776303563391 -59.0876426006346 25.3052320836827
0.381109408219223 5.44047349694637 4.98816344346552 7.12126581048488 -15.1241587593063 4.68087414020541 -64.8038727308518 24.5596642595136
4.80736046678804 -59.5240836899811 6.78962796453368 11.1343186464895 -16.4054733264292 9.53589467143244 -13.1406060723058 24.3739601571209
3.76497257508601 4.99903203681846 1.73433960780872 10.1152003733322 -55.2857357245671 10.288218674301 3.30569524809408 32.4477478587293
-7.96698332614206 -6.25354980488337 -3.67400150047259 -16.8325039526014 -20.3688918560794 -17.9028258810053 -13.5213558741354 -16.0112377896096
8.8896442584351 -61.25917163899 1.19336582817275 4.08358946839291 -14.7598759118589 8.55587128876112 -8.74253256767371 21.868082718501
6.50633821627683 4.12939907612902 0.315987130147417 6.2880016858293 -14.2014524847477 9.08843896727392 -61.5302147857974 23.6732085245173
-7.07909008741329 -6.81736079389692 -54.5803906121438 10.0408467877232 -12.2917387354153 9.1118486162698 -8.96539953501466 27.719258104246
-52.808775645731 -10.9658794968217 3.44048326344066 5.71844238573192 -12.7211767648899 11.2214107099833 -10.0023171856452 31.9797830883996
8.95948868357504 0.401758895398524 11.8408817002835 16.5102744287715 13.624949562377 13.326065367597 7.5494870164648 8.19850253024649
8.4701741543707 1.53646363723533 -2.93375163864554 9.81314217092588 -17.007415658322 6.75106558494847 -60.4798007561701 25.4734445565564
7.6694645047075 3.91793318656176 9.43425999187265 16.5487740681594 14.6787527057206 18.6366461137627 10.4022874685293 22.7164999989857
5.44748098017658 2.32877237534093 1.28059779663747 7.34801459567053 -61.7862240203166 9.12617380634636 -0.696250849574702 32.5770596497339
-5.572137315661 -9.63441329702205 -3.91552905716219 -44.4013638507858 -8.5557522643115 17.2027497983143 -2.36442211480434 47.1059808118641
5.14804800342684 3.09961130185361 9.6298158060186 15.0883668290346 16.6516069818931 23.4437636176068 8.67762168596557 15.3748749139299
15.5711616203167 6.87683045990497 11.04500023151 16.3670332846024 17.6825701901524 17.1140566516403 9.19243008330675 12.1411509780231
4.29323162280591 2.57064310632147 3.27274033460754 8.71744551181748 -14.6829649937054 8.80838683727914 -58.2147761480393 23.2890502459228
8.3664965285564 0.876945844043271 2.18430752254814 6.92123911608143 -16.8359591983578 7.02383070764063 -59.100965558423 23.6136124945746
-7.78067494617782 -5.76334094510362 -6.22461315363536 -17.5813523495125 -16.3515298563448 -19.7440930844535 -5.66114004442341 -18.7153378478241
5.05642196257314 4.00684675542414 4.22633682801487 9.97212264744693 -62.5905785082535 10.9996073898959 5.03088593944706 30.0945875874729
0.204091039700595 -9.91164319991932 -0.941780741046665 -44.7375436689628 -8.14803584613076 14.7043733238605 -13.1776158061164 46.8712187543476
8.53472556928488 3.16700014747663 7.05991910224013 15.9292267824475 16.7378549284754 14.7381171619401 9.66904483384957 15.4082307938402
-4.6502155562342 -12.4257786682885 -59.2343603896187 4.1457565494117 -14.3573199674915 8.73594272916973 -16.7360986124037 23.9964591878
4.18544501765081 -59.7902676322608 8.22221068260296 8.06136776709629 -13.9425621268257 7.29614555860717 -12.1862976083206 22.8312825999507
2.91560523314896 3.46378428628694 1.84987705828553 6.1923743800199 -17.2224133491485 9.23581208041128 -59.8369360936916 24.265017220013
-15.5931818872097 -7.30616003230461 -8.2623128048853 -18.6277231927721 -15.7953421839424 -18.960059442629 -6.10911517138045 -15.990254720703
4.47408360874296 7.245607622911 2.83378199016101 9.80313136470825 -65.6905986953955 12.9302873800425 3.47302784259701 29.1615081868051
-9.74235114674227 -7.42821960025586 -10.1000695767169 -16.5398306635795 -19.4932669151471 -17.4015394966726 -11.8916815006331 -17.3215682975272
5.30449330269001 4.24076725924151 4.69189557472543 9.47022599290823 -51.042938664549 6.72459202383322 6.82177179179834 25.8140783699563
5.75760271111613 4.58638226004184 0.685313452395186 5.58265638808964 -13.9874359638159 9.42303444925148 -55.527149366443 24.9934616046073
6.15048049258488 1.23595082082764 4.95693443413697 6.82866488936896 -62.153609707439 8.04198916925662 5.53967603953636 26.1527797433927
-59.6600508193652 -6.96826700798187 3.72330858432825 4.83433997585222 -18.8347207628885 4.07500079177634 -13.4603044331656 28.5061514527983
-0.460580520439757 -10.5625820972468 -54.967345660632 7.47635063742967 -13.1086787315727 11.1375156556886 -16.9071893104844 27.1536557744185
-2.644694039217 -8.15402387581195 -54.4715720372463 8.49199980290785 -16.5484283679981 9.98135357532408 -12.8168924757486 32.4859959235376
2.79666052907576 5.60886876668252 5.38378962893765 6.44707638445803 -13.8059917681012 11.5285080646028 -59.6289387616522 23.2624223280231
-12.8709187847619 -6.21609286905283 -5.41963942318263 -17.4542206177491 -10.9235173398221 -16.4535231124785 -11.7802111821091 -14.3447282554193
-3.70247224919579 -11.9789117292791 -5.53848091531415 -41.0174648371266 -7.40863475860671 14.5809216208858 -8.5503853341502 44.669137982396
-1.20524092456482 -7.2224454863858 -48.6552019280781 11.371053966543 -12.8014287047612 10.5898056424121 -12.2451232348218 25.9077777419132
-4.1040631390487 -9.3929322578749 -56.1264442847128 6.27194163191426 -15.1007036817503 9.29876219309349 -14.3499368254004 27.7290916686693
-1.54947964783893 -10.3097025332792 -57.9362284680507 5.16746748562723 -14.2225584985699 10.3903747741512 -5.06023856270212 28.8185772127169
6.86915538461977 2.89920688171088 5.51890945441699 5.86982668089172 -13.7651731070896 2.08024649036066 -57.9263101181024 27.822799283486
4.49708430032532 -57.6225313323602 2.91146657337246 9.25667597131878 -17.8753191625086 5.29510362442521 -11.7622566487001 22.708614801164
16.2078075689914 7.47967887390695 5.60511684679428 14.6934594718305 15.3767827025906 19.8237803953648 8.17448819792495 18.5969435569336
-3.65717003992454 -11.8119062064306 -59.0391219182433 5.06607380806226 -13.9997496950114 8.89517268183855 -11.0140775299419 28.1325096964914
7.29089254139163 4.18000721043419 6.68979911354822 22.5972294557213 21.2378573025783 19.2498206357741 12.2481533667648 27.1563394184441
-6.93981775696644 -6.734755308145 -55.0350802346104 11.5189095505452 -15.0890737457732 9.39633119219063 -13.9371126625689 28.6850194578881
5.20405588773329 -63.4793359316441 3.75489825251559 2.6845422227675 -17.4764715997184 6.86313711451178 -18.2725634654467 20.2354672355098
-5.81661919789228 -11.7785282557316 -60.8122827409835 6.78728282276415 -11.6062131409987 10.2460469309855 -11.347715822935 30.7730221253078
0.532408333229643 2.95327803326586 8.56277287697782 7.66895394531559 -16.5700496777428 7.92730386143108 -60.6405513126128 24.1808674175757
-1.53666325571061 -6.75482582954716 -2.06988385604224 -43.5330536764363 -8.37058491586893 15.8103530064886 -7.73305300169205 44.2174639309939
-11.2376915723536 -5.09475523205456 -5.85658341842513 -18.4248624042379 -16.141868745992 -18.7951080977055 -11.4282384260414 -17.912016279292
5.95749852174579 7.21680509931073 4.4389690829365 23.3849426010671 18.2629612612219 17.8058835695531 8.1744943668353 10.9106047532256
-9.39551153441441 -7.30596216100516 -7.35696168258503 -17.5249298807355 -14.2517411523491 -19.6797541992802 -8.12136737953879 -16.0842802539789
1.03202105891667 3.7011632584957 4.88645191982324 7.70624897407614 -18.6510034549303 4.33136766184468 -62.1490798356021 22.7754381164119
16.9198472262823 6.94448489933354 5.85051888874459 17.989638214017 11.7605001484911 24.0679187206533 13.4364161939253 25.5289885322502
5.16896773836124 2.09611667490274 6.13919321140854 5.98496613331745 -13.2357032929349 6.94569197290473 -63.1885765887305 24.3116613020352
-12.164224931141 -5.87315719575739 -6.08191493388665 -19.6819543387588 -20.2569599703877 -19.3427839915554 -10.1759013400121 -18.8855314793666
2.66077969785575 3.84794781429149 -0.130907177732845 7.56475954851262 -15.7477677005962 6.00132383172489 -59.7095877300625 24.03243291805
3.95420779591283 -57.5470926694168 0.0261781406718442 4.60196036006927 -14.2327155390417 6.46568085790798 -16.9982068107139 25.8991130453182
7.86547377451499 -57.4378127000034 3.78860132446713 8.15825230476807 -14.6140594031465 10.2483611162825 -9.44940667088665 24.9123779547014
6.34745231454261 -61.4081521321319 0.112981224855059 8.40635388223967 -13.2836747141069 10.3312803465198 -14.420055109394 26.2870981447705
-6.4054967467893 -6.2050609304255 -61.5893412688929 8.35326008141838 -16.1295248636029 8.26562778555605 -13.3563893715655 31.6718580242285
4.30625589275319 1.41972023726964 5.44620916969916 9.93715215676814 -16.1839771280975 5.57487843284596 -58.7005935691829 26.4979070392038
-57.0399898885682 -4.75213344320742 4.17104426543042 16.1797170768186 -18.3400400317437 9.9701649190669 -14.6991531643615 31.6610892180699
-5.29144037146011 -6.77011531140463 -6.47425582292564 -17.4395705477603 -16.7733259187855 -19.2776844318561 -5.07057918207741 -17.6057885245309
4.08784730192762 3.59705881014675 3.28841309250693 8.40893769542667 -16.053438110074 8.19655894145603 -56.2046748669899 26.3347208548859
