x1 x2 x3 x4 x5 x6 x7 x8
-5.22583480411911 5.33210038844864 21.9592849302321 13.7297895631017 13.4077354137657 13.1903440836714 29.8512125457802 13.4475049064591
7.69054371294495 -23.0363212943687 5.12772366109318 1.72747515935993 4.93848333627133 4.69901659563293 13.5072118624004 1.70244718154649
-1.20330098037839 -3.53360455132067 -0.262444189362658 -18.4438159253528 -1.32572266856747 0.723625461800327 19.7822716915976 -2.17955531510786
-4.34100751358907 10.2151514294143 19.0176946264239 15.8203655021844 10.2703270465307 14.5791035830676 26.4981894265587 15.9239242389956
9.71524509567756 1.30866983846361 8.91711028288963 5.55208506539175 4.37531120474486 -22.9008499929699 20.7157630179956 -0.195488047025381
18.4681820205796 8.09242130661302 -4.10328948360052 10.194351595288 13.1106412112573 13.3064591708591 22.7711686897302 12.3317541281508
21.0924562496122 5.67377474210956 21.0953305316158 13.1396402981291 18.0676464318622 -10.3723155859641 25.7394988237817 8.87120349982541
21.6210287258146 0.499792240224446 -6.33992651504097 14.5642558483672 19.4394107996774 15.1308447488957 28.4377826329479 13.0242998462182
20.7223774512703 8.36989540283339 21.0318777021817 15.3863408979223 12.8028933439597 15.0747113058686 25.9060041856324 -9.16078491279463
13.3596625069711 -0.476882469609599 6.88287757831899 1.5784653340121 7.35596355283559 -24.7582788685141 15.8477909213699 -7.73813505853852
6.12790451580377 8.05697145042786 5.59523536283602 5.80692047570844 5.78665328200097 -0.342962110096316 2.84888715173627 8.40932408031918
25.4188978507299 9.28933719114602 14.9636247966286 13.4438112941883 15.960502955827 -12.3828781140004 24.1150003442452 12.5816467675604
7.83684614194181 8.45256171495366 5.21985806448517 5.52673510318948 5.4499323203569 1.49522098976381 6.42680837695981 7.91857225680486
6.70832976485951 7.0086016791284 7.77946307292509 2.56469037597266 3.71737173499892 8.99768633897676 3.38620715414142 7.04387834347173
-19.7306850804477 -4.75636728301172 6.18337002275964 -2.08103416292291 5.34502872255992 -2.50797800775336 19.911053088603 0.184163656069716
17.8527465722208 6.79924974430232 -4.25478436847331 17.2012879646768 20.6481927385172 5.47378072929661 22.2869908671314 13.695158037386
5.76867480252698 -7.64999234217145 4.78066442778796 3.40967593935089 0.114230854626482 -24.8558933625647 8.04230260409059 -0.329784362376737
-20.1080382857905 -6.14430335292088 6.45563052534884 6.52072330080852 10.3494098114369 0.605869706965495 22.4542180853202 3.59861002093594
23.9063064610117 3.59057025594849 17.6350898161832 13.2101813601123 23.6081336596469 15.6971058144726 27.2892818744615 -10.7800526876065
8.43056029937289 -3.243865595109 -0.822043460718133 -21.6471395676498 5.47363594368401 1.16492394296501 22.1099745975138 -1.84044190191319
6.56910808444066 -2.6856234649644 3.82408827434147 12.7418373364427 3.48990372000005 6.20820543258209 14.0757691444605 -23.676414186208
2.92796916177926 -2.02222614048474 4.84927266537939 9.41712558161606 -20.8701209824003 -1.1122955530484 19.7089151316448 -0.292084186216509
23.0276524396994 5.03147055741318 18.7128313094922 14.4141226453015 23.0338939325637 23.1549993888774 21.8794812698598 -8.81162477021311
-19.1645743911215 -9.11065633242114 6.69847658967986 7.87334228248288 0.00712001814153407 -3.78466415495264 17.1405990815464 5.08509986294141
5.43562124331277 -4.41756598254416 7.80279091238036 -20.3680930496863 3.43948905958686 0.339554348043149 19.6742388557719 -0.927844010189589
1.52413364022037 -19.032570092454 9.32845862283028 1.68066888006053 1.18501269265605 5.34455951157746 4.71016374255471 3.36625946509625
6.08926467181488 -6.69511660006643 8.07780304099957 5.19104488117028 5.69216571832678 0.0324442670467047 19.399992932469 -22.885557168041
-7.02568282014879 -7.43200914475282 -6.18872966107562 -5.09181448932842 -5.95569018704548 -4.45248542408707 -2.78861872710664 -5.95413977586478
4.90756871403138 -3.93049306457766 1.44017078676802 0.776033091617029 -22.4856730996266 -4.32315920746108 20.4996107071284 -0.715038423061091
22.8688888902352 24.8047243215109 19.2920727608986 15.7675453766325 19.2343257762549 18.9668543890557 8.5404517499416 23.9826039709417
19.1718693761216 0.156623086449521 18.2767810465495 11.2051487406752 23.7804370995828 13.8889500168837 24.4331740274086 -8.48411491654022
5.9688894718392 0.328538160311958 4.76907812572303 4.96787711297197 6.19191846164427 3.99597099046189 16.869657570629 -23.7895018917654
18.7857276759688 -13.9290437854391 14.9638207872549 12.8659844839576 16.7515817609174 14.3048669155027 16.1824976473746 18.7646573485965
1.67995729829007 -8.8322715802144 0.296906135264851 8.16140333810732 -15.0401176538192 -2.07832640463602 22.2434694780554 2.34630515184628
2.06855526754667 -6.85094912417504 -20.7560250590688 3.20098894085205 7.20534570641852 -0.673163423491942 19.7352336387246 2.12762360361885
18.5610946781912 5.63953077523372 17.1421249715873 12.9254537859057 16.0739408144837 11.9415854321973 19.1030383969562 -7.52611101337778
8.60911343105231 4.5303166042456 10.6237321809532 8.00060138853908 6.16579099903923 7.88097284088854 6.43469616716147 9.05948851144658
22.9131035044275 12.335440887733 18.5946902750579 14.1424444961374 16.0675936808416 -10.7069642082129 24.5472513681187 12.9448750438998
2.83889451925482 -6.63657815048893 3.67444473233329 7.06028877809231 -25.5668287506374 3.40251084398061 19.570880926076 1.70168365129739
9.0142590265916 -6.50060813978326 5.92802568717337 0.886723380409767 5.88154607480017 -26.1400789681055 13.5452781207246 -5.22673875670027
0.415132542631351 -2.57216307535836 4.79815652831434 -17.1451938119348 5.10764054844066 0.181906892251283 17.9320057370764 -3.80253493276269
3.75499497348112 -3.72760422213323 -0.0418441646154442 3.84934931800577 3.22474204853873 3.84907425577733 12.3713145269064 -21.7433706155813
8.4871981879353 -12.0514931515192 4.29407598296034 3.67226874813848 0.893104957970087 -18.9664069492894 16.5292945551596 -9.15537848688914
20.757730883917 9.54645360421273 15.6901767763337 18.0687672141012 -4.33305681238803 13.4576785539448 27.116419514028 14.7312808299417
9.74131657455477 -5.15661957611603 3.34512198281991 6.85853475736273 1.62987297415254 -20.3337556733411 12.1635617954678 -3.55514367892767
5.67789206173422 -5.42216911221644 1.91161777314269 -20.3982080872772 3.58214045602125 0.999259597920605 18.9556183509261 0.115517569945463
-7.81928665739415 -2.92619072735137 -6.6363566502288 -10.5082319414777 -7.27131914288994 -6.8231536560139 -7.28077140458497 -4.62529481865808
-17.7718231600095 -3.27508508433555 5.75902776719041 9.2406256214602 4.69419162120598 -0.423150860183814 23.1367977253284 2.36672419209279
4.58337988872602 -9.58149413064626 6.00447203826444 -1.53541508587889 2.62130798317805 1.7215335709792 12.8106202175562 -22.2025330228633
4.62884449021795 3.94875697737427 6.30464456707102 4.51453916577726 4.86036176663591 7.91522040939884 1.41092005586277 11.7868433085835
3.10028987380625 -25.607012163633 8.32096694325951 -0.134165316540856 2.79807212375625 4.83465189796692 11.6899725076669 3.38734069203913
4.73318273751772 4.56977219374721 7.5022554095586 5.67927053686824 10.8359383295068 6.15839768398818 4.98402141050369 7.71807928054196
2.55462585485231 -10.9061774699615 1.83377402176067 6.00687413611368 -16.2922881570905 0.946831980519128 18.5755000522498 -1.471483851276
6.2252632067109 -10.9579715983867 -15.7507569332307 3.81213380523758 6.39348175750185 3.7627152246492 19.2510597999554 -2.578862178553
3.29086995136003 -8.23044938863017 11.7291084571247 -16.3426797031559 2.37925268025765 0.941827052341574 18.2402299338137 -2.63752008267186
4.91694531940428 -10.7323313822168 2.39129910197823 -19.466117899001 5.45774296684719 0.0427854029255642 18.5197002780726 -3.46843241830042
6.58097021535547 -10.4359704189176 5.50453552356678 3.32082741406758 3.71122598924754 7.33536975477072 12.3780374368165 -23.283622266509
8.2251071697845 3.77983427131621 7.27084764853433 4.73361947931602 5.14893922417181 7.99579067779273 7.62225780557414 5.01452531486211
3.07878264107717 -6.49674886262285 3.43102069137417 2.95093715971013 9.00876576247773 5.96048357659197 20.4195348136139 -23.431617551177
6.00464186400581 5.69316661957109 7.62247555562177 1.77580444506347 4.10499859152419 7.10656353376994 4.25581611457878 6.0868866064435
20.8066556442823 8.99940902986651 19.6212664220406 12.9341950343064 -9.36847247647381 11.6452302230004 29.4968179179356 15.151754982912
-2.86287394166524 7.80545147210258 22.1606071717636 13.2261791476915 20.6218836226101 10.7304804626295 29.7131469113182 15.6985727984072
8.5265438066241 5.91783678559447 3.3428151583431 8.09566866528007 6.04181222435186 4.66150044411961 3.32884700008702 9.18699581825311
19.6695242663654 8.97008131376031 -1.29520956681105 15.2519474796497 22.1511964732263 12.8932946512868 30.9695675338929 11.965912409615
-4.00662223016291 8.34501254896718 20.6874976810184 16.8997295313328 16.5809172659619 14.5548396558563 26.4521204050624 11.072552655761
1.97886054017611 -0.376189319469206 -16.2730125457783 5.24957251347439 6.35330695744285 0.0104884449570306 21.1955366071499 -3.8777509805969
3.28188790230838 -6.24852831197391 3.67820544704878 5.8695094746093 5.80668232375149 -22.1709771371869 14.6603383692669 0.110052843796553
19.6541907507204 4.47311926955783 14.865090262407 11.478915070681 13.3131750995256 12.0040289365171 26.6365790485576 -14.50913445385
11.0411266009596 -8.50898248024545 3.98395505967466 1.49488359677228 -1.21968322791768 -22.3245455978307 14.2501878720817 -4.7385637476773
1.52102685766091 -29.0771853348718 3.51066608945846 -0.370323893772862 3.0264558246643 -0.589333187504392 7.17691707006771 6.09857840157393
26.2873690821942 15.3393600651883 20.0470052887161 15.5358778842224 17.9911066027774 12.7860614723582 12.4028391997352 22.3730502284803
6.17092376518017 -10.0444131912989 2.14858948590942 5.02325327791341 5.58178731116777 6.20554930557081 12.392850635349 -22.2642981578188
3.9951945771802 -9.429612858531 5.33006052673625 2.52631819477837 5.55469040301097 -22.235049048076 15.0111019293362 -7.81194373735809
9.48817348904663 -11.0632369848186 6.75197068441676 -1.1646571678519 4.08458844305896 -27.2319495434066 15.1143967916174 -1.89877963051684
23.6035786454784 6.28919864742875 19.9388216816725 12.687907508746 17.3900597935682 -12.7858502651243 20.7069962566476 9.82034268932728
19.6248101885998 -18.2483182372959 17.6242605244022 9.92267866036052 14.2056564616605 19.1576425613376 22.8969903609477 17.1998032878297
4.104327992313 -29.3220317717191 6.20658611535548 0.228917971955781 3.49899365925544 5.13304494120949 9.54228589409989 1.59564220308478
17.4075729768072 1.84744822246857 17.5138775777392 17.8593272978005 14.3519235945612 16.6142897818992 25.5373414128774 -4.91356925626945
2.71073207862006 -2.30521417698509 3.62637648713403 1.0166164225258 1.35632151386776 4.31727622365251 11.0460631020145 -23.5798222532117
1.24753318398573 -6.99153303354308 0.54289365014778 1.59806561782547 9.7953225066393 -20.8900267570656 13.2686836055428 -4.23163228872783
23.731298459428 16.4405850713817 19.2142896388636 12.9753219413724 17.3445371224346 22.4935384361916 14.5077953998269 19.7756295561812
-2.86495651415239 4.37229743706924 22.5211790147751 15.0321248569257 19.7486661990787 9.67721654304817 28.4047922970263 16.1896162661238
-8.23549401557668 -3.99530093815916 -7.89122258661874 -6.87486703417191 -4.42055974843182 -3.73279558586536 -2.05068487914611 -6.10194595694086
17.6681685667184 -14.0311087569747 14.5552354884505 12.930149474065 12.5727942904403 10.7631647253229 16.4526639988782 16.4537679747509
2.80401426845606 -6.90034762663478 -18.8117501899711 9.51569183670789 8.00097454926096 2.82538062417544 22.0917285074473 0.730940071501302
8.96642941115099 3.19397338623475 4.88651457862126 6.00409952320029 1.18354043942782 2.21919565528766 4.1160843078597 5.62639065353175
21.5367133168013 7.53221724625733 20.7890864250838 16.5695446946061 -8.08439769531806 13.1114151952814 26.9766444324801 12.6338635102362
3.76002090559206 8.31957058337471 6.75615989458681 8.10010117270884 4.23076076282358 2.55900667449224 2.16957283177044 5.36692541076198
-11.9567643073063 -5.00175486941898 3.77787319098931 5.64276308368582 8.31745183510568 0.470599342980218 18.3880941948739 -3.61593727293591
1.53853264268102 -3.14419153108797 3.20648133402101 5.28268210620389 -20.0803705477588 -1.3930289577117 19.5324374412613 -1.0319047818625
-3.25535688493147 10.4086768349328 18.8347104115831 17.8622146648341 22.4162352316479 15.6815591628044 24.6552530717666 13.3390181145846
-1.23112417526973 3.81329810121068 20.7622109354275 17.016875470422 23.6566593279504 14.3932562790169 24.8910415297559 11.7714804212305
9.5399211962152 -14.2560778593692 -1.5387974479409 2.88169187642392 3.95335914841019 -22.6454744975927 16.3561319266617 -0.613193587708418
5.54258462122366 -0.316888776736064 0.539613986253636 9.26534259319199 -17.2480594649561 -0.289672017126301 24.5192072499744 -3.34110433544501
-20.5474663297734 -5.25597016098388 7.09490447059324 7.03095784926699 3.47129615974035 -1.03935675116984 18.5685967539918 0.384418144494719
25.3794160733507 11.519117354836 21.6636151432208 15.9613858834737 15.7160170705015 17.5807972835152 14.8770005168516 22.5691138465274
5.08404158097298 -8.06837611784818 -0.25761258661735 3.40835655975304 -22.6775334848997 2.51797196425355 23.0317126911724 1.90994917184781
24.6144465978989 3.57364448919575 22.2384336274343 13.4426886167666 16.8799275100129 -13.1392240826424 24.240143311435 11.999927889862
7.54238768939293 -25.8257782754448 6.53826716441191 2.1584678641263 2.89970677017089 8.22200929504586 12.8184808550316 8.01918501678111
6.1726510761042 -9.77048890413304 5.77372423495176 -19.0735037985604 1.8122469346413 1.34595056915425 20.8816335453291 1.08182726996826
8.00553292163088 -0.381934906246996 5.75519611208265 3.13682370099521 6.34253468349766 3.72922927507472 2.2537347595516 6.58410295719594
2.55308011077945 -26.6488053191044 -2.06331664545003 2.12781163100234 9.22172873493116 1.50136451707975 5.43457066734629 2.82196823226082
7.53669494601808 0.571736216240821 0.094172386474324 3.32758725583563 -22.1355650099767 5.64231591589679 22.3543407568741 3.294827315634
6.96350791200192 7.25410294990848 7.14343228200021 7.93003483633849 2.79160964496104 5.74821549944772 3.27122273261768 8.5341894625859
-3.94052898637247 12.8120700579917 16.2085193890515 18.4740166819133 19.7355587969651 9.92010965148781 27.3350870929854 11.0105118476533
19.6546123107353 5.21709997066239 -2.88402216604745 15.2705994360772 18.0583369437217 13.9626306928025 30.1294224553394 12.523533541808
20.2135020170679 6.30016561766197 16.9848095184583 12.43597392393 19.0517274795578 21.9212431773731 19.2095073314744 -12.5539346648452
1.38092835522988 -4.96063482601809 2.62412354587452 3.13206143174594 -19.4401006238312 -0.943776839772868 23.0036496810803 4.40590243214774
-9.13447894302263 3.144284301164 16.9634125987481 12.0259921653228 14.2623559048629 7.63489506764892 26.8458081856158 13.3646690515712
17.353593037332 0.882116129983533 -4.19151706289193 13.5098643202923 18.6028474084688 8.20857081583821 23.3121874037565 15.4290051434077
5.53982846733367 -2.62801473647242 5.73607978110748 6.27939336496575 6.03703479649467 5.45776168323503 17.6435566126449 -23.1076691070063
24.3465180425767 11.201586932329 15.2637309835743 11.425288876831 15.5425730645597 -12.2172874312123 23.0385665140464 7.67594363329954
21.2836909491198 0.784230499075663 18.6963584591945 13.9488546588494 15.0081698351505 -11.6637427996356 21.2237637075972 13.7540386995271
3.14460261772351 -2.95572548093931 5.60229999040403 0.917257030498471 -22.0058232754031 -1.20164896291817 17.2827692443381 -1.80347327583299
21.2959122265112 0.942746277985143 24.0336485414581 13.2569298031573 13.7232406076097 -11.4015835436253 23.4028941259528 8.55631816767326
23.4978383974288 15.8397492522873 15.4565672821851 13.1295740260192 19.0750847471168 19.6433347053985 5.02564513782978 18.886912649449
25.2618412219297 3.29037722259376 18.1475754855718 16.4386671954699 15.9637376032458 -13.8247966863938 21.2463440997713 11.0180311836154
5.95786485473142 -2.0577904226899 -17.1352582087032 6.0563893770627 6.59166127474 1.6934011963366 19.3755172120313 -5.15598810289997
3.33086750943188 -1.84983247381055 8.82845165513044 3.10722965406888 6.16768909666526 -22.8660019604367 16.3429933689797 -3.83415715537236
20.4958572385913 5.66087099958712 16.4640165345501 14.2059039545928 18.1145946221627 -12.9831148679354 20.8079347993083 14.1477985941051
9.34775603499055 -1.12207317675622 4.67935405664566 -21.4763868171006 -1.08539971370082 1.98688995979472 19.2844546456616 0.347214075022324
1.03045195071297 -5.21186474176094 14.4204966548171 2.80980077218834 5.78872031053212 -23.4623402976949 13.2904981553736 1.70923019209566
3.14349238488401 -23.0228558446007 3.23267380597397 4.01190786855637 0.0851970904613477 3.60937441082417 9.16509606590451 1.7191809027878
4.08950474809206 -29.3863237203958 -0.234849251566648 3.34520118565581 4.55520982197487 0.472887374084324 12.3021177467429 1.18005259887389
23.4661578416677 6.71388073836679 17.1327706729419 10.0810911034009 17.4464090270101 -9.13758656161888 21.7664460221233 15.8462423116201
20.2234077082698 -17.5763755364129 14.7805256506948 6.8636029701838 11.8526193834152 15.3668789215848 14.1373926091497 18.6791778415379
18.3720733671966 -15.2662669706473 16.15851613056 11.2762651245953 13.0868028750602 12.1055420892268 15.3933350214018 16.1765334314804
20.7510033583997 8.34930758709038 17.6517826858681 12.1781593354105 17.4622634110087 -10.5858819097008 24.2139696909582 13.9450563600363
1.11303039079688 -4.74850469733762 0.662341086787128 -25.1516563303771 0.480919771081426 2.51144775865036 18.8247596712295 -2.19448758543202
8.05683750003315 4.31425752979687 8.33163967878687 5.6077537824035 7.75640908889213 10.7630013223446 2.61443015517116 2.83579732412371
-2.35980819653807 3.0554235227835 18.1544498540762 16.8216711491741 17.605201706538 9.66266405423964 24.9290327626338 13.2501700994465
1.82800203372584 -3.27652056181318 3.57874078322773 1.6158166414928 -25.7194990618831 1.87159581492855 18.3931795739913 0.582546233487226
21.5597467186883 -12.363030449809 18.6999147714262 9.73845294959597 16.4504732542453 12.1920323782846 21.1914875722373 17.3254015947061
-9.85391833642106 -2.15024417587811 8.95033855913833 2.60462205420935 11.4306900001947 0.499811896620268 21.4649536873998 3.81309792220384
6.23733357100365 0.840616595035544 -19.979559167478 3.16581736232578 8.47117687392306 -0.829351926178155 24.6323867646807 -2.48030240448022
4.56370813350712 -0.984355924925796 4.62282916842253 -0.0262767718858035 -18.9066230142911 1.22962226510796 16.4122847213761 2.45865026824093
4.82619546016458 -27.9946510803602 8.33864274519199 1.19936392439799 4.61295064763647 6.63472289027872 11.0139842108868 -3.2108940266659
3.73015090644278 -23.4440418737915 0.148043724517217 3.07619878111462 3.68400256175519 -1.60176197711287 7.78463350461995 4.13685599914876
-8.39542142092183 -6.6711001699531 -6.80375195817583 -8.32439386759303 -7.17061137255979 -1.92649386864439 -4.32418622106277 -6.8358585198133
1.77601159579941 -7.53896133664247 3.10295689814762 8.54281923318794 -19.8800321372375 -0.888545019300951 16.7411204007383 -2.98624267897748
23.6911028397826 21.694006457297 20.0746381666141 16.5081898504647 17.8881303350762 20.9486318334283 8.47543033830782 17.995025843492
17.4760459301343 4.26358394077466 19.5953805658351 14.6252860619114 17.0315679739542 -10.0477802096085 21.979384540321 8.7253585716266
3.54712102549074 -3.08777367726877 -19.9260664448858 2.50046628299409 4.61035168206051 0.222605319874907 17.6227764024359 0.174654089892762
24.2442754247295 7.18409340235252 19.6538897376686 12.2677748690892 16.7563239084415 10.5020490458519 21.4365189001335 -10.1343734612662
1.46188073689376 0.440141409357188 3.24912447245163 -26.111984153781 2.34918144969626 0.998348618666171 17.7077537044959 0.921973476125077
16.776607535904 11.4634314096682 19.7269780876972 10.9196478764727 -5.9003210125443 10.1568577668377 28.682443642004 12.9300445823544
17.1997941736423 -23.3481824413457 17.6372469780176 8.71180289159575 17.5221814457574 12.5645029965504 24.1595875544304 17.575494652561
9.70867180694628 10.2368091979902 4.03152576327418 5.39367729022566 5.23598753967255 5.76001003022255 -1.42084434354604 5.31024256912782
-21.7407756378242 0.272683906621079 3.28681740158627 1.26590527691538 5.36656724347838 -1.62144991570354 20.4530517549653 1.68839383948976
-4.47579994783486 8.07550107443946 21.391995734976 13.0427529844527 22.6716239313935 11.854618889587 26.8588721569935 11.7540883692808
13.165646201034 9.95981614109497 21.6779023301535 15.9087889819083 -11.759203059036 7.69197443292463 31.1982943742265 11.4362322991517
23.699004722223 9.87023959764405 17.4636873829365 12.7267135569414 16.0774157989361 -9.13934463254858 22.3829911880994 9.76790598451969
0.972333627146837 -3.7445351083645 0.830739961754142 6.58271664606131 -23.492157443986 0.967759142476928 19.5570480363154 -2.37963610920482
5.12960452305326 1.72174981007574 7.08639508744828 4.09881122178973 5.64948301333226 4.18813753017314 5.85069884813438 4.77417840366903
1.84422982758002 -2.8120956071671 -21.8428069624742 8.02342412552724 6.44755275225891 1.01045196022621 21.2560546955904 5.40294458469266
0.813641844053391 -1.87032622699093 7.78058350952158 2.62846535140999 -23.7233264168068 -1.39231594845929 21.2881690634992 0.0700568201549992
-2.55529842067405 9.99355600013604 16.2768916777177 21.5921047638787 12.9451853340237 14.9374255078764 26.3445302347537 14.8982970956194
6.09762750786702 -6.9202634631298 2.1737225166094 4.35823714437851 4.19176806312698 1.75203936955012 13.0904292671391 -24.4782503678628
19.3631633548429 2.39435345363373 22.0367467424367 12.4379126309362 16.7894498305876 -12.2773260408542 24.0810903304918 11.4334050501854
-1.43047880285878 6.03852069213021 20.3195149901781 10.7131326035286 15.700461082522 12.8597264081454 25.5450224098277 10.7770000342546
5.13712143877445 -5.76658713466129 7.28331356074575 -21.885694157281 3.52897843633919 -0.323292439686851 17.8871869875438 2.00256943389699
-0.956436125454097 -7.24904335791603 -23.7962758312072 4.889105670923 4.57652844314437 1.62738208672258 20.5338185397591 -2.20930380379142
9.53506480933537 -8.66152803191214 5.28607662058226 3.69854897828739 4.07509130226349 -19.5308815126651 10.7092024120426 3.62933591599765
5.0529168118939 -4.63538583540573 6.46965354781339 5.81453513057844 4.69298427615594 -24.1150285677024 20.6503807503034 -3.21268178428067
5.21666438081998 3.73818771828047 6.80026795945858 6.6600538001789 5.48348190949876 5.84320161411006 1.06877057545796 5.28877913425572
23.6014020502635 8.05276834933392 20.496578052537 15.6333225082286 -11.2958383186873 16.113880984723 26.7099504787635 12.5547305256196
22.5498666408284 10.7165937640281 19.1936664779103 11.7724759431431 21.3944424886156 11.2480905718178 20.3688238730411 -8.83791973193027
12.6957253284486 -0.442709497807069 8.05145164475495 5.52512268007607 2.50740606758066 10.3702935333673 3.91913693653622 8.20022928155126
8.53742712898476 -6.76073074181836 4.20998785614174 -21.430851925541 0.730128662957485 0.464337309818047 19.2235916394342 3.56010396580634
26.4073691347831 15.1689730794521 21.4044217783318 14.1350291349194 14.5951074606353 7.78910206174383 21.7738746983307 -10.3167510904053
19.7829436216287 0.00551380684043945 17.8837612874179 14.9273215982601 15.8850313060878 -10.1313414654485 22.4191322055943 8.34993648071878
16.8166809796144 4.13446395101675 22.2456000182339 14.8882288527108 17.253021983666 -12.2898853524176 23.2620103326333 12.5179481217269
1.90924869595737 -2.59860160416021 5.2963553861116 1.98612932059901 -18.8006622757859 -1.65787819480243 20.4747301785531 1.10152229464116
22.750380887453 1.86628305945889 15.423398003185 11.4125036961428 17.3760935501001 9.95379485430729 18.4676747912768 -12.7350428980629
-5.49856119396569 -1.58574953909813 -6.37391607275575 -4.34699219246221 -6.21386931688275 -10.8187090987842 -2.94828704407422 -3.11960099314352
-6.49816745630777 -5.89261282058991 -3.69182551829939 -8.24592767556829 -4.5072395488669 -7.21344288054967 -2.70844150210737 -7.02813436531566
4.26614349290401 -8.1597595756519 6.46285680326008 4.77861638225957 4.83590889133368 -23.9706378376552 13.4091946204991 -2.18028756649411
-4.14841798836799 7.12852052145275 20.0632122847196 16.5825875389723 14.8650218206616 8.70261878790898 28.743597613593 11.9267761609164
-9.98642050867479 -4.93093517270011 -3.54336532517004 -5.73256521100771 -4.68625127947117 -6.18567040670543 -2.71909789876625 -4.10367039630319
11.2778397422586 3.9967623246173 5.93355385851702 5.01271148425453 5.61733878232894 10.9587175044919 0.454442397664151 6.04010095278907
-2.23578424553977 -5.08535092927919 -1.06201702111744 -24.0600893637862 7.26174057476924 2.04432908857097 21.4859129440724 -0.0299551296683392
13.7993926034179 9.77935326689945 16.3118354609429 11.5013740079188 -10.3787429865239 13.8082300295091 27.1297626005291 12.6113478265772
10.4484796900413 -0.0326961240823707 6.75041258587163 1.65633104080214 -19.7903969933934 -0.700092698372562 15.3831663532799 3.05322696480035
5.40165476973388 -7.71121820960405 -21.154504679174 4.72214118947129 4.33076214102209 2.91950707292606 22.7972018951881 -1.49638377960303
4.45203568341983 -26.7350477560449 -1.62108892955785 0.116677635913808 -1.12803037746551 2.12237301159886 10.4661753542932 7.18886918225567
19.5935409753459 5.42548242978782 19.2074731572775 11.3028118616821 16.1769963964378 8.68269175438216 23.0787912030926 -9.78372467655421
10.4780069249534 3.88012766849903 5.18747078602111 6.14511205099888 4.72480473898868 5.74304600685477 -1.80088629700401 8.78511246962129
4.89976927320774 4.52983504435027 4.76187455392623 3.88482269459283 2.64226452798992 6.0926708728969 7.86498269201359 5.92182187254371
-7.44889371612348 -6.92888729759062 -11.9908576220441 -2.2377562778557 -5.84023470618847 -3.79455140312877 -3.38892735081877 -6.79089562818824
19.9710043701268 12.3949904567662 14.2442179960862 9.72311821683007 -9.2574578080134 10.1987871723452 30.0844853848725 13.8930295799168
-20.4772139791968 -3.02865881123269 9.9914642925811 0.127054175999467 1.56350724658028 2.18701694287816 20.9981740769673 -1.59068351803278
24.1569533857329 0.787434198254505 18.9485567693854 10.7703091468966 32.1061213194562 19.0484401209782 16.8729209554544 -9.92920531923185
25.9927629440607 4.04916345027262 17.281453825229 8.12391569821681 18.3258419227436 18.3266590140131 23.7319327262143 -6.43355068074832
6.80214260738654 11.6023363887965 7.6578513349197 5.83314556322817 7.37413072321782 6.23324020657297 -0.577951699979835 7.78061798506631
19.7378077911608 -15.5278046914374 16.0517853350713 15.8595177746715 8.34717098207298 10.127215372985 17.0456776603516 16.702322131869
7.50508794541526 10.8923162247158 7.00578492235006 3.33312864166874 4.15050386820852 3.5787758890407 -2.35689541481523 5.68946523302216
-2.18758533838094 2.00959523739771 18.8869692658525 13.7210440369161 15.1825627600542 12.2570018927854 25.6070377640284 15.0865602497576
17.0783636663456 -15.6015257956585 15.5001981134462 8.18443114258965 12.2961132592435 12.5987372298678 18.6042563547757 18.0263954107092
5.78793713719001 -3.65146343197022 5.44215325773858 6.0692962128605 -18.5414757495058 -0.149687969512298 13.6962241829885 -2.54408563708619
4.31600217205854 -5.94049914430698 3.77812396066726 6.61342807428467 2.93752925868193 -19.2087619944112 14.0080646085785 -2.07327107587031
-18.0413928802782 -4.17233425864919 -0.450403524830119 5.33269482346044 8.1966098213702 0.869614619272658 20.930452150503 -0.359283968964022
-7.60972986880736 -6.31859026203994 -8.03421800967209 -10.9511276532716 -4.81835122890238 -8.55203658410803 -0.909863361452846 -8.85297870599523
-17.5454106401097 -1.34985465093511 12.3372317759595 2.18073119240941 4.45371164761951 -0.927925517573358 17.7782969716285 7.45549352400864
-5.57107476698307 -4.12468591609264 -8.68076691768328 -2.41143459531163 -7.38795734583078 -6.13506692983052 -4.68347261472025 -7.02483402809937
21.5488973763466 -20.7796775499649 22.9302770484827 9.39978049708125 13.7833887246802 14.8656013001362 19.3922428191942 16.9429465975684
3.50150401127063 -26.4630538719938 0.63208996861953 2.17990464108135 2.27852148502842 2.25887339811226 10.9550364195893 5.88833431634105
20.4224099886369 -18.1618242527915 15.0121741008173 14.8887607908078 13.5356972406182 10.9815233312947 14.7932359098382 14.9866369504427
-2.94127374274384 9.08578414170581 17.0389614815781 15.9061785646814 14.8739275286414 5.26261821129571 30.8629261783917 12.7893555194803
25.4841734264229 21.0355667867712 22.0252249711325 15.6328294005095 16.0334857202391 22.2309142293971 13.5043357014893 23.404333732785
23.2821752243244 3.32604930718279 -1.93036587194192 11.9938074476342 16.1619371082948 13.4076789265317 31.0134379309684 13.0457739266425
20.9792836349511 17.5856902473679 22.2402221120857 16.8532736215889 18.854418054104 20.8410794502922 7.52455987374581 15.1554554308021
-4.73672520420417 3.19136356964441 18.6839212105713 21.837242801484 18.1589763976166 6.20540882522046 24.2548689131417 9.15135691995419
21.6981367147601 2.67358750662279 18.4504556379576 13.4275255675394 17.2426119209795 -10.1405318270407 21.4617565981543 12.5389525094827
-2.16897600991351 7.29957548625219 21.0834103305375 16.2837086252362 18.0456414819667 9.01394875609078 31.4622202199328 16.0547054586912
8.96969453938395 7.86454096270146 2.17324327473425 6.1143162636609 6.49933181639497 7.1961202424292 0.0391366615437265 3.8143219480482
6.7432519183326 0.317085095322412 1.01631845424361 -18.1695341239314 3.31944572643353 1.87008259676156 19.7890098493366 -0.849580422020829
3.66486288360779 -25.5055814973275 4.07450160739838 -1.34613399481355 6.48800653865427 1.03331979938955 13.8098564002324 2.02758305058263
21.0877142000934 10.1173084335389 -9.49412796769898 17.4032236310986 17.8016379178591 11.2148352493255 26.0982845984661 15.2284357153888
11.3035093749693 -0.109353951454926 7.35785464023123 2.38324135424341 3.26300983719087 -25.2530180328878 17.9903629847408 -3.99518435105599
0.48418245017603 -5.9961240782862 4.49141159449635 2.72969376936916 -15.6608680465491 3.882489233801 21.4969866059057 0.185413872933393
-11.802262831536 -1.7377986281359 -11.1357912775401 -2.97612858356077 -6.7332263158165 -5.6917380760001 -4.95451575996387 -8.45329121272788
6.94933848243207 -9.21160728792346 5.66566404076966 0.50642637805546 1.79637719199011 -25.0611790763442 18.0076458789534 -4.36310743296926
19.3719352447081 7.47565565106573 16.3700700550929 13.5683203728626 17.6277360085307 -14.6186788153312 20.8797888757143 13.5387981648802
24.950688733378 8.76667182578026 19.6954991871187 19.0782792937187 8.92244374579049 14.7355693204892 20.6654993523177 -9.78445430528928
-1.68445635543861 11.8840099189571 19.6669976113077 19.2454062848167 14.4141771891078 9.56761270074079 29.3252737058213 10.9617199293198
6.29402973653594 -11.4115414755186 3.3684853051043 0.0522515406251718 2.2662932930735 0.810458901287165 11.9691271896351 -20.2145557301769
4.34286442120316 -4.3157038980271 -0.721661345736384 4.35441040220714 4.74684109101919 6.748108732939 18.8795888590637 -23.2376098996895
-17.4383377317691 -0.120781199185599 0.858280207288273 -1.09834309659932 7.01666599008387 2.79066496550363 18.3811369280947 2.26771062629008
15.8152878013417 3.48313379736974 23.657197189247 17.7288607255749 -7.90606414714929 10.509885051268 29.1411147172558 12.3518215439985
-0.350692059184965 -25.9221070787355 0.573112853166297 6.01342455624736 1.02846293815097 0.642798281139198 5.48078092008323 1.89452159174939
-3.08199963866955 1.34154338994387 22.5422076139507 15.1129490120657 11.6858167513304 14.7454933630406 27.1870181457868 11.357754986717
3.97599026113452 5.36035805141111 4.99696202744918 1.66924272795533 5.94643026589166 1.84657394441047 1.34859550665302 5.61326090140985
22.8689377808209 9.08185070966962 17.2014199348326 14.6919709268059 16.6605819612971 -12.1273061473989 24.3062738398995 10.8741805393739
-0.75499839461861 10.1502424155799 27.2063390250571 12.7392304688152 18.0531289547246 6.29148588700636 29.0665781837866 18.1440092784448
-21.8928959338422 -7.54484098506544 5.7617492650012 3.91944664466529 6.12844572809652 1.53541545172222 22.9336676505899 -5.52641049168117
19.714767791396 4.89490408918102 -3.83358201382903 14.8074731290185 14.8116841903892 12.4914022474078 29.6830640960841 15.2502616516667
21.3271742364393 4.502969855224 20.7155021808771 8.13302088054721 11.816512731371 20.2911038702355 18.1985515380037 -8.56941591196785
20.1244271720857 -17.0949923125293 17.1973258545305 11.0363699006346 15.292088671928 14.524502544833 14.8421305485902 14.6692122417046
2.2635258708046 -3.04625703208388 8.31612068639886 5.69578725217723 5.2639421320368 9.16568915739991 7.18923136499385 -24.858934430346
-7.61532728524738 -2.4967434832594 -7.45740872394445 -3.93204416909998 -4.04373494425009 -6.03069647453062 -0.286588097620783 -3.4089785167635
-2.46674890316708 6.20996625154793 18.6000390451365 12.5895060711316 12.1665841483417 7.86854069193218 29.6361558877237 15.232732979364
11.3952773121378 10.5315433462306 7.71179933086704 3.47297880308728 4.70393067095764 8.0261580868368 -2.61162459158094 2.80193991826322
-5.93077004560827 3.67951573265269 21.8883659463796 13.3869917409006 12.6134291881123 10.2122045213547 27.9300629543713 5.42988686196554
-2.76960547708698 6.16965542501901 16.8754592520622 25.0702836288311 17.12934876503 9.17261387891243 26.9523800105196 15.641859363168
10.0276480883541 2.14852480622954 1.19811232440422 3.97647458179986 1.89943270427506 -21.4652742085465 17.912440900418 -0.31362752106379
4.98756366643265 -2.6979462307983 6.98934502577216 2.00214701950869 9.55206436610708 -22.0464496962875 17.4157956816732 -4.88520601673136
24.8531293864545 23.2932202783924 19.0192420955547 17.352667426058 18.6108364055279 21.6342031529184 13.7560652684138 18.8575656229342
7.42262125508308 -11.6852068906753 4.35110074341923 3.52698766905213 3.75023444787687 8.4103210208092 21.2791188214365 -23.1767209476539
10.5821234630887 6.60838981507643 5.8618289458883 3.84229307166781 4.78273219377304 6.64156442725793 4.0722665318763 12.5741349623103
19.8880794466277 -12.1210392788704 14.1240827363596 11.766770292711 10.7847516385808 16.5159611041114 16.6060589448074 17.1884695399751
4.89504315353379 -4.77341760587366 4.72806360602936 2.80430152839545 -0.266344974349577 -22.7136657152327 16.0862445572076 -6.73931080236716
4.96620108000755 -25.3092608975055 4.33548262822164 -0.63701364605813 6.2378826015007 1.28087646242593 8.67821211000685 9.11372595369009
3.20826980247402 -1.5209791986852 7.90582553759052 3.00995915086713 3.90603055558908 -25.7326084798107 13.020826539118 -3.6316744938869
23.6791551340902 19.7782165380383 19.1547163336154 14.7513348362017 17.2812362537819 17.3415688176707 10.6198681508238 22.7169628571932
17.8217195435112 7.45358240476102 17.7593348089268 17.827169139817 -8.31129147665658 10.7210498736439 26.0877390466033 13.0374140601651
18.8560341432092 -3.25061110086131 16.5772670747487 8.90131402673996 14.4797104048026 17.9591434699703 22.174103106334 -6.14363305922848
8.37635910247774 0.705934203483595 8.33712832673776 3.10609333068112 5.48146550852133 5.37385551465938 4.23414622493442 6.222498737166
2.557625511419 -6.08423949060524 -0.957405462918409 0.721163039204475 -22.0928012896707 -2.73046635135668 17.4352712595447 -0.595869196485444
-17.2213825005692 0.730702636903122 7.91410200785443 1.64198068182317 13.4557514858865 0.55869878330725 17.3493411694864 0.804874946298458
7.13141970491813 -30.3909873575534 5.43204122602952 1.59733257770366 3.87491952364908 2.78080228113408 11.7281241369173 8.17566684227759
8.10527912328048 11.5723611034066 6.38563930000432 4.68605251228915 5.7340892101609 10.9229990775692 8.36935617936012 10.3374757577808
1.71581226732096 0.148666485871459 -19.1109263100394 7.62789216358599 7.71023640246654 -1.10308251072013 22.2402381412775 -0.785557610076971
-1.09702469928045 -3.09563338863463 -18.6820639085663 6.92508283089407 7.2847133290724 -0.914873204654681 19.0219763501185 -0.146179234177459
2.43456425283463 -28.8033260662468 1.61153467780221 -0.847753809908493 6.57098272024557 2.5599912414005 9.821540107351 3.86844032871391
16.7624545376124 8.1517951169008 -8.28419136451063 14.9023888087087 19.1444641022885 8.54020420645685 25.615631973524 13.1147158177977
7.23318811815307 -6.10984629217209 5.10147421523079 7.82775244809493 4.51975038065427 1.61666961802536 15.5052352381192 -22.3939655578677
-16.4484568034296 -11.0271697860249 7.91508403126489 7.84544443197647 9.23607283332263 0.471102231611498 18.5367763145438 3.0202808189128
17.0638577008704 3.06986863136108 18.2331428730824 12.2409720933239 12.8986723792774 -11.3601714881974 24.7750316034561 13.2970773045841
-4.34155068496571 8.01614324627498 18.4735205447865 10.1120139976173 23.3399363667996 11.8563999906544 26.1170067543515 18.1838256494472
-3.86684525186805 12.8101013288295 19.4410076013785 11.5275655672712 17.4610679947078 4.9875691763125 29.4928725937249 19.7517240188906
5.71104771771928 0.291102630325537 3.75921106728807 -20.3747475745192 8.07342978985505 -0.805148999285238 20.5082356023961 0.258693908590483
-1.83030557340197 3.66092847106563 18.520201160159 18.4592754966499 6.99834145270952 9.7899539531383 24.7387271394342 8.53091231716722
3.09466452207803 -4.48582647917928 3.8088157238959 6.53718022386467 -21.9527509760976 2.39199548985708 26.3767460374832 -2.23445414768008
20.561876486885 -16.1064908478822 13.9034776741807 14.0070222815683 10.3695385280777 13.7440463376958 18.7824255218175 16.5630977792204
-17.0037805309641 -5.44550372299571 7.23261223031777 4.11372666869607 5.54639098042064 2.43504538978199 23.4883933094083 2.32538382632227
1.96837523331048 -29.4038231171601 0.61265263936659 -1.47165536018436 1.71624897622734 1.23314139249188 9.06879653997993 5.43841792554119
2.43266713257861 -2.88405331717693 2.00018438087493 4.3193124675757 -18.4955732953172 -2.01631066522 21.5689157899903 4.54494061325392
20.0316826929083 5.31716554149121 20.4607921220524 17.3777921090306 9.165828702576 12.093762204885 26.8750847486497 -10.1433762187627
-2.14613863878896 11.391512226996 19.6544236070425 13.550135709959 22.2308559494642 10.7806579067588 25.5495804238852 16.2205245510924
4.23601983668884 -21.396411820005 7.2725805361945 2.93690323779217 4.9645902343832 1.65232583454468 9.22293164657071 -0.743028696044049
2.00362886969438 -23.0774539679976 -1.46592376455434 1.43648309124425 0.950745242341576 0.208434253934 9.72596785552443 3.37812809593784
-21.4073679490456 -0.326447021372759 7.50477698702431 14.8096187859769 4.51844323478627 1.83469373267251 17.486858214583 0.266038756419638
17.1949626266918 3.05629645910605 15.4484051406124 15.6079465226599 -9.27165592808063 14.3413190702173 26.3209170674929 13.7983768081932
19.2775652173261 8.2572431626765 -8.37056263992264 12.7017560311691 16.940160548656 12.1953352039434 24.7536245193494 14.1458556524971
10.6059811773116 -8.28143529314253 7.6510025271242 4.54393334946304 6.203382965433 -21.4487126890088 13.8494768974826 -3.12668380387461
2.59353798073769 -4.98822454311044 -24.0341109338394 4.08886900506842 5.39739280009414 -1.02661287321397 20.5936797599181 -0.554252768861117
4.71247082136102 0.354241876535229 7.46304194732933 3.50733801800142 5.43386438299529 2.44387728364845 13.4174103861756 -21.8944624302922
1.43139988877817 -6.27822067100329 -13.746321456493 7.19764768730755 4.10185024251717 -2.45669330250858 19.1186169623269 -1.75774337128435
-17.1366998857698 -0.745050217119721 1.22862138849403 5.04631865278678 5.6399804793391 1.7405616213086 17.2173585365444 3.12409332238292
6.65893017969426 8.12507987195839 5.33528609591455 6.21462465560642 9.62251558732191 6.47988941088591 3.3368574813114 7.27889305670646
7.36918362457733 -3.22240981028185 -17.9667200942297 5.07606109095712 6.3214325347948 -1.56637558808664 17.5728333084129 0.185079845810467
-21.1699734101562 -4.32150160321062 10.5702755623422 1.29838969879029 5.87997330718096 -2.60760550288658 24.3543573693115 -3.91760643823076
19.8572328882002 2.7026850534609 17.7090993055238 16.0700710627352 20.9574428987584 13.7755373999471 22.3497206304648 -6.61153180384508
16.6043321062574 8.31653838076264 7.08431862123043 2.84878882614268 7.39164255308186 7.60754931996973 0.750758035221252 7.36542685365275
18.9975349137191 19.2619442594503 16.9266139839425 13.2705029573973 16.4524687086988 19.5970488860088 11.6556291043825 21.2362296025584
16.4900900961126 7.83851584655953 -9.71002640722977 10.1882380397098 17.5135234495013 10.7636080961061 23.4117449015516 11.1654526714751
6.30580149317471 -4.06629409252164 0.274917198329392 6.70280649724338 3.09550699880104 2.44996236893823 17.2236618904929 -22.5588788883639
7.70954282000042 -2.48058376316786 9.51981038621354 1.59664015829989 6.01123684865141 -23.2006026893066 13.3721144241029 -1.71469122682227
16.7219048830273 3.32627307289658 15.9375709553444 13.8241296493976 14.1412188944883 -12.3810310000233 21.8251497825997 15.402139324378
-0.00791689309314458 5.43338332027053 23.0716648774415 16.0948700287753 8.47668678336793 10.7348852563969 30.3748759055111 10.8097318290963
22.7523732158151 8.96655887908422 17.0670005978491 18.8753485012705 11.1683913987316 21.9539703150519 24.5178553008138 -8.05763201230984
16.1878876331654 8.25014514458206 19.0052650272983 9.11147816165811 -7.68122117096587 11.8954634333919 27.776950746403 14.2187478179644
18.4928873585562 -9.96370778770405 17.3875318395059 13.7144854545918 16.2632245867143 14.1843478542733 14.4161521124745 15.2730097572308
22.4985802709635 6.58290219016205 20.1105963333973 13.4047145628116 19.5168146847487 -10.7555266325531 22.1064410909952 11.1542336094485
-4.89782802325772 6.52067780638653 19.6635212874068 12.5895304834093 10.6374186714049 7.78962507894933 27.272916210067 10.1245058084995
-19.3344833427319 -9.2222017657749 12.9216163151064 5.96216857240589 4.66428715825669 0.393027556726945 22.9519815336883 1.29868391388971
1.08046121171458 -1.94151573382366 -16.7989843126952 5.63368690617492 4.99884466706553 5.14142006151764 17.8996831711719 1.40950528521114
25.8546497438721 6.61613755834783 15.9754272675145 15.8560984774564 15.3995079930168 -10.4027460617512 21.1573093023459 11.9778903000192
20.3420632411322 21.7154448499904 20.2978525079296 16.4634987294527 20.0515087323249 20.9414929211995 11.1517856441647 22.7917422010663
2.09454111748532 -5.07707719226261 5.23796962506936 4.32996692760226 -17.586360899222 -1.35384687011111 19.7214978639008 2.67101907577215
6.17315392751802 -2.95635360837963 7.07869928299535 5.27403820700312 2.76618581475645 -22.8703110290745 18.1191895464801 -4.5913378978344
4.50125223996569 -6.27657766158416 5.68603144342472 0.220942296294589 3.68614373769899 7.38298207122939 14.1439930885381 -22.5972771613427
20.3474741822529 12.3376919452026 18.7613185781493 18.5512494740321 17.6919287952886 15.3718306035666 10.3847964661209 20.9047123260154
4.91899411266232 -6.11895694237501 2.13390936762838 2.26111776961205 -13.9145500076017 -0.669325549975795 25.0589988146781 0.582492080749205
12.2274589350362 7.21233882370146 5.0230702541107 4.1397532239054 4.53135491638206 5.88055881920157 2.20815944954888 3.02589025868074
0.73040611049155 -3.25157030595159 5.86767160963432 3.67637091329836 -16.5817116629951 4.52017740285651 20.1015730467239 -0.205593629253137
8.57660754174401 -0.30287870753211 12.9156761058381 4.75928906561025 -4.73894114171251 -27.776669063122 13.9142586053815 -7.4060412565259
-19.9669971962932 -5.81686045368049 13.846640977233 5.46088810181258 7.8395937078687 -1.56948286567973 17.0014542885542 -2.93258566114718
4.08426148463236 -5.08925599682142 5.15994854613697 5.92162435755591 2.26703386389796 -20.3905911766791 13.587093839658 -2.8754034448771
7.26185417898843 3.95997628838046 5.75073247977749 1.85394617524591 7.6994058548473 4.16273476899234 3.49967540893886 6.54589967228044
23.0633171022512 18.0138488849264 19.3728805573139 13.3133822625439 17.1284013358561 14.7660035966348 11.3049249342362 20.118499131267
5.45845043533589 -3.1505557682709 -0.968028628243479 -20.7753839008835 0.526749183960603 1.18761618231299 20.6070853354785 1.06098895162333
2.79034824132129 -5.60924175132653 -19.4911345646852 4.18182566588216 3.47453800216761 -2.59712132058756 20.7196097161503 0.604721508530997
4.82103043313563 -26.1662141354757 5.46471245874402 1.85730472179105 4.41069258499946 2.7206966555745 13.609394077891 -3.05205421049198
18.7769968670865 2.25935100945222 -3.57839309985673 15.5356502947047 18.3482732678871 10.5180668462299 29.5742824128886 10.482571971879
4.18884203001494 -23.9508087858002 2.52185407193244 -0.182787548523829 0.238986100052943 1.8028831288111 11.5496985137629 1.00996568314076
7.46502819258255 2.86417354428572 11.4772996069021 3.80806452620675 1.81163248595583 -22.4286242505524 12.7701718822143 -4.60235615998935
3.95154893152686 -8.6824526524039 1.70913185636281 6.75627284295416 3.40208874822899 1.46246500295153 12.9710862639543 -24.0157660352491
8.81745969506922 -7.16160350165136 0.26538290190103 7.21513541843273 -0.578764656094981 -23.1648104033596 11.0843694222938 3.30810616923994
3.0654723761111 -3.19898404748336 1.56145717243598 8.10160802135145 -19.9708915814498 -0.577980824599342 22.6336061112641 -1.18836287011197
2.23165608757088 -27.741901897603 -4.21512492894236 4.37220000192784 2.87854480448633 1.71550005839777 7.06351018637115 8.31776276004571
-2.15438336996906 15.5746524441831 20.5617158640476 13.9536282732719 18.5309822382509 10.130984882665 32.7762736479574 14.262411509085
10.6451225029762 4.87125589751168 7.16927076630416 2.68349936701177 2.67975242130801 1.87989968778235 4.70330467634377 7.99048343323353
18.4736959143657 13.5503051095766 16.4461886665037 16.1580465159214 18.6221446582836 15.9183450355986 24.9093229075485 -9.8786157704484
21.1858373805352 7.44694778648437 16.8076662371577 13.8660277166155 18.0304573423074 -7.9718540611071 21.4489516876139 13.3331782616495
4.54050786903492 -8.42728601289809 2.17059563178505 1.60086562354717 4.92813408555805 2.30231974800746 19.8267595177115 -21.6447485002258
5.50718858559717 6.02702945866785 8.59666330708883 3.10531207500891 7.31249499742953 12.7460823838035 3.84789681080126 7.18163652026523
24.9078602830442 6.9896823987139 16.1848394252885 15.3357923478949 16.2371490763901 -10.8549220481665 22.4457399738596 13.0876507714032
3.15592305463729 -7.26380508329113 3.02608303315812 -16.9237529441497 2.30301879124665 1.44005332545343 19.9508683816345 -3.47607274032954
8.02597945900307 1.15616646153401 7.16486561340527 6.05222972681632 4.91074442389021 9.25865478965297 19.889801870304 -23.4548498417486
4.26519668764486 -5.4299674934954 -22.5770759500837 8.1635324799965 4.52262129340099 1.50911783734089 21.8424335154406 1.0046103047044
6.71805272895678 -0.425479333814699 -21.0672036021588 7.8483401327711 7.20638506224639 0.575062071131122 17.7574400978491 -0.90358377072918
-7.49676507181985 -6.41964422431545 -9.19355732309034 -8.25339825324598 -6.86620422343416 -6.3793485481029 -1.22034614210286 -9.57511934473936
21.6914365525117 11.1813256011015 22.280766279795 15.5530863641484 17.220601951594 -13.1540509308302 22.3859117262905 9.82234232064973
18.112201396529 4.99646434546381 -3.08172621301042 10.971805418387 18.2369294950035 5.90133201088273 27.5019978315856 13.2647433354065
4.61157033722089 -0.233968688229768 6.30390559191709 3.76693916238442 3.79091110223307 -18.7601262278141 18.5506919305607 -4.05064435078926
8.73699351494382 1.9657629478084 8.62538274385012 8.88399311349168 6.21756510337429 7.16791109154839 10.3292958312572 7.53353160289037
3.40105821674342 -6.05145897694999 6.31477498717268 -22.0381293888776 4.96417854806736 1.19797975651932 19.0628901790819 2.9696296341513
17.6936055534535 9.22389288113731 14.4609659013592 15.6178427362723 12.6830986796183 -11.0474976003191 23.8261240748255 14.4181217424768
18.5340556663083 5.96926587657118 -2.5276243736566 16.0458009083125 11.5966116835156 9.71989857791695 27.8473007030566 14.5157825278203
0.0226686966848817 -31.8863414829132 3.0185144107445 2.92062994069735 1.23538396877504 1.69395546738479 9.06839292156963 0.222578647982458
5.9384026097023 -6.40470283943819 4.11422974002555 0.636790027232914 -20.3762916957874 2.38344238776181 23.7524584730623 1.7529691371276
21.1981488116636 8.8277037837411 17.3636045296947 16.5577810052723 -9.70365634991772 8.32273533098275 29.8251634236623 14.033379110524
-6.41114596409715 -9.0025621009634 -2.53552784242542 -2.06274669942516 -5.55658199827911 -3.37332026297685 -5.4980815370808 -6.15619820243848
2.85977218962337 -2.02984052504178 -20.6039222379476 5.09040331189569 7.67619434419347 8.32663321129904 24.0043855526827 0.730665282232717
-5.75827615338736 4.81992825749881 16.583202692343 16.0489227864108 25.46171789669 13.2233822219631 23.5641944229744 10.3186611201509
1.44738443723003 -4.81276723644548 -24.1234405904731 4.19377335491287 7.99318243875025 -2.57918121309629 22.0416201718161 -0.0571743134895333
6.62743695976457 -3.0354977847099 2.42398586848303 4.83760582504078 -18.5462692791627 -1.94071359126551 19.7356470854685 -2.10009530472759
5.74894335105131 -5.68067238076358 5.68145342008222 6.71092929340898 3.13890009489745 4.78596078635148 17.320105310867 -24.2088065586687
-22.2977197931629 2.78238194870921 8.7746071018502 6.74992247585279 13.5243655473833 1.16046347469732 17.0574913137125 5.01604509941076
-1.29497157126751 -5.32114417250065 3.83868611791923 -23.7268699115376 2.9797518302951 1.8945509720708 20.2997525326204 -0.000499659958849763
19.3122159050624 7.83658440397678 -8.57904853696911 17.4549638976157 19.5448200402732 16.4492234436266 27.512998827187 12.8477249534867
3.0148201935612 -1.36782785201965 1.21255315748718 -22.0213416569594 1.52853133224335 -2.2273456459024 20.0454001930718 -2.65804854237247
7.83171564969886 5.17767107164586 8.42919895174856 8.58770712584175 9.12085523904438 14.1179307637182 6.95887232512748 11.9212650039474
16.9089283019533 9.2430536209489 -2.81999870702641 14.2243893346953 21.477722023858 10.4534449376315 22.150398931263 14.6990553882143
-3.87164819125719 5.4788481273554 18.3086688366717 16.6306017108866 19.2710890974889 10.6772692998575 27.3162364886321 6.55957584606186
22.9711519869116 15.941493306961 19.8509014475734 15.3316663836632 19.2022524808317 13.0904732702212 8.58016673270496 22.3772369297034
21.0025918475662 6.28933417607514 19.180703090696 11.7374176768381 17.2450938116947 -11.5778565792514 22.5021100281525 9.95800007752117
1.81367275202246 -9.98441060960844 -20.8135467421435 5.44601277444378 5.7355246283109 3.92759715272547 20.6545889321531 -0.88037604932903
7.71111008357471 -3.39207360188643 -3.04646173093134 5.30546655084485 -23.222302727054 -0.750227283063413 22.2349299426084 3.33302847178478
18.0696751646753 18.5537570614275 21.3520771980968 13.2179841348752 18.3380993895963 21.0784477098206 11.8577966752755 18.892237429492
6.97206598894054 -0.934784358997091 4.79644020141864 2.19149893003932 -3.71072279125627 -25.7439641082162 14.650134712591 -1.4914759339584
22.1085605959414 3.97872987806379 19.672853635639 12.7536171826297 20.239690008309 -10.6844510424551 21.0264036674541 12.4568929419914
8.69202529419308 2.79716126434794 6.65236423911065 7.66314480359788 -18.4534116241561 4.80023758711721 18.5146233547813 3.46214605225481
25.6118859523309 15.4249801136747 20.212872089703 14.1765863212426 17.025648847165 20.6406439142039 6.27384658551998 21.6465182698894
6.56095126384986 -4.17330553207029 -17.2366164104795 2.53168532592075 5.26371276058208 -1.05336789378694 18.127482230332 1.21505242708537
2.81153859563638 -1.97121436031033 -19.4811733866392 6.98629259063679 4.91456384549989 1.05113625306317 17.8110190159174 2.66965747174032
-3.36151946243741 -0.185112614219966 2.14281019040309 -18.2294320105663 0.985752801366036 2.05583267058859 19.0614748103614 -3.1972975814856
-8.66228420848513 -5.10761570462302 -5.78751146762804 0.918073334876255 -6.45305690130508 -11.5999042193314 -6.18682864568939 -5.23809042437376
7.14004211207867 -22.3233722849173 0.700648711713656 3.00025424034902 2.30686939077614 1.75143219276497 10.7959617152031 5.80140640143626
2.21126679859806 -7.35842183255331 6.45274765409313 4.02141216999023 8.47498193055615 -21.3148421735668 13.4208225806358 2.50558125557239
24.0234165687446 4.14235119723921 18.2804567436529 13.9663954659792 15.650601981708 -11.9701570392596 22.2164243742711 12.8749320579366
2.92408416616707 -7.44952203476842 1.05766579826611 -21.5482266662069 0.700698176189354 0.306518471473849 21.7553022434277 0.898704318749522
6.68713654429674 -7.92349869206371 1.27135627567724 -0.180499645322695 4.47345651742303 3.29637729102619 18.6885259741581 -22.9049721129376
7.1262866522061 9.33256349559238 5.5896303832677 7.49295563759831 4.29988443539741 4.2995771538718 5.8832673290771 6.37778580024472
2.37088465295153 -4.89671009841171 5.19482823811045 -22.8834745629375 0.812517682848949 -4.13636123003518 18.3521817862588 3.21577426121097
5.24224357590631 -3.02468139021737 -24.4934416395696 3.65132823698874 7.63055640722416 1.56114668806182 18.5475215891977 4.7652478391904
-16.1265563185956 -8.73940026982005 2.28921440282509 11.2804823396422 8.66616103753958 0.0124355035379977 19.766795022171 3.6778805960779
6.81125829618725 -5.59874074302596 2.70742667904838 -0.152781354313099 -17.1741167006665 0.422845070937249 23.789694526943 0.0316707994117359
6.87278037315183 -3.32266310463963 7.57028837241571 4.51093831802188 4.86522814018013 -23.7061954434654 20.3271854683287 1.48143533177661
9.33822525522797 9.1609741905919 6.83573269556539 4.12865368164086 10.5932441024056 0.961328653461607 -1.59116475183344 6.77600391332739
24.904979306404 12.0762693766993 17.7501805850644 19.0102565376526 11.7443751533735 10.021197127453 23.1486157084918 -9.24729065697286
-3.23756516159404 6.58355370431199 20.5312459668947 18.9768612674845 18.1642344951289 14.1004653689063 25.0236771619757 14.6925997794005
21.918801700225 21.3008263886443 21.5104611956957 15.0654289656307 17.9126227443662 17.1008206241791 12.6805656953655 15.3624736270313
20.3775037943578 1.83383323402978 24.9643798663389 11.9110043372554 17.1998776201358 -11.7335568715847 20.0187960297963 11.7353906800803
20.3084432379865 7.44003889708048 -3.16306999715249 16.296285279722 16.1947720725634 18.0220813693093 29.9246507581786 15.1403137398428
20.0265736655194 6.263107914251 18.615506538464 16.9028090172724 10.2539828646709 4.85316383070149 23.2249105426016 -6.44899283283835
18.0191833565076 17.3466804899339 20.3360897855969 14.5932068504856 19.1784023930127 13.6500657248103 11.9904381254284 19.9852816553976
17.7605923983423 14.1157540184402 -6.34980672000419 13.489806142208 20.648072358962 10.6794167404965 24.6648384198197 11.717825633047
19.2116028245047 3.82384728016174 18.8137966456155 14.9361502526653 12.3820525622282 -11.8111608059607 20.0562138168937 4.86878608810177
-18.569635734294 -4.05568335172364 6.9608532380001 4.59185807530889 8.56648918253085 -1.59170980983441 19.6571649362505 0.784146020039618
23.4628235057921 7.63194330301112 17.1209240934058 13.9508588339982 15.8017011765641 -9.68548174300502 22.9759529604938 15.4534637385812
3.52184773770569 -2.97160403325055 3.0242616222532 7.08692431047697 -21.5692209915107 0.678760403850841 16.5195647854238 3.36790559425651
-7.80511522681187 -2.34287938248043 -4.05094016099859 -7.98744145578676 -3.80036202340359 -7.48280041975205 -4.75800527684193 -7.52066135139763
8.19039587447087 0.341465091116008 -2.17744514174785 6.62740602219888 4.41313855129405 7.23304715713718 19.4653243009404 -23.4873009185271
21.4014917885756 -19.5435977418277 19.5642062325804 15.5963187578049 13.2890888222409 15.7662529010345 18.6524230949529 18.1178559787749
-0.0163361026945279 -2.46910027219257 -1.01716754510956 -18.2574569363133 0.293048264623362 -2.92878775511892 22.7265141795652 -7.69115434924799
-9.64303173718887 -7.41288242076943 -3.29384982498634 -1.78145933969367 -8.02167968945635 -5.9890666336943 -7.28421849504376 -6.46216698503971
8.34566865649254 6.50798995241389 4.36760506267046 2.78393792087578 9.52606969784498 0.0641644840763105 5.34967091367182 6.27343307990764
-8.262978655255 -5.138462475425 -8.42746076942502 -5.12738691353931 -6.41790713160392 -1.79754157216236 -5.58297532185794 -6.72714807945933
17.8071022660623 8.33469895944685 1.9004610846246 17.1497543251931 18.9176139514999 6.46562663163521 25.8477140467038 13.0722706677604
7.32870478653126 -0.347003165238625 7.05760422223327 7.22292276308618 6.69812523502424 4.76380234460434 6.66513450326263 8.12273147835448
-8.95275216879191 -9.69904480480308 -5.17597142571806 -7.19735729336967 -4.75596427388774 -7.16897238441694 -4.72254626604636 -5.1203381634072
8.79645910226608 -9.37489860672719 1.58365776904693 4.38794381113194 1.64021524920771 8.79836688399584 14.9568138176241 -25.4802642588815
5.65697428204502 -3.62393628528395 4.49045028970338 1.76855115027634 -19.8295059708481 0.420221685124986 22.2450443458841 0.318961027690056
4.99667156561837 -26.8363450163399 3.78702909101759 4.47982786006308 2.36860675550416 5.96112358427074 9.87801245516522 1.68663115346912
-3.56523623118835 4.74240823380654 19.1799148092771 20.6230312821778 16.5603550626899 13.2031473410062 25.6117222882037 15.2368352131619
20.0913918953531 10.583098374447 -6.81575048902275 13.5502096430873 19.0550700836207 13.0546213120589 23.4046807480463 12.7159834178182
6.80015021060036 -8.6435614749104 5.37500373754117 4.41597484527268 2.99547245436871 11.1914961378472 8.44842829080247 -21.8333419075802
3.1077314278774 -11.0145254446309 7.99958881867496 -0.912054566145524 -0.81044276044106 -20.6467278275384 16.5541598063261 0.775073215644547
13.6488798216872 8.73258909479153 17.6435723279164 15.9578450543079 -13.5330460664207 15.8587236430271 28.8454952184978 12.4511681127296
6.69805822728108 -10.00510828454 3.72566009192386 0.904513096305309 2.35477762699334 8.20860250943966 14.2256631072156 -23.8545284010724
4.4213514794883 -5.1105992161751 4.04359712111684 3.8127949219405 8.53686044433621 -22.6612612561515 13.5398611026282 -2.67427744441455
0.558608958304319 -3.44281568431443 -19.479127556409 3.52410207511537 4.53827896674822 3.9756746634095 16.8771188176576 -5.01874507162393
20.0784330096921 6.89953301976581 17.1674697063511 11.5881726319374 17.0640254373202 -9.92129487552901 21.0556773119321 10.4800106108183
0.0396895508013748 15.2957436347531 17.6972831430656 19.3871741703551 18.3203943702139 19.14094919025 25.5505527125363 12.9935977690874
10.3578860726201 -7.31265774368172 7.10934476708568 4.34942811211361 2.83043039070739 -25.5535210016153 15.2909170757234 -2.14371281768352
5.80812177945164 -0.0441901547023704 4.87418340957197 -21.9439086104716 2.46348401874326 -0.398733782595183 20.4824416366812 3.52438711009299
-7.05247924514145 -6.30860644079428 -14.600825952913 -4.61583463756741 -5.25143994439242 -5.60350297967065 -3.998656514725 -7.67478254612151
4.48175973720021 -5.6616476783778 1.25076936129014 -0.0484806932774826 7.57564766477905 -25.0580426365298 16.2993590818202 -3.8229250035582
18.1178256873082 6.53608065614448 -5.10540198341993 11.4223518057843 14.5746140102411 6.0500017058534 20.9947050631497 14.7091527712501
8.91817739813343 5.49042110410934 8.20995944015401 4.85610236211423 5.07389414097934 3.35141553919118 2.66409221108041 7.68181320531187
7.06110213287656 -8.55180375545202 2.20153897920134 -1.35998838271591 5.55015413947291 6.71492004107443 18.0742289552362 -21.3863502933042
6.1297445461762 -6.89435773954495 -2.96678108475088 6.25854506742287 -18.9263887805363 0.270174868400046 24.1057721587254 1.77905811155206
-3.25286641598537 5.96825844901158 16.0842778850241 19.0130592545137 22.2840081880611 9.58877292145903 26.1772997502999 13.9771737758124
15.3792157565971 6.01092009761017 16.0294307439206 17.1075720219569 -5.86112112579597 13.1215664565531 22.3246624316075 13.7137503687107
19.9276843078325 10.07605285964 15.2011478189726 9.265079938235 -11.6105233934199 11.4582569539176 23.9097927019607 11.389914071694
1.27635259943806 0.0617904726251011 1.24784189290835 -1.06065796236571 -21.9616305360366 2.68827366402157 17.2302676466771 -0.084391285376539
7.87890376176873 -25.8246281766415 8.05668045553648 3.3058678513543 1.03299524094462 5.65428697358637 14.3840247825386 5.51251364786931
9.82090324084307 1.84819129914998 7.22872989988678 5.89303491592911 5.18930651050975 7.8522944121916 4.44960806030884 9.61943814852189
15.0921504140557 5.58211965908135 16.2140003174837 18.515097653569 -10.9036827111003 7.03668872563282 23.5892854567019 11.9837746638221
9.78389663269266 2.23420038676779 7.91214161687277 3.08276171508006 4.46514773154446 3.84326883400936 6.8486817089267 3.45993397363695
19.0321098002133 9.0627355280204 19.6340447684027 14.5719844382143 -3.26618873642403 13.2339134604614 30.6920889196829 16.391836957006
23.8214075899561 6.84018852514167 22.1234449494874 25.4530287703688 14.3608013960234 18.4320327552898 24.6786209306571 -7.52180046608762
17.7259256715324 8.06491926993915 -6.53258231564013 11.8352541744223 17.2121814842704 11.226589949206 22.4097041980624 11.7691836800105
5.59072385110653 -10.7088409736035 3.06189125960429 -3.19286424053085 4.08912568503176 2.14324384655683 13.6502762511006 -23.6367268297449
2.96309370775432 -6.37192160418609 7.44737793939879 3.84851860293069 7.97128705577392 -23.8911167689882 15.9192778449332 -7.76448358693966
1.84481657986118 -25.8927679685639 2.55402301145961 0.396524267266894 2.67452949965266 2.32352935861919 5.93319698926763 1.12158258996993
20.1962373569902 8.19222954843554 12.1909348585245 17.2549500068229 -8.45852743180306 11.3840687732235 27.3256019575535 14.3425186885583
-17.5059781815085 -8.33712946806014 9.76473843797019 2.42716476609166 4.02521552746822 0.761439558711725 23.0835432810688 3.28460508878955
5.99501450165038 -7.59507146358407 0.672280021962752 -20.8273137757711 3.73327426255261 2.46148362331 21.0040283555886 -1.52015802548667
0.529098444949117 -4.86275646845831 2.09343404477118 6.43997896147777 -18.5804017773649 0.485143233733078 22.0489982517374 -3.44547374960713
0.663932772599501 7.30553340287285 23.3727416190736 8.23052674385983 19.2524125102664 8.79508647425979 30.006300797576 16.6583961852059
10.6265440922302 10.362834450158 12.2262493528773 13.5668024797768 -4.50225748352772 13.6480565728573 29.248389859676 13.0535638868084
12.2267160568819 -3.92267097785044 11.8100274644768 2.15992592312712 6.11266097808657 -23.2393337055658 8.73257744334951 -1.27040424071961
-12.4072006097418 -7.62922922343555 -2.55637854378021 -0.863874258283211 -4.07412804385839 -8.18586110472872 -4.78537860762531 -6.88218083095582
22.680125934501 -10.4718500839358 15.9658192668355 16.2489005613078 20.1876812772402 13.5253479507986 18.3981364532892 19.6697705232146
4.24902483485458 -5.55002196075703 10.8696690366113 3.26712360869146 9.86057599730003 -22.5912907440584 21.7401308787986 2.71353969948355
27.8824060971534 17.5102924212423 21.3488146000057 17.6594839758383 16.0464790125565 14.7165270160581 8.62302789510565 18.0612460651183
0.50016019601525 -3.12539748723797 1.7481949875164 -24.4256196295005 1.39663626167989 -1.37707603669507 20.0714807838716 1.99291190170068
21.0508135776034 3.04684555113093 14.1338525448263 13.6229804409025 15.0914867101726 -10.080247062664 21.4981932884679 10.777964048874
-1.70150774439536 -4.26182626779752 5.32033997212915 -19.8056684427412 -0.719821514011772 1.47160186020665 18.9478076743322 1.1121630804761
1.64219061690114 -2.60195987259867 6.30995724418486 5.08490488080752 3.54104853856504 -22.7002570933624 12.8024622737275 -1.26649753365812
23.9847405382318 18.4900519219111 18.278711560452 15.3259835173621 17.6570900981328 16.1437574007491 7.50270060935578 21.3517611985941
5.41156258319678 -5.22138265010726 4.21559972700458 1.24625345487615 4.64716315132935 10.0118677340424 14.1225131969023 -21.9568782386948
22.4616382346064 -13.8784519913774 17.418515542573 15.570222637766 14.8045286334754 13.8123553535909 17.3940173117902 17.2902370528004
5.63855803530745 -5.39077143451645 3.74228043414299 6.29660613785904 -18.4956783453494 1.27834312754231 20.9187385695269 3.00299195159996
18.7103660904247 6.66229074835194 18.282886570782 13.9326981848039 19.2420080132671 17.3805569279955 21.2585349671957 -8.31709215258379
7.37361694492622 3.36917114528626 6.55775192198162 7.92196045194871 10.3334658339878 -0.221347503478823 6.67710169982686 3.50132145662116
-17.350784355747 1.73315438025338 9.08237485462863 2.58824856799066 7.48080530678511 0.07985536481363 20.3048114826731 -1.81258681991578
-11.7559240771471 -7.11758422741471 7.16429670399853 3.90204181268616 1.92872148390143 -0.65844497173159 20.2786224930062 1.67176226659316
-9.28029709347685 -5.15634507746018 -7.09612485441179 -4.32569922309232 -5.86920913253241 -1.23331437135321 -1.65044474075483 -5.04641283836559
22.9190235236942 3.90478905746431 16.8358004955152 14.4378823232032 16.7188855511694 -10.0851930709153 23.167895630305 8.53578971981249
20.1537853483337 12.4422986312331 17.4863343927067 13.4501154589314 16.2030031525016 10.8252870042859 23.5413664299704 -9.64185571779021
6.37548407940225 -4.7734233742445 -1.85904875295277 7.17417152668544 -23.3505923533273 6.17561538810773 19.885925656069 -2.25688982277339
8.71293218040955 -6.53599665749868 -2.49055893012513 2.03318201533134 1.66896761032622 -24.5313732887813 16.809221889065 -1.45963135674171
4.00798497276789 -5.1347238328688 3.53406003288431 2.44549099243359 5.11729787439215 4.5362512355096 12.4925132568677 -23.8623275984773
10.4521608726461 -7.58464117908406 5.56983960689752 3.17313480608568 -1.23063185986395 -23.7971601083615 14.5636640988964 0.915727467146494
11.9412100337146 -6.21768206050908 4.91693532393702 1.63790906113287 3.63034562838078 -25.4812326238565 15.4835742089983 -8.73852949423507
2.85988213470546 -28.7897283494979 5.15055570428738 1.76576794862933 0.169659549072073 3.9367177007317 9.96852780232794 -3.23725733436872
0.356958546924993 -4.69634389950828 -2.82503956379458 3.0631229066779 -18.1275400592881 1.26770982959484 21.9792961548069 1.89048139385029
3.80178233498867 -28.977392221269 1.34075971120201 3.23071859647591 5.42208713156381 3.07827481361331 9.96795564538722 2.27881237070959
6.51718279651163 -1.9702554174265 4.06388050214434 6.82365245258317 -18.561008208389 -3.74890857657844 15.9310418227969 -2.77763718972297
20.5779804630892 9.59222721570288 20.2910636386275 16.8638555848118 -3.99355107567148 9.56911362146237 29.8196895914107 14.5069903848688
7.14186146846996 -5.58923759035778 6.75323817276383 1.87003747349052 4.14769146622609 -24.6050486904854 24.6126646779028 -10.2533046994566
-2.60644434134031 -4.52022209442566 0.565661436844313 -20.3224150827336 3.75220166573629 -4.06053641511365 23.7119694349391 -0.0457216209928272
5.25687579978979 -2.10137318585658 1.6732232642678 4.83124333690719 -18.9796841865926 -2.59672249602592 22.2129362915455 -4.44746062490137
20.321668000077 5.24423923192234 16.8174904997585 10.1198107737087 14.2086221601354 -12.0858851756635 23.7815396326124 7.4016275641496
-5.99706851565961 -2.91414974811995 -9.95631011743844 -2.59183246437358 -4.10583233678901 -5.3387021842133 -2.77172917443373 -4.76928196268436
-1.24608228714959 3.00065081940504 17.7781979741793 16.1464767809694 15.8106735163927 15.2482045874214 23.5124987738136 14.8093025900129
-1.40129515471731 8.29161494646683 20.5522350255949 9.87768861959428 18.6366049077021 10.5158935359237 28.8240681474363 15.0850063297836
15.8653448521298 10.3403015553152 19.7772669991497 14.5857504521688 -9.95709668332211 11.494934769942 29.165082493282 11.9665972106992
24.9091567523327 3.52729403402578 18.0347399888614 16.6336909837984 17.1573279185031 20.5060861741253 21.7014067693465 -8.80360807750313
9.52948681957321 5.49707681049787 6.08129124734703 3.76019006613758 6.96912749419819 6.35497335564959 4.96822588420644 10.3673213111071
5.48237939504396 -6.6425773164751 1.48918561062224 -23.3651784147583 4.4865921015343 -1.95596150955672 16.5324933630022 5.84111528616044
-5.41858779041974 3.9907171006942 21.547805699036 14.2909198218906 17.1087783590928 14.391679684598 27.0933429508687 11.9904268754553
-3.48305139503508 10.9149113269451 20.3787743915029 10.9474965842402 16.2924219041805 12.3409548614115 27.1763769056598 24.1384543198277
6.48446069332287 -3.75066720397183 7.25170990661511 5.19602216884957 6.10332177369457 -3.19475624839716 11.5990175538146 -21.2034072558945
3.72115342247467 -27.2724272409655 5.49016875750242 1.7330958385103 1.38456161084696 7.00780081410656 10.8421229340402 9.7230381531867
24.9331648830608 13.9152561857262 -7.60330800155266 14.0759657426321 21.7252590569641 16.6388212278698 27.6683464924394 13.0371409692086
5.99476891033407 -16.093562605542 0.856595598690056 3.75523872878636 0.460646800838999 -19.4117590402189 15.2292928184258 4.81564882938286
5.19078675543529 -0.319917301749889 0.590696879020301 4.10466630569452 7.48721720063432 -20.8534388470998 13.2715880296632 -0.0636826347146633
1.82631693055005 -3.49606073804116 6.43759249968499 2.02271017905399 2.24593363532365 -24.0138489859625 18.4247136729286 -7.07514167000884
2.78873590027954 -9.5553601065666 4.62186614957344 5.19137164949993 -0.449275502884125 -21.6282574026337 10.1575935779335 -4.01449376879724
14.8671648883712 17.1456683651705 19.7924937721822 16.8203952194055 17.6527685545294 15.8377182033617 7.85251539043306 23.7520064310505
5.51173163812626 -2.1566317678097 1.13001557891842 10.2098692702186 -22.2828094711535 0.515954854136904 18.2877860690529 0.15619802196382
-5.11036204276869 -5.37095652987824 1.899526921511 4.22581866814666 2.0846093783788 -19.2188423483873 18.7762331203019 -3.4712170556109
20.0032052454796 9.29263544539618 -9.95706460228428 14.04844705674 18.6433443734229 10.8378578484717 26.2859061596081 13.8174328207374
-5.70302802611784 3.48336261043361 17.9433431076847 15.3527133139821 18.4301540960866 16.8206876087367 25.6627229251011 8.16692689997307
20.8250390353803 10.1635289450045 18.019926110487 12.9921704516634 13.103079954419 21.1763183760791 21.2741334327006 -13.9221386629962
8.65064823810996 4.48053021973961 6.45866988775525 5.17016355322553 8.99988664416412 -0.951225438795339 -0.50116336576981 6.30824436649771
4.03506634740832 -4.89697549566473 -23.6002953024705 0.75758915444464 0.956428796380341 -3.12878180838887 21.065813241213 0.888978676567913
19.69283485943 3.05677128292807 17.2518033766405 10.188855832588 14.849534276133 -14.0105800085757 22.0294383009442 14.7617127556725
3.58215959167093 0.351605712955783 5.22951797811823 7.10372608389804 -17.8057425904446 -2.56472416191447 18.7935350362878 0.807668124325188
3.01000897001322 -9.27557779917494 -2.40962363265246 0.0512313734297121 9.60578700814066 -22.6244884580166 8.37287930894171 2.71380382387472
5.54203721225788 5.5427353175135 4.36369806475788 5.00176113175396 2.92620490625938 4.05706141087938 5.16795206391525 8.65341455777276
18.524961404572 1.62645791029615 -9.97051002440618 13.0979104547273 12.4865557540175 8.75236134880616 30.6446974645858 14.4599096649844
6.27624752721883 -11.8205289626571 7.31716009248855 2.40242784913002 5.18084724054777 5.43686743880942 13.6333662876531 -26.0515531673865
-1.22533606057172 -0.368994023820489 19.7457237037001 10.7769861061212 14.7404580952946 13.5739329249763 28.4179385157933 15.3654655576402
31.0185113552292 20.3989602291196 20.6085093419526 14.2685631897052 18.5429489357412 17.741666315496 10.9278790059647 23.43294250113
3.38783001843039 -27.9167868388556 4.28590136678277 4.24432654910485 3.36101921820683 -0.45366720140373 11.5246097859782 3.28261949458984
23.9596511426657 14.7416766655078 20.3338910231225 15.1241913935063 22.2077298994884 21.6119719175044 4.44930598122041 18.724723398028
22.882167349393 19.4498401086075 22.34491480972 13.3036924635074 19.6407751575559 16.6052539758145 8.38439314191848 21.4976678346216
-8.3885941017824 -8.1812436266182 -7.21493044551479 -7.06925965945223 -4.53611547525846 -4.52287951379454 -5.19459818733523 -6.41743087988772
9.54831573683828 7.69751363326524 5.6279437536957 3.51508100720083 -0.769080885420499 7.12190230519122 6.96645467933624 7.46183892842738
6.99663027552112 6.49002705261545 7.42190735268947 6.62361193463145 6.17450538996524 5.35071406185328 0.512700465628401 12.4986603593731
-3.87535921487269 8.82819781290759 18.3636243449796 13.4290482880481 25.4997685679225 8.86898970490609 24.9578955379483 14.7817852639461
21.6725401040378 10.9636246699288 -5.70263133645245 16.8414123078004 24.7252822340192 17.9856023208815 28.6577077284506 13.2509111659098
2.03187848977804 -6.51385966111133 3.53326868190206 10.6983497242872 -20.0363825009288 -1.2712880243664 15.1893381585643 2.13058171300081
3.47213422334538 6.5059068120539 9.58572243910277 6.58984681406377 7.75302973933303 4.75336653822318 -0.786484988169764 6.305781884517
10.0082096346476 7.83086046553648 6.58469134743293 2.96257065263771 6.17043634186299 8.30083423067366 -0.704549809496742 6.99855154821294
19.5280603169326 -17.9615345246735 15.776299109641 14.1473124365494 13.9098593075352 16.4489580838188 18.9370419808326 18.9144452277262
3.31134255558929 -29.2208315012291 5.46436570611409 2.44314642039118 6.33917254168646 3.02997427549309 5.97470036757587 6.25910669466704
5.34458463928872 -4.96047096085943 0.901879906357735 0.336833944200047 3.30735863929151 8.08232199005089 17.7240697815312 -21.3120145960298
1.34024804293445 -3.64894425264404 1.34960206636434 6.10307414793516 -22.4411401604832 0.995201873606343 22.271765377435 0.621377167085576
4.86598475732038 -29.3023836181251 5.67262732949964 -1.38465033018003 7.37966706535098 8.28016479386397 11.1881349298969 -0.728211030242673
-16.0238841834632 -3.33767536298217 6.94059753182468 2.65251878260052 6.52263416831679 1.0968258757018 17.5802411399254 1.87469336647345
4.73160365278192 -5.65248682068511 -20.1055866034547 5.29803171414107 6.03418759110723 0.167374937898462 19.2689408142927 0.360694239505438
18.0964671558118 -19.4212503784235 17.2705115356755 14.8349624788323 12.3329107025862 15.3636494073734 18.3465761795144 17.1302292670683
19.6626989110645 -17.3563504258435 14.7769952729008 19.9581201351666 15.798627314854 11.3312735645992 17.8780796296847 17.2305173863584
3.15832548785702 -8.21977045432359 5.14292949784351 3.75042345931467 -20.1125051656635 1.97427509353575 23.4314631017461 -3.17519278924101
-6.03362532829131 -3.21544093220089 -3.53980574931569 -8.1341203608107 -6.56085708000639 -6.38486063086783 -5.28213177057923 -6.90477318109208
18.3598961388533 10.1512405448228 -10.3252183534937 14.3077721400679 19.5216979394157 8.97681617822032 22.8281653202599 13.9527267775055
21.9800009672154 8.12159493718965 17.4359777080624 17.5786467451996 -9.21438423243077 11.6802828748303 23.9938258578909 12.1117810880373
-1.12073372504622 10.6898033944268 19.8027485948529 20.048550657698 18.9259903726765 13.0848544266327 25.4758433917089 14.9251439472836
7.49335137606119 3.76949567916725 8.17762815536431 6.30132625439882 4.84765262464571 2.23753240522015 -0.603106572852904 7.65852507137412
-8.12972569062176 -6.72967584725699 -8.67401878012581 -6.37474867231396 -5.48304874050025 -5.55569423224404 -0.272468457037132 -8.23194635339107
6.05628289313427 -13.9159116949763 2.61456508354552 3.46329841113374 5.53514908513496 -2.87973837630753 10.5519336842117 -24.3399258213901
16.8963840729364 7.77563197421425 20.734325034469 13.2912953093745 19.6441561925704 13.4045922012034 19.7230237616999 -6.94728580081833
19.9260123668705 -18.5762434735612 15.4982443908403 12.7401855756604 15.5886865709468 14.6520482624796 14.465843831664 17.1125667399794
3.94349523852969 -9.15707022896624 2.39343481846591 5.57196467057991 6.58582816959581 5.5987947376518 16.4073306585588 -22.1519213641187
7.44171645217538 -13.414427358087 7.9615883166575 3.84893513685891 4.92532727742954 -24.541350600701 15.1141305306878 -1.30347716586208
17.8472037440911 10.6079908459798 -12.7443070124297 13.1063061998431 14.5346088444496 5.06668148142482 26.7229384899862 14.3180322926828
26.1405109723959 20.6947166619502 18.341444879389 14.7245517884116 16.7256385729758 24.3305981832483 4.81030903092535 18.9144153880799
18.6491639207975 1.72882285452935 17.8130061343918 8.75359588149659 20.6785108065959 19.659479484169 19.2238469679945 -6.81748430088765
20.6911201565014 4.38589897667961 16.8700407843177 8.64291363030459 15.2482253788834 -12.9643873286868 21.1021534834499 12.1197711062115
20.0471944167411 -10.3871775618902 20.2583675050726 10.7969164568801 12.8884802851302 11.8469108875726 20.3845642720138 20.8934915504713
20.6059256530237 5.8336038467546 21.300601317474 15.3983468384805 15.7847413102471 11.3705119393868 20.2954402037351 -11.2037538549373
2.29404666680466 -4.20120123340012 -20.2492645907685 6.06025514830441 4.1211625366265 -1.4210486684582 19.4657002993128 -5.02465170923694
6.41334747757942 -5.6492890527075 9.07805736816251 2.98671019279827 5.69946965885673 4.3852020150914 16.5490139858596 -19.8649251264965
7.1420088248512 2.62341306767655 13.5583808259313 -1.04646217831984 8.23672543703766 -23.1709886640399 18.8911959396104 3.73913593906995
8.8921457639971 8.30859073072128 8.94378376414088 6.30192920790822 8.32538715794894 8.29475114679912 3.66390023964676 7.82138418431746
1.18091359254102 -3.53725816958083 -0.766678508779724 -0.103940975871412 -22.3886895474542 -2.53107485791581 18.6423268113017 0.0405692997850815
-8.41792980811747 -2.58020683219827 -5.77411726120062 -3.6722594470761 -8.60266618055152 -8.40938121667125 -7.97238908740666 -8.63241786490154
-0.687210516108036 -1.72483111635118 -23.2053710340118 3.57992583273909 6.32287900115118 0.600912947663148 17.7950608492239 -0.882534658799511
17.6220554259938 3.2792739068682 14.3524068562381 13.6808053635823 13.2291083308665 11.779604317052 20.2078414759934 -7.17444929113474
-3.4258400762267 -3.90257441240834 17.4807125354358 5.02983532761596 24.0303829429835 15.5477676530461 22.6703472836389 10.9375277384265
-8.80150032626785 7.73891664584465 18.7140401600382 20.822506416383 20.3707837880221 11.5305802503773 23.991572371842 16.8752197082415
20.765443302466 4.16534225871004 -5.02449098901147 15.8836171558819 15.2336293107212 14.4908098899462 26.4777699162081 17.6219279854552
5.62583154557576 -7.39835119551542 6.4997993705112 8.05629325433345 2.73317373885993 7.71193533059498 21.7379040530084 -20.4879784833363
4.82138420067497 -7.51607036456133 -2.03868895680018 -17.0665761952628 1.48037903077757 0.783342617505378 19.6487735759946 2.61516967584885
6.65574019744657 0.127421371506532 10.0046805130607 7.71096669632828 1.80042850650861 7.89239831287209 5.37812536825721 -23.5380696975279
-18.9640879288175 -5.64803240168667 1.34232602031253 9.27416834346291 8.95498202374425 0.324707709915128 22.7268781402211 0.281372197328087
17.3804695849881 -11.9254020306938 16.8775087362934 14.1461515095796 13.6673821139434 14.1828520551967 16.9778823559372 16.1716180972536
-18.9490491408618 1.62601161423615 8.60934696684128 4.56291225904094 10.3585070710098 0.764125216844781 17.5884732027738 -6.37846340950185
-7.07530920461655 -0.978697015998994 -12.6675272090252 -4.08988432947906 -7.29309464592167 -3.18994700042068 -6.45413269744034 -9.63820892234079
19.5917476135882 7.33640762657927 21.1517121395206 15.4582929134962 17.5478052056673 -10.7196275634737 20.5645758291749 13.0169808068873
17.697430775818 -2.32375913126423 -6.06684396458905 14.7402476221367 17.7318038288419 8.21202812764094 30.7639147197823 13.252082046911
16.2730860756528 4.54932509274642 15.4526962889149 14.0517408811776 12.794547020934 -10.4359614137535 22.7294448298207 10.0883278975315
7.13379127217731 8.01134355649852 5.48901782870208 1.27266526953677 5.43238033041008 1.45474096103594 1.88294870913198 6.10863528058328
18.9401464917639 2.0095651671409 19.5375396334612 21.8520141040937 13.2131212451733 16.325659785196 23.3552438292105 -9.73238413984644
2.67090290265229 -10.2570965895019 2.77596129431683 2.93790240869184 4.46542150352052 -22.0443672746531 16.0953937824123 -0.795119268896589
3.71352163472056 -1.01325115350896 5.82393832316985 2.34928508721523 4.29403272005183 2.46489893544101 14.1553781587851 -26.5276147361789
19.5266366448368 14.685555559225 20.8663980943744 16.2814907022164 19.3902419471337 22.8866100714192 10.033540936524 22.1041865633962
-3.71059369470226 -11.429066381246 -8.57427737034625 -6.73654134703096 -6.69737343957774 -2.37541572044409 -1.427352902452 -8.67901428750665
3.43584851563668 -27.9854316622163 5.96125428019099 3.10191862827 -1.22364592038442 2.21203848181347 9.93130628721722 -0.345227463748056
18.2735376376015 -2.00835284073026 16.1901724069864 16.9693016342337 16.3537109883436 -12.6482187496505 21.6350357083561 15.4174748109605
18.6363688666716 8.3979337267719 18.558010001522 13.8902583370492 -4.70396997726411 9.77452081322387 24.4929047830995 12.5211013942868
7.14778019779572 -26.221963011604 1.80019442724841 4.37306145389589 5.07681478745172 1.77342715271911 11.6214099025646 7.83080172763325
3.99257638368381 -5.9906208765308 3.08852767258761 3.88412610649641 8.7986596498946 -23.586450286739 14.7728819266379 -8.04485952660787
-3.89377819478835 -3.02550669251911 4.15898316738924 4.05521681682264 -20.5509776884768 -2.01027732427368 20.8529763135913 0.677462015416466
0.489141709084019 -2.30372047301142 5.46067718652759 4.71305047545188 -22.6518186123934 0.274168761662117 21.8960908368568 -0.89339169377027
27.0046499912143 5.41589049501905 16.0880383011801 13.3124994139897 15.1291285795312 -13.3196999889456 21.948678136318 9.92084551027163
12.4125153039404 7.65132887125226 4.53031695244761 4.77202531586552 8.68335549634995 0.431722664302502 4.12953576618602 6.99998195956314
-2.40829191413088 9.2472211514265 22.115738035228 18.8145422721233 22.0766442970963 8.94580338008766 27.2574798788217 15.4505573686179
24.1449973347742 16.4256977733638 20.8742901253722 13.548916367296 18.0661264593733 17.583179417334 15.1925617485701 25.3075913230064
-2.52267953405962 8.96261546373965 18.1544476467075 16.6982084293867 21.3342060966293 9.12931517498367 25.9042768882433 16.0139629122537
7.38973485495753 -4.23737296805395 1.09844465523637 6.7616672485615 -4.04164071952764 -20.1934109789864 13.0804849480127 -4.50484956259545
22.7966722313588 5.2833638396637 19.3918248005097 12.6949609402802 15.7034921496773 -13.1740099563981 23.4647755451466 12.0419519070222
3.52424479493793 -3.60251161828507 7.62611929528414 1.31887303809367 -19.074612977784 0.0788459191125672 19.373555470777 -4.96166429771931
5.18398239849135 -5.49996831371175 2.28949316131921 0.490567651403634 2.75212949511601 7.31027604853796 9.74916130454169 -22.3652933208677
-0.0315297878846694 -1.95887208288412 4.53864113012782 -22.2700234449298 4.83641564656717 1.21492470965011 17.2026968628102 0.571862439753997
20.2716362989123 11.3389582416148 15.588429275591 13.950804895942 13.5045288600198 -7.87066923883327 23.0161251788958 11.8977104150821
2.02690593469193 0.53324924795931 7.55159834257686 -24.5732044566936 -0.133015568363744 -0.608753835610442 16.7649015364432 -1.06882576981914
25.7619971697408 4.43222668914676 15.6895909334038 7.97473551270199 15.6689111695425 -13.636988705557 22.4807590823639 7.42830450409975
6.03159497293667 -1.85430190191726 4.05714666328176 -26.8690205699177 2.64864576301348 3.38795439719186 18.137176995385 -5.53182130506156
1.95330090423949 -6.66789006447344 0.465971763506625 -19.4805919007529 1.4798029283804 2.75227179356909 21.1223717335573 1.78477761189099
22.7768411438853 4.1314886191784 18.1363500562281 12.6207410976754 15.8338533938351 19.7287535113714 26.8831756113523 -10.6929334933956
-18.2678713488057 -2.14783763264571 6.86941884349459 5.39007821291013 5.47929041398237 -1.81641813696071 20.6824979996767 -9.1942697602987
-6.76854757241998 -9.87140688161031 -9.46751194367748 -0.300894738010062 -6.85636490372037 -5.24599915987623 -2.0700556390187 -8.88243514979162
1.75583827671605 -31.6685603451017 1.82781293295961 2.05074593209685 1.32769336895934 2.94437809078595 9.12484872088034 5.32488795199411
16.0643971261275 3.62248625085167 -10.7393043275044 14.5169286158719 11.1864061906789 15.397745827851 25.7996234426207 16.3583409796536
1.924024239254 -28.3419626040458 -0.682619784560978 2.37492392259964 -2.04378323544148 2.62878914451136 8.77539666947203 3.00590519935545
19.8850033387208 -13.3436218292503 14.0697801944485 10.7771980528347 11.9731681077323 18.5691211618559 17.1560671739015 18.3389617219367
20.427460446496 4.86041240685572 15.8086054962852 12.2609339002605 14.1324215029162 -11.9926546512218 20.9898188734243 17.7991667100737
-1.21701037435803 -5.33399752146255 5.63151427362213 -20.4856310265907 4.12421147896806 -0.171031589180324 23.0250658701936 -2.00123311026554
9.93228699111397 -7.81030597866665 5.96430269908609 -1.59341129258435 6.44791396278968 -21.4336097108942 12.7611609755507 -3.09867773190025
28.5536609751728 14.0550227385086 20.2644229971553 11.4364100564467 15.0061124916123 15.7634745068916 13.8563563640384 16.8613689837089
5.80864952179506 -5.10151844528384 -20.1687809560851 5.37581497067962 2.96174508608419 -1.67305516209702 21.1388529056149 1.11868456349988
26.1936029676813 16.1054049148191 19.619278210773 16.4804897721765 15.6636310052363 11.8866323410899 8.76135231389462 20.1276763913192
9.5951629676323 5.71335793573086 7.54097295856715 -0.791645925662967 7.26326723211905 1.529065865443 4.9108588978224 10.7632508888957
-2.78615561204218 13.0067233094085 22.4511906576171 19.3716822831632 15.8260810739251 11.7685800341799 30.1342665370913 14.5253429953844
1.78979021815612 -2.26126849943565 4.50534279837654 5.11264365203558 -17.2691196380078 -1.28707306505604 20.8095897398332 -0.48561115531385
-2.38197834563126 11.0447582512202 21.7939487115963 12.800143140344 14.8621511605125 5.6081905388676 28.5561548700816 14.2692651431334
4.98634501531805 -3.81676484554943 2.78303629091033 8.87370401634015 6.2314487731604 0.648882315198416 11.5476903646836 -23.4830658532142
2.09399300110218 -3.31382323162646 -15.5630198224764 5.08758134281257 1.82662167419582 -5.1243527770325 20.7251981182723 -1.74339495379657
24.3386278886275 21.5640887994032 20.8081584510222 15.5702293427757 17.286597958246 16.3152984617428 14.2576820475424 18.8179571848989
-7.79586802486989 -3.83014847681798 -0.950318646702331 -7.3924639626004 -6.57663537287521 -7.48119969982537 -4.41292532888823 -5.73449782048378
-7.80636991597356 -4.9231005601835 -5.60840550142084 -0.0711707720847681 -3.52373428117015 -1.34110575139825 -1.17956768221433 -4.86097651526513
0.813514681153532 1.29943082804397 3.04419249286596 -17.2090341688872 -0.947359852531004 -1.05576832806843 20.9367734146208 -0.998458280460427
-3.17962633556598 3.75556584561555 19.326443822875 14.7657818251536 14.3885083182523 10.583966636317 24.4496807690061 12.4142850253826
-10.0807003730855 -5.72459631763397 -8.93211606700137 -3.95756393801974 -7.02319490223691 -6.71185323494208 0.660100812276704 -5.48770982691804
-1.83716440184597 7.01769142676585 18.2298390868295 20.6385756694049 22.5466519172032 7.14092105993027 26.5647170068353 15.3919166807678
18.7845631898016 11.9469882886755 -9.12400755842513 14.276854306389 19.144523612912 9.94047774916116 27.7058264076661 9.66150887254506
8.8614007412851 2.6640781535879 5.16318675088153 6.06592254322408 6.13405323335295 4.52117102385407 -0.124254192870874 9.61044963674929
0.794915144666088 -29.4057421704039 0.433127599188311 1.78679315552831 -1.20522891421255 -0.260156087494397 9.20539898525219 4.78580282633502
17.395801850908 6.18875411290734 -4.08111135273076 12.6139290242777 11.985439516584 12.5997639321562 23.7552375358185 12.7254295543127
0.806139678117888 -4.41413361424634 5.74072623892245 1.56679076621971 1.55886652595921 -22.4895527298467 18.1513289030804 -1.70783120608479
4.0296222949318 -5.60408257167949 5.91457111432696 1.0823815542554 1.43144036947876 5.76504550329844 20.3120232324921 -22.1698080659418
-4.43524199170422 7.64364955258192 19.5559446536873 15.4469933470924 18.4728673527969 8.28600440438274 27.9482267158941 17.2323134888476
21.0908467624652 -18.4143625782372 15.2146942013923 17.2531504988517 14.0416324215146 14.6619763269464 19.0021042940233 18.6252272927754
2.74217916629283 -2.41124009567932 4.38199662868431 -19.8689798524112 2.99692272647273 -0.953409815749296 22.1590162842751 0.335317211952272
2.57581755922709 -1.30833296419172 -13.3582155786047 6.61043700112262 4.5380654316834 0.671176233451997 22.6589791993049 -2.75717832744436
-0.379029134182676 7.12305020539176 17.1487733009882 12.1644294903756 19.7241916221279 6.84076333890808 28.6235565260549 13.374134050732
10.5365043889943 -7.27086980750476 0.625924175082491 1.439902904123 -25.4437770246466 -1.61965356384084 22.5124653310116 -0.88347923358933
20.1997164094556 4.43007291335112 22.319261567316 14.3850383944915 16.1705705462101 -10.681554605057 20.9229336113093 14.4328538369463
-1.66952879948881 7.19659123318253 18.7560861874602 12.6132964339053 20.2269050232146 13.6660983856377 25.6770216670662 10.1365481967275
27.1430877085548 16.8948036822695 18.9710914609426 15.6726331327727 15.8881402024237 15.6144154772701 9.98067326137935 22.6320785821068
3.7536215582631 -3.88826617751386 5.47863617886765 -25.405723166 0.0139105492016607 -0.772649722989732 19.4190574708669 -0.308667308851652
19.7179256163179 2.66026504677776 21.8407817361065 15.7855375804365 16.6386140756598 -8.49864351751231 22.5015140859479 8.92064341852546
5.1130626545299 -5.81481144491599 3.94713910395666 6.28686586094478 6.40835391888328 -20.7414578891309 16.8514875601063 -4.80608010256401
-0.283691372005593 -5.71321545334956 1.10066873780324 4.64583568432894 -23.0684753251136 -0.400141292997401 22.1014068315742 -1.19156169519426
-15.5224469200758 -5.11434907726065 5.03473160398259 0.737071134093571 2.65449801646676 -0.606668750610642 20.730994296192 5.00802720017795
4.46962373740779 -10.7547423276319 9.15967742189926 3.54570592343654 -1.17209362783627 3.94461376289281 9.9136154174134 -25.6809641650188
13.00417031027 -9.36248458215227 5.02366117181808 0.877003080535102 0.133361134436521 -20.6809327782211 16.0590585492798 0.953818757361953
6.57552294682234 -4.54661141375044 -22.6266670557305 7.1350735191934 6.58298742829261 -4.78481031386787 17.4002518100598 0.522507931867109
1.30493552403979 11.8686550323401 20.3531476980262 17.9206791994328 17.1932905398521 9.57432868902408 27.6435752163829 10.112369719166
23.8521855777074 8.75310168525303 21.3367292461871 13.7608239650675 15.325227605646 -12.1609045419155 22.4811515812793 12.1091599472595
2.96241515195828 -4.63233312127942 -17.9106311096325 3.9790045589539 7.80910159858505 3.2096226102776 19.7762792450533 -2.76760993352004
2.04242455079847 -29.4854238842625 0.630655689204342 4.21020166880902 2.33158192034673 2.99875832585245 7.55152309620166 3.61853652050889
25.3707639296107 1.12789629435864 22.5104267825312 22.8099285223806 13.5748610108549 18.8974243317951 23.4962958191291 -6.65011717693557
5.19194132137273 -5.53636674686211 -15.1482738621104 4.04677897158438 4.85762253550882 2.86008337355094 23.7398145330873 2.67518148959266
4.58424780578777 -25.7723762007507 -1.29390756145477 3.85085556323682 3.73811590353048 3.15480560659849 9.2143545461471 -0.671764557684132
16.8425764835216 7.59229806621136 18.2639282204309 17.4312044284851 15.476803646361 15.4215133740176 21.655223141604 -10.3250279758493
21.0784645398066 6.10389860413772 15.5314663173916 12.1515350331974 14.4547333520414 -10.4245593514105 22.2180924064002 16.2927409737232
20.9116631516722 11.1722711600841 19.3526882879682 14.0928374805174 17.0718076709086 -10.8398720651267 22.3189632806905 12.2935197852925
21.1097897867483 9.01688550676464 21.7019810818543 14.0440090761823 18.2720900724372 -9.97261552263407 21.7989180497812 14.7644215716614
19.2713781397417 7.29909347680871 -8.1454881401362 13.7836219827819 13.3280566228064 11.5092378123189 29.1539881147299 9.92788515394135
20.2409208964587 4.14704893390094 18.3612628921317 19.1324099305844 26.8137607283869 11.8660457068946 16.7107801702382 -10.3857580867209
20.8308981527023 13.5386415396374 13.6508905626044 14.6699842926734 -4.19162110323747 10.847916322779 25.4562007629246 13.063872221456
21.0364126602876 -13.727942409277 19.7623912755544 11.6825013770847 15.7264210484283 15.2101766419474 19.4040425449999 20.556351140563
19.1530165279769 5.6261053053395 -3.99187174607807 13.6339294669956 19.9100148517586 12.6466373747393 29.1292841262426 11.1830838016694
21.617984604947 9.01689438686469 18.8010773851756 16.7204309350121 15.5344122588395 -9.37748110332056 19.7338613169962 12.8890515943699
17.5734665845996 6.67862809203497 13.0756668797907 12.1218332918174 -9.67199528089335 10.120206066852 28.1104683211174 10.62419350565
5.29062123387 -5.72292863616168 1.4571652039819 5.09968608721764 4.00921111028201 -24.80223046652 10.9821588187825 -3.7194872905052
-6.75887615869858 -4.63569929882311 -5.30456667705057 -11.3410392549428 -4.14510347925864 -8.81585642075786 -5.72189666946224 -10.318621037677
19.3929348513564 -14.6470047955678 17.6314173718325 13.3478110075129 18.0068450693854 13.4790703758386 16.7265290566851 17.4407197383747
10.9038730303242 8.82384329292303 7.07885361145798 9.29849835224289 5.28404864476653 7.0306230961106 3.19596822015888 6.34870786706733
3.62021383044791 -29.9216062001763 2.08624504502744 -1.21015302807922 1.42987597622673 2.65941871830506 12.6447561689727 -0.99233506250144
29.4287683464809 7.96484219143348 16.9579494622182 14.2017146299249 12.9725769270921 15.5360041005395 15.8933607464562 -13.5308615254369
18.5624090862399 9.94099578072192 15.9768148305598 19.2795536070702 -7.67930672503853 13.7866318988263 24.8927693285829 13.4584144015692
1.45177880137374 -3.83950118443752 3.24398870858227 1.81672684956716 -22.800160513528 0.633144896732293 21.823952349209 -0.0427433644903589
-1.88646541499536 13.6787551455984 22.164074795915 14.9834084396855 15.3742295819051 9.88244816379756 31.2352419098792 15.417642648285
-10.7502452324349 -6.35807414446511 -5.62442345126744 -3.09112023270203 -7.65041685671502 -9.67670264021192 1.84068450459177 -5.02988097788726
3.79000400428547 4.24718784090887 4.87530734694198 6.09366414736465 6.35696087138113 4.70928460131538 2.06693710772651 3.69275166306169
6.48509605827052 -27.3784896309639 2.86940744296894 0.667931125430753 6.39336410677997 5.93199150125586 12.4637750851466 2.80693675352043
21.2051611887658 4.10503319841631 19.6595410082629 14.1019145843028 14.0880297578024 -13.4262840298723 21.8205454178075 13.02412978569
-9.81708426414037 -3.72432199262743 -8.08782259609099 -5.23115623975398 -8.9182361979646 -9.37189393860595 -2.87026295600024 -5.74035150898377
18.4548923571743 5.69078362221194 15.4686166832886 9.02819208627837 -11.4135136045204 6.7668569605749 27.0963791854402 13.2270868505776
3.83378809011022 4.57672670887744 5.36731899066282 5.08509116770775 7.3272357528559 6.18013428332061 0.241744062351901 5.19531706248843
18.9389289926466 7.31730303484404 19.431365151666 17.1309207589637 13.8287039699731 15.69137633556 23.0157817266891 -7.43531718977801
20.4967708467609 3.59840865388997 -9.29348322079015 11.8952345608778 23.4377761279519 16.6580958642105 31.9303539045242 11.815177309671
21.8050734626258 6.90671082516849 17.8289043303343 13.8208581382001 16.5440253885283 -9.26663707039145 23.4607902042732 9.92660483210718
23.2587325023833 19.1998539516696 21.8261850823516 16.5402354919288 18.6059938711796 13.5650460106882 14.1553981400497 22.3980625163685
18.7914512266528 0.584302314340294 17.0696120800523 11.3110336951378 21.5660676392393 17.7506333466902 22.5203266495503 -10.5526077924108
6.26405943583431 -4.29912513730722 3.05174076127959 3.49599812140645 4.49058216660096 5.78942920587002 11.0137157564672 -22.2157972944633
7.27854078066014 0.81838625014327 3.43332875676858 6.99886142942611 3.85725036758934 5.84759464839154 16.3368792833372 -24.5108497984399
23.3032358918119 3.14282460162302 20.3110479626286 19.246464472261 20.1288480457063 11.1725301030846 18.7394796572656 -9.02011624367
-3.01609203281161 -0.150115913598382 -20.6655754291923 4.95461560902386 6.93846990753982 0.385397702288624 20.6065164315202 4.02987378486923
17.8649462516396 2.83925565760502 -4.50832248509284 10.2758698697098 13.4509817024511 4.19133905563565 26.1982398377556 13.9765683182303
18.3701182005604 10.7402463038519 -3.89659488414369 12.9891292407613 22.323853442671 11.3854189643669 28.700781788436 15.9819640282156
6.07416159430011 5.38685312534588 9.58998408361711 1.97434196043133 5.76770552105449 5.99054837719747 2.95249535421761 4.32640512570785
6.62050183213219 -8.46036223648246 5.49290453451095 2.79148831737297 5.07285538177073 1.15207395976278 14.1695327902361 -22.3758270739861
-10.0309498691187 -4.38956587543538 -3.71921742570418 -6.86018276015052 -6.09982293915689 -9.78947870566772 -6.16850511451303 -5.92343778846596
2.8358411222267 4.52386973231378 5.39744729446926 4.07597362349698 8.89244966078856 2.6147398661187 -1.15493521382367 4.2827228162225
23.4806733559311 5.38188367593748 19.3153809773843 18.1844488616492 9.56935002304046 10.4342974682974 25.0463584555814 -13.1236446773023
20.9220790407748 -11.9733337748677 17.1280145031146 11.2725583985504 13.3656553678561 17.0958094287568 19.2036632924662 17.1086844038062
8.44526404131559 -5.23751005123638 3.71584424386211 2.71365675273857 4.13013426182189 5.18191344517918 18.0722888575008 -22.2569894248469
19.8062926499263 4.40138988113966 15.5277204350418 9.98653913250853 17.9264395656815 -9.48006951846592 23.6536923281041 11.4711179419516
3.96391208274369 -27.9675001830688 3.20569437962488 1.01790453495669 2.93416212443606 3.22596677826825 9.63086256987001 5.25943673093996
5.44313976595367 -5.21213899060306 4.41040667608912 6.70966915989015 9.21330436611077 7.8136733610301 14.0786694960308 -21.9597986361466
21.0884526753338 3.73356612877745 17.7206729408278 10.3539877807958 24.4623756552143 22.2820401430179 21.0431923022238 -11.525329203338
20.3767840769106 4.82543362459372 -10.1269950701514 13.5686294511345 17.6089854077708 10.9017552195042 27.9102998872528 15.9953491305477
19.4538131214688 10.0084202240459 16.5933936043964 16.4171493898191 15.2150531297294 -15.141148835664 22.8834295148993 9.64345404032343
5.85853420620166 2.33020494644681 -20.2829358173858 4.76628222400551 4.43111928091304 3.17256303222264 20.3950749700742 0.960185194757789
20.0650209959176 -11.1117053769007 20.340293795479 10.5624988769281 17.3012996249401 13.8874537699228 16.7594495587962 15.6460043908014
11.1449856991529 -4.48701239956875 5.26270202262566 4.86305969871705 4.81797360724602 -24.0765068547478 15.2772193359209 1.50664037576441
19.91325076442 11.792467080484 12.3871035057357 12.6855322312011 -6.95652142522272 9.19533887923677 26.7826553924339 12.2502412403371
2.76227089558486 -25.3583887586887 1.77114846498316 1.75070884267489 -2.42442076849938 3.70251876405195 10.2198646057384 -3.59013610054325
-7.94379574916849 -0.965085546941424 -5.12131748799733 -9.65624254425817 -4.85004730143736 -1.63089256780185 -5.57938760300484 -10.2508685106829
19.869764157892 -11.4822232914967 17.691735316249 10.9133307673547 9.54133289356431 14.7751441814338 11.4525007722666 16.2746681322293
8.3490131715197 -5.39555873361151 -0.52012670472493 6.06636205008691 -18.9307322988383 1.18198463549008 23.6059098482268 -0.697653493809246
20.4298165098762 4.1919504601164 11.4818488430024 14.4395905770507 -8.21898027092648 13.7083700525126 29.9964719953224 17.5866712566598
-2.99978098986006 5.03325878875253 17.1160626409588 15.3219902699016 16.2441206658299 10.2180624891109 29.204987815699 11.0829727469684
20.6761618643791 9.0104369016058 16.2082613262353 18.4903996451221 -5.93895033795577 16.7090444350042 31.4687411968686 18.4148524376813
2.21690630323133 -6.89742699196242 1.96374176270827 6.15809560081923 -17.888972039978 -1.34070500423277 20.5410893789049 2.29697681199457
19.2743834362598 -11.7970614353327 17.9985253457526 12.1910746193848 14.0278767898565 17.6458668260376 15.6310874581649 15.2636802266667
19.5320146380884 3.56647662945426 17.0011599178663 15.9715871933506 15.9845837897114 5.99370263770638 19.6517407324215 -6.65530843732571
21.2689024554618 5.67132598915282 16.6638506667102 14.9023869221034 19.9010288144557 12.7908408670815 24.4486472052847 -9.46505555392775
-8.11439838409312 -8.28077914540803 -6.08614461475456 -3.88326071585802 -8.46185051572142 -6.68617842625234 -10.8516232599894 -7.69349929098804
20.2170018426619 9.79949079429323 17.757691906651 11.2440157358929 16.0490139600355 7.04716817851576 21.6555585141649 -10.2135062329965
2.43298438395969 -10.4015060354901 1.14202746922063 3.04983547672663 9.75022113524535 -24.7125411910371 19.6164150291976 4.55037112050182
-20.1772778048412 -6.43468800943512 4.25117626810837 -0.161790376645653 10.4762306592798 0.858876616288287 23.85238768008 -2.38545717241893
23.1207662990371 1.35448749111564 13.4771266915867 12.4883257390528 -7.61878335047294 7.38425108692596 21.7985707289715 8.73017130781673
19.5385370618102 10.2973429238082 -9.83029860403312 17.1563322126892 16.1125402312187 16.5807508789503 30.6110965376428 15.1895844024559
22.1147435881715 8.00145995717038 14.1653625940201 15.2173311546964 -5.6949349754544 12.3176182932584 28.8451095051867 15.0891548775751
20.7997520721381 12.6555891349975 13.6330984340547 7.67230551466249 13.9137969989732 14.8109386251362 19.0260862883079 -10.4261258519686
5.43227106277056 -3.84302169474883 1.4565665702456 2.85012913078053 -22.9105967405904 -0.951777678207055 20.5797904247659 0.774018498800656
5.43262659210985 6.79680805583961 7.75794053031437 3.46915221190058 5.15162291036574 8.04897084840071 1.07198448785785 6.6010605858167
-7.90975973117076 -7.05063253794685 -7.94517150351013 -7.09635240167056 -8.81959163233192 -2.96882513273037 -1.72924664210827 -6.58420194383586
20.8722308888695 -17.0263210403716 18.3333317892007 13.3275936224101 15.5016227103432 14.4980161288528 15.8329894164225 14.0458617130018
-6.62627519176977 -7.57824684626961 -5.0926582499953 -8.24032570235023 -5.40837237263326 -7.91169934564471 -4.74161111318024 -5.91515926985775
-4.20473021309784 12.7830353055423 17.8780743054102 12.9337006445776 17.651641113392 10.8768705218693 29.2445283258343 16.8881876747387
1.94336558822953 -1.88745890061004 -20.7199268783944 4.76435124203699 7.35863422011831 -0.544150576688402 20.4513471729406 -1.37989472024576
-9.38877505308738 0.299147588851399 -6.34607280711205 -3.39810793002689 -6.02234458171082 -6.00132153804572 -0.489126461957946 -3.38130525816279
14.9716218785123 5.30241600596967 14.7565176419975 12.4182557548798 -10.032226166602 9.70269930504826 26.4346035585026 11.2888844149951
1.04542880477161 3.68991967318917 18.7915805671949 22.1795127751157 21.0846932386791 11.5172141710369 24.4559790274411 7.23257879739645
20.4045178850761 18.3761389411223 20.7656046223156 16.2831159994134 17.1707469534339 17.050902944376 10.6487594703578 15.4313301630683
5.20681267943963 -3.19407336928815 5.46013652525495 6.13916364710387 -0.600591479653586 -19.2809472043169 14.5393505245649 1.32710542435457
8.7595933833288 -3.49872581196337 5.90552977947955 1.06633824157799 1.20782359641117 -24.16655901733 20.1036761490024 3.85152105927586
3.63938820762201 -27.4664840772646 -3.9732262089359 5.24837984801656 6.46971086679949 5.7917789457011 12.7193724271123 -4.33680066208373
5.05361996734775 -11.5159667685218 6.89838366156201 0.740002385648831 8.76981705851066 -22.5401379053105 18.8646034162987 -0.229718228140954
7.5792950529132 -6.81229984089464 -20.9437870503991 5.26304898072862 6.50067360483131 0.840089948210722 21.8504502315602 -4.70352101872836
19.7034194524817 12.2960243010886 -6.71025976143386 15.21190263962 16.4658895194539 18.1940535284615 28.4214396607183 12.6623408119786
2.2331937298049 2.50190413209476 -23.1631847065874 5.36324442110145 6.74004399185419 -2.18604862624834 20.7888062393021 -1.32207659341533
1.24431154563393 -7.434586657471 3.15865618507057 -22.3830231487824 0.237486327683981 -2.70136238781313 23.0347224883054 -2.02644596635012
-14.5544557808651 -2.66700081230006 3.43328887801174 8.25469796072939 2.19691659708189 -2.10911126024974 17.1038305686997 0.858945903182992
24.3499474689857 6.32910586420947 19.3215741892141 5.2863305150135 17.2424896536246 11.58557338256 22.3789306641125 -11.9673198741041
18.5749911274999 8.72661688523547 19.3574862329304 11.6442639625384 20.5429655173219 11.7623277970265 18.7202440544534 -9.05777216868949
1.75001731854476 -7.75025006316739 -16.7622853708217 2.84764212577308 5.13242125516467 1.92445893114196 20.222194391029 -1.86547452668431
7.11213163792982 -9.48324191557757 3.65053798896343 5.08106819609199 4.36937541975595 5.93478913806596 11.3772406776507 -21.9335853218656
20.763890598555 -22.8238116857001 15.3567486717005 10.8970493222428 13.6174691882605 16.4733885311382 12.5414129649847 17.0540897833567
16.8322033421528 3.2516358224197 -0.125205439480573 15.7603949830186 19.167100780536 9.85752795837364 23.229894505373 13.7190387633043
-2.47313989733668 11.2499937017565 21.4594582064939 15.4431321298599 22.548324496738 8.4690307669091 31.6223380972017 17.8366490896474
21.9124086179965 4.6632205349954 17.8066831108219 19.5975285490889 -8.49491993856211 9.00025426162098 24.6960901177092 12.8509267238878
14.3224887764774 10.7227750391279 14.6934278256366 14.3720586897343 -12.1905978564493 14.170459785198 32.7614743373949 15.2615701811614
23.7395973955108 -12.8333249992831 15.959046450637 15.6546008508485 16.9341537879424 15.5213040447887 12.2751050158277 15.8187211433261
-2.35254635642492 -5.30727356472325 5.30191096908331 -26.7016373241191 6.52599706218688 -0.797070767582968 19.0523871323725 3.20189195267645
9.48876663827372 -4.18493504264561 6.78822997059125 -0.243308148938353 3.62183218440966 1.93787491714432 3.4867028228689 5.56921713375161
-3.67587032619218 0.327441063660509 20.202535405034 6.5422857376249 17.3689663862427 7.84886448319022 30.4617788420251 14.461223334859
-3.09470384728043 5.03285838402935 18.3297985562705 14.6245828110729 14.5631632027156 15.444395012822 26.0347690710496 8.40505924012283
-8.16179503639561 -4.42848798161274 -3.11234681669282 -5.64655957249604 -5.59731028420683 -9.57319652630946 -2.08492749546205 -8.00741803524516
0.994938668088824 -3.87120676163767 2.30027656164008 -19.1671740142354 0.523940268026419 3.7842639236319 18.0647571190606 0.101491834435427
0.949455142967857 -3.31124526659826 0.96566083633693 -18.0400113797657 3.62806372236285 -3.63958297296705 22.0345455939477 -3.39358451908438
5.14129402401883 -6.68526830316743 3.13380979895794 4.50664473078307 4.69026109711085 1.48041514831432 14.3656064766981 -24.9035100706342
4.84458667491296 -0.943766619017652 2.16499931969377 -16.5557504828149 4.31613503925182 0.402815072484793 21.0102912082856 1.90248765581452
-21.5655972605635 -12.1774750383329 6.46502647599157 9.21578473166642 -0.367420135968658 1.67637198960034 19.1793539916194 6.01163936374957
18.4340291252105 9.82614903834605 16.4413635273377 14.1403738866959 -9.44890375911643 12.9225467168822 26.1746403203678 12.648743559878
21.8729080950048 5.86333621363031 15.8778023848823 8.27708037505232 19.0243605122472 14.9577743888915 15.4875604233554 -8.93732899709912
3.49775692632071 -29.9853638450325 6.43140650067909 2.76982769558616 6.82799312235715 2.6993520201143 8.05029413234722 4.64793695117134
-7.47220957481336 -8.18633255638381 -8.20213094118078 -1.22252741658001 -6.54754022404867 -8.4198282611485 -7.17695394720963 -7.7274999436562
10.3851952920307 10.742729216834 9.23445000270799 4.04206258838034 9.52864555800224 2.96869028476872 0.829947675454878 7.5704242802626
6.95559859867484 -6.84403568773478 0.736702398007511 -21.7727933301492 2.71621105262851 0.626246253917436 16.6732136272171 -1.46473749907137
5.14515598315435 -25.6590943167004 3.94407019483081 4.33665897363199 4.26652356863619 5.85037969388632 11.418374346124 1.00815761524629
23.2517688299506 19.770515681772 19.4057706633063 14.3413806329167 16.3020879212333 17.6405051999009 6.91283328907328 22.6786444724717
-3.31228954929842 9.25654000723563 18.2878823323248 14.8289687903314 16.0579176840847 11.4704495073657 29.1570502389625 15.4494067725405
18.2814330123964 -17.7957009503687 21.7534569012384 6.53643629169358 16.6308589459478 16.057838212885 20.7692961444135 19.2776596183631
2.34729358043864 -2.97293940586794 5.7376881377576 2.83938043910581 1.0438082410947 -25.940599253646 18.825694830472 3.41879463097795
9.66125736604339 -7.85186156466031 -1.49407543167444 5.50940314391055 1.488110097885 -25.3701624564083 18.3123542483201 -2.54180628602075
-12.7852179639812 -4.14286860457088 -7.51727809044103 2.04856293416312 -5.13047800543216 -5.01048482985724 -3.24887804263083 -3.05282283233501
5.74538317554952 -5.16031242608386 -4.50840974060863 4.91335310747491 6.95547330045155 3.03084087842658 13.874015162262 -25.5480694837218
24.0040430703631 6.9051850832305 18.0025983674116 13.0238819897543 15.9645775857774 -13.2402772933551 22.736601899587 12.2868793547711
21.4431801426902 15.4148692680315 17.3068203524585 14.9832368142501 16.8881762770428 13.5812883309061 7.12506505650986 19.336701081361
20.4199287665432 7.70909018900188 19.8937393036256 23.9492383579055 17.7795327969928 18.3350268843714 20.4547282461047 -8.3805696773279
4.79378710096463 -8.27274163176768 -1.71164587421481 -19.0945623529239 4.85093760294234 -0.20044727428203 19.498653875139 -0.516139238053934
6.1629418625057 -3.69441699303074 0.0681418100073974 6.81096828589937 -20.3217353613602 -2.21622646570723 18.5334203662775 1.92844458409412
17.0558589623151 8.33503217491085 -8.90755606427016 12.3763898959708 16.1644227906683 10.3249628089619 26.6566852861417 11.1980525967622
4.88609245644991 -27.0069808536316 4.83187852914168 0.73572303051868 7.22993172247792 3.55366883369877 11.5194611406991 -3.1250039143179
19.437479065136 0.681719175217329 -0.187118360543968 15.6789724278097 17.8719109209049 11.0322119070612 25.181212282038 7.9099463179218
16.7081691555737 10.8302299436615 14.3779431511831 5.62001225935349 -4.53239476840245 11.6656556311874 31.2174665370491 17.0520651578749
-7.20864575292797 -5.00734292894305 -2.98422909674817 -0.836364259245894 -4.86491421808105 -4.36618743268705 -6.52963849800439 -9.50578214968928
-2.64275817731997 9.78723510385064 18.7084335339115 16.0849680380495 17.2757598917707 16.3229662380804 25.086806985119 11.063615436841
9.03499928393622 2.63235167718275 5.08735990833789 5.1948913686961 7.23656217816814 10.3006098897049 3.46225294511975 6.33866206933885
6.94928691472848 -7.87924269771669 1.84793198954497 -16.8137272798923 3.89551217990676 2.78004186823831 18.4469017328136 -3.59119626098714
19.5403050733527 10.7832867515715 14.8644447675812 15.8547776341222 -11.141939255568 9.97553644660021 23.9810870209116 14.0088657002431
24.7497164359318 23.3286443929542 23.9299828002747 12.9481496459791 14.1519886639081 18.1201446402524 11.9656677552406 20.2743474746908
3.74421946772077 -25.3850704222895 2.80692205402551 2.55895862437446 5.18311136227943 3.61159045556007 9.20972783348648 -0.497686813230407
1.34438789756995 -2.55637473277379 -21.1761309397442 4.47427315668653 10.1715030241201 2.9032048661051 17.6973457246333 -2.61295098514371
-19.6041198910803 -4.92953415756721 6.61297627075626 6.03861242281732 4.0338650226439 -0.787285262138864 19.7907746494455 -3.25682390768761
5.48419576766617 -3.17100010055593 0.837628041509488 -21.049078935553 0.923426703693346 0.348970240848546 19.9063864565266 2.80492856048985
4.82608695225719 -8.01347568146117 -13.1149455046932 4.55306766920305 7.04480781360038 -1.62957388563777 18.8859094689647 -3.69532446045079
26.621771923163 16.9824793310283 20.5479660122794 11.8366833204561 18.3699549962866 11.194405531277 8.85488316473039 19.932121347388
-16.5753265105839 -5.67491562953442 -0.333666678296559 6.89351492090826 7.85261635603772 1.3592098795322 19.6578863479992 -3.10263429513299
4.62488274840831 -28.5863444730009 5.23105472446492 5.73255184815606 3.55896344385168 2.62744273535474 12.2184789506091 -0.049278609465492
3.45204404272117 -6.17230436867522 0.298780883181686 4.52338134526435 7.87825081935366 -22.398340426085 15.4842804083666 -1.85656724127859
5.00051504307468 -4.18944370541088 -26.8360056942412 6.23229770204868 6.04870047649297 2.13751226264117 17.9581780830712 1.40881101049174
23.6318428901444 5.89776723689427 14.7288274183603 13.4428523300778 17.193527869824 -10.1702302277432 20.9885711386713 13.3364413975787
21.1679440413822 7.92798637499618 21.5488607808928 17.572345430618 16.3231000913843 13.2081724553879 23.266079125923 -8.26349896903663
13.5591962976571 -4.85011998000044 4.74895379826707 0.383956092310363 -0.895214339204652 -26.2125831413444 16.3081365434803 -2.21397062878115
-6.23209768546779 -7.12738728923157 -9.19238447733649 0.865381131418368 -1.24342600394047 -4.87836810825898 1.50919743286094 -5.28634778119212
-6.38344729488638 -5.51140878652592 -4.45428130916784 -10.301170416501 -7.01095848324312 -7.48268561217404 -3.05655212870888 -6.28873665466689
2.88249413462496 -24.2432667836725 4.21274891710187 -0.0589782095285218 1.89328975053459 5.39762054522935 10.606443569205 1.7908680252942
3.56323554702796 -25.3292481458178 4.49670567114716 3.49867144716499 2.57351034766061 2.75924604745064 9.3559863791959 9.20509718380435
-17.098505380222 -9.23528811502894 8.28308215522571 0.701083856558792 5.2523513577472 3.17972826619921 22.405210035904 -1.39331505902974
4.07439351064738 -26.9266800617905 3.93630618432031 -0.826797082255342 6.0382902736144 3.91724819095081 9.02432166333172 3.90542320903496
-21.2747555128641 -3.85248343920501 2.5754393921617 11.0137835260698 7.32400257377054 -1.1214656018698 17.2353225730152 2.50537818635517
8.54086047463862 6.05894169406094 4.55257657408092 7.06004521303449 3.44172811499506 7.86953937611522 -0.691173713370658 5.87065057426011
7.45404911254083 7.52457618328415 5.45734092178125 3.79736204617428 6.45823524504877 -0.169100099301228 1.90436840993212 3.63938242497042
6.21809158159299 -22.520421447179 2.18126745227422 -1.20210200582631 1.61198378697324 2.48637555343323 9.54200129263923 2.42159377995357
22.0022462409246 -21.3776321604039 18.2354613052185 10.7060302758398 14.183844075598 17.3074980074308 20.0083295152086 17.2094873224556
8.77885304516105 -3.91703089112358 5.5951340888612 3.71561402130054 4.24042138078574 -24.405402972004 18.3473175438918 4.25582946960095
7.25130844210241 6.6457612757567 5.61327195727537 4.88173039778035 1.24561346840041 3.46050960190653 -0.255214549021805 8.40345102238232
4.71945758517312 -28.8195275680905 9.9141896190964 3.92500149140153 -1.51973252866855 6.85600433099881 12.010327683346 9.00344570756009
-6.70777684034243 -3.86059290267719 -10.8800154523662 -4.55750514672708 -4.35666068151095 -7.84550154529782 -2.62778125954697 -5.32892381584755
4.43353817268361 -4.42907594296899 -20.5430129868829 4.78763308027995 3.9088553497201 1.85545545960859 19.4957221610267 -1.14315646666905
24.8966149435403 9.25998345565948 22.3050112124194 12.8251107532073 15.0417143259742 -11.1292415393286 23.5946355535584 7.77132838410636
19.5804815911099 -13.3470076697187 18.2100799767606 9.65838225876003 11.3644576138989 13.6885172312763 15.1837633183445 15.7695464360981
6.56531099380803 -11.0349831676625 3.46211771688471 3.44057864244886 6.67274205779053 9.9632949562716 12.0249952394093 -24.2749171708073
19.6605449818306 -0.110598246290841 20.6675750311866 15.2148210063251 11.8769188171053 12.5174112332689 22.4424005601538 -9.33424897955914
22.4991628096142 10.222822750962 17.2900742441318 14.4943468659135 11.8206955074081 -10.0686836966149 22.4575291828662 14.3647005597717
-19.9808858681714 1.44440745989509 11.5828068466097 -13.5106592524728 9.10226396424986 -0.72062120362622 16.0839975269298 8.21500294498438
-3.56465769120794 6.51553674004027 21.0730947319277 15.2384557300457 16.0751137494418 21.2462152223475 22.9644275406517 16.5140862131404
22.3801143664731 2.66725777022822 19.2044509707305 19.7992482881813 20.7809529004933 15.8328397954087 18.8636497712084 -11.0420896800077
4.27188849237627 -5.39487444684588 -18.4390290475743 7.17832651257285 7.05457226645376 -4.56289698066888 14.7587593989854 1.66410127278544
-4.3897038250744 8.09232067061409 19.9209389736936 19.1894998205327 18.5140797541172 4.5784843307927 29.0569348548904 16.2817788241567
18.3927728704552 -11.3710442713533 17.7262185892264 12.2027127766736 11.6984102344842 13.0226587670013 14.9126970571111 18.0691624594086
11.4680741317813 1.8174366019047 5.87605863165857 6.72968598368969 -6.25089717230918 -24.430558466077 15.5300001191974 0.906373221806689
-0.666163908012352 11.3777994929541 17.2313095634465 11.4421918848889 21.3750666625895 11.8222186649357 27.6783672307927 11.4538195311494
18.3133771295178 -16.1497520658768 16.4770983017738 8.91835334103869 15.203366403019 14.0174584983154 17.8118266617779 16.8753693440398
4.6560857551477 -8.12588193870227 -2.32756453306762 5.9120442235682 5.16988037763433 -22.322373817949 14.7163223876113 -7.39583720740232
5.63006446714995 -4.29644043204571 10.1066353852954 8.00509251669222 -1.95891229928172 -26.9422448159712 25.436986053992 3.48653476885059
22.3416222162452 5.19123344262811 11.8230250856152 20.4325447371935 -8.93313959747513 16.1626670129305 31.6788838191992 14.558495124254
16.1021920068348 8.52240948510818 -8.60669307016483 13.9486689639915 18.9237556379309 12.4062883403614 20.2716766385206 18.1246126821453
22.8150549040525 12.3288004367716 19.7833137888035 13.6738718207383 17.0612138853704 19.2525467276755 12.58008270678 20.6012175304759
2.81351684604761 -3.30066542256458 -17.4137741096596 1.28617219708926 4.88162232817666 1.45316190507927 20.7608130685458 2.85731227242319
7.3508084484639 2.64503658410357 4.19048125294532 1.29911015291668 6.47597697909418 -26.970771787352 15.8248292341577 -7.99179368605889
-3.07613183621504 9.96517566189423 20.0751797546948 20.4393258011755 21.6381112238948 14.2992953161123 23.2419211443295 10.3987666276548
-0.339034762314922 -3.96391157402731 1.0910812067302 6.5461539069457 -18.3596333749481 3.29655325663268 24.2075030631275 0.504006120478236
-14.970962591549 0.647947517904872 5.57734591131087 0.270364310646537 8.40993124268747 -0.192593070916405 19.367397412316 -0.108591120635016
16.8854446698221 9.20637680114055 13.98820030912 16.7864385132 -8.53519341701923 13.8787350493384 24.2798558439597 12.2803460076028
18.9807831197305 0.699507839749856 -5.10092408438778 14.8791405442527 23.3661192949532 5.78613212366071 25.524295072867 11.2245947255572
-0.806149597305961 10.1029179329666 19.6836933018215 18.7281361797334 16.3865630376833 13.0852613371331 27.9539463088805 10.0958654260915
26.7412190488594 2.33734312601242 22.5511624014929 20.2035684583221 13.715488399298 13.7496976771072 24.1961386487395 -9.13174552966942
4.81782520733829 -9.08942312433698 7.42161769135361 1.57738819889058 1.64383364858606 4.42417180643848 12.3779737887601 -23.5753092532414
0.13036905151195 10.2394650606905 20.1941480848144 18.1927547172805 15.0281877795517 15.8571296658591 27.908662009749 12.2539684480857
4.24867424166241 -5.97478705706172 2.50260377681919 -16.2016808688635 4.18304407810904 4.34762482649732 20.7615830959153 0.060463618747014
16.4107829827334 -12.5981335067563 16.8718161936053 8.47552231961318 8.35506914965572 17.0641329141665 15.3380219165495 16.9483233776021
5.34126896346035 -0.611912945191242 4.70451071791964 3.36676287276909 2.72916812572747 -23.9891787855095 21.6315779965191 0.857238182033981
4.09125772629358 -0.456698690003244 3.28528879872546 5.93318487809592 -21.3198972135773 -1.09402741100309 23.8484974036559 -4.95084030214577
22.0228138082788 10.4200253782261 18.2284538558612 14.8398568949947 19.9273943775236 21.2293965425121 17.4146402994546 -3.42471565229994
20.2287134270427 5.21549069011219 16.4682252802039 16.829388157815 -9.11336980569457 9.67253086096846 26.6136091123732 13.1610810975961
4.19080974555258 -5.19566883245525 -19.98639833226 4.19862969015667 5.9397240868659 -1.41225128048156 20.1138025034495 0.0127289995735368
7.48129265493407 -5.52223973569611 5.25858017113006 6.82343137522895 1.93046744341018 -25.264268403001 12.1051962832612 -7.02668742220468
17.6141275256291 10.3513740857849 -9.33407249725618 12.9951133688436 22.1802740552158 10.7050303405917 27.3040505068966 11.2320729089713
22.5064327789198 0.278409662894693 16.076164630492 11.2828846534521 13.3272501694283 16.2426194533463 18.1070757917894 -10.6948369968329
-19.8494286174515 -5.11386290084187 2.4980917060741 1.82068107426888 3.91730513354639 -1.17605843348049 20.8561891154986 1.87065546520822
21.971205382553 0.98300504489113 18.1969474370128 21.0615178279494 23.2538039119606 12.0321509244922 24.6853169475086 -11.7501696482605
8.6557844410718 3.49332361429856 5.6770940962557 3.77634018121252 4.41124651007105 3.65815552462921 1.85658236928635 9.52142418872851
7.32413361519579 0.267877984658227 -1.44646651607029 -18.2433271166846 4.24659891082359 -1.57959991817771 21.8580982837026 -4.48569583100275
-5.00194325075475 3.44932206338903 19.1859097253014 10.3127562080798 22.9329611491471 14.5633045094309 22.0093570791841 11.2854887404193
8.28228652514626 8.86058594852001 8.40182825969803 6.31303204023478 5.39385206877395 7.65628432012819 3.73678510789784 4.01886535115816
20.0083665929272 8.09707146984233 -8.16050273138676 14.8943991775475 19.4681202574387 18.1733109134379 27.4678123394964 9.94563231835377
22.1996713670795 7.60297377960866 20.5619068539468 13.4106921281773 15.1635583062412 -12.9510075959885 22.3845044092298 8.1172659920124
3.98897098181231 -2.36952478472721 -24.2680187665103 6.27490003866829 4.99023332637554 -1.76167857159979 19.2201409231121 -3.0577053184594
-3.25612408173561 3.54163063510258 22.0682592887009 15.7805925354774 18.9740397165125 10.2157621097052 26.8409683049831 11.2276098394251
-20.9299128527582 3.06727726554905 5.7658716289387 5.8587613195265 7.80751984123837 -0.717847724495208 18.9516402428285 -0.403076631541009
-9.60498005190286 -2.90846151785062 -7.83353220738834 -1.79870981693338 -7.56601149115793 -8.55854269584306 -6.91284610608563 -5.4421790587232
5.73501389680511 -10.2479259126091 1.9520500215148 3.56430085661563 -20.1062170731286 -0.453992445586706 19.2351694868361 2.65013529511902
-11.1939521299154 -2.03629837194066 -5.72415791155368 -1.93786177252803 -2.3857576853944 -2.82594320483317 -4.14344857874918 -4.71611498945227
-9.91533264002622 -4.71247592457336 -5.37780222872578 -4.38708668468642 -4.64958142559869 -2.06931459096529 -2.69739231043143 -5.45233116615726
18.3570753888765 1.52167637629005 -6.4272779404899 14.812912421423 22.2322743289977 7.38621029626437 28.8009940814508 15.1744116473112
-1.89789671301094 7.90109209389531 16.3742925847688 12.1009794592287 19.3540448165803 12.9773285580966 30.9531951343467 14.847994968371
5.50510487931965 -2.10052728768066 0.8239631725555 -21.0897856154541 0.0279370117481967 1.3207798977709 22.1692017603506 4.94743074528016
11.9401295658522 -3.72250938797626 5.87836244347419 6.37187522682125 4.13372742697837 -23.1572922183867 16.8500191352757 -1.95992829396793
20.7265466130497 -15.8821522495514 16.3150787816329 15.1822746810378 14.4178394571158 14.4875803945415 17.2024253473517 17.7139824494338
6.04229507107261 -3.45686230114038 2.76252076623921 8.10745906094357 5.67836013833467 5.92827721118136 16.9495482859017 -22.4363303833819
18.6528027358097 6.73316872917476 -5.26656936754164 14.1646090830699 12.3283112085264 12.1700080937995 24.0093433643693 13.8769715038934
21.7414364937683 -2.17564647264074 18.5605548310241 12.0622521483867 16.379107495144 -12.567945817714 21.68531910296 9.74659986166589
3.03515575222229 -27.2547721079324 4.78282139035205 2.29212531950635 8.84363700912455 5.92219405726639 12.7653938455154 1.73432476419895
-4.32793075150198 9.20199036713673 18.4876715918699 17.3799599446678 17.4507906361244 14.3282270200715 25.9495115461147 12.0032583686842
11.534666580502 8.38959837557282 5.26262354253259 5.10404761176869 4.83735071659749 4.40018964892618 6.15327091268633 8.71485836793857
18.2996971399314 7.64948962707033 17.8649749976216 14.5870640138881 16.42329176638 -10.8485533429429 25.2255012940134 10.440966016793
17.5154545784885 7.83514529794146 -12.3184835375518 12.9376283636122 16.2720140225728 8.97808021888335 26.5710812579646 14.4920269220454
24.6211667944853 19.727686695281 20.0573925908221 13.7478242110909 19.7334452868888 18.9744703688446 7.62146963274578 23.5832262073876
7.11743094461846 -4.25587094952436 -19.6634127264352 5.90473529460334 4.63698437664788 -2.49729690133623 23.7016274040444 0.80809096088818
3.67917747841555 -12.8162307598466 7.85161061787014 5.12363918915725 7.08701751783919 -24.266168645289 12.867694906145 -5.03059048006154
9.72385460029641 -7.79511402064677 -1.66114615990469 6.81287340087512 5.55625836789548 8.71402696721789 15.022982018601 -18.8008761520455
3.70289659773908 -6.00896419814374 6.55608377718101 -13.7815998131786 4.01015873965517 -2.07230392858763 19.6316674382296 1.87823103152381
5.36076332403492 -26.8714387303564 1.18753705139158 -0.026649857032178 4.17423946552988 0.927415835397197 7.5677089185024 6.06548853584153
1.81298992021484 -12.0969502865766 5.39617348037513 3.01870451947358 6.68106006418311 -25.0563647070651 18.495726686499 0.861244755506419
4.49248595861121 -2.6547078547137 0.172408716875748 8.39244026921945 -17.6176225558444 5.64862518629317 19.5144387541594 5.38879562202644
21.6389498833188 4.33055627834901 17.0719205108061 10.3763140465359 15.9797575194201 -12.2065935587976 23.9101152619725 6.93407498552297
9.11939438857692 3.48410349181571 7.16685685717107 6.5472371470066 6.0885421779704 7.6949024382409 2.10200158353891 7.47977753337194
8.40513733251645 -2.79487694144329 -0.184814584598462 4.89886012867315 5.06802577722991 -19.9894805816867 14.0065688828371 -3.35063199717754
4.62551097288058 -27.3740704808865 3.5339851676819 2.7439097909913 4.3577588524491 3.42794247173976 10.5078450681236 9.95504193201888
22.2803667316134 -14.7372087378774 17.875440857343 15.5533405404296 15.7725324153504 12.9700784294481 20.6068666039669 17.3520312259025
-4.98153681628604 2.83123675613724 18.0021795613314 13.0338616569782 24.6017083610458 7.93828605952297 23.9735615426164 11.7446218947718
-6.6281757407804 -6.56305211315605 -10.6611454838589 -5.74674355473979 -7.08671510811494 -6.31321600174912 2.25024558040213 -6.16278336670194
4.36587603343122 -23.7227553969736 0.891242035155837 0.114364685312937 8.23543589981444 7.38065389379305 7.63663275059391 3.89491561891079
18.0937927151747 5.10808426290774 -9.26630312417476 15.0678803396814 17.4283905701051 8.97257734966598 25.5286965630999 9.79680491847293
4.27764226079431 0.0521633199840119 -19.7258425823056 7.31592127346717 5.94287288675313 0.0207042148246895 23.6832210208999 -3.01768264875623
8.17407833659078 -9.8270053791655 1.72966355999258 -17.0904516851331 2.87152407424349 -0.309198215750046 17.6330547521615 1.23250593482264
4.40290256764752 -2.84378576066683 4.42960046707252 4.93935692384192 -20.2830294395711 3.57191316642007 19.6410189801201 -1.71958435448578
4.46202106462015 -27.0511379821619 2.32725386843887 1.94705439426244 4.64327332402297 0.503023459651559 12.4013593641554 -2.28809059640424
20.0604128523351 -13.6745151973283 13.3864974692912 9.78337353290121 14.9654471996069 11.7308004155657 18.0947173004467 16.3268211122848
5.50948822757787 -6.74451796776311 4.23499810214826 2.99961788958396 1.695183370568 -5.77589279578328 18.7070861453706 -20.699523675139
18.9751167490953 -18.6538711114329 14.5135297766409 11.7843717368921 11.9323614457557 18.2850624536142 14.4783137988122 16.3836197625411
8.14026659226294 -11.7207078089351 -3.57159430776834 4.84764275166606 1.81623606898281 5.0310915162103 11.2925512667722 -26.676928297632
22.8902279659654 -13.791991750333 19.1854044153337 14.4677497939107 17.2235553910426 15.4056590068174 18.4132625953368 17.5169884406504
2.68787406026437 -5.60980098875007 8.88460616443469 3.15088467986028 3.32323498082225 7.33281801634885 21.4441036483264 -22.9967507489415
2.40975532836212 -6.81437944159618 -0.935956417174152 6.42545417669067 -16.4757246667246 0.714601880953946 22.121773460474 -1.17016984312031
-3.33001136614813 10.1715699124629 21.1528357065687 4.88943360531385 20.0618188190147 2.7727607723822 32.5113800709479 9.48595487044367
19.7597752606824 -15.8554855562792 15.8925104785703 14.6885008351372 16.1146186398059 17.4238133390859 18.8493368510738 18.3662372355366
17.7514475284557 -17.4074046846998 16.0394792926658 9.95220262981039 12.0324330392489 14.7790354297072 18.1290259401025 17.1585871120338
22.0298633711278 5.09010143351252 25.3011258497437 15.9222572717292 14.0092212519154 -7.43538892286908 24.1530473723591 12.7546236462592
5.83051367087033 -5.10901106974493 2.25514685476442 3.39070071134745 6.69600943544265 5.5015125603506 15.1013268007547 -24.5886675339713
17.4156761722953 1.59254972024503 -8.31848585501951 14.6400196324896 21.0671312031448 10.3785660812928 25.0447438969152 13.5080938895447
-0.210570776048576 2.09632019061534 4.75502411243184 3.43003388733273 10.0693730557917 -20.2094693356222 15.2233671413357 -5.69733551184989
4.26942452351415 -25.9246973198115 6.36841436865285 4.41276377223985 4.31518664105585 0.826286214440997 9.39334919771012 4.98056558180574
7.91251174907142 2.65750764218351 6.67124795939158 4.71011665968439 7.09930880617387 5.26002992675396 5.38653972262817 7.68084248948193
17.6548744534869 5.09341200956117 13.8598088227936 17.0389833156642 -8.97030661986636 10.111581950873 30.8914796834288 12.8085351296555
5.80452416584495 -6.10838202503876 -21.9601510784529 4.43301437447638 6.43832656567724 -3.52904242438825 21.6606546079035 -1.81278026243262
16.7556638876311 9.05159571418216 12.3848495680606 14.6857215041037 -5.61236054606142 13.9533115014487 28.827506842136 12.2837063396172
18.5557671006836 -3.10791288270253 21.455237009577 14.8488711633298 17.9452302741601 -9.74920380123364 18.9539155824504 11.4760968812357
19.033744794702 -22.5285550790353 17.1282022077383 15.2571067538687 16.0580389392669 15.5057722499587 20.3896875958211 18.3063951016654
-16.5555830004356 -5.20205735888262 9.03660674300916 10.8807502733318 6.98950782859402 -3.04899136419757 21.8018163169962 -0.942112737983233
5.71094248308227 1.5767951122732 6.23677566869279 1.23236459622974 3.29772998300229 0.215986081942516 16.0709947670003 -21.6036555932414
22.054142007482 5.64960456549805 -5.44362922484634 14.3157993175797 17.60453081739 13.5714963891022 26.6927603268617 14.3135415213968
3.63297667617146 -3.55401421021543 1.42425424695507 7.9424791266955 1.97559949888715 1.98496821663153 12.7542753572861 -22.9230102434526
22.9130676693241 -14.6275974177281 15.5412493462717 10.7815618322893 14.8061198748349 12.4329239568611 22.28949343025 18.6754325096794
2.47292980452958 -4.58203268209766 1.95536394540773 -23.2123331579362 3.44003836301572 -1.23501259456531 20.7554030573553 7.21775176682473
20.4177859565031 1.10634420490304 21.4538732057035 13.5882494489489 20.0131725419093 12.6492129735036 21.5759245935653 -7.29388242612016
1.85123646374054 -6.519414225768 0.855284080857086 -25.225526958781 4.4438465190738 -1.16248293980958 18.9979313723432 -2.73766100821599
24.3956040167263 6.99643646186304 19.4787989664487 14.664989278676 16.4137924574526 16.4710450603288 26.4262285311336 -10.2956523375736
-7.84961118735263 -3.88428825584677 -7.45821568007031 -5.89172824382968 -5.97509821531421 -6.01720036041983 -4.65283302825817 -6.10530272340628
5.13664600929672 -26.5541655577697 2.38999034981671 1.90303604797963 1.77719487882481 3.53719404786767 10.8329081067948 6.87241167589308
1.50340350539892 0.891093691127369 7.51399470276602 3.48392769473411 6.24295422608135 -20.6617254162769 18.3184922848928 5.85434484017279
1.76237782517333 1.01055428933114 9.43812460818283 6.55342145631824 -0.00921214082631838 -23.776055532006 13.5985023040475 -2.09196098395871
4.74638015371021 -8.7729538415305 1.66475385605017 1.71930248191474 -17.9100642246099 -0.494365959811872 20.7928396685177 -0.336637394193023
3.96778996225888 -1.31001490760673 -13.4990665111502 5.76580941462708 5.76441982866343 -4.5709044435649 19.8832133587582 -2.8388093446619
15.9268462712731 9.56178189205684 17.9756499090623 13.9800916238756 -5.77508812203155 7.82404846021971 27.4720194876342 13.9796829300516
20.4326738567856 -12.9506870301168 19.9736099676938 12.0371957393797 14.3539381241056 17.8896446307533 21.8279608890698 18.5054328148171
19.2058830926246 15.948684080521 19.9823613091672 19.7712262712223 19.7472028636047 14.4582762739089 9.69232534469946 21.6221899278432
21.6159878435225 13.1387032917737 21.1734860814829 14.446886683136 17.2603164240608 16.6729579433298 14.7201091840462 21.7646575530625
5.97644120547424 -27.6263764623423 1.4233376289431 3.86014841704135 3.16065647989697 7.65062153810368 12.4499902239193 6.796065608071
17.8871360766305 7.50255195124459 -8.79788931643095 15.1646375181421 15.2358947917056 10.5618984299102 25.7064400927714 14.7728607383403
19.5417204406737 11.056593084352 17.5233903247252 14.342393481136 -8.16868879608008 11.6257330937984 28.5045913884751 16.6769696375442
20.1515085365383 9.74206669270223 18.4860871111701 16.9713374793935 -4.72285915735331 14.7596742667488 28.6319656557495 15.6299661802075
23.5479358799636 2.55090711016035 16.1658689342499 17.4841917884541 25.8717621761884 16.5855724984898 18.2166616361526 -7.76949817397297
14.2941734962797 6.04083177647323 16.6220851708999 14.982772231264 -4.01101100312533 14.7115628566303 21.7985920073537 13.562683784357
3.48114102865983 -11.734931186087 2.29988759585977 7.78492776325454 4.03400248662889 8.88613161803184 12.0604112806528 -25.7242899434067
2.50722530869516 -8.37714181114792 -21.025023973075 3.52930312387671 5.56595835374588 0.626319005369703 21.6074624000097 0.321213085306348
18.8350011218681 6.5065331580553 14.2096374028805 17.9234444033555 -8.801852429766 7.68773722172089 26.7285366650832 12.7344881622412
17.8612125517135 -17.902770587188 14.487684846247 14.7013805627544 16.4782088284072 10.3983242154549 13.7041881482522 18.4024765903819
24.9478829093191 1.40697011101566 15.3820171896124 10.2927217221255 12.5006670360328 16.46034884756 22.0562345931661 -6.96964853584979
-11.294136148818 -5.73930289321559 -6.23149680915824 -3.78240967850512 -5.20028788678962 -6.32573380788648 -3.20680681617506 -5.81994753729868
20.0234979617256 11.1994122133594 19.9639939859831 18.7651250601269 17.4680298182349 8.41448089319766 18.4681814445153 -7.65063377576696
9.16685275580237 6.19149380664842 8.47767979136891 5.5400386870181 7.36666045457475 3.8417589314094 0.109158911662654 6.16741392307528
18.4368601602433 -16.2271982987424 15.9621147561254 10.1945293095531 17.8515674838272 9.55480708639357 16.7804291287143 18.0944351406134
-17.8609995081807 -3.30615717068003 9.26238662774982 5.13812491747095 -1.60952236135582 1.89074376845668 18.8518187903637 -4.45231097845831
2.63162463309322 -8.2899648264394 5.65684809737243 -21.9542328241811 3.35210341414816 -2.57950572644306 16.3032635293816 -1.9027721315974
30.0634385272572 13.1637411784831 19.36911266281 17.6848673686692 18.0984284508141 10.4871540514828 7.66910808021334 18.9060674782942
20.0419571500707 6.97074163173407 19.0407371588879 14.2878535212872 16.0049441788026 -10.8882854149477 22.8220175733443 12.7105496464621
-4.57416865952726 -8.69693330806532 -4.6981382736026 -6.02779181911757 -4.48672710191424 -7.51469843265414 -2.52111532077562 -5.56901271062632
2.63795143467562 -5.76733308275342 -24.4077746403167 6.08291102830871 8.86988168609293 0.938768770696105 20.6845832621245 3.22921115298103
-8.33506977023499 -2.57789643537027 -5.44266114397425 -7.63153267038199 -6.0936296291173 -3.34753751461247 -2.30207079064503 -9.4258094001965
-21.4077682370506 -1.70574501378149 8.04199977099927 6.31677344986859 8.42126800555011 0.807633251487521 20.6471244434103 1.99978632919316
9.82379169092183 -5.92513525297768 3.85121782913657 5.65903963699079 10.9619093769922 -24.9021830641551 12.5698890688578 -1.34096801757885
17.8788542665513 7.95197402192837 8.40677778394981 14.7193193946225 -7.4226072409702 9.71729807343128 23.5781193063768 10.3936313548926
9.72007654521633 -1.82182086676647 9.62920846285367 2.43699720785923 6.70716133292952 9.15131063802203 4.32169965894914 6.84208570327178
14.6997300683831 2.20417801959183 16.8164697315768 14.8305815477795 16.8897239002801 13.3876672955213 17.8919228713429 -8.28821201868285
19.0218774220025 14.0705889375626 -7.24704497829407 13.8169159340207 16.8321144610585 7.38014218243892 29.1252924235261 13.597781397186
6.89262606986212 -11.1898506678734 -1.05957229981994 5.74324096379752 9.15639428163621 -26.614139247614 12.2579345012614 1.24654709705644
16.1699579768311 10.0315218953706 13.5523622024787 18.5372375858981 -11.7356839515077 10.7478188285083 25.075679931732 12.5511274476508
0.656907565287903 -3.0920153868846 7.1145319489295 3.82671138809615 6.14315005015875 -23.12450982635 14.5525168754923 1.22938373793827
18.1397155970449 9.62652100997902 12.3175202104878 14.5145319060703 -7.86487874847919 4.84015831386255 20.1028448252342 11.0259480776193
-15.7951678946564 -8.63873559364202 11.7846166680015 7.41204159262006 5.20122867275438 0.772226874313119 21.6062488798475 0.16137507201279
19.6819621239589 5.79308309548446 17.154824477649 11.9483378714172 16.6986051265012 -12.9135560718919 24.0697917665311 4.63191143732416
25.8647097938714 10.2697825579691 17.0712117954974 14.4367372870807 14.5596700839814 -14.0855713241155 21.8962215068578 7.03176762234225
5.50765606981515 -6.41331482375701 -13.2236501073658 6.52616923963738 5.6059295550437 3.78884720299661 19.9435678498025 2.70909027691871
18.4215021476213 -0.567586418455216 17.0185657691811 16.8136234381492 20.9464292910044 13.4757659499751 18.3914544445292 -8.55670295597404
4.36017422715505 -1.76676067508848 3.01152133253775 -0.156896529333978 -25.0845247940304 1.47486348438167 21.6862433220948 -1.55770164764521
6.69292772011418 4.28977027279807 4.62911862701641 5.12495588184833 6.9788318270663 6.66977594826602 0.660028691190307 5.86420401688617
4.84511449994463 -22.5155290901491 5.15581383346886 -3.00226181212833 1.90762203249227 -0.0386956017303999 9.53924683575606 2.33673601820207
8.60576468830874 -5.18242711354422 9.99706894757547 5.5055350264665 5.43427001430145 -20.7804163139606 12.4941310514197 1.8086996945181
22.8265501105508 2.37956513992691 16.051895958477 12.1673147445428 13.2173429688443 19.5565147462633 22.9431768392955 -9.14233592376948
6.21257962042938 -1.17835649958201 1.19031045634177 4.24245186873653 7.95543278394882 -24.5334337260602 11.0543071520118 -4.98803051001105
-9.34060538746912 -4.38282380604312 -6.21267037168431 -4.22567438756132 -6.56986246426047 -5.63278331708785 -0.8246478578658 -9.57593641868843
4.51758511659226 -31.6373803705178 -2.60027956762538 1.85817006536151 0.265362293799314 1.67062406147371 11.0958691421732 4.09382521715965
14.1439687009686 17.9358587978178 17.3635859920711 12.4479086375329 16.2101661302023 13.5179575134403 9.84676512614292 20.665378938644
17.8479151462131 -1.40480978755466 19.0317352485456 11.0807817683698 8.54855795583904 9.64273491422029 20.7903063533796 -11.763157409989
-17.6450299750748 -4.2717416669864 3.32780562605331 1.94718573969798 2.35533256544817 -2.3901700412929 20.6688974490488 0.0499299781096031
-3.7694886262569 4.42987138205262 20.530597718411 21.0739074030786 18.8414971857406 6.83405823965515 25.3149466871544 14.3942347004755
26.0586871356238 -0.182874863348649 19.8515734550754 20.8048639226882 10.5890798527062 20.4280364839703 20.9338568826268 -8.6526014874617
6.48362971495668 -6.02688096069939 3.5030688281302 5.65057476748836 -21.8888058182126 -0.116488979134153 22.4594138601449 1.59817377126439
18.6930299374495 -16.309413272586 15.7261686446174 10.9183953950242 12.7206940833753 16.0466240739721 17.1420838108308 19.7404822633097
6.41231090568551 3.30428454797541 6.91174897322164 2.82410628557566 8.14813008553111 4.38986135224202 1.85984919850469 8.84584739025974
-4.27349298977374 1.92523254067 18.4764491477237 15.4037428040675 13.9241308699081 15.6004252512398 25.4741624608983 13.2258813169045
9.65667704974968 7.74359388860279 6.86725986342273 2.14643259683394 4.04365162993207 6.0217607931931 2.66316405518721 6.45479631355864
-19.4888185631759 -1.62557790642417 4.68771729829081 12.4215920637962 1.37445809166125 1.42612180158971 21.9405014085432 -3.76388442346608
3.96149881935299 9.63125600016536 7.18640120996843 3.68612408849248 5.4405638266506 1.89072619389303 0.619582091079733 4.37026629608056
17.3278122300611 8.31984982190732 21.1424197858123 14.9765427606617 19.21473917968 17.4996961191452 25.3951293594603 -6.40971007878353
-6.68808614340969 -11.6684085987764 -6.14304331965747 -4.40129795753711 -5.87238424294971 -5.08103046845564 -7.276894399028 -8.11008133807086
3.3464828680183 2.24311046613856 2.02884806046719 -19.5477637282533 3.55930026989142 -1.61512575896099 20.3448944988685 -3.8795589889668
2.85186324468292 -5.45803552162091 5.3642063693343 6.62691564344386 13.5960240563003 -20.6452969707939 14.5786107894782 -8.78221468904755
21.5078974005322 -16.4398295134467 16.9363399594419 12.9116092506069 14.0306474218376 13.7294777206177 19.0118487958872 18.2578732687411
20.4574929012902 -16.3885342431705 16.1474710915791 11.5151404896859 14.9070467364058 8.8405199265839 17.7563454325598 18.0229269770865
-7.20652213044247 -3.60422977127065 -8.64724260234101 -4.10447858357514 -3.83315136824734 -5.90329185902552 -2.91355103950934 -4.85953685044556
19.8766081936655 10.9464225931004 22.8910754965106 15.337857867695 13.1499116541331 -11.4544764329511 25.0317296697027 12.6605580014514
26.4729157773502 2.12631558135934 16.3014087729399 12.0764386338676 16.999909576895 -13.2272963421454 20.3771996295338 7.36912151232181
18.0267781099682 5.31172786789475 -5.75703159349795 12.7138341712015 12.9626247794379 9.11438914901039 25.9979783882259 11.5374713797651
5.74373366378377 0.279810617233756 5.26891067126352 3.78743251276689 9.55754577235106 2.74636074038451 1.85255564686309 4.35466734804311
5.18185626890198 -8.00140751755405 -17.9259969182463 5.97373985049814 6.84437729028522 -3.56979593045166 22.2217857118554 -4.0167970334856
23.347506244927 11.0137371430435 14.9176803826825 12.0644373330199 -10.5668928456778 11.0280371783724 22.4737597254246 14.142636962108
1.97114299104803 -4.29620388706507 8.699628592439 -18.5812548332759 6.31714953409513 -0.0164790825410498 21.4555626826583 5.54421121269652
-1.69587555115588 -4.73401382740062 -2.05818968770948 7.3249704733439 -27.7727500989291 2.65490426426381 24.5765067795284 -1.47162913844385
16.7716972082616 17.8569693983133 18.3219151977203 15.7488754564632 19.6053772028584 18.2338489684963 7.96766678874929 16.1516061547707
7.3834926171803 2.47325639241951 6.90433011756332 2.6581728663296 5.80943433039469 7.32991659011403 1.02761838430508 7.39907655637212
3.21547111603373 -7.74117943244805 1.48842122857983 -18.8561743205145 0.474562581843955 -1.06703445994949 18.2269281617393 1.18345808889036
22.833471240111 10.8911635489194 0.0358439665740855 13.9446537458275 16.7157832345248 20.1204617862251 31.3005194062455 13.4591581566046
18.3309800936087 8.43084699514066 -5.79934599922696 15.7741700380698 11.4161411913226 9.92725129157986 27.3675945164703 13.1008224737082
19.2308862906744 5.63635697483089 18.0080953425123 14.4068673299371 -7.64378575885967 8.35775794807231 29.671421825765 14.2607096043784
18.5128092555448 13.0441700538581 20.5557643292701 11.8423680443787 17.765090029222 13.8360196813073 21.3216456974819 -9.69162699389875
18.94846055562 5.22570259374811 2.0945402230875 14.1772872214751 16.3134648921975 12.0888645493236 27.2810911298355 8.50713375521803
5.95284380096847 -6.98872206852736 2.30265480773369 2.90763948203221 3.02161649739043 5.82488193208227 10.849849955821 -22.7648377325486
20.039276137618 -8.62528540058874 14.1823257074752 14.0519558766266 13.8199798228347 15.8230117036283 14.3213395337826 21.5356196375364
5.76924270984461 -9.53013201428337 1.23509025682714 4.15844324904447 4.9132946488526 2.6689951703398 15.1774043477424 -22.8356687260966
18.9237817519635 6.25741909281532 13.9322104764387 8.09145531497264 16.7756160451568 14.2540787916339 20.3219246870911 -8.22423209511125
5.71737316693223 0.260517461585722 7.28178778755861 6.51270204188884 6.23305438114924 8.10470258868721 3.71963643610179 5.30932018918888
8.20474312186098 -5.31324751963459 8.05849490322619 -25.1137945668253 2.90331903973019 -0.994698680765828 18.3285943841669 -3.27951739991699
7.18871982372911 -25.7125760287531 3.67740427564223 6.28293424892417 5.00160210907701 4.51877927466718 11.7602378918667 -2.03957010346229
6.22726877407378 -5.79690144810501 3.56119430516985 5.1571640404957 9.15919573812982 1.83993335652813 17.0575208998931 -21.9337582082398
-2.81185102344896 -4.41544501231712 -5.45763325064251 -9.23885392848229 -4.65375790374841 -4.87006196589728 -6.78382213372238 -7.39190884018124
3.1569394554068 -3.3070391417535 10.1622880450359 -18.0022460962234 5.86962410255875 -1.59156498204635 18.1091696342397 3.20394107036476
2.73624014975142 -6.64543318393735 6.57733531867619 4.56905045908886 4.1744836075018 -24.387334694334 18.3386031456671 -3.33557406848679
9.07117500039305 -2.58760503567652 6.25844910897858 4.07320994760259 3.18460423898367 -20.0037448433092 11.1977159563254 -3.37387423573284
-3.87084890926943 6.24211817303108 19.782385529018 10.2371547935684 22.152630301318 9.20097729743476 28.1120488860171 14.2805066895485
7.33598259312826 8.10830639326984 9.01939861236165 2.73057732377969 6.43478835695283 -0.153771264861077 9.61090858588797 4.55719879361781
5.76464970522936 7.02170821713756 6.28574221151458 7.34211232437382 4.96308539756174 5.88203583515515 5.03932690388834 4.90114732821094
2.64822562356123 -7.30251519386027 6.93952789857378 3.75185464899877 3.861405313156 -21.805833953307 18.388990651005 -6.1270088375526
-1.58071579780815 6.51314423702104 19.1396558192275 19.0903806302043 15.1009172673837 11.4380707113968 27.4016587973992 8.74972860713608
4.39895537456086 -21.4498161989615 3.60656583941104 3.11609468142202 -0.0572619387889719 5.06563714842943 9.68610462785049 6.86280311581212
1.47733659671019 -4.06428981942501 -23.8954164099446 3.44168693831965 3.76684829851719 -0.664389954511723 17.0518250074608 3.04140959845705
10.6603063014945 -3.09168644127673 -0.345461118072593 -16.5773616627693 3.09308496411533 1.72741787946117 19.7502259450249 0.864492814899497
3.8899193093624 -29.1305817354117 3.6111338095305 3.36424429089209 2.21047039013337 1.53044473016544 7.20555775228765 2.06607876353371
22.0285932000325 2.23544685001697 17.7195196316684 4.63517128523939 13.4209839725662 18.0496397532349 19.6128705965842 -10.6733916904092
-4.38379102751072 4.18173000421447 18.4335034640961 18.3697566736301 24.3436017137241 8.73720863814389 27.8147838211098 15.8832448587271
19.3794518058205 6.37306828971199 12.953549274732 14.1082703562272 15.6895309744749 -12.7363386768049 22.6020910896848 13.8670731854633
7.27169518130932 -8.18439937371539 4.6476508361172 3.70194927764536 5.47790161448927 -23.7717817651772 11.5636419104837 -3.41439428835718
-1.41999273255721 4.28412757114375 18.6665998096536 15.3438795910776 21.2668952450364 11.3763886714077 26.9755514002202 8.48143030855451
5.06177864410304 -3.78469470740452 1.55088228657497 2.47002034775284 -21.5813415116537 3.06377942823443 20.3408947374156 -0.329576662664562
21.6271438967256 4.58109998468597 18.0072240109142 13.0167715741644 16.3771274964056 -9.88911004780061 21.3324586536823 14.372401427737
6.34030042253778 10.5436864641774 6.87950836439416 6.89529608247744 1.34247837678354 6.4529850501139 -0.0501083401788072 10.2208706901204
21.1101784348352 -18.8453261280037 15.9417253935614 14.9944193730861 15.0064083797507 15.200094830804 15.2966505200031 19.3169017205944
-2.78246464977314 12.3374574932729 20.8714135094138 10.3085020281815 13.2508371711974 13.3089932231291 28.3287354597852 16.4008491804213
-2.51777797506019 -4.7969865540189 6.2686427647558 -22.3404349351869 2.68126341666052 1.28895772784021 19.5597401543643 -1.51785158618183
18.8828786338378 8.42873918155587 15.1265401729808 12.6418625603316 17.1225722553742 -10.4676338752163 24.3896366752613 9.372584355507
-1.11059182104364 5.25418713130305 20.0921756193847 14.2655778564772 17.8885370174981 10.0550099033755 26.7409820338086 14.8571766168201
4.49607702383494 -10.9531556310004 5.12241336695656 2.4587395777514 4.53770953378106 -22.2570640418593 17.2949128038406 -3.31860175230337
-4.78471530022123 5.34754166179614 18.382548977403 13.2268793352733 9.66676821803578 9.59348524233501 29.588430960413 11.7528935140854
-5.12361932737557 5.0586433582448 16.9315907497049 15.3393956703825 10.5224967587263 13.8355279544812 26.3276190195551 11.259840998025
19.722161599575 -16.1130473907245 14.1316748828164 15.1815486008011 11.8380805981855 17.2064473889516 15.6182834756928 16.5355107770316
6.43138123176433 -4.34844209110887 6.64012666385551 7.61402324251096 5.70467202112645 2.81658403169163 13.6221859590257 -23.5159801116132
23.4940263184273 8.05273654801897 17.5962847141256 12.6009606823967 15.6298684435984 -12.6125058211801 22.8020217122696 11.9485575050745
6.23400492932236 -7.05338228269718 8.06220487909354 3.8678304232009 -1.78911769792025 -23.181163749542 15.7838162698762 5.1907804469789
1.43003788626225 7.29038497285324 19.6717770849636 15.4126956770666 18.4636725295981 13.4152787181513 28.4310042537966 13.921249939049
-5.70559676775935 -5.73502951589365 -6.88677832332373 -12.9807256352298 -5.99973875807541 0.516377569357148 -2.85671439758094 -2.66619690244731
-3.71577813100536 9.75830866420066 15.0422338778534 14.3343859021262 25.3913655176325 18.0416520455786 24.9702260660472 12.8575696872151
-2.96522160361641 -0.705374475103103 4.95458474927638 6.12860477908797 -19.7191273209289 1.17512469251317 21.5882146760543 0.193958862738731
15.4889641545125 6.4618813162333 -4.2984955097169 11.4541404659037 13.456298053246 9.65829302482675 25.4270005689301 14.2167037221438
-9.89137293966778 -6.27850596310616 -9.10549985193992 -8.60790280157819 -5.63803987362858 -4.4460830797331 -2.74277753725251 -5.404248778386
25.9337005007605 8.78311217149398 15.2552151641697 18.4948381868692 -6.78762798205916 15.5033704199453 22.1283576966294 13.0177249961812
22.0353820217515 -13.7244040876526 16.9923957778344 15.1220041504318 7.50606087937884 13.3897914508255 17.698956682438 17.7723418657311
21.3383471237439 -11.1602310507499 14.8357408352797 15.0902905849302 17.0971578819214 11.9233479093889 16.8486151768196 18.3748629392327
1.66138342555171 2.94647538973774 7.3052055345673 10.7452929151109 6.56534007468621 7.92552041951287 0.669404711791431 9.4739957969442
25.364115223482 21.931519924688 20.9674785434091 13.9130483724753 16.9881694529892 15.359117678111 11.2958524823732 20.6764312567354
6.60647779520423 -5.27780316959545 8.8945297844534 5.246409697933 4.44129737399222 -25.2110866271293 17.655281960852 -6.67822137974784
1.05659308582676 -1.40043916333507 4.09114100799555 1.32754987706908 6.63468471694415 -22.2705574463253 15.1678779113577 -7.46476607043196
6.01927933720188 8.29338549003644 6.18139201187513 4.41075802694837 6.09800409969352 4.20087985083981 4.3851164490346 7.11852690737499
20.0095878108192 7.86744761522201 -3.22834664728501 14.7038933164721 15.510488157816 10.3908418003329 25.6196956898692 14.3014692880748
-3.13533197712955 -7.21465959472694 -9.79304653684706 -5.13552614841924 -6.50288718823647 -3.68488693420614 -4.74238133370481 -7.42096058601907
3.95574045255735 -30.2703163612098 4.60251254506198 2.09474836289445 2.52258986385099 5.50378479810091 8.5404443249896 2.29991755562211
4.83374064468163 -7.0323455456565 -18.7606650825673 4.81841442300217 6.55480665206308 -0.295346334061131 23.882037123952 3.66978852015579
20.6821935356671 10.8821762146322 -9.95599466324027 14.9295066603607 20.3308678039105 11.6019113297927 27.0971436480632 15.3164007883752
10.1149005183099 7.06955970344705 5.23660379325003 4.45496744839834 6.4264091938941 6.57695648702669 2.48119413702899 8.44584042275408
19.8285954598354 11.5917795868416 -13.3963942476819 11.7016517973084 20.5393107840809 10.0836922695834 25.6320740070598 15.029598795788
5.58026123899585 -0.857424331219151 -1.77252011106614 13.1132851434787 -20.7174612592664 -2.02491597627822 17.211283938411 -0.103435377682612
2.81206235240335 -4.45406913829485 -18.7575546358231 1.93286337232693 5.87404137943378 2.11780524658623 20.8654656825005 -2.80887621383937
5.68978018004142 -24.6720525831544 6.33950874192389 3.63525659007818 2.87442200051817 -0.857832936233436 8.96182027970705 3.40181738135556
-17.3620750983885 1.00859423331854 0.583314950344493 -1.01470377170366 0.50425770261144 -0.027826750198943 20.8309427983218 1.55303104254503
7.06254566222572 7.60865060625511 9.2040943974748 5.39997695318626 4.1294754870571 5.34245286126678 4.64948163508732 3.72508370860141
23.353316548643 11.5839553016189 18.9346535919102 11.9032762510757 15.106213081128 -11.5856918449569 22.0240692374812 14.0767425589275
15.1632646733825 8.77392269859989 18.0576449844065 10.4475757477289 13.3250807923257 9.26745504791814 19.121894472229 -6.9964540956237
-0.949790074299653 7.94568191303142 16.4795346231548 18.6748741535028 16.9049602835507 14.6469529904414 26.2500000747863 19.3838034332725
24.1911429272399 13.3300430582976 19.3322421601688 15.0295543068279 18.3890862940195 16.8039470314849 27.3650537494648 -10.5528492086139
2.4351275441532 -28.2906917947216 -1.34955947942807 6.23938860932349 1.522225911387 1.56775079266017 9.45035439943724 5.11143926756742
-8.98257694663308 -3.97335145783824 -5.73320591971807 -4.43380259388575 -2.68559517604566 -8.10753849047871 -1.51205772517721 -7.40463791028163
10.3879190121011 -4.76553546670424 4.52790522945377 5.28651552429546 -16.7054212355264 0.29956625611019 26.259037194943 -0.628546488867527
-5.59817663442346 10.2239724123998 21.6041767552664 11.9766202087318 12.8180829908289 9.89092085326047 28.5917365595537 18.3844826155751
3.51575950046468 -3.82657545820387 -19.9123842090477 3.05657869538956 3.92040391224805 -0.72793875406578 18.3307856888256 -1.0541495086114
1.13887003704222 -9.29832463789659 -19.1037646467346 5.02041869817992 6.31430008536914 -0.35550909730927 18.538300792896 0.314942262002446
20.3138406518745 -15.5002288033634 15.418514347446 10.8014743246325 13.192154322677 13.1517227323251 15.0836350525839 14.3507255048332
-5.27072090676402 -8.46427566024605 -3.97909830719102 -6.03326427781406 -5.40583079287584 -9.76705929165461 -1.56810302602339 -5.97054887483403
4.51400042228583 -24.3976314729268 11.1244923906171 2.39496726287216 4.14833368893619 3.33870893528568 11.6133063131529 4.48646594205614
6.12008849074935 6.3973375595631 6.56211160061932 4.41812964752613 2.23990316559349 5.68198584948024 5.26758708552825 8.9268180269961
20.9749921471103 9.30801040001757 12.7694255530386 12.8548592110498 -10.9236569088434 16.7485935403375 24.752318711495 11.204674207102
-2.98634176575187 -5.39509958848267 -0.284779936785475 -22.396664381628 2.69252258003406 1.54418808792718 20.1604750256383 0.811915266763703
24.6098942795794 0.393188170463302 14.1678228822801 16.6918466660288 14.3107834482148 -12.5664507694927 20.8293240317261 7.6136925724895
-5.84352528694026 9.32118208416886 20.4055759593162 13.8257135223622 22.1888635066609 16.2516798533635 25.4748191194609 15.8434339602437
6.27280339846843 -27.2108268495781 1.28615730415186 3.19075250041038 2.75692778276082 2.82622713451664 11.387198643747 1.75740731002822
19.13609171679 7.93437443453596 -0.816486301429471 13.6876492550436 20.8912130355224 10.2902731390049 25.9812630501343 16.3215033788144
-16.5757469707188 -2.46165517157579 2.91061723513306 1.55619417662967 5.74636349074023 -0.236003578006252 20.9745311496687 -5.30618514473674
20.5306990684964 7.82552144320956 15.2425665630748 10.6845800587423 -10.3513261775107 12.4204531330121 29.7279980383528 14.4107617722589
2.92022989833237 1.44960597532937 9.98011600331474 2.81718428739652 4.68427349170868 -22.9038344402084 13.8715125491656 -2.8180046353171
22.0896862220618 4.08164652087494 17.5357382586244 16.1105891419987 12.8253464728785 17.1101701802584 19.9261748222587 -4.96130643076809
4.50455020287868 -7.38044816117342 8.07973659039431 5.01576399614604 5.48026347632676 4.17761226481107 17.2361650183327 -21.5715218412372
4.31757626933733 -6.84986051910622 -16.701941896991 6.33729567765672 3.43770628109671 -1.86029435292745 22.8920404521075 -2.26988968949992
-15.3639016430392 -1.35380551763257 12.6693497967348 10.5404998490023 -0.812215063528869 -0.202142621208728 20.1833529234016 -10.0920974152317
17.1816133658282 -17.2543760593048 14.2421082185888 12.3658238258504 14.8220984136216 15.0873799965971 17.3136255718331 17.476394629262
20.538348821015 11.5980743054795 -10.2941757936303 12.425735289466 20.4643774974396 12.1100273127195 29.5959617357362 15.6335185300598
15.9623489457711 2.99219172525145 -4.20232482358691 14.2717877177746 22.7980642815814 8.14214196846463 22.2320532434796 14.0939469405417
-9.15714246702838 -5.85035454808942 -13.0146204684072 -5.77501646430067 -6.54472236378388 -7.74491737544778 -2.37818921441656 -6.03725808730415
19.1371046661032 7.76581210998206 -8.07734726582247 11.6768929307422 14.321168870141 9.4261135858085 26.4777679804432 13.0599025679305
20.158317052252 5.47579505711574 13.984987859975 16.5054556450396 -7.90773888465326 16.8032399831728 26.1604552315808 15.1051637607478
7.55289875817382 -2.61710551427386 5.32404610960249 2.44477005004568 -19.2789520452104 0.288657294116789 18.5556463226687 -0.897397563172334
19.3502286939946 19.2026646533126 21.5123178104416 17.5512794838099 17.5731358622507 13.0619257019634 11.0303480150962 20.778663556657
20.3773491558952 6.2979950443596 14.7681419030315 15.7690544778081 -4.74548676377658 12.248345602175 28.3925105032916 13.6497122478173
16.9820166930906 7.14744803854611 -6.89026222974467 13.3058367977696 15.8253321606522 9.3151304870358 23.9140629428037 12.6864421617313
-0.484174572581522 -3.18896213233122 4.82760758502213 -20.9208600499287 2.85106956388873 0.0532003035517722 20.2756516175052 3.16716683997841
3.24655111937337 -6.944307089459 2.3358803413774 4.93707275056589 3.35899342578706 -20.768638065635 15.4614060651251 -0.0507581539854423
18.8977344649028 -0.0553742640190125 19.8316340489663 13.3327625520749 18.767209261218 15.6412628411805 25.2972108990397 -10.8437594404997
22.075987817442 -12.7150999156837 13.6818488194379 7.46367264459603 9.94318971194834 8.9453297482663 17.1108604949195 18.6523054076379
6.41544949327631 -6.72688235780892 0.585282650258482 2.36352432220935 4.7442716689775 7.60637657856693 13.5317128150362 -25.2497790572874
-23.6546140081623 -5.65914900082627 9.49886795746861 8.8425921210186 12.5501875944253 1.2837209388942 22.5174175976905 -4.07732328995957
-2.12186000559544 7.4201565774936 17.1327588507321 11.3484871987277 17.8508471550777 13.7334264117568 29.6171687683068 15.2775334404883
5.27150962258335 -25.3111616787028 6.7633862551564 3.83588072012613 4.03602009306092 2.04982525430197 10.1003641315186 -1.18313989459799
-0.0846501359038019 -12.9060845495355 6.93139430835631 0.434299654281253 1.29739028377928 -23.7101995819395 16.0145970529687 -3.87258011052702
7.5418088613807 -9.29266938648752 2.5787736235407 4.57767628675395 6.51440901960281 11.3800086607521 13.4618176535046 -22.4530627988233
10.5249091949496 11.2406944980894 8.10409913242598 2.54033731206447 7.42942465259612 5.20634902784541 -2.86194421596229 5.09564860086198
2.93626197177672 -4.13966353776209 -21.5701830614831 3.55826956358382 3.47813191780912 2.81142526845128 17.3115016217231 -3.91036111218995
3.30774582795771 -7.12566052293543 3.36882255044399 -23.691541637814 2.94701257888152 0.553544328346649 18.7668448289872 3.83470460709743
-18.8910458035601 -5.86046959728756 3.79610090192552 6.93329765831733 8.59117510485851 -0.102034054088406 19.2271150502747 -3.3911035169149
11.0826529493931 8.68709546719994 6.92710117594742 5.07517995188894 10.0821103930608 9.09230560899428 1.0098167065318 6.39324417633695
-8.25253426214615 -6.32696840006922 -8.21279470133675 -4.96257652001799 -5.03801692437435 -0.390065784974573 -3.93439486482464 -6.65009059664733
3.47027386771791 -4.0488208538277 -18.0181273466222 5.48102036193897 7.08075118585118 -4.14870940510187 19.8918419494483 0.617717809525057
21.5198988223161 2.37831623601676 16.3263611857084 11.7440443465432 -10.0123657151992 12.1799631454428 25.4655411248589 14.0466745517971
5.26762606747974 -5.94267906512585 2.50632503158394 1.46691402964593 4.71251353831589 4.78337093854591 11.0992351144625 -21.6026140269482
-1.09769545234386 -3.50842064689654 1.18110421354017 -18.2724465433874 1.22344782299172 1.64232734373493 19.98935217358 -4.15787930004714
0.470676168394927 -6.52082784633047 0.822629675692733 9.87787046399664 -19.5600672892332 0.646366278076645 22.1923546264021 -0.543960558026907
20.0928605641104 18.2219175720533 19.0033944196536 19.3522358303527 19.7478551236092 11.6179135402863 12.8279821412414 22.7625419876252
18.2724293341606 10.1114844004471 16.5020010471219 14.734451291127 21.6294094875119 21.6709343853241 19.6938721309983 -11.0515624380387
10.8913470500527 5.21908907094223 8.78839248292145 6.03213566258022 5.14236397558628 3.29955730316792 3.71917048172634 6.47782512947839
21.5096023915544 4.0540818534232 -6.05736680223085 14.1092291984487 24.2669766883593 10.1411678880705 31.1212253322691 15.2329268515793
1.63550409686621 2.792065449588 10.8261297597337 -0.729991373707319 12.8038547320931 -20.8884539219006 16.0294060924334 5.15212692634436
21.2678047193107 17.2236032573396 20.8601361288996 13.9273769522127 18.2966492560863 24.5640865298717 12.8119535662868 20.8217012576878
-0.929923087167073 8.31772488269664 20.4707893892278 9.95188344907151 18.0521612316706 11.4434087892515 30.1809145841966 12.6247527017116
6.15655346731437 -23.2992456635183 1.62104938418097 2.24972834776562 -2.54669156232689 5.4186104613007 13.4035216991656 8.3396825449362
7.08024185333982 -7.03912307644997 -1.51885471806224 4.53342234103282 1.77932659854767 0.620453533750088 17.0562412867566 -22.113706117148
5.31053688572108 -2.6387268281886 9.47210859777533 6.9568285004603 3.17583536756297 -24.174868370249 14.5738387121375 2.11969896782463
1.27634905152797 10.3653156199675 19.9958711905271 10.8968046490594 20.5736208472143 13.9774543032812 28.5474619320011 14.2978059327692
7.73210285777913 8.09490601491257 7.03547529986665 6.26278731825806 9.21841330616245 10.3206971313213 7.9358697887591 10.4822145413787
4.25055932792869 -24.7966189928218 4.027578356363 1.0277226454353 -2.54281875784909 3.7477772806322 9.52156386351171 4.33694048195726
6.03295939545435 10.7153071560833 7.81887117754151 6.12450404715122 4.85226413156438 6.41288458064879 10.6766302624315 9.74649782324222
-20.6036552624332 -8.60244493798261 13.5147920565247 2.36547009326546 10.4896274095817 2.17265131316328 20.4485573919565 0.900823213329821
28.4149603611376 16.0056387417145 21.1929770248276 13.3342322584098 15.2099681786995 15.4053992079945 11.415571581267 17.9944469346612
0.966610252013777 12.1106754559449 19.5597897351511 15.3525181157196 19.2249469365213 3.48601828360083 30.7175330079416 15.4936061186079
6.17344894015488 -4.05309910161778 0.506928261805238 -16.558634925403 3.78965427005016 2.45399776564929 21.8290296116432 4.68770826056274
7.53795669878796 -7.30227295987666 -0.101811422316967 7.69823967483264 6.85012193152597 -21.5526721008572 12.4138168362673 -5.08929084325491
9.04356220466172 -2.00779400700869 4.20043568996783 1.92592876917296 6.69872657239818 -24.1681351387483 17.7034850933556 -0.0653182814123596
19.9780980833924 17.4533873140667 20.8815650709605 18.056567645126 18.0597426205387 16.7358259311301 13.3553374928363 18.1868644070801
20.0950879677184 9.10430598942265 15.9928241027832 14.0274030037973 16.8850852474623 -12.217152724377 20.5608740561186 9.92120226426491
-4.12533392072864 7.45773093575882 19.3893354731251 14.1265121176287 22.1591948794633 12.7438979069251 28.2112574171435 19.0064033718041
26.4550969310627 17.041964817419 21.1855546106307 13.7011248838792 16.5706057440746 11.9928715251199 13.1869585106599 20.8402296398112
3.02778577590846 -7.39998271930314 3.90136031565157 11.7602987760954 -22.6452920649465 2.7662309058805 16.5098230490198 -0.412675003805184
-1.52510042939351 11.6128671811335 17.7232416962973 9.28337529441899 11.2670825080292 10.2580840989867 26.3472238701509 14.7369396644446
-7.42656636839939 -4.60654375521909 -9.33052068442362 -1.0862794219517 -3.90775775247722 -7.66229531171878 -4.23307699317374 -6.07863592469057
1.02870991851995 -1.80299382324032 3.83623729707027 -19.7999092183331 4.8446552927618 -2.30235137078328 20.8804736180913 -0.95768633487036
-4.49514258492275 5.32273677044303 16.0626991625151 14.0650652502841 20.328903701046 12.6107812960976 25.9792852256667 17.9732223618275
-8.34380535372465 -3.99969910362676 -2.95992108446438 -7.19146210190151 -3.39911510391045 -8.87656781956437 -0.153771630048539 -5.88542631068643
17.4724438484149 8.43964612805148 16.1951042078366 10.6149568073293 13.5120558033568 20.1438698575877 24.8507264668932 -9.37116385178149
8.28367424105533 -4.91945773109737 -17.7579801790345 7.8545009836045 8.38621005334161 -0.443114752523517 19.6355592178353 -0.793616694988718
-3.89238040795748 11.3340364185521 21.8871288122168 12.7712584501502 7.85657404970419 12.8493143067574 30.9092325001384 19.0940046823516
9.04515923422239 10.7851112095676 5.49171585402615 6.56664331102614 1.01122159351202 2.34746713080365 4.97769406196073 7.55236581026937
25.6809665259338 6.83339745785722 17.1986315402072 15.3051849031442 19.1146683137886 17.5126147903549 20.1864930521137 -9.98727699472755
19.4527503490258 -12.8373063194748 16.5320981055203 12.5783616945327 12.2535785810062 12.8459575867709 16.7868134461464 16.8060302137012
5.48122029059077 -5.74211149701677 4.55431068044723 2.00374908871248 -16.9678760361453 1.26966276551489 19.5718616435168 -4.73789983338951
23.9819685970361 19.8258895611436 19.0937400121609 17.0060070371812 16.8497922277229 14.8547979185084 6.24053525343061 18.0376444152924
18.7927971599328 -17.8277655570195 15.461859404455 10.6438616631369 15.282859319905 12.2462384147209 18.9211155648797 18.6626261432584
19.1263100984875 12.1526392670587 1.06386717781155 14.9055772755638 18.6607638951488 8.94757773231153 26.4903256424419 14.3173124997645
5.91679694849739 -28.4010584588676 6.40675883560373 3.08525022364446 4.11273521962371 0.513091052130288 13.1769827604801 2.85543648855547
20.1421782511416 -21.0222577087389 13.2301907968803 10.0931058716072 13.5182435134622 11.8909627818908 14.1854407304017 15.6897135215022
-5.02237690139988 -4.86626972357441 -5.50683262461291 -1.08853577212818 -4.98150745511521 -8.59620294597718 -3.32727659289066 -4.10593671358554
2.12544487858342 -25.0774995981351 -4.59619644149994 5.79928875224593 3.13979714416764 4.28797490845463 14.9924174237546 6.19818514803321
4.1843652668715 -3.11813740298042 3.77501518769302 3.28607193678332 4.3661757923152 -2.89949194245094 15.0015815137753 -25.8600838399253
8.28508428825912 -5.22604124747862 8.45844867003575 7.04325078517193 4.96554367838139 -24.8002805230858 8.65760261416211 -0.777489117151074
-3.36371575382806 5.04113605776189 19.6244657123578 13.7186629714222 13.6528172532389 23.5062624060876 22.2326601156132 15.0660939426753
7.96626991908358 -16.1363035091602 2.31977210836291 2.81868580092189 1.34351949671358 -21.2773607902549 15.9375779547875 -1.78991584788574
-18.2367070217799 0.00451331724074233 9.97363659516142 -1.1896536268882 5.81618228206389 -3.27896473956037 19.7477880898101 5.56368500673461
22.4259245700533 17.128050634963 19.173681109979 13.3715242764378 19.4734179961531 22.2261149920631 10.2891060029728 22.8052005894548
-17.6576183532511 -2.59994158768349 0.829740516001552 -2.90873345132089 14.219645433482 5.06536805819052 23.0242048515067 -2.03095004175905
-5.96214502054538 6.31608884568959 21.27909152766 17.0414673512792 21.277923706124 9.11334456948007 27.2933361316869 15.156739115958
22.4641140256751 -18.7254427230571 20.4089926937226 13.1978836232549 15.8307114903264 15.6940684698306 18.3573653500116 16.3461233288808
4.16939235890056 -5.30564607149302 9.65721242000482 2.5940515839427 9.34105873306052 -23.5019479769294 12.3143863047869 0.143401940207844
-1.21935418819653 -5.283727503395 3.34391124270369 5.76679847563037 -20.701719326728 -0.581445189957352 20.7553353372032 -4.36190432469602
20.2470154305382 -13.791649517567 14.2825671691909 11.0564896325909 13.6146776459161 15.3448564774357 14.9760094932466 16.4522447074308
-1.96950683169875 7.94091765585518 18.7627398823879 12.430437533983 23.6928887308589 11.0241896171462 26.357357571366 13.8158754035138
6.5981886443979 -4.74886739292685 1.36385561330096 -1.55603864320407 -24.9876713981752 0.454471004176681 22.1652488981299 0.302413616247067
2.77247205538047 -25.1814130188383 10.5442841275032 -0.983507937328213 2.68700303610624 1.36437851294976 7.82457653394548 1.82170534512725
-9.55688353494677 -2.79115017246875 -5.70049047777247 -3.29164651223623 -5.34961673847556 -4.53764897450276 -3.12168856786178 -5.36315008193545
3.53105512317695 -6.3766441572188 5.31356556179502 4.56770780379462 -0.756951136634711 -18.7671857366966 15.6259880738922 -5.1098814073447
9.74191198478797 -8.9591325765851 -0.582918331605858 5.50746518210968 -1.98993734268584 -19.7128821420423 19.7026599695863 -1.33294843101653
-2.34882754596615 12.8437401451239 16.130706477152 20.6274691589354 17.7929155650747 10.6436972034108 24.2404992766544 20.7280563775589
3.47645301046839 -4.27268131407778 10.1253316358119 7.54031658181278 2.94016127040235 9.35693763622289 12.2162995977168 -25.012654709121
9.24381458471387 8.46583444716064 9.12280950300378 8.0730149760688 11.081993978505 12.8985160952173 8.68072815896344 7.93507407785182
18.2868464799035 23.6152796893726 18.6510148701266 14.14810950968 18.6863729186943 15.923772127566 9.74439064250376 20.3620541345882
1.35009212778651 -10.2231039756734 -19.7433746116621 4.99960445937169 8.28316099902008 -3.91849769982545 19.2410822705406 -8.62590228970119
20.2722426646034 -10.4970035845345 15.3652094702533 13.2063110849939 17.1143217528954 11.9510953110025 16.2112155150235 16.8600959188066
21.5745010481904 -9.09373944269416 17.4163704993196 6.18332894119126 14.5070056587985 15.2508348415544 15.8462261334702 16.6529563312597
11.0322230798764 13.7485408604725 6.9251550840877 4.80490488809686 6.51512945101116 6.08140750257475 -3.32057890037739 4.20541497834509
2.92450407900398 -2.55589008950994 -20.1340425452149 6.93274199293585 5.90477161544519 2.91718970851538 17.5646970068138 1.45268575145224
22.9147123170445 7.76458972577001 18.8336259187384 14.5219228969467 17.6397152863139 -8.68333781848867 19.4048140586389 15.1442098842547
7.33426779004005 4.44174397102381 6.39889293846661 5.69940531906884 9.3645613481248 2.81793415116244 4.06729446062252 5.89433446016483
18.1628887959192 -15.2796073055323 18.2933230866059 14.5805333447219 12.2591849780409 14.6113209477582 15.1941235680767 18.7222485708394
-3.47832185971772 7.71433799595402 22.2755532818125 8.69756984927932 12.112566345404 8.34959255253985 31.7691948294928 12.5660195563189
5.21825379096733 -29.9325225977771 4.74644061659641 2.40487821598628 -1.6421307001982 6.2427524629042 14.3084468291971 3.8093255641566
19.6827350134327 5.22210479509331 16.324116723432 18.2972033595577 -8.617773274885 8.26985253400565 27.3418971124452 13.5918023806596
1.24424599692412 -4.92727830172084 4.33958910624754 -19.0253899311788 4.21545404271365 1.46441114138495 20.590339236838 -3.01142562096667
10.6424835830252 0.2423613499679 4.55345078655577 5.2803437153602 8.85388263524368 8.5128868578749 5.07331249352798 4.62547075375231
1.19535535928261 -4.39240192386898 1.42948036714106 -19.0408349023022 4.37023723960403 1.57632972512865 18.6660558794037 -3.04257131110802
20.5960759829385 15.0010588284684 19.3660883683373 15.5219858388709 19.173002413132 18.7642891864157 9.55068882266168 17.0693671346883
18.2829319039347 4.41433017162925 20.7478235725023 10.9780245070538 14.2696045847715 -11.0993448452992 22.429122040705 10.8675120438468
3.70516191964533 -28.1257611238047 1.53705636148607 2.55264434631344 2.94632493468189 -2.06308969533068 7.75574687842121 5.69515059572137
4.90331489388427 -23.4320293617169 2.89834454312746 1.52133541653944 1.95508575631854 4.30833407656766 9.22806615481339 -0.68580493926253
-7.99192548441566 -7.32524403885692 -11.9611532624789 -8.36419967867548 -5.07914177477777 -5.23662973423922 -3.01931082101404 -6.42056029952727
18.0496811186866 -19.7461379633768 18.080650894912 10.91663353735 13.0238084384143 14.3674591650078 22.8515878730713 17.8665400265245
0.74130718951591 -4.50930385332505 -0.816286626647808 2.40537029711321 -19.087653781166 0.697308469455336 20.842507386846 -0.331267985514649
3.97899712663542 -4.33579780679911 -26.0137845648277 5.94174620654054 7.06866104719734 0.211117041976077 18.7039498500875 1.09027574824178
0.626120420255734 -8.50185555223823 7.60522621929226 1.50439772615019 5.2927656201498 -21.6671542575818 11.8296162847972 2.04415735304175
9.88620686385538 3.99392374021456 8.67604850611509 7.12240712577152 6.09646549438614 4.53735037195375 0.663143078982842 7.51957785478846
18.4397645353237 5.40337209047812 14.0857628944373 8.05480117517784 18.6515379073672 16.1684082849462 18.0849157942885 -10.9007450058263
9.06039137391027 -6.09851081613387 8.22385055907749 5.91487358447934 -21.8345544273332 0.190233628628301 21.6337160074246 -1.94915773702376
4.69915955437434 0.730505848928261 1.04336726405671 4.34330009216341 3.58469286402628 6.77128327789717 13.042326189162 -23.3617841471504
-6.82188605824999 -3.73432312708753 -5.07296221633125 -4.54942093545565 -6.31146861426251 -4.91437516881801 -7.54852721456962 -8.00215159994544
-6.07444669559742 5.06400551485302 19.9896749705261 15.9627535183084 15.1992327852172 18.8473115302717 24.0072623162964 12.8966202998843
21.5720185257345 6.0048254280216 19.6304645110214 12.6384632320005 16.7631519782066 -8.3700856728878 23.7528202792617 15.4740052180148
18.5618742205615 8.4022212017486 19.8366038555168 13.6009678842049 15.074466675601 -9.44296311717087 25.2431465889676 8.28084187778192
4.14104431147235 1.10911994136371 -19.3262128914466 3.10091733479203 3.83005831627842 1.81828143660298 18.7571683223537 1.46423640165937
2.24066293708106 -28.9028185624735 2.15249582352388 -0.8166790496495 0.222248036610384 3.43456712811677 11.4236461305579 -0.472252335443655
8.04800969092575 -4.54999988568566 7.45902531013073 2.57831248235415 4.95913032947169 -22.7099060768702 15.6250821359096 -1.90032134981129
8.51591191347916 -5.71161915564189 -3.32189693098339 2.66365096213349 2.43194278390356 2.52674502236896 13.5008108106147 -26.525576181602
21.6603344370073 -19.5065918310487 16.2759099972921 14.0392083298071 14.9890027116153 13.6537705955288 21.5469107685683 16.6231986094578
22.1378778664646 5.25830713188951 14.3741815739748 10.5914593327284 18.2329158108512 -12.086596188306 21.8973343223221 13.3502650392241
-17.3212542724417 -6.02370599024787 6.77482435464837 11.5259788884813 5.10446015834311 3.00806672697316 20.3233832438775 7.42104675551406
-2.43154008881288 2.67684917947542 19.9377187818525 14.6887428681419 17.6214298314718 9.12463124245995 27.4928829781437 16.4768801696283
20.3358900970722 14.1025328621482 18.4868183161905 5.8684839090626 15.9041874818885 18.7933427363793 17.7014042025553 -14.8209616097014
22.6830756317997 9.9744162233886 17.722406201155 11.7205650163829 -10.2593426120913 13.4375942565719 26.0840275478153 15.8299808962833
13.7005702750973 6.9643562728106 -13.6377860114101 15.1720398832677 15.2884596385575 11.4936618152305 25.9335837656933 14.4085052397793
4.97312208903519 -28.0195748194134 2.76518069765553 6.95707034798773 2.9471156232333 1.79454238240868 11.1892420163513 5.44283061222808
19.804919013222 4.01962268901385 -8.17691144770574 15.104343446269 20.7613137641082 11.2270249605228 30.7376969678151 11.1332583012917
2.58587183732753 -2.98125584638075 4.64511570279835 9.63545325016041 2.24199684902635 6.12507688065769 21.3278600498711 -22.9713811853598
18.6724201015695 8.75875048426428 11.2090478423113 13.6649021755792 -8.57230933508785 10.887034769012 28.7678002725476 14.994002121492
19.1565663055626 9.10024723897462 16.9595021455241 17.2600294451276 -8.59132871096977 7.99513697525222 30.8251090193316 13.7013572071223
20.7588098488342 5.91789913986814 17.3825617978152 6.12834008221409 22.6464984418118 16.6928987033556 22.2593768651196 -11.7470537489612
8.11991035367595 -1.86448499121114 6.69457516777437 3.63082297251894 5.67096566402254 6.31443327627111 2.23542183115373 8.49085399955873
20.5042080405966 9.06577042430852 16.7155403781977 12.4394046747542 14.8281568435525 20.9949284162739 24.039689114523 -5.74130496631612
0.855000289510603 -0.642455070724556 3.93337833643718 8.86797094527367 -21.0897722403931 -0.656093828946172 21.4757161757408 2.32862730123131
18.3292913987824 0.640426535325957 19.2274848290907 16.3378418830738 16.7577473142704 6.19739001751898 23.4741425975631 -11.751552113733
18.6922368565506 -15.6731013458627 13.4492992117472 8.67319132101374 12.8499092360937 11.972211677926 14.5530376293176 18.9332055284428
-0.448780932613626 -6.34363534608325 7.6335817540003 2.50577148619125 7.20170980236357 -19.8223533860829 9.52114388277069 -2.31861903502718
4.12900717017788 -7.09263836045418 -12.8378217684333 4.07281793545189 5.5862878231112 -0.848705013306914 20.5935365024762 -4.73674470564792
18.0342946935601 8.06051464292289 14.4502429255963 11.3299964611244 16.0859625528317 -11.2722415621838 19.1106619691935 11.3141429245812
-2.17191113278022 4.90789347056383 19.8724600163146 13.2777034677075 17.2847460837231 11.4082333711235 23.8893486054171 13.3274330945259
19.5372962583401 9.31378359034043 20.392828314875 13.8897599612919 14.507248471135 16.1913681535899 20.3557322702385 -10.9942576286941
3.58205024005943 -29.4769201763053 2.91358679005698 -0.112954163169379 7.4015166139228 3.31427409561015 11.3331651723373 3.55509405189745
11.2991684451242 6.31096130628209 5.72807448945857 5.79421381938427 2.81446266922243 3.05574842760583 7.59588740918271 8.46504364776636
3.62431254902144 -4.30685282462667 4.334446964048 0.466164728802172 4.0440016655894 3.39185651030218 8.79535823792676 -22.4900660878884
4.50065763925221 -30.528103138718 1.71766450715933 -1.88789351020344 6.77198754090588 2.33143637063761 8.90038296651101 7.23285045512841
1.39662815147812 -6.47534481812261 3.34081649973597 5.37181515319655 11.1498603275309 -21.5015774949081 12.9552136339155 -2.98278729849736
-9.37215694691773 -6.48902568720884 -11.6407482916349 -3.78686074938977 -6.77277956774468 -4.72923872515671 -2.53607892614417 -7.49813560888898
17.3686958404496 3.88987718684911 21.0049180085344 21.2187410575665 18.2567061822472 23.8823334490809 21.1616124190162 -13.1533148521433
9.43526170463534 2.49313504902523 8.31681552366259 7.45071035394518 1.488540328288 7.35108490639334 6.93117203080457 8.614329446022
3.94553653303714 -25.6340417661589 -2.71327090530538 -0.130548993067123 -0.697093041522638 -0.0266003095489782 8.71069895303946 5.19677022606523
24.9182355047499 5.66714071108068 14.0685015023417 12.2083659420654 16.6170751960115 -10.3537197940993 21.4284760113986 10.9028599036813
19.1181114788334 9.49697097502773 -8.22661491765291 14.4461960358083 22.1144366508626 14.9712711173953 27.1540179718269 9.8839989728838
19.163901443257 4.86215165810754 17.4727563727499 10.1800927836438 18.216843133357 11.8923607594779 21.3903588887288 -9.41635874169851
2.9877480995663 -27.0501517303791 6.23721277791748 2.18216925499332 1.96918302685661 4.08300551186936 10.7228332554146 9.93977387300271
6.48098049971316 -1.72274157977162 9.77125686523149 1.64902002348214 1.37403280599095 -23.6014810064867 13.9966202899923 -7.35334036787542
21.0011368561923 9.89343036329292 17.3536230533995 17.2463857947615 -6.51598857638956 11.4999377262131 28.7356704152238 12.9056962158516
5.94380196360276 -26.4389577133511 5.12194312966037 1.3939371948756 3.7585224406906 6.09831285376803 9.00802599858965 8.73333260194785
5.02959438291185 -3.20078115273424 8.55277310233823 -0.301037913249407 4.59254700914307 6.60717741714457 12.7215954149164 -22.1756513716105
20.7066484939299 11.5261554674119 22.2566308434926 18.731877327252 14.0350790134537 12.2313396937894 20.5864148505607 -5.76598508314387
-13.6421017123003 -6.43079353891113 12.4557155481716 5.33869153048848 0.147160214401724 -1.00794107968471 17.7770318152024 5.85613649624851
-3.57475423916594 -0.553772742693702 0.301747404812554 5.3974632920214 -20.6535517643885 -2.5853882691053 20.6971003777355 -0.242130677018432
3.47364785145627 -27.9779596775407 -2.01866761348603 0.544006711999587 12.7504602600191 2.68999073631497 13.9788092909167 2.27410583759965
-16.5550480511846 -9.11007386330336 10.6084595023592 4.02797928700764 4.66778728817889 0.419311979206289 16.5895184287238 0.0862814362846648
7.14200679362323 -4.0922438037721 5.9024291107945 4.94273620901235 2.96036977117265 -22.9627835010131 14.8072554470404 -0.42300150552187
23.0243100290376 7.92483191809819 18.5183614350925 17.6299391273437 17.5069112190173 -9.42063273543676 20.0488365826632 6.54015621775367
3.87841498220445 -26.8108148342975 2.43403384582305 3.68709446623924 3.00938739790934 2.39885757432102 10.3440809624543 3.18741559037273
8.37766079480692 5.39577293421535 13.5083093086419 10.9596325794423 -4.56267552707635 15.5629842015407 24.9479878569346 14.6789443894993
-5.71378149599343 2.81116829346002 20.4948712757049 13.8537815173721 20.4576528467105 14.2218160086942 23.0597349921162 13.1822343433703
21.6310243834677 -14.4550851159579 14.8952887989892 10.7257696288364 11.9736870777895 16.8811926470049 17.027123358073 16.524121921648
2.33958139041133 -29.6500707149559 2.27288059539873 0.983881739282289 1.44909475479187 1.05309573579917 6.88515889014516 10.3930600360713
6.20883645217735 3.20413744984584 5.43923197863209 -22.6704149444016 4.4644426378124 2.85585519616185 19.2602545826711 0.709928049289102
-6.42886926743716 -4.65006624737901 -7.79945237031508 -0.686538482846268 -4.87793811956766 -5.07057221480723 -2.96730943590501 -7.63529462601908
5.86715164765154 -4.8077366740763 1.50043209356529 3.89623765236506 6.29382653788068 11.3634977606896 13.5341973686815 -22.163532304152
20.8220626515018 6.18383146329807 -7.16109636070509 17.5353734429028 22.2832710631336 12.0779093193026 28.3112878341077 12.698276070904
20.2026025061347 -14.3612623005046 16.5549189366146 11.1516610772931 13.1633991592976 9.89322593021797 18.5106553233843 16.3113525110941
-11.106306620925 -8.67932189161995 -9.20349468625956 -5.22987087800955 -9.84264184939641 -6.4543274834005 -7.32237905043057 -10.2567394214656
-3.51754772857721 5.28780997846125 18.220958000194 13.9110313330431 14.8812400798059 18.3767790714374 22.9647220542169 14.2371445926882
10.7928365775688 -2.46771008597382 3.85149262227964 6.56555333260532 6.3267928376808 -19.7845233990035 14.4807057085708 -1.02047291016431
7.02633798210591 -6.9671009878087 4.03567167986548 1.55912728452886 2.68314042136741 7.12173765424193 12.7455461826253 -23.6372881516883
26.7668650474533 16.3809364269715 20.9981699740205 17.6107015081575 15.422322257256 14.6917143938523 12.17766513485 22.3949951737358
17.6327551118464 8.29728406831886 14.9278791919004 12.9677768968262 -7.02106316591757 12.1283528672151 28.3062065628605 13.4612781976522
20.4317933607046 -12.2675255170009 18.1739458061923 11.3288260930178 12.3521923674096 16.3751672761615 16.2932051617744 18.2474286643843
-9.19151015385388 -6.70188941476034 -7.16002790478682 -1.92533222464431 -6.48364586737778 -1.83744241291926 -4.24400519534049 -5.141961560316
2.15135376265178 -0.304877878246462 1.68250799143972 4.22429919399855 -16.8871906147178 3.3502089772785 20.8447344128804 -6.76261516973421
20.2747082335553 8.90279207607257 16.0100140971875 14.8634996289816 15.7883539269558 -8.64287249930724 21.8198919374395 18.2579371186157
4.75466092026838 -21.8119838753216 2.99858973961801 2.16137634218789 6.2830542158653 4.81468793312875 12.7401292308181 -0.540437872438995
18.4585099217173 16.9854784709424 21.9940222876531 14.263351838787 18.5184013425422 16.0332582255069 8.83936193353368 21.9896684123862
-18.7005151094099 0.683993187242586 7.94916080528735 4.23151980835142 6.49884444597483 1.45557325979975 22.2884142386834 -10.6945914532563
0.281348120991965 3.17149603210121 19.7127685214509 14.7780304244882 20.4895444079473 12.98998988615 22.2809777919774 13.307908935675
4.61486720253241 -7.74768814745202 -2.22188662342667 6.04287599859126 1.37341836247481 -6.06072191523047 16.2757174806568 -26.1389258324635
3.99149299983311 2.76837703524182 4.32780191811292 2.5551298637876 1.21784547509183 -22.5547631103223 16.7927000831346 -4.19686145477776
-0.0455471460769474 3.19408581655532 21.4007134136345 14.4306823679496 16.6994819881369 1.87180586276294 27.9736093205061 9.27280775703938
21.2122871169411 8.42692196512623 19.5638814802872 13.8350573780754 15.2458215004675 16.5140632934112 20.7921628290452 -5.91640222299177
5.35764765106366 -4.08052873844733 3.77601890102561 3.21966384432593 4.21870723925448 -0.0320720394013678 15.1045572817199 -25.6595925010007
-4.27185828759196 2.04808862877589 18.2742336045877 24.1952218870101 16.2832991875457 17.7520767039412 19.9570770556666 13.3579989722362
2.17607979933968 -26.6183611837207 4.76903991351611 4.59855704750527 3.16595259801026 1.20573484976561 6.4838480653172 6.95889486820066
0.397511009213728 -4.19420349361769 -22.4055230134442 5.54513306660373 4.79517928948316 3.01474291741776 20.1593855818824 -1.97497938938304
4.28455838047087 -28.5630272542599 5.02264110526641 5.45250803318748 8.26640354821581 8.17955716950507 12.4070605656916 3.76252161157845
19.0975607194697 6.37961647964066 13.9711437332239 12.8178542116807 13.6321382430373 20.5850131131505 19.9826410283924 -7.28806898772951
20.7487964350052 9.41314536325113 19.8011570856696 15.4773127913297 19.6942068144798 14.9689814302905 18.3376768209239 -13.215879371856
20.5756221512707 8.0964129955599 15.8901303054545 10.9862518818662 -4.85789465229188 8.37399436308344 22.6596236958742 14.6407415459786
-0.830132163793389 8.23277599863217 21.1613693433975 17.9248626901515 10.6920749949162 13.5731559707682 29.2471342806891 17.4657482201579
21.1515865315991 7.61471021568037 20.2950858100699 12.6832929529653 16.7756113320393 -9.53553467539551 20.485184888913 13.9256245896831
6.54931360699976 -7.73090027266962 8.74771984688808 5.76590082740705 4.07178977219821 4.24230224825381 12.3235462894407 -23.0743484943702
9.71425517523841 3.97028971561911 7.48204249531595 4.34691919410075 5.05373158986902 0.283845881076887 4.91577828221651 2.18001766214234
11.9603890829622 -10.2262652115577 1.43596991716242 4.26761276440723 5.73026715883984 -23.8292955486296 13.0387677937317 2.6524587728951
3.28425752755188 -29.2344841207805 5.96974638331576 2.63136525113839 -0.0437386652062788 -0.907750894145158 5.97964231188528 3.80075333464466
5.05910896918442 -6.09174448138065 8.12984300518628 4.06405378109153 2.90269530850956 -22.9104173495479 13.6804275902217 5.44455734076882
5.77258239449146 6.04480954598151 4.15754876156929 3.63104882457205 4.00740590373955 5.85944209246354 0.30757107841307 9.19222094689319
11.7037782274666 9.97008070227532 16.7112559765286 15.380406502532 -9.55112626568918 15.8483353741872 32.8132494791382 16.3601648366167
-1.44926772658281 9.74374483432954 16.3374084000002 12.8372665624915 16.1255966202681 12.215123308122 25.4790152024678 18.180270979621
-9.58773433642286 -7.94908778319946 -10.1731595505412 -0.99241011658227 -4.79809253888156 -3.66030798583768 0.228281147715474 -6.37814436376848
8.08361187459474 -8.61950121048523 1.32108864149111 2.72211059141519 -15.6164969425797 -5.04509075040415 21.8413338490429 -2.79934081200069
-5.0647821760275 -7.11340206985702 -6.71702944598365 -5.09347690983044 -6.10974652775824 -10.1024508960219 -5.14020656854485 -9.14963244686271
21.8848986369298 5.24504589616196 22.0337010624431 14.0246460730105 17.489569967168 -10.6766122454627 20.4290452895968 11.8362291358031
-10.1183505615571 -7.54335406422057 -5.12591290644368 -3.68463611953969 -7.06567176373276 -9.67598356567429 -0.535376285225707 -8.56961532642583
8.52697570828684 -8.38907404355712 3.86039596837878 5.30184022390609 5.78582886218501 4.66561687066416 9.02385534056628 -20.5214487702095
18.9824423433351 7.65155546235915 16.0871199224325 9.81002305236854 18.9851405223557 12.6139255174149 21.365415902351 -7.48751173727428
-2.10808433804239 -24.4421117858291 3.76687740360713 2.87144359044293 4.00272616295909 -0.861359762937535 2.5338218089062 -0.134989411803526
3.11483544196776 -5.29295146248139 -20.4439924963888 2.44634945999669 4.77799543528194 -2.98672573111106 23.4672177168008 1.83280566672659
-2.15980240049219 4.63030565354425 19.254938098586 5.98495113037672 17.5227783013228 15.5338787066792 27.3280986517903 12.6126334373878
8.67145713023591 10.5772279336703 9.64712907571027 3.70027782055976 6.52992303825645 5.81688584356688 3.65272166244555 3.35301448101846
-2.65513591400196 6.47178441262504 19.6337392868182 8.30681463926894 21.3142640683026 8.15815460532152 28.9302072892998 11.5310837522739
4.18541860298985 -8.141185082103 -24.0255651901995 6.15572262316906 6.50349063340303 -2.23528644856474 23.1174705209304 -2.14951798653704
5.62366783781055 -7.66384550225545 -22.4072302359306 4.24002760830434 4.82012610557339 2.956875947287 21.8264282461907 -4.07057768667517
-1.56733422444392 13.6022698638648 20.7055250038329 15.909795781237 24.2332272694133 7.765446268164 28.7197156791894 10.2997712691174
26.2770575308214 20.0374496348155 20.8557517596479 12.2478810661825 17.7037744893255 20.2524184423141 12.4565761467822 22.2038828030332
22.4619522672893 8.03505956329075 11.5798857805928 14.072073558089 15.4570593831217 -11.3708243207067 18.8969528089869 15.0554968228001
1.85968127421251 -1.48251066822818 -18.1109919508074 5.16217754955486 8.72722728083448 -1.87859463031162 17.7022194238307 -0.637418342988694
4.28428707898152 -2.37259273259517 -22.5635930638403 6.38175571592492 4.44297824948508 -0.983696103189587 19.0689854534078 5.36358204587742
15.3063845863993 7.96382934121893 16.0260056251079 18.6150741724029 -7.24012176228604 7.51325069261406 27.5309180262566 12.8170746601433
-0.402334814890875 10.0397250176774 18.3171851860545 19.369156674931 16.8727589118967 12.3775074993311 28.2215762272353 13.4258330564469
27.563163470975 16.4539119401026 20.7941410715747 13.1748576631755 16.3533662684702 21.2864196766358 12.2592953865977 21.6327352197294
6.82461018169846 -5.43818253711607 -0.23833333075119 8.58006092492228 -21.1702519620467 0.312705490953284 19.1739782652651 -0.311320049710892
4.13050197120657 -9.07269239371581 2.98926711657564 3.85916728246025 2.93797302179032 -21.2966064299023 14.3604715107987 -3.80399186942606
5.58064133710825 -2.70801605129423 4.3098800077764 2.67986509789014 -19.0908873992693 2.10399441096657 23.152996910941 2.40169481765964
11.0300572042072 2.45232741274747 6.5882599356713 4.64143561257033 7.54891863684965 7.40584179464818 3.10218043765856 5.37334473820846
3.94825888682827 -28.5420128631418 3.74196518179686 2.96600077799532 1.88176191142796 5.04286870194895 11.4111477296555 3.97215799843916
-7.90010100473919 -8.71323442676265 -4.3132004715764 -6.67809349603264 -3.73058632569665 -3.89149943504062 -7.32542536030646 -6.63759515620595
20.6932921996909 19.1076616426655 21.658120846855 14.3845598048907 18.9811362867175 13.3365892529897 12.8952565651906 21.1329195753495
-5.84192795289965 9.31696717606514 19.8677184602568 14.9191457413276 19.0305159442843 5.46409000437538 28.698162494916 16.5760869897593
22.273686562828 11.2223056224452 18.4276934404199 16.3325372202568 11.7993106283313 12.0351158340081 20.9891063843322 -9.55156886391981
8.5870809140132 1.44202592954836 7.61367677495903 -0.497546350020732 4.64844145385349 -22.532356312113 13.033560068823 -3.68068021872762
22.0585121463627 -11.5128799160622 20.315608773768 7.32966098802592 11.5761977085321 12.9640273936701 22.2383814977206 16.5110174212703
10.9771188939575 -12.1485948821774 4.75195151169995 2.8864779297405 7.1145653077285 -19.0959794433769 9.60388989842225 0.0960112948746408
2.74978140120685 -0.115984889548773 -20.2037180370763 3.5881314060612 6.29839369764399 4.7404504013745 20.3728239997521 -2.01802835327429
7.6130523721314 -2.44375805932875 -19.3905925256458 6.26061434885913 6.07573554885498 -1.6980628085317 17.6228671419153 3.47706073990637
6.3317495479133 2.54977844443713 6.35529966332558 2.4380858490018 6.18308589836614 4.07122106774156 -0.259293611177656 6.39175367270624
20.2856248499865 6.30251397541975 -3.35635969092998 18.6328548892647 22.4400693552833 9.90212029802449 26.3468245202202 15.8857377552348
21.623477828115 6.13426946108922 19.0184371246357 13.4132400957477 17.334780411852 -13.4182705233941 22.0667664876174 11.4755681815647
20.3763939528256 7.2955955616252 14.3577382804041 16.6613594150543 -8.03895686369242 11.8240799611847 28.1860180476636 12.7475626830147
7.06676223943873 -10.8117818330357 6.82563723502834 3.1315104639534 9.82440192599446 0.364188195946755 17.0666157527207 -20.6300191880163
2.95233919436349 -2.92668906752243 2.64362951966769 7.56427012311383 -19.337724723135 -3.18131317078364 19.5433670448956 4.487826864344
-18.7522366110415 -4.70927797611085 6.19871433774287 11.3100431625877 6.42984015148 -0.550357662285977 24.1298826575286 0.0994177244929794
-15.7826044034432 -1.51508769862186 6.07008370317769 3.36923612986238 6.15437521846188 -0.941991168969427 20.7537094461535 4.4550661545957
18.2103341111917 -16.0558421451106 16.442589609911 15.3426948461656 17.9532334417551 15.576843258327 19.3566567202907 21.3893278748696
-0.182411148904587 -3.30097795959251 5.95071903008944 4.83659189643118 7.17978278386931 -23.7002586346387 20.7036872225785 -7.90934195655518
6.13324413399576 4.04016498696759 7.07195332364681 6.02096153500135 5.81367372752703 8.29621388109868 2.67500208631096 8.44250727717789
18.6116798850904 4.0423957749639 10.811860496685 13.2748694920265 -7.8546639340834 14.7030555034961 28.6884468571903 13.0572003534464
0.538678446726997 8.01359926167075 18.2214969504438 13.8819994019558 24.9905573022783 15.6108845569191 25.3871712602978 13.5733913968252
3.77606534379071 -3.23441773378191 7.09415536971818 4.6193523010312 -22.0335911964507 -2.1130029851794 17.9712978107022 -1.79767711813014
-3.60362950893729 3.0828648972284 19.8539951765653 6.15978502679412 16.6629724165346 11.4988126389463 30.5346047437083 15.9553338042873
2.99861465904677 -10.6186969782796 2.32421127009784 -22.4120361505716 4.80152070648407 0.866446775743635 19.6708784278664 -1.07135959168958
4.73408991206032 -23.7953945191979 3.89552095491366 6.61516608837175 3.61944710738108 0.867626283172501 9.46469878586682 1.23723514956927
6.6270668377392 -5.02471972810456 4.75021809937566 2.533802276713 3.84697462506735 9.45613590827877 15.8704304127939 -21.5820894908666
19.3236144015158 9.54684842898812 19.465835275666 16.395245300042 18.5723537124475 14.9294653734025 14.4736927358287 -8.75445438397658
27.9839338248042 18.6413519294262 21.4490665669573 12.5058461542337 17.6626042857773 13.2246116964056 14.8000378912191 25.5534859939882
16.9957263040388 5.3496973714502 16.3292743705955 13.5822220843959 16.5048636380606 -11.172841780295 22.0016474473628 12.5030764019551
15.7171411384218 -20.1183785392089 15.8416999101576 12.9039295555313 17.8942094861544 14.3407726164634 18.7334989540592 16.0524888791396
5.13536189178927 0.371157477121318 9.47033559560834 -17.1380082712402 1.06773898538381 2.04076177203802 20.5737764647318 -4.42690318914817
6.40791286538003 -3.54656821113044 -0.775803325361189 6.68541886558802 -20.2225696021079 2.44402064514702 22.3120828378976 1.81314333034139
6.86998589659128 -7.81136418952921 6.32263280233222 2.57768260673393 2.70423906234995 2.44461905233727 17.5147355166516 -23.8723031465724
26.8451888837547 -0.406009934848618 19.8320699448257 16.9784782022074 14.8359966721897 22.8279491817033 16.9349472906488 -8.45345733261984
-5.04065902311858 4.94377408992618 18.9117403218935 19.7886924800074 20.817117653689 12.4818690692409 23.0389533240292 18.5407570056692
18.3220533503115 -10.1155793218161 17.7137148321047 11.8379363672199 15.8842996972357 11.2593925107558 19.4977828603006 15.9452420577222
3.1830738172782 -26.7375625059601 8.45752811638097 2.28992519057048 0.705079173720358 6.14281808802775 11.4457035319902 4.90003430810187
6.93303576039207 -3.46086173936314 3.93311986114446 1.85296324974972 0.709356311105889 6.58171409687046 13.6774950898138 -22.9488033470832
7.05641203806864 0.118341121690969 -2.07917027272877 2.49526396029504 3.56783700271193 3.77955837762442 20.4779887364659 -19.9943430854012
18.163380014368 -12.9899072638644 16.8297004851768 15.4353136797491 12.2695631395891 11.5290602702265 16.0583451975649 19.0071756859557
-1.57739756366394 7.38009875799461 21.7492706557778 18.8582892475931 10.4673151941412 13.3053079744102 26.6854610623145 15.3013493750072
-18.6315949306211 -0.441940986512427 14.7177810659126 3.10295934393191 6.28690794201693 -0.479349470479339 20.051936430065 10.7049492156912
8.50144642085843 4.97610030248323 6.26496994697421 5.79212396338046 2.21390785117791 0.190563643253002 7.96684052852547 2.59955647655239
8.77166758543782 10.6286859932526 3.80605765790553 4.81234188189035 8.11726364163762 5.94733730027992 4.18947966491728 9.16301482389997
2.45663102734364 -7.4978817634215 1.88531515975611 5.58381232605838 5.36854252057005 7.26930945250463 12.3328368474467 -22.3870950765707
-6.76190031618358 -6.15219938334428 -7.46065217338254 -5.17236635873902 -6.60031538956296 -5.47600025535116 -6.14028687298716 -3.26170752381461
19.7190330052165 0.380827104609308 16.5554456520748 12.5557215112959 13.3097116440093 12.2526276520546 25.6407309217333 -13.3760248043879
6.6740790007552 -4.83507346098403 2.98117247655712 -18.4852452252289 0.0215295056835534 -1.02976384919283 16.2952687188744 -5.91371059138884
20.2206250761417 3.55838422199693 16.1859676912937 14.3336992480017 14.0240297521643 -10.0129566533054 22.3493870491395 11.093491751064
-7.68412627228324 -10.8899027028636 -10.188877666362 -7.47759539265616 -9.23795419616511 -2.82257795915109 -2.89687386753898 -9.4997425621119
3.06479625864875 -2.16624806803923 -22.1843652976401 3.42662679562737 5.30359921657071 -3.15610999828163 20.2151973975191 -1.30791141552658
4.5716807990583 -5.70523770090477 3.46278198852616 -19.7849590032808 1.43178083664684 1.82167287938789 18.004858531501 -0.0899356322657245
-4.57455440377053 6.18975773489376 19.2758042488446 18.9968759191265 14.8498179511686 8.17739551484605 30.9071820726705 13.3936040420623
5.12523760244335 -3.61290578391621 -18.5822697796113 4.15779723065983 6.6006169069733 4.12377837721181 17.9581408324143 -0.517900019259222
-18.8681889528157 -7.2892307948826 6.19889229478837 5.9768079096236 5.73599854699023 0.400098090727886 20.5415812366482 0.0929971144971434
7.56760959771402 -7.69572473749682 4.35457730056258 -21.4678234332973 1.38055739221926 1.48898021000151 17.2560879539022 1.49081724204574
6.70286593261556 -8.74811948187486 9.8598936441015 7.14643030970769 3.35132968290709 4.21374988548932 21.0703800349378 -18.269692440426
2.94169444325242 -7.8973601458422 -19.5443629393244 4.2941815019159 6.80408824687936 1.54087020296735 21.1370890887071 2.21548629673428
-2.78632650297832 4.49090066064963 21.8278503377936 12.6539488844186 20.4650672889448 13.2767633932478 26.6546334911942 14.415085558511
8.00581141896159 7.44095295983942 3.75237771898578 3.50300773955343 5.30982346034444 7.80676055522337 2.30307188285092 5.57914165002384
6.16014495448243 -1.71339296339837 6.94947673714339 0.972950365468205 3.23345074447508 0.543870968910536 19.3988909654733 -21.3971139852698
3.74722443028645 -27.8916663396907 8.71830103340862 2.34740397381608 0.573648725207922 3.69726320277139 9.00262682602159 -0.23284426504387
-15.79775599057 -9.10337793192384 2.23011114605344 3.04811077006879 2.21775799152969 -3.25993233195758 20.9120884488782 -1.83249051820424
21.5437804209608 9.65054098008587 15.4909035368031 12.2609605579299 -3.42843863613982 9.52496260622363 28.0934157454872 13.2281869594221
19.5979443358884 8.51728978480745 13.8821439324456 9.47969246167342 20.3332304034945 19.819230546622 15.7034181583134 -7.01766461428257
5.92681993537229 4.75772996122886 6.29786978684894 6.79641323400275 9.01673458307471 0.567158647595024 2.36926708764964 2.28529056188553
8.9610585242527 8.99223071866453 7.3299882125576 3.95015317765093 4.30586868672527 0.740117963491599 1.01015353792868 1.255174011297
8.16182272210117 3.36178390001281 8.60923437687401 4.19435271671871 3.56735601879964 5.474468958848 5.34961462929373 6.51666698026016
21.7168970281134 8.38700336272461 17.7134065088156 11.5933014570122 16.4400546143987 -11.817271640773 23.6812822701545 12.5410002780945
-11.0367968394252 -3.52834320486258 -3.53500702127801 -7.46908609721693 -5.76922829410638 -4.75458439323008 -1.63757448411676 -6.06058421985737
16.5034342621916 5.53531264966861 15.837993263149 14.4309886252276 -8.34579584556042 13.9627011044726 24.7471269687248 10.9824464986552
-5.67957365066948 -4.48519535478679 -4.74688852230494 -10.1809645342204 -7.09250970871118 -7.37858997076437 -2.17669533623381 -3.16345213197758
21.8594952382586 9.47457994333415 18.9262873657354 14.2716443753382 14.5544147230741 -10.8347965675644 22.3395791105134 13.1923541339491
4.65114601766219 -6.93740337784061 4.29215395584778 11.1522840981804 -19.8301600270337 5.24778940428289 24.1640673605088 0.475990515113193
-6.43263142080285 -2.92501751872869 -0.5545941078293 -4.83922285942229 -6.53677292447776 -4.92579161954346 -3.04431067773896 -7.96118019263615
20.8088542386709 8.66374238084082 17.0127174224165 11.7426546712715 9.98688625034217 15.9040652014164 19.6799125721213 -8.0618769117447
3.31137990870687 -3.98089108679584 3.51846976239565 4.60262068418388 -18.6547114795469 -3.36839215453676 20.3709816349197 -2.80444829954205
26.2535137582306 21.7638636952458 18.4509891338362 11.0951588295227 18.0389105661003 19.2684024673018 6.68078478822579 19.9771641179154
1.60137189176726 -4.27756649254915 1.50277415225808 -18.6290574460174 2.0333011132567 -2.4447285947565 20.0732649902702 0.269509508828753
18.0711870829023 5.63076867498115 18.5208478908917 19.1948209636225 20.3839936555088 15.9168741511634 22.1506771637701 -10.1063964779844
24.298144409018 10.5961024780474 18.3987914895254 12.0488917022294 10.9690514940992 9.91429013359399 29.5848089153406 -11.8705439707437
-0.161757512431218 4.64447515248628 20.1236146073834 10.542461354876 15.2425061003767 11.5881072890714 27.3549044570791 15.2345660744966
-7.53548452558558 -4.15646326444234 17.6035823481554 17.7099569281313 13.8698787168268 12.8917279026805 19.6963184112392 13.766976600298
1.30001053527264 -2.11959519794077 -24.4723966790047 1.30404718654371 8.66376845344935 1.81226497386184 19.7502300094909 -4.03117111138139
12.8571823372879 5.06447552895994 4.92139000832049 8.52335845906814 3.6622203188184 6.99072910500988 4.51867134509044 8.01557484087254
-3.84849220689289 -5.0999459124604 11.115583999882 4.64133204979329 -1.56116847490789 -21.530969539205 13.6813534172418 -2.67880597063817
-7.36871652703438 -1.80313878576407 -5.96472070950136 -3.86084742806406 -8.59229358271918 -11.9897381460824 -2.91613286896437 -7.94312069001799
19.1693786589064 -15.2122063817397 16.6712289798447 11.1897286763757 14.8731230424912 16.4284889182688 16.5669930639852 16.8540839953654
27.915702335282 5.74611622230699 17.9327729183218 8.79456838460214 17.751339114631 17.667223179309 27.8534884758292 -8.28697186768853
-22.7748820547589 -3.31307152811034 3.76306409503184 -0.440335563990923 11.6981983194945 -0.382603730563166 21.3133726869491 -1.08804983667622
5.83349921499712 -5.81578004034096 2.70959004715791 4.35534872476029 3.80815898793949 4.03706726748292 10.5873413646481 -23.6153079107316
17.4387482287084 10.2104129261856 -9.72322927850043 13.4992895461514 13.7838639593005 7.09372361235165 27.6412168074827 12.4812707582373
22.2697984162446 7.08349358401283 18.7643871089078 12.913729940582 19.236840953961 -12.2592329515236 22.2348140379663 11.4804511315868
17.8101687474791 -19.9590198393509 15.5619647471077 7.31957177904636 20.1503714744676 11.9712573028398 16.8686371230344 18.4366092850804
-1.07657832371054 11.049382045778 19.8473016267349 8.91532631311152 24.6209245537523 13.8523921265965 29.4418796069033 14.487802553101
-1.71076613958499 2.13023661896921 21.4274761699744 18.1802651279831 21.4677697142151 10.1364199559617 25.8320555453223 12.6459888099399
3.52977211023841 -26.8364890735043 4.42138184775717 4.86153321034107 0.669308830266467 -0.149451967495332 10.10880484467 4.74405692448017
22.80310673144 13.2590233430891 17.6157672636417 13.6514229143959 20.335791348347 13.8605378600204 16.1745710126251 -11.139833323907
4.06974790157869 -11.8331324918458 1.86009153105876 -22.4917116125419 3.46314062930383 -1.26540758713029 16.6227745520874 2.76089440253327
2.09105135517599 -3.58189262312086 1.60484480722451 -18.3756079941237 5.54972712922218 1.9032197868679 18.224397322284 -1.08137602815051
2.15661439795381 -2.32547402555638 2.5539929368724 0.707420531734962 2.96079480469796 2.25532703009011 13.4997813338415 -22.1810343643615
-19.0267708389031 0.116484496376046 14.3180138808996 7.56396667908707 10.0536111239843 -0.698891722470425 22.7562325028637 -7.32790636205642
4.77254286996122 5.26010468493102 6.52369442371686 2.5675153022814 7.0293058018825 1.23140567720363 5.63311214583562 8.89412407276266
22.8073266691624 3.66522998567836 18.7784091567182 11.4169067147705 17.9582030535049 -11.8488891724711 22.1190486781546 8.33956189002
3.21966693490277 -8.07858523852327 4.24225618421824 -19.5197023011045 3.01336176993259 0.57896290049516 19.494213956277 -0.517022682250705
13.364272402974 -11.3073711978395 3.51883633221261 6.33192948708316 1.84567406298673 -25.3326008321862 17.8095954677916 -1.17867807415705
6.18234988566294 -9.53698893262045 -21.4154652170759 6.64280068527217 6.56412098477188 0.487731360529803 19.7545177838323 -3.70620650688995
-3.77293681653389 5.44527254831218 17.1327302176855 12.1586742880353 23.6077146795359 11.4029190398085 23.7388786349841 13.1393942465156
4.77063037295497 -26.6798740218519 -0.7614543043534 4.28057287143401 -1.37282781297057 2.57717850109874 9.49031717973244 1.45904104456782
7.40021911887178 7.40733512609816 3.37594113457606 8.49133800481519 1.72995828443369 2.41524097217402 3.05792161077486 6.21033824098595
20.807946011812 4.0127960749326 15.9716048629944 9.64400531243351 19.897422204738 -10.5356597299797 20.3921883923151 10.6293117377257
3.82149063753133 -10.0740442693776 6.14041729766468 3.8720145831042 5.2095132423872 9.61932134112295 16.3261794959959 -22.1894509791449
19.9314958950535 -12.6445894581598 17.3200123180895 10.9263209776917 16.5699563952811 16.4679478561885 16.0783558805247 15.8068795925979
0.359492116956074 -4.61913134439611 1.54687549325617 -20.473623351698 2.35678683298118 -0.374510804882482 21.4847010664616 -2.76183065482866
20.2001286146878 -12.4137491234497 15.7721999413901 12.8683540958001 18.8119678261784 14.1858702168894 20.8855389615607 20.6679427302128
18.7892610959609 6.70748666787441 -7.11953061743537 14.3383935349524 15.5190908098581 12.9052383603533 22.9248699653375 11.9930786795337
19.8697644431041 -15.6256845897747 21.2150047359021 11.4214867865515 17.7552805035972 12.1185580234799 20.4869431076068 16.7275924137459
12.7474995219401 7.80979867602009 21.1537923122446 15.973719240066 -2.92659572799113 5.1915162588428 32.917812404956 17.496621752636
6.45625601882618 6.58719950020066 7.15216401147896 6.78067698381906 6.08953380092846 1.66017674425811 1.42191286048229 4.45192666834492
18.4936351656393 8.1718533788309 15.3773980342332 12.8969919450169 -13.202400867479 12.0827049144398 30.0084784554418 14.7499050872904
7.82361371682553 -8.03775757493058 2.36445880929345 -1.32950525708324 2.78557607731488 7.32128662312753 15.0194777696836 -25.90727523577
7.47352371460942 0.0259321733562361 -14.5315310907409 3.12652091199522 4.19930584777775 -5.17397036810438 20.2515641102706 3.05733276066706
18.0745102304223 8.16057511374154 15.2014497333468 9.2105706121214 -10.5630608121495 9.87365590764547 30.4863351608119 12.5990058369441
20.722875140106 17.972620306215 20.8216183790857 13.3613708169381 16.9958918709535 20.5716348210453 10.0650002379003 22.1649078495765
21.3001627369463 3.00454186595672 21.0673682153528 12.2935928375961 15.56906779526 -12.2967133078532 23.2813699966314 11.1003614947542
22.5768082668381 6.39816535611347 17.2021978788777 13.7975349626415 -8.35866419705587 14.1899343323002 24.3828798505683 12.9522939743648
4.19753604811047 -1.04095384595805 0.458313278805254 6.67869027599301 -18.090018362578 1.46565228733272 21.3321256055773 -2.12194177346918
27.1506563725106 10.4282102019279 12.2821605082129 13.0434709194528 16.6905830485521 -11.0401845507988 20.6098418471095 16.7203388488753
19.2201889179377 7.12421566210585 18.3727546112156 14.5743102953309 17.8851155295587 -12.3819165370151 23.0198483340768 8.75417960886048
20.9691930536393 5.69639115264622 21.6296740031646 12.0799091017148 14.0167912861169 -10.543236592007 23.8586806310806 14.1682803972643
25.9963296184025 6.93087665141324 21.6190696409813 11.7250721708462 20.0367965792563 13.012025058054 20.1291240914906 -8.65522427296587
9.29372596147254 11.394029749575 5.22217129443663 4.33943294869557 6.52919772097729 5.37430651782833 2.28341582796404 4.78808934776528
16.6947912929595 7.27134284420362 -1.15337706110375 13.1288002808359 17.5743673418805 6.89524625747121 24.4612148024493 9.76509643793678
14.8066040312545 3.60105910843389 18.7511104351055 11.1657489284074 -8.87221486020973 12.1894324802623 25.8802091204929 11.793716500495
28.6456814306876 19.3328325167662 20.7400282942528 10.4909161956372 18.0404521190777 15.3080085038122 10.0804523764196 21.8365799991966
20.228156414815 9.17189532256888 -7.13390636006972 14.7271924954196 15.2762133810611 16.1882569656996 25.0418631368057 10.7728216252729
19.142969272513 5.0861622695335 16.0410913742742 4.49089891189891 14.9868357528452 17.6624733477155 22.0161096173076 -5.22894537423978
4.04336391416563 0.583362498415908 0.601284246579001 -18.9450219957644 -1.02672887210869 1.3849544452492 22.2523800482084 -0.687961964286672
27.9065760478565 3.91586395856634 17.4752179826031 13.2819517317773 11.7329757737234 21.1868667605566 22.2897633536223 -8.8900414544221
8.71516315145812 -13.5335491427655 7.24808178199873 4.42374247533813 4.64556839346051 4.7454226581617 11.980374451728 -23.9604216530345
19.1463223393283 5.09058165493061 -4.42172992137024 17.5648615257248 15.9410007711365 9.07759323984553 24.4160889380159 13.0738677600426
-2.16472552320446 4.59569557040502 19.2823374068424 13.7189427536141 14.4749626951203 12.4673158390786 23.5324039294776 14.2388062450442
-1.49911446980014 15.1597362997426 21.4895280331902 12.9864416249822 13.0888646522722 13.3005379009727 32.027716817019 14.3974304130423
-0.182258644948488 1.87451645289517 23.3777879689164 11.5456177159943 16.6855029693579 2.64123692936428 26.3861277893139 11.9471348182995
6.01009067556336 -27.4661222592466 6.33907757023207 3.7755079083297 -1.99227735686139 4.15817772045271 12.9366238882845 4.49442046738895
3.01652477622335 -9.55317073360358 4.17560238207333 4.29626765708101 -22.8539070201344 0.958210511026471 21.0110258073825 -0.850638395360661
-4.86287812966506 12.980569883989 23.6571617386103 13.3892380407963 20.8971027707572 12.1759653398471 30.0990073816095 14.6948713368419
5.29709060457365 -5.62275959788426 -1.98371247297675 2.61443326899775 -21.8846242919289 4.75757786552841 25.4211783630601 -5.00344616248589
7.28688230612851 -5.73049170915342 6.01272069092803 -23.2959014996665 -0.0917957879921758 2.9008769088744 20.0968951215028 -3.8568289164931
20.9537427928542 4.84879496291087 17.8177858542288 10.5129473229336 18.3254784209961 10.8302590332662 17.164020428652 -9.74667775698455
7.62373421205188 0.0891418161675324 -19.1372192699016 4.95856408814298 6.21086020032287 1.14419580055446 20.3202345060449 -5.62555892782849
18.9771968216531 7.13357676406824 18.2091786050178 9.94684756961055 17.8039906146194 15.3098790863446 20.649750670405 -11.3678804385178
3.63341517002465 -0.358008719333766 -20.4019975226792 4.38245580048842 6.06929958406619 -1.63591983744832 18.0648032067241 -6.5450799991278
23.9107484982084 10.7134554483158 18.6577964001743 15.1605558837531 15.968828442119 -10.0008954644325 20.9749125704455 16.2651739548581
5.91980641480687 -5.04583815246779 2.23559433455459 5.64661336523937 -20.2143367597553 1.07042074676507 20.8377760604191 -2.14197531172546
23.2189419556866 -1.36766247164959 17.4427608850809 15.1827921097407 14.8648492759135 13.9585474232927 25.0605936395254 -8.07672912706827
21.2373908500148 -14.6662977908441 16.1953836906363 10.4584439073667 13.467598995718 18.5301581886952 16.757959024643 19.9192120831895
21.6637678259344 -11.8747451147827 17.5164391943418 13.4844368320294 11.2326557864339 14.2106401026532 19.5788541259723 17.198282136405
15.4467003160404 8.82274272949848 13.3377475248267 12.3692413664657 -5.29781722003818 16.3010366175313 26.8208812248492 13.5060404170727
20.7801465314184 9.1253125855126 -7.15307358572918 17.1145279451118 21.3199164759975 9.18790654138339 26.7893282502032 15.0263660815079
-19.7841730787687 -3.58644993889702 6.51070826194896 9.62110272158901 1.24103228292637 1.38421111186403 20.6445463591774 -1.89766016187832
20.4962594897787 12.2051987621101 15.9941787614961 12.3902772113221 -8.83079632909985 7.26326989072731 26.8220931773296 14.0375042545002
9.58128409639295 8.19568942574736 5.52994950793888 3.90235733844027 2.83834610899854 3.99351387359849 2.96586882602585 3.52125962196289
-0.109844711592297 10.0936166503961 18.0164660793325 16.8247083975075 23.563822328426 13.6587686768816 24.4208644206646 12.9811731035042
2.94827193752583 -10.9525598682888 -20.5133597170965 3.34850457930375 7.7629126555321 -0.659980972892995 20.0641030685169 -2.09765833004332
20.4935006078164 7.53690731949086 -7.26328759734854 15.0999402970953 13.1604053770287 7.0153547127454 25.6073902187534 12.0396872216125
24.5561072361046 13.2032688923888 18.0723305865085 17.5124725304736 18.2477260885916 14.5972002065555 13.6894741975928 18.4098679296398
-15.7690745567484 -3.63242973283788 7.16175178459763 9.03652972215709 8.54122577607287 0.703644585451263 19.8328422002099 -2.66776584717683
18.9192939980527 -2.35035925228335 16.5136025017899 12.6361618213922 20.3467158273428 17.5243502154729 21.4434035692431 -9.34417554112764
12.5391019155761 -7.18771679071528 0.697882301743618 6.16769021157734 1.98606654917609 -22.7602007761772 21.1951204035082 -4.02845935924533
0.303603375464275 7.98334687965349 19.1843339138737 16.3085882180708 19.64551150471 8.22734073434062 26.9740108246312 13.4870553845146
6.43437925145846 -0.840841301527428 6.38652767730834 0.977635725192429 0.345348808873255 -24.5431274293546 19.7892327759476 -0.710659487427656
9.00958787908978 5.57428611588808 6.48600708441058 1.94742116048145 5.56878615038529 7.96779134585301 0.83899466440119 6.58990531606004
25.5011619778688 6.06651632165606 19.6024933594992 16.3242722141929 14.6386805739484 -10.2356046561811 21.8082273100866 14.2849406764996
6.80878331316371 -4.0635739605766 6.12608135219614 3.69612304930008 3.2861768028823 -22.9237866957073 15.2635125419489 5.69281885637942
-0.771501052833201 -1.82791557153582 2.332656715176 2.29555456803947 -19.2507032278189 -1.32705021863141 18.1070034734521 2.40138593068067
4.44364655996157 -30.2473945832701 0.678866341896525 1.68808949195692 4.3390270497244 4.23479890485842 9.03267245678026 1.60437304704679
21.4363646703448 -19.1389302527751 16.7172729166458 20.4511340644965 13.9419266932238 14.6236559311624 13.3863643679599 15.2536846673833
2.09532693458115 -24.7170358944413 3.42197723868161 2.02686941218875 2.49922105488967 4.01339528112097 9.8573526471828 2.02845780311436
17.8272278354045 8.32212452708732 11.7596536377935 13.9344093838685 -6.18485534732284 11.6463352644355 26.2821806024344 15.4428399000913
1.9465497133552 -4.40755974521984 1.71926104137145 5.76174668414093 4.33714514651531 -18.3963190608318 14.8184826316336 6.41505773405918
6.47024683480642 -19.9404249849653 9.37815730476123 1.97985610268653 5.76250845946351 3.78700108078849 7.4619740226277 1.57439499398576
16.3540524000418 3.42448823689046 -5.06371911324001 13.1226512724064 16.8469381662818 5.78211774005472 25.1927059702587 15.3132298209519
17.7345661734244 4.53733213147934 14.4926993319763 11.2951514344898 18.2177905006821 -13.1889413435324 22.5457031616938 14.4241543405621
4.73585860317148 -2.73282466840789 6.91904554776255 1.05684408832347 4.75079701811474 1.48389712088009 15.9874323904293 -20.4866462113499
2.83429956487018 -19.928079655427 5.18177248028018 1.65284405382859 -1.41004178627526 -1.0884181588426 8.60943078992083 6.27983797004932
-8.40638047948351 -4.97561789074704 -6.99395497579215 -7.89532138716271 -4.98354885226236 -5.09280194643527 -3.28121120467064 -4.11634521893419
17.6615554455384 1.86259692051451 -10.2998994781094 16.7225566044086 20.2625395827085 6.3686810275433 24.2379314830472 13.9942238438629
18.3785896307845 3.29917697920908 -7.83618616952253 15.3958967156252 14.6594593345232 5.44875901379098 28.1052009917965 16.2994699337109
4.60496377850921 -5.43446441881644 -6.73949226083951 -17.5269268863988 2.71653871234694 -0.292934915745983 21.4978806026703 1.44343000566657
19.7590483740307 10.8410740054858 19.1103215491834 18.3096501121287 -4.908757025443 12.7024021869954 28.3557725603959 13.3946891951638
26.2190871535533 11.2604086538857 16.805862157619 13.8150570380598 15.684939578776 -9.98111124128309 19.4686981040497 11.5097867028334
1.28710267376184 -0.604846426593382 3.22982556662863 -22.6874405592175 4.2852509976223 -0.150029064522569 17.9268839625851 -2.04673332465652
21.9731035165848 21.262141317694 21.5685731798176 17.788793258962 16.3706551713658 16.1813887207157 11.02922047463 19.9151009984971
0.192180429272117 -1.07418772713635 -23.3389820433682 5.18636275649315 5.61735954192739 -0.499933240967162 22.6956826242955 0.188953656761407
9.56339511817782 6.40007449719272 7.30065538737033 6.0015452978433 5.40959564997695 8.15326932284229 2.98413888174225 8.83651069961435
-7.3719675605406 -4.63521965427975 -6.05717803929716 -5.71897547941652 -7.7318075289523 -3.71589013339837 -7.70893918682824 -5.88810988912771
20.5578490141293 6.61202438090863 -11.7474257550257 14.7271785165365 17.2129179444348 16.979011597923 26.1722592133432 14.4781977497573
17.9584510768715 9.00222343264051 -4.52528727688282 17.9630102362245 14.5154085704671 17.0421899527148 30.9507808595605 11.6580923365106
-4.16354153566855 9.73037371161836 19.9437023443273 11.029690349484 19.8541838928531 10.9647083987317 28.5016248694051 11.944161223854
-2.5954642521221 8.7792061778558 20.3957074519458 16.871171696265 16.5746314461347 14.5508505583347 29.5540906777532 13.1633682710597
6.50574601640149 8.77968117157228 7.32416661535322 0.612731107784571 6.68116196756473 10.5041388677443 1.13221451507974 6.03932963895711
-3.75213556306376 3.02098943566721 19.163126303169 18.3283476289672 24.2190907601953 10.8682932423132 23.6804858295496 17.5098987204655
19.8240143354461 -15.7263400635459 14.0482049320039 4.84423508188968 12.1488264143554 12.0607441986279 17.9259632698393 16.7346848212586
17.4278608132994 -21.4986026460343 17.8979666287324 12.8670549920918 9.99263767034072 12.1123462380016 16.6799274534904 16.2861891412377
6.13511015333098 4.82854527991019 4.75628758824173 7.06051485434348 4.11553721641834 5.41533362948211 1.07520466829599 3.89071533876541
0.821398394604127 -28.8366902925146 0.852773064222569 0.381768825609395 1.3357549100059 0.986255926550155 7.1046325396047 -0.451302303131804
5.58688301098624 0.00723864949595665 5.52346358588229 -21.8500703368541 3.0018901931729 -0.947497705570028 22.0080689920392 1.24184457728251
23.081119118061 2.69301769939109 19.6929018121238 9.47670497504537 15.261034529617 15.9788533417266 20.4235230590303 -6.41651205272137
5.14384401768127 -27.4995610208735 1.72566399907036 2.38132750123382 2.94035926994848 5.74915659906259 9.19107855275026 6.71868826022159
20.9580190877221 -14.0924028971745 18.88331795446 7.72867080033237 16.7801674598696 13.5096020693433 18.125113113107 16.1962009625321
19.1205621016066 3.98915329916298 -8.56622574615577 13.9259094502703 15.7973586228867 14.3170825401186 31.5315903847964 14.0993830994937
-0.0834832628307707 -9.38315117578835 3.35696973716704 2.11781580991212 7.76698863008612 -24.4348412178684 15.7654931857727 -6.91185511342427
5.30461917518132 -25.0211324285441 4.75201760819878 5.40309111750247 1.91215943620799 2.29718104827522 12.8682962128738 -1.6604918600452
22.0406023405498 17.497351097019 22.0516620535784 17.726500216509 19.7117658179551 14.4786933961304 11.3545513747686 22.3804675885521
18.2157725084062 -18.6249812682311 14.9408139607465 11.8883734034123 11.8072162121287 13.8185713499973 14.2307884131166 17.0082556255977
5.06683056517159 -26.1505593918722 5.47222400407619 3.77291425786893 0.306190699593941 4.84304539453987 10.8125362048223 2.8103705145028
18.287369164919 10.9160290110418 11.4045903611018 14.7078774879251 16.132780979256 -11.3266190645171 21.692779972846 9.47082628482631
3.5664272913281 -5.86759388815884 0.830293212322858 6.01292308252003 -18.2090067080386 3.09698651525287 21.5998531104049 5.01298371171241
20.8699872666118 3.26591638769331 12.8887684682401 10.0539298999228 16.6145389478829 -12.895519782838 22.3523108444482 11.9761734206059
-2.54436598196383 0.343985748248682 20.408778231515 9.28060510634685 12.0991242100847 5.99320793457122 27.8176571459597 15.1758230907419
-19.5332256312011 -5.73015785596579 7.94142582408517 -0.0828992300254487 2.33585956516201 1.88710722473273 18.9440065213205 1.16550765810267
7.35511128600111 4.78240808879226 6.8908178729014 4.40694171101282 6.83243395058403 6.36789588456971 2.77117238680576 5.91623181778849
19.9179867286317 7.46045374241635 -6.70044767736269 15.7773354906215 21.1061619798268 6.52777034119618 24.3260569922972 11.3462287145088
6.08754286601321 -4.62652710032548 4.07369896725786 1.26844742795693 0.768898464616679 -22.9710959569026 12.7711290179752 -2.87452251356015
-3.68992081802462 7.22534431304675 22.1184802835236 21.0819368266311 21.5563538844173 12.6343979507875 22.8090632583234 15.5350841104137
7.93574430671081 -4.57456056255835 -1.06139808330365 6.26421649853181 3.27672689280665 -20.5269285125156 8.6194991054122 -5.39122654933871
-1.91947060226011 11.1039678863468 22.4624456919273 16.1592296803421 9.20696931046901 17.1231152798288 29.1311005168849 15.5881531718686
21.7921265345842 -0.803985077177649 15.7982483263537 14.3282484612139 15.0833669830058 -10.1762590387932 20.509470411882 11.6867855201485
22.5510739900107 3.83261502220519 -8.58730553268942 15.8822943399975 20.7215238140942 13.38889181665 27.7468852111122 13.3427704344343
20.7028554773123 5.34211194361969 16.29433277599 15.65159543845 17.9573925796799 -10.8934690806028 21.352130951152 14.8425630468995
18.302256049562 6.73483348689126 -10.8937979938187 10.9793013371979 10.3286287655877 11.4387089487896 26.5068845348481 12.6383467436438
18.3166884155057 -12.9066234250207 15.5327463748261 6.97442772789911 18.774243486216 12.4448648683558 20.5114972439925 17.744484735607
20.097106215703 6.70196732281273 -8.89122023682961 13.0912563807272 17.186679144206 11.9801808044846 30.5736147401071 13.570136167209
21.0960640544812 2.75378241762752 18.1798656156354 13.4204258434809 18.8460691564319 19.1402084582045 22.9811506299212 -10.2257536088357
0.72532324019407 -31.4832784316213 -1.06654821396332 5.05794209746679 -0.906045186127855 -1.00479517741775 10.1939383059518 0.294591477629174
9.21695527964193 -4.08973158380233 2.3641429686761 5.7896413868451 -12.8757188479775 -4.61596872254883 23.997880877271 2.52020208592493
19.1595529813228 3.50006403176235 17.3866490449639 15.209541191514 15.7226948112825 -9.78456577296804 21.9862689277762 17.3145031673367
18.5869453601961 6.42102557762021 -10.2626521980168 15.5537041241709 17.6281819269851 16.0576447826101 26.9944802744029 13.7968276914134
4.56569162582853 1.33947870236042 1.65364165756728 4.98683445807877 2.56254059888591 1.131849569559 16.3416870543133 -27.4399124019461
-15.9336567664603 -1.84776057036865 -5.16363597368169 -4.45776286784876 -7.20302917108735 -5.06498190950602 -0.269741244709528 -8.88543651343264
11.3256312819021 2.8612333578242 6.44959970350351 4.23107211032867 5.21226354386662 10.1339871217472 -2.39052180154154 8.78541998558833
5.63065952554202 -7.18138108206905 2.45973707144458 7.45612458083765 -1.82705628415039 -20.2040423996699 14.6257683963717 -5.07907813582652
-1.75338112274323 7.12703111257411 19.3382521815022 14.034623242406 17.1307106454804 8.34740494114387 29.1584757909125 13.1806741834683
18.9927115238322 4.8853196492734 20.0542491712757 10.7816345976677 14.2493624553588 -9.93327826412342 23.3986711466407 9.28765309942629
4.58023009950573 -4.1649718303962 15.5133878910018 2.16209615830445 7.36268747408942 3.90980078268419 18.5291042672989 -23.3256035454864
5.26280768154263 4.14057656138703 4.81137889671246 3.58005743519181 7.72982522142098 8.01993033053529 -0.879223860983264 3.98841596153133
4.33217080691719 5.71147997855038 6.2820507950664 2.10502323671108 3.73356685499631 7.0472360898052 -0.0642624596021428 8.14981210449019
2.34927060613085 -27.1296464092225 4.36769108679197 -0.528002460655888 0.175400155225314 2.27419250916196 9.79638954694824 6.13910269647143
2.01561542168882 -3.10068175756024 -21.0774740266341 5.70939024419783 5.60768274784639 0.12962305199987 17.3465484113584 -3.0566091134616
9.92892282053156 3.11251073219788 8.02064278854111 3.89748993788031 5.83423339257992 2.53851367692404 2.36017351227293 8.05052535484668
-16.3501478918497 -8.00623440695792 4.07227015497357 3.73936633266697 4.95091372066601 -1.18022511745196 19.9769561090978 -5.53114186235653
2.61057716382082 -3.51486070244711 -18.8689585333946 5.05664800064629 5.55118396809645 -2.25239140173888 22.6124848240283 -5.18651179852566
11.6001159598253 8.1526423092522 6.23781637185517 4.34038348778073 5.15146523671574 3.58867261120555 3.8981520716855 8.32999730483473
6.22134897743206 -8.56500211935373 6.0717004589174 4.15325210922091 -1.76171624277138 -22.7739239091281 14.0228775375945 -4.1450469732557
-12.5582023641443 -0.900047400418501 -8.56877144340758 0.595456819815558 -5.02823756406358 -6.93773254614877 -5.87864512794841 -4.26777280136732
20.7458029246763 -20.5035204564595 17.7602752351255 14.9336263844328 16.9926511031603 12.6919149914952 15.2795951393618 18.7049642183528
17.9899984192226 7.88479233067011 -9.26041365506522 11.400351118442 15.2130127663919 11.014820384195 26.7337606749893 13.5410937885068
18.6299368841019 12.1191856426746 13.4418681151297 12.8216645146247 14.138281925716 -8.87929420728836 24.4417589348887 12.6136583620307
3.40373660005109 -7.51919944814196 9.10577237116587 4.55448987217501 4.84547987231448 -20.1100376482259 11.9060446506671 0.892279557040516
22.4847466593328 5.69441907443708 20.4030418603895 16.6389574625445 16.6680577771668 -11.8340266030046 20.1889344007763 11.0999491509983
22.5765557083656 2.13562117302186 16.1112178383709 13.8641686888258 14.9012306830845 14.8232690483442 23.4914134054776 -4.9843250189736
-0.461813956686584 -7.76835520571993 5.2445818064159 6.32921790044048 -22.9353512925261 -1.39030893212318 18.2273164786576 -0.298887499673756
32.4160571384932 12.371608624967 19.0737971209522 10.2159287116574 16.2266965190391 14.1760200005644 4.43684111138968 19.6243754664643
3.95226943320747 -2.56202277202527 -17.0431223401573 1.20540822806434 7.90288284786042 4.28071679447965 21.9363558398232 -3.36276970977583
27.5241235233716 6.3823342165628 18.1008292795861 17.8133254337689 12.8096242451218 24.3453990715042 23.3111850339145 -8.29598446022787
-8.41902448759233 -6.22284732869357 -7.83772092690136 -4.43117874719798 -6.17966913100905 -6.83117044123969 -4.93993018647216 -9.32450002826687
5.98916732105307 0.726084087252446 13.5400575142626 4.76212722102942 -1.38396499191958 -25.2879790051707 12.4521898983028 -4.02055583592692
21.8736571807067 7.2630550098189 15.7226919237489 11.0075235215347 16.0761556476191 -12.019027252317 20.4242274513143 15.806951781995
5.91427425019464 -25.1421283012335 3.6931911298615 2.99153154743062 -3.20876262861164 5.82503722321224 13.839800632801 4.75038798127185
-6.8214960575666 -2.81593325883485 -13.0890393664585 -1.82380393274014 -8.87312169251061 -4.37273220458001 -4.90485178960135 -5.4430506547473
4.15756146138004 -28.838092922613 2.74870043573286 4.79383557997936 -1.19984535224899 2.02174246052254 10.5265857689852 6.97033521003903
3.92667677150104 -3.86459031509443 -26.7087536613488 5.20401878584257 6.11310788543749 -0.058313939040969 20.7512749871101 -2.46886149398145
14.9183056830589 5.49083367974636 16.7732379820549 15.4452941508353 17.7915111778031 16.6021998810093 23.2870532200501 -10.1033313568862
-0.372531029630738 10.9312319661009 19.541486039169 16.1375431131294 10.7091865734195 11.7257129446216 31.3670024172145 14.5910039662282
20.1968056070177 6.29911071065816 21.2612504596203 14.4045818627686 14.5568695014966 -9.2038460273963 22.6246695200463 12.0964175194372
13.5941428984669 11.0165753638866 14.8243719914574 13.016699059454 -3.93181675029075 14.7031140818175 29.7096960236359 14.5437630350259
9.2808384519568 -3.93803829782432 4.46679110771149 -23.186102730118 3.15177950817468 2.38747696656985 20.5734381152315 -4.13186758508254
-20.2395307469274 -8.63352242493071 12.9615349758747 0.147605775813078 8.39259916899472 -1.4712638393191 21.7198101525659 -7.75178474523299
1.73981414682634 -2.2774753981873 -20.2597199886243 3.90983041209622 9.65532487726034 -5.21221539246143 19.3510487137314 -3.11621229719762
-5.30229928172254 8.39623027256734 20.1694122659837 21.7376124231706 15.0445232982532 9.32246063883672 29.0655441113863 6.91601299813378
5.20957988418976 -29.1852681093903 1.02019670033653 1.66353511322003 2.61343103661013 2.60683042364644 9.7482443937212 5.86198965006567
-21.4370487574035 -4.64134531338475 8.87332899645367 3.23452275888534 4.59250717464868 1.71930174212649 19.0346666501435 5.98078337721955
2.15160065100494 -4.74690342314275 2.97894073179384 3.47698015506806 2.36944995222896 -22.2591499881347 15.3038800088527 -1.6473856320628
-3.56579380520572 9.75926574454525 18.0451531087101 18.4434886640942 13.62739233468 10.3777135763803 28.9550448613306 14.4035095933116
3.01143649352866 -4.27424575059116 -20.8024183805042 6.59398842083133 6.70062355696387 1.58145390384903 25.7725512517097 -0.187513092745059
24.7900081640459 6.31335530937223 18.7890398672148 17.79832384985 19.3999942829035 -11.3770909904446 21.4921235470939 15.9277546950621
27.313149679395 14.5620014933637 22.6506576784863 13.7172107253224 15.1350817497777 17.153268157997 12.7601827521045 19.915879706224
5.16290098690105 -3.9310667043205 0.678652541205141 5.17289582084076 -19.29591005025 -2.20070576100752 22.65514271293 -1.13563875896429
16.8721350561399 7.86228825362852 15.8225926798423 20.8654009506213 -9.03121223268346 11.2915068619915 25.7207673629902 14.7088979314661
19.0944028269649 8.90525244077912 13.8925376276772 14.1390550805303 -8.51176507884954 10.7922963776699 25.7040373873966 13.3218014779212
19.7190541090858 12.5883525465997 -10.0071002522742 11.8689583574493 24.8409706442615 5.53126891665829 23.8793112426403 17.1228970730542
9.01948764355701 4.93691128849184 5.93701614158385 7.52706935645003 4.24934306608573 2.71763692882293 0.664112332255045 10.4296431599765
7.94057725615539 9.61457164819226 7.62107267976966 7.89624078451673 7.67567463020129 6.3537977999265 4.07457521365069 4.08713674130115
23.2552737531291 6.40133939953216 17.9293515897254 13.7200667053476 16.2210156422015 13.5204577483854 19.4706427135839 -8.8012640414653
24.1916733431661 6.9942983687798 20.119231578869 22.6314664340722 21.1027254499294 11.0287358470308 16.6325964680856 -8.60995673434122
20.8756353362286 -9.57286984926294 13.7221120949439 14.1771299676169 11.9317286427616 12.9801419271661 17.2550058717501 17.3695229878685
0.0313966697978261 -3.76143597454687 4.58820505030571 7.46584559758894 8.98058296173262 -22.3915067921158 8.22206567535063 -5.45104130920414
-1.62081304842774 -9.23020024052141 -18.5755261558804 3.97167956549157 5.3034139078499 -5.249976779208 21.0871312727168 -5.32274514489575
-0.518732563301644 -24.8546446416513 -0.135572359159655 5.48850294253097 1.63391664534397 3.32398909427479 10.0777235555393 0.284921745489597
3.02277163115641 -29.774955266571 4.76168228843957 1.40961683560958 2.4042464965829 -0.257834046689775 4.79957187992278 2.68823653577513
4.24880482841291 -7.78208947496606 6.4317482747946 5.5464890149484 11.0093592498298 -25.5159864084346 16.0727422657683 -2.16610313785358
6.60677190304243 -4.82315263320683 2.51489546106321 5.43095913552622 -21.9638513207245 -0.416896606200477 16.5658395092315 -0.241846182180379
3.67767281804575 -7.58807575129922 8.00228036410338 2.47918176973233 9.00446296108524 -24.6396473662014 18.1438836867898 -1.74549347552143
18.6284991624978 -16.6985677800885 18.655827116016 14.8776834738498 12.6550036862588 16.7967745465021 16.1068727981027 18.5111024150377
3.32330622191315 -26.4215506593789 3.49131741400221 1.12325887081412 4.00789169155695 0.884987903656024 10.3763597465765 0.0958276536521976
5.13321140887855 -23.3052167181949 4.61659045723574 4.45884686156166 0.915072771678146 1.04007877871086 12.3583794111683 -0.492386656733461
-0.92570856654947 7.40337804915266 16.0338428393509 18.4242861032364 18.2441657234919 12.5163202705402 24.1312918315847 15.0446380118273
4.51240418452129 -1.54436507582291 -17.5629876575632 3.50494445573327 5.08826760108867 -1.81627357809951 20.6149417593238 1.64830626446883
-2.37901714340138 7.35702574261883 19.4261567069364 5.92690759144199 22.5786713188024 8.9564849717068 28.2705988990236 14.3189754376192
18.5942338959254 -15.663044210611 16.6777116795504 9.10572167225221 17.6428419271269 14.4243527226942 15.676917632302 15.1470894012186
21.0651306467768 4.01283544675686 13.050334333988 18.4635161928386 -8.04082331419196 10.0300252260311 24.0738353872265 12.6426556431799
21.7017467566026 3.76958461091815 17.0172411685626 6.24274302732865 17.839175290589 18.1822942634514 24.6140438266255 -13.7847321569607
8.1116893729106 -1.8011477406702 3.1918376372049 7.77512193402565 7.11372872927359 -26.5903939683234 9.65291853491931 -0.473669832500525
1.00628603692799 -1.86916432430998 -22.7149802561571 3.946852925991 7.36320057940102 0.140298297862894 19.4345683270978 -1.68111123325277
4.03563634721107 -5.79172118783196 -2.811245877659 -24.0911477700023 1.17635620450478 -3.04095660198196 17.7425667243177 0.367645378440608
20.8250707559131 5.63279866914488 17.4359604153475 12.8343085720237 16.8534342863608 -13.0445816901515 22.3869906155496 12.2768151448385
23.4614449340328 18.0452731974574 19.6404993416646 13.3792025078353 15.5531256676012 15.0818026778157 12.8208187444149 20.1512170132358
1.1460525372858 -5.67433942234597 4.15540504124888 6.9154786604681 -25.8735380189064 -2.89283280997421 19.5450881067952 -4.91976323539983
18.2018971299552 7.66597744052958 -10.1791815346075 14.4498602920619 20.2580871055515 7.83100243631705 25.9661019304136 15.6553560941258
-2.40037970534425 6.44588178947807 22.7713367267172 14.0315042979988 14.8838873131746 8.02168153258144 26.0902907986822 8.99814647457893
-3.60703142186967 9.75178994473933 20.0484189469448 15.6903112029874 16.8040064018934 12.6246952200337 27.6201007137895 14.2717460927182
21.864311161989 6.0641391700113 20.890189227884 15.5430991177656 13.9136841905196 16.2860818466196 22.0057465539427 -5.46699386789674
1.08092970380314 -9.23904514317254 1.9183515576102 5.66280193001307 -2.76115225796588 -20.9156879753626 13.3799879189502 -1.35908459284883
-20.7153668031546 -4.53777566649965 8.36523288209539 9.61662176213958 -0.382739805531432 0.80945708711166 23.7127929203863 2.06792691616685
-2.14379326636281 6.97692123706003 22.4197057055082 12.784156306813 15.700580019412 5.96492248188314 30.0911629872567 10.8188134487687
15.7167045786518 6.62723924902742 17.8859469052897 13.6979187499848 -8.29299877768569 9.90278647435776 27.8614524920417 12.9294475431312
20.5519277299456 5.27444536452714 18.6308698803295 14.7683154851151 14.5956580004308 -11.657236246399 21.2136138242501 11.3850980291308
11.6315060526396 -2.0713622029131 -0.07475483452086 3.79589526965141 2.71575197445826 -23.7875680780996 15.0600534918793 0.784365986018292
6.76035805173867 -5.0908658444418 -20.9689147351087 5.66445377380898 6.96704535321519 -1.39634554552044 17.8922668984452 1.85331584282788
8.17755613103753 -11.0925096161535 7.63841639201815 5.0968132862126 3.90219838171486 5.38454463608965 13.9645943772758 -22.1649936705731
10.3806084955239 -0.489874376172597 -1.97395650887967 2.63647347740858 6.93765968846766 -20.7411651777024 18.5931683055202 2.92600034119095
7.71348223031876 -4.99977512396922 2.10790706353878 2.59263271603935 2.84179254024879 -22.2388743638883 10.8166303375027 -4.39708891152921
-0.424572495895256 -4.91597528075556 2.17794861368945 1.7455903392994 -22.6188302891169 1.21748084805572 28.1304486059464 -1.46726353997238
-3.01214110739178 6.49504891068664 20.103102259359 20.2382064526256 15.1042212847263 2.08293042770433 25.6925563306083 16.0800524386212
22.8472998249057 20.7623149836436 21.3565758242344 15.0858674216275 15.3768003836495 22.7568985823936 13.6598180915347 18.6583241963052
-15.923071401355 0.255375710720076 3.75177364177813 5.1404967590176 0.126845195523742 0.0753687360371467 19.8401543070505 2.06903765377735
-9.34184777812838 -3.76230158688214 -9.47890292701857 -0.130522316885065 -7.33383523542588 -5.534189975633 -2.48356717495375 -5.38394424378167
-7.03847041791408 -4.369914467278 -4.91185056358951 -1.87488406536145 -5.84364695476832 -8.2849092717527 -4.51622654776906 -8.30366145585895
19.1817223917239 -15.4286184067867 15.06272238167 13.9203264777305 15.7621306278453 16.5566858963713 14.1841240931053 16.5916426984514
2.63199570694273 -28.7198452182575 1.59099866468365 0.0364805685902714 6.88261036751165 -0.283476378773831 9.36828616305578 -0.316390241767705
3.04163348327054 -25.004479217072 -0.66177046433807 4.30572345968598 3.08680046986599 4.54255449519908 6.86164488615315 2.02821557854072
5.69763989974757 -5.32685194586758 7.52039541388788 4.68999516648426 3.35828500796942 -2.00177973462288 21.6251632413049 -23.9758502633376
1.36163663271164 -1.69314637655256 6.42075838999794 -21.1842574293906 -0.79513098907464 0.234082045342544 19.564638540144 -1.77034473493288
5.1992284029135 -0.0573136186610146 3.22521979769318 4.05202783400696 -20.0278629180468 -1.43338363727988 21.4493169555525 -1.002414903362
10.4097478135304 2.8818051861664 6.86892141859434 5.94430477564407 7.88249225945083 4.5175911535476 3.54829812983504 8.8206255843689
18.2405766645679 7.05895476803638 17.533241030354 12.145925134939 -5.98328085893899 8.6826922413112 30.789708278141 13.7962698010877
2.44082324835196 -0.757225418215501 -1.10819682312206 7.37235109514209 -17.4349974770057 -1.65825608212651 18.9170569636515 -1.39412311747158
22.6461418980582 16.9227939340611 23.1118957545967 15.5073393280953 15.4700055074681 23.4861465978569 11.906441474092 24.683180126262
4.25846544301267 -2.45584598709807 2.71213910871748 4.06654232765027 -21.336737057155 4.64137284608395 21.8142936515452 -1.2558244136378
-3.2502002962441 7.61211565245249 21.3671731454266 10.1408422981333 19.6602517064936 7.88674297020789 25.0685693883237 21.8587888149928
-4.58990723325775 9.15273919931252 16.8054592185362 15.6148790225978 20.1941761881131 17.887065370678 23.4052726926558 13.63979889594
19.2646014207036 -16.2680326621004 18.9476863697624 12.7957522639346 15.6866119159949 19.8524376999586 19.1071117689134 20.0319531570088
2.3458447366365 -5.47313228179523 -19.0299967493964 4.26797443042314 6.85411136084965 2.5808545671575 17.614083673134 -0.573306269051596
28.0083519588973 19.4738343931866 20.8376041884434 15.4816165533924 22.6938439161677 15.0811309787728 11.5427930110595 17.6915640392413
9.1624555521496 -0.246239362413255 -2.39070984283805 2.82806433206647 -27.0395590236084 1.56596724538178 20.237826900739 -3.11915811626216
16.6462211804963 5.07615493313056 12.9663018405128 12.9367893137218 -7.71315838365468 3.64166044482095 29.4525396995444 14.7098613455548
0.289206819175288 6.0154047371877 21.6140667930289 11.5653193412947 19.845571900706 12.3973729142782 26.8376047134413 6.84988785347863
5.06474787038373 -26.5146990613714 7.65891259644643 4.20382782461249 3.52400559358632 0.162059946543044 8.68585675434207 7.25918747392817
7.72337078901496 -31.7678132516892 8.79079938783556 4.98572784078179 1.97205680600236 4.01671017739883 11.842401100955 6.67945013696928
-4.13410425870258 -0.508576257354786 -0.00536590579408758 3.16560435968935 -21.183030015944 2.00655648984174 18.0769330765547 7.41864728470939
21.3961986036314 11.2031787607302 -7.31702416392879 16.2879413293035 13.6749875861667 12.6123573794776 28.6409622175564 13.1031163978283
19.4821772746889 0.255444344581923 19.7912134382153 13.9156130312298 19.0771657031726 14.2495533805734 21.5669893580069 -7.78862902018602
-4.53778667996331 -9.14923753232863 -4.98511654451963 -7.27375532530617 -7.5472851871133 -3.28010931646612 -7.58936066069357 -8.75306286255186
8.31520448529519 -6.23933571037736 -0.182877231045373 2.33603297520002 -21.3568121579265 4.08132061738421 19.3161330816895 -4.71869049349962
6.17823276186741 -6.25663666799383 -18.1765934329094 3.93596300771444 2.48305349205054 1.9759724608709 18.579426303237 -0.0386427603171076
21.5739525626401 4.73758462750732 16.7471943920684 13.0551738435733 14.0091654396932 -13.4673664932291 20.200329598708 11.0509859506462
1.61200842038297 -25.6853925862688 2.65757860182867 3.34994852447636 5.05207835476191 -0.0535235156741933 9.31630510143192 5.55390491969227
2.43265971296241 -31.6213494606851 2.0454126930875 -0.219471310650886 8.98272914331933 4.22571046610061 14.6041557050243 -3.60560565169376
7.85552420110001 -2.67917079330573 5.25519102653621 -28.0466675599073 1.68193494679816 -2.45746689991714 21.35068740597 -3.09524114270296
-7.95961089458737 -4.51582385520497 -2.30391354915797 -0.689946377381525 -8.41401604497822 -6.2297171855317 -7.21937774979832 -8.47812049947832
-0.0955431428731441 -5.01111841042457 1.54500226547871 0.239496323601839 -19.6452049644428 1.46745727753868 17.7253423601493 -4.53276458759494
-8.26113249077417 -5.22377148585419 -7.45438618146138 -6.53468640035613 -7.90749878301214 -3.04187918627992 -6.64296447382232 -6.94398735253569
-0.326495186641698 -1.46628064023234 6.753592572375 5.86833677163327 -22.3825365179628 0.106334725263969 16.7409225072155 -1.95501488736218
5.09316901853671 -6.7219069989096 5.93776170797286 -0.0133833146738871 3.99717718068646 5.77180026689807 9.58644984585605 -28.6846123665265
4.73646401212936 -11.4136780656592 5.28824011809513 2.04973776941697 -0.255323550505934 -22.0209571627596 13.078260159136 -1.7642750993302
-4.31351820283835 11.4296859508971 18.813396757539 19.8383423258866 17.4530603264767 19.9798129405107 27.0877634396169 12.5436381290635
15.9672848559751 11.9838540551641 17.9735824231918 10.1500310250945 5.97434933687516 20.7107787064476 20.2915415719819 -11.5807484414017
19.0491973569054 9.83639829616001 20.7864143051642 13.9250294856432 22.6976573418066 16.6422469169961 19.7763432936058 -8.41401566713151
19.1790845714594 7.2152875588877 18.0734270783821 16.6433041530077 -9.84349260884164 11.1215001182738 29.594648769495 14.4460423450221
6.70409731584509 -4.95868732089274 -17.1790826857751 7.2045530012248 4.09099002599 -0.990063789718133 21.6229286170628 -0.357414026538504
-0.573498504910869 -2.60284228701809 5.25292168018497 8.13736259555836 -17.0949110543423 1.35158035434332 22.3576019400662 1.84841322196002
18.7549286663539 13.7736741426587 13.9797532018754 13.0135851708224 -12.2634151890981 13.2442704605883 30.1488294380495 16.0388485499422
-5.58572489358051 5.98552141405953 19.606464665632 14.6964786853166 24.0188062258522 9.49291988696836 25.0726800044332 15.6239334551355
19.4569829239858 2.74655195423643 15.7964215740979 11.9100360169573 15.358267606992 -10.104337865738 22.7804729655558 13.9280425486184
2.98598155754067 -29.0999254812988 1.43661314056746 2.61095307261696 0.351931470658804 4.92713714238036 11.5671824192915 2.0776717841713
19.4459897226937 -15.0780597148949 19.5656956454146 15.5926623210652 15.6661093681786 11.3850681970526 18.4708483431264 17.5334143280437
22.0383366547928 6.52583424044692 -8.29158688711271 16.0945705640426 20.1141811519934 17.3151619498456 28.0445601242926 13.9066740275725
24.4218956274688 8.09333074312076 13.7456498260563 11.6563150332397 15.1280379374688 -10.6603957421034 21.3322636338137 16.068851592947
-18.1652310771618 -2.3957636146093 4.3897930178934 0.308498640241021 13.6041592314774 -2.81746580218433 21.4470940233505 -5.21637456884193
0.340980446936393 -2.16314089311567 3.72287973129643 5.45643917488485 -0.717573422065276 -23.149382884842 15.8819456195598 1.30943156883541
-16.8598620709493 -4.22304072066519 6.22553592156045 7.62609914380333 7.04246024428205 -1.85338861225893 21.1542221876121 0.169054722510821
6.51816853167953 -6.92009412196371 -4.59384015296717 5.86532416587983 0.129497856745542 -19.5109565343517 7.31221948837261 0.0291861627343077
11.0613322671426 -5.67244535115727 13.3906921204273 0.319222013845186 2.5211462846846 -21.7579721811969 14.5208323621573 -6.60152736434425
6.09596628322287 10.7997003883647 5.67864423638036 7.91008778955382 7.64203390562444 3.78703211824 2.39498049870844 5.97435739851132
20.6960875544421 4.10488092907355 -6.06758897137741 13.4503897635983 17.9667938326784 11.5102420795103 28.6857836884268 13.51771652092
7.38643166742881 3.21679899150872 7.21380592631015 4.54460500770029 3.94603607648939 2.07106988274701 3.0771563579484 7.16684266046783
4.07339947261781 -28.9399001047588 4.47461985824194 9.2118893244441 3.3986723336832 5.40450523717619 7.45241641900785 -1.76949217482684
5.29797719531661 -5.08282990941565 -0.251361036728984 2.02773960775594 -22.8756494645166 1.1514702294344 16.0245635034259 -3.76191066738304
1.19123850547335 -5.70428437897814 -21.2123227358033 4.51830943662634 9.03380126513649 -3.08591613526876 16.3864665288161 0.566370893038154
6.00523489293013 7.61705848396351 6.76421508144549 1.21704352636644 8.97705513544783 3.24481339889135 6.07052502759169 5.89657219609565
22.5094435779138 8.24624999608618 20.0879278602352 14.3110530066101 15.9263938483545 -11.9050403096461 22.1580519406546 9.42443243157653
3.21960408690342 0.584922152595572 8.3744847473298 3.89619192996293 2.84691766336918 -21.1928081009753 13.2050803430544 -7.80260988686888
5.2784537633285 -8.05438046467503 4.60768842006678 -18.0395228769821 2.59475426296769 -1.14439016698124 18.9251796380026 -7.27199294974774
4.21313129907625 -6.09967954894075 4.2213637346325 0.446094729884526 5.0346771039812 -1.88157426079052 12.5199396253457 -21.6807225021313
17.1596107215872 -1.33790576792905 18.4967481764225 12.873022045672 14.4390035077654 21.2425866703133 18.7548663632511 -8.27028396005685
-8.76310967767042 -1.87851051408352 -1.73656457413697 -4.63347585908954 -5.40130438369508 -6.17339766845555 -1.60370483568916 -7.7305150667178
2.85384588278547 -5.39455584430411 -21.0978231861473 5.12187999131393 5.71873606106521 3.11336733060402 18.5307953866915 -0.275827170524285
21.0210503701558 14.0783557393163 18.6193559113689 14.5004197749231 16.2044076567647 -12.1474131205905 24.1543366889757 12.1866721679149
19.7839320052599 -17.6037153072871 18.7835882359132 14.9864253746664 12.3004243691215 14.6944191588368 14.5617647069266 15.1802953777806
24.1409880085772 7.27623842742862 15.6058143937709 16.9138667422948 -5.57568492106019 9.21549773788025 26.7713517267938 13.4888248583318
2.4827587495634 -2.68165349861438 -20.452544188542 4.71349036389559 5.12633957111752 -0.96638537117737 19.6735445907704 -4.72375740983512
3.26605415103482 -27.9682730438062 2.90129657824914 2.64768735035087 -2.24120596910541 3.16503687964626 11.4623539389444 0.822675779214025
10.0116129268327 -10.1663127216597 0.43621202418876 3.26272582723016 4.72213176863179 3.3508278461716 12.9307568666585 -20.4570634408536
4.60707689149355 -28.2316635473165 8.47858925633599 2.72935500843881 7.2144866153611 3.43989062455702 13.2853892104965 5.75408911666604
19.0383615931916 -18.5093820504547 16.2737955308157 12.2285760706603 15.8606759711899 17.189671750195 20.1156955448477 17.6913900177606
4.91747810894517 -8.42465244285166 0.10656847484027 4.40873388232861 7.81328162886878 -21.2768546916205 9.73733698149745 -8.51618130893397
-6.03578661783429 -10.5859810789252 -5.38526852562035 -2.1961399527171 -7.9998294395333 -1.64739839110475 -3.42552105197252 -9.69231017669728
25.0741935667879 18.4667021043606 20.6085196042334 13.4805569352443 16.0908528558292 15.4089898899683 11.354348685444 22.6055356855993
9.76283365580796 -6.66950689351224 7.50996861181387 -20.6217629244337 3.94223972691246 -0.0632693163255875 17.2509768353123 -3.90370170416263
-13.3719568570086 -4.30197822471533 -2.96327838115542 -5.85593274088172 -8.01267802346423 -4.76513594296021 -1.30285818285318 -2.97625657147212
-3.1083803538453 7.08178550983035 20.9122540306029 11.49912347319 17.0465061094648 15.5033754005769 24.3526534887338 8.31216892873822
2.92002517298203 0.891878637868309 1.69001492788682 2.95824092255863 1.41536521645177 -20.247777296299 16.8977363815316 2.07041953245869
1.49484437146939 -0.151978810630253 1.07975655216526 6.5406559038479 -22.4381259195614 -1.83079317789836 23.9417040347431 -0.552250364752572
7.51910457738577 5.45284540608038 6.04384442400947 4.3356536644119 6.80796804384288 2.26791508830875 3.65582097773824 8.94089498091138
20.741019141319 3.687163474393 -5.8408609025744 15.2039107011164 21.1986054340178 14.7272889419615 25.4774697658957 16.2654797592656
19.8452971969801 -17.2628231162183 17.7969006402341 6.83090045170898 15.7433358046266 13.3547149268123 17.8764881171739 15.1560659372665
22.2769069043782 -0.926340381842568 15.4327874433001 14.3445701116869 15.6580842580647 -10.0300547716473 21.8297711022677 8.7525810580745
7.99419093793643 0.783231952338103 -20.067971373663 6.13839454021142 7.43844674180657 1.77584875931979 18.3120028544965 1.76915039070842
8.1562164557553 -5.62305149011553 8.79773974776558 -0.380714623473738 3.54459705993941 -24.3928319228413 16.7895381951518 2.64092038015863
16.8864438467436 -14.974097374298 18.1184453065283 8.81577525773271 20.0729274424651 14.5359109140041 15.0933729945583 16.2917696419699
-5.63894791422892 0.281958104021409 20.1097943127496 19.7988288535494 15.3690120593302 3.8993889395783 23.8499095589887 16.5328161607322
21.3441365944921 3.24662963485852 18.6755594954647 12.1320096173493 12.7264372740883 15.7778771105192 20.1047175587865 -10.53632937603
4.32570834997386 -2.13567814604913 6.41634021672422 -24.1527966892269 4.15633833721042 0.519951736100622 22.9983717333739 3.04515731745119
0.250699699878699 11.4703652044796 19.1201347760834 10.247031600308 19.9235476513732 7.74261375529662 29.9111342348611 17.1214135782553
-0.330939402405261 -2.07609903910808 -16.8359611028056 7.30126247965297 6.32565841368833 -1.31484318061557 20.2074965573252 -1.16595539483861
4.4938275213537 -5.14928003557845 0.664127910327955 2.45643767390365 2.43813695929181 13.4830571814714 18.3689069256783 -23.7666503381313
1.48331991163718 -1.66864798167663 8.47145158886022 3.67870664312379 1.82738928910274 -23.1386120623754 17.7172503613697 -4.60368439741172
3.14987518620149 -3.75700829011348 5.1922708215416 6.55735091724972 -19.5296569235471 0.0501026439679313 16.419504113659 -2.81012085803203
21.0650015614513 3.45848356971116 18.1948010458838 19.1872098924025 20.1858570646018 14.6545317337715 23.8013251500292 -7.94527524743042
19.165445956945 4.15634932460962 14.6417030213174 13.5558938374615 -9.72833579298335 9.60889854157898 27.2016241497148 12.372377277092
2.49703528833904 -7.12896489168375 0.494216935488708 12.2934510332974 -15.5795314036663 -4.01962512127356 18.2644085875552 4.46662603382314
18.3559281755728 10.4201469198858 19.1531969381876 13.7903853323669 -7.10291086402504 15.1758455306829 24.5738161536695 8.74124535113009
4.34419278087616 10.0983896879422 6.4472846245359 4.30199786043914 2.74270034487944 5.33518621568164 1.24497997924507 7.08441090287932
2.5346389506995 -6.3137296756457 8.30418090443148 8.35071840529865 -18.1193429469481 0.989992806263917 21.9228054384378 0.635613839190897
20.4902612018712 5.20043166618797 14.8041724817189 9.7468214197396 16.7093843519921 -11.7431768139819 19.9322686173388 13.8629225821771
23.4263770755485 12.6076767308006 17.4317781957343 15.6340735116383 18.4976454514762 11.33636395956 9.7670016189445 19.4406866339512
2.75675010016359 0.400124840368545 -18.5263235211117 1.90808828450741 5.38155988934643 -1.26669153822241 19.9818846069753 -2.60651836101295
20.7321416286263 10.2525234326981 13.9388512105051 11.1217844912471 -6.61779742278977 13.4060454798385 27.5731481083043 14.1318201893027
21.3670066432445 2.38257859217918 18.0659438216311 14.5073569802355 25.9729779492149 15.0458260925811 22.8910315970883 -10.9014367982899
-3.60996128501917 4.56574431629965 19.6710667824865 12.5281268112771 18.4669548246639 10.4784136766338 23.8843825154127 16.65432218444
2.66424236276769 -2.69390646037267 -16.6575379716615 1.22595766781613 6.2159521229866 0.302402233073134 21.5695578805726 -1.83944299927738
18.7431318680264 9.282499514409 -7.18761525282456 11.2498588621405 17.5935325473382 12.2321071864075 23.6949946614146 14.3759197120268
-5.75208957342659 9.95675113010129 19.3834095687224 18.7149814315968 21.3254247753125 7.23753313431201 27.9167392485061 20.9242459584731
18.8121206804154 -19.7800806413189 16.071540370354 10.3017815218019 14.2071247634723 18.2451106900763 20.8826820358807 17.6744878677817
20.7662753731646 -16.7013852769182 14.5255520346162 14.5938544189157 11.8018323852176 14.9604814932624 18.1826771314299 17.0422452976821
-19.0902178193092 -1.7413657473956 -7.31333891157548 8.96571778074515 -1.68695962665802 0.754700120284969 19.4267298583454 7.25510725130245
12.9340687772386 -0.985440342974891 13.6582569285548 4.12160078428711 3.26650240707126 -22.77681894872 11.7802017429851 -5.62042166827505
5.52813777103381 -4.45503548666294 6.74899363938517 4.9001498336572 7.04366570049507 7.0297639655531 14.0408449810891 -23.391281324602
23.3324018803554 5.4076141497219 18.1808557672121 7.64499139571727 17.7773106109281 19.9269436997821 20.0915537029698 -9.91698870364008
19.4997450328416 11.4801810704316 19.0879368480834 16.1503311867977 -2.66080389901061 16.3520475858482 29.4164939788211 15.0663112738678
-7.9000671738435 -9.07379699540255 -5.56705256172701 -3.90255952691516 -5.9252085912704 -3.96909666543398 -3.48573771153098 -4.90924588842342
-1.66492878705764 5.23495949052614 20.1998754342345 13.036108391872 19.4416659465355 14.0954791909722 27.3543863998163 10.2875626071682
2.8074958906139 -5.72835531089242 2.08447972715415 4.14799083417473 -24.9184900583915 -0.165919119423187 19.9159069524856 4.49844599802768
-2.36624523514129 2.65399534354031 19.7256126331728 19.8906907474442 21.2282210305195 14.3397831063627 26.0877826618638 16.1989210867276
23.0559458697578 3.07553060409314 18.8544228346009 13.6889348653375 19.6635541318441 14.4817290292857 21.6938095207238 -8.2872632898827
4.7113254198775 -26.1287066258782 1.70856571160025 -0.0721059827259616 6.03125035193361 6.41379806753909 12.6797020019043 3.86856969751727
22.5877212875624 2.98553960255205 13.2350820010602 11.903929394354 15.5139247106303 -14.0517946423101 19.652838457733 12.1987117748449
19.1344792724993 1.88461657325334 18.1774971649631 13.0906847263671 14.8713132421172 -10.0815483338228 23.1127517493756 11.5936552352821
-0.909735972292037 -2.32136703037259 5.18041418771998 5.10637066954536 -23.8130747491779 -0.796751069580257 27.953434109319 0.523732405023053
5.73505391681579 -7.46081560575336 -0.616283056092996 -18.8272896057512 1.70602739788085 0.556120686246502 20.9698127638057 1.83521810320584
19.1248454477589 21.8453513836161 21.9868402238857 15.2950885004949 17.6835422656815 18.3764300705434 14.9438065807431 20.701200051674
4.00053745177866 -2.44873120618955 -22.5975004901565 5.43909805466153 6.40717272070993 4.79246597335341 19.8830065160773 -0.63541999880762
-5.32851507946517 7.59709895583994 17.2399285340325 11.5581206904946 16.2876233170508 16.0339317512897 27.7107046941872 13.6486671732138
2.57166448244905 -3.94967149992596 1.52195753007791 5.41806445268104 -19.7838185876878 -0.958155020442867 17.4505821664796 -3.4566238854209
19.3073894464339 6.0365406906531 19.6052141604251 13.197778552925 18.7612859885994 15.8435351355233 17.0426050459112 -13.2101497884373
26.160796941745 10.3251852588629 17.6806112695359 12.2264910039024 9.5265194738711 20.6916890542605 24.7739520941165 -9.68918856841123
7.23041559933201 -5.67198787746088 3.36654952102817 4.82417262414226 6.27855713806518 3.52846080983177 15.4397144154234 -21.2813854699949
23.5139851791199 20.9167229127964 21.7551759284081 13.5669478764768 16.8022425919996 18.3186844174069 10.4397443139878 20.8415413241591
2.38428168780659 -27.8000012589483 7.19553413896257 2.56365129176675 2.80822227968945 0.652277733081348 7.71819518203659 4.35737948526988
18.8908838845268 7.58613575163842 -7.00615785986636 14.5493956571816 16.1907480104264 11.2889449474584 25.2540986933413 9.66694799262123
26.9197775373663 -0.240544553291942 18.9109944715922 12.8971451751984 15.9002882809385 -9.45003452978074 22.4524461310238 11.6155507793721
-6.17599067122216 8.3722293900086 18.9870315047242 17.207571318461 15.3229575775565 10.9369810748031 26.3499549499725 16.7198332607723
21.9389452330714 5.07563552042051 21.2132430706433 10.8802957500553 10.0406203927873 15.5994843975807 23.3411938274355 -5.680981680479
2.67577166526312 -2.15931781769998 -13.1963589699487 2.55367075913113 7.79652105964939 0.134832370854246 21.721269012696 -0.457110135817838
21.7351425929819 1.47234665607396 19.8022154574362 14.4859551106242 16.0269955159446 13.7296386041855 20.0562095333622 -8.69334602434324
5.89396139747505 -3.8663273839713 6.19381402963324 4.1167382278431 0.717750557748396 -26.2395165211418 15.1950989541752 7.5093633784858
6.3407098132927 -4.02678565015512 -20.2678189161107 4.24429090053121 4.31716380843644 5.4451281555368 23.7541140313527 -0.953813622187938
3.57991846610228 -16.053294128242 -0.593722787333032 0.340244362790718 4.39811699712103 14.6467389576807 12.6989806653754 -20.1908981033035
2.59885342468556 -8.42087983839955 5.28343546898196 1.22616983440847 3.42658984869428 -3.90544116388888 12.6783886802673 -19.8186424271498
2.8784517478591 -8.25505871449906 -0.549997898803086 -18.2799769186013 -1.12348923325269 -0.897139482563779 17.5923735382627 -0.0381663613154556
21.2726692181026 -9.87098063812238 17.3252718200128 9.3470324501895 13.8782106650012 17.0185004066182 13.5515781138805 17.6681202329061
2.26168070231671 -11.4146685997258 2.70376566185283 3.96556848573732 1.75769640310855 -19.6824819266407 11.1631256660552 6.77823179333893
7.40435366414501 -11.0141721681654 2.77159267483942 5.69973990809147 -0.965427093745967 4.66763359974 13.4491518614473 -27.5698359703114
3.10264955399948 -1.16500607642808 5.18911004843456 5.70679549749005 7.26079128633909 -24.1313610251174 18.0642700937928 2.48555874542678
-17.8663938666989 0.209338686104283 -1.66606525979818 5.64966763843604 7.53718092991792 -0.876433060809456 18.1925706150169 2.89317142359294
-1.50000731935044 9.36888004952138 21.0435300287822 6.03261713546497 17.9898544447363 11.3882448142725 29.9290795822587 10.4841485239486
19.7808331694826 11.748188352021 12.9839321912341 13.462805833774 -8.17904849991838 7.79565010759002 26.5361648346117 13.1276263511083
-4.60085730665676 6.9042970912965 19.9203229009021 16.2001550591473 17.9025152804642 9.32722259848678 27.8268146201508 15.309381686235
4.47260238256827 1.9591349434626 5.07016415660418 -19.9495619296243 2.61129741467601 1.0926966046698 20.2439606582152 0.589672246336357
21.4945155375162 6.35050274923068 17.6678738481255 11.9496241338857 16.5991241570996 -9.69173812473261 23.0471079202813 14.6950526587245
2.30113470436322 -27.8805074706775 4.59093695344635 1.47781688970452 -3.88898147689768 -0.61613475071626 8.04654215921084 1.45852751061116
7.86568846138677 -2.38038625189063 5.8998828833265 3.70960119714054 4.16311152034943 -20.7853163818294 13.8805799626463 -3.11131862989647
-0.815505293451058 -6.25966270935534 0.855476301297744 4.28710196072029 3.16827729321866 -23.0987809702664 14.1404431224205 -1.35875090739842
5.51526654825797 7.59732192191546 8.20642539359653 3.64091814136763 3.14151143956499 4.04682927390602 6.22319645787774 5.43211155265666
-21.1268907058494 -3.84418488438025 11.3749860079835 -0.661244439310313 8.4513481967981 2.45898385628952 20.3307137905929 2.06293853646488
18.1811844649469 3.35233777121755 -5.31515151874308 16.4891743008229 17.3136163760693 10.5508638264351 30.3794611255352 16.2197041989863
17.8868670989986 8.53164485390355 -8.85109352085659 14.3406408363232 23.0652749111315 8.17840083086393 23.0242791422276 15.4526012590388
8.74977363117029 -2.19491374547134 10.9242863921358 9.78664514237358 3.13635381832817 4.75860069042887 15.6942005464081 -24.3649261882983
3.1803503587728 -32.3015023665888 1.87517935314592 2.36292902477313 4.95505568192246 5.13067679565016 11.5594866381544 4.42034731059443
-4.59097083010588 -5.47574180947552 0.812578707501281 -21.7307513804843 -1.09662083592018 1.03174030092958 20.1177907445772 0.695586125207387
-0.503494753003007 -2.47196582461491 0.426540879440243 1.41539522565572 -23.3807298711937 -1.16282023243847 22.7934513050373 -1.05371879957449
3.94712716403655 -4.44110242205848 -2.7058553955256 -20.2242393870476 2.10897154790509 0.898530285585139 19.9570239780502 0.914352237326139
5.62881376430909 -10.6897703873606 5.87406109322157 5.54810522957502 1.99468760476766 6.22822501912751 13.3411601337357 -19.6328240521098
8.40855688406123 -5.03796657461718 6.08972050507717 0.88376405795198 -2.10625759682743 -24.8442679997985 20.1548102366206 -2.38004396510227
-6.7600957427069 5.63548707172787 20.0806811663038 17.7907595802195 17.3142310457115 13.453542058821 24.0895121610506 13.636652240566
20.5259538130249 3.09572737293309 14.2685504532504 6.44362351922692 15.9495498666442 16.8071348617327 17.1102740828095 -8.42973483114977
-2.33567287180401 9.00444370327186 18.0658984279559 15.4595616006422 20.7505346659128 13.3916588918257 26.0159995455732 15.6227350694686
1.05405548498912 -1.50369839372135 8.52995456875335 2.67736702279216 3.48715869425504 -24.3799757867811 14.6429172903214 0.230460585785757
4.67389413152525 -27.4836850388698 3.60337377721808 -1.04014093535014 1.1660000283611 2.20449021520004 14.1079340105133 -0.734477684495405
1.77771699897858 -3.31119389585608 -18.6710495645567 4.97671650206308 3.77200675496447 -4.55330769792889 21.4374424879959 4.6468685846004
19.2477562356241 2.28055909516614 20.960607067841 11.8595296700278 11.7087311779082 15.783345424859 23.7449152415798 -9.24759814471285
5.10496286349969 -0.773522548185785 4.18594848210657 4.13429106487032 -23.2024830534693 1.45740910621286 20.0990151749738 -3.84157861973893
2.04203197818469 9.49947175542251 20.117008080286 18.0916099960998 12.2486830621447 15.2377777841076 27.3403562917777 10.4427009251781
-2.76879640740492 6.60055474487293 17.9731320221994 16.2876685476351 14.9165612248216 17.8712927493866 27.1153594936931 14.3429628842305
18.3117613060198 9.53322022653701 -9.45614501138551 15.7404352737912 20.9348608869908 8.75136020073897 29.4203388897952 16.6124578036336
21.199038623565 -15.9307570993405 15.1547085547708 7.00358915456417 16.4688408320418 15.5686907710507 17.6099521345187 16.9244056758444
2.14369097785733 -1.16763349270591 -21.8833752176813 6.31013733232932 6.40910566647976 -0.557907709429556 15.383631680957 0.00223759992304087
0.598330238345625 -1.1293603461211 7.9284853283462 9.15318979036823 -17.1261927760253 -0.771482642434365 16.6469163366336 -3.49847227133348
5.55389301984482 -8.37437705755218 -1.10589478582614 -17.9455338799993 1.93447906471933 -1.55738930336278 16.9000662808127 1.09305116720977
20.8404883473497 4.68231730247128 12.4802355795328 14.9977018341734 14.502876365487 -10.4671936476064 22.0082635982086 11.3219809006673
-1.75311465365431 9.41814114478599 20.7419209949884 20.0187076463319 16.0829430699464 12.3532608104936 28.7061155428085 14.1797949726045
-19.6135990369077 -9.39826330169958 11.8118217190784 6.93078534757836 0.501864110082007 1.07591326511366 17.125368179532 7.69594509546441
8.16857939844117 -6.10130378596199 1.50370679148732 8.09672233497037 6.23723113652084 3.66345940239525 16.611426292092 -21.1034465953782
-6.44100038582893 -7.19481600013399 -8.65862300989028 -0.837911365313653 -2.5541336299972 -8.28531579166379 3.37916363679999 -2.15125733137086
0.243074119303161 2.29017053628648 23.0365427245973 17.1438266303003 18.1404144692957 8.59816187288166 27.3873795980945 9.92189145356492
-1.36452573348266 3.9352508093835 18.6129518843815 15.9247550952331 14.2547545033407 20.0256415795037 25.4038864184319 13.2827050642228
4.69646053664908 -5.84776067129323 -21.6655910707949 2.27195143138475 4.17619474467483 0.684322548088733 22.5181016016558 3.03164477176692
-18.8085580310858 4.92971116987413 5.60925878521784 10.6746926382946 0.944736337105221 -3.02152133301865 15.5332785078033 4.0273684138899
-9.05528447776166 -5.70184759953297 -7.02193797975085 -6.90931310266631 -5.1992351421612 -4.41223377945993 -1.07998108220177 -5.98456209934128
23.9440563454314 20.6200310857837 17.4118140132592 14.7803227123009 18.3171474588771 17.1849285722234 7.84625364392393 18.7489950151896
-8.56292383460595 -5.05966903419624 -7.01550572036096 -3.35289229007614 -6.45750840296805 -7.23346768223618 -4.73702594919239 -5.94291186831111
20.0815219754851 7.5928544190687 15.0564632424074 15.5686212972894 16.4523309250232 10.8110408600519 21.9409709692619 -8.70855374615229
25.3453365159514 18.4836054410824 18.3397900186557 15.0391140770157 17.4013389788292 19.8094015293379 5.40706024431527 18.3017753001749
18.0025231007588 16.876985261585 19.5221846827386 12.7364421771983 19.4831755841619 16.7287755914212 10.7107162667729 19.7358462125472
-2.7867676857176 12.3550388978859 24.1447749660084 12.4758423641998 9.66420001755001 15.0800931072166 30.2717099441931 16.7020984004486
-3.7178690674173 8.04107248993796 20.8189822730749 10.2089005545087 16.3969998180302 16.857873375797 29.0251405864743 14.4389920907079
-1.8224989389784 8.22820663972658 21.1893502195287 17.0186438348738 19.7460473209053 11.6308736510505 25.4955812167824 16.1357673809476
17.9488546972636 9.67370197584115 13.5222570829892 15.8083098055053 -8.54194728929817 14.1336200711288 27.2278050403959 12.45849180117
15.7501748944464 11.9045530688264 14.4203155652723 16.269068161572 -5.71930989098351 8.23698672624352 29.8104077049944 13.9913573104001
8.1219737072788 -4.36790772065936 0.558487361424504 7.63396741978907 4.25796137486679 5.33834265245335 11.0430843878454 -21.8354471157497
-0.637524177513532 -7.91168906649948 -18.3221265702623 5.59802835546662 4.6720740471306 0.937671259064238 21.5044630051265 1.10375160536396
20.0134842254196 9.44293943742205 18.7351647550696 14.1410723559713 14.9668691668881 15.8866497381811 20.1168571087685 -9.0946529697659
7.35543930477384 -13.0912363747934 4.8188743399165 5.18429343451769 3.54678162593355 7.01619963083109 16.9213642484174 -24.3838245364401
17.5997494689 8.59881123652153 -10.0908517135109 10.8194519137112 19.3194919872972 6.17801073176446 26.5310784231996 15.9341335328304
-2.89935382819834 6.46744115408358 20.9904887906964 17.4969539861473 15.4051516530884 6.26774996256953 27.1122372500826 15.9213582765365
18.512553818607 7.30333228005439 23.2864066251586 14.5098799931618 -9.32121508749742 8.74569467700298 30.6617648628336 14.6907400409338
9.01366407120094 -9.42481705500872 10.5217164499475 2.84145011858008 0.626595642728839 -23.1576875333839 17.3126060893927 0.102495126627591
20.9479755453539 5.56396593668238 20.6716132429021 16.4439616157002 16.1230839290014 -8.52500951570225 21.8792170882094 11.001365721975
5.17130733549403 4.06753415911988 5.76906889138871 4.60359751546957 6.35963119755342 0.225979490704818 5.18104705997238 8.5826416726781
-8.06369221107092 -6.5607707475559 -0.964655893347229 -7.15052687286397 -5.66181917329299 -3.01075099089394 -5.63012681575789 -5.08308551378281
-5.95706492502069 -4.75544227383882 -8.64334545751557 -7.23054405707059 -7.11296779529383 -4.96714434870024 -2.31223048541333 -6.3438508311928
-9.50204179638473 -6.63925145028521 -3.70563379676155 -5.83229238507699 -4.28239170038461 -5.35736768349411 -3.88382392803002 -6.62975055450847
22.1279524919413 7.99695391853456 19.7087303899569 12.2137206369866 10.5009798047955 21.1238729351098 26.1840374060062 -7.74659885170036
20.8170445344802 15.7766466528301 -4.56863813476253 16.2210156659037 18.1564841316687 10.513662165053 29.0704757631008 12.8454765315614
19.1641554143013 6.62356903654418 17.6163881252118 11.1216905898631 14.1482022388798 18.7314818273446 19.655642584231 -8.52167256567094
-13.2260484660248 -5.97341340341674 -10.0144649408221 -0.901493819300439 -7.70835909645689 -7.70047705033645 -1.64102205636765 -6.57491425757388
28.4215009675568 20.6164901549384 19.6677442938133 16.3308912514494 17.3638439665892 18.5344119545501 6.33217631923895 23.4868573004073
-8.79198999245292 -5.05730376199694 -6.47034303000522 -9.87157837507681 -3.7098066997789 -6.8351020531349 -0.852052891892875 -7.52917668982701
-3.86215899589999 10.8393738069382 18.4337167240537 9.27965152625556 13.3574942068011 13.8893183735466 27.3023162938705 16.5910183171056
6.61977531195338 -0.0955414345749785 3.87476102299186 2.56643717223783 0.900454644325962 -20.661568159951 12.0047323911345 5.42034649127225
23.3391489237172 23.1575816152489 19.8510928623632 14.0661251951257 18.0480213971004 18.9005178072371 8.61827531015801 22.0205138562753
16.7597182714887 10.9703794900359 16.2058334617161 13.7436199409992 -10.8273456921267 15.2798804212869 23.0937255971942 13.0006590049701
22.6192465235189 4.81378154232103 18.7308267271317 12.9949426379234 13.9951271080683 -11.2343844069621 20.5562794715072 11.5907094062297
-0.827900312506972 5.26454487632387 18.9204222496631 12.3134621064317 14.0210838045056 6.18435910774621 27.6290540436359 13.5894873505125
6.09047198866225 11.7729630815365 5.48846666143335 5.08964999488671 3.82827866756384 10.760464893568 1.1035282293816 2.61358507462555
-1.32343237299407 -2.62158488298294 3.01464378513164 1.86894449285699 -22.6808974812455 -2.35958434410078 20.1873381572065 -1.15887431591835
-0.355614832966844 -6.35187562429909 1.7463621660811 -18.6418680612636 2.08172217567026 0.417655631280475 21.4298635097927 2.27600428624167
19.0732292858503 3.57392784594716 -7.97471322215547 15.20536400411 17.3205942497577 8.9629621249565 29.1377955871125 15.7319076008642
21.6678505278251 -16.3816969313781 18.2094258583558 13.7527897119426 11.3181994417859 14.5702779243288 17.5403131285721 17.6032933205202
11.1531846114417 1.12932033382439 5.95736556169948 7.08626836424984 -19.648943959844 0.640902704687945 21.0562817773203 2.59669229856685
4.15710433122538 -5.05242954449142 -20.6511860929623 9.63968333410273 7.04178164140795 2.74470970011591 22.9237939453778 -0.816098864328561
0.8139475709941 -5.76205101656079 -0.32163717874214 6.07570898887956 -16.8101100630286 1.13094251849802 21.3037995926607 -3.54557107090676
2.00499332318386 -1.79067610844244 9.19188343692385 -20.1811198739045 5.11473768547968 -0.400873914686078 20.4481802857243 -1.40905596621027
-3.0867565360737 14.2567066554649 15.5298474719971 20.329306552373 15.3753200847922 13.6080928486441 25.8379895965728 14.1045593923603
1.77714780726141 -2.29473739514426 11.8281355347832 -21.7634079527333 2.78954911708287 0.442388741256011 22.0277135975229 -2.38453764484817
-2.11581933943185 6.18251871883275 18.7001634577142 21.6322828964248 10.4833926826804 15.7311123511618 27.2386622416881 11.9538520272656
21.0991524480545 13.8719492767467 -10.2278140901494 15.4741957785421 22.2473180242392 15.4226622127046 27.3441467824835 16.2786435235847
18.7239056067284 -13.7294853513445 16.7636432975628 12.4126703765378 15.3512854617967 11.867312686626 15.5883192689177 16.9980493863561
-4.40298081057077 -4.41677888179272 -7.51584089992893 -3.70962519506189 -5.84079147348398 -7.80070741004794 -4.42485280053976 -6.75062362766004
-20.1962179167286 -6.37394473426147 -0.326135586587974 11.1063571519393 10.4892833067843 -0.852065832570785 21.5623671982116 1.44485264996723
-14.4997631377676 -6.84847318711185 -6.32084212907607 -5.29891718190035 -8.11833145506315 -5.0740738243684 -2.27081302304573 -2.79188485358613
3.73745311465246 0.378852673321473 -24.8180010841298 3.78069530839608 3.05364827095156 1.7419707093896 19.3342670250914 -1.91078325097993
7.53523767907473 4.91049817492594 7.89136257922114 6.57838964243841 7.59820368512974 7.12897743511878 5.51630353199391 7.81249040657422
4.38425332800167 0.549128710402376 -21.9592167957364 6.48250350568539 5.50779884491737 4.33607148815438 20.0873507317631 -3.79448200650181
4.43836173170671 -3.8748752917753 5.7600970025459 0.418300681453624 5.74132860356856 -23.7682520638698 15.7817235464431 -1.71285772152873
18.8869434987349 3.18242433867182 -1.58152666696539 12.9226894210608 16.8201695974505 13.2518596611073 24.7809134839383 12.0197175055389
3.36440816815549 -25.0524735811948 5.5572807334841 3.36700860582861 0.870160586395281 1.30135707030784 13.6877096750944 -0.408839551072307
2.59330535464441 -2.30882333922054 -18.7669505775796 4.17655866352099 5.67200619014265 5.26884155200313 21.3667071995503 1.44924439849932
2.09508186339433 -6.7687983707167 1.68390736517132 -19.7867717772696 1.09875159445147 0.581618187749456 18.4056479507501 3.38410064656962
19.9115866080171 5.58481628550521 -5.35175162097946 16.1066309420202 22.5431573381082 16.7673760274153 26.7842675498571 16.1372810864847
19.9035396592904 13.1681607998432 13.9697978848306 19.9068594842696 -10.0866369250748 13.7057528334038 28.672356829591 13.2738004930265
-0.867203114962597 10.4468834323863 20.0748175871574 10.1127941841383 8.08828448547474 14.1487794189139 29.9070173802139 13.6169091947079
21.3992108013446 -12.9437969210309 18.011994650659 13.9755796635569 16.9928431350606 13.2423725729821 15.1457057078698 14.8251922145983
21.8836405155415 19.4941248098047 20.407131904901 14.6616913921765 20.8701078393301 14.5978840420141 7.37377710583134 21.6793280855425
4.30524988908254 -9.36681733204888 0.2671503122723 8.63237948149815 5.32352047823398 -20.2770913250734 14.6124291367204 -2.274075239839
2.72400309336998 -2.05261222603893 -26.2585614434936 3.97972913608161 6.90967175730204 1.80640594416337 22.8017650863666 1.80038284884779
-3.78284733499376 2.14511233667911 20.904920308915 17.1329499798857 18.2213915095976 12.2440723038598 27.2022889235076 9.51212254829769
14.3085152986485 10.3142194961512 12.1831530197115 17.0569172784391 -7.20195050180024 11.9750763033994 30.67197743673 15.2627216293949
18.5801634503269 8.89475080316392 17.5691002442636 15.9633990334884 -5.44543664816825 6.72895855951591 34.4463179494423 14.9510438934674
6.57262081031479 -1.59073751884493 4.65916745514342 6.97009101321292 3.77317234857929 -1.39931814059502 12.1954296123069 -26.5487715148458
2.80847887187362 -4.18032457575314 -1.61160352734753 7.54848926192376 -14.9439373023006 0.430119377227932 21.8186485013947 -2.84325843478444
18.2830877278154 3.52695109182129 -3.28257374401468 13.3589167669433 14.2075298029886 10.7993955165766 27.3476537386872 14.6266347335492
20.687567747668 6.97039371267462 17.132132503808 14.0432270487356 14.7364415240415 -11.1960450182393 23.7201904972534 7.41540352305392
-8.77286168150321 -6.38434857125688 -10.8525031298562 -8.2797244364029 -7.84243242100224 -6.22949969830691 0.741146550927242 -5.59249870168833
-0.102439624096655 -4.01315713562065 -25.320010676449 6.80378917741994 9.25444234389204 0.479687318090139 20.3846274633541 1.27139464642024
5.59322320887702 -28.8249174094451 8.49168373346503 4.33133295961686 0.70215821289666 0.840733047607387 9.76972406681374 1.24085948503442
-2.57396137822353 -3.39913407301391 5.5975930125956 -23.2868521274384 2.55853778686267 2.03471152709311 20.5561027452037 -4.2946890130356
-16.9914505145334 -9.1632630144434 1.5035500452473 9.13738556567804 2.54874298521889 1.04680832254525 22.367056166235 0.576656887846618
5.37470557504778 -6.35809663614395 9.04367582973552 5.31622006976044 7.7182577766381 1.36151521093349 15.3535255350613 -22.331755072238
6.44499120351683 -11.7634053492827 2.2373100897611 2.69304462686951 4.12493151245848 -0.669961252781571 13.9109680297198 -22.3948995592688
0.105901327499168 -11.2957876877826 4.94268390961156 2.1520365296039 -0.239163654959279 -20.0335376419489 11.6728689488591 -0.0102010526134739
25.0289763429407 17.8617433434972 20.3872645744161 13.5551869083228 16.9020356141303 19.1246079836974 6.60415674596473 18.9833249680555
-5.28139621540395 -3.18913212231464 -4.77362848340784 -5.40747664492094 -5.66986696226643 -4.46409795903418 -3.13734278597358 -9.22694026749982
19.1525677112438 9.29915761968549 -8.08168230902115 14.2405924155342 21.2742404154981 8.13930337790826 27.1149822066656 13.4210728880367
21.9712357690587 10.5808952396017 18.0483142349904 14.9733456089012 -8.59765334635853 12.0858118486982 29.6548748711722 12.9235610037883
16.4641118602175 -13.717235036727 13.5594063764066 16.9692407902864 10.3478821786774 13.0454608242707 16.813943795399 20.2351438348706
20.7301660352417 11.1049466237607 17.6762275437987 12.9524000223772 17.8259723861548 -9.98688855313379 22.881429327967 8.33694916562182
18.9446315298145 7.18110197247139 15.9098822421489 12.8971801137888 19.1445351120902 -12.8955234707363 23.2319511785569 14.2677764611051
19.4579923442201 10.3489222868362 14.138362019972 14.1610555204995 -8.62133482534222 11.4228260242306 26.642783873221 14.6811614711343
24.4302987274276 12.9064221214359 17.8537616762807 14.1614245975165 16.4932271560805 12.9984054985843 9.42213990122372 20.8793357210097
-10.0471395660062 -11.2624420363538 -1.37237170301923 -6.18921755225035 -4.23181704834636 -6.00618268430488 -4.38414281363952 -6.43419948479203
21.6697145982035 9.01418161212346 -4.74830652443615 11.1805611085906 15.0750070903508 11.9609565612719 28.3306867565497 12.0436336061449
1.47796883212032 4.11760386858242 22.067332407584 17.6466921000343 11.5983565061476 10.864896271469 27.8075258101167 9.88542838087467
18.2408232319139 1.08137641520007 15.7272236738973 9.40300548244906 20.8934183940536 16.7736118306565 27.8598434074116 -12.4053227105567
4.50083060598512 -0.90566509269642 1.51503309377193 3.56363169365029 5.24481916629739 4.74076878608003 13.5288206263483 -22.139346384387
25.240792746161 18.7349655245204 19.4510017231767 16.0333025541436 17.7765389769434 14.3987655174459 8.80077520962812 18.3003241858127
0.318593339870545 -5.27176883140951 4.51260037141532 6.23700396899613 5.85132968421657 -21.9139075791317 7.20564089831344 -0.224595662900531
6.24692957817439 -5.48926344735796 4.75337594713096 -23.6988828223773 0.9817073497314 -1.98685192043673 20.7825718765044 -1.30912253166934
4.30970487943092 -29.4983958855858 1.71155708315114 -2.01165662528896 3.48546381119765 0.61669948025389 9.82872147915551 6.11841002714422
1.77161746037078 -27.2026202745102 0.363762627152433 3.09578834086841 2.93712036110179 1.89733483916116 7.65785832633832 3.70907786938682
20.5925359942357 19.6869056247095 17.841169612774 13.2648928130537 17.2653869986396 15.1021104337774 9.02837616817318 20.8162928620142
8.06442582050171 5.41194979039012 5.1114065848132 3.25487723190582 1.43557346910378 3.86213101731403 -0.132002440322184 6.50510809292932
20.6059424860562 11.4473844924761 20.5425826317392 15.7459024931915 12.1186375171247 13.0641661562929 20.057095709026 -11.2078357896535
5.04258701690768 -27.666797238387 2.74964988421223 1.84809032724871 -0.304520400440755 5.57433810208343 15.9113786970029 -0.27121927335133
5.10492217898031 -27.0265785477656 0.228425784243455 3.0237497578553 1.14138108144369 2.69394074819281 11.9158637651367 5.00502244978818
-1.41226390063222 7.66075372487029 20.5223770852975 14.2573236079659 18.5188698442813 19.2617061624408 23.714189134041 15.7004619200942
2.84351688511612 -0.69972223332324 0.426917287294572 6.81695751850867 -15.7290864668165 -1.48964349879398 16.2873009007694 -1.70690855366123
18.8769437748275 8.25513593841595 13.1130926109375 13.2650092919573 16.9053519664028 -11.9396999235321 19.943864510106 13.5112863464077
24.79802559637 16.3441452526355 19.2314360519321 18.0891805454618 16.3093599035201 15.6143235180969 10.7960144723434 20.2477495460313
20.7406543643859 6.31605671196101 15.436173404337 12.2229516051618 15.3527486756909 10.4304686467643 22.5922695576842 -12.2491729918319
4.69220488274945 -3.18692415740914 9.05272709476228 4.06154413742056 2.98621676179181 5.80836128702026 22.1636808318138 -18.6210440109806
2.96381273179064 6.34250570547042 7.21741945961362 4.76692267589753 6.05428193626377 5.88802524952251 6.16976540105712 8.13911184769296
-8.55621067270296 -10.3156008639345 0.888561121679033 -3.12799346867024 -4.05166427526904 -4.16524024289683 -4.67432345783899 -8.97229409296996
1.99850033357942 -1.58303531337928 -19.4736811026678 5.89359732898285 5.2349594076578 -0.698896084391471 21.1324984573994 -1.54771760011446
4.40885352831236 -5.78321618212253 -15.3619675014555 6.05829104011229 6.05259749524585 2.46373883131934 18.2382157024184 2.3941824182981
5.62221834587478 -2.94306022566013 8.25396759466443 1.45778658300683 3.93749926027595 -20.7506606555613 15.7060562173073 -2.34163080457263
20.3971777335697 -2.14583411817649 18.7366660372472 12.8735369376372 13.2815727146664 -7.73283126512759 20.9118822599302 13.3581300296977
22.2828902304866 4.27089702606957 16.9334651496497 16.4466119071387 12.7233603888448 -9.95260590702729 23.1758088776697 4.77737689456784
2.66137032227354 -3.11643668969419 -14.2484734973094 3.91372752935408 3.37930112562836 -1.38230126389907 19.4771148692034 -1.64312870139361
4.5044214886126 -25.8883195101177 5.12262054498657 6.66043205182908 5.16458975923413 7.42961317686446 11.5700216746955 -1.05836493437836
22.3931726327911 -16.1827627384252 15.8361640219489 14.6554092388847 11.0072802887954 11.1788486918423 15.2659935338441 17.1958001796531
5.28340752040039 2.89030718298479 6.226023768616 3.53017258877653 7.82536424835108 -18.7286325954729 18.5790167752414 -6.49129894788273
9.38665619018323 3.08745593584573 4.86816339835816 5.36228998146052 3.60665779905823 0.0154208900917974 7.51880923087498 6.50829236671841
18.5808033812547 5.22569889648886 18.9195808418587 19.5221993016287 -5.94678615570898 12.4430271344687 26.2871315394317 12.7939272776467
30.1170238997999 16.0417354362699 20.6024187107857 13.2450591543197 16.7882848543228 25.0858086181784 10.7307344589799 21.3557735239673
4.33717053582175 -4.49691564745279 7.83038197398519 -21.8681948808662 4.49042955596453 4.29655818808457 20.8674339063632 0.043322777163067
21.9194711379091 9.94121313103327 17.3527733570956 13.1464035631286 15.9820933316392 -9.945993043047 21.8623282395962 14.3955621565734
1.22445209825504 -4.40439255717864 8.2836327782637 6.37716764685871 -17.9075564167453 3.69742235721363 21.990534566307 -9.54085511332694
4.54186059634856 -4.27423479421033 -17.1782296199379 5.13800910338072 4.2637205926717 -0.785503544522146 17.4406813488 -6.67100187761703
18.6089516021872 -14.9651140715177 22.2217171656379 6.16200378261564 14.3557943883018 11.7897920426875 17.9431636997301 18.6578053798396
18.9540319823593 2.89644672814 16.2930307424644 10.5734113631568 13.8967454049798 14.3103864024714 23.7969579314248 -7.25999613220322
-5.89842052545658 -8.99812316410759 -3.22587988598591 -4.44710359882751 -5.16960787970911 -7.5675030634831 0.357960753190443 -7.67562833950337
3.4316247882302 -8.84083178885578 -18.6806362808221 3.69813951250573 3.55596500854394 3.77495129792749 18.1404419019194 0.565477629155531
3.06835746913208 -6.82131084843458 -19.8910032393911 3.42375074201376 6.18033941398526 -2.77743947408038 17.9550908864189 -1.57018157379305
23.2497466697189 7.31309293523326 16.4336788366686 17.1985590849104 -7.34080083935281 5.89047039326569 25.2325259035378 11.7793337431948
5.55342032949652 -7.01144082735089 4.978460257576 2.77791200916153 4.1080833873695 -20.5162567577309 20.4323795168913 -2.21019779131658
4.07146234848977 -22.6966107438023 3.92672050358945 2.69342590581748 0.259688193988294 0.873641157372501 11.2519975131136 5.97059808712675
3.8511787898206 -5.35783665538824 2.86419153253081 -1.06004379363586 3.82558312432697 4.31718917837438 21.5080373955981 -22.1276966105712
3.23994979010962 -1.53076056091822 4.93429138273286 8.37256404089837 8.17086801413228 6.34063833856163 13.6605525716957 -27.1521024564874
-2.95375436577276 11.2063062388039 21.1321812548818 8.74025033254414 15.7369502715137 9.82168197606758 29.6842900989873 15.6242415401296
24.4469408566917 15.0377032836996 19.6152757125043 15.5481740035229 16.5728950984634 14.6786225631411 13.4376960220315 22.1892394677564
-19.8614237433908 -7.61979813260864 4.45434530768568 4.95238344950947 5.12807256166154 -0.392353054747023 22.6869365432169 3.15300228383272
-0.727550532166636 7.15023422545247 16.085171656704 14.6788397493716 18.612665053885 18.9163792834606 28.6515205738061 10.6167105619163
0.834905718886183 -25.1870502890834 -2.81654453904349 0.677273618341203 -3.24322727157433 -0.200051657157547 7.61145373768719 1.63138554892744
20.245861088821 3.03137826908877 19.114739294297 13.3506289240332 18.1812356133049 -8.91006089399153 21.5099607249593 14.8412061713646
0.642061783416563 -8.78529271935728 3.40140385722358 5.04763729629079 3.42185364329587 -18.8587169106126 10.8370128490482 -1.14745293611202
3.61027724571567 -4.91661231398044 2.34845435625915 4.71960982974987 5.57483569632775 -22.879886063379 11.5550694984994 0.86466305710063
23.9235622476186 8.38504178985555 19.0057088713365 10.6750977587556 17.3305732396735 14.1096225440679 18.3182314211775 -12.0372572158315
5.25400016813367 -0.952930128416698 0.310534067035355 5.90873995129662 1.06574931659668 8.04328223288105 9.97995001201238 -25.1149161042772
-16.82044652355 -8.00685107674886 7.58355115636788 1.26131583271646 5.56023679071227 1.86216572778173 24.091437414287 -4.10984479826717
9.44968330474439 1.11081052205198 7.38694614087844 5.68634482607595 4.09334536782003 11.3292224903777 5.3308175715206 9.26747104040367
18.6548963326512 9.32251525479111 15.4881142459784 19.5087050682448 -7.38250970275797 8.07058412183726 28.5757619286374 17.2363807732732
19.6721626022293 4.05335280134251 17.0636942554048 11.9051641522402 14.1706060387648 -11.3812398218004 23.5210156399323 6.29833546178504
-20.3385506719097 -2.63979333126623 9.5822645621391 8.26205285714398 10.3886403342694 -3.57860634254263 21.0519058434179 0.137469701828173
-4.62994553020523 10.5739178695035 17.3661130547405 17.4826031673443 20.4145580417203 12.2687372572107 28.0110160493613 11.785672399692
0.509289189535511 0.718427741014744 19.4516401381204 18.1543441825108 17.1116103432151 9.69036749273192 26.8436546864909 12.5499970206565
