x1 x2 x3 x4 x5 x6 x7 x8
2.49285956550241 2.64565192922185 -0.272620174401016 8.766980779411 3.35104482292196 4.91491318209059 11.5470104490522 4.34749868831263
-4.23764476667987 -2.84309241234196 0.6065221252048 -5.46981522166579 -5.58902868293612 -0.21541322864149 -4.28912211653627 0.208181561691538
-4.27635243386424 -2.57340415113208 -4.6991684044732 0.0146496601634412 -1.60441666563155 -1.36362123400336 -2.79665658896722 0.691292119671806
-3.11961889067584 -9.13435886476321 4.13217216710077 -1.3453601983213 -1.88533334576834 -1.59959569923955 -1.68177662075862 -0.305422173021519
4.4555883269238 4.57751752205925 4.47952923024637 3.30442368774749 4.7094470239667 5.01671993230006 7.00754894807315 4.10143684160818
-0.972948569197628 -4.95283552952564 0.293487816856161 0.335493551515997 -1.45556917952325 -2.08281617424536 -6.25225043651036 -1.7860363783213
1.56109196596818 8.75056370834391 -1.50344775872819 5.37334464955136 7.5210870258852 4.074858658725 11.0243566493009 0.239928654059006
1.73558438392978 -0.581965837854786 1.29780797129268 -2.73028268473464 -2.24614556181087 -2.27049819062649 -9.95570090733856 -6.43841688410156
1.53986402464766 0.620850621808555 0.682302259183712 2.454956208723 2.11551137024903 4.4078418233951 5.81761084562072 2.06227070907433
-2.0654038012325 -3.09001001116786 -6.20054824828831 -4.89638254752357 -5.12523431603162 -0.464366103956471 -4.18109800996786 1.86546522841488
5.66475204058541 4.60077276693605 4.42539803586 4.70076618795552 6.07812507991027 5.08836700205726 0.353564427691767 3.25584414170116
-2.42213004446601 -2.70035465599719 -2.74876111751176 0.243562546431314 -1.95564104070873 2.15072489151659 -11.0144251361719 -1.42726398245546
3.37465975787701 1.64071344719985 2.0685463388765 6.96425139612381 4.32212875810961 -0.647270511259983 2.5814443216983 0.25227363523851
4.46122080681519 4.34402930144748 -1.86175624103541 -0.884907560382628 2.15905998011051 7.1427961701723 0.780177138973984 -0.659145181926402
-2.70345916901948 -0.460173472103287 -1.94044058338241 -2.78713269709115 -1.65269512139445 -3.20177709595942 -5.54309531136881 -4.34122736055553
-3.19581960836087 -2.3040315567705 -0.562067662428572 -5.938603652747 0.687248006291515 -1.76939159416253 -3.70628874263816 0.788172841436886
6.12268797575225 -4.10251915647402 5.47374266777825 0.130594219621623 0.861726570372586 4.1624281090784 1.93409588304339 2.24372587500652
-5.74539455001424 -1.36191735931306 -1.59043966756606 -2.56833295399943 -2.21040639404421 -3.2875287067012 -4.68967238324982 -0.758175759876411
4.56049287969545 7.64598822454018 -1.54233944756329 2.80017475116854 3.01395133611531 -0.856894926112414 7.39027722781888 1.95527201535434
0.536081265608164 5.64049551881154 -1.86800415916453 9.10755827670816 5.13233026032501 -1.58089636152759 5.89691455893986 3.04595382445121
3.75516950696749 0.837243465708464 1.22009603891253 5.64360363461767 5.19236983733345 5.35538897714288 1.68963955611673 2.00834121898265
-1.51075826925081 -8.71689886025095 -2.53609929805273 0.89249469488303 -7.72569711609827 -1.65815076292847 -1.72338735550523 -4.20961701373912
4.86221678914997 0.931886771280215 2.03975997630743 3.87186022687973 3.64249502491518 -1.05848759494111 4.75908592422311 -0.76983052762795
-4.530921652197 -3.73787639749227 -5.49195144310289 -7.05132114371233 -3.3431607311121 -1.46959227525493 -2.80742978409608 2.1775351688945
3.69622807910421 0.238873859248357 5.72011021629221 1.06661786652628 3.32180823554774 1.77588799049695 8.09501878501691 2.78310926206199
4.02203159160523 -1.86853809173916 1.10337330365693 5.17319378733258 -2.654402479981 4.30259820058514 3.6767584421076 -1.27886558527369
4.0060858224651 6.23175795029855 -0.899732769883035 6.29719475317628 6.01800945015499 2.1224021568858 0.641932291005925 4.14618673080615
-3.56515337076032 -3.26008239861663 -3.46465325201398 -2.06858938230493 -3.02963048410448 -1.36793986328079 -8.79375986073839 -1.0839065355749
4.88761131732467 -3.88569568864227 -2.72588439259084 1.80539592959625 2.41236093553691 2.62869692493252 2.15934197816372 4.38424578329117
5.41045640636171 4.39424459307005 3.19229394800644 3.0967801999513 2.09914960281244 1.14161559440801 6.4378128054029 4.03373387670601
5.34869927481608 6.20170096748596 3.95738839956933 -3.04513490945582 6.76962669205629 2.06282001386257 3.56986918736577 0.346979301712031
4.4141112584704 6.49712716081691 4.11594543232184 2.13549947518225 2.61901385159776 5.56693244999132 1.79580058017542 3.23936129713548
-2.50697229112303 -2.06328010077758 -6.51148008560239 -7.4509018869456 -3.10335179538297 0.108946488204819 -4.50187894690164 -2.80893821195891
1.26357147743223 3.86201524615904 0.182039058479482 2.60289137662731 5.78046385195103 0.974475493519261 6.89339558071499 3.74784461066861
-2.2505749595716 -2.52062703848869 -1.99504524962892 -2.31655623775657 -6.35993275328919 1.79765162762871 -4.87201319703854 -5.85075378855095
-3.12541955312865 -1.44123185119903 -3.33219739147704 -5.02712828861732 -1.97663587128502 -1.06695580765191 -5.01695709646309 -0.283491039752312
3.06210241608449 3.95074164285997 -1.48572977907556 1.54551626048679 3.24829366252326 2.14623259349086 1.32096786158016 0.608472756285042
3.36516923280154 3.11205212825281 2.62599572323011 -2.17505171276502 1.16808940085231 3.44945362946439 2.45982279673761 -0.0439773538167114
-0.138967133071382 -6.52268569751728 0.379800475853789 1.1549111812891 -3.19326063172626 -3.5258022092217 -5.1640470463049 -2.32713843031551
4.22285951701132 2.87813141664188 2.27173480696052 2.38216511642857 -0.246680919801249 2.99910666716984 5.07903156718321 1.81431660430015
5.23379493001333 6.10345588691035 4.31548651403012 4.94141947189915 2.32560618476028 0.507988909584036 2.32326700931994 4.26625953185625
-2.82651611801169 -3.33405426889379 5.05597562411835 2.20126636697921 -2.25930667414997 -2.97838836156467 -2.08436023480872 -3.40424455082232
-5.04752445625613 -6.29523148674083 -4.26382350083113 0.545466239573145 -5.61835256984805 -1.62209607381615 -8.88278813160004 1.71505293397047
1.26932561269548 -4.04058403480496 -2.94469229547963 2.05894900032433 -4.86780157581224 -4.81421492313811 -0.652244369342388 -1.37565992350084
-0.255980086104292 -4.58831267996485 -1.33801818183112 -5.49777359387597 -0.696336435604314 -0.157810746096579 -5.68660170098564 -3.62607603330951
-3.19368879221802 -3.28243123894108 -3.75673581011867 -5.51475252144943 -4.18409338259987 -1.62923852755412 -5.85068115840903 -4.41619952873003
2.67864363021962 4.28505958200078 -3.13058406877871 -1.42401805602067 1.14497795683816 -1.16617957114136 6.04412448140201 -1.08571584693157
-9.71175183664878 -3.33555927760858 -1.24432074957236 -1.12783584457581 -6.01353865172413 -3.0480409984384 -0.0224727162405047 -5.29051248816534
4.91190154053605 4.23277854506099 4.36506590398054 1.79937963809787 2.78468346699855 -5.67166840808016 1.71264668592912 3.46499558657734
4.66843787827755 2.77062815283044 -2.2392009583288 0.270422322262338 3.19427655583833 2.86786349075106 4.48346238775205 2.946124625537
-4.12527155402284 -5.14418012611334 -3.28293857059889 -1.14813592210219 -3.88804975871476 -0.707180446795871 0.455802124239239 0.37294745254464
2.94611668901776 3.13100117448535 0.853961155237185 1.95244814208472 3.62739320905674 0.489871828039253 3.88589132637198 4.80695024504389
-5.10683782553203 -5.57400380387353 2.81821219578204 2.05962696345538 -4.10349115798743 -2.86352530520422 -3.64662961291947 -3.72161313340105
3.50193787911443 7.28176679759219 0.488065354091853 4.0109889535402 6.34673825732021 -2.56526900667883 4.39141251350077 3.8490472745939
-4.55354751964663 -5.19031333416076 -0.485269946022814 0.0394865223612895 -2.58957757743173 -1.44329865105729 -9.53995005913066 -3.08735140298223
-9.47897932134504 1.28771781489127 -4.61603998072598 -5.29501196209878 -1.29064306940272 -1.65721879102864 -2.58131675801483 -1.14779110287872
-4.22856872557362 -4.94715094553175 -5.08483918964954 -0.813664524595245 -3.48846430349288 -0.58331135707493 -8.69548703368631 0.873610033405071
4.25975536004116 7.72802961710392 2.6006040483834 3.45214589910036 -1.6429105856768 -5.85694029204655 6.59147558120589 0.982165357159141
-8.02595921327366 1.2964543482178 -1.73369639777692 -5.27775987248666 -3.5159654895807 -0.66276795027968 -8.77274980820853 -1.68370499223891
-1.71229291824445 -5.7683159908514 -1.84378805459045 -6.12951550490356 -2.68034383209431 -2.5465433400936 -6.22794266462902 0.9003078893005
-4.06846792941155 -3.13612176728002 -0.824676600120347 -6.75648330789368 -4.49947645448253 -1.91437881490326 -1.92812020094936 -0.0612586879092625
-1.05164277478556 -7.8504171249148 2.37889986507841 0.843824114853434 -3.17715489228687 -3.74458842381999 -4.09577866717264 -1.64027201364592
0.862144245542958 7.99125703194523 -1.26240674020191 7.94969009884452 5.51120100589452 -1.48992492242034 6.37834753555006 4.13896867075518
3.73938058636851 6.28570009956599 4.35937839460193 1.76717104704833 2.58582866670748 2.03498418217795 5.10310529811876 1.85359808739809
4.64048733149643 4.29011380265703 7.03842200671111 0.524839016533479 -0.401409999800605 1.08570580510946 3.76654894576085 1.44118430974052
1.25409757428351 3.3211882476372 -0.0397556912747674 -3.20655007135463 5.31798836221933 1.04487212161995 -1.16131699453418 1.04330169950013
-3.64694944852061 -4.69106826640087 -3.0761036877667 -1.77704921352198 -3.86203256880626 0.0838744137294285 -7.1901449972742 -6.44050700658768
4.54137882356223 0.257587416760485 1.29869370744311 4.86127057721059 2.48021881178946 2.85050862499838 4.74237944605497 -1.13302969323398
4.34233524064932 5.41556363111089 -1.00801995758005 -2.36612394409917 0.72702685710618 3.85467663267813 1.22896988212306 1.61408779896909
-4.40676437584191 -3.97899934701208 2.37778700329059 -2.07294698217542 -2.62081157053853 -0.837902028596862 -5.05058231465895 -2.12602829512397
4.87614284696985 1.50353402243996 3.23310775838735 5.80429247781895 1.35507521883349 7.03827896816408 4.43711773198032 0.624178030455323
5.85887433625059 0.416627020923656 3.38518335275715 1.66822645365254 3.04484369322792 4.23816315237449 3.29596009754142 4.04372313658162
-4.73742302512883 -6.33813961593567 -2.34419687080014 -5.0196903306365 -2.97166383351204 -0.576286190406844 -7.76603006737138 -8.64900946592019
-3.02246448910568 -5.94284774235191 -0.00415115448900782 -4.22653278544981 -4.4206398416594 -3.20399989424719 -7.84315823510229 -1.92131033098869
-1.74387130425742 -3.8454629410971 -3.12703983098137 -1.1609084864627 -0.604225419936981 -3.07480400074098 -1.29322562982973 -3.20551124509888
4.20920892768745 0.420567968134193 5.08132684312732 0.533041241422488 6.18792220960925 -2.33726106505231 6.55980002482513 1.4410300135555
4.42876550241255 1.86838225314851 -1.38936389791216 1.11976339722943 4.53613953971004 1.63045571799815 -0.127864343422306 0.0365433195141649
-2.99590189792162 -1.64753042863668 -1.31708287205726 -0.923921796917358 -1.64184384842222 0.111016768875714 -3.40752905651128 -3.38073357784585
4.96958160904994 5.38572423555769 2.13959438018854 1.31430375761635 1.78300319049217 1.345256178291 3.26999916534562 1.38582346922913
-4.5401675196012 -1.34235956033087 -2.88364168391637 -1.40182190166483 -2.05414291190883 -3.31936573461912 -8.729515447573 -3.96444693376585
3.85866933525478 4.31455496503605 1.5048819696739 2.24169062205548 4.29717031998673 -1.52785088854135 3.90822188874267 2.42228735816141
-8.1062012894289 1.44089448287144 5.08698968217361 -4.41855344950784 -0.882453917431232 -1.43518469061494 -6.41385976627986 -4.21862979611128
-1.90778019757484 -1.07556816396189 -4.4032646151111 -5.26568970095553 -3.59259440722889 -1.28040263069223 -4.22604333826196 -5.92962066251862
5.61399615500284 2.43267145699438 1.27393022567857 -0.469422080221856 0.802705070892656 4.8081798952422 5.27471365360256 2.17350598422953
-5.87096336057325 -0.0548456901432153 3.90185009346325 -1.68715901051712 0.469787333437439 -2.26189120552524 -4.53165146209666 0.47784130887503
3.62017150006752 4.38013447898371 0.527174958606619 2.15777575889185 5.51008845773631 1.48108128548613 5.88189117220974 -0.0230984079430971
2.88304083485146 -1.01220687090835 2.07721254568952 1.01730189156364 0.886540262247205 0.312107863138782 3.57045938021553 0.598083903620158
-6.98650771958677 -6.27360449863099 -3.72015440731239 -4.56110223713436 -4.89202650645513 -0.594561714617831 -7.20880469036116 1.32349743102706
-3.87302733611246 -1.92298535693331 -2.37902040787074 -6.30355407970841 -1.62152542832482 -1.78880768029286 -4.38318215179187 1.15744198464712
2.71549788892759 1.29634567245209 0.318991764885721 1.29973313372744 1.30234312545588 -5.97485952490562 7.76341118608744 3.48695448771933
-0.968964982384283 -2.70694003264773 6.53806932955413 -5.03152246235197 -0.269415745593505 -0.31775894668791 1.13351492897672 -0.599862844116906
3.68793768467339 2.52326987832815 6.07009437153537 4.96291904062098 3.7687108621461 1.46448021916437 4.81563223581159 2.40852522368631
-3.74493570162445 -4.46713035690245 -2.38122028467263 -3.5031705478392 -1.49116382151683 0.745624377196733 -3.75097251208113 2.21331840745722
2.93099920721653 6.40375893022423 2.93733793374021 -0.153725078355507 6.36932753849754 4.42096617119802 1.79845789473265 4.14314738116705
2.37707566031226 0.166128443555364 0.59846432119061 4.99506959294835 7.13229450443165 2.33645813413348 5.34142255312222 3.33037730636059
2.55410445052645 2.79983900682454 3.07270512677491 2.8157570087588 4.64401779813153 1.52576478301547 8.19591633505376 3.54657307913574
2.53110760366661 7.34412229203573 0.938091794547743 1.63889307263217 6.14829602967865 3.57228972029514 4.82093361375728 1.76014954181914
3.51441397894074 2.45850214452726 2.29325221681585 -2.2893060044237 11.190260174175 3.48866446608821 5.08209867466895 5.40950859149169
3.23721188185228 7.1341045785087 3.68555873910099 3.03009518215805 5.4338348740556 2.71298298474785 3.44556869997515 4.4455590743342
2.15926909550687 5.11773717521021 0.84049256649635 4.49771701466306 2.81554505320825 -1.66327081817749 3.36964390122934 8.16256823945814
3.37552961488357 2.358636987849 2.86950835266923 6.44715301301371 2.04227357468058 -1.75440882322771 2.83787546850178 0.477204749848285
-3.57748589311157 0.672313328949168 -5.04971432915878 -0.406424009755218 -4.8045144246465 -0.226485218510649 -6.27959128800563 -6.09437477205165
-5.12057821639246 -5.35308925618938 0.359756881167795 -2.17060810301524 -1.24738493956659 -6.46363086509282 -4.66674061386308 -1.41829282950624
-5.31484051279875 -3.47552067442572 -2.49034886207897 -0.105910750247169 1.92086312871789 -2.23399202079728 -7.05879480980559 -0.585916561406754
1.6131881958036 -8.3629362718785 3.20170667100257 -4.12363169743658 0.225483819259669 -0.889528204785638 -1.32927328306962 3.95093079719934
3.22067409094071 4.45786542635293 3.18674799659057 2.8080513873131 1.73957592437425 1.09262090077831 5.57712972451625 1.94885857919846
3.66718067833465 3.93405477466349 1.80879612588915 2.65690648306215 2.89370971386172 -1.54943419599503 4.05425437948018 3.22356452277023
3.80525063477669 3.02055975547981 3.29454132985396 -3.34061137576022 -1.95827877260712 2.21833388593979 5.76499725405245 1.89525613481325
3.91841169597001 4.13579970608567 5.02302755229396 -5.80332579248625 -0.895187096394309 0.126088007440321 8.58792491329206 2.37938785000847
-4.50930199613475 -4.45004683124277 2.03625890561698 -3.68899441969475 -5.58186471340987 -1.38247407069219 -5.54467314519781 -0.456136699939234
-1.19228596059206 -3.35818907801454 5.2709160402276 3.22432034335679 -0.357039440970908 -1.53906465176839 -6.72204495743027 -1.30599113795531
-4.78884404756302 -5.34570768251845 0.866590741262917 -2.05093794421582 -4.33847865072395 1.61548003936582 -3.12548182987429 -1.28239382690026
-0.143670028582823 -2.66505064357381 -2.77464637162331 0.275236569757769 -4.00561607306115 -0.460721903849004 -8.83056410012531 -3.91219071643102
-6.85571308668922 -3.82726217783853 -0.859997893581786 -3.23225599445384 -2.78766151348415 -3.93388553782131 -8.86892527410599 2.3798199128125
1.69514251199709 7.55404216924304 -0.795612957272679 3.0355849216725 4.83914821975508 6.82393824991991 9.83482878133699 6.59522591954104
0.0761035719535075 -2.77763708317163 -1.86233363904603 -4.45852795063546 -5.40825176944183 -2.56744354674567 1.77413580583391 -4.45986467303637
-2.14350224619761 -1.77884196269893 -1.00755996998023 0.0556664352574439 -0.889514529178901 1.42850063188205 -2.8562784827514 -5.78216161945395
-11.0991381677908 -3.36668505308699 0.618415197157686 -0.16735192868145 -2.6069567389028 0.974514033332361 -0.376294003787932 -2.1208586317467
-2.8733272641939 -2.51200488483585 0.663907919831164 -2.27476937383453 -3.01055831145172 1.73745054949257 -3.77099818785659 0.0801008079333658
5.53708773520235 7.05783171510304 -1.17115725436714 4.1477683038654 5.84629752537148 -0.523877701648695 4.03553857613149 2.29212366923027
-5.14999070771306 -6.64215703538987 2.67025103522319 -4.15256774939226 -3.49920803578987 -1.43815929920686 0.287485440555036 -2.91836833711127
-11.1448451565163 -2.34042249035519 -1.59758876669351 -1.5969787435145 -3.4048746339306 -1.66609193047969 -7.63699802887614 0.658173337186395
6.39602851634971 5.43903866115317 5.11264380688287 1.29797700769584 -1.72532650009655 0.918388226524675 5.90013978626473 2.2983621153191
4.30265047445302 2.66162637891267 3.26751643644211 -2.23357112266969 1.80393668877375 -1.95684467099312 4.98705608802969 2.56738709470184
-3.35989362091717 -4.29752938904967 0.090295076986191 -0.683414396632057 -4.81481799991773 -1.46001945684211 -3.71371524893554 -7.25142583235649
-0.776265026078225 0.381407280695087 -5.68692565989828 -3.31420959441474 -2.20276889771377 -0.511509090269888 -7.66412587192345 -2.77656858843504
3.86943180091656 -0.457063992689364 2.45793548970626 3.31120638803092 0.989992402523874 0.177596808225258 6.00411876439496 0.464117920515676
-5.42453840883704 -7.31844966875444 -9.11548005834915 4.74368828212685 -4.58255271761275 1.06019295644881 -2.68977745456605 -0.11286119838551
3.39298863383736 -0.183002373253913 -0.919866220250387 -0.195884629210433 6.79133981966372 -0.212457000001876 5.09971336923798 2.45280203679291
2.56602024619282 1.71834473881914 1.59889757925447 4.66689262819016 2.42743812830758 0.737386606337574 5.97407037275014 5.74547415076439
2.56232467278103 6.94169272221556 -3.31947739011921 3.53201214792812 2.92924533193305 4.1982809082093 9.37819811385647 0.54293473314841
4.7536754433578 7.39918952012142 1.00407476618771 2.68627012041757 6.88276225219317 3.55059528428687 5.74454575889418 -0.290467896539306
-3.16754209612722 -4.92279591667135 -4.0337854255722 -1.86455510995987 -3.02716818581247 -1.78327490417221 -4.03094797176945 -1.99610567331486
4.4088538004915 0.993695300633422 3.35531892706672 0.647282263039059 -1.84593822901754 3.81544896258088 8.23093519191992 -1.77787660133999
2.82819484997282 0.182339142275035 -1.30289807419663 9.56804893264712 -1.07406087311425 2.71406522493234 3.11616816983735 1.69692172644879
-7.12941161513714 -2.5956476259189 -1.23353599390444 -3.8540535963035 -3.97606293841116 -4.0017502266877 -3.47850028808967 -4.19795223578054
4.58774446208328 5.42528929913025 -5.66293662088325 3.2632012924602 4.06942158261179 0.749040505530986 0.546693307483278 0.764961017190988
-1.04750201059643 -4.74481005235179 0.597223445171252 -6.60341562152875 -5.64074926010458 -3.4996883257198 -1.24275047139111 -3.4435829988629
5.43070426714392 12.9223159109979 4.57675256042746 -0.550173410412715 2.59222402649633 -4.13358616127539 2.21520739646805 2.7597529299057
2.49220691835103 -3.0412624821885 8.03315481530946 4.90273165946679 -1.18017632919337 0.516706626616012 9.67305103107972 4.74333791361889
5.7064386345023 4.77979266709937 3.10207246076105 -1.59403472471303 -0.0448237798706757 3.26614835762063 6.6077552741463 4.66317419197567
5.34910259564765 8.81346732608998 7.28479530870737 4.78367743287549 4.11521959831079 3.80506340050788 0.567065274284965 1.86254244054301
1.30094374358811 -2.08843570688487 -3.04240043920719 -4.26280187546493 -0.948598638336347 2.37055957389806 -4.22884173870466 2.73858879643938
5.30745793082446 5.23437498874422 0.390669468809393 4.68478496987754 1.35726606395007 2.16041210849031 0.171763092904869 2.85161544859358
2.01324043801183 0.464712824687118 -0.826417073896019 5.59490108113643 2.27452270428698 -0.324398368619633 7.86100156175612 1.36621924555073
5.06990192661201 5.81770565023213 3.83998081240994 2.8031382393213 1.14018252485894 2.53437750077197 0.501586971694502 1.5537037563692
2.62180470523677 3.09634408067612 -0.827600155999649 0.0142093790818842 6.46599732961684 2.45538706817703 2.92564974141308 0.745948953619913
3.39823160802056 3.99021998094093 3.57651245654465 6.51506762987854 3.10688485480251 3.243326255365 2.1022622688097 3.94317563723729
1.0039069670976 -3.01541994807891 -0.24150116950773 -2.93723632558507 -3.11379132929043 -5.30684151628891 -3.94300668567356 -6.58675442416762
6.35896727302256 2.56282990290469 -1.04450016884761 0.729595691742059 0.888074414793686 1.4550297705031 7.97020684595433 3.2386085765944
-5.47826416712361 -0.886901235947379 0.738553121295856 -4.48873216866252 -2.69809061765625 -0.252977052217992 -4.92067830104686 -3.05035537283848
4.24690967254671 0.986712725404705 2.81940511555132 3.65640267557874 -3.40710419027644 2.22591939957962 5.42176471420962 -0.342966411130339
3.73695386391606 5.52485237543133 2.10733736831063 -1.78537338869552 3.49225801856677 3.69686616032988 3.22440829810195 4.70186403665524
4.17519238095006 7.350358281484 1.66595472172503 3.58328734756837 5.13803023782331 2.90981408446405 6.13952029934418 1.72958192330631
-0.381657040464347 -3.37555172845719 6.29345380972939 -3.80286521672253 -1.80550118510991 -1.82721008232194 -3.70151650826828 -5.03892260221987
-0.638163070026899 -2.16563709110373 -6.09353370352228 -4.8722504838225 -1.23932244699942 0.958672861224461 -4.27866191856944 1.16557099872482
5.19920771462913 -2.52477754503251 1.22714386830601 3.1543843369997 3.36788135821245 -2.10752460656327 3.15276856722185 3.60793337844142
-6.37920644173658 -2.19883122948678 -6.74864716449958 -4.80031211260833 -5.34850474548256 0.56649334887672 -8.03028942926002 -0.902216295838427
2.49558793514609 7.94587046157009 2.89694120125188 4.79711642079296 2.95495260310207 4.59842938264682 2.92440709678656 3.40677905175248
1.34347744235929 5.93649378649424 1.32673258844382 6.40988587147935 11.2502264198642 4.24535575516037 5.89440416592064 3.96846318765302
5.5263052434506 1.29382585895459 -2.602258242599 5.14279580401266 -1.47388567971536 0.367112036333224 -0.796692877961023 0.486165387855764
4.89167073781627 2.63909256998231 -2.1993972866994 3.39458693706821 2.70409227494107 -1.34895064994524 2.03344639758828 -0.804674032100444
1.01954833203481 -1.82729927931755 -2.12442753832987 -2.01141207736787 -5.54827718928192 -2.20629076023332 -6.3391678918943 -7.58960510858055
-2.87803073275024 1.68893183504739 2.32431725828205 -6.13361148666164 -2.02609976108816 -1.7300404963804 -5.44083334331023 -3.13221977009566
5.52648508600715 5.40445227405964 4.26930760119719 1.91436835922703 3.72488014098118 4.9157142342758 1.76580119577509 1.48825286031279
4.30843159586793 4.66217940129588 2.39587881947335 3.32475675651511 2.03931242187583 2.16005510674503 1.22834047087882 0.924516839920082
3.26144712627073 3.26394239030022 5.12551411393364 2.05054167759865 5.36062390422332 -1.62347357940617 6.76715932505406 4.34222486098411
-8.18375718078811 -4.6506795377481 -2.49284066365895 3.4150349857482 -3.92028272126366 -3.23098989640309 -9.5610256590413 -0.407061013586492
-4.85149781558147 -2.93459707341494 -3.03890605895047 -5.77452854105929 -0.767186577857306 -3.09070405915959 -8.7055906508566 -3.56096424565076
-4.02772995101594 -0.271267900183198 -11.4448876790485 -7.289288727404 -7.52344230875103 -5.31814137885313 -7.34979944346175 -3.4475306399348
-2.14214881965189 -4.22016037574193 1.60322809877885 -0.926604404123877 -2.45965989683734 -4.4102668540975 -0.995966706544986 -4.8070388749941
5.40444447575755 0.292534056326579 -2.32495530289537 -0.775344016858324 5.49033549166746 3.97092671434886 1.69022229161179 1.03872569562416
3.19242380957362 5.12715532240476 -0.0967941812252127 6.47239980624824 8.0162249353656 0.475234308943477 0.725737486476149 -2.76163124563202
3.03429518743021 -0.163175273517238 1.27661614613273 0.489585821488638 4.67659292164525 -0.104136941486267 2.88917739508858 2.5683441901134
-6.57046378048066 -2.27745929009701 -2.27959609085307 -2.50850174052269 -5.77944596767845 -3.66860446358915 -3.55759998617865 -6.01070691083013
-4.40796915136588 -6.4261778138662 1.92613092995828 -0.560256626677025 -1.62470652858131 -0.208768006544419 -5.75703342699159 -5.319958670789
0.932684396229619 1.09047896008271 -3.82021232704743 5.9368753781553 3.67531678508358 1.21450164517754 5.48371864941267 6.20904801601676
5.02301118817898 0.897972307486702 1.51867030227917 7.27302964093783 3.40106799112641 4.7560794829972 2.78896992214355 3.74333800634712
-5.53249671303057 -2.94132041708725 0.512454269589309 -0.719955349491373 -1.08502150563126 -4.28564336071666 -6.09182740579325 -2.88753783448908
-4.80631545907719 -2.60259709300942 -3.28643786851327 0.67338891451319 -1.68472440396661 -4.55780899037151 -4.90441132997714 -3.77720093776293
-0.280903253368472 -6.23575336810253 3.35748380833879 -4.26050373631814 -3.76431983299781 -5.15860289487438 -0.0456176974568754 -5.72491594187067
4.1943959502436 9.67360155482332 0.963149188132483 3.2443288620866 -0.975594001901668 0.798518761345097 5.7707063480825 1.18165557730928
2.69240809586503 1.86790925585334 -1.71747979798494 2.23747878735968 -0.711843158375416 4.60048633701099 5.26268954638946 3.77117854017278
-3.71528463173971 -0.300637222506826 -1.02212741213435 -5.75963045437063 -3.57611152280583 -3.81306180972732 -4.41759853010719 -2.82405217471601
4.84238015990444 5.64542176066276 3.66466988213399 -0.586489258816415 4.03329777612417 2.39235581997873 8.23017643487402 0.614199585510073
4.02525644130412 0.0513754459887883 1.87777517784651 1.47074746378219 3.66153153080863 -0.0037338007913148 3.12713186587183 3.42025397607378
1.33088938082568 1.34449604264816 6.02592694198489 2.60528702516445 5.62740833582799 -1.65247276146483 6.45398787146963 4.67731789826055
-3.32365958398166 -6.50069358706795 -0.264022005155141 -6.31209026304333 -2.76382510107408 -0.332293447235067 -1.96521585063158 -2.52134167845685
6.51514595701415 -0.303349708496273 2.19097490054337 -3.32073433701741 3.04100766504602 1.34464239424316 2.5934586417287 1.43396707429867
-4.99953865295286 -5.38332109714706 -5.31305356571111 0.414756073757083 -3.45935030218548 -2.37936715548413 -2.02173364636443 -4.08929538027767
0.181138341863345 0.271663121268658 -2.63349597301069 -4.83769003013191 -2.22562228801327 0.333595885468862 -2.43575150400827 -3.38307265777475
3.57864383989796 5.43036692942636 1.63534257084241 0.0120325910344974 2.13578167064001 -2.0479876591112 5.55277405104944 2.17562564277228
-6.26286339837286 -5.00092945086087 1.14895499769332 -0.391757880895085 -3.69377399493778 -1.95930116266548 -2.23107509228793 -2.16009211633602
3.81312181456455 0.75808637560466 2.16689836487773 4.69495798499195 3.01529487592287 1.25095933535598 7.06947229190602 1.00210599705914
3.63641355261591 5.1261001201767 -0.66318065354183 1.86460779632462 1.85845820183795 -0.867901435173915 7.44810643909179 1.42234822765442
-1.27284167843042 -6.2296770319215 -1.01721602499637 2.36846334638102 -2.58720517733206 -2.01644094988413 -4.75947657678128 -1.79905889532983
2.81547850118378 -0.471209044304725 2.77476030704216 6.11755910391582 3.67703541875328 3.3970267941104 5.71473356146912 2.99774787365793
-9.51476935608506 0.218940580045695 -4.76699540231791 -4.30087876158664 -4.32597732609648 0.234148720557718 -3.47173604576404 -0.345936114331577
-2.37945865473648 -4.74994454695267 0.364437337850233 1.00447936464535 -1.87038081264056 -2.23871111402673 -5.39249869338355 -4.0785672508833
3.27787287486875 2.30139771651993 1.34762484810411 4.44669986816641 1.45212035384256 -0.352331764941982 1.68650403215845 3.24200613145555
-1.73583114789745 -4.18977835848877 -1.66491334325439 -3.9896637509421 -2.92845355701858 1.32766236897901 -7.38969071601041 -2.5730970597329
0.961982959545391 -2.83891591356927 0.718368714806154 -3.85946103358048 -2.14713282017613 -1.26523027584956 -3.3759568589453 2.25507747260713
-0.478323584814327 -6.62718420627787 -1.67274403468073 -3.60765518532959 -3.4939873083929 -1.31004328931071 -4.46526325386837 -1.42036355822585
-7.64069990397021 -3.40653834648391 -4.70748723899169 2.92470886613134 -4.01532901727626 -3.2276885512778 1.71409299247465 1.31234564440826
-4.74846213493764 -6.30403255631819 -0.187741552034854 -1.23320216284757 -2.53878078223535 -2.48675009627373 -9.50918410916357 -3.00885775782236
-1.09740720660458 -1.81358089229753 -4.85146791275239 -3.77289337431752 -3.50312068163301 -0.780159998027763 -2.77505421683914 0.0616201427534246
-8.25348764657067 -1.4135142641429 -5.46682558240618 -1.2656437839174 -2.90378142672924 1.54771067456928 -2.64178068831715 2.40075682421802
3.21266837803459 2.14097501405713 -0.877422736651577 -2.06334096828411 0.0511608899198901 2.54749141182256 0.237843274642962 -0.748545158034312
3.76156658396011 2.57020980143641 3.49346452786892 -0.867203720698095 2.89009521304463 4.89879598345941 -0.144753465322166 1.34060840278908
1.04996796611677 -3.6153901952019 -3.10998908234922 -2.20032970933581 -1.24268178505522 -4.23387009997478 -5.48112682383391 -2.91716719794166
-2.00668282459909 -1.4548773278227 -3.74461515443186 2.70679250330678 -2.07723229790874 -0.635763668028976 -4.52106692802002 -2.88959227184124
4.64543742078149 -1.10456069355292 3.67939491671491 -0.919088915561507 0.976570764060927 3.52488207012105 7.18583126205783 1.57680265811934
1.23823215341514 1.2963048017852 -1.00504257007921 0.0443883019625053 5.91385641434132 -2.56774927367583 5.62411696838692 -0.646334782697783
-8.05737223141767 -5.34855232822025 -2.8535348606141 -1.46531781452578 -5.53761429965807 -1.85398414116996 -4.53737294787222 -3.68004880410978
2.5261313449973 6.32264017298361 3.56992872284843 4.01315822036732 3.18944307857475 6.92452829967777 4.24344889997394 5.33173244189934
3.15276615131374 6.78398857279099 -0.83191778466317 4.08158902084639 5.42145798325058 1.0933564513164 8.76547629830688 0.230636774713923
-1.64011235967133 -1.27783024128329 1.49728783063226 -2.2145312211161 -3.42861318254803 -1.4028448222047 -6.28451975645679 -2.57365193834571
5.03909917377486 4.92851583603521 -4.81678002422698 -2.0796912166323 -3.69210267087009 3.74381188497558 6.48369701014525 -0.27249856703328
-4.05876592532882 0.525607523127608 -0.357679595609639 -3.90575281912943 -4.10374555227772 -0.524111554465217 -6.45963524851353 -5.35311295592364
-4.64403002391827 -0.643555522225307 -2.42086387527449 -0.399079150024627 1.69891295326809 0.183958756884651 -5.65393660384701 0.67453177615166
-1.23727988036935 -7.1915255821382 -3.30750641105546 -2.00290145618348 -4.22839517913313 0.640489453386564 -4.68805292091354 -0.198473854397828
-1.34621642220337 -6.83163470013309 0.0476498729129546 -1.34092686779546 -4.460538995704 -0.880551769581673 -6.58778529384245 -1.16453271203012
-4.78767707658686 -1.09521746292574 -1.72330826136323 -4.9223515724448 -3.8256253444872 -3.44389456428744 -0.323299441861522 0.424176698222549
-2.90043352645213 -1.42712648671986 -4.62447225403328 -0.834425238732007 -1.83541428893004 -2.17340995108689 -6.54278425154067 -0.332440041982562
-4.5259493886786 -1.19084057837212 3.98208418911713 -9.05213590485737 -2.38977392902948 0.453391701128728 -3.46936716504335 -0.587882410518038
2.68911569534613 4.02614591731061 3.14842831973373 0.680580704232944 1.48266813776637 4.75451113370287 3.89374896719489 2.23264830327691
-2.33164151150137 -6.40572721849377 -1.40645023531876 2.70459596294776 -2.46657784329718 -1.11457740510459 -5.39360436185531 -1.91841038125203
3.62711443731103 4.20819298590398 -0.380236294343388 1.90223106252039 3.97119695269737 1.74756131762752 3.80361157160228 1.17175079306264
1.7428445220328 4.95931235000374 0.389589114129687 3.70032229488526 6.38036700719464 -0.24128627424577 1.93968994378272 4.33266517789665
4.37564537861593 4.84947207705269 1.54101323631822 1.86446709450867 3.01826513288956 1.98923945974134 3.44494210080387 2.41948197110453
-7.252363489505 -6.32429274036478 -0.460586022600112 -4.96296677307998 -5.80327247824629 -2.390110226701 -2.97395708299522 -4.93469946903027
4.24356188087819 9.34660594625043 1.90349210440296 1.20355950447309 2.5177334610565 0.6622056499116 -0.602343459799891 1.88627047990574
-7.47525928119815 -2.99799258503001 -3.24064250812469 4.38954347069839 -3.54065813778298 0.475670376619162 -3.83739541521435 -3.45852757898668
0.324276604436169 3.89506049388249 0.292429770251459 -1.3164551063496 13.9592434986817 0.189171861793534 7.94827717910264 5.5818405298338
-1.5081415713581 -3.95880249273994 -0.600941384368547 -3.00906666555308 -3.63452666899087 -0.923331428630033 -3.63765323271772 -5.46104932784616
-3.00565390926619 1.82032592828487 -0.41252494658316 -0.0525388669751496 -1.91025188626744 -1.03851748196668 -4.44189381364238 -4.66668702541646
0.924634189917587 -1.2381193564732 -9.38331186689757 -7.12741549936315 -3.43893471951422 -2.26596663027165 -4.09051624315433 1.38119911067885
-3.24174032780653 -6.40136805769207 1.95332221687022 -1.73489119137095 -2.81693326271416 0.433967393607964 -8.58897306172549 -2.32587867432475
3.24170002454028 6.28773166585845 -2.85724560503748 -2.09614762098417 2.59523062067092 3.46519938269379 9.46522171476229 2.3968373335013
-4.6459867340102 -4.23843395365769 -0.0710038686047363 -4.8188392406636 -3.03739202294104 -0.323954890338461 -3.54448524927268 -0.140140530152038
5.38248049013584 0.0559706733141354 2.27141711191168 -6.08402007049409 -3.17019816253692 -1.53188185465747 -3.6518142268282 -0.442573204001437
3.33679827320069 0.869155073036899 1.36371996807299 -1.23018514836017 4.43632770344826 -3.45359675800315 2.65898816676105 3.61544135902553
6.21253130369509 -0.654982630338772 0.560132457712384 -3.39209285974072 1.00246371454428 4.27966582689463 2.85314690120084 0.268293496278011
-8.36599525560322 -8.23287258533942 -2.93482193772746 -0.617702938448798 -4.25246246486755 -0.805275060012386 -2.12105849883111 0.0880094642792204
2.44826748264186 -8.6031857134038 -0.611174824921622 -2.03329516048412 -2.95768327137809 -1.33148088385298 -4.54449817965951 -4.23489335851567
4.86735519623611 2.711073249071 3.03121332479849 -0.158623746678152 0.915737285132119 3.3527344379749 4.18110472821472 3.02051666951582
-5.29126320658348 -3.43130714206352 -1.80902123954924 -3.85827006728005 -1.73805689541481 -6.94660506246695 -4.03707044712661 -4.25015528146544
3.61695925275611 0.62280485109494 3.11707264267626 3.18281184080355 2.99478818364718 -1.38614186233647 0.438115081281667 6.78864558301255
3.41046127234068 3.58509918305936 2.89247517746465 1.24008961682706 7.68244715786302 1.78880337291648 3.99350876247786 1.31388169552679
-4.99824143015661 -6.41258692700182 -4.57148409599041 -2.19410007370433 -4.97521756072185 -0.522959853880421 1.00110949228075 -4.7643479400168
2.45960514940383 6.59919859067344 -1.34276213367375 2.87676965686393 3.13652346161619 1.77694812166149 5.43606469757784 0.652381646842005
5.94358559836063 3.1571774984063 1.06409968293718 -6.02752021479336 4.65390860016194 1.09594961256831 1.19475153033448 3.04814184191352
5.95595776048282 2.34339149166455 -0.854881762195796 2.6590916147591 2.23770562905711 3.52964380505766 3.17868227415916 1.90059652315058
-4.92498420740851 0.0691987325555359 4.8749949618459 -0.175518266458452 -0.743770987046601 -1.0761814927697 -1.24999834936314 0.149079162330813
3.90022379369653 1.71011121728454 3.38233886336996 4.48275226865017 0.286082157796629 -1.24245188711495 5.10147149452756 3.6708175567731
2.83812461081674 6.71683914264773 -0.0394082084069158 6.13324591349751 4.90959239042845 -0.460813836920678 2.86273141362304 3.72114239332957
-3.27739591085293 -4.00467895813667 -4.14786084096932 0.93531391640255 -1.94901030175362 -0.248660824670588 -4.2182158729701 -2.10069313670359
3.99656903887176 6.62029450338073 9.20488982798902 6.59102744634378 0.775691984475157 1.0620419833361 3.41966105625575 3.02875118924614
3.02498737010027 1.46947523292243 2.97204561333273 0.802246401207722 5.50589737422763 2.8084334289113 1.5280219090506 2.76147361910358
2.87718172402244 9.89829702454944 -2.75892096172496 4.59167728328565 6.7934088331038 0.565293344256725 -1.17572867394196 6.45200361490018
-1.40886152816985 -1.35389145938844 -0.472472272819556 -4.23692890792794 -0.586483318145756 -3.12079332930685 -4.71010630966263 2.39286670743248
3.78941335194057 2.79928942166346 3.58571704427345 -1.26364317650484 3.18506284379828 0.0909968409353525 -1.3138130065096 4.03772716646926
0.529212688291385 -8.83836481877877 0.283810176233401 0.704139821869965 -4.31215334168375 -1.7775528232223 -5.36467411225193 -2.34253825508078
3.12531447762889 3.47785579012809 0.1254771990816 0.389946037356391 1.91515881761641 0.649698322695181 3.68395252424711 0.428058018307173
-1.92582671880359 -3.68188125251989 -6.28145923678817 -5.10406532289698 -4.35843632283161 -2.04001170954399 -3.0094912146269 3.38374573895466
3.52673588666607 6.7909228881996 0.322690243145485 6.28993777980608 5.09849100873966 5.96673538214452 6.80217363034327 1.12314061088624
2.51966145267285 -4.02259861243149 -2.42993180009685 2.5892874100739 4.84816429581036 -0.876840730308645 7.7881573695145 2.49281044616118
3.39407791259928 4.20568282550298 1.09192757883547 0.375534442240403 6.3216045150914 5.41718530831871 3.94923249286307 4.05376092994455
5.4548983044349 -1.10297915768061 3.47604445695387 1.78220990612418 -2.43951920868876 1.57696970736244 1.06860248134883 3.81348752132056
-4.15868683275165 -1.08988782849012 1.01077477244786 -0.790101207698053 0.248500166018317 -1.75517421807731 -7.85536546178237 -2.17599427845462
4.19298109399403 7.47575091122146 0.902520605801782 1.24173720791556 -0.517192065909887 -0.492194156642822 8.05746395729295 -0.141367033851311
-0.0121682387786097 -2.15357129701168 -0.767213067800549 -1.94766518013033 -3.05518850114541 -0.615579578845624 -4.28976340112477 -5.25984480417044
-6.21826883592228 0.106553428429362 -2.75681560642961 0.938567489147002 -1.2687063070497 3.14057036088188 -4.38264622796643 -2.29668651286852
-7.57106089193144 -5.46566987966264 -2.21043498018288 -0.105902471996052 -5.16910985410266 -0.745860436161556 -5.00719336336738 -9.6833577718415
5.65551650840255 5.04165314252998 2.84275957804584 2.83593316853499 3.77444807390006 1.21864036030859 5.56607661872057 3.40785270836501
-5.33486510989836 -2.62718333758582 -5.43140185128753 0.139494178436253 -1.80346046445815 -0.355233544908111 -2.20982150353683 -1.58840499150736
-6.51778226305786 -3.53667887725594 -7.3008164102717 -3.43315288657941 -3.81740234478159 -0.106424410024201 -6.42279588680942 -1.39595790167296
2.91224770197607 4.37480312162007 -1.64742996896918 3.21187375056216 6.26408670770265 3.02592929248345 8.06584956396355 5.25021456234704
-1.63975971203843 0.676412321009096 4.44493946235851 2.52196950551396 -2.78294970978854 -2.06985332221656 -2.56519538059125 -2.85206075237374
1.12090910197865 1.22957765151166 6.09210696461219 4.35937049523363 2.59221041082721 -0.498715987253286 3.22482823131862 1.89686208806576
2.11910141049459 3.44801229312706 -1.58471602712928 5.67053790870579 3.54295337797866 -1.85704653240614 6.65701468611876 4.66358244133554
-11.9148144864952 -8.0773115117938 -1.25395880288813 -3.41450703105415 -5.7456669663757 -4.35731868823426 -5.60385082946336 -1.00427158735702
-3.47597948244657 -10.9742255816863 0.0788878021336896 -1.11179172513088 -2.44274524709163 -4.34523560577281 0.268202897178529 -0.156775551720694
5.99682467672951 1.73391760545457 3.12075294082181 -0.667866134494567 -2.1391874804156 1.32509147327687 4.3854714327874 -2.38120120655894
-3.98558087101974 -5.46441901174778 -1.24612374392547 -2.3332511695594 -1.56840550082457 -1.71721000917969 -1.60647267687883 -0.044915943545313
2.80524640068922 7.61957259139806 -1.58411731660887 8.12369131177137 3.01675894769952 5.91500038144452 1.89982645280833 3.90253332785794
3.61794571226854 9.24297044122861 -1.80729944004045 1.77819415787013 5.61391467519481 5.77995305261477 4.0810011405449 4.62734839151373
-0.641028014992957 -3.70378958853019 0.0401338768614359 -0.802289979961249 -1.94717659251028 -3.57896241787338 -8.21943175451443 -2.71460917548982
-2.0161486423731 -4.40404608273433 -8.16689785633402 -4.60891917816901 -3.9312569570288 -4.46877266532584 -8.24368821269544 0.368029554734907
3.58764225707312 5.40436249909984 -0.86075610418935 0.0364428435504061 5.45824477678816 3.49962489280462 2.5905588232563 2.41657704476062
5.80331650606383 5.40016419914313 1.88706971824751 -0.772910292574324 1.15867018345924 3.68591942207533 4.3905597312509 3.4527850767259
-2.35284964431822 -1.11762986373318 -0.159048460013058 -1.31043488980364 -3.27178763893513 0.0118970999464985 -2.4275790329666 -1.80203076396255
-0.457622226689448 -4.04234955763556 -7.18399454331531 -4.22908651529005 -3.55368763858176 -3.49611829548857 -4.65512419384891 -1.93390284728482
4.47687748977097 5.99152316487303 1.13781502234893 0.0554156697186632 0.532104670333704 2.64452508217759 0.851695808166225 3.42812056273492
3.51518499699699 2.0623822096546 0.499668612623108 3.87343123876241 4.75610942931163 -0.515424122060425 1.86480235900576 4.99565131554147
-4.02573414696656 -1.98480449829437 -6.92657713398472 5.05498661191403 -3.9995313547575 -0.347826284996561 1.5660670389793 -1.21882290360363
-4.29085677994317 -6.01587003236588 -0.673528907164965 -0.708514172887161 -1.97182989473723 -3.55546306541223 -2.32326119621702 -2.92296565514279
2.03876660543229 0.890383114609198 2.57080971028922 3.07379831419877 0.767912189971248 1.14915941863755 7.54211753700813 0.476322958623353
-5.81332844658997 -5.34842313784216 0.0963489403989914 -1.32112760343637 -1.71960538111163 -3.38978038171899 -0.859310811985671 -0.265019218120843
-3.34713167010051 -6.5469440146082 -3.52197333430518 -3.99281400054921 -4.52132011246275 -0.549771508354505 0.16146159243715 -0.919531588641974
5.55577654831246 9.35655685966759 0.702128479214435 2.48253764350497 -0.523566147481064 4.13349714526 8.14155348852206 1.3316219504767
2.45447809131874 -0.903890097504289 0.802323639492006 1.77507968249977 3.94949641145888 -2.5400660626649 5.25064119403982 3.04345103029726
-5.21303662707537 -2.41579453293339 -1.53340059732907 -7.37436658038707 -3.22389597244654 -1.21905992660295 -1.31041942292155 -2.35245721548735
-0.668277833194401 -5.61482223759546 -4.86132119343827 -2.01414301856837 -4.68239934029196 -2.19558441489452 -3.118643931688 -0.299594727493608
4.46687830135268 5.97751184157845 2.04145262783466 0.348268393879107 8.01075988389876 -2.85228017878183 0.55400136185219 -0.00331488689118808
2.73210308174375 8.32610267566791 3.09915076787767 1.85022969030808 2.33437999271306 -3.13537746352041 10.5512591433532 6.45016715339267
-6.00066437652681 3.96769308688861 -1.23579065656926 -0.339679377656178 -3.05440582434233 0.201121185784134 -6.66066960876391 -1.94455521465616
3.17387751656333 -0.290416097627487 1.89075533417718 1.27323064919268 2.50104937978363 -2.7481104968062 3.78035636682956 2.68576333419923
3.52889218844515 4.44132067850303 -1.74564865160595 5.74491112968748 0.207691036005758 2.45821244653275 5.0801197607576 2.33598722861127
6.10638822108371 3.32768784108094 0.649071042797646 0.212380583980361 1.12901365780152 1.75593010849798 4.57135531927431 1.53003059257252
2.04461712240267 5.81642437294694 4.32737783159992 6.82943657021982 1.61405292887386 -4.25420220124574 2.42523535298715 0.0190121254753177
-8.79618159128334 -1.62789383924683 0.465170215474324 -5.11167541041237 -4.23861894638146 -0.171408331230798 -1.34573160081332 -3.57240518942071
4.11401552782581 3.45616609451334 -0.661836293874854 6.25353875377739 1.00105759084506 3.8988298744299 7.8510117026384 -0.268265144571569
-3.60951106541676 -1.83951647268089 -0.627492453531819 -3.2279593164042 -2.87027841041938 -2.42831215961089 -4.03458197482319 -5.25060371068367
3.01696975081305 2.52755348691454 1.16776445223195 1.04088960525688 4.46408390741473 5.01648046272025 8.63077876658848 2.49869603416827
-8.87405046824806 -0.118657264162594 -3.7827814435038 -0.102312001642266 -3.23649890904632 -0.860172595317742 -1.61985364713191 -2.6309886176906
-8.44590330315006 -5.88504675333742 -0.556176417592815 -1.99410085079377 -4.2988138896543 -3.84117878102594 -4.53111997528974 -3.7369010627478
3.31404561114355 4.11458506472951 1.57667954254788 -2.02353445238848 3.26969208460438 -1.5287680299305 6.85644861810733 0.854605373868064
-4.21120595795055 -7.48822515429024 0.110328925944258 4.97799000062242 -1.17106606970471 -4.20268697281001 -4.47533943892024 0.0100604338104282
3.58683665607945 -4.04617795397851 3.01706996063247 3.83111157161691 -1.51696349541642 1.46119082547279 4.30404051894698 1.28726559919394
-2.40129353269742 -6.13334166821211 -1.2996465707309 -3.92378959012262 -5.00541937575121 -2.63945037600188 -2.40909752901126 -2.57683758520447
-9.64160533786445 -2.8986740332658 -1.67495012952835 -6.0101255848661 -2.67849875987942 -1.42381285813324 -6.19096436885584 0.877885273089274
2.37978973157362 4.51145959831552 3.0377380547466 1.77936486362364 7.56591756303509 6.80423597263041 6.70278309102754 6.82984608811131
2.05400096714498 0.216142560676154 -2.04418717204277 5.9312263529031 3.49352693575212 2.51799277391992 5.00152022132914 6.08629530973906
2.94022590351785 2.05990299340544 7.78220940065967 0.292361986594143 6.32195096849108 3.53378088904123 8.55740426691261 3.15379357338235
-3.11380389473721 -6.6255970399336 -5.16013436760826 -2.94224930642075 -1.72779685674986 -2.81746110549587 -6.50554782744047 -2.08382943703926
-8.28703180037199 -6.52322067984669 1.42925586949555 -1.75782062633426 -3.70108571235105 -2.99513163433864 -8.34354462888406 -4.41908815376512
2.48599046397858 0.705891440072318 0.69429882989581 4.23401986124686 6.0812443157505 4.41117502082497 6.27656847742046 3.17050659016711
4.10370303895673 5.4413519971232 0.305705697231329 3.91305558156715 5.33582277599676 3.96255219151468 3.69057543281003 1.97602181001027
1.46434147824136 -2.98224729650245 -4.85063336638955 -3.9809113307409 -3.72354715286258 -3.34270961825388 -3.55814909622959 0.533803068431426
5.85656033222313 4.08488905638494 0.887090994839391 -3.45299800480587 -1.14744765684873 7.77829398306035 -0.148319621589279 4.00011579268884
-10.9969465407566 -5.84873525658509 -1.92241878729402 1.22284618421538 -7.25152743190852 -0.769179879501581 -4.22024875285435 -6.97613356800786
4.31016136571116 1.72008841329937 -0.480440353900743 7.63544827877474 3.77430964051425 -1.04235981575151 -0.197376292852767 2.10927798315637
4.22138737877816 -3.56924754555794 9.51008798358286 6.81217278283399 1.91901177680982 0.211993431568396 5.13260218439944 2.09737430796867
2.30774685720459 -1.46486454695433 -1.47247344918365 -2.87088652093245 -0.940846032233684 -0.548273939335391 -3.55755581826881 -2.9677043330603
1.54898052989359 0.972607148924573 0.48136217184529 -4.17567750719298 -3.53174273048076 0.525771590468409 2.91353328582938 -4.8056389535188
-4.22772006995943 3.86271049028778 -1.81347071951432 1.82513166828187 -1.46215004837678 -5.71609444950124 -2.84463460247342 -5.17674281893595
4.68646647762125 3.8162968171019 0.223479083656302 -1.26298020970147 -1.94563905521834 1.00313053791045 0.890215108606475 0.70737592713583
3.45543912290333 -2.67218184983105 -2.01180234995956 -3.84883687005488 -2.36534935818171 -0.209925327315395 -8.16572515040327 -2.77115724653992
4.79192590680655 10.8508201635477 0.843562049049775 2.48875326631406 2.52016666618027 2.51064083902804 2.66647101205796 3.72459212425517
3.86477509938276 -0.0590099082079667 5.29754391874029 1.05786614579445 2.8444058131466 3.81734664258302 4.10618002589314 3.73618445930143
3.08306810673739 0.779022502845931 -2.17190237063131 -3.87493363024269 4.55722830295982 -1.92844735789428 3.03814150963691 5.1753402184528
3.43025723907057 8.96148220744285 -1.81458920371995 3.24386451146977 -1.16859191597514 3.16213313660925 4.43797918399887 2.06533459829902
-3.05619566247735 -2.64100684653352 -2.11108801143705 -2.5783453587051 -3.16360015373997 0.722775217859205 -8.20144535725112 -1.30745577700492
-1.45479766861858 -1.65287440007921 1.76366081529911 -2.2258831832671 -5.55783691825679 -0.986397880599007 -4.36406965795265 -5.66870184392723
4.32427085930166 3.57588900000395 4.16593069559002 -1.60162601873773 0.96599272779673 2.82309402348343 3.52361710005892 0.065750432469458
2.49589211008438 -1.40371256532185 2.05230875536345 5.73250105820942 5.36961702638703 10.0383888484338 1.49498600944617 5.9586864544243
-2.48824539950683 -5.75207653703871 -0.489535049813167 -2.49822014942554 -5.16159512560249 -1.98421544242974 -3.98564804681473 -4.45953318578866
2.34319367893298 -1.70691764691616 -1.35045054238341 -5.45794482452719 -2.88564135061362 -1.03724498371702 -7.10871627025923 -0.172123225277227
-9.12313719329797 -0.75375862508876 0.0215858969554714 -0.939463094987829 -2.08872040996106 -1.99378809955726 -11.054798026183 0.343304405018023
-7.35078653595925 -6.74943240272151 0.730927714081298 -2.72300464417993 -1.55957537771831 0.443828649489637 -5.04332917369555 0.6766817447337
-2.66442858296423 -3.12101491173806 -4.32339524274261 0.15183476724304 -0.975050767203541 0.502070662451935 -9.27602498829554 -3.89322515047101
-3.76970589455565 -3.87739046042609 -1.29576282043141 -3.22276820662824 -2.15507245260756 -3.54175600960067 -3.37287581669954 -0.125051229485536
3.14732968949546 5.91617314718971 2.76980833431294 1.05004359584112 1.19373451870376 1.34090285141254 5.7085063419716 4.45151919121801
3.93201945654911 1.47162957606588 0.213144333449769 6.70531765875651 -0.0576903733657952 2.9987566743186 1.18617249680481 3.57641424232103
-4.83482325999031 -5.25497981748727 0.0481528976558572 -4.62970376119303 -5.81256703046062 -0.0313377630159883 -8.83536330397888 -3.57776610396498
-1.61149123483514 -4.98259630090201 -1.47654717479728 -1.65449713303469 -5.99919839858627 -1.3684425656306 -2.46306773659111 -5.87803494832803
-7.00258563384665 -2.13028637424679 -6.63779772143952 -1.77547800029033 -6.01791215235385 -0.962956959729841 -6.02048515830103 0.0853874949501896
-3.4434460775237 -6.94585996417968 -0.777044489111035 -0.57139297048027 -3.04080189097222 -2.42620052271335 -3.74510823249918 -3.78377876750973
-2.1607788886326 2.00093538097658 -3.3702213965734 0.535461608893913 -3.5256795705153 -0.660266127820182 -8.709222862187 -6.45256645486927
4.40847707415633 -2.35931695442912 4.10091295113917 0.277486424464675 0.660680366631881 1.81589585756588 9.21580635692305 5.36169911560298
-6.59419106513056 -1.03145923563325 -0.185914034611682 -5.9435250929124 -4.43964382562164 -5.73676605807099 -1.48432163159605 -6.99469542804497
-5.50707523591183 -6.5603244375421 -3.37294088565748 -1.02363583750425 -3.49685236804012 1.58849936998112 -9.35504141423861 -3.56181292880298
-0.157981394307002 -1.61225244216978 -1.26097483647611 6.90233391009216 5.96640133441237 1.16930881690406 4.27636729891811 1.64735596294169
0.065299113544238 -6.5376903430897 -1.61548441927816 0.0338813037667065 -3.72804881244619 0.42821948217093 -4.13889138659254 0.45180926704215
-8.43952290117527 0.840491732393198 -4.37377411899199 -1.32987844831798 -4.33714024781195 -1.17732457973146 -3.57597738655235 -2.04850539163242
3.07602850657271 1.76870733963397 -4.92684845077983 0.387389446271329 1.94272996685183 3.05274957923285 9.88429369432907 4.17461033134594
5.873436682287 2.12457189670258 3.77417953592981 1.27041334101306 4.39197049540671 2.05598989478294 5.44225520758364 -1.50971008052386
-7.85416723685396 -3.69205976103512 -5.9123934850907 -3.0286339806639 -2.34244133393708 -5.09856635196655 -3.9158766791183 1.18438377751108
-3.46179147488596 -4.3177518157779 -1.00923299578099 -1.53629838551783 -2.03732168411381 -3.27098898894542 -6.30882547182616 0.759535702525937
3.19308993736554 1.80180016178705 2.8381874389373 -1.4458985587527 6.38986892251004 1.38384961908693 8.88015680055123 4.5112835906319
-3.85634114321788 -8.08044549725919 -0.937668048419647 -5.12046180545554 -4.88126273635319 -0.554443267271799 -1.68255664615042 -3.72856938615022
3.42526630799644 2.39394223297049 1.75694145461869 -0.0943076093511395 7.28768664210527 1.5061332578209 2.48451868477846 3.35782797374422
-7.70431599492489 -1.24603554543718 -3.58040840013553 -0.499694351559512 -1.52183018314606 -1.19911718340792 -3.38335592413102 1.49358681916041
4.9598683485722 6.1272939670523 -1.00262759366864 -0.39433918312077 2.96086087933911 1.26374023898736 2.48172261858825 2.4897985237721
3.45867084309724 -0.129679799905067 2.97011874344697 0.85451893889928 5.1067509095349 0.985856265461162 4.33117917672368 3.20002957697933
-3.46518767757824 -6.13567262972298 -0.0179594399505409 -1.79300719493006 -4.46768465210414 0.509940881929177 -1.83272311970861 -2.02088410939325
3.80468850588078 2.84327469915602 1.17833066275983 -0.795449018448842 3.33728547629282 5.39417230661918 7.3732181457564 0.980912761287309
-3.93634962807311 0.0723217407850658 -0.42515199002075 -5.53620699495605 -4.48171966868603 0.553770378125076 -4.32663844177749 -7.65710474079592
1.86815831846285 5.34224399291741 -1.26151239026856 6.70695304209674 2.78044998150615 0.643162384487187 6.88495868797196 0.127095992197635
3.84471049186883 0.532175715444848 -1.41525809338584 2.44516208702161 2.65764766192149 2.78084375583869 1.68388195859329 2.83641866775191
2.39537429753874 5.08500197336572 2.67813844849015 -0.00968358672724046 3.92975549417759 -0.990926306092265 3.88879109037493 3.03299497143813
2.72049298606731 2.0313904018925 0.628043342196161 0.326771611724533 3.36699244906608 2.89432210531329 8.86023007903392 2.98235721133448
-2.9561299173998 0.684101456614373 -3.08674706779674 0.110966894836778 -0.459817761035612 -1.56410077471785 -1.4523251147843 -1.27003850826505
-2.61991305873919 -1.3183388520302 -5.77988803811228 -2.68790701667284 -2.87709593413044 -1.65821249353025 -2.23467137680799 -2.22340447093344
3.71114072830868 0.882050648955274 2.24549280814731 6.53701200269287 3.62676870492085 2.09088951028876 3.42335788854419 2.51586146907698
3.2846314796688 -2.70568706817941 -0.0609019428025912 -2.57514810385699 6.30789731080672 -2.47347000668407 3.01968889940686 -1.62480314675287
2.45618411238643 -0.132654216701682 -2.85600480389679 -3.87148681136825 -0.492670586704273 -3.13789941572172 0.716878634823729 -0.589625398788715
4.92500470316673 4.42442486488745 3.55862240520711 2.85392184324854 1.13204158576628 4.1526675575816 2.77618045803711 -0.586961134516053
4.17376074719849 9.31507968786574 -0.176681535561671 2.76952453037549 2.85741917408225 -1.74565767025293 3.79313845632447 2.88841590088704
-3.40743849005136 -0.216958625992488 -1.62809916672083 -3.72810940569546 -3.8913885146543 -1.1412241142625 -5.62808248246513 -3.7509295338279
2.46677866933531 5.97488717141784 -1.91116607183602 0.615832264138002 1.60031077842173 0.950407326114605 10.1200858552267 4.93440106643734
3.05568787251426 0.313419731833004 1.44660477667746 3.30619693489402 1.89431331779566 3.00151534850782 4.17918901314961 3.1262097541935
5.40770259860523 7.60877585527601 1.48171688009448 2.17920783701945 0.599530687343788 2.13821569342293 2.10884031084258 -2.15154141596454
2.43290799921791 1.67317956222181 -2.55823011951788 2.07237795823695 6.02392657917016 6.77114398958926 3.62732881732211 6.47976724233911
3.76091652873638 5.80101034863119 3.53932659947948 6.80071701858434 3.56704042773456 4.60115273078976 7.1827766586961 1.47591482182002
-3.68698655516568 -2.60708703277088 -1.48128131036884 -5.65858147923919 -1.64787865961221 -1.61979884614062 -6.19467882051641 -0.249778116211013
-2.96399927996108 -3.03246325475609 -3.47319085272166 -1.9846254734981 -2.23007928437098 1.28662638801253 -3.42535201132061 -1.8663110512518
5.19009845932685 5.65561897224516 3.6276989911306 1.26372187823156 3.3572494311777 1.57823422753856 1.0728388721613 -0.0232516325739391
-1.09826204170596 -9.31528554014666 -1.31767492963863 -2.92942839433788 -3.29182622545727 -0.282847196004435 -4.97308758420484 0.668943536859595
1.32424992142644 5.70935526273058 1.61572805923999 2.02052284359135 7.57378441191275 1.25117454039147 6.54944703066196 1.72898444623449
-2.20490685679941 -2.59325168655284 2.46979725085139 -2.07916490416436 -3.30742949736152 -1.8486893611068 -3.62406174714589 -4.58654191182057
-9.43543589478252 -4.38779734813651 1.26853407111331 -5.23662591576291 -2.36695804704434 -1.54466890927195 -4.7466661135159 -2.31239545259751
4.13141554774186 4.69698850893254 -5.09301920905258 -0.11651684386638 0.0217204551433814 1.17618781816485 5.24283450652436 1.98826708541815
1.30218325042236 1.8753558711859 1.19234987541891 5.55886502658983 -0.271901773434394 1.77696242960775 3.96162508476245 4.96536983709058
-0.979647792061121 -4.42202413514091 0.339525582116252 -4.6658443723001 -1.78004597486651 -0.421434204179357 2.3533784079995 1.62767996865021
5.89882168204055 7.98952810028586 0.808095272590305 -0.781581719763633 5.64462120851706 0.43776426975179 -1.25271525813939 0.387190344634099
3.34855570385856 9.50255782356984 0.202343217699239 4.25816745708631 4.73463409272356 0.60212449484178 -0.715056201590193 2.90380194688308
-1.38952399914193 -3.10097892987098 -1.42236599085579 -3.0370568697037 -2.4844823089324 -1.10850746189818 -2.06985689505388 3.41824222896969
-1.25854854841151 -0.711123726855588 -3.47035805998301 -0.375263560705729 0.882638951155762 -1.4787475811898 -4.12109476870181 -1.52735776203272
5.64258053789663 -2.02782925216123 2.72504568782334 5.11338779804385 6.11645865242122 7.31868951807261 5.8522496731506 0.699069373180778
3.30782871705139 -0.0127015519307521 2.12588000223076 1.97551007256598 2.43910780345013 -1.92996480851798 10.8868884296764 5.90201952276335
-4.48516556705674 -5.05431633040779 1.74564543732206 -4.23539544748197 -2.64288604557153 -1.90851380857348 -2.1116364853611 -0.123392608481776
-0.395576354539695 -1.06177487210206 -0.569482824049561 7.39054075443084 4.60022953161506 -0.641521143135412 2.98418836466447 5.33146906697857
-3.63300377095236 3.48771354504999 0.617002768762342 -0.68349143713326 -2.28514528433537 -3.8771658667239 -5.57162656304207 -4.90988362076266
5.53112366795015 -0.37352175328194 1.49322795276334 2.94042095494422 0.0702158972192577 4.69762821794925 5.28812576481386 0.839117468755104
3.31429630929902 4.24068050348244 -0.282741235307593 -1.74866077935923 4.69965813381377 -0.00796253824573134 1.08651865899853 2.70155946455567
3.32444181689316 -5.79678198233322 3.86801648776193 -8.58493389670346 -4.07190236659952 -1.40078575724448 1.95554292445091 -7.98694806266433
2.44074289876388 3.84620395392833 0.709162426055344 7.1799396091044 5.90571071857173 3.16885274780256 2.97955717369929 3.31428316108194
5.64450843404868 -2.41642377003256 0.0880193665522373 1.00152664745361 1.02803758233626 4.03589790467362 4.38871825941271 -1.26012586885919
4.42389304082722 0.340425542980664 7.21566805135173 4.02365074208151 3.99139390813901 -1.03833232575938 3.93713517799412 0.920694904864108
-1.70044544557819 -3.84097724329781 -3.76985270769544 -5.64970536762274 -6.14791396998825 -3.13232803292376 -4.85832324863592 -6.1862123811696
-6.02825979105736 -0.23509398059743 -2.82467092961723 -6.30305991079925 -4.44349282168114 -0.476484187014266 -1.89518506602196 0.424602028258371
-5.0756332002114 -0.612926669802553 -1.19176187219658 -6.79111884381713 -2.40770341048659 -3.87416646774178 -5.67283181853724 -5.83817458348503
3.46806852301601 4.15746509853778 -1.57704041068294 -3.87550027477265 4.74666459633135 -3.46255570178042 3.08814961234709 0.386274100409398
0.396209114345669 -7.63211876830529 0.648499556567518 -2.76250508280242 -3.96193890381455 -3.32938596178003 0.883732112710789 -2.86796094385027
-5.50675319998863 -4.35385350627691 -4.84637355519601 -3.67646052513961 -6.62440700246222 -2.68813259401316 -6.33343059459873 -6.48238932142677
-4.64367119094861 -3.1173358730025 5.56170792741719 -4.15635503672611 -2.05947646059245 0.0189224291008532 -5.00394462359014 -2.31419040926373
-4.7217775760115 -2.42319300821963 3.26483664730187 -0.0282274054325438 -1.74201946464082 -1.58253849478528 -5.38321823808362 -5.37827510495902
-3.99714832894775 -5.3967560365352 -7.69076496860194 -5.33870758509009 -4.60136978082188 -1.49441239694751 1.32830228746542 3.36504536823628
2.49011182500957 6.05270124054411 6.2696967901738 2.1550987500343 1.83890865935793 1.22564877531448 7.81224200018428 3.88066464470093
-1.3749563020973 -5.33220455866405 1.21613616592059 -3.70598807908165 -3.80909169393176 -0.302128266900752 -2.85705195047042 0.0623016427863039
-6.61692387918352 -3.20453386735317 -1.92911527355599 -4.33432803357038 -2.10252644737191 0.984726248554781 -4.10640759247264 -1.9225149835028
-2.69854606684722 -4.96337816391346 -1.6867143455353 -3.77989811709329 -2.43561265802622 -2.74313505972123 -6.45741726806446 0.00935851779860464
4.9322689087037 9.95073217806653 -3.14726155637095 -1.68561966681996 -2.10258240741228 3.28452388969925 5.86086217085573 2.73028729224151
0.94384269040193 -1.67339258006774 -2.19262996318604 -5.01395238200448 -3.01756794900193 0.992175018376064 -5.06653955397213 -3.60654843171708
-3.11485791083035 -2.36188638912274 -0.545861678879743 -3.74819200065173 -1.23580780671187 -4.16768786493355 -3.36398882377903 -1.57577388239337
3.54018879241589 7.96734187347625 6.43937615428092 0.483125983065272 3.80573302169083 -1.63351422925534 1.90896868532188 6.32943083278468
-0.529771743520446 -11.2361534337781 -0.36809681986413 -0.171981482231854 -5.41970073105749 -1.05132485765471 -4.40223573419246 -4.15059724770025
-2.97854856119368 -4.90958288616013 2.92179784672751 0.644296108579268 -5.12404635322212 -3.02173740480714 -1.04370687685299 -6.17933294527103
2.53862083874596 6.61009332848619 4.05860206125141 5.20165607996421 5.41100194041484 2.53723712257053 4.48819580385939 4.17481880731059
-0.208647129051164 -5.09138678997178 -2.51695537401234 -3.83498147739801 -3.75993789999406 0.368717729475572 -6.25962583285403 -2.39136434642556
4.74799989174963 4.10356319601086 4.31061988634191 2.13931564745039 3.7064541605355 3.88317173784113 0.83971062409036 2.3025358772523
-2.98053745922234 -4.24380344902302 -5.9922577525749 -4.70105004163015 -5.28737611404345 0.285793298144158 -5.9816211825814 -5.18404301532922
6.02233526879098 5.20887087600868 6.3691060336319 1.4804286094189 1.58540111869201 6.28634443126851 4.03008304229101 -0.0923787563408047
3.14319566500776 1.29589882611441 0.682235653502314 1.98352841542516 0.683723970722713 0.377309992833612 -0.0737824477326967 1.87723241162465
3.3228326855614 0.667085884429324 1.18591641494771 0.337000627057343 2.07892877908024 -4.18710636395655 6.60689025145686 2.74149472109921
-4.70792227274865 -4.01169971653503 -3.09093715904339 -1.69455052888904 -3.4358494562941 -3.93015215048722 -0.138554038582104 -3.56979595786837
2.77656542686583 6.96119951166097 2.9074990140447 5.9782284268022 8.67683607349311 0.508955810192039 4.69569170398556 -1.30441848930576
-7.12973696429034 -0.699303147608609 4.01423547498598 -2.28006281313496 -2.83507737909534 1.77139748632754 -2.90357037727166 -8.88553667793842
-1.27472690898993 -7.96101723668619 -0.383464652779423 -5.34322792532994 -3.75125320336971 -0.2294640230312 -4.45439393661463 -1.96935152968084
-3.27608577252557 -0.337864872031655 3.91855065634172 -9.67839751464514 -4.15673728135163 -2.74723376215514 -4.91060601475677 -5.07679509910487
1.20653621541443 4.08956785186849 2.50432306729804 4.43531274469211 5.20813716599696 1.2781743865436 6.49387396211861 4.36511026935639
-6.69800426137156 -3.40510097830503 -4.28348447030362 -1.07259483922828 -3.3729091253153 -0.524339494385534 -5.41655589992314 -0.878629529628221
0.433891865731971 -5.35682548703721 -2.46963403320644 0.178680683208096 -1.52840406673564 -0.727309634391051 -0.942038395274894 -2.92676974806812
-3.09435122762943 -0.253861076601676 3.11323917660112 -0.245331107007337 -0.19167357944916 -0.408414384007325 -1.92221299916746 -0.473055697513199
-4.51082678617234 -2.51406902484003 0.51677819273369 -5.58802660985356 -2.53585176353454 -1.85003257795836 -2.39286875557111 -2.13844843552368
3.03004063162048 5.36504803684836 0.362294375036053 -2.27596120961615 5.58831010540796 1.64155541982136 6.89142046444894 4.08626038297578
2.75897053200523 2.5696913195445 -2.82562924873674 1.89790140282768 -1.33709477557675 4.07908238615305 5.1234654869828 3.04672968566421
3.59570926874847 4.38491607386768 3.69483755817033 1.02355704428433 2.66168307437843 4.15512609226311 5.49025604726408 -1.54806599535754
-1.98586486527297 -8.3123786613854 3.6607174672462 -3.03116004346686 -5.69881299616571 -0.818630354936461 -2.08065846217501 -1.48692010970312
3.49650394858467 -2.03457341445253 3.2557100743566 -0.935644629967173 4.3340880423485 2.9477019726729 2.04149655542879 -0.296573616185925
4.28318851520618 2.44787435526633 3.04606751405158 2.66030643484181 -1.82679791278487 8.00357011129122 1.86734956292722 5.91524311164173
-3.76839227899619 0.284997076775809 -3.20314265202934 -3.13619984269811 -1.78338641805166 -4.52673135336597 -4.15877786401025 -0.628898828765459
-0.247656918611722 0.106246845696789 -4.25670411038232 -3.85197976942882 -1.19540500647626 -3.1992457194123 -0.43427564179394 3.86086776374993
3.35986031703634 -2.16090574966156 2.28919273788534 -1.92784212767158 8.12921040427343 7.01841316843767 4.74452110908312 1.08137782079651
1.93500746087684 9.48421754412903 -2.00220676798531 6.65675669332782 3.93257680748907 -0.317257867021909 0.941438377184322 2.37204922328785
-2.5008694609366 -4.29818634401126 -4.44486922259243 -3.97353640831845 -1.97388489286726 -2.08525796485672 -4.06945242428753 -0.812679004400487
-4.20136880611235 -2.84595656525153 -5.93382582015369 -1.8446843601216 -4.32404362387787 -0.000629766854962854 -2.7768936176976 -4.77652364712021
-4.83933393474466 -3.49119816154139 -0.355704360487491 -0.943128752683182 -3.8955356461055 0.299594429137021 -3.73746183426017 -3.50147163801704
-2.72967452727635 -3.82732302060316 1.98982592861814 -7.99135359343075 -5.15974493803255 -3.66503226709214 -3.3052565920934 -5.74048071182017
-4.48579849486165 -0.117312744611844 -0.640263212904076 -4.87580648424626 -2.2090171230896 -2.14536894496511 -3.04789303175895 -3.10022125004616
1.31083180427695 -0.0442991372942099 -0.313686531060847 2.49772883665957 5.52475408749438 3.804226208785 8.24024563722254 4.15879310412974
-4.36253821060868 -0.447409894389024 0.862539612585314 -1.20500208069998 -1.27182990189624 -0.41345714123939 -4.60465761027988 -5.75586684133239
5.62627403836119 8.72415175463497 -1.01202934051687 4.88674082093111 1.90633884147717 2.26428574213322 8.65333138513341 2.55951886687993
2.92974900907879 -1.07353352120994 5.22257743447697 2.65940185238041 4.8257290594525 0.960237035879695 10.4498972186247 -1.91850148000872
4.75430253710952 2.48440406076069 -1.34698864160313 0.874886648367972 4.36600760425473 3.42625974060413 1.08206662445847 -0.136680633244685
-8.20164030385901 -0.670124396499943 -3.3993098238408 -1.45574918742126 -3.92807211953005 -3.46941691010928 -1.5179498121737 -6.18124515379559
-2.67864042963425 -0.905588300026805 1.01828131377846 -2.52889363916359 -0.17873738261961 -2.24736134910664 -8.3870716581881 -4.42910787428521
-0.600277317936595 -1.05118688121791 -1.51617124594019 -2.37543547965513 -1.00357670755128 -0.43575350032002 -1.36125990568463 0.0889994474276978
1.61250523822001 6.08593850008871 1.09813213908661 1.69995856884196 -0.962915028119416 -0.525425660743708 3.30157232608556 5.38041306636807
3.90063470968995 3.00076631899057 0.0201146388322879 1.05065803205504 4.2687138080174 3.42839186208187 1.13486649310233 5.46606816937602
4.61912401661457 3.21268718203692 2.80295651684676 6.96720632456225 6.14233367835977 6.1673089440832 5.16868406660287 3.05523756882546
3.318971477228 2.11577997989389 2.91725681558635 8.04024694056254 5.98002828247791 4.06080876658504 5.37975530934315 2.69366558687088
3.03452799255044 2.4595951843954 0.830614484177262 -1.07923566914066 4.22183567530772 1.73521804672887 7.79185842127441 3.13157184095226
4.13356371144623 7.03705342484175 -3.1208453956188 -3.22189856417538 2.69917129855766 0.977739033288262 7.3794619775278 1.39130989632311
3.93496511520162 1.41950794504503 0.355330643153727 1.75735395474639 1.08963342982187 -4.16970463296963 3.6452016892041 3.76393208422124
4.7100318026357 -1.22602794563004 4.2921256180187 4.59354572174984 -1.94381453941768 2.77713973991774 1.43230064288129 0.397109798679896
4.26138365817258 4.1196580619425 6.07697138478454 1.48020783340034 5.30076107525194 -0.378141171523984 3.28482346885197 2.94434918073534
-3.81042855020179 -6.91232860423665 2.71229915485792 -2.41684469526233 0.327614154867702 0.954302872146012 -6.31156008076438 3.1254107103883
-4.97971841111431 -3.85917559832755 -5.206818202442 -0.37618078700448 -7.72255514135463 0.781729005596354 -3.98023932841155 -3.29502463390218
4.25831794204998 2.48575519225066 1.54747656371541 4.02268648673123 0.275721015603743 -0.160176892984585 6.78001987188925 -4.14829409144875
4.94148624427172 0.790386509554465 -1.58611649785514 -2.26522366660138 0.25315928772074 -5.64480436645905 2.80566224113443 3.6510842249166
4.62471949548344 -3.21809646183113 0.67257580178395 2.00619678891749 4.61167633945591 -2.50425777973402 6.85045763129384 2.47111763953803
5.90957826459026 6.44022712716926 -0.59111149215006 -1.86695064672452 3.96326636042276 6.80190519420773 5.36217763164064 0.120388393998302
-4.36263711670009 1.38395833346016 -5.10400009783077 -3.47797289997039 -2.49268188320064 -4.28519126670458 -3.15678502838725 -8.38160681644387
-2.38197884582842 -2.22780309715472 2.36413158410781 -4.81084527491209 -2.03520423796606 -1.37878086726406 -1.71981655373603 -0.29986689750556
2.75156033563656 4.13175483783716 2.14827247891643 0.711602702951001 3.5890528654368 -5.46650820912954 8.08009422288146 4.56810971133335
-8.01141948410745 -3.14145567849098 3.27720929974702 -3.77345766891139 -1.88612968185378 -1.654446941139 -4.69964861831743 -4.46463482379667
5.65715442235869 1.74794483876033 4.17681100008407 4.71195671013734 5.19345705020553 4.30685713593988 1.16837330420045 4.53189778284375
3.23147540344151 3.54704121274378 -1.37942090732067 -0.427869773376597 8.12727928001166 2.09448005546328 5.8055030132419 4.81443362117866
-4.74176686672161 -0.730757167032948 -4.82493438545095 -1.08439401066407 -4.25628230854127 -2.80329056103605 -5.58362592127086 -9.85583386918943
2.42131395948535 -2.39000562624 2.61307689830988 -1.16848086729956 10.3440861726684 3.07071642149813 3.97170952534347 -1.9351619405492
3.25393877877341 2.65691679335276 3.9581758860921 -2.22026273739862 1.80701617059258 2.10045495468401 3.93913584902332 0.416756448416101
-5.55219700173621 -2.87868142193903 0.969948298343353 -2.09073607428561 -1.58523994845848 -1.25075617011471 -7.21997768294632 -0.665610992612651
-3.9221772550793 -5.61674523746341 -3.54429028944857 -0.511955637216241 -4.97441830377889 -1.12550636589192 -6.58865845705211 -5.49064987337593
2.04954869345605 -4.12782439916173 -6.75053989191188 -2.05469489085586 -4.17913934153408 -1.66672185548688 -1.38356172708236 -1.41866665682767
2.26569932492606 0.956160319348686 -1.2667369026132 1.65204869066001 0.0815553313817783 2.87620372790532 6.74971751428597 2.29868383450034
5.75722168587971 0.283805527311741 3.12104554554469 3.22747000688104 3.57146153698314 6.10400686758206 -0.928368904083103 -1.43006585472791
2.09735926581323 -5.20186638544235 -9.11980653698622 -2.60698216955221 -3.99788665575084 -3.86798349624744 -7.10846164625437 -0.947723224443596
4.01904564343498 3.20538247374873 -1.39187789602711 1.70968298657609 7.46848216776968 -0.0259167987916711 2.11165634374785 0.313000134042686
5.82661294012505 3.31205471940105 2.88864429604356 -1.18069202926243 2.25616657341163 -2.78366081186191 1.39258723352574 4.27134536971171
-1.66905915080507 -0.409937176826093 0.622436635081961 3.66930581558443 -1.59068745927121 -1.23333718976098 -10.3904359734544 -4.19167765739422
5.30290883441614 3.31562279553775 1.30539991129467 -2.3873867634043 -3.08507559667031 -3.45383162522079 -2.28170929779357 -2.60690513905319
3.93026233692249 5.96401940429138 2.5127408269205 5.61505954373435 3.65518715608133 -2.65478636963691 3.54076009271242 1.76846882248867
2.63609313063024 6.72841422473794 2.99230376438517 2.04403952898333 2.97847215219472 -1.82970341727465 3.10588511540513 -0.767915007227526
-2.7903348587068 -3.3304056159362 -5.89805186948405 -1.09607638598595 -2.02567609253746 0.493285635049175 -6.7280806365094 -1.11082067138223
5.25702097574946 7.38239995003234 5.83704424650961 2.02744266522824 4.91644888951487 4.78060612608695 3.77833996243538 3.80647005253132
4.69433595468688 5.07608416860032 -0.653557095110161 3.84256626196436 -4.11436588734966 0.385866351175675 1.17198797366664 -0.704830785538341
-4.42675009077221 -5.73744212852054 4.77794352750467 -2.01656899871601 0.0869671128492961 -1.88156204599457 -4.32245343378702 0.499287931930577
4.5590687636846 5.43877962892748 -0.974594786906024 1.65684811101874 2.95298524223109 2.39187528138308 1.99325769103709 2.98834859891221
3.22334093287666 6.7492233077979 -0.461190481412512 5.93775888077857 3.87427680852335 -0.746951563981111 4.30594042686165 2.9951020489528
-3.05852493491822 -1.82270988853161 1.90644625903659 -7.52295696860085 -6.55691572417978 1.40663543107419 -8.18246050335686 -3.46063554824144
4.39162747746561 0.866562785696747 6.61150308568763 3.08304179554162 -3.09801756973613 3.0034187459528 5.44209433532453 1.3335848052042
3.7347545701896 2.69264987133776 4.79756795021996 4.34890660555196 4.49863446160517 0.685324448036375 9.93014537130223 0.831512255083573
-6.37545979709248 -3.13638384330397 2.14577972562966 0.267740177953603 -0.13666563191045 -0.82050754504054 0.84773020203969 1.55142005213656
-6.81519749952652 2.29585437801516 -6.27075947473714 0.830297407279644 -4.2810340229577 -1.92739106574507 -3.47571730898083 -7.58825677155987
-2.72496088071859 -0.301384057540052 -3.21398282124039 -5.14368807185692 -2.05405296512216 -0.370380192459378 -6.00992057093098 -0.267892445180137
-6.6801293049474 -1.69736898451171 -4.17348442745991 -0.0981079303322363 -2.65769436768757 4.14366635650782 -2.18163177115701 -4.94157691643685
4.96198750291767 4.23179714041146 3.09371865863804 0.494113030236114 2.00612535077541 -2.33230642087428 3.4000824460952 0.889739763160688
5.02993585131621 4.42785323561348 -3.23757801352419 -0.411117762827474 2.20395227209344 0.549493652222455 4.00572343179931 2.84896867022456
-0.357238800311851 3.23960567036857 -2.07388922080675 2.55157580930873 6.97896565435857 1.7836508159889 2.48647648160829 4.77084682102924
-3.20132159271531 1.80870594234939 1.76884976628964 1.40050387834616 -5.81882393191887 -2.22559424261149 -3.95287713135094 -8.69395013772368
-5.46557673739887 -2.14496395870192 -1.45346268681236 -3.92760096296357 -4.97997179370907 0.0745697357963098 -5.49672941572283 -6.01144797464385
-5.50622061932692 1.83178330197325 0.463858335681885 0.18863698133711 -2.18621801401508 0.159111691874916 -0.885641425315915 -5.794941315329
4.02386802165297 -1.35611303313846 3.82980992836258 3.4873007933356 7.63654051917095 -1.99003452733359 3.83789628021113 1.06325392784615
-6.36379925162042 -5.13851977503895 -7.11867029435563 -2.36836590047569 -6.88228490858171 -0.578507527361003 0.410876941563067 0.469639030689859
2.27175394453299 4.66343421969065 -3.51515258565021 4.44569087747628 7.90982471221682 2.37645326263234 3.87133104149851 4.44213559379542
3.97744370703213 -1.76454031517748 -2.67227911197262 -2.33473335992781 7.57131993066212 4.6818996001794 1.72318863745693 2.58870712845094
-2.52839988961007 -4.26283638905491 -0.33026550228078 -6.11054141698873 -2.04962416252335 -0.836469221943384 -6.63503381165145 -0.579379896945861
-2.52636674845655 -6.7757868892585 -6.15398905245185 -2.97838685812035 -5.20941005118101 -1.74957487163395 -8.45004903301719 -4.1970310073646
-0.839248290385603 -1.51806319161186 -8.63899919074051 -5.42477267782531 -5.89077960296831 -1.57411975138023 -1.92329380030534 -8.57839656497827
2.23870381542576 6.55509853926909 3.04390449242551 1.43038538929232 8.90988814380753 0.109504657584493 2.09991947005052 4.9062297698476
-5.16072255228527 -5.64020707125256 -1.44388105553656 0.495057181911679 -1.23182741218876 -0.267352596105384 -3.91477714698797 -1.26582795427885
-9.09569980752918 0.225820853359604 -2.98105213830369 -3.09978273530248 -5.7020262370543 -0.207403080892761 0.416768225244982 -5.91890642428785
3.16422506622435 1.76044808884159 -4.26795846562466 1.59310062303858 1.666651829263 6.13765894281822 3.77122417088285 6.46603633075665
0.420037200363016 -3.42879404831888 -1.95029467634011 -2.94002495341952 -3.00402542143071 -0.932538870107462 -8.95026881016099 -1.45336287801952
-0.46309128753728 -0.900158962899886 -0.00247615940038637 -2.48562111631909 -0.478065254119977 -1.35707709389447 -8.9059933132411 -7.02245623136376
4.57662320463885 0.957502435835733 1.21974386051651 5.36326839582006 2.59506950601585 -0.378556523941823 8.7859420966907 2.72043460741602
-6.48736018603929 -4.63842172504157 4.80869604482315 -3.54241168725712 -1.91232534516295 0.129343274500982 -7.29822699438449 -1.3413021418198
4.61577924660787 2.58173158977551 1.84522476946343 -1.55309814170187 0.533750963655286 -1.2064078580666 2.93697442406371 5.25860900349871
-1.74657029420563 -2.15906595003595 -6.4710162352624 -1.88693680408917 -1.14214821314389 -3.3992608751506 -2.75061252214116 1.70988789633071
0.770248319829159 -3.55391839577687 -0.0899403990680125 0.586167538778318 -2.55501792837802 -0.547872590181627 0.867211288391941 0.00856469865671805
-4.07048958829875 -2.00133826657434 -0.732047838220543 -1.35987637482772 -1.46446295471142 2.23030900365954 -3.34358697063757 -0.866335594062599
-1.00873214189222 -4.6303796335539 0.00183146187927119 -5.72713228700329 -0.251849378018654 -1.80889117411776 -2.05955606378429 -0.81834614990566
-5.21663216728141 0.0188301360019492 -3.59461317836643 -1.82733389473256 -3.28227152104477 -1.88881962332178 -4.87140385440062 -4.76634765901413
2.3815888141144 -1.78435768520511 0.512138698974201 8.78228739848974 3.29336494234012 3.93018985170982 6.57508138630543 0.2391162133777
3.06801392413135 7.72716302000379 1.50907924345783 5.84338830039015 5.00082850951581 3.51303488893695 3.02648363111814 1.31194484275587
1.46373803457616 2.04794559536742 -8.15934806650889 -3.55966640029814 -4.34095661499053 -4.80180053912443 -5.04272632661303 -5.36788958180554
-6.99593433945874 -2.62417960837892 5.53203096785974 -8.95398554271224 -0.458841979143883 0.102848132843358 -3.54454527175045 0.218130508382845
-8.12550574056885 -5.76276793488529 3.06854068572524 -8.64291069803625 -3.77103990714982 1.80098674287354 -2.588934156596 -2.74314852937582
-1.67906023841912 -0.707858932696162 4.03271482784342 -3.51571517358486 -3.30178168921342 -3.61509983570765 -2.32751672954976 -6.27325245149467
4.06072165651593 0.275899924198382 -3.65893709911978 6.46574455550205 -0.178017636419182 2.08724208194344 1.97030481411742 4.01045368040773
-4.60852055675282 -3.01728259242948 3.60751245362446 -2.12076252609085 -1.83084225176304 -2.35990207763122 -6.86303356762311 -5.78512013412762
-1.13789584203312 -5.56975622623147 1.41808552664463 -2.27595094733444 -2.70699175247894 -0.637490175840434 -3.2484154538665 -2.62468555418975
-4.02052430512517 -5.7694241074467 -2.23218064190166 -6.75114755659795 -7.09484653173432 -4.16454843023823 -4.78849856926622 -5.70814299687278
3.37018475210583 6.99939059018753 3.45739059930644 -0.428845755813125 2.14727018705365 7.2134786801338 0.132603686867241 4.19439268616138
-9.46427764339887 -1.5286037323171 1.43299574122009 -0.858493721677714 -5.96826608949266 -3.63099430775343 -1.0497686832595 -6.35408575310614
5.561524697946 5.16350852367408 6.48804236184322 -2.51317710688783 -1.41992751236443 2.354321510132 2.32060308267974 0.677175654911818
0.585865296965114 -5.0554251263567 3.13583558869631 -3.10175623533609 0.314841462803429 -0.511336944089133 -6.88831860455922 -4.18383573768989
1.95138439838915 5.7462102527351 1.38825700426178 10.3041186874356 5.58581945818895 6.29530731710841 7.15584648351246 7.25100696287991
4.12904307840386 8.3275528043342 -1.22400778334037 5.16073086775745 -3.88771582850252 1.59728486433093 5.09037854931431 1.20641121716816
-5.07478940202173 -2.53547902853073 -0.180163243167732 -4.16683582069504 -2.18356275138996 -1.42544144393021 -4.6359171839824 1.55119345823423
2.97919661144676 8.58151941024688 -0.654454928112166 3.29310462830324 -0.65252085927901 1.05820677087958 5.95323411547771 3.52313731888425
3.34960825392429 2.49336481021995 5.47333319805908 3.83249545945291 0.256349560251401 1.5270687544471 4.11403586732736 2.22735439351914
-4.47054860379663 -5.15251900568274 1.17977137777356 -4.21128044087636 -2.83163399253292 -2.45088742879178 -6.87886237436206 -1.55540258464408
-5.28567895309243 -5.27216034590831 -1.47262348452394 0.875301654972684 -4.35739029849803 -2.06468818970382 -10.5026005291483 -3.5128784490751
-5.63183923904312 4.10136110387067 -3.56944020497028 -3.83595232408448 -4.51131339977768 -2.03892666192507 -8.6128820891839 -0.943429018617836
-0.071789141332554 -1.31495112210354 -3.89770877379916 -6.47762163145944 -4.27072494444066 -3.23472209769736 -3.75689733701588 -4.53335775291287
-0.935575901254804 -1.65194605341758 2.7835648267601 -6.46906129223412 -4.39748867061224 -4.75591865597853 -6.07510146120109 -3.63738673807442
-4.33582255429818 -2.72333341006511 -3.298959993178 -5.30590462232369 -2.27073290312151 -1.15172073991243 -2.66042208307215 -0.16949095478985
-0.787273127284689 -6.25565341909048 -3.14259023903308 -8.07662171762148 -3.38034045660357 1.7133643924203 -2.09687293313698 0.689762188530351
0.836637147513959 -3.153048517295 -0.0333871600909468 -3.75227698330064 -2.7754353074888 -2.06898010405409 -4.29030823009073 -6.98733871729475
-0.477253611048369 -2.834992629586 -1.82992571861206 1.1811370235384 -1.73886908777015 -2.39865690979782 -0.487485092874359 -4.13328879817188
-1.06156133365328 -2.04985976881554 -2.68805915042329 -0.845359359658588 -3.425409399192 -1.90376900007542 -2.32159344794843 -5.51253342380566
-5.56862815017999 -2.23736998170515 -2.81655964495333 1.4337157963877 -4.33903169940253 -0.43303316085302 0.463473803606274 -1.91908260684039
-0.84775467628877 -1.93444734483433 -1.22038300282022 -6.07767240941666 -2.50157812400182 -1.23936977956847 -9.57094909747796 3.16753531378601
-1.98000290280256 -4.63964080084589 -5.06065370429713 6.91417277380571 -3.93445950346211 -1.40040889389368 -1.31147535285429 -1.48739173696461
4.67942534249641 4.49857370088717 1.85915891696075 -2.23512619854333 2.25561010838372 0.851917698773622 3.58451624870735 1.84618518074536
-4.74014082893423 -3.00181033727484 -2.1428240701298 -5.44136695304323 -3.82663348734833 1.39241821231556 -3.61303793463841 -3.27227792346513
1.97756275885174 5.95563397812864 4.08396994215253 -0.172851265622609 2.49462008274732 0.779086020457698 6.5139491983942 5.68852467691009
-1.8476192712067 -2.59899523416785 -1.85845074076258 -4.85869253894795 -2.22421275820673 -0.289747393002856 -6.07997613865543 3.30784425636092
4.61652862621885 4.05247391640537 2.32631214978089 -3.61272272780913 1.28227443873328 -1.99096881060268 2.91350584454969 0.929915460696672
-4.42312862735059 -5.26502510770348 -0.939538674506545 0.745857679706303 -2.55649510759556 -4.03416720231294 -6.72530598530139 -3.52421495605593
3.958798781125 -0.993048284916988 3.03123927192474 -0.630768062550942 3.70167973694635 -1.51208619350762 2.93875273565465 1.27188296351804
-5.97273937606277 -5.99351503123128 -0.863483015269458 -4.69641681832459 -2.20564331301463 -2.39394716202893 -2.85302553454508 -5.67492647779511
4.19261441058745 1.81288042481266 5.52107520218666 1.54342010354902 2.12715044388596 4.31281415523198 8.94395966074656 -0.815231321386915
3.7610413183596 0.608835325042344 1.61717475436 -1.52718216136684 3.15648538510093 -0.513821798615137 0.743519446554456 4.10914199104426
-2.30018126571597 -0.254664620797822 1.60120308848573 -1.0544728485407 -0.222062714159307 1.40284824158424 -8.64968793165346 -2.79524628182162
-4.02129242505869 -7.33113955555905 -3.31614128193641 -1.89664236248084 -2.0554776067358 -2.13024047343834 -5.95397226999154 0.791974241141796
2.2084915386655 2.66659478195402 1.27473702405262 0.695151550299436 6.86524540370854 4.0145262612645 10.0075989795557 2.18432270192186
2.88665568026691 -0.215255508643115 0.150937630176262 -0.120806475323046 6.18051524263794 -2.37854638709193 6.86950462889523 -0.991439846327459
-6.6587103402865 -5.57605455921065 -4.0275261163264 -5.71120858760138 -2.31256606943075 -2.66952638971548 -6.7403939499538 1.89803337712646
-6.76300161716254 -5.74428068846266 -1.89747710287457 -2.91154981500755 -3.84772799214723 -2.26692245545233 -3.86144523543905 0.83986292630408
4.0032013412001 -0.663291526401821 -0.289976922403237 -0.26556988577328 6.30469124682921 -1.22383634797397 2.85434487831452 3.62801250134768
3.09648861128742 4.6135934635179 1.26387517791544 7.17383608447735 3.59425503358143 -0.151435695217596 3.80125059632399 1.95147127690348
-1.87324066470857 -5.30908331246394 -1.42108936030175 -7.72128669327819 -1.26524522778053 0.74225061206016 -3.87637955067995 1.9958242536642
3.50678295891827 1.715139301851 5.51710463646577 7.371634332931 4.48134812587772 0.203607843600508 8.50779506310275 0.552522438013828
4.68992219931373 3.47218352487339 4.25986359751293 -7.121086228613 1.99646521991004 -0.0875923675640218 3.23259524393777 0.144646219984323
2.97609122197991 4.88034266668615 2.07572949263961 6.19219607010552 4.05732604006378 0.579549857561525 7.18619527963527 1.46837128471729
2.86344365928491 1.79150868138717 -2.8331973389828 5.93408201320835 0.632272168498343 1.2139373559811 0.94268752436974 3.81272903379624
6.21827751924027 8.20893094577253 2.55472047374732 1.403005775606 0.470790686021632 2.91096666928328 0.532946640844547 -0.684949800337824
-4.48985743171115 -3.74510535406535 -3.04121697313633 2.48717520735527 -3.25061752371589 -0.177328939308058 -5.98266687262543 0.431897289143044
1.21377476753053 1.02114777523638 2.45485513485109 4.38873583644054 -0.938873213885393 1.51309865651122 6.18318318262522 4.35313854652205
3.00216868632805 -0.820324858815455 2.64819021751654 6.02030049395456 4.18538648436413 3.90398747814754 5.88600523193333 4.89157179188292
-1.17238444580655 -4.37355534577634 1.93878906622161 -5.55750706157446 -1.02609482925483 -0.284871390355979 -7.76339158428544 2.12743566923803
-6.39787501794894 -5.67727349964379 -2.75107822847067 0.726569046150976 -2.44687581697704 -3.64117340845159 -2.53576056942587 -4.08398661966207
4.13121160893535 1.48831823486877 -1.19758296581106 -0.641579003299304 5.02742472572141 0.763431966510485 3.15297491534749 -0.326306157431546
3.96024065257753 -0.0169749807478468 0.519220982048519 -3.64638282133366 0.630979741953588 -3.12519169745507 7.6198131221088 0.447945017299684
-4.48313360186009 -3.87047799536931 -1.6322327284193 -1.85163467143609 -3.42142702727672 -0.072968319534465 -1.98093971020956 -2.18058234974373
0.729808402953988 3.90306589944616 -2.11991498008243 -2.01593175167081 9.8612178333574 1.48453253022676 4.87940080363251 6.02103956955239
4.52566334922013 1.63150773548797 -2.65900239004439 5.43155446474355 5.45292571187342 1.75079272679371 1.98907858528686 -0.219628803666039
-3.67340386201185 -6.79150085703574 6.0973180019544 -4.36334524311654 -0.573580341736287 1.44454253761514 -4.25405721058175 3.76092933882291
2.3940515961575 7.96111701425038 0.951716217970829 1.07920941232082 7.02203634973028 6.52183017208518 4.76862941678438 4.04512811453615
-4.48418024630759 -2.39170889906594 -5.0492118634127 4.03870902321452 -3.693936060952 -1.06866598661962 -7.5412413139469 -5.42848730538512
-1.99775811815383 -6.56961497534782 -7.84820250646677 0.339125814515832 -2.74100587043459 -4.07359239468108 -9.06223197881207 1.2133147213131
-2.47805124870748 -3.4631330553792 1.17200990283529 0.57858196257841 -4.75812751759896 -0.70991706993609 -5.02518603016003 -7.35604775823195
3.21868903599158 3.76992602940573 3.27157320326425 -2.26300708425926 2.43450677627226 0.736950389743948 1.04562269853813 1.28085610934005
3.57292067245533 3.39188508752733 -2.85937533906413 3.67780228891103 2.38268645273639 3.7820994879133 5.70648062561714 5.37886862625038
2.57636096475325 -5.21898183523753 3.74340671882937 -5.22978727237948 6.05463020647743 -0.168764036244144 3.42134077697941 8.0814522969466
-5.01834686106055 -2.04123945772159 1.93812590238758 -4.79414950759126 0.228521608217916 -0.8522123243076 -11.1964799924621 0.710524417149949
-1.5388950058248 -0.000447158808791315 2.92805186599227 -2.90618593412728 0.528586612919844 -0.543321365131127 -6.10221247628326 -2.16386716760266
-0.0794083827856835 -4.48377379860741 -2.05035925709537 -6.60963952431193 -4.88236582490488 0.842176936330277 -7.95852922681702 -3.11722678998721
3.9376127063382 1.82624950638009 1.4525423304681 1.25928719887391 -0.170383318967562 -1.53635534393703 2.35497071177769 0.0675093982426813
5.77326415194795 7.39240854328235 1.83713868371463 3.51928593519135 -0.899069444414744 -1.01187868501412 2.75222871964128 0.873622997190296
-1.44568901067153 -2.00114782709961 -2.26664900523309 -1.47588233666741 -5.68589653205072 -2.4249002093034 -2.86077487228057 -3.95626038642826
-2.99291288507069 -7.20718150707115 -1.54817814706794 -1.22717214911251 -1.91503929668708 -0.448105071077903 -9.76480573169344 -1.42352313069629
-3.04566793641184 -4.72450975872607 -5.37222248996027 1.78604464139402 -3.23467278906156 1.65418723366158 -5.38909920206618 -6.9271484249343
1.67071747685681 -6.47948171584569 -2.28181954040673 1.51790526539016 -2.15557509076335 -2.95593998240592 -3.59640226912256 -0.00744630409779967
3.91098400471891 0.999144736138048 3.02664514513823 2.35755230607666 0.574416531472103 2.97547723347992 3.71830229128629 1.81821512214243
3.05466936385641 2.64830131991554 2.15338288651967 2.8415286315886 0.663737806663312 1.9285789666407 6.13504838638191 3.5009352658312
-6.08760977286751 0.209947271434381 -1.09240523842585 -4.65928360107605 -3.20242107726403 -3.47604814759205 -5.05574013612573 1.19216066601104
3.86130277458816 2.11531137674744 4.6029532910892 8.23378407785649 -0.134191414803417 5.05751130621947 2.49711533102906 2.70159594105753
-4.75844556628531 -1.98628284044341 -5.24134729036619 -0.468629569539239 -4.45122392526123 -2.07366355861334 -2.56755313926559 -0.982928132360754
-4.58186121454056 1.17866788418431 -6.50121415614128 -2.45937073493569 -2.72362608381281 -0.464797986983304 -7.67432693861638 -2.71083098774052
-1.22738935695494 -3.92943053004793 -1.00061301820891 -3.00315640028874 -2.90764395927349 -1.35322957922907 -7.55633066246095 -2.63818247298645
4.60220558167677 7.58559476798302 1.59276303475124 0.889921827805457 0.560951305748442 -1.0524586240495 5.69430388546595 2.47371474026354
4.62192630152018 -1.27744342766797 -0.787300150419494 2.76785849485703 -2.62268960196538 3.01975573426833 7.54934239965054 3.01953086602388
1.54679187252043 5.53952325821572 -1.80859149800312 3.66585365222273 3.52971856619921 -2.60478297369975 4.03353519854257 0.735468215329256
3.97986686581677 -4.64204260089662 2.510453857175 5.44977269788179 2.71587834196787 5.60599790440231 5.7177032388045 3.43067855899988
3.6273899624527 3.25174791603865 9.02504085506954 -0.203488218994038 5.28183390058007 0.100079462878895 -0.687272101596696 4.70310369630888
3.81178729327719 3.99549552932063 5.55957441268008 1.86873985579452 0.453763204111928 2.88548508086098 1.63592693163726 1.58821183877353
7.38570480577562 4.26337500745634 -0.562174665419205 -2.6170844807885 -0.103837691395897 0.471241243633564 4.13096362812356 1.5859772515454
3.8169334832104 4.47438364769649 0.813545677731652 -3.1837656904143 8.88721455557839 1.26871893474174 7.28134581627496 1.22313558866766
5.19049827852148 2.75217846552817 2.48376089001462 5.85306541190672 3.55065768398585 2.83557052137225 0.924065255422258 2.44839780472366
0.924054595554133 -9.5379819938297 -3.60437305409435 1.29346384678892 -1.01324782602465 -2.72160289082777 -7.26309906288144 -2.26315419397696
4.38228046459093 6.6219435411068 2.89220541467447 -3.76214086346641 6.39697807552359 1.57676927525438 7.95972421762885 2.03439901363083
-3.69095661793678 -2.68758732813791 -3.88503129819863 -5.44470362353753 -6.17600432391562 0.503232464861583 -5.14732946855841 -5.79171195112484
-3.77110591061599 -5.57210796893316 -2.97438812410137 -1.06790788956338 -0.952163560793652 -0.76593412839104 -1.3151323961799 4.01389654459464
3.90506881943444 6.72901052655238 2.60350292217266 1.73902489326525 3.88205935645924 -1.40511912272496 1.33864667316701 2.20080509033365
-3.40364878870121 1.07731620810544 -5.01818730603366 6.20637795895183 -1.29197783391673 -3.30175600423657 -5.06230308181248 2.37463741194646
3.87182285077569 6.76529325213111 -1.92661117537645 4.63263032542963 -1.29335149653383 2.21193191986128 0.934102212858416 -0.0346076310765819
6.79904018489722 2.19259599006896 0.441717800964299 -1.22061941085566 1.52768254248069 2.349657984302 3.30900263013627 -3.54820909150011
-7.7667464051843 0.122216855975196 2.68792132416452 -2.24301888393557 -1.93758194285925 -3.51899571993894 -2.29371037731037 2.21360103398989
2.20919082171691 9.00460457164694 -3.02074226243999 -1.92709268415625 2.21666380752939 0.669589050454596 4.14605914391502 5.50340582109781
1.65866295006942 2.173136704683 -1.26928681072433 7.42085267803372 7.16514305946415 1.31858781611603 8.30372899889408 5.69612316545358
3.03676066615948 1.03753660204417 2.40514126910645 2.50190072255172 -0.102776278506033 2.45651222773493 3.21664224568034 3.44714634728217
-6.60599220890179 -4.47986075829985 -4.64930716261421 0.260754358364268 -5.20877052221288 0.381228369235348 -10.0008477891009 -3.05201688099659
-0.589749676904814 -4.27176259201711 -0.101089591939461 -2.07246574731471 -0.66567268346067 -2.15091810727398 -9.18264762487543 -1.4201471918617
-5.05426518113392 -2.89824465344334 -1.07442587081599 2.29992137270336 -0.0306561295061365 -2.51485797323971 -5.55659420639246 0.669649751847119
2.58363385929461 -0.717922304050538 1.71144612794312 6.04136156597989 0.201640149003753 4.30729139687192 4.9443039766038 3.67580709707243
5.55088653907719 3.75735445116961 5.71846979746653 -1.5406175082464 -2.86098103362293 2.62859963665906 8.19069279706281 2.20651373010442
-3.20539708269531 -3.72826737303418 -3.02208395264715 -2.65525748280953 -4.73348758452926 -3.94670670418877 -6.23131508836048 -4.30335301405632
-4.2526403130084 -2.5575010083782 3.08873926736609 -9.81011246767865 -4.08404093274089 -0.894946782876996 -4.63755834507688 -5.51592850349029
1.88192039593673 9.24250894914731 1.33739939140599 -0.20280062122602 7.66406982257079 -0.699574034301185 7.65781145629288 0.596044589419513
4.24615176515126 5.10378942610888 -0.00289703392862273 5.87519233378945 1.30900787318555 7.27342433939745 1.2662473651043 3.00330186582902
-2.32283342009785 -0.357547606358311 1.14947757113949 -0.936913853340201 -4.25068549280608 -2.69113913713473 -2.58510706344553 -3.80145904109605
-6.78907736517706 -2.06159252424239 1.2215226637866 -8.58426771682743 -4.22236514785464 -1.12005489996093 -5.06808865058814 -4.22447408416088
3.79235101720819 4.88411060225747 3.49780181163265 -0.836489255653068 -0.973456062295193 1.67837259793304 1.89160287431074 1.50862882091721
2.37413564874388 -0.227428934031157 1.72214506055989 6.04884274045709 5.1677250089543 0.0580526047444072 -0.913278693271041 1.41374767783933
2.02615825299724 -6.6499353997363 -1.44207329818665 -7.91071452652582 -2.34412405718459 -2.52084633208053 -0.517873101103099 1.17865529513437
-0.883206457155257 -4.59136416058653 -1.87898040039638 -0.970867853140085 -4.04829657440317 -2.54522296404082 -6.2193543809229 -4.44843407513241
2.398877356892 0.757937706513333 2.61529455060909 4.15019528665095 8.41815175485134 0.197787418617673 3.18596708466691 4.882045455368
-2.74038121277346 -5.48740643640948 -6.42182470436578 -2.97673901307058 -4.36811692341794 -1.63560583857071 -6.60634022246549 -4.23103453278812
-4.26882661157506 -2.49139106104125 -2.21961673739701 -2.22835898546131 -1.33368823933247 -1.80754410981302 -5.54913516354197 -2.96433809059299
-6.40123207357139 -0.533816056563754 8.74713699999927 -4.52097355575128 1.07106649077148 -1.9908909307917 -2.06986478097372 2.80409286774055
5.6252976303951 3.25847001183861 1.20197800902091 -5.76746258393167 4.09437431079858 6.78313260472536 5.34518863684073 2.9074715087089
4.33128809987494 5.74277278381205 0.223957449669696 2.09361319553921 -2.10748887652426 0.703883470739649 5.32823166746366 0.0184977150063754
-2.61581926372707 -2.40971902015384 0.888679998844518 -4.2742758458985 -3.21143953238331 -0.745586614653231 -1.94537376901445 0.12889762932359
-10.0903429657491 -0.688742186402384 -4.71621019655938 -5.66451838429857 -5.85949864191088 -4.48920908330631 -3.84526134738455 -2.21683153729988
3.39814138862947 1.862326270276 0.369920412146444 1.51330753347132 3.30370207598524 -0.708808820035435 3.64682777242186 0.670151516869689
0.444996319241018 -9.06424376562006 -2.75737925685383 -6.31945809514935 -5.75531856000744 1.21410619183356 -0.773575020377213 -2.58318066432305
-2.58147205793252 -0.513621669072243 -1.12466696014164 -4.32934198754726 -2.92655581545033 -2.51247989526645 -7.43284584864339 0.477958912176904
-7.88931551782285 -4.4461454133375 -4.05381734939438 -4.26739994471285 -3.8944649934356 -2.93581570763891 -4.31227413901693 3.07151232804201
-5.62518066482741 -3.76908247977108 4.36287165930844 -1.21366974758822 -1.8060886674369 -1.49077790614101 -5.91124036942465 -2.75131494698139
1.13496997204435 -3.75874348896199 0.344489775928447 -4.01915670665453 -2.49732876268041 -2.33253070025992 -3.60906876563773 -4.2443907617951
5.18410347471066 5.33668065260122 3.35671418209614 6.12814343139384 2.47429061373054 6.15369432883869 1.22515318951971 5.79263954203298
3.94265970686553 -3.09390553604321 1.67778374372436 1.2714567109442 7.12781225418018 4.4212047331362 1.17326440987762 1.86011302572108
-0.918446460930819 -0.396909233489964 -5.34188568627976 -2.09340505766578 0.84398633623911 -0.895959778823536 -7.22184017435252 0.532678448618445
-4.93387917159872 -4.82071801046167 2.80162793992808 -1.07058136164932 -1.87487415414399 -1.78057232594896 -1.15531284118966 -5.35172711195136
4.11985420925761 4.39858280760633 3.64507799473038 6.20141209824358 -0.450591476012915 3.79342010975901 0.344431177309849 2.49354198356395
-0.181281738432983 0.405385904025179 2.96469019936719 -0.61281540232554 0.167488093476448 -0.79837442127555 -8.31859726409428 -2.57940849317306
-2.83538684788242 -3.55826360081687 -0.745449673665669 -5.47322605046647 -2.71954500687992 -2.08976022650171 -13.8232257060536 -5.82539366328171
2.16467377321658 -7.24807810404167 0.087594554899677 -3.37907339979112 -0.959657118152144 1.01737401436316 -3.61346068796751 -1.73846035031369
3.75269168247795 2.4981463505323 7.99175064507662 1.19375890572675 2.35138745143453 1.11649085846613 3.82255187700954 4.69068691202447
-2.12126156097586 -0.724126699914708 0.693898008613462 -5.95312201921199 -0.90970220465716 -0.0879198010813609 -3.12912459579538 -4.3794331399769
5.25258864489837 3.75728289761476 2.27184376790509 -0.637288221325779 -1.45248682529163 2.59060181930174 0.511469827282054 5.44105759071952
-3.50963921799151 -3.60233239448721 1.30309215198117 1.17696968197073 -3.1470624958004 -0.479113274464534 -7.42099323084856 -1.42066481328027
2.47538705173778 7.19945879174716 1.50167406958333 7.97997661583394 3.29661099231329 -0.58053749068702 1.98847443111562 5.40108853401505
-4.62190677738687 -5.83932788040778 -4.18141222790396 -0.320957631633512 -4.73406819075812 0.0451445412191687 -4.41519620837886 1.69743577777462
-6.22126281455024 -9.07608698607612 -1.43911462788556 -1.66179644514017 -0.812322273706192 -0.309392253266785 -3.77018918659065 -1.61085481922265
-6.31117083821044 -2.61926972470479 -2.27424536589106 -5.17460561519007 -2.73961830639472 -3.51891667356637 -9.83865345057631 -3.86171446368225
3.11147052020019 7.42521609675322 6.4680688777703 5.27116660328981 3.29422139606212 1.79054985242133 8.99920726030686 2.69445847603749
-4.10107345678316 -3.5451887312691 3.31239663602007 -2.04492906498784 -1.78105734936742 0.334823902416149 -6.22115153481198 -6.40528917350617
5.97564584892732 5.26251457026747 -0.879896670448818 -3.83094707556787 3.95396014946008 0.440907004888118 1.72845484078481 3.75610342245799
-3.0575226926083 -4.66332604960002 0.292029361650393 -1.71749040387176 -4.58205504377634 -2.95034161027779 -0.958439928620576 -8.55118198501549
4.30343480518947 0.120185958754508 4.65760067339142 2.98659899721808 2.60338833737317 1.75261855624132 1.2585964519274 1.56500652525596
-3.46432953343301 0.809519144744329 0.445411448764659 -5.77271948580912 -4.4408179012676 0.13031719113201 -1.70621104462865 -0.765345787011095
-4.51170563607778 -4.55502478892012 -1.89485239705699 -7.58435171340687 -6.30480924686174 -2.92777591602816 0.328596341643288 -4.61367333774038
-1.39547899762123 -3.93041004352868 -5.91893556459437 -3.48607691403016 -0.795712595966679 -1.33354764486616 -2.42802230181665 4.26776001503293
6.01919181206402 6.21229208581608 6.52091308883227 -1.1974969359417 -3.59274868874777 -1.84256700705317 3.74269121110554 3.57584518432399
4.17629143283075 6.31899014112257 1.64649845720705 1.18137559691392 1.63090666782969 3.74233902298125 7.41348470594077 2.50164021350788
1.07552274653188 -4.03991705805684 -5.4486906965801 -1.05285503284843 -5.13528455348402 -2.00002036083147 -2.86839994174849 -0.540718448815035
-4.54692772773067 -5.10162752719224 -4.67480572328085 -5.6424658148745 -3.27511843561882 -0.909464345281848 -2.02971992575143 1.80948586337731
-7.0383523425137 -3.63009076710594 -5.49574684763881 -3.44870203062312 -0.466107138863274 -2.08102762178284 -4.79906616488202 -0.628739680121953
4.59871561274617 3.2352607509616 2.64572988927974 -1.00440659182983 -2.30624759668378 2.08050536800664 3.80167959120182 0.37713522425505
4.47937587524858 -0.0630335829209194 4.23277051065285 -0.922376378224447 0.984406050820236 4.57359063823539 -4.36441933600934 1.28388823792633
3.12015448492023 4.0075268104072 1.97924969487404 2.26576975403223 6.46762118179765 -1.29168497826772 6.53374757920607 6.97071597672717
3.80950983824322 4.67131492032065 -1.93328109731729 0.554341832716978 4.05516543840432 -0.29225195210276 2.05495543073582 -0.0504581856597226
-5.16451718362736 -0.455479329994287 -2.04459662048689 -5.77585989200257 -2.91483754559917 -3.95950111754074 -7.04068469574946 -1.04016815652298
1.15800407344056 -4.87405285101312 0.160414178655278 -6.42224098871176 -1.88729606843128 -2.53405514018743 -7.78429413214231 -0.490590317345021
3.12544464553642 -0.206009065257772 3.7795734388518 0.83956018430061 2.38472292863819 -0.0357990781139295 6.66908155630327 2.17351681726341
2.34873940498471 7.61760426220124 3.51382780351102 3.46951927438374 2.8244536500154 3.06640751754392 6.66515049773497 0.100138691697315
2.90368610152989 -1.00748941808862 2.00935832712387 5.14732801176443 1.10446893205392 4.53512598478781 7.90411386437671 2.47875145220746
-1.28400308072273 -2.11509258103713 -4.43882269721676 -4.76590984203345 -3.27640337527644 1.23891106544054 -6.5923415181315 0.354507602562343
-2.01500224878834 -5.88385045836154 -3.37381535701245 -3.94714400610081 -5.70152626733532 -1.68021344593442 -5.76025654952779 -1.71285010330327
3.24911084539121 -1.49618299731612 2.72330084637244 -0.230875038999768 5.53611232445217 2.51007490545125 8.07161987274578 3.75211848712409
-6.56524990793587 -3.36924031750731 -5.32593930902723 -6.59582785638872 -5.62081717309764 0.101304673104907 -7.17386462284588 -3.58632410210498
1.08274904222771 -0.7102504967649 -0.162099582075027 -4.66338759946014 -0.197793800790972 -0.77757284702849 -1.79163502486122 -1.48386467467216
2.16992271271995 2.1741982755626 6.51376463348448 1.89295831505146 5.93703385973043 0.670202232612078 10.0430306104063 0.195851081616196
2.10973864668572 5.77796254058243 2.1993189289849 2.30902866226791 3.06257045421232 -0.0842704531663598 4.98635527684307 -0.305955324681679
5.94990824801317 -1.06706470258748 1.57806223718831 1.06703136192918 2.5598444516485 3.9074422650829 2.28917729999108 2.21353385330186
-1.53958096521689 0.276223312075446 -1.9023452350357 -0.303697674475629 0.243667587425918 -1.70598174384947 -9.79291551423151 0.48648348433403
-3.60618953538175 -7.16168402723487 -3.32113510832666 -1.37354536509917 -2.64903304162583 -0.436387907437952 1.15487807949882 -2.59770065131134
2.99919133224964 10.3653877532847 1.92904857367821 0.857819899195378 2.64347831501694 -1.47814128915387 8.55094587866208 2.68996212939099
-1.89697593256266 -4.81347989604949 0.62184163857371 1.69441283556527 -0.312949940350452 -3.45933823019677 -1.20814572311626 -0.972522934150205
-5.12749863264797 -3.32097765428816 -3.56853614066318 -1.40855300858493 -0.533051880784382 -0.638185253101207 -3.80000063672023 2.46216276858322
4.12400073876365 -4.12373306850692 4.87669474865592 5.42175423226535 1.6243950598167 -1.42868595698435 9.01527428391735 -0.152950130531178
4.7082611758089 2.9168620663933 2.70934416452652 3.20175945909466 2.44660130229526 2.91531327532372 3.27916873736158 1.23312595496316
-2.62027449664794 -4.47064334851102 -0.710678766656095 -3.84949982309563 0.105858131498377 -1.45899564593118 -7.73814627482299 1.46908663193763
-1.98462260835012 -1.27361076122256 -5.78812177223903 -7.73666412449041 -3.8966128108156 -2.41158137167172 -0.466644901374786 -3.7008130433361
-6.73817873940623 -6.25417675276544 -0.206344092206657 -3.82570518681732 -6.57837082482196 -3.34708877929814 4.57006657570066 -10.3354320608527
-1.6397615324761 -0.293998734499026 -0.407319846249144 1.75483075502481 0.50243495032589 1.36804995824066 -5.32168687253679 -1.16638016378124
3.44014184708165 2.92888997568611 3.22129196486438 2.35097323869411 1.87906278699836 5.809396238912 3.38164182454117 0.38493892919331
4.5077775198301 3.50706305401372 5.176577055722 -0.0247464367686843 2.52133792154048 -0.428026760573935 7.6288778094365 2.10611298154686
-5.64662635905865 1.65291710081293 -1.86016084649792 -2.95926765276287 -6.33711501577602 -2.77549675859585 -7.55779354597712 -7.06354957763164
4.51496199682996 9.43035719949582 1.83143148614624 0.953258328131765 8.24499512185777 1.7343072057574 5.22295571660019 1.68697706946797
-4.83303473130423 -4.05913296329416 1.02018061543922 1.44967866386666 -3.72826295238795 -0.198556533426704 -6.98524534100683 0.26289842968495
2.49880749885948 -6.48657302405836 -7.98970086291043 3.47837441727793 -3.9106145912796 1.43169348001054 -7.46199693588841 -2.44527857376821
-2.9598345387605 -5.6928009130194 -3.7328773159651 -11.8883877016472 -4.63264009867569 3.15275553316297 -3.03467676365849 1.10422697816592
-2.00862999739768 -9.9170283153289 -0.997661955783221 -1.32567133057176 -4.66061880254523 -0.770774315569549 -2.98772260860437 -6.58405034091326
6.05736342870103 10.2381686884992 -1.57065034760461 -0.331107321424094 -1.55698511687055 7.54742543945773 6.73180063194275 5.15330833038747
3.52586990947063 5.07970688224828 -2.17324502597209 4.1222725966132 -1.00865862971547 -1.54608972999118 5.02987105032578 1.4717812595793
-5.59674076865324 -4.84454511557522 0.681623491497043 -4.08384149506837 -3.29484371657526 -4.69781728289818 -3.7182632161741 -2.79627950717221
4.66310128930415 1.20234187283989 -1.24478093312553 1.56614966985114 -1.03313389827514 -1.361095853548 5.31200088376191 1.36032137111778
3.60316318803077 1.84875793517654 -1.87910176599425 4.95855796180252 1.74956558262591 3.67846116895758 4.19112891174636 4.31836247639654
5.59665053113367 5.17241781836064 2.11230978256673 2.0546151370907 3.94946375422578 3.88872481715426 5.99149576419049 1.10937472615326
-5.03934115515735 -0.89775197922952 -0.390579798210393 -4.92815238656339 -0.74908481234344 -2.13790504836601 -6.52728677602862 0.884328595899855
-4.22614564860885 -1.4811182231962 0.335438433027763 -1.81790611502464 -0.898614315820887 -3.01131786178248 -4.00323810236452 0.255403952731396
-8.44196640652834 -5.82791272656374 -0.290403087714415 -2.0209625181788 -3.87233078496111 -1.42383355563897 -2.88017492274371 -1.21192244980401
6.39215632829628 7.7217938106049 4.00437185268474 6.62917655563915 -2.20959065866542 5.79854777312216 5.35409166491186 0.266858032519303
2.29754979133392 7.17599369197464 -1.54948319863884 1.63553419515194 9.11508989115953 3.62719669668549 2.26497381363333 4.22984597271946
-5.4600089200049 -0.971261240996686 -2.37811714756902 -2.35562130324482 -3.35659465323491 -3.69383190132347 -4.87101994220799 -4.55327107351937
-5.54121439628647 -3.24690990833305 -2.85248804947929 -5.33453891101208 -0.508579260994827 -0.739231326703052 -5.30395571532936 1.89010580461788
1.25932778465314 -3.30233670222373 -2.96552719342724 -3.90414271749019 -4.4871508329303 -2.05307555496126 -3.74699867244347 -7.60646055763902
-4.59603840620369 -1.74891632110886 -2.92828341944221 1.52311853952738 -2.00892624854153 -1.45738231012676 -4.35327896062812 0.666652366108541
3.84659880283831 1.52183150569274 0.0836101667704607 1.08007203481035 2.12932857986747 0.824183586055166 1.60710316272558 -0.135198617267093
3.8959128827138 5.17272990422521 -1.02951892930291 -2.36211372141508 2.39242912563141 1.43824793637876 4.0246831286767 3.77681581002114
-1.21727387639031 -1.47908446900919 -1.88205062389955 -4.19423867762011 -6.76865396956832 -1.65406637444859 -1.95518307432746 -4.33016111871654
4.01121574135796 3.39826689650054 -1.06331505659784 -3.62705784013068 8.14385760941702 0.586690311584461 -3.13807522043279 1.60769664064537
1.78616417961184 -9.71723300566153 1.25369693755915 -3.27678904550498 -2.49316046181447 -0.360707899996741 -1.81840534884134 -0.514458426653114
4.86481152402688 3.33127825215572 -0.47217272219664 -1.72760772548617 2.71088297575581 1.76994885425922 -1.22386800306274 -0.168620768150626
3.95210398461462 1.83652698178627 2.43004833083256 1.94321447313224 1.56984342508504 -1.2253684977577 5.23864256766172 1.47486286780716
-8.05924449891282 -1.52578993834435 -2.9406099375963 3.79452942371688 -4.92252965267429 -0.370082535454245 -0.227234975998747 0.331247304757351
3.69559918678158 1.26714176601852 6.33943359476597 2.80138980416369 5.25788335991927 1.93943442849258 2.61897612096072 1.53513821361104
3.50676557663285 4.490590106851 3.62400058801176 1.17666480917749 3.24426434361056 0.0379845805145094 2.01017727870606 6.29213022982506
-2.92459059146608 -3.122799296502 2.35593938051208 -2.46099919113696 -6.39411858835537 -1.88347853710265 -0.741903519439215 -2.85501029673861
7.64862444379382 6.35519339894028 2.91011478546963 -2.20896314459856 2.51217406420946 5.55185031350858 -1.55508362755673 0.578082152994629
1.50578202440575 0.935316614636103 1.02563043173486 6.35916193634226 -1.13826415782808 1.01785720978619 3.36966426042169 0.173803167634876
4.2037709145744 7.02790109190519 2.0703698601035 5.65542363248676 5.17005544273317 0.491472130126524 -1.36209207657712 -0.280962795318992
1.7351259298466 -6.97852303029083 2.9175065258199 0.396040000677412 -0.412226290354518 -2.20420419613935 0.26522766942298 0.194402797314801
4.04840156951568 3.83649984135774 3.11453713207528 0.794550629410379 5.03185958765335 0.7206155050356 4.41739122191214 0.997317409538516
-5.10325491953262 -2.37450821071922 3.23558736971915 -5.132121892492 -3.97053426678392 -2.2189997493416 -5.97145727535132 -0.504564389300025
-5.49510842919876 -4.98635456456386 -2.44452944805324 -7.9967254654097 -4.90272735297417 -3.06702482906205 -3.78678681165721 -2.82687958994732
-2.60614851226291 -1.37122238084041 -3.88447999546515 -4.60270327169736 -4.04276961225576 -1.82019850169677 0.212783875576593 -4.63573795249942
-1.00515461128484 -1.34265356707771 0.425912406932776 -0.620535835867738 -1.79241180318723 0.487207525546891 -2.59618807946669 0.49329887202681
-0.349625756393229 2.49210263247332 -2.6796555967775 2.26827042028764 2.42944759188204 0.338923754161974 6.84578081404997 2.15843953012352
-3.6861235992945 -5.96677471324165 -4.04429695520192 2.12553355199255 -2.0709897205744 1.18608971282402 -1.84267689508409 0.579266075330609
-2.44112876765931 -1.65745260111805 0.556679351024051 -3.20503260998987 -3.20082722672347 -3.5880666042436 -1.00968799340145 -2.94572034641646
4.66250280193922 7.82437256341779 -4.78224394094729 -1.63816065622536 1.91593047855283 -1.29853869746123 0.866488407191284 1.18395366430243
-0.283232628739523 2.60617726072837 2.26209094230971 9.21921355490462 7.46824276894238 1.4422409147661 2.9631778052842 5.87203333163656
4.81407826410309 6.94581615546485 5.00554000884636 -0.726295611608495 4.37397258101111 -2.84283116283201 1.82710820659326 4.98233284115113
3.92128366042696 5.54601913847806 2.05990275687499 4.24031534203232 4.2636567257435 4.52843022942197 -2.58904828850143 -0.546750782239803
-3.39362767794299 1.00978005294824 -2.94799553031091 -5.45576419518029 -3.04906680359409 -0.426061104354792 -6.47643656891295 -2.01268710132254
-0.0409727873029486 -3.67571890839048 -2.30688362594562 -1.96721519565017 -3.70371559444924 -1.96934971346715 -6.91230050777818 1.39451299498844
-6.65095568439081 -1.04180735901951 0.740226715686106 -5.58632528937371 -1.97394893365403 -0.176363854677545 -1.22023402974367 -2.78206245339776
2.47084985607787 -9.5195186285913 3.22232727437876 1.15630366067875 -3.81049709963061 -3.07513976812818 -0.848829946042611 -5.07374744518895
4.06449383370807 3.5573322668615 5.24065176306265 5.98837343749233 3.43494218400721 -0.5767468290651 3.87654278353528 1.42813258828357
4.98415091818162 5.63263966645076 0.135329157848968 -0.347156268493488 4.48473517304992 1.90834320739486 0.566448579868817 2.71228415979599
2.78557533030177 -2.78635857523279 1.63675653793157 1.75625328698727 0.177136812431792 -0.904661506320204 2.33649821073886 0.948287738191259
4.52635713602886 6.20972308277437 2.51604302105971 2.35873908523433 2.35333424990345 2.23966819984796 5.62173758359481 2.35424244259623
-4.84577605263751 -4.19738847752224 -6.02056486128712 -6.7229897967112 -1.65367735671314 -0.744559084071622 -7.56694014610423 0.224268766115481
-2.03234852285391 -4.59805338559669 -2.81659335346195 -3.18904626945367 -3.31411458671662 0.270111302724614 -4.75609120943713 -2.38948867252279
4.97745708485282 5.53745655156959 3.40564528092908 1.80350741446962 2.7854736941529 -2.18581630923093 2.00980175351998 1.83232977388
3.73683524630507 0.26807729567301 4.70320032339822 6.63367781947531 -1.21813186876359 -2.52139657511354 4.88127074330484 -0.504829844334366
-3.00608083660572 0.204815581497473 1.41180734473545 -6.57368624821911 -2.73283669938928 0.0535012967029438 0.604610151892425 -2.2998362837954
2.09761528664286 2.8153082836611 0.779061257061261 7.21692749867518 4.78677580402011 5.94824518353314 9.71989455952366 5.85521012748115
5.22200645075761 4.585135728987 2.11819822031761 4.68688547826842 4.01708869021043 -1.70275631960805 4.2077971894462 0.923521958281906
-5.63332787344952 -3.22750616416461 -0.310122219254921 -4.60736908496428 -1.91515125076257 0.388397457443017 -5.28092570244092 2.27631727679402
3.26619543971317 6.92199637373907 1.4765262320925 10.2319395064589 -1.96774769390205 -1.97246636391069 2.38968472126794 -1.86177824881989
5.32777716825972 2.98263559892511 -0.882095873509179 1.31905823933474 0.144733918708935 3.50980161373459 4.7608657586981 4.37120040229126
2.23364219475899 1.55397573953895 -1.81627752539739 -0.130458370772915 7.30186371768104 1.77946541274533 3.11113481893944 2.7362250266311
1.82167366744077 3.6368316469632 1.20959096276159 3.28211816641035 5.68076578587692 -0.728747991474682 3.62490708283516 2.46352667571241
2.80424713094924 3.13515974409278 1.07046616659021 4.71245634857764 1.93499535625262 1.42728010253984 5.31312775110218 -0.874627252985391
0.633580488386006 -1.41255560075809 3.08366931732316 8.19704121868278 5.38880462079941 0.778875644361421 7.23867396766529 2.40121724125869
-5.6034998915816 -1.37061408124407 -4.13908705426288 -4.58420643208863 -5.17882784873142 -1.71209435355128 -2.96465835892155 -1.96308119122689
3.41737984482217 -0.243069364080726 2.38192001367703 0.404876909074469 1.78051881385823 0.628075290513453 8.15549165619579 1.60482646466008
3.87249129373356 1.76548829023168 -2.31911617778319 7.32668671436833 -4.32019267260795 0.0911664530538103 7.43377360230536 2.65343683394125
-5.43190483545482 3.82763058601791 -2.06767569403997 1.89896724876163 -1.47330512140338 2.44547889999975 -5.71280201762415 -0.736700551402189
-1.68204707145912 -6.9882534737482 -4.79076466910875 -2.56717362860525 -4.56141698917247 -4.17874430023987 -1.61235102493696 -5.4867990571779
3.18056823481407 1.69598464842914 -0.629276039624611 2.08675970934751 3.58044789485034 1.46615392013682 3.5109122538184 -1.39918616215397
-4.5194587883462 -4.02347205954214 -3.67289958914735 -0.435659872528279 -0.560979847316278 -0.203269475234656 -7.83930902676127 -0.496855641593918
3.75417104323162 -0.0209594022104715 3.44708594967602 -0.101051436882353 1.43389446265182 2.26765207481258 3.66874189270939 4.16168202974975
2.76994350114349 6.63999828062292 5.30871331164473 -0.393751271652156 3.20209977166909 4.53821097442094 2.33041874074219 3.78851534144822
-6.51872997866078 -6.07176591236873 -1.0111614329336 -5.93593938827421 -6.41545012106239 -1.61227925028978 -2.49434473328217 -1.55939290436959
3.3772657942595 3.49861873757625 -0.134492823785518 5.83555697387147 1.40114261179294 3.58485919686585 6.13532224172555 2.72168487005015
-3.12713034335132 -1.07763096767808 -2.47418274948085 1.20824022079455 -0.476966619430583 -2.21617779873948 -11.0745519407912 0.355900165531249
-1.55370609261892 -6.449068918054 4.24699377378318 -5.13790113513246 -2.61853338119736 -1.16058780990832 -7.54505791405863 -0.279005417605152
3.56989573543557 6.00232305079628 -0.377711844595066 0.948874171185152 1.22670076757138 2.47681027644898 5.82722688461283 2.14251089358014
3.58711422644795 4.36321291297084 1.83839588366264 -1.63580175171391 4.8987322404757 -0.417145742091675 4.78404443136183 -2.00911148430416
-6.47188789200871 -0.969070866197654 -2.78671036442263 -4.11473808993881 -2.17817397739296 -2.59457311850128 -4.97073609463388 0.73364495494459
-3.69518783806736 -3.94289899723602 3.6934888566743 -2.27388268783402 -1.4670781308024 -2.71666245188812 -2.00125122153396 -1.35892432302503
5.10712028594857 1.55144323018099 1.34117507270403 4.53877735172185 3.57708777266524 6.63263674054007 3.75245100901496 3.75715559254234
2.06398438812011 4.37967682948754 2.67121218631652 -1.27300068909479 7.60420069659955 0.825132614808358 4.45638666295604 3.24576717533132
-0.500536522742454 -4.06837122254515 -0.450984145243012 0.956998409225689 -2.03625726359934 -2.51983364767291 -1.4579526379654 -4.28674897882006
1.77112184873088 4.72305960334247 1.31121805744507 6.00641953661858 5.20324218934816 2.9778331019047 4.30140707664095 0.24698249841785
3.47595507422839 2.61964809465099 0.376900040637906 5.72307492017768 -1.40518339027307 1.55890670424727 10.424677721629 1.62551478710978
6.1377907076123 4.08808011631618 5.24321362681382 0.566860165670731 1.9859474635526 4.52259885327467 2.01053271280473 0.393757900015759
2.40732606531647 5.28743597269563 0.165860228472809 2.06537621141559 8.7886519102658 -0.671598307910399 3.05528341610393 0.749625713194069
4.62511066548558 -3.56127589024197 -1.013523569478 -5.70572258677843 -4.75713738422312 -0.673582899107277 -1.47917372060818 -4.95024878811301
-3.1711167299462 -4.88919338996574 0.945548749659152 -1.06660987583458 0.387206560690978 -6.55030461721157 -5.31536256016323 -1.67775181908611
-0.471494833114315 -0.397312359031201 3.36470943275893 -5.1627934858099 -7.41260738510597 -4.17153999656801 -2.02483242191892 -4.4972173135547
1.48880300061832 5.07056744767839 -1.08520184861165 3.63329312038755 4.39164208379841 -1.10310482232861 2.51397709466818 3.66094476507948
-2.47706332480673 -6.51502719997009 -2.35553713228318 -7.11164269384695 -4.87498879776748 -1.16479201901077 -1.99876578427206 0.9853065071924
4.78970971905256 2.67410320327895 -1.37524367336412 -0.980175532819961 2.14234849205068 -0.630982483051561 9.55126301068678 2.14273404493504
-3.02233220678498 -2.72132365879512 -3.7364223338501 -1.20231337808964 -2.71922029589385 -0.584080300073603 -3.37357622674159 -3.66923304030334
4.9069977222207 -1.18642652029824 3.99572793970809 6.52921043562242 2.94078041295508 -0.693782308891975 1.78533221309219 0.257510955866366
-5.00963115661263 -5.33267027392591 5.35396708739407 -0.396560545036905 -0.724340525075699 -0.290528649971398 -1.87908284184843 -0.426579771390052
3.89590304324464 3.33417902738086 1.14620787417231 4.32385746319816 -0.855657481151211 2.2753370498883 1.50714929613667 0.23916803766792
2.13945925177201 4.66695852645872 1.83113514172778 3.9774061175992 6.45990191908649 1.23021391678384 2.88116394002245 3.00146408965374
3.99275938312745 3.27822810766114 0.814251645701441 2.7831946028746 0.556823302168044 -1.11553407841958 6.17025013493089 0.303004546383809
4.03997597176916 3.41533975821548 3.61210274288867 -1.4827900824057 2.79173510369561 0.753209505533413 4.2291132142554 0.245751562010573
4.04909019272103 2.34612773593096 1.87386557560143 1.74953506420833 3.15322901638779 0.0826111540161638 6.20384855557115 1.32112632904582
-5.63371429599435 -6.01789278701926 -5.27601340875248 -0.515893864583897 -4.66593404332979 -4.96826689065487 0.649961516681549 0.547415132028066
4.60608364350054 -1.64919429742775 -1.66253866166459 1.74569366748352 -0.652872586002395 6.06767040300068 5.92616598474416 0.594061700844872
2.29392038961422 3.84703548360607 0.411609136266699 4.68678104992129 2.58130210204925 1.36309055389006 8.85655823708236 2.05663592503562
6.20160113638139 9.1463695248537 8.11482511354224 1.60809734336925 3.15651646892974 -2.74850534756298 7.84339503442905 3.04384429504514
4.59203958530177 -0.73898943916471 -0.676868834937694 -0.00851865589295864 5.35375568133205 0.702147840959377 5.0281475584654 1.40660192155549
3.50513994816245 6.73619485532936 0.449966513352429 5.1957004951283 5.88108878928885 2.15427173189843 3.69377549314611 0.619178674802112
2.33406100907662 -4.17804889064851 -3.65126924571301 2.4899593745238 -1.23654012976082 1.82938548336906 -6.14900351007986 -6.05081867934535
-2.27181992902339 -2.33077790519092 -4.81814891698481 -1.72759898979489 -3.88834372372651 0.103928104861119 -6.72126886093474 -4.03094259327084
2.12582721564906 -1.0382889261301 -0.386042093057242 4.39720535643425 3.91045817505268 1.033410403809 5.73769526457006 -0.349669246962214
3.70998945998962 2.23683216054982 3.78400924396268 2.0573053696373 4.42321046744995 3.61137962533893 3.63234772897699 3.42832319427277
3.48326234473256 1.59987079988183 -0.00370773563956939 -1.87516413992142 4.71784152465453 3.17335006949403 2.44916994820183 1.80153363295049
-10.6559242592169 -6.02996950230088 3.77231686566927 -4.19099231428339 -2.38097935229635 -0.191106858165879 0.689186341605637 -1.60066715292545
-4.27008758976921 -4.76601499911328 -0.209232311467264 -1.895044236951 -4.48887885214829 0.527716446120621 -0.984427444936722 -2.49388816920563
3.0509582365823 0.737036448490955 3.01254196305934 2.81654212499069 4.52076922295624 4.16776804838216 2.43593518371826 1.47353342920898
4.61534129572388 -0.282472613555251 3.72779041770678 1.26722396964399 5.14606014770035 1.4947525280742 3.36401573326147 3.51524879802287
-6.60757780368886 0.173521520135065 -3.12580579021116 -6.08583476347328 -4.48228286351573 -1.7857906560335 -3.34911145132559 1.01070378859468
1.94042741499915 4.88452294687677 -2.12241671543025 4.23274253140161 0.407398595830784 3.10093634490687 6.95222881231715 1.83033246795895
-2.09925358532648 -3.36474689824479 0.764667683530798 -5.20801765731776 -0.861879223036043 -1.55106689897767 -2.36129268519977 2.06579959048928
-1.49216340931577 -4.33651137260504 -2.66190899383741 -6.45998243251255 -3.14759631522078 -2.16071106837719 -6.84076309958296 -6.00556435026605
2.29582683737163 -3.31742413918456 -0.583924225736664 -5.01306487112645 -0.351329531855486 -0.60755766351284 -1.54092366230113 -0.282080661136005
-2.85924148576368 -2.55905771835884 2.0116673758681 -5.62958938918981 -1.50458138115981 -3.75868850186957 -8.06424329499965 -0.341906998890118
-4.74426485080678 -3.51661271654625 -5.08663450370478 -3.90309884710618 -2.03062657308694 -0.760728544630485 -5.20458438621093 0.935551349192155
2.44111427954779 6.22204404203488 2.05825900838637 -0.416739068380294 4.00986631956318 1.04066982653745 2.92043617565337 1.31436571880034
-8.19352025452441 -3.55943992224367 3.81404354563697 -5.26831071765212 -2.6657334411016 -1.20848117100311 -5.58974119269705 -3.53596313748564
-7.61802560558726 -2.1418134298255 -2.11932122203148 -0.84400991809734 -3.3961044355727 -1.89990496412597 -5.76106061251189 -1.98297624011715
2.07079336307995 0.606485883740205 3.99673496429656 4.98497069037828 0.34644792364414 2.87421235466223 4.04072533046036 3.24741028594812
-4.50656244548898 0.867208297655345 -7.88022523519907 -1.8292918184981 -4.88846735777191 -2.28847981096505 -9.26696538068101 -2.90152976309826
1.56819709188019 3.01110499859473 4.1714381864092 1.87533226206804 9.91444766505994 1.11117879720138 3.95311470994619 6.21026513791674
2.92821971423983 6.66135479059548 0.714821249709572 -0.22348634718682 2.75235901306366 -0.564569518336697 2.00897950969748 2.05480386365535
3.11813777927676 6.65040784153289 3.34577228453738 6.89178730021143 -1.85657174804073 1.79257484562051 2.05537226607471 0.0230177688672462
-0.662749282045165 -1.26540971672761 -5.54534994796227 -0.868609978226634 -3.92098706671354 -2.97972228876493 -3.53098026255804 -2.54716812286135
-8.12010895514661 -4.98262420777539 -0.891345242285534 0.98761890845441 -3.81442415151831 1.40908088527707 -1.77132768755604 -2.1674813844319
4.51941131989809 4.58071037714319 0.58036369140399 4.32450805364231 1.43537574231978 5.53858317780876 1.22664161206823 3.34891140252726
-10.2807405780626 -4.6436635212418 0.514558736197152 -4.83289381065332 -3.78121542203687 -2.34077069253252 -5.22907757285309 -3.10296474889894
4.02038693183612 3.5327866874472 2.07941578851729 3.98251804780734 -0.507456353746755 0.882939051213473 1.48209843841117 6.7750254317784
-8.49391993443881 -2.89006582076912 -3.27239445906135 -3.21600842123644 -3.9079112266482 -0.558888408190406 -4.75134421547143 -3.19573482870456
-0.382968301399398 -5.35523812688906 -2.5825336002516 -2.74067938576597 -0.947310773698431 0.698154853148512 -6.5068223619772 -2.8152370220544
-0.764922477614571 1.33002747244097 -9.00078558767052 -5.39228766616667 -2.42667053075441 -0.994665360834465 -10.5389243267088 -5.79922922233833
2.66562619446118 -1.12438075745147 0.252465595293918 -0.275667948109921 5.26917303095768 3.30079074869696 5.86323227173289 -2.06931003335704
2.78690798035774 7.07584045338446 -0.0983287515521403 2.41343362872367 8.29282219112349 5.93024758897739 4.89137301263323 5.9823384629479
-4.89649234103605 -3.25934632208553 -4.79045697296133 3.17702711410307 -2.00448733851047 -3.97665951354556 -5.8151745454037 -0.709426814163893
4.08256858701169 4.0026761186813 -3.96326959243999 -1.22687754741746 -0.0754495775272046 0.632640517575423 2.89772507824076 3.34602110639733
4.05387944493778 3.74382959955314 2.34842302876169 -0.125077519579643 2.74396813381114 3.10996577924624 5.85899460940466 0.74663542738754
-10.5380930945463 -9.63940674781372 -0.608165323822394 -4.61812226469859 -3.6980645170575 -2.6600985215258 -3.2848877228066 1.30512804716004
-1.89738275974177 -3.35473567574137 -6.25946965314055 -3.31866721983437 -4.60340531931672 -0.283690516235466 -6.5838767250997 -0.252120225089992
2.61370178143194 5.20109613076652 2.02795869851046 3.26702406493775 5.52419654751268 -2.08143688038308 3.61046082050068 6.15489956161164
-2.92961125074094 -1.87711145411927 -5.29390298873486 -1.57990816564831 -4.54244554329748 -0.179970184968974 -9.57308743546773 -6.6130101853672
-7.19572824015018 -3.8779673507038 3.19677783259966 -2.8027746053468 -0.70893018923885 -1.13165783544774 -6.48780828034509 2.45275798774323
-2.97496227347673 -4.10466035487132 -6.63227794298714 2.12922715938226 -2.53558016636388 -3.15148635686879 1.57975486322224 -3.20732047878453
3.439133164797 6.9229614911703 3.16066798059252 2.78442462151826 4.22336402226318 4.73367738244678 4.78444022307546 8.08266875164989
-0.899306186473662 -2.00126426663956 -3.92564880628335 -0.591375846190231 -3.63257444956086 -2.74165513138475 -4.41279662622458 -5.5832714847178
-6.01126779138351 -9.04159017342829 0.613840826631622 -0.813261838201516 -4.11395100131905 -1.72989920986571 -5.99560108511437 0.661907512290539
-6.73416217221449 4.85182625966949 0.413405409416575 -7.68167784194141 -0.520758372248014 -4.62157340093199 -1.80395362108859 0.0561118419862194
-4.76177025188967 -4.68252039574451 -3.06980467034036 -3.53921810168692 -5.63478033847528 -2.84334549547847 1.45650375468323 -4.74183496746375
2.18164023304427 0.741447368697853 1.33333682686425 4.82886972523346 2.99450431076578 0.0233984037519823 5.72748476936016 2.7176450240104
4.68703730216217 -0.438000273253604 3.1814796282761 0.553037793324801 2.93339301073985 5.31928658122514 -2.40918594485118 -1.49957915205884
-3.24572458918606 2.14023418830265 -0.894238398977506 -3.0633265659313 -3.62625201703922 1.40922542177504 -8.02371049496106 -4.88326266587326
-3.54196886099231 1.45050852938642 1.66983060626477 -2.77522438585208 -1.43958308258288 -0.822169429666237 -0.377262831607145 -5.19850055149609
-2.32654071361392 -3.83056251625446 2.52779910738143 -5.07613174891116 -1.4018304235609 -1.96038761454116 -5.29016027805644 -1.35860479252193
-2.88259846751035 0.0150905070757679 -3.21054431118272 -3.25025530178808 -3.0035404265243 -0.61324205000435 -4.43978513782231 -4.20581981657943
3.79435769364124 0.219214538108433 3.07050805140253 4.63114651871615 -0.84046851008386 0.589260037739869 8.1903660427748 2.25362335142013
-0.263808128890914 6.19073179840619 -0.213926042047585 13.3581292353738 -0.688461820746539 -1.92654461952636 6.57234709867672 5.20027738691632
-4.51071576160204 1.95100317664043 -3.47911153039853 -5.23365810112599 -2.58338214165772 -2.26439391665397 -2.57717373755147 -0.588223561395341
2.87909451570033 3.59878028110764 0.351880691474601 3.5223983943864 6.75131381263783 3.04873763345126 1.93943201664436 2.15288958028647
-4.65591190588222 0.259188606491866 5.16135114276631 -5.56036724486212 -3.47377987478576 -0.574330242964288 -1.17351578969904 -2.13225812805145
-3.11897378701191 -3.2311131174676 -5.04975338039324 0.890512354488042 -2.07882428907322 1.04525348357058 -2.14504225733219 -0.415413291833901
-2.51354136629129 -5.94239259163886 2.02638512263064 -3.4994927651448 -1.12742702098191 -2.86027556620105 -2.60461364195167 -2.63917708094755
-6.62833805216673 -4.50185037099919 -2.21987597465113 2.37583980192128 -5.37407371345455 1.6961925140972 0.0586601397980147 -4.42785586819711
-1.34188235804594 -3.36725064747371 -6.26579382910178 -2.8474834232655 -4.21030609131864 -1.45271148434147 -3.96904344672757 -1.63520197689444
2.81679880434369 4.71004575359448 -1.57848212361102 5.14471876480247 5.28391160030185 -0.286012151917361 3.79258563891546 2.95845945412211
-4.59040913562469 -5.29219593581637 5.68839670605671 -4.20309926274863 -2.3714214382965 -0.948013831198945 -7.05781671892875 -2.44744406555193
5.948672302414 0.760276773298468 4.21225426029948 -2.72580006948243 5.43024917378124 2.81316105108493 1.7312988709389 3.10250895405451
3.83770420183346 3.88994292698081 3.81986813523406 5.4077174109611 2.92290058981419 4.14531931200044 1.54280879144088 1.87317020575069
5.22112326647259 1.22730917561283 0.462080700375659 2.00026570571691 -2.32191114989833 5.23305810538685 3.67361375640895 3.40464154337094
-2.92215466545868 -1.46801915167165 -0.439750107078025 -0.480257457657724 -1.02093882994292 -3.31641476048552 -8.50320155246492 0.113213131157322
-8.55585514648253 -4.92944591855751 -6.92806452932551 -5.69148212392731 -5.38333406234696 -0.851249407600051 -3.29951769424918 -2.21416482210901
2.56348021517041 4.31009619090977 1.34482878441256 5.88421410136204 0.342702881486936 4.79942233669586 3.83260052681668 -2.14364192953505
-5.20419496286571 -1.87064880981784 3.71085578939614 -2.01669519915576 -0.504647938239158 1.32268116742766 -4.24011102530794 -8.13306938724323
-7.5591722876382 -2.48706297916821 -2.528481482149 -0.901428627705363 -4.23889075520085 -0.529781302331188 -6.26412858012034 -5.14118721038815
5.70749259347471 3.55927029555218 0.235571190693237 0.0382956444514231 4.26850877051076 0.950932596870358 6.80852186165862 3.72237098008206
4.28287753462178 3.25908147081526 4.91004933865283 3.31977702379366 5.72720647571925 4.88132778561982 1.81830079465115 3.34467120058204
-4.81196041339417 -7.36546748476874 -1.86938367216398 -4.59619770865735 -6.08331228411803 0.458418020595123 -1.92738044045824 -0.665244455303348
-4.34867821790858 -2.39142335128007 -1.92384454070453 -2.47168301804322 -4.46500757143018 -3.86182810938059 -2.83692535184601 0.357373862936919
5.85362259416504 1.65167152796724 1.83034353622915 1.14163368865563 0.221187944865474 -1.12100423394312 1.23050095493061 -1.35201690989677
-1.92992796828471 1.72660384192909 -4.37231499446359 -4.02472770309996 -4.48106104569519 -1.08767409516422 -6.59986758244564 -5.41389533728171
2.26149634217501 5.77201118564661 0.991788017503418 6.98233955692568 1.30870388418775 2.41541169218688 6.78496520490736 1.12793383560367
6.31844428378038 6.33215460902218 6.2953090456223 -3.27193747130271 2.80176239663698 6.22823220820233 -1.32502901493925 1.24036135854265
-4.37123537885828 0.148241020026508 -1.43160499325778 3.53252660781679 0.451571905705973 -3.4840990165697 -7.66352490615334 1.04778780550287
-4.27569159315488 3.53830045464946 -2.0329579843388 1.13792090775727 0.226338381666279 -2.26329467694704 -5.26278328002223 -5.8639916705104
1.77017079539641 3.48696094945728 -0.132841327074309 4.26285784663408 4.16458842294922 -1.78900555480444 3.442923127233 2.22955528390489
2.41803873251911 0.172257133089552 -0.774714714760572 0.51370640206268 6.93425214358636 1.97137432607512 7.69697739260596 -2.32796597450605
1.41911541372876 5.41109063803518 0.301572835389281 1.48851171485659 3.04024525946231 2.34084628805728 9.90836672475351 -0.0683311300607516
1.2642766047753 4.70570090198516 0.869637391547402 1.65026132064904 1.83756984646732 -1.36872561132246 7.48942009010533 0.125879927216774
-11.4339823941591 -0.527695406896941 -2.87968753061816 -4.14222867131106 -4.25155317238307 -5.87981982555243 -7.68169964585491 -3.95501113438163
-8.7448233931014 -0.151067275485984 -7.5341118930619 -1.29829640319947 -4.24104845799784 -2.75279628220775 -3.34542165211084 -3.31551556584604
4.46497018816858 1.5591492146348 -0.714367926464085 2.71113338224616 4.30501692261113 1.77214563505318 6.06782700799265 1.18921231151572
3.63707174179329 1.2074987512697 -1.43154119112826 -3.84378564920891 -1.38726612486613 -0.911988429912605 -3.30645392868793 -2.65295545480789
2.09975778100841 8.81125584529148 -0.10759517657588 4.47417254972219 6.47807469198029 1.76450796690502 7.67909922711173 4.04934476479177
-3.94237535000962 -2.31648350804825 -1.86738121673518 -3.39703833384129 -3.99325900207483 -3.22126084374792 -8.6435815151879 -1.58231825595427
-3.74897720462494 -3.18663124263906 -6.30997844967043 -1.82092003923854 -4.06474419620101 -1.63606389991735 -2.38434051087362 1.15753595452763
3.24284632349235 0.528242833909081 -0.956700423750107 -1.5431399319271 -0.435413643110352 0.397542046753057 4.35609487536172 3.34585321808497
-5.11855370900207 -1.13474023589462 -0.302624122088538 -3.91262207298818 -1.9261979459866 -0.444557905018198 -4.10153237347597 -1.62044354856471
1.88037301667551 6.37614843841559 1.36587813940945 2.2882798855946 6.36344875259332 -2.20089969591676 5.29999182482718 3.56533304003074
5.60942195006178 5.28973423894592 3.01272709382581 1.4792757739029 -0.36086081957473 5.01815280750254 2.77304005761188 0.033614061447409
-5.84142022089627 -2.80066143560402 -1.70718136567803 -4.70058532382126 -5.44516802847738 -1.82328932820929 -2.39780763215031 -5.89754788547684
-1.09202309513982 -4.00438293070601 4.09471483399939 -3.06896049250045 -3.39740531727488 -0.327184265648898 -3.60328592576641 -0.467845071967197
-4.72244486291978 -1.98263688226715 0.669646295005408 -3.06850031746454 -3.25882701346497 -0.980128491004762 -4.32726403099605 -5.8017520873764
-1.01261093987561 -2.40129228589175 -3.59571891235792 0.180825562017492 -2.48680771091551 -1.44946073416406 -5.26083838986534 0.549982364503323
-8.62081602093323 -4.05109633772266 1.08042395244435 -0.707795951006346 -5.02520965023585 -0.247787955752887 -2.12849376283092 -4.15950682551249
3.47040469961421 8.38932354370004 -1.09003121011749 4.77399756901792 1.9692536455273 -2.61433050268684 8.53965649718724 3.13781293427643
-5.46173098365699 -6.75694879579956 -4.10205583893249 -2.2257270650344 -5.56776233430904 -3.12082327501901 -0.544005034698919 -2.32959866272003
3.9835103971781 6.11466595511767 4.56437553882892 6.4925986882984 0.916035395707158 1.69205871650143 2.10894347141344 4.94253971064808
4.644301192084 3.78685977648748 -2.60889590267828 3.32114034743154 0.932521323988813 2.81117680955024 4.26416063552257 5.83610163510984
-2.22758602668246 1.94737913613297 -4.37570105217507 -5.91175324414885 -3.85622704280337 2.28132418824137 -5.79928759539536 -1.24017614249818
-3.34635679617331 -1.9670819490018 -0.063524940504595 -1.935064518087 -2.40146838698515 1.25016997054929 -5.19847319034489 -5.34028195977291
-1.39695335295585 -6.07601942136786 -3.84538384681976 -1.04810563586415 -6.64749733597332 -4.9597544604537 -8.65817874853356 -3.96282330469475
5.03232215077219 2.51288871869073 0.0191846081488911 0.215321434588909 1.43953274376347 3.15323282557418 1.08771458585412 0.609545374320223
-11.0929206875323 -4.75787278136394 6.37027312854436 -2.85599618066194 -1.75866057870426 -1.106937028469 -5.0035192882863 -6.22874716638467
2.00996402998039 3.5873057115256 -0.611619482353407 6.34215278031017 3.22627945073014 2.72994004101178 5.11464701638334 1.48101054740743
-5.2419550510697 -1.56666735746778 -1.66632669285289 -6.78358193666786 -4.15916792487302 -1.52511646888589 -7.71017290384018 -3.32652026661583
4.3492968944385 -0.663984234865756 4.18895572596576 2.7465911167821 6.82194253467902 6.02157564026363 5.52410996766639 1.63872631020446
-3.19401878280614 -0.363116929908482 -2.98312485730089 -2.51276988998986 -1.72751051454544 -1.93432994019023 0.63178580709439 -4.18506041949362
-3.9411550001037 -0.0903120250817464 -0.550182550971834 -0.776062183958267 -2.57341461511814 -2.68675260975444 0.374755109570099 -4.43509169689676
3.32188237210309 5.61958744780057 1.43824548388736 5.04933185782922 1.50413204550752 -2.22820420159661 3.49828174569849 2.87159955860244
-0.214349100152012 0.683384146457937 2.49379566230645 -0.227701697072814 1.98381397939122 -4.16144749028967 -5.61799279697504 2.10261322208655
-2.72344100679657 -5.24232219079831 6.13400064459322 -1.85136926510381 -0.845209751117308 -1.15421627568102 -6.37311520467686 -2.63446593744877
3.71555929682106 0.74533525001689 0.901153563815037 0.414096255796265 3.93615193058483 0.720749097513588 0.469969371475587 3.79914211155504
-5.29146440302875 -7.84513773993045 1.29497505994543 -2.84873705309116 -2.11394313132257 -0.316764501652488 -2.44055073379787 -1.6285112716896
-4.45376417544481 -6.06723290800735 -3.57929594584146 -3.36366862039852 -4.46847318218413 -2.68310281366392 -4.30684847207058 -0.51992983507825
6.62142065308737 3.83741637844005 1.29588363931952 -3.61165197767233 -0.369064940266696 2.37836897522382 -1.01995089790898 2.42314593005794
-2.61385183412528 -3.77616269201804 0.961575159422323 -5.14375906653905 -2.95743518159201 -1.37207267301159 -3.60926660810097 -0.541142558925373
-1.02387147677052 -3.82967861299959 -3.49598486065258 -2.41986897036642 -4.30863581060225 -0.404059322772405 -2.87542363583209 1.61078383396747
-7.97789810830051 -3.11346422434573 -2.14383230959615 -4.69753062550209 -4.22185017971555 -4.08574462019592 -5.07860637184666 -1.12918291408116
-2.12549183168327 -0.387311308100353 -1.27888395419591 -2.9049413354699 -4.73819461489959 -1.56624788752055 -1.9322364727265 -5.13247893039994
3.32998686365955 -2.71542491961255 1.25739749507456 0.994194954946592 5.31689342295336 1.32668994604782 7.57851471832062 -0.702093166501486
-7.28392521626663 -1.45946132664355 -1.5819852979291 1.61155406849501 -0.349819487604402 -4.28589974296761 -9.84720121521049 -2.76078375950934
-9.42382315059507 -5.48472882626987 0.770104884261515 -3.84667170325141 -1.94652639607777 -2.15744979422416 -2.20336960903467 -3.61894080823376
1.67564691674089 -5.83713835504156 -1.73186490417719 -3.02229097290916 -3.08006998111199 -0.479644791528214 -10.0841528723921 -8.12579307578785
-7.03017100810064 -4.85332593872875 -1.08439732765502 -4.52585376885116 -4.36309974846113 -2.08666245709538 -4.7876478058853 -4.02433797954049
5.87416115166024 3.33828640908904 2.15657830631115 3.99746666062824 1.41303091246499 2.83818145660912 3.98222148446302 0.506150213954748
3.39923932980707 1.09122037282447 4.37490893485729 3.94178672016193 -1.48923377843769 4.1040348150075 3.93305636754267 1.4604841874225
-3.12257436737249 -2.28496976044571 -3.04139140007023 -0.576730138262376 -2.03342172871244 -0.653317626395368 -6.64453898079677 -2.97875856433664
-5.65922182267401 -7.74746814948357 4.78617434849695 -4.00238278172738 -4.99519427147064 0.270655663644665 -5.68055053037056 0.686027810328805
-3.19232046542401 -0.906425109858608 4.3525383714511 -1.25898254766184 -1.41578385966788 -0.234645391753385 -5.12891257415877 -3.94859236281221
-1.92965501084897 -0.442256433037252 4.10085842612665 -2.92761219111211 -2.7501703501698 -0.147255944280442 -1.72377399355949 -2.04211622566862
3.47846385716464 1.43931232362327 3.30568289327118 1.46936723196292 1.21763293057895 -2.6167810039968 5.73333493108765 0.6474587471564
-3.77618852348288 0.084881372539606 -7.31186668953866 -3.89946490410206 -5.22984630935248 -2.20417815977449 -3.99215471449146 -7.14634814743593
-0.0707832293649808 -8.48102032987961 -4.21655210859915 -1.51170575450467 -1.64939785701923 -2.14065621210953 -0.932677264725029 4.30972227694235
-4.40466302447588 -5.92112663276029 -5.65184224206422 -7.15302930724954 -3.66672741368496 -3.15043206497401 -0.181941631949297 4.00882206260807
-3.38932109015987 -3.27543547485432 -3.65067761859102 -4.73205095763879 -3.65760907463425 -1.78543263052329 -2.69864407690395 0.423960537010462
3.07965484549998 1.04591537069752 1.93712476048231 4.46492013063114 2.97546272757214 -0.0479905115717578 1.94606860121308 2.00339292797216
-0.0614955328343099 -4.05472655665382 -4.23785567452584 -3.37502467644237 -0.838238009345423 3.35906590449687 -4.22739521625129 -1.88457384047335
3.38353250763519 1.01221863392245 0.58727721560706 -0.577156681774758 2.99078906114497 -0.910517680386669 5.24992272976215 3.92546440835866
-5.23287690066284 -3.62302776159933 0.208023455597571 1.04406152762425 -4.06826221664757 -0.0197203624988982 -3.05932110760794 -8.32655006179759
4.12087777647355 1.76803884246955 5.73684511314132 2.04795995870468 7.46884863541828 5.91235219142776 1.68502601085083 4.31678395886386
2.01453554644199 1.0307656587791 -3.22798919733122 -3.4346918712724 3.53933688690103 -0.461368874197909 0.438473169696562 4.4532621423092
-4.02678138379506 -5.70160225451849 1.87517080277984 -5.33925644813021 -7.25473079362671 -1.95487518182355 -3.73999931569881 -7.10189105206369
1.35665636351494 6.80413363795436 -2.59652741705677 5.08717745462864 0.922340178159683 -1.47451680872177 4.26237572692658 1.24053028295128
5.24160579311694 4.94449188231169 -0.152458621555005 -1.88638723166748 1.18475034242639 0.147561548819552 5.97796139543097 2.92374363328245
1.72130842164414 7.49764273306479 -0.532693980334572 9.34438345975118 2.83811734610844 -5.3268065373169 6.01191301065816 2.03547681191794
2.06046887282152 -0.501003691519381 1.49097026451699 8.29714287416923 6.76166392844733 -0.626857889031792 6.64216007689726 2.97849563077879
3.84852587432256 -0.306296175931294 5.31115507691517 0.246227510300088 2.0014843573015 4.48006066809899 6.3483795083254 -0.132446992806057
-4.66287345117483 -5.37584765497376 1.02482532263442 -5.70183705355072 -4.87886056267308 -1.06074485533055 -1.79976752806988 -2.66038600984769
-3.96664079093054 -7.44836713411081 1.86940227211144 -3.20274181825289 -3.53309534582438 -2.89650291866223 -6.17456202107603 1.0953332956938
2.36646808659642 -0.693651955045647 0.935170890740036 -0.142765813801947 5.26835451501412 0.724636244815692 4.44237113671488 5.93029128327841
3.23934145957211 3.38490394076168 2.63258258840737 -0.618775036290533 3.64629887729646 0.181168347623211 4.95969578291764 1.04574100976369
-4.51905774355125 -1.58880137514635 -4.26127175941084 -2.3683938852226 -4.03617717926638 -1.26704292266233 -6.87797386985288 -4.13800813015839
2.62371578544177 6.64328727580807 2.31314647438157 1.88524160954116 4.55114441986037 7.30428900551333 0.616192118219963 1.79185464878069
3.96189980308405 5.33634285431943 3.50772371600261 3.96546061021763 4.08732134900821 2.91352065722812 3.70880543042123 -2.40158976237471
3.81514866542258 0.675390039658833 5.47470834927224 6.73716715532222 9.79599636413264 3.67992230875979 8.18909756782591 2.47402920106199
4.39801895505632 4.74456820030781 1.22196885383486 5.35312433141642 6.16105563472532 4.0236230197885 0.423891953889549 3.21942676941922
-7.14180265532418 -5.11396230238274 -5.74386937312417 -2.65244803389259 -3.69171730320708 0.0300249922591713 -5.35695891220979 -2.8215186073016
-4.96493253717658 0.66222309766058 -4.09183695431766 -2.10117109897596 -3.76836132632491 -3.97963455071067 -2.93252540594133 -1.1403811603632
3.03094387532616 -1.24562260506817 0.76939454649625 1.14588579894929 2.90849997293269 1.29981509674939 8.85544772168913 3.6151090073747
3.68106906888711 5.39431174894772 -2.16140824588145 3.43540133769456 -1.13335864796565 -3.20194717590595 3.54386547963546 3.22329540761089
-4.35358573677393 -7.19742069399767 -5.38898735023477 -1.68946668432291 0.271930822091242 0.30910130205994 -4.48549726658649 3.38916172675262
-7.17315624669659 -6.07369228851728 -3.4812809939063 0.65444272264065 -4.70641075093932 -0.591214986432856 -3.42567950487355 -6.20323971097498
4.72723731889397 5.95321432313537 -0.509916551696234 0.713802987579415 -0.383996354857458 0.877121471192875 4.08970936954716 3.58902185901457
2.9798281622525 0.596050363375634 6.44505873529771 1.6378030905935 3.03972125861315 4.49122565498075 4.47081304719067 0.245210930205157
-9.67616275840984 -4.22799665864801 -0.530227643063086 2.92450838311492 -1.02933607727537 -3.58494358739162 -7.10157364664768 2.65600240632395
1.78334508027142 4.81636342578661 2.90878016659316 2.34884408398206 3.03593932663516 -1.24062773153867 9.17165636455405 2.96198784946767
1.97886301669557 1.60061633287029 0.481077432549644 2.61294524008383 2.9629844196458 3.04860584862584 4.73271167474874 5.61261854122989
-3.4078311323135 -4.03687671212784 1.78329365740932 -2.22273399582201 -1.53596982858695 -1.91911272125227 -7.58936863284324 -1.96649535446708
-4.56337895183379 -6.01123717670244 1.85490451406334 -2.10772820414187 -1.2965539555457 -1.46660094697795 -4.02917734009935 -0.0658839145383037
-4.73559577996665 -4.01412656367943 1.10198140573164 -2.67661177604232 -3.68757639036959 -0.412962392163513 -1.49413057557143 2.23786353378348
-4.82005250885883 1.42224325921462 -4.48127878121047 -0.837734290425443 -2.60295602313409 -0.696416413639633 -4.74652733273601 -4.2611871711418
-4.83938496724487 -1.93397776655998 -1.3718889835639 -4.02403751431265 -5.96831169975832 0.211659035179297 -0.521296169227625 -6.17303220378319
-4.32871743696895 -2.55098991253974 -9.18240831419073 -3.41217886309394 -1.66947696422522 2.95961877848301 -5.27229070916 1.09454848250791
4.53783062122079 1.3553404297591 3.57031529703593 9.25198804664949 -0.989933736193306 3.07808010842975 4.0475721357868 1.30060336837361
1.62194459226024 2.11520447484569 -0.846687222748296 6.69160703987717 3.9593240824384 -0.681165105283877 1.52158982931398 2.71716148961262
-3.00039965110995 -2.14432720066935 -4.06425132857559 -2.5723062975568 -0.418199496651942 -1.60176452288153 -6.59106340059645 1.34470346602779
2.90671368670896 1.32694421152566 -0.684743467407562 3.77675151734211 -3.70493911794871 6.05225623095627 5.95852657122279 -2.09171232357227
-3.95894824090728 -5.85478059290407 -0.71331030407506 -1.72143502256743 -3.54011622039494 -1.94089200318107 -5.36187743807474 -1.39446829306514
4.62413847001039 8.51863905437481 6.54246347347369 2.92121303968471 2.31761261197885 1.12164476977935 11.2550738547987 2.2066233113432
-1.75230438539398 -2.07200161983811 -4.97392387697284 1.54065380405457 -0.486519251113685 1.1039040907217 -3.48668535147393 -2.39167607973999
4.1412703226549 7.4315858101873 2.69707686544968 4.26458195535892 2.27751977170406 0.851466560898899 4.05909051110907 2.83113167715993
-1.71915706558593 -2.34369104413403 1.33708114154865 1.31800414444582 0.199292993030023 -1.6076851895796 -1.39699296260377 -3.40272310210796
2.52265654338691 -1.83337684472813 4.72354595449861 -0.459884437516365 5.80389838846126 5.24960602042401 6.36129345771336 0.800629508226966
-1.59235040672797 -2.44340066200971 1.82072352196093 -0.435412020819903 -5.03532303935211 -1.6482245065948 -2.06741029728748 -4.76654497078503
-2.97993944248688 -4.97862568641572 -0.963871218147708 0.148240742229287 -2.95344601997208 -1.36539211108282 -4.2805487953281 -4.30851271617513
-2.69343912309087 -5.45038497743267 -0.605352679463998 -4.24114140054179 -5.18709392083858 -1.40217636140773 -6.69424817934556 -4.14863958800341
6.21979904012547 -1.25248907513104 0.946397362944965 3.25582164585542 2.63430478908772 4.6673873026521 3.07644069345968 3.55825428291811
4.37382053363921 4.0019789204899 4.09256108954257 3.78197755021261 3.77133150450063 -1.49612552026501 -0.38849158683524 2.81293863222717
3.53982953983636 -2.58310229773412 2.63139990748484 2.35584804068643 3.81539416142126 2.97998791844002 1.12079163042891 4.32809048696292
-4.64772904356354 -3.54389463083498 3.33119259575039 -0.413956788511426 -0.662690729909806 -0.103324418743579 0.930138979852832 -1.61109192409968
4.98222430133523 1.15166037269949 0.132766582958706 4.28067733463301 -4.81661793253761 0.712613724034071 5.58378560915988 0.393894031842685
-2.66896290240049 -0.830201680444739 -2.20926468155017 -0.777539973457686 0.214897226625512 0.264791238235325 -6.83364626386032 -5.63774339406488
-2.92350894746475 -3.49400879830531 -2.0422477772277 -1.57799887329736 0.487597302220329 -3.5543448021448 -5.45643196401887 0.9460076329065
2.2952499411035 7.56402897436145 4.98326489331377 -0.0126739540017957 6.56162374054004 4.50846759676978 3.13325839465062 3.09608225423001
4.2027004770357 1.09584591573771 -1.30800671433218 -1.8791975082561 -2.97816665826434 -1.46014528514491 -6.74214776904399 -3.73023829602146
4.95078524989652 2.70358729206613 1.81655848050373 -0.205307968537441 3.38778465037544 1.55222477552038 0.88622786671851 -1.02236054310903
4.1955880984373 0.940601468892 1.69174667188724 7.50609934245893 1.01659470743477 2.71260012758637 3.82790114962012 -0.86425810472341
-6.04996314114513 -5.97274935784644 -3.08580422326397 -0.949791557031678 -3.74597004948092 -3.03578478924139 -8.63269522487206 -0.200199111096563
-3.64726527559678 -2.12078938605734 -4.33624699732251 -1.69797538637274 -2.41750204187196 -2.91549018478519 -3.09733638450549 -1.82142327176023
-5.21773473016636 -2.5306827225041 -3.96173659999391 -2.01006879299451 -4.12116578903429 -0.91523058793302 -6.44333847518593 -1.5891073145773
4.19711679110529 7.74428145308564 1.17376944151501 2.27650941948702 3.11357464609031 3.60792707910109 5.47123244204588 5.09655376650848
-3.76603448729068 -1.67536176795646 -4.49053984216766 -5.27882801816119 -1.45630704294279 -1.77683644601036 -3.94670391374234 -2.04768320740508
-9.6454163633408 -4.14936031009 0.767807558231807 -4.95509581752957 -1.764740299471 -4.71195513722367 -3.37965876841151 -0.111151461866953
-5.98167333544586 -1.41175825268458 0.954303410928177 -1.06281197713703 -2.43592813345403 -2.06933548641551 -9.07250474593575 -4.54682543383803
-8.04226353560921 -2.86396856776585 -11.5430090946295 -1.98717478721616 -3.32531590642749 -0.992900060738588 -1.75176877988103 -3.34890294146191
-3.11857649029795 -6.64804614440592 2.34897749682405 -1.72721565724305 -3.47398254111683 -1.55698554909477 -3.63310867088267 -3.04595067903301
4.12274895397242 3.64917923120805 3.19423491837613 4.67110899252535 -1.21108677969029 4.38851312741766 7.36970068910658 -3.60858493000708
3.89671701790548 2.26599127770328 0.608185402851772 7.97550221021248 6.38010614529298 9.4299780900222 1.70171244759134 5.83725976949169
7.42325244510643 2.64441950084004 4.05862181543764 -1.84987706313124 0.741009700455025 4.00778672008123 0.750619445831993 -0.182634236693713
1.28371951691931 4.7354914077277 -0.402564202874211 4.3500298389791 7.24802674230891 -0.703445329252939 3.47962173764731 0.852547558693878
-2.02893522820652 -3.43376620905312 2.96256583387957 1.35579653150837 -2.49048668675568 -1.38675428366865 1.96249035451544 -1.12491610983167
-3.6454305349837 -3.82827303902975 -3.59407337710403 1.04894414371265 -3.42573019596016 -3.30329206665114 2.91214108785085 -0.802646942031695
-6.43088017704824 -4.75699941113709 0.303606184888966 -1.44652475981034 -2.27403925494942 -0.986034361106857 -8.36632280125546 -2.18866335350427
-3.04428752189453 -0.887307852062162 -3.40766199803596 -0.740412823603895 -0.587105602757905 0.254678186683216 -1.56509822883712 3.03348091419782
-2.92766559201793 -2.26342213996345 0.140957438643063 -0.27120037942407 0.252603280173453 1.76942957111331 0.216928578179374 -3.5600758322888
-1.91385380792021 -0.800814821040926 -1.49697924625811 4.61312886276844 -1.14518342818488 -3.16485406484053 -7.28930994032051 -1.33243698958236
1.04841234487022 -4.81903080838846 4.46553806338086 -5.9513331858726 -2.7619335293301 -3.50137399431217 -6.43382251560671 -3.20828515872888
1.51241161784371 -0.875142012408892 1.69863664417669 3.85765700932985 2.34688237964936 1.39322491611861 2.36847662862239 1.37554755818587
2.05545626591821 2.96740730519478 -1.13911132602202 2.27025293387504 5.84846229735839 -2.48816594705772 4.86282543346053 5.5355974404758
3.16265671397858 1.94813975262478 1.25711114535242 0.202580330336442 3.80528586986983 -2.57990659859445 7.23719601522353 1.96955058819597
-5.81030326260638 -2.19323679231003 -6.30576608103839 -5.09132066824854 -4.26090828686921 -0.829983651245477 -7.13146081502981 -3.98027790155902
3.38802517104781 -0.18432911024885 2.83333839736735 6.39752919908916 1.16339414866075 0.777617314953446 1.40741228038483 0.141888231188076
-0.075600975114881 -3.2926234250563 1.01449896216233 -7.73965932417037 -4.95904576438315 -0.118121985903489 -4.20150306709714 -2.28206933443086
3.37101843686992 7.15650943108125 7.51523998920479 -2.0584839963866 5.74585372080594 -0.529165885884466 2.75699285936233 0.213772766954568
3.04751409560425 7.54732909092448 -1.50745088165423 4.21581035384622 2.55025107413128 3.15591414107273 -2.36010891608829 3.06257762558255
5.35477954878604 4.468483210088 0.655704488278975 -0.744472690826111 2.79415355590812 -2.52391352706467 8.1913295910273 -0.374432167782648
-6.10416287973739 -3.35526048416691 -5.00017201225923 -2.64667612813463 -2.8989708687659 0.0281438955635096 -6.41631796141428 -2.03672821922435
-11.8090625154109 -1.32458357131197 -2.5972494524876 1.88020129569864 -2.64217580110525 -2.97001077072831 -5.37749714825325 -4.02284301015683
3.58481914722767 2.34071122252627 4.28248373080557 1.0419792539259 3.5945572113833 -0.776150476244574 2.46347550002478 3.72144375843328
-3.74413375251865 -5.31808051374873 -3.95658812564898 -6.57577560828422 -5.7497816148264 -2.57846390543915 -1.01993949385109 -3.15429796410754
-7.78770440947522 -2.12358486049363 -2.64409396313837 -2.52812705792567 -4.62448601764747 -0.102247461007274 -3.88297108530847 -5.03065515347295
-7.31635298405711 -2.459917702057 2.71351026793866 -0.928114913368671 -0.321823813123256 -2.05291149681723 -2.61459245037535 -1.74510228281462
-6.85853818569724 -4.42812352919296 -4.86062715923193 -1.20200236888824 -2.25641403637076 -0.558538649453379 -7.5074843241831 -3.78439454713814
0.934775432058438 0.44481237889254 -3.34481866059452 5.5989047440492 -0.736178399610399 2.10936163232067 5.95474711562553 2.62748123856141
4.1780384082158 5.44519200238749 8.34702965587311 1.99630222873703 4.05698000642836 9.50841369815009 4.58618966204525 1.24929045419973
-4.22153510192639 0.456753946485914 -0.700501561528406 -7.37060660722279 -0.751370690282341 -1.37797376311071 -2.95692239585339 -2.99051344286553
1.0492109505588 5.21634151066556 2.06204259609083 10.0659328899553 0.669932706847441 -1.92892917051877 3.26182470547297 1.61690774475457
-6.48227240039627 -4.32894735572216 -1.07873041435511 -3.86976922406466 -1.74902234063837 -3.10209977446906 -3.04579048370317 4.62313638580522
4.04861687160052 10.3134499342566 2.17773736192194 0.679251696552784 6.21003031718448 -0.656288479404684 4.2930944688681 8.06032003609131
3.07892692781608 -1.11931855101153 -6.21676276284028 -4.60486672310194 -2.0965748132542 0.932898707716444 2.88189915448293 -0.178869347676516
3.05737422343872 1.30307758466747 1.74997349259902 -1.42115240407558 3.23296395999042 1.72221909391852 10.5543205544092 3.75746740558184
6.53480515779476 -0.437308049696668 6.11503725572168 -2.91415978204063 2.00621234362447 2.15640202050805 8.31414164204066 -1.62182099755739
3.73720130228262 2.93673262774266 -0.355213006302421 0.955702347392911 10.6534904300614 1.84373357350592 4.0881017836029 1.7484537157156
5.15415665209801 3.94966607551764 1.6709685341981 0.699285707655367 -1.51809700819183 2.33852389135149 4.54329562687116 3.47208358937078
-0.997453259753297 -9.31823880356832 -4.13573561830874 2.05346235145913 -6.0910349234563 -0.699924824804576 -6.20100007560173 -3.88429339059785
3.34779856023784 4.07319471281946 2.9297577295801 5.61575440444669 7.34857050943565 -0.795533982054913 -2.23640647682703 2.30336418979525
0.612287846338089 1.04989099926654 2.03360161763833 3.62898364024854 3.68293849827182 0.77256654061146 5.50315101585575 3.72963071026161
2.97447375447219 1.3274597886542 4.01542030666789 1.07625913451382 3.36383902630013 3.62290629054136 -0.0879581774351053 6.35829345851859
-6.26687318213741 -1.96106958928429 2.32288697128617 -1.65980847131868 -2.10117763580438 -2.21474878611425 0.634831751143443 0.413997922324765
4.91440050365159 -1.23212277020011 -0.911949019090929 5.90651654981834 3.71370860956558 9.9395412030719 2.66493898506984 0.858167904949525
3.52563277213023 4.25448176494677 1.5618846007434 1.99151919395856 3.08227562557258 0.518446891636081 6.15138143519423 2.46247124907443
-6.99790965830646 -2.51914113673178 2.76442893538048 -4.42066486465929 -4.68683362513435 1.61591216125596 -5.11437235608574 -2.75069910020501
-4.48227255709802 -5.61085843863959 -1.81443832721964 -4.32490619300241 -5.11901935962384 -4.17651403348951 -1.44645122035574 -8.52696142042648
2.66736893493079 1.18936130113403 1.85200941843963 6.50556139762418 4.27778117703884 4.29257855333793 4.40484931456623 4.06122614365082
3.3217296832163 4.41849209218552 0.4694242307635 1.33798933133809 6.98798409185885 10.8830731526658 4.92211516023016 2.06827021483939
-2.73351644540893 0.890793774195983 2.65470369172565 -1.53453596995528 -3.29485370172473 -4.11615958556614 -1.40238382736794 -5.52510601268827
5.77334790306948 4.85427585518054 1.30273258129021 6.05751742092911 0.236092227511949 6.92582549305281 1.33026470313 -0.219459453029207
2.80336047749412 1.29128432115435 -1.15179338573699 2.35488321382802 2.12692004944549 4.3827450457334 2.26912549689393 4.94298927486051
3.59883008284899 3.67376046838304 7.48047414877868 1.6135400922168 2.71443428742686 -0.161427912152521 10.5483515934729 2.49469801494197
-4.50312856736404 -3.11461513015241 -0.507009580444524 -4.39645009008904 -2.91640702142447 -1.93808437628826 -4.31901568996994 -2.97376510334493
-6.74387830631073 -3.81304765088823 -6.76020529813629 -1.04763775039473 -1.32389255935148 -1.80821772538469 -5.5482263641392 -2.830890516035
-2.7586727291202 -5.8863866326816 -2.30357274287041 0.0915173111935679 -5.45918972940549 -2.49808630282871 -8.82891636989705 -0.471118145629487
3.49356299808987 5.4810304458777 4.17435954101166 4.47414822177967 0.461173051473759 4.33380035681276 -0.391281545014318 -0.791561568017524
-5.26411712402535 -3.89944306001131 -0.795862832799099 1.76524400413507 -1.27751159100459 -2.38932616545264 -4.85276214860158 -3.20832681767344
-5.07880476395608 -1.76658222962873 -0.389134695494417 -3.53818611467064 -3.10602311856147 -1.22507486734783 -1.17040534113368 -6.6105583905761
-1.69093802806586 -3.38864728877251 0.770979688830351 -4.55775680115165 -1.44231452435303 -0.541379613781661 -0.901967329922622 -4.35053983915906
3.9911792671756 1.19888335147006 3.6040101250521 -1.04962971823974 6.31486491487553 3.26250028512918 6.81609491255237 0.308910704596601
-6.10010164583456 1.02247105405257 -3.81771999420785 -5.51265858496742 -7.7475908243869 -0.842734987965695 -6.45546554715171 -1.75691458489853
2.86252722900645 5.95617797855049 -0.344155497821264 8.66177946267238 5.74678962318372 0.864400157803646 2.34613532032314 6.15945109840558
3.55072103708254 4.26083114301704 -0.578690293987022 -3.10258222291104 5.20862105908471 2.40251450933396 2.8559377373059 1.99122095623261
-6.31931397653114 0.103258959150337 -1.44775264564364 1.82874225288713 -2.53375659537902 -0.403757550369504 -4.65070048415034 -5.14637931025018
3.1294696447078 2.05527620923814 0.816483236514449 1.86825822230088 0.815895691617049 3.30603515078713 2.15367569890635 7.25622284379254
7.0441377729905 2.36964592211496 1.37977159591095 2.80238333649516 0.0314249177818553 -0.984646041442382 -2.12949974901106 1.94787498830048
5.84882154048253 13.3048124032856 7.64845216288366 -0.966300848140486 -2.06318216942823 0.951610039160705 -4.07460521385227 0.277409577281817
-2.87111817037082 -6.82174879711352 0.43224463801371 -3.1152178541362 -3.58461204235465 -0.0863089947867024 -2.88128655171425 -1.11373914004047
-2.17557420343872 -0.405057228263199 -3.96162465144127 -3.11095243648728 -2.27871286508893 -0.621089215553366 -5.74456685505346 4.17158507706062
4.38905207733322 2.64388136932889 1.72182395794451 -0.805342404953089 7.83929314753876 6.76169534952049 1.4543348824233 4.41524088976944
-5.06541146397889 -5.24192397577769 -3.15508473373789 -4.93694729644505 -5.12414180548104 -2.43975933427384 -2.41280413391333 -3.67590916409384
-3.589941464947 0.488897844801767 1.67867427922845 -7.6380100309315 -1.42357892259724 -2.89521594460574 -6.12332943292956 -4.30414051835544
-2.09292432737513 -5.65755694821659 5.17074258389515 -3.88413070286505 -1.20956894392379 -2.11079523366557 -1.80089255290773 -0.603985666471234
-1.66392816202209 1.30819419322358 -6.15500520658175 -2.65443665414066 0.725358253680595 -2.6657692549206 -2.16004715036354 2.71724210228932
-6.83251566532236 -1.40132819143323 -0.741362510567893 0.416837562318489 0.052382821585371 -3.24246010433749 -6.94898512888327 -1.1916946570813
-5.21972187497117 -3.75981846663813 -7.70336801135324 -5.64779535168379 -4.9469352424476 1.28380144763725 0.223136359020131 -1.98707302269723
4.60077680536729 7.50319155784867 2.2977772936892 -1.32104017871586 3.72014596428523 -2.09035276256907 4.0247999790712 5.23787492620765
-6.32113687184999 -5.79217478266396 -0.134501140329809 -1.00576460702237 -3.95501859186338 -3.66390245490503 -1.03386704361632 -5.709944256047
-5.11441378438972 0.182166389127377 -0.550371416077808 -1.84699352598355 -3.66685110899474 -1.96053338932731 -4.96685725691628 -2.98390339001345
-3.94248374648425 -2.61771214082885 5.16450539109001 1.18814000290014 0.0517008184229586 -0.145057235496063 -1.58678078806088 -0.130845089961583
-11.3251128712309 -3.15008031427352 -5.61706124900167 1.96942431251452 -1.23180767581946 -0.0185151377928845 -0.615233165709878 1.49998292559102
4.95566207728633 8.74339377604738 0.47651165090349 -1.03888634975013 1.52017746019553 4.65564757556571 4.92813251694246 0.679778963609119
5.07706218617159 -0.600377281216633 5.56086984341677 -2.0712218128135 3.38299450608355 6.10260820232706 5.94178774608063 -2.79860564239981
2.95025446789159 -0.361323137094106 1.30288489541133 -0.391126644370174 -2.14065325190543 1.55771813185331 3.16668617268853 4.41324954888178
3.63938340531073 3.09975061581658 0.206252051624156 3.04041789479048 0.802406868900747 -0.591238082035132 5.02452093480077 2.44678352116545
-5.62934929746018 -0.385927308708768 1.11928152551998 0.466121196232678 -0.468232131262776 -3.84847535108395 -3.55542648048078 -1.11503533858889
5.54871909276515 3.44180380426472 4.7004548724525 -2.40160930496326 1.09787212695872 -3.03276597189116 3.6394859284501 3.29833049602903
4.48141852005805 3.55938841985619 2.85279545103303 4.44369790684404 -2.22279238731283 2.09041985861015 6.03043238864863 -1.77431222382683
-2.68203407332361 -5.85192251120744 -1.58103675551118 -3.37864504315259 -3.09052245685962 -4.04984061368452 -8.48914049018957 -6.2319846153203
4.66179799453607 2.69598620909468 5.30817369884602 1.28223129328176 5.9990121446067 -1.78780619267307 1.24405297245435 3.18885260185337
-4.86074817697398 -5.9197377274484 -0.929519041021712 -0.56064860430477 -4.08099935250101 -2.5034119835384 -1.69021454482654 -5.85931441415264
-6.36241931625275 -3.55166912431899 -1.12336594633815 -2.35124307968136 -4.50587168007371 -2.35222098928296 -5.58892178997403 -3.70595009238729
2.67486310994406 -1.93676474397834 -2.62951631001452 1.80407634058203 -3.52815527741724 -1.30518773730329 -4.03177523194536 -6.49762761635342
5.35797050446675 2.02399194821079 6.2719296946713 -1.92435257757616 2.11900631727516 -4.16314658844564 6.51604470344976 2.05429036761913
0.370653038707229 -1.42188677452926 -0.455787082342317 -9.95169909599461 -0.47402292661926 0.134856384376481 -7.09832838161142 0.0319696833871346
-4.77473826152732 -2.50037856497568 -2.98952158407321 -5.85544241682934 -1.12912582210955 -0.42130834337177 -2.89906033544212 0.128128167232757
-6.14521576835955 -5.53530733598558 -2.30004788081253 -4.19990840298018 -2.27107881270743 -0.721642021042869 -6.56173629433975 -3.95563164929865
3.74120330409443 8.27945790137313 3.50909432181858 2.54777970497161 2.64491051576046 1.55797974539933 6.79664147833414 3.36409535680295
-4.60462461534513 -7.19440202918321 -3.68230609040826 -3.3615302939473 -5.3166012411386 -0.172599684034497 -2.72942787230638 -2.95759625342937
0.0244250685598337 3.12519522825728 -1.17076771853888 8.42844076401471 5.79349745682824 3.75367074187304 5.18764137950331 6.18483877619362
2.02462929512976 1.89288509207531 2.88691228897759 -2.17401251595341 8.99927630839151 2.25933947076578 3.48081078238615 2.76231892088994
-4.70501800541525 -5.80205609690534 -0.506853394727024 -2.90763554703466 -0.519949657561731 -0.833944791320162 -5.23730966595167 1.44923845067338
3.33087787466882 -1.0795378201 1.25637481585525 5.02550462456283 0.96868704797728 -0.0302736421691616 7.22318334850494 4.61024014658567
-3.03256919452857 2.18217797829762 -1.12382951934425 -3.49033351106921 -1.4862349068646 -3.1371081306929 -6.42248466481567 -5.67015841976137
1.72358342148075 4.56366498479584 -0.403430415931986 0.742701959773784 3.89614679081031 3.37902566518976 5.60931019205873 2.07489336516863
-4.61866251841476 -2.86694973951784 -4.61251315198308 2.31429665058766 -3.81805962492875 -1.30546154629897 -3.05181529907998 -3.11005977897735
-5.1558655442494 0.236588961945064 -2.74902140804533 -2.36380845552654 -6.19892899430883 -1.24517609682101 -6.02040635988633 -3.1923081639678
4.05606218483068 0.933943418620998 0.680026720383033 -0.921317132511054 3.77699871748465 -1.73061147141294 6.91143724551815 4.77539712051896
2.51667544877186 1.92944978064913 0.0475734492749649 0.540912649011054 5.35312928512036 2.40560057957067 3.3454180250601 5.73885058610109
4.6316451437802 -0.130139337856869 3.80288551547113 3.08184477237298 1.5177654119977 -0.510148279899188 7.56504526367381 3.41365515441089
0.124560452030866 -3.44624579404356 1.57332266144334 3.15926025286963 -2.50119644557309 -2.25831611473214 -3.60592402097334 -4.75708703967034
2.69586646715899 2.30670274933403 2.52517788809174 -1.47871376127049 8.75972283124865 -5.2963931419214 4.96277397862804 2.77895513843313
3.3262995743036 5.49775761720555 2.40884459027783 4.64424573158387 6.03788271762852 0.202923335481622 1.81997968851598 1.34248080381311
-7.42766871482645 0.975917988762102 1.57297977681566 2.63752384062466 -4.63239300554247 -2.48204367058765 -6.57598172721625 -7.11560599310384
-7.11249545260422 0.751778272101719 -1.65146102623615 -3.90760978482629 -0.199864505720943 -3.02779415042054 -6.45892052321014 0.588793692037034
3.83429180751789 1.81120427947627 1.1514488131186 1.53938484539195 0.988235377649363 3.19692098496645 0.261648077559547 -0.440295096491257
-3.51236673767298 -2.7179465608261 -4.91213131220078 -1.62619868494625 -0.856224372055679 -2.59137890855445 0.346675052819831 2.79659065945355
4.3234076670678 6.50336821840568 -0.598426144590297 5.41185400790125 0.318484506328446 2.7173412843131 4.0438544716153 5.23608990557309
2.68975167634049 -4.90991369154683 -5.44543116211088 -1.073234032011 -1.90181861710413 -4.02798753093132 -6.49676760424687 -0.692846182332335
-4.35699038413088 -7.95663205170351 -0.208025896762921 -0.351538729730581 -5.17870717434996 0.331205349418127 -5.01764833868609 -2.61537434913674
-5.29510772176814 -2.00090852729264 -5.49870818862264 -0.550882686833253 -4.31829432815565 1.22620600924413 -8.67482394343593 0.175104316360021
-4.9586252751015 -5.23086788800062 -0.0427005308906505 -5.20956974541 -4.07253335022265 -1.01320003461489 -2.64680291895032 -2.26095222570426
-1.97049392253072 -3.51324337846384 3.24441071328883 -7.02809586679033 -4.50714055302354 -0.314480844210964 -3.05802253038082 -5.00628575353638
4.59611757998393 6.39669695459028 1.65985842572682 -1.52139969022544 2.46895543835785 -0.30411346938032 4.30882373291964 -0.787099105170499
4.671160472645 4.19344178506685 4.5718776550149 5.17658948300647 0.384885197211459 3.8996041072942 3.92198703359553 5.72837532298492
-3.6644341277749 1.80233351640288 -2.78054222064655 -3.54932376158647 -0.842364039432014 -3.3097724728612 0.899565732001028 0.913004061416101
-7.1707281357367 -2.91334325957339 -5.54981135371661 -2.93648877784617 -6.12963063327708 -5.10456678464068 -3.62403375482192 -1.0158738146327
-6.16854495494366 -5.68026215160969 -5.58523407477355 -1.38148847577618 -5.61940801914858 -2.07304641928092 -2.42345732125457 -8.01316312319622
2.6360649741382 7.25876688782626 -1.72599279488992 6.68720086412151 1.11870359954366 6.18006818491056 7.5155969056901 2.924567839611
-11.4313910469185 -4.35661958326951 4.25114765223809 -4.54737270231302 -2.41859466491377 -1.00976789032053 -7.06658678829167 -2.86050050422824
4.8472363474811 1.75562739480627 5.95822324912653 1.92848073480767 1.49387999170526 -1.44759945060479 6.1114361344101 1.36951846025944
4.90969329173858 2.30125661076322 4.03221702163745 1.19785522438247 2.16363121823819 4.89477277557468 6.75441712332045 -0.989462828953274
-3.44020766089233 -3.07429439226 1.76807628369734 -0.062075523472827 -2.08173670491243 -1.99356458328093 -0.231712834708454 -3.35644296831318
-4.4548714063507 -3.08581785992187 -6.59595022424108 -0.119253132711231 -3.04856241179562 -0.777595756805069 -4.17682842799781 5.01136443315456
1.89420707266742 7.07389276875083 -0.251803331141139 0.623889079503299 4.06584170952258 -3.53327721087064 5.25843695380421 0.619345830649688
4.2559284393949 4.93763707557475 2.97560553854242 -0.810998236854839 1.68000922018322 0.480555787974918 8.77788159956963 1.91130655698147
3.29876841525708 6.35208851467663 -1.49033227619214 6.32932390040217 2.64280902523394 4.03448843425884 9.09880645367237 0.310155218206422
2.98955469594791 -0.173530452893724 0.68660237051121 -2.04082495704648 0.632555704593936 -0.458275208821463 9.90184153945564 4.91856947297789
3.62314628343829 0.89166981060059 0.892936051746666 2.78927154092944 2.58298913386894 -0.217242014122587 10.0126418315112 2.45251964747814
-0.328544740624544 -5.08862148875388 -1.66212485365902 -3.55028621968846 -2.4220574797903 -2.64001456407957 0.049769806092538 -0.830199044133755
-6.14432479716082 -2.90980346991092 4.13717822108217 -5.42690879910025 -0.437567361778716 -3.9244923755594 -4.05381703507379 -0.126949985712056
2.36238740173306 4.11685550700546 -0.634091804572963 0.507558101943282 2.90071745906077 -2.71533396896033 2.78525239225602 2.72056840202099
3.07396936207331 6.45424545878886 -0.498114822368873 -2.88667605097234 3.46735621284954 0.364372471277516 2.84512796983274 0.336534260992824
3.48857466416705 -1.75882838835434 3.9580134571491 3.74410116200198 1.90484660689219 0.396070120917764 2.58362737784103 -1.82895741115859
2.04688930712875 4.64623183966222 1.01750696028397 6.67061068960467 7.62404412934017 -0.755466278437941 4.03243934378765 3.2480512051101
1.77191366632518 -1.46331287718594 3.45749668038847 3.71694070797404 3.54043669517611 0.472342662598195 7.32776154834565 0.750290752749524
2.60990903174853 -0.182145417340724 -2.96364229046201 3.991709240971 2.2170492807923 -0.491004833932322 1.98745031900373 0.202510661824431
-3.1927724445427 -1.97001019848822 -3.88777411323299 2.29030650284532 -1.5578194140774 -1.81875698430386 -4.55257964375104 -3.31861210698107
-4.10641698760392 -3.53833563049399 2.96221760466817 2.14646641692639 -0.437173121992051 -1.34877813544854 -3.67471975142436 -1.53767682422869
4.46677026044487 1.69127893965308 2.48327030393589 7.4620816631028 5.6354662585254 2.28061494912997 -2.08409835837245 3.63879437667632
4.08251305718102 2.6115374421698 5.9792320231001 4.90206287367972 1.38789898885786 1.2140282483243 4.77032840138238 2.05763645568976
5.22035176868735 -1.34658018272178 3.92301624904128 -1.14674072030584 2.32614142122423 0.397051805148358 6.05989438198783 -2.46636418847338
-5.0404351841837 -1.78868713772604 -5.09281613723063 -0.56404182699893 -2.36042476631724 -0.157925783689097 -7.47173791781885 -4.27826768924517
-4.65752326674846 -1.99115169326052 -1.2320517833046 2.26303007990221 -3.03317935616875 -0.858689693417118 -5.91925625147299 -1.74987411444308
3.77689711216959 3.14215820738641 -2.77776161313445 -2.1844726049103 4.14936127911476 -1.05942033725473 3.60260232387852 3.65478740626084
-6.06842783073605 -4.7401050721942 -2.21336261847887 -5.53987331356944 -0.429830012870363 -0.165760635172355 -2.42691323200648 1.94156720367753
5.81842490484607 5.64710313125985 5.7636054011867 3.44986693061444 0.773725665010741 -0.283450933032396 5.21231289999684 -0.454642318642611
-4.23259825862532 -5.71672869505864 3.82774696264262 -4.5922621327526 -1.623399630408 -3.66344390654136 -4.98906332565038 0.00665471637130644
4.02798528583775 2.15213184196642 3.07938393300763 2.56814532286733 -0.939881696443961 1.62038594210064 3.43299297750286 -1.03503198739284
4.58908980470035 2.38615945908038 2.18674232167974 3.05451265396393 1.54695638910783 3.83420334933217 9.62495317140538 1.0738781390344
3.9013093318155 5.88065275789599 7.65090250611533 2.51508444211095 -0.987166505339319 2.30334090673341 5.32848346901982 0.754428886109426
4.14459043521186 3.23626622459341 2.32221563572594 -2.0546811221126 7.21936257330478 0.394013292103945 6.21657448067027 0.859866472183225
-2.57227541810409 -0.49011382003361 -5.51242885995755 -7.35398776103861 -4.0552392009979 -2.2935428944635 -7.64707892511247 -0.739398768534585
1.9623155418747 0.816187106340778 5.09301999493325 3.10982491010903 1.33572445783573 0.196923926465804 3.59146172339124 3.25878933463343
4.61639912784417 9.70155065425565 3.16969008240283 -2.23047692986092 0.73735118420139 5.38008973498322 6.8080403105725 2.52287789474363
3.3597753335119 -0.93863254225873 2.16327962737322 0.289018849879742 4.78729196926839 2.39000499533149 9.41883297664166 3.85581086375383
-5.90919759847492 -5.48443959546691 -3.41854439691926 -7.11195095767542 -7.4280907479959 -2.25975116119784 -7.98098958853256 -4.02494417993972
-3.1714135751766 -1.90783186580437 -2.65067506072011 -3.49277766491036 -1.0652491011168 -2.25979925070453 -6.85904271499695 0.739581114802432
3.6230621395661 1.38098338106743 -3.91307239924049 0.311772974849454 1.45171550169844 0.144136228702135 5.85504015808611 1.87666958457901
-4.29759631122616 -4.11559378732578 -3.33986530443753 2.11771907962229 -2.19368375975481 -1.01722388309543 -8.64515962169666 -1.4879214415574
-6.80931115682151 -4.07251980805522 1.79777349799766 -3.33035826626152 -5.41328718810684 -4.23449868950792 0.191069855433076 -1.52815193559688
2.8209039890246 0.793133838747917 2.51618659226936 1.55560806528382 0.102860350446415 -1.21902525531871 6.1618367229296 6.43738214413631
3.43870614331691 6.75431090882402 -3.3365251540024 2.01558410670338 6.32670736932655 -1.60003949508099 2.55627740555684 0.688338160525122
-5.73053482287665 -3.304094457586 -5.39389651764177 -2.58190712859869 -1.36905483235624 0.128184608938351 -6.74430405128386 -0.798574480432612
-3.04068876923223 -7.49960136047063 -2.61918953751739 -4.06533453320393 -4.64383208893541 -1.87861130804027 -9.25523466110435 -4.23496405637301
2.40698462641771 2.09870157515255 1.92491008503001 3.45047932827316 2.75068545255516 4.14624341684815 3.78712297065773 -0.70568458299109
3.93668475355148 5.45581182663153 0.621983463472457 -1.42343210030608 -0.767119769749439 4.8671741897067 6.25776654245755 1.25491075602101
2.10920968883481 4.71663696426828 -1.07407470809508 6.54900143250556 3.89203969011928 -0.236068727344668 2.60503672495 5.14116248602553
-4.6033574491271 -5.4004326814114 4.65095474254543 -3.8421334793753 0.635226513805849 0.604928900648362 -10.4422835416058 0.667688207691484
4.13658399668096 5.9979104494026 1.99919613077519 5.77818525814677 6.71304045434543 5.3605018231654 0.694761185985519 1.26840773340732
-6.04858301615011 -3.02068067127301 0.0403557935373742 -1.71922886630971 -2.33354176533067 -2.29554561997158 -3.67790763449745 -0.757610319750896
-0.486550228774237 -0.0485804913223609 -4.36117233588891 2.10121991821305 -2.02922276701214 -4.89537079468782 3.55022931591468 -1.6330153867027
2.87188698162834 1.38780376956853 4.72388543241238 3.86255188143094 7.58380400433874 -1.32395863569787 3.82014662840572 2.85241613185791
-5.90544985182167 -3.51506211927088 0.319182985709882 1.11675556093757 -2.69962169781098 -1.84868352567704 -7.07523389185305 -2.72431257098906
3.31853352559547 4.10236447068518 -0.543480606874963 1.89203590847754 1.56839062266136 -1.51566383616177 1.41152051462297 3.81946152950754
5.02669682383699 2.84888266081386 1.95595937737086 0.953498153660034 4.30359787980944 1.36468621984081 7.42983480073411 -2.24460972040381
-8.23549702657444 -6.14776610255353 -3.15275337911044 0.50602600647005 -4.77735522594274 -0.419981072783143 -5.35259922417512 -6.10604738184678
5.10409296596021 6.13038421457718 -3.05420966488814 3.97723843833842 -1.02428289402858 2.79448997183345 2.22717641242286 -1.18040013164788
3.30072145706994 0.645908423401405 2.47969402046921 3.70768547523553 2.23172449082984 1.82316295651482 2.00450621880929 3.36697727863876
-1.5684509666791 -3.54849738144365 -0.73532881643665 -5.06223142498581 -6.27568468613796 -1.16490167515961 -7.27049393129723 -0.42345308555979
-2.91452791754591 -2.15970008556172 2.16754705721173 -3.26325423868037 -1.18132705285268 -2.45989808426504 -1.91301126023181 -1.60612152896058
2.19953154929315 4.74710297515806 0.352921819616107 6.97140925875325 5.07875646114859 5.65200815396147 4.24356166510785 0.825141627266711
4.46022081307101 1.75539294547898 2.86334750582217 3.77415245823216 0.668257900345637 1.64525691902121 4.9982057997736 2.60094637655118
-6.41003847889246 -0.836027426848077 0.703082455032371 -5.8531706594776 -4.33012365963483 -0.984121655705859 -2.98527455559313 -1.17604656300859
5.46905239713203 3.084543590636 6.80907934374631 1.45465695642406 -0.924966632878586 1.7080898676671 2.76363070038802 2.45716941082717
0.584228718167423 -5.74559728602557 3.66866361127814 -4.79006848762681 -4.96074994331225 -2.36517935298488 -1.67641796230715 -3.73881676035592
-8.01954690079735 -4.84711685232188 -2.61903203738676 -3.67449496013452 -5.36072225638037 -3.21533961745566 -9.66837689423142 -4.0188490948658
0.172489419512749 1.47427681968236 5.06903780580189 9.09732188919711 2.25274152799104 -1.07986845395568 12.3620295051955 3.05099852879027
-1.60326806190408 -2.90053037541042 -1.25190902870833 -4.8748084599663 -1.55773724407349 -2.52897559999641 -3.31533086464747 -1.55782586031499
-9.61412687252793 -5.60668427386701 -2.95253085938193 -7.01730143514336 -6.11258228057163 -1.84033590558732 -3.5187808090606 -0.363104783823803
-0.537841709662929 -1.91671220645111 -7.37989771160192 -0.452169831977767 -4.21544352748586 -5.01664392447446 -8.91385064576565 -3.92450701781816
-2.29463761945819 -1.14290004019788 3.8862447142899 -3.14487420699127 -3.47033428513236 -1.29662979131382 -2.97866712624267 -1.55819481894148
5.61393379516368 0.686368601811795 5.51262155919301 0.364919716097297 4.58340458387814 2.32226568784196 -1.11428729044609 -1.68965083614842
-3.39445850548245 -2.37013676277767 1.3677518646251 -0.164192380324557 -4.4439537429166 -2.35186730587379 -4.20038751035272 -4.20785075454732
4.27062667493917 4.03497005780295 1.68457215013549 4.09136524741434 -0.106392675985053 4.80853009087185 0.662048276094759 2.46187014486208
-1.8417831289527 -3.56641403639206 -5.53096162651239 -1.82663611132391 3.48926686885572 -0.119309772201921 -6.0019246427068 6.98600508663033
-2.37441628805488 -1.39109199259947 -0.505465116189243 -3.87221927586989 -4.22257519601514 0.106677265706181 -5.14965001995096 -5.79034003104202
4.08788286569106 7.73464835222405 3.55509720656687 1.86151657603346 8.20855516533831 4.30701718704283 5.6205698064547 1.81590308096101
-3.76131735348845 -3.85478578793317 -3.62759738742084 -2.54869870826908 -1.24774995277763 -3.70862150236398 -3.63534446333742 3.91031678641555
3.20470463399367 7.29892199802945 0.867075047288527 1.49744954587424 1.66809878625368 -1.09050200553995 10.181692481826 4.67641400101363
-4.87111834671145 -0.0501105005201095 1.83975752982799 -4.44664430966612 -1.41873308114841 -2.78255317988877 -2.45673890431519 -0.209841707015218
-1.70564476949745 -5.85592764578628 -5.08278834039501 -3.36433848941321 -3.55764410118563 -7.04815649754357 -4.67345147991 -1.2135163076646
-4.21450317211737 0.134705890525515 -3.13215782979221 0.44603914124068 -1.63366880507187 -0.269599305669343 -5.80040623468533 -0.771229045184309
-6.32442960262489 -3.83372411229488 -6.07052809104058 -0.558864921741167 -4.05012739954077 -1.10107693235155 -4.33494407683878 -1.42740903968192
2.74002948839461 11.1762182762147 2.99865373051082 5.18423746501506 1.97162790346281 0.90063347053412 5.04532544534442 1.7818459695209
-6.40730138147821 -3.72489828086054 -0.373029714941873 -3.34164301854205 -5.01874968298014 -2.18283695694686 -4.13803347515076 -3.94982165550185
4.26724357456737 4.94548550050222 0.117137110568641 5.93112067005539 0.780409029258632 1.24500115865629 1.63232766492854 -0.406391033509888
3.25337583733768 1.08249301154023 -2.9317066602128 2.40668239060301 0.600846908719607 1.27509098685765 2.61686275530643 3.33922663890939
3.89509476481425 3.40767400590047 2.09133255226176 -0.57923190629569 -0.642744920788415 1.25931983493238 2.29667952365061 0.233275051529225
4.8815037415791 1.49272988123172 2.59582317219325 1.58748728020663 5.06137215072029 2.85224182122757 5.18204561626092 2.49713587510388
4.0728435848559 7.22486421997144 0.0643829435175445 3.63987912560642 -0.28533565020841 5.97565717323621 7.66315777798172 4.416300383961
-0.500541570956106 2.30828365060306 1.50580946869989 -5.14114453271578 -1.53747960208964 -1.94688432982615 -4.39157541514997 3.74270599327223
4.23316437600616 1.72432166878122 3.12841421703204 2.06792391899701 -3.879628784823 3.344466171599 3.34594804163242 2.50600465152645
3.27376569221689 1.772084726691 -3.26644259454766 -0.112577917045679 3.06828517924808 2.90226679773545 5.75297885540717 1.00366261294213
4.34714115456784 4.73129833319903 3.34707415150439 2.96812947916414 4.30519200726794 5.19162381369504 -1.3091216168147 4.79025861725158
-0.357218306664922 -0.195050998471806 1.27189679178989 -3.74156155745087 -0.0526670104691571 -0.572967157994552 -5.14879112424454 -0.182462861344194
2.52618387827403 3.3521532789771 -0.158222128527193 7.54091862158701 4.06542687739256 2.92577657337161 4.81379354225271 1.10748699553758
-3.17957709744233 -4.91650383119164 -8.59884465382943 -2.64682475945039 -2.8719697028729 -2.56442460032737 -5.21550398803407 0.941580679169205
-5.25995424707093 -0.281267518836116 -5.14976655311901 -5.11822842843716 -2.36263426629828 -1.21749408472485 -5.33434997411912 0.575294502241058
5.11589230554954 5.9213204442567 0.0150839978475354 3.48115830970607 5.53664666961627 1.86676792953817 9.41059874068651 0.353361459715045
2.26057507354845 5.20768573799285 -2.21246503350501 2.50342714158452 6.87985017120096 -2.35493184947883 7.77972932194639 -0.696981025587971
4.11953408554101 -1.97455513011755 0.696337760606815 8.68060699688115 5.36852171082254 6.61033292160843 4.27930790582147 1.9293779724249
2.88852691953657 1.60873324561162 4.18454956428878 2.3479134705785 1.19408485205584 1.36168056480737 3.64901020778134 0.342911718512306
4.76398537355626 4.98621130605961 0.537264365252309 -1.78129918900045 2.6307472295913 0.325737401471732 5.68197550789073 3.06727358258538
5.46056986886187 -0.508224072698124 5.00260786939252 0.932063251984158 3.19951913991349 -2.78504160073441 4.20278134893314 -1.94467194098738
4.14647503902443 7.02233698734275 -2.8306643211137 0.861030867654964 3.66377399298255 4.02583129416153 0.90994260702525 1.77435738996062
2.95599621944455 1.74296846539956 5.34528594800138 5.54241593679515 1.59170208148541 4.13315985823157 5.75021128349067 1.02423512436899
-2.28984949893575 -1.52100539943317 -3.33758396133168 -2.13935375346129 -2.83437292300084 -4.53525040092474 -3.99816892042837 -6.29412588259389
-3.49194004913895 -4.25449446905151 -1.19777346781609 -3.35760793987295 -5.21484200053634 -2.6655288359878 -5.18855643525663 -0.82422302463084
-0.691047061249628 -4.62849020976745 2.37046220848861 2.43255592261451 -0.23505671619108 -0.189479317141261 -3.36237982480722 0.717674103847213
-6.71434587585158 -3.16192784654742 -1.65066217492813 0.887423458475035 -0.802671140734528 0.810630410428418 -2.44507534751294 -2.19084740760104
-5.60345451634693 -2.87662491781786 -3.08505456870321 -2.30056148394404 -3.23830337991256 -1.6158848359635 -4.13601921383856 -1.37836770706233
2.68203111728406 1.88722327845131 3.07353263905164 1.97597051519398 4.26310853866281 -3.03825441093273 -0.98223077893501 3.02464286854455
2.53009964141243 6.75940757605818 -0.464304819643077 0.785276427212956 -1.71577022895979 0.452235203815943 6.47100467148487 -0.106876040017213
2.15209518494342 -5.54100700988784 1.04793150567156 0.240700429648587 -1.733115488871 1.20723049976483 -2.71181193668898 -0.457073041114979
3.26140993685695 0.685338958907534 -0.628679618337338 2.36211381471173 -0.0677928852666381 2.3979452655193 4.18382070434308 0.295882398319176
5.86223719139426 5.07519590013096 2.50515490160052 2.349029968635 -1.55930124685031 1.73702237769425 9.38797363500367 3.90416681800482
-2.57719671445367 3.53615450304145 -0.475648172762042 -8.22910710435564 -2.29581271847154 -0.865674429060994 -4.19253144812821 -4.07067122678028
-6.64121568640517 4.0003246880636 0.194725939772758 -2.02302043648521 -3.5751461927887 -2.21917484388734 -1.53144117749737 -8.85970111198343
2.86050042374106 -0.679437785877029 1.31631422456615 1.14538153637448 4.63112363009897 0.924371054932786 7.74400845962604 1.8689202113435
-4.49892472302312 -2.0209934195884 -7.43016640188337 -1.09855964158487 -1.3081040350571 -1.14482208576432 -1.25680982822154 1.78698770352005
3.32802313166027 -2.22414330518236 2.48941905100323 0.0355261556852624 6.04925346963617 1.711139607371 5.99107653458241 1.92246093471078
-0.540098002863671 -5.51197623099648 -4.25562863384477 -7.23230957999299 -3.2423429547185 -2.53359023626129 -5.44414977218526 -3.03282665529229
0.616522412141895 -2.98815241849896 3.49999213409499 -2.45238557108266 1.86831782582561 -2.90662445447104 -9.18084934728237 3.51378109595261
1.53855022726587 -4.45130647063135 -1.49444274038175 -0.0726765182407783 1.50769919478543 -0.377200870640539 -4.21918801025306 2.209290539294
3.47890202341503 6.5004757023096 5.73781231916386 5.5841896710291 0.416414296546599 -0.224633814036868 0.917721631265739 4.48049579283676
0.94654612208042 -4.14567185781652 0.143183133240073 2.57469272160875 1.10151770645093 -2.32287335323948 9.73423233140285 2.05358661846039
-3.15976922799074 -0.932344650045415 -4.09904170702639 -0.0923916776620382 -2.86661972592169 -3.53573792685117 -2.83869482367959 -1.82850725964763
2.05472549317109 0.199743491643641 0.014525311351443 3.54742313040485 2.97476369017709 4.92908481138093 2.41392651198386 3.75329416136215
3.12787879209678 0.0886806032929917 3.67776090936725 -5.85187576334981 2.66681385390544 -0.0880420273977169 3.59024065314063 0.946658295072478
-4.90393887682073 -4.94830245622446 -1.47658973653212 0.00833349676936779 -1.50304975151018 -2.07761565224196 -5.34745249397355 0.127551834939184
3.53205587573362 -0.962966608117133 1.78375511528798 5.21239947077648 3.47179788364255 1.43117741613871 3.30567795098379 2.69392354844801
-0.351657963940594 -0.773329865731217 -2.13598255463345 -2.08015690953049 -2.64920998292794 -0.898206592246963 -1.92620751587769 0.427452058096649
-3.61283420479888 -1.55552600329775 0.766144214634387 -1.01134892160301 -2.40545835170653 -0.507642890191329 -3.582306139313 -4.06918164154824
-0.228942191172913 1.43390655005073 -5.7885768099389 -1.66326899178303 -2.91242051169084 -1.52005896262288 0.762747643457487 -5.23241888691475
-7.09261518434954 -5.92874429868055 -5.07291646542206 -2.2796973676468 -5.29368139499746 -0.845723527367904 -0.630073187970186 -2.91548378710968
-0.461493855275491 -2.06832642258891 -1.68718424605229 -2.65269871517106 -2.52033899181581 -0.531855235671077 -2.71741801142962 1.48032285054083
3.6875194118002 5.40290757639817 0.720413117203967 0.430225479579163 0.265111899743985 -4.49012270947043 3.04414108939781 3.41940973176172
4.83750388903512 2.33766420566243 0.681782521489569 1.79030134893107 9.16592935874133 -0.716363310654967 -1.70031711979983 3.97967327599263
-0.371153721049382 -1.96616919512383 -3.05639854559412 1.76330056169257 -3.80053859136078 -3.73736655125169 -6.89619166619702 -0.695169602364823
-8.42565133207003 -4.51095240090912 0.736671813862173 1.25958829043096 -3.88111025104994 -2.83301739884127 -3.06840909174799 -4.58178601813084
4.74950871302441 7.26461744229411 2.52376300298695 1.47345186173217 4.73689012885412 4.25562827751627 2.08513861931709 1.72553295421526
0.0623304805785256 -3.13683379556718 -1.4665011093006 -0.259534830295944 -3.6786819218646 0.739139721512072 -4.32956997197284 -1.06393826569776
-3.24586368280779 -1.92006498635229 -2.07750784594583 -2.50504505278794 -2.22713778221492 -0.408245795204127 -0.163789074844114 0.994474302680415
-0.209674916350579 -1.43429497629185 0.78488649722097 0.0940157318020618 -3.13598360041162 -2.28304716558933 -0.909424432784154 -2.55140745053103
-0.90677134907498 -7.08933904264745 -4.6391992272561 -5.39251584352311 -4.33451326449314 2.5807525418747 -6.51778774623024 -1.00109172599125
-2.8763178999389 -4.85336279472057 2.71257831889213 0.0783150678449456 -2.03620982652973 -4.19447990931747 -3.23472130993094 -3.99973692980895
-8.28820402363125 0.303709197030094 2.30426023926454 -1.57321652447742 0.312694283026095 1.30091232534977 -4.3011553414616 -2.19758972616446
-6.67661539759585 0.618595107415194 -3.96149024644093 -5.69188922288377 -1.06326238274693 -2.95460733176915 -4.8814210373867 -3.75715787339039
3.56426423898553 7.50539105736726 -1.30524346292036 5.27172818052537 1.69598127247102 1.99846053570344 -2.4880571003954 0.4797886828138
4.23860062331939 5.11469049663333 2.67934155595677 -2.26688457539223 0.448829704932737 4.06922639048855 5.04415807573332 2.15547672213841
3.39045431308317 9.32028738849923 2.35382048149141 2.3807699062569 0.631574693625871 -0.0832529542425633 4.4691460208417 3.99496155485607
-5.09816838187291 -3.95941918372246 -7.73874964377059 -6.53572665257155 -5.1953486348051 -0.41715219156424 -7.18111088047402 -4.076126848356
-3.90719287463639 -2.45798583234913 1.12043688082791 -5.16041036403552 -2.05094389131478 -0.504977382228488 -2.75073465505697 -2.48128420030834
5.3393352467228 1.79438796718553 6.6491523180963 3.49491208691942 -4.95507362716626 0.16421855431042 5.09425092388402 3.39001249723647
-3.752157042879 -6.39533673116673 2.00703438942436 -1.80921793270972 -1.90870883532174 -2.01575812644907 -6.19710299117273 1.38774900551618
1.66996041159691 -0.385423918852988 -0.662037056262016 5.92755269906959 3.84395281065693 3.60254609795695 3.52285160524232 0.552873980877829
4.11190099609051 2.24581108132354 -1.62352081835047 4.02021421262569 1.66267501162223 4.87700272549091 0.0273012577071903 6.27678238122301
4.8448646966611 2.98588012086326 3.44976982716183 -3.37373994302054 8.5297997562936 -0.927426993271463 4.99397265751336 2.74974608933155
2.77291922727232 4.77922295414078 -2.21242351359772 1.95502469412684 1.96273161216991 3.5505911218845 1.15533877133192 0.987159772126867
-6.3705222185062 1.60238041585133 -5.47013518667472 -0.133277887361458 -3.31805201475188 -2.55843795360197 -2.42075749686144 -4.04988365883518
5.34119868485797 -5.67628493540447 -0.0467744944187412 -8.34367770057913 -2.60326012454338 -1.47656096236684 -2.64669939039217 2.23388757278774
6.95154589276344 1.89251869201293 7.35021112308506 0.147038037944849 -6.55552564698885 2.04781612007803 3.87314059281287 1.78452671207406
-1.35968974717461 -3.70146280550532 0.778916453022024 -2.25788179610017 -3.39047045804348 -2.56161884580285 -9.04456666195836 -3.42838273447376
-7.36244283003569 0.614453052572678 1.06645509884741 -5.64384350427277 -5.73664851239484 -1.67623635509034 -1.61827299407421 -7.02955771670393
1.14420220454248 -6.44215428149518 2.71682197879371 -1.76170183990823 -0.482080619165659 -1.03573486866926 -3.99522344007694 1.02039830715789
-2.45875029374463 -4.85207917345188 -2.34926587464168 -1.30267687583801 -2.578828291082 -1.80215031562354 -4.13157580635902 -5.16692583061318
2.3074759121151 -1.8096051256515 5.49907030617538 -9.73837183902954 -1.15022768616778 -0.130326877588867 -4.14845856939151 0.880152395769413
3.53228256699103 2.09992207785043 5.07469441653946 0.480962942233766 2.30624179429213 -2.75262034289859 7.13150558074713 2.56609196598305
-4.30212353698016 -6.6920362318396 1.26940221862419 -3.91572199693177 -5.23519748369404 -0.889729745602366 1.74363166226811 -4.3031850669329
2.17437739859612 3.87933989444791 -3.9374016921269 -0.364940121577767 6.94908773119227 6.68379740745496 -0.861046743641531 4.56417383557489
2.99312105961575 5.0782152069045 0.126663910674531 7.48791453942736 2.62837558583092 2.34879899896556 5.3772312954984 0.971825737773709
-6.03685929203654 -1.43361050356981 -2.24822364922806 -3.95020387689863 -3.55272962187448 -1.26423837309475 1.46774572773806 -5.89191464887804
2.50399737570682 3.3525204463579 0.699143011960125 9.41504474911689 1.65650865151856 -0.0602791331375085 4.16874444819458 3.93164704492587
-6.9763744117381 -5.33731228302332 -5.89961754723212 -1.25536332274311 -1.93482414520603 -1.68695475070462 -1.70039979471386 0.740531341850005
-7.07247831645026 1.19118392667931 0.629373773102898 -5.04751618994248 -1.11696383933736 -2.51393079557333 -4.3990527221825 -3.08072357898421
-3.45499837164688 -2.89208853840782 0.470516199236543 -6.4366631719288 -4.83523999800656 -0.97763077219899 -6.94435728070014 -2.05833005855204
2.8101405924198 0.859440454218185 2.22136906887697 4.37269597046401 4.11275832616066 1.07046482354882 3.71050417041864 4.33999932157111
-3.46943947503283 -5.18420221552451 -2.64051007588449 2.17549063745049 -4.16458481999652 2.56255281770753 -4.04529089434804 1.16450939690042
-6.27325074844806 -5.32542021483786 -0.386678537527906 -2.45940631182102 -1.23160722261994 -2.96387909205353 -4.58494299947355 -1.85825242370942
5.25531739026208 3.67642463376288 3.73397238320703 3.29963308869457 3.66333109366363 0.149311748653606 0.948988891070399 1.01871440983996
-2.07640268105263 -2.91771572847721 -6.04401374869588 0.86831735283112 -4.12715235283693 -1.56067493795651 -5.47279605199549 -4.51067772073625
-3.2843791834953 -0.862788516590473 -7.4179258713898 -3.96260958993098 -5.19803559090511 -1.67142290887328 -7.18046340879846 -1.1808671387114
1.90131442295445 2.12288519339469 -0.358822998601371 4.64461789688206 9.51474040568468 -4.7963056735744 3.73923360737367 7.03972636438924
2.59129910554903 5.24644048629326 1.89970343268752 3.78321955027595 4.61030020198789 1.29766053755664 7.80697017504819 4.86966772834311
2.81573016567389 2.19535477609921 3.78743945131862 6.74027693153824 1.89117516842539 1.18272483443237 6.69524665997639 0.768267244719419
-7.65277790561629 -4.05727798744091 -4.50908125812168 -4.18170781699243 -4.7941985842806 -1.39477558312249 -4.37455937171388 -1.0242039868288
-6.71002567596227 -2.03901705957888 -4.49862168259333 -3.10257727075179 -4.83873475136486 1.40112349498892 -0.859176558252656 -3.58745481635659
0.951358749105881 2.32757384239856 -1.04638606879984 5.88333212032146 5.10369913887778 1.93612826723223 9.48802417586077 4.86008534117468
-3.96502945480887 -0.670598123781932 -0.961465757016713 0.439950853431059 -2.20322045320397 -1.32911447094352 -3.49999948489799 -1.05300188696141
3.69452060110539 2.15122126134013 1.30022508205502 -3.17264664462977 6.44608334240639 -5.39550246793388 3.21942460548605 4.47160564197109
-7.03333930653707 -3.54243151213548 -0.965421013018309 -3.31785686033615 -3.46805212442278 -0.32227587908659 -6.40701892541923 0.808432988995573
-7.84914943111749 -3.33829063015293 0.195184697258797 -3.71530208188175 -3.585623187447 -1.07021595388655 -9.04313329164298 -1.26265428129197
-1.71000852827064 -3.26776707623864 1.39594203959297 0.338693640206207 -2.13415463901151 -1.27796809148808 -2.73461307970535 -3.88945589545127
-1.01136582228046 -0.0978970761710696 1.06236179267304 -2.37413932891231 -1.51425985610902 -2.49855576324945 -1.07640585685557 -0.769173416700566
0.819025790889965 -1.31161249415507 -0.760743528190459 -1.21101574902827 -1.7317082787897 -2.14635253729979 -7.01247737438787 -2.36891492218179
-6.4694773209005 -5.01514223079719 -0.893653176805194 2.29655935490869 -1.41453736199601 -0.557603450034097 -7.62414508417137 -0.198959439683458
-2.34036448574645 -4.88063982386349 -3.34831114247696 -3.77820711329587 0.0364682996429035 -2.33145703889835 -8.42412195103327 3.33488620187171
0.823575469244272 -6.90388329207546 -1.38579704647735 -0.987830986009153 -2.83604886299884 -0.627774466139732 -6.35467591571175 -1.49787245853036
-3.85070526850483 -5.54401924692474 2.19723184851084 -3.97402066212165 -4.43554105546537 0.602494768089343 -6.77629602682508 -8.9808252680163
3.87503445613736 5.88990637508192 3.52553580168758 -1.38300788545456 4.05838332598575 2.22610274271332 4.17463226517285 2.95454801169585
-0.813560396507926 -4.90049043149072 2.20194453477265 -1.13061285208975 -1.43342569644169 -2.57943975366958 -0.229731618635597 0.472449561256435
2.25244794383363 -1.14903706288792 -2.48963103332971 -0.95441656791016 4.99826759484814 2.33274654071267 2.75561484457231 1.65823296492655
4.44700026216676 4.89530761952897 -0.533074613560084 3.52396345471996 2.62655259738271 -0.397482844822313 0.372583890876798 -0.460039699427188
2.82388312800965 3.99982443506726 -0.344545033940273 3.47981479192006 4.5020487723387 1.22303794675079 6.86873989977898 0.669080479080087
-1.08681617382158 -3.36811936898735 -0.77104919849226 -3.47552227540278 -1.90875512374475 -1.1193502091218 -8.22660382596304 0.0157032827156747
4.59464563749261 3.97560700252123 5.50491113644386 5.54471089487664 3.13947753653351 4.14838426225062 3.27303875181336 1.65725038291495
4.05905503670039 1.15214638756419 -2.52924903200588 0.777649889166492 -0.925864297815465 -0.0930840925323744 4.27005431652356 -0.154066632273355
5.509632242018 3.22228546836039 0.00698592122315245 5.13314747163748 3.04077021605413 1.49131364212127 5.34402802507451 3.83302810297703
3.41797587507053 4.16196311327564 -2.95471252447901 5.1741143151699 0.590471161558009 -1.63166338277198 0.661481280961139 1.10592121076884
-3.26566232330961 -4.56562806092807 -9.13982568370891 -1.36269954864028 -3.9946882227753 -3.84920760835114 -5.08154557475983 -1.37467432007066
2.22430034738837 1.94600971548143 -0.298679774572102 2.21901729230337 2.60789699873292 -3.46806737387061 7.33621540658377 3.18905400366695
4.29192510652816 0.684728435948895 1.10826076644909 3.79864170609084 0.37415938819997 0.138440036996601 1.60584157439547 -1.28140546618457
0.064070785163179 -4.75267546784739 -9.30396512767233 -0.0410696244680246 -1.89777813398033 -2.68578108465731 -9.86360102819714 -0.372310774027496
3.70723185035755 2.58630378057531 4.70643097958895 1.51149587567516 3.73090029427888 6.08730486050285 1.6451297813269 2.93384823962161
5.62198950729521 3.85199898648756 6.17538388564788 1.74664620593962 -1.09541081337447 5.75692074901731 1.86049318479155 2.25891500901336
-6.27152981832538 -3.09585422773025 1.23338990594021 -1.93148231485149 -2.55916385615379 -2.6017469772533 -9.5561236746937 -3.28755201317451
3.34018388903127 1.31862964316896 8.70116425555348 4.93817529815827 1.72613353532148 5.41360828575716 6.64058860651061 1.97643976380102
-0.86185871117693 0.90870994306532 -3.46024763678033 -1.89691285262459 -0.49319620811715 -0.292893808958472 -3.73937353129394 1.43028310991533
-4.00644687988426 -1.30612389258234 -0.821583431255138 -2.82514963476727 -5.14916843250654 0.21936364994514 -2.46317757562439 -6.66219902962063
-2.84967903587684 -5.75641473291969 -5.75610363212284 -2.22511194150524 -4.0640309657591 -1.34209120452897 1.2623742213744 -0.124588083148662
-0.898682152584259 -2.7362459261651 5.06384784017291 -1.76235777047731 -1.46096170927574 -4.74677290246745 -1.91302556327372 -1.72274627788522
4.35562434919047 1.37406459938149 5.4088935036327 -2.56186647510098 7.10240611289374 2.33494039698878 2.0803611006393 4.99389018604565
-1.55312742367041 -3.59897183988875 -3.81791351807805 -3.37067373868951 -5.18154836170534 -3.32454096285505 -3.04632754458381 -4.65807017539617
3.16529658846881 1.8731866773486 4.91648871662737 4.18618540363494 1.94596667478951 0.603590529347654 -0.380482734319913 3.39474042569317
5.15209914340365 -2.78525050574701 -1.67167779955229 6.64773231981988 3.73167792625277 2.42575183801734 1.66338041046342 2.37044825841082
3.58379432585531 5.36581266575752 -3.51927669815901 5.06832542179778 2.16225625706776 4.7434119199825 4.98989824510144 3.86949977543704
4.75993263705624 6.04128397481939 -3.58473973488984 5.92431164502969 5.9004801024976 0.152444918763515 1.41771422684909 4.37935102649085
2.52682766338885 -2.14754269081098 -2.45297731115357 5.07345147688236 -0.503126387129506 3.23323198319889 4.40391619133914 2.59468492292705
-8.4313960264856 -3.25600780576453 2.70007450035205 -0.68153233269324 -2.69870085184245 -0.684219167853356 -0.129767631386294 -4.17508027403867
-4.06016416422927 -0.606742728862757 -1.12132157167362 2.10318580454475 -2.23387234590571 -3.38082559657552 -1.12238108925727 -3.33909669260142
-2.64088629798246 -1.20807136526594 -3.72592022028907 -5.90601401615322 -2.31382963357584 -0.417784893676294 -4.80428026930113 -0.814164404355031
-8.19716246572574 -1.1166720913752 -1.08904414729222 -4.21619067325502 -3.15684423826745 -2.5892419894307 -4.25043452693883 -5.13061797601144
3.16918357015562 4.8765269185285 -0.766652006529799 -1.35106846609345 3.40497499001573 -0.31469095842127 4.70848024634072 1.56911735895699
4.93155113097612 4.24346848391951 3.24947912970228 4.10730275819635 5.56857251343702 2.05222535563569 1.10015570196922 0.323411104261965
-3.71742826017263 -3.61924924367581 -4.24001738571111 -6.14838249216626 -5.03783690015324 -5.63005181774049 -3.12932539617767 0.392195976478852
3.70347211631805 1.29294328233015 0.429087548568329 3.88938285537855 1.63244443156425 1.31190789014312 4.0168360256035 -0.0773585213196357
-6.53023922119396 -2.54230935559919 -2.79040799916328 2.73069574786343 -3.05751784258118 1.29642125376225 0.896129509164638 -2.98797658040653
-8.08685089862711 -2.85054854676954 -1.61306508757653 -4.19518171658647 -1.23247131751869 2.10847620204415 -8.89772049220398 -2.03567465948724
5.24227537641504 8.25875463427881 2.83882159048641 2.57839375119327 3.58562020111263 3.71108031014961 12.1760930273122 1.49835995359662
0.93872260258926 -2.48274047268623 0.148684442994401 -0.351714658552917 6.96466479839387 -3.11640257342689 8.66374807078981 6.46742563004498
5.4842012009221 -2.83168547364516 3.16281114202604 0.771289087530333 2.72239670687938 0.189069893511973 4.92042434810864 5.37729362517105
4.02890261515897 4.96938785087874 4.64403875412049 1.34070461288048 3.40780046576051 0.194567160300345 3.52701469508047 0.828318992564518
-0.49984610427612 -0.500376766543281 -3.18644038557293 -3.65925067089787 -1.46877764499754 -0.171129554800211 1.36010645158194 0.682668040000226
-2.94849478412507 -3.58468145832588 -0.6642740206772 -6.43406382405053 -2.26157514768108 1.48536418737554 -3.81606369954397 1.40045514658886
5.48087015691669 2.30622188856194 0.429892362623503 3.43254739366366 0.451182211560607 3.39150747759901 3.11986563329934 4.30981918072328
3.03991476598412 8.58466125209047 -0.50768793356298 5.54763900008279 1.6312070355399 -0.778327904305284 0.316279940700918 3.70014368009433
4.05304616960125 2.63405403678873 3.63974938074471 0.696971700862147 2.05074809814676 2.07609140410155 3.86592444315965 1.22284533614747
-7.29035697794518 -3.35799243891785 -4.45462729488164 -1.28513411686417 -3.53012003302891 1.1963471145999 -6.04767547159072 -3.8673785155968
7.09233616762715 3.37928993848057 2.08767605359274 -0.133365786055514 -0.250199462617333 5.67793629557658 1.28325136704086 0.912354911777853
-3.87669707079772 -2.97772222941795 -4.29339481253252 -4.02252521016076 -3.12873690752232 -5.50979864789171 -5.00563524425468 -1.30254920089676
6.33386918183602 4.68590660934613 -0.743851654216343 -0.728099049018767 0.0632888454402356 1.80310037546155 2.52718820220434 0.458872799961167
2.540730239288 2.46070852018136 2.08913369288677 5.12820023162667 0.662387139869845 4.66710095217447 2.82898083537421 1.32692200919774
-8.20905399706779 -3.08830820275513 -4.63455285718184 -2.89069301897951 -3.45547157678776 -3.65365747199972 -5.10235792344666 0.640740582556996
-6.6913603740243 -2.03607850077779 0.0304588498891778 -0.0503078487301098 -3.6020353163886 -2.10412159372522 -2.24794541479016 -0.97964231188271
1.22822352612652 -6.90555984182508 2.81602725461405 -5.15614588900746 -4.2104264936892 -4.47779232693976 -2.79725108616554 -3.85248813412795
3.33871698464233 5.07680846510478 -2.1491265080744 4.84603260065739 3.26645449107144 0.429267788492776 3.55417164623813 -0.66058662734226
4.47424176173452 2.27415498509285 1.27733463886505 0.99003802436789 1.64074150869836 0.136395066433983 0.692260244753915 2.64367466148505
-3.7047524866007 -6.16864542323947 -4.39278894169011 -2.96787422197336 -6.19722706932903 1.39854786254322 -5.61182013112381 -3.12667676308075
-2.77971987365758 -0.960864918087618 -4.28827160268133 -4.54024221873426 -5.37153533903205 -2.58356214603704 -3.17985343923273 -3.23970450946253
4.385370531186 3.36539735982546 5.77418491786735 4.28932067255905 5.34870406610311 6.91583588378256 0.828730614858491 1.24370841829962
5.13022522002257 5.85564321052151 3.479697253282 4.53076128821515 -0.386085281140951 2.55832116810143 4.65636823675607 2.5367284860699
-3.03135367980541 -3.77932768960013 -0.724493913209406 1.81061481808749 -0.050051921633782 -0.286842995624303 -5.38436741174925 -0.0215897360850752
4.5556781573818 0.501217349760848 2.9532351422902 4.83833731005186 0.815770277110446 8.55192267052465 8.92315985786204 1.48894070594464
5.36509788397493 5.53883846239766 -0.802716523928899 -0.208760130525343 7.75754435508642 2.97690368589723 0.496545252142717 -0.590324558918521
3.74198704386223 -0.234232510727133 2.9866469529878 0.59839038537411 0.712281452453873 3.09811699296061 4.12185558222603 0.353396295558649
4.30758091281969 5.37996875538002 6.93104495612798 2.52807821723581 2.7538083826389 6.0711707889768 6.9620718686878 3.94296181857723
2.49879783570872 -1.50118826458111 3.72941396328697 0.249510066639876 1.01929007015246 1.81195631397644 8.10521249139306 3.84599401540365
2.04197832655177 2.36351125200302 -0.0503052464251297 6.3063134217728 6.03769829084378 -0.254546690939002 5.97856871739871 5.44269714974761
-5.67975360349767 -0.702491181253848 1.05658551755301 -2.56127587875139 -2.0824514198081 -0.747234645835121 -6.77466752041905 -1.43897146587553
1.80040486292478 0.721398350657127 -2.36290804792646 -3.02645891312997 3.00063918452568 2.3342045389331 6.95944322438381 3.36161334551694
-6.75327453184607 -5.09542717194029 3.12114751904653 1.3708090077583 -3.63617870897419 -5.82993567325264 -7.88623534115641 -7.18955018211985
5.79019818510682 3.94313298882492 2.42387267886842 -6.47522675731278 2.3570527256884 1.41589859855232 2.67411396839803 3.57433980998273
0.92782491661959 1.32728163382251 2.89411652745952 7.82841750625515 3.60503032911198 -0.936444667168829 3.4980086343624 3.83992108534465
-4.23513419024205 0.0514624446088625 -2.56733612128449 -2.25330852920628 -1.19760541879397 -3.06630133312047 0.16022400279757 -3.31685965761767
2.58202974971943 -0.452961675302962 0.770724765370822 7.13214780203243 5.22911831998929 5.13918817569903 4.51107841534707 1.59890157481984
3.52626732412945 1.09958145040324 5.41397759862143 1.55238343827873 3.68945132442551 0.16241503637955 7.93143076375 2.78243746248462
-3.78366111563263 -3.80658262627913 5.39211377671477 -1.80357336572682 -2.2071915264465 -1.16146973576913 -4.02444078233461 -5.37970682910283
-2.32853224624643 -5.27387077829417 -6.03402217386549 -3.68387355822049 -5.01210094041978 2.3356467019275 -4.19967763292034 -1.74893226206862
6.74474362557992 3.40608101741821 3.51852624000571 2.69821233902032 -2.78654575797312 -0.236054504668529 2.15525127587398 -0.131655656790079
-0.231292177837286 3.89203525720799 -0.527222991831599 3.81992466918657 10.0900991727824 0.011719254802486 5.77149833729613 4.55463924404515
0.831731183565229 -3.49333250965075 -3.68716367299022 1.86511338953353 -1.94481601829825 -3.31040199979442 -6.37732436489012 -4.45641060925804
-1.31231417216812 -7.11953850601093 -0.588628198756841 -0.232328226007721 -4.33811170836268 -2.94523564390613 -5.78971765912803 -0.341845562286932
4.9658000142673 -0.51413730787535 1.53861153822418 -2.44512434651473 3.23544594759121 1.24814625421513 4.37657111970063 0.381852845579129
2.57747945444173 -0.500501652668139 5.9238087685396 3.30283180631167 5.32372921133642 -2.58196460235855 5.25037480536371 1.49873746972558
-1.98351524157383 2.0150245592366 0.166311742320257 -7.97462035900173 -1.4654584193258 0.0894412085813943 -4.52670191707452 2.01124209930776
4.64409668956592 0.489454037299248 3.90487499953218 -0.20854723276212 5.29912649054228 -0.0703731273502188 3.61192305936413 1.09115675339889
3.18524030177589 5.93363299408785 2.94646383517158 -1.41111944025387 1.98594214149146 -0.0080144959723063 2.15678939505297 1.67897730275343
-6.36372336295608 -2.61785353064895 0.259399205846552 -2.89468752824439 -4.75936963118748 -0.896444490088063 -3.76251079421541 -3.9004686754612
-6.7646161102029 -5.77240527153666 -0.253616283005581 -6.56501680919618 -6.64428469035992 -3.03005477143263 -4.57584953327315 -2.9199107527994
2.32200915851057 1.56420048053022 1.63955750947001 2.85561668501614 3.90483545393408 2.10153343845673 4.84333292154879 0.383142566324897
-10.3894910417686 -2.790394326917 -1.28320614654061 -3.6692442965471 -2.44409576689278 -2.09972123828593 -4.43545910774007 -0.272551512623663
4.09476771311987 4.28807899127405 -4.59591098259279 -4.19498567034062 5.78795408275422 2.37717281776799 7.4837438283508 1.60535672841318
4.16993987534273 -1.52681105753654 6.0661511751278 3.27927967344307 4.68100912026218 -0.988406091271834 2.95076232040035 3.1850254685739
-4.71606568789808 -3.2454875447737 4.96576282364587 -5.12644859634127 -1.87330455877108 -0.820344287662285 -5.14343993045878 -3.24634029292928
6.32373047696344 0.0542850716456398 6.14740665914772 0.401755721266956 4.50980179689797 4.2141679913533 1.9550199301668 0.334958366283906
-0.759236133667348 -5.6076056704258 -4.17399812084701 -2.17507331874804 -5.32555382696962 -1.68881056010227 -2.47075632901389 -3.95511792409353
-2.01727252893889 -1.31835616320089 -8.4598585167377 -0.67472007769805 -7.39416115228309 -0.432094719946236 -6.37880970852428 -6.86095325999962
-3.48821306294146 -4.38221095651929 -2.79193875692595 5.90572317223 -1.32657264888465 -1.66140666871956 -3.67195570722173 -4.03627836823604
2.79484162701078 4.54244129739427 0.0962145311512277 2.1017857670568 7.62670596003653 -2.45233165825041 4.77409634282839 3.46040499155602
-7.93593721351675 -0.523281033641208 4.14187379633089 1.31408393784201 -2.01601364723129 -0.440027942319228 -4.36900115530277 -2.91230507506899
4.19035318557976 5.36347117116941 -0.363277739672711 2.34205096206027 2.06965083941976 3.25672991385395 5.7469044341905 5.69616583089688
3.04260430298897 4.33422616703347 3.45162131327335 6.16277444420475 4.54442036935802 7.35210785878734 0.683639313038811 1.62012308555048
3.70080740896373 6.26592669798344 -0.470193629085441 -1.34639659819049 3.39513414128368 0.70156037243944 4.29619511388788 0.680384096834658
0.30749187399116 -2.64179554882375 -1.32648656536376 -1.42586982525121 -2.59318057067504 1.17023644711011 -1.23910389105281 1.04913163303115
-2.45036195825412 -3.43396565365855 0.414078006243392 -2.39659738339263 -2.4261412377416 -0.995943392905144 0.054200206059007 1.39754612139193
4.58180019292221 5.48080895770284 4.47146705687061 5.09571948330683 1.21326125893831 2.62224940301987 -3.6616478778291 1.70168524592036
3.27673939993845 -0.868110409531663 0.850664328652066 -5.12996345568938 1.24813139957599 -4.2264982377973 -2.91454029278455 2.04347904767009
6.32792974473696 -4.23661007749221 1.72393614841246 4.58430470131454 -4.97446900800194 7.17587859680605 4.285900278005 3.29470860308427
4.35688173843982 1.45770365606116 3.49214742097071 2.67126254839829 4.82256131808179 2.46654121826635 5.97435104216907 5.7791490240447
-1.83530514238384 -4.26448598710406 0.739129296665476 -3.66903165334591 -2.72715711710539 -3.76503989382453 -2.55128188760751 0.17935564089503
3.07098704956877 4.50676294653815 3.30092014892971 2.96721006738543 1.95844959553084 -1.32655904256104 5.08983424679903 2.21541836976908
4.35266883204034 6.29205130790281 4.09246208539471 4.88370699778748 1.46857681962357 3.70154887541284 9.17636022124419 1.99827057509931
2.67346626589915 2.96162002235348 5.32952432626375 3.59955611364904 6.98580876200835 -1.06790753423274 7.49506773827787 2.69311621267541
4.32465505832446 -1.72919954961379 0.335844344933013 3.17589994211026 7.05998581947961 0.29193885081568 0.00907817088316865 2.28663667672852
1.96026320080585 -1.38385367733345 -3.3562927214651 1.5218478603097 3.72630696872761 2.48147184021302 4.70113148681649 1.39948613404339
4.70070324020346 -0.118500436336223 3.85095525756964 -2.89025429952013 4.11232602819765 0.430919665728476 -1.4438424879996 -0.678666279427253
-5.12003524324047 -0.94455387917828 1.42607132162108 -5.05903229493977 -3.16296226966643 -0.869255638791546 -0.0314987273138057 -0.539010639285289
-4.43891060248038 -0.216555730078737 2.77622260333891 -4.93939151737711 0.249677591064641 1.10873551801945 -5.38431784053522 -1.01491532781214
3.04974845085495 5.15243298515929 0.351842428152892 2.91707134742942 6.71635169295185 4.18741179380578 5.02767440134347 0.00666957681944336
2.34190299309264 -0.440943227090389 1.35143410967555 9.3584686224647 2.66369515727486 -0.0909398249821101 1.77511657327874 -0.517506690590829
3.22729901304691 2.74395335429875 2.98113215603159 1.56020877115373 2.61086300936294 -1.9257094323782 1.50720222910466 2.93474879224488
-5.91123898849377 -2.38224687912042 -0.214829596938534 0.569858879252045 -3.72448177068873 -6.21278767160485 -5.43322246879379 -1.64811907657041
5.05968378836341 3.034394474924 3.8230011151804 1.49327936032053 1.85923428478219 0.845727684297398 1.81636249869471 3.07986840258935
4.86542314468474 0.984456094008152 3.87832923578387 -0.452773893816072 2.54448138353641 5.54522517469509 7.65559341429488 3.58392839069847
-4.18823410167302 -0.93655022979148 -4.37586719176668 5.5375357200466 -4.15725493146583 -4.37497431895969 -3.5449149648925 -0.340164110966178
-2.49138303397675 -6.11290318286836 -6.55277348822349 -3.92232239172744 -5.32026061346073 -2.91443882874164 -0.602523524298422 -5.55957917607557
3.48890274821024 -0.399550183285185 0.834785580367942 0.397129270754017 4.59996601658534 -1.07792936047736 5.39433804077662 2.87423122643742
-0.82010137401646 -7.62546622195216 -3.13082042425573 1.79294794558599 -0.897668250542086 0.0122403217301821 -6.59390880342441 2.0174974532849
-4.87445746285029 -4.99437150189209 -2.57089520703813 -11.2561767714741 -5.47176032295159 -2.80121861265249 -12.5306131058816 -0.887359680528764
5.96753055795217 2.3553611541093 8.05314897776801 6.41924437815443 0.331607481770419 2.52133803776332 6.25140091924667 0.00438601176891762
3.29513924308915 4.04130032091651 -1.24738978088196 2.18270297160158 3.34058535475272 8.56735586055297 3.25874852161957 1.6971763351208
-0.51554106056158 -6.03786855955217 -0.417606244049919 -0.647925254786228 -1.37690640128184 -4.36369498511811 -0.0274599109889815 -1.34069059416131
1.34783045064241 3.80996679025195 -0.47821423596268 6.38059814743036 2.3475105480264 -2.7388291247353 6.28313451087046 -0.815297932361509
-2.80867955143594 -4.68376791002947 -1.49581640002717 1.41895972384666 -1.37609310218458 -1.15886580552027 -4.21846601070595 1.48459722809781
-1.04577152260597 -3.03033834477774 -5.34032956801246 -0.519673435938473 -4.02407232231136 -3.29457716836062 -2.97113164935386 -0.515176217189076
4.16026766591647 0.490890843493238 3.6947160680876 -0.866080063997162 1.5344396306124 0.367966920082343 1.55405703097915 -0.764765054342803
1.10106693870619 1.36232243224745 -5.69827164013928 2.74946290603927 -3.57728447019955 -0.91909918540043 -5.27802661808983 -4.09605041359098
1.407612219235 1.76904515977985 0.712754962679111 6.05959287139402 2.84606432005275 -0.500424883579145 0.146596016680115 5.52883270503425
3.30056114489122 3.26630357264297 4.13293722269004 5.41663397061767 2.44676218634011 -1.70763286950877 2.15503265353441 5.55548076006865
6.95372112850633 0.705461571522711 2.93305316677172 2.15430359737595 -1.55423021973712 1.27856181267347 1.2200954699456 1.54033838987966
-3.67966376373914 -4.4300107397354 1.12527206569666 -3.45002072753841 -3.11889480756364 -1.05502640382292 -4.47081933053033 -6.21517132442979
0.165168589353736 -0.658800722021167 -0.79866234822416 -1.91881655952011 -4.34556891911433 -4.24907355790636 -6.44937589884307 -2.52631577953838
-5.02403713247023 -1.15354328085919 -5.24396497957588 -2.29556981450297 -2.40839017619531 0.937271982603697 -5.84790612289401 -1.46892105342531
2.16195565496817 6.4628130028254 1.88500324105082 7.76869600523033 3.60203248243575 3.79137854221367 5.53004614412462 1.37572786443212
-0.86231888357047 -6.50653311002915 -7.57830385777159 0.272581094039052 -4.8633676883896 -1.38565912207684 0.594172437300429 -5.32983866787294
-2.54290405945064 -4.83281494661122 -3.86449103492003 5.00408717882782 -3.47154290403473 -1.83230442209279 -4.47024268026826 -5.14916153906509
0.0469531745797171 -3.84715581163429 -1.58269875272434 -3.96210907424226 -1.90611701045046 -0.620661934671712 0.112416460503819 2.40257313832671
5.24100518459706 5.64548972572914 -0.313153271920607 0.252786642354379 4.69962024197815 1.0137065160554 2.46716310767905 -0.0563226413423701
-0.721255568728302 -1.0380578117888 0.72409702438042 1.95684298714416 -2.52930844017843 -3.71965445704094 -2.07934447371615 -5.36635275210918
-5.51557190674297 -3.97907025400885 -1.31169808736377 -3.82131547031371 -5.7391841968561 -2.81352932259719 -2.50215980936967 -2.19190188398476
-2.5982682061808 -2.40776732883036 -4.04830205344075 -1.10441210915508 -2.86182375459916 -1.6434295676407 -4.97413239662768 -3.6776258647147
-4.84020959677444 -5.42994406954809 -5.43381710087104 -1.68357644404619 -3.73517180847619 -2.78050370806177 -3.59029797819116 -2.70248279858994
-0.353291670897519 -4.25397668182591 0.25310686599197 0.367568626028633 -2.88823576208333 -4.11410168228495 -2.84811826673921 -4.0376685407028
4.14597595980879 1.68741715424197 0.777650399282974 4.4630963410968 0.994476093018466 3.2275274058272 3.65432414314833 8.85663766667155
4.20634270127792 -1.45722432250621 1.80757385153357 9.457202872433 -1.03214941614948 -1.70964178647495 3.05953544468985 0.894906945594372
7.32116769005461 8.17046555246376 3.10451419400127 1.40265021421305 6.78714913240599 4.54587941365718 2.83376840743504 1.66600842008763
-1.9033803410112 -6.50936110818812 -4.8569857836553 -4.07518286768781 -0.142938800097865 0.509634698020141 -6.65863728541997 2.20400016314976
5.28819615441487 -1.24309549861711 0.698449291742995 3.28049777227696 5.77629973680701 0.0458990071726764 2.41111588307502 7.13365545817801
-7.21570255341373 -2.34243406744221 -5.84401954446004 3.69775003981788 -0.844963746287876 -1.77343866603434 -7.24358959355236 -3.48760753726841
5.31159203066998 3.68373474278648 5.46194001060426 0.197111472222713 7.47999361023942 1.97130273210267 0.376583453635254 1.01296300521223
4.67837855265816 3.26256306799205 2.54415977465919 0.161790316410316 3.37979356878105 -3.34501926949164 -1.56250433120573 3.20455986689519
4.02464187116244 6.74330317889687 2.63434350556081 0.944727017970078 3.62883272178967 -0.489735486005427 4.74024025953165 1.08848807546537
-1.49034341994301 -1.33757585712092 -3.1518818171166 -2.17163483300824 -2.00307517290542 1.80266142801445 -6.42143775312582 -4.32605655211702
1.91572307217887 -0.534813940696049 5.28160605074754 -0.578300531332501 -2.04948570531935 1.29904424931863 -3.40694594933909 -3.45539688022948
-5.31030556647054 -1.00991011359315 0.486789463991213 -7.85794244239582 -3.45226240302614 0.489183452010393 -0.417435353671737 -0.391559240890828
4.87281092531039 2.7715313084169 2.33632469756127 1.74108980670354 1.74885156670642 1.07184276841685 1.36681598413139 4.35981338703594
1.69853947489457 2.06343775504154 -1.23211607651609 7.44839046078374 3.66451062729212 -2.27339959831975 5.63506631116851 5.92453109993901
2.84218906649622 3.07073485562604 0.279445105359956 2.06144663053897 7.94260176506146 -1.11315315745189 4.98126527398678 3.28234030358665
-4.1851225991938 -4.04781924303096 0.185432946092258 -2.53451324319783 -3.40044771486287 -1.83979541670897 -3.85837032775322 -0.785783100640342
2.03771895300869 2.10123923439777 -2.76408295774526 -1.2322046369242 6.62134101398613 -3.84327170034605 6.18506532107681 2.29202627229688
-4.77994443030885 -7.51940949541137 -0.144277737038705 -1.66461335034363 0.259633985777064 -1.444920576056 -6.33095584726389 8.22634852253743
1.93377306665544 3.96381682606005 -0.403089197004392 5.38168057861862 10.9206371581076 3.11595961080442 4.09275943163038 3.25737024506225
-5.84039480403885 -2.17435010747107 0.170357911875733 -2.97482253438186 -5.02063539310558 -2.24497702767875 2.00016143099381 -5.32969814589621
1.09899225792265 4.72242305746911 1.13281183045582 5.50313854862839 -1.91240433482486 1.782995476821 6.79374891713267 4.90129266935896
4.61889355845183 4.6758460541751 0.785704069484883 -1.56008319600725 0.469273061094629 3.87391436475733 8.37481099202347 3.99309552855719
-2.74846827286817 -4.83120331671029 -4.00127295179855 -7.33234574149068 -2.11573084252436 -0.850505253228634 -3.98235779543565 -0.755195370113201
-2.63223520477475 -6.50574200283698 -4.24650927320156 -2.96776935061085 -3.69926041967832 -0.957940003288806 1.46671728856577 -2.30073157726149
-6.38863743874907 -7.82478612511148 3.26362363192248 -2.91846971133432 -4.14912041437338 -1.29871466319311 -3.53871659127917 -1.60292563414654
-5.68860286599121 -4.3934712446622 1.46642131143804 -0.570678982188554 -1.97153537712859 -2.92601110479352 -2.25674123984249 -7.68957502162862
4.43390270310399 4.60554868843447 -0.769538330134006 4.17735390866999 -3.66296720904028 0.131939356278899 2.32820764100276 4.34024264388896
2.93253919108466 -0.402097858632096 5.2519467896573 6.92776501183177 3.10478830348126 3.81446914539948 5.73820837240419 3.18504127243923
-5.66729717289531 1.18525691181715 2.11068175410455 0.0580667525754968 -1.1321089099655 0.00542906184216596 -7.21487890653645 -3.62610611775756
2.47122698213434 -4.38216348694384 -0.323239465084831 -4.12496998935163 -5.17997268081537 -1.17548989013591 -7.64070053211121 -6.53872536497091
4.09803519300925 5.1262791518333 -1.68544062986784 3.17050109969791 0.790583653705238 1.43155837894855 4.02047988114045 3.11740507872801
-0.308150918686322 -4.71201012933984 -7.97601898080669 3.13958564321811 -3.7201499327441 -1.49460569482366 -6.83764188350197 -6.83824530847121
-4.81853111302325 -3.76914490764601 4.62760592480878 -4.07004934362453 -0.85655761575393 -0.715663574815128 -5.24650511245005 -4.35169663807744
-2.28042614257798 -7.88623007077054 0.288263681673652 2.24505274245138 -1.79432136690956 -0.718085207286198 -3.62818269385393 0.640906641664107
-6.36553855947976 -3.64563484791001 -3.48380696749902 -2.20445321614759 -1.29679464764515 -3.95995370693983 -3.73312106149451 -2.9726686207316
-6.27996323265321 -2.26719789826998 -4.08809342862379 -0.0293378014279937 -1.4309868826311 -2.40236494182082 -6.64559990785456 -1.55322543705701
-8.45134024931622 -3.2933320951129 -3.89030257530919 -0.194869508044009 -0.63527333803185 -2.46958228760643 -8.12678731369409 -2.18592070858004
-0.13424032004901 -4.15176636833494 -1.15263496682801 -2.48545135007159 -3.38942544983546 0.288257391929406 -1.23255676684059 0.622499785095525
-0.230978945575521 2.83633284363253 -3.0105521353848 4.06727531392583 7.08053892086573 5.40211849764297 11.6273525364817 2.10691017318157
-4.11767797936468 -1.80833741467456 -2.0620113260756 -5.75926465259034 -2.33363191495716 -2.5397098067325 -10.0086371682267 0.715596483937346
-2.46841096817736 -1.63303816059913 -1.0918162145861 -4.62441811500753 -1.77330664816134 -0.111916009314645 -4.68750037281285 -2.1281575899117
-3.5052938397166 -4.70010357173377 -3.70219478821684 4.29287562087109 1.28944924002724 -2.06401407699376 -1.31779493999667 0.446380533568647
-1.84324232598822 -5.05773983309952 0.469851782123029 1.37940592237818 -4.06981978920867 -0.592705490464621 -3.6877422717022 -6.04276941983247
-6.90877844554574 -1.72616310323871 3.29936276272101 -0.423462782834439 -2.66578167160743 -1.17130178780139 -3.52620495219864 -4.35488260589533
-5.9563225041136 -3.656365367723 -4.69267763491053 -8.57119710831465 -3.42062205387216 -0.84733461379541 -2.84694876944105 -0.277428141319092
2.21268865230165 -1.94027152201533 0.447386061129211 -1.44961270262731 -0.785550232692863 -2.07715102040597 -2.67847259875492 -4.65052483782182
-5.51686301008034 -2.44442274739657 1.3138709352851 -0.577106593128251 -3.12495338225192 -0.865442827102194 -2.77152321906875 -5.21374556971332
-4.32026589532997 -3.35783150109437 -3.1452637780395 -2.35753516551438 -5.58896507091597 -3.47115896034075 -1.98112922435849 -2.01118260062128
-7.13154519576936 -1.84721850025413 5.51688657314282 0.966876789219078 -3.5952022449855 -7.17159477580576 -0.34706588037678 -5.87106971330976
0.388085550627514 -5.79866609226942 -4.22515515157708 -5.27213393813262 -4.67097445148617 -1.18165186911602 -1.25129095979367 -5.52766679625792
2.77759409775256 6.55572804875067 1.91583528850238 1.7724648881966 8.52049157756541 -4.11517044515376 3.42369033323085 3.03980898882412
-1.02960026658196 -5.12301833125995 -3.89266186542984 -3.5717334577875 -5.73485305980217 -1.67202953704782 -8.41997400283087 -5.87810217523793
3.91329946720252 3.7749286299252 -1.30949815124689 -2.16216433645514 2.13348408371485 -0.378624172902203 7.34380738149875 2.57449098058187
3.51829195609181 2.62146279618621 6.96894167421205 -0.729289484930255 7.23243717095651 0.660958848262458 7.4646864332864 3.59067632230816
-1.30294659756695 -10.126800493915 -4.42605406711889 -4.90277559801598 -4.73934099431275 -1.17013872352527 -8.59310110888321 -1.80547124584519
0.481453198693516 3.38332740888473 -3.40901544247446 3.78024759571962 9.3612625369769 0.613033478865122 5.94117451706824 3.21093982220792
-2.42717838309042 -5.1358594416037 -2.92358563347768 -2.04701225081393 -3.65485325099454 -4.09526172340118 -2.64359120726273 -1.37412278909964
3.03611671605361 0.189107115493843 -1.44986652173267 3.82118595078348 3.86603531952987 4.04581582437081 -0.0147173922849468 -0.740607623596584
-1.6835912682511 -2.81016051810307 2.07765556346619 0.833672371075533 -4.75654086989516 -4.8294244496277 -6.10771197344168 -6.53213434071202
-9.17933797173419 -1.37334382151036 -5.20078805762779 -6.87002618034052 -5.91768760221154 -0.526322132376991 0.486528846325871 -1.13585527096775
-5.31126266136334 -3.52320807921366 -0.431262613977392 -6.55975898127189 -4.93513330174894 -2.52546754343122 -3.41341145426414 0.978787181918127
2.29620219847628 3.07966830288812 0.91080715274443 1.52969786365857 3.73197925799033 -2.26700848231695 3.05962630939227 1.99178777518183
-6.8078484680427 -6.84675828577079 1.04110200276559 -6.80294190883413 -4.96833861412825 -2.12549139154826 -5.81752019221675 -1.85499335671316
3.13137510597766 0.984748680385765 -0.755476933350808 2.99071693560759 4.43453071777584 0.338550613403337 1.31002098230086 1.24405275344893
5.04939489068316 -0.959376081248174 4.74709046198375 0.322470849884347 6.35504461910193 5.51209844414985 3.26038255899581 0.869459328237159
3.52612878193158 2.43412714518215 1.93563365110865 1.09814209575136 1.87977722775002 3.82558282216227 4.85533387703949 2.04150864899639
0.181116041435791 -2.13760541333872 -3.59462142028413 -1.18683071146478 -1.71754033296272 -3.93121935665729 -4.13033241447775 -2.38793901687582
5.70667352922483 4.87423869544644 0.384272307067275 1.10775306800358 2.04349766212982 3.36622498569002 4.27280506664194 0.341351650598152
-3.52181842575472 -2.9097121236592 -2.46949247681396 -4.26880368496093 -5.90263525431623 -2.67849517659654 -1.65876143026573 -6.60774040708966
-4.4325307001396 -3.52081594087008 1.77098018111436 -0.413999912794475 -2.097006570481 -3.90199798761817 -9.36912771277185 0.124382125983217
0.833429518792387 0.21461902177142 -5.64858035395464 0.321249129936407 -5.59610420932468 -4.02654767154366 -6.45423709028708 -7.40131287811116
-4.50598849164066 -9.46231777030083 -0.337623092722448 -2.97584404304766 -2.10771658550696 -4.99848068533443 -4.71969681966639 4.25545822027568
5.93874434775339 4.28191701610675 1.31695587535227 -2.80309173250813 5.50111778230642 3.68610587747825 7.38837109258934 -0.624141856707621
-2.74796603775439 -3.12567828683007 -4.07156389572977 -1.89589884270841 -0.107354225910592 -2.67759440774749 -5.14874082952879 1.52974915751634
-4.25636620530525 -3.84404927227357 0.0613243219742834 -0.999688235912201 -2.32271281732415 0.893067320929137 -5.16577368157082 0.705653520539804
2.57472541806838 2.2996906639811 1.49886603257915 6.37220085131962 4.92167532345113 -0.0338356756279103 1.6634136132363 0.37535449403438
-5.58214989999415 -7.15414057694063 -2.35522901824908 -0.91113401055393 -2.55594187531219 -0.519507983730163 -5.70649486869879 -1.87071145648011
-0.765588698113139 0.00764860853933591 -1.64030736483177 -3.9194892606701 -2.03880115181578 -1.07756701401578 -5.66549542238581 -5.18910609390103
4.63074620359966 0.230420605209929 2.62318923115404 1.23926611116532 3.67609928400608 -0.531550609267346 0.434455557713773 2.58636493487861
5.18479298191434 4.24148152938932 4.13596606910746 1.03763419957578 2.74342497087862 3.3939609312165 -1.06256664817262 2.4968394590284
3.17807468563944 0.21233683531451 3.65025321223272 2.30651886387653 7.09311592448613 1.44738834695142 4.3174369766239 2.96738207103125
0.336458715587488 -6.32370220465901 -2.69231026193097 -2.95512520486858 -1.29391871599665 -3.51994341792604 -4.93505637986517 -0.972858477419841
-10.4222422116522 0.375802494174629 -2.90383026614519 -4.32294704004436 -4.54062619902487 0.679789556949307 -5.90905528464235 -9.1266305281107
-6.09903777012476 -5.06429810264174 -1.40247385387371 -0.394164066979084 -2.12788781736186 -2.33433855742015 -1.31570737015985 0.437769340615513
-2.0608695315942 -0.655804465813952 -2.2321811345918 -1.82342042357327 -1.4075371170909 -2.18870669039182 -4.49786195227869 -5.00964358789939
2.9973032917708 7.34534335477394 1.37709748743932 0.161034725383663 2.27868635539329 -4.39280178079168 2.49120705386313 1.7791273375368
-5.18331241157624 -3.56842818751521 -1.25429929414782 -5.24777781541622 -3.54511211435934 -0.18895808152498 -4.69193201144446 -1.84760327779754
-3.49596556062014 -1.57762536936195 -3.90210020476686 -0.177777249935519 -2.84733586497284 -3.67570906512567 -2.63704730375732 1.37006523437584
3.22653449253327 -0.409043728608371 -2.04054440924104 0.722430982441491 2.1782300891291 2.28887463982213 4.47001475663854 -1.80575698610355
3.21363441678655 4.67291230804699 1.22778896254479 1.13970177000247 5.10120860762213 -0.367389356794181 1.40592286706778 1.26413838680208
3.41388521101719 0.956035387712811 1.58636736523708 4.54972603712209 4.62480683285583 2.30455046313593 4.52162449321935 0.978997940124516
-3.11070625856332 -3.19265492647585 -5.41896747125858 -4.29946450312184 -6.15947964244506 -2.89447482515637 -3.14870058572481 -4.32218938207549
1.1003800421561 1.08988868058723 0.592342763288625 7.0192999050398 7.19489165191871 -1.05379393290703 3.8330347875196 4.25065133378139
3.22729439472334 5.60408081615326 2.49367922116222 3.17707075973657 7.38036059090433 3.62510509380496 3.78167618225521 5.05912094801895
-9.21985115687099 -5.38787866474987 3.10710042691605 -1.42232046955464 -2.82598279734175 -2.3283275323111 -3.90939327068297 -1.22483101501387
-7.37820680226203 -5.71632901812597 -5.99077671965265 -0.108936165179554 -2.86624814379283 -1.05954945289307 -1.91293822021124 -3.42435261566638
-5.56405150718806 -0.511202935818384 -0.0999669676821986 -3.11917605714732 -2.48748606267069 -1.05784788933968 -2.90061485943533 -1.39665580436103
