x1 x2 x3 x4 x5 x6 x7 x8 x9 x10 x11 x12 x13 x14 x15 x16
0.796914480754614 7.53876326008262 -11.2036286809246 -6.22370668911925 2.17164478639222 -3.3883814990554 -2.33675249779931 0.171869544743606 -5.09672583179505 3.83792760649516 -1.64167472394727 -3.0144143159349 1.16795297941183 -4.97182398988017 1.67652527253269 0.908461703518962
-0.797450604673569 7.95131296790035 4.86554755231377 3.97930998059809 5.99465489194043 1.54149339365378 -10.3993182229685 0.112040835295903 -4.5074068002633 7.27343775926286 -2.51360773646691 2.4708781319671 -0.283487518586533 -2.18796294340215 -0.0694092199612513 2.90122132256626
2.5218663208167 5.9572315451531 0.792488908599963 -1.13628288161424 -0.562922909877114 1.25794472226451 1.71873428119319 -12.8553587409241 -7.99311303945551 2.29792544276189 3.08057075478624 -5.01244100339628 3.77390796249624 -1.13417433859565 3.63977148493312 0.0827804292861883
0.101877118909594 4.4326278795207 -15.042879417157 -2.74428146996156 -0.0904850403676534 -1.90438823003043 -1.71943099227594 0.824306865225997 -5.38102899661436 -1.12821182610754 5.84860703868222 -4.67795904846308 -0.118343476579154 -4.15738324676434 1.11956350332441 1.42640328557366
6.30201831170071 9.51924464671081 -1.2080604994665 0.237876851756254 0.746424172817885 -3.02482254131242 3.21798044241984 1.90835721452589 -4.53333976140239 8.34597100669514 -1.07937426649735 -2.2464171263242 -8.03999840069404 4.9877044769655 2.09414965764792 -1.34031638035188
1.8811651220033 0.07101186304123 3.46003262693423 -7.27122004084365 -1.22510807613408 3.88249313077764 8.69254890490815 -1.33493644776644 0.0660273410690297 2.3028220038907 7.24382439003283 0.237874707870722 1.39340506154131 5.935714072517 2.24453238396783 5.1925844833404
-1.22598580062975 11.4797713535846 0.31834395099604 -1.59279391443481 1.59452312342721 0.742632520831831 -4.54560014596857 4.73527380974848 -5.71674648559304 5.13406368158403 4.97958018722862 0.907346997243273 2.24544341297849 -0.663405854254423 2.20155606998045 -7.73043636686185
-4.57675279043599 -3.45582265459221 5.84104200430178 -3.91531897410989 -3.18422448199413 1.86382393181974 -1.21803876978034 -6.36119653384876 -3.04235450676908 -4.79750544113676 -0.785112270627322 5.61711861042668 -0.804570155569242 -4.49671227720747 -7.47831497104862 -5.51385863148713
-0.64102129835329 7.42724825542632 -4.94896721613579 -1.49800327460228 0.102925266243817 5.32131775143655 2.90543120926949 0.76996618230236 -11.6892645183492 1.50160802632195 1.67465713039203 -1.60258268067516 -2.83815182779891 2.92531532254945 -15.5478931683938 0.378497363818632
3.08721196391675 4.54116183972638 -1.016028782472 -1.593801757731 2.9917997870342 0.0288208808176821 1.87265359486335 0.494282706218053 -4.64686266631568 3.4070309446996 3.68877576285007 0.763406586817235 5.12691578607091 -0.95642056777326 0.804066340752468 -8.92813575872373
0.354127067715434 8.96594452020805 0.0541478589195615 3.12018664811069 -1.17221140130007 0.265204623513376 -13.0810449286308 6.80494326771836 -3.68096766035647 0.535666726314936 -3.08253766178672 -6.53835406216022 1.84439567502559 -1.03099930299621 0.521012318344518 3.05221373812252
0.276775204337176 5.90254218062545 -4.19028755361764 0.0635415170778703 3.38909605492157 2.41248464404679 -9.47995059265397 -0.408052083444541 -10.8575525440202 1.69830844488308 -0.753719798666193 1.9135067360789 -4.32090310655509 1.9900133901017 3.46342604700226 1.71024543040097
-1.28719737429631 6.79775621712314 -4.98638166420247 2.04919675765065 -0.848096424394771 -5.15708152580492 -1.97706966043284 -19.2125856858218 -2.00923319158891 3.60901032426218 -0.378276535119692 -3.69441207785495 0.0151182228722038 8.52618088072258 0.529503372376743 3.71867272290221
3.68895897594928 11.8293687296449 -0.0527929510690327 0.562787481217162 0.153319992455116 -1.37769196975289 3.9806416319814 0.305117223964227 -3.56520260900606 5.70153411756307 -1.58340698747807 -4.04238585688558 -10.2317618703828 -0.000172194123065683 0.595414011453911 2.64101727079104
-1.93479996239852 11.5634109016569 2.98651110539426 4.35856048128795 -1.61967835439744 -0.968613498197622 -0.444104253893003 2.10198465881985 -2.65602210077204 2.09280429261902 1.80431800936302 2.25062413683483 2.82673734493906 1.5646687192479 -14.2742313866642 2.17544172954618
-1.23557553389684 4.49551822646817 -0.125415210544042 6.4721559183349 4.36267171783636 1.36904552540128 1.89368144472008 2.77238270940963 -3.41990062167499 1.34618962659696 3.73037687060774 0.63880127083074 4.65391240312315 -15.8414124731911 -0.592957781302325 5.33439347714931
2.92473667584509 2.29327369294243 3.82464391261971 0.68073898045581 -14.8376330039912 2.25245288902445 2.84955538917504 0.275077408988751 6.91700491481669 -0.158312390455319 0.873938290088658 -3.67293644978858 6.20746501166552 -0.330955297246709 3.67516765718307 2.17678695758841
-4.56491030123677 6.00666409845132 -1.7725410740633 0.42496760910887 0.640900868057487 -2.54406023175905 3.42671537987272 0.196156343760517 -3.67218852410127 5.33904773304888 0.6946682372501 -1.69009244609329 0.544445223292133 -8.08091669172803 -1.75999466527014 0.536621238912884
4.3719680708169 6.0797039092662 2.17307416932051 1.15356977545845 2.09890420245447 0.659622530798561 -0.459748690660412 -1.52404874574918 -7.1433625957383 1.19801044202996 0.415737188816375 -4.34816534838643 7.16221173976469 0.240827772843453 1.74149741752918 -13.8325605504337
2.38277315164576 2.19827013626794 1.36762558805449 3.53589042932122 -1.89990297794675 3.13573613133322 3.30348038731719 4.84943354044022 -4.98401972882201 -0.405238519692749 -10.7808224847905 -2.00320058250452 3.9952469208113 -3.26384479378848 0.790982561240001 -0.674617496819282
2.18817881259166 2.14187716145549 1.95175160560167 2.58274746781292 1.12610466778125 -12.7186471043452 -0.567881821506857 -1.91426965172139 -1.75110593651518 3.51352336662474 0.488352424226437 -0.317860560542193 1.86604075687504 -2.98268358617351 0.408009366485676 1.39429344747574
-1.74866331721221 10.3803580009476 -3.63953652837707 -9.66863053277011 1.31567121376342 -3.52225152676848 -3.72716869009521 -0.309715129930826 -8.91617258177525 6.09451590136117 3.49760979426434 -5.31459478185781 3.36436344601571 4.86329941428729 3.49156961536976 -0.0762917675287724
4.26139160640649 14.1760746128195 2.05579391308675 5.06339136210884 3.77489067152051 3.20288676153633 0.770510669935921 2.54060786494426 -2.18067861060536 1.62827216355621 4.56506623042433 -1.23969412482904 4.64207838260304 -15.2300234343727 2.21469186741618 3.10476144354555
1.30321451665077 6.0016417491002 1.04470590961592 7.9318205894526 2.94044842718103 0.374872978225278 -1.06392247117107 1.74602328730693 -7.29547139330487 -1.52943458161692 0.652144225050192 -2.07070119798844 2.26478887443272 0.658372558708934 1.88273472623979 -11.3538979840452
1.16017119254643 14.566908253625 0.572948401171887 -12.918477124479 -1.33728623145588 -1.74503594864273 1.30025673360786 3.71271232969299 -7.09641028754199 -2.11303425800312 1.61614108241726 -2.93148609123599 4.89104123981829 2.13622927965513 1.09078289966523 -1.06400844231813
2.05001557389809 15.0102913759016 1.65671921264902 -5.06399247171853 -6.56503030065013 3.139286033096 1.64542282042048 2.7968825603058 -5.58368529755249 3.76393491717206 -3.47200312724237 -1.40492049614 3.91830496493058 3.27728428572118 0.713735790683741 9.9489377966901
-1.64468790545129 12.0209663172913 -1.29178526305289 -14.0893031964024 3.63637490179976 -1.56250522006652 5.98626456120552 1.03858677082319 -4.60416940653834 1.84071361262693 2.40460944697629 -2.31225393820508 -2.21373561076573 3.01369527215574 0.23061966595379 0.971038320561443
0.655433832893069 8.25390009715639 -0.167891931762428 2.04193723113605 0.610928938315597 -7.76046141755385 0.0535036755510911 -13.6642775701643 -7.11569528461415 1.53172939626161 -0.583808189694709 -4.3099045145849 -4.83351842629453 2.1004287558938 3.19151363732078 1.43921558025091
-1.26459207534541 7.88474991385649 -2.97540340679339 0.486428796802995 0.630121564387784 -2.76220908288861 -1.65793248307851 1.81357778857469 -6.27082439129992 1.88106881805154 -0.287297422996403 -8.92062793242886 4.82058567879749 0.760079590366582 -12.9283040981647 3.17922449997706
0.717122924820549 3.28282042576811 -1.30266428316748 -0.702334343822137 0.762957686576822 -10.9734241356268 -1.03472970610563 -1.85045233493303 -7.2838280869986 -0.216344252552635 1.18924523299343 -3.34192107793062 3.70269360087402 3.62908538585506 1.89501387613907 3.42020337418286
2.10984114999261 5.28811515497374 0.730214609535933 -0.881986596106431 -1.11773420972711 -0.258125994882598 0.759734640019849 -12.7592350394873 -5.85454971028181 0.699833578363563 -0.910367854559197 -1.60597230100292 -1.47469661680928 2.02093074313991 -0.6986159382976 5.06678852032117
-3.83028704720168 8.5966015122752 -18.8715389782698 -4.99065186054315 1.1731451531657 -1.82185925148725 3.45473339295092 1.65330795387402 -3.64120454815287 2.81619765468958 5.19645142470034 -2.37108209068583 0.6531858233431 -3.7946002388425 0.93672992823812 0.817958119294535
3.24000830202132 8.40138119599188 4.89561372739972 0.667663892508696 5.00968303466485 -11.5434747970257 1.14428649726909 -2.36606392750232 -5.12438912490325 1.1658908776441 3.31518349223868 -2.14887412310182 0.268920746114679 2.5799392882975 0.581977100003658 -0.088271972607227
2.62686840537447 11.6024672756562 -0.442173988429992 -12.2767270462323 -5.75531218460997 -6.74729958119874 3.80731760481981 -2.10765471419454 -9.39256890265687 3.18970551258328 0.583727700526328 -2.32451072116874 3.78564540330317 4.77304975681099 1.4760079697734 -0.525255641774456
6.68822328898115 -3.55811947213869 1.42334487489976 -1.46420400793884 0.801857570829041 -2.38360886396404 -3.02670302044532 -3.04474088537844 -20.4472383559167 -2.25247908692953 -5.36375268566761 -2.21281714156245 -2.03505250477967 0.0632105265778701 -1.20118744139607 -1.30019892725343
2.00319691648371 7.37217294706081 -2.62723716673321 2.91053062312651 2.5240344197931 4.19998834739129 2.63861880606713 0.0616867051020758 -7.68721634308645 1.34663707042546 2.28238504094431 -4.74403087941646 6.97642305272894 -13.591934114553 0.140175334117436 3.69359613316548
3.5987693123492 7.01214046386144 5.38822106455724 4.24542550748233 -3.00603505564643 2.69090767504835 -0.54929902420508 -1.239635622454 -6.4223981498147 3.13427243425636 3.81312644579992 -1.24578194224125 1.62004641209681 -9.51477184662087 -0.0134681887848445 2.89976855947158
-0.475829371912549 4.7298203554093 -2.25432174007293 -1.34888341291174 -2.57992526709913 -1.72615226437328 -10.3553192112451 0.803511865860508 -8.86515655770079 1.94749035614434 4.5788597970487 -1.77758268134251 1.8505969443695 1.11516854624538 0.907486802828417 -0.572844253641476
1.74707978474462 8.15645898573614 -0.947028153335048 -14.0582089118667 -4.16575703216516 0.599783072585593 2.18878533919814 -2.24969656078971 -6.04195407947756 5.36197578870709 -2.11244292818847 -3.14260764581251 4.93478608172316 -2.45713252944118 1.86621612593515 4.37172494148867
-0.731257571339765 9.34245636156781 0.119471321726925 4.84575630198643 1.77880218637883 4.33856621206149 2.56260604247315 -1.2656435635056 -6.45495282249576 -0.0937246510934777 3.50237743061649 1.5437051979232 0.53203739835146 -12.0060908488648 -0.408543292757268 5.51002318703496
0.320816861067479 5.59348260800397 -4.10598161849416 5.43538156522029 4.63656907893754 2.66184514827999 6.94522764990295 0.364432127966709 -1.56443679061031 5.24338004390972 8.15875433747006 -0.211221924893345 0.04901473355245 -0.117875177422186 1.52906311493705 -12.590325929431
-13.3868414830418 1.47614704840406 -4.80950780011639 -0.126287020667975 1.61417818653405 -3.61704372564848 3.84780810866409 2.44941909881889 -9.71867949858328 -7.21301868695107 3.84326142194396 1.31284352699538 -1.14591965253946 -3.07212112819155 3.89847483131198 1.66572526111777
0.710666593427428 5.3412612393212 -0.774164773236027 1.28051696700184 2.78879902560927 -13.3775876552396 5.32744452367861 2.18093371831822 -5.97597209280696 -2.78308744156289 0.599248039921767 -0.266219550888525 1.88346554431518 4.23460255612584 1.73094978862028 0.192332155846316
-2.61005569603157 -1.7081306941648 3.02847625264192 -3.5723368586678 0.924862821342754 -5.9010098519539 -2.51059530676232 2.91737422254928 -1.99497280857904 -0.88012762414279 -3.44256061657875 -3.05368630393808 -6.94015947521477 -1.27814107339165 -0.817045316329663 -2.57299042291213
2.6624151809328 6.07042607590578 0.318058675591905 1.44411199760896 0.113383691762913 -0.728113491502407 -13.7952594804699 2.92756671201372 -5.21201207659625 -0.00200131481051535 -0.943263967088713 -2.91533146247203 5.94474331499022 2.30021747309796 3.93854647462261 4.43100195064042
0.00549559351790951 12.0227765138497 3.87313231943867 3.6714969111875 -0.902971310620509 3.62992017755324 1.96790225964928 0.995480062765389 -5.45354813918239 1.90836062275961 1.09422373679591 -0.981511036375008 -15.4830404684078 4.26365418466987 1.08621904208791 2.0975955208366
7.02705216362732 11.7132257881154 1.96424331349587 -0.0841313726851415 5.21873580007931 -0.273637308812525 -9.75781620296956 0.504736665505573 -11.6370735485513 6.98599090098795 -0.485933758352489 -5.99162737919003 5.861163416307 3.31884048228025 1.53060614841922 2.73533387880889
3.14205082542727 10.7217879039642 6.391936354558 10.3554612631353 -9.93361613838009 3.08255630117015 0.91319423656976 0.420864659334743 -4.59949632008232 -0.586146842341512 5.23674863820384 -3.01008042174592 4.86329164700419 3.34406586265725 3.88835982460063 3.60517610578458
0.589487038114158 14.4130587311937 -0.445334790735848 1.6043533506104 -9.41606160175498 -0.0186951004098316 -0.0473934342127467 4.74085931208944 1.32369549414772 3.77701770640341 1.98388395750174 -4.37150381617851 -4.10083062584018 0.344019278969938 1.23640300506067 -2.69122347826961
2.44387452934178 7.85197809900843 -3.28456534001927 1.16175858514053 1.27216700362697 -11.6202074196978 -2.23996466343099 7.96796852051975 -4.80562062459525 3.55576779478443 0.73833409189965 -4.98768892022512 2.09288987153109 1.82104758129599 1.22268740514171 7.20741388807144
4.73184471852157 7.34695625952763 -0.198143780328147 1.04711093311092 3.12078313307011 0.915130906924425 -2.51062490184699 3.28133716734059 -4.83330576490944 0.25669919384642 -3.89998626744029 -2.90132230797731 0.239028260440449 -1.70141922574461 1.38273211766064 -9.4770468242574
2.31689164838275 3.80860280963119 3.60206060662922 -3.28181514498039 -1.09371864259409 -2.54236903885114 1.27219507150615 -0.0503670789050772 -4.83777294685215 2.2027783071569 0.230491028550477 -5.65537736702567 -1.53230527280194 1.80882025060728 -10.1629110482458 0.696645024090337
1.48559205854727 7.54401695681978 2.2400365908827 -0.687257761336359 -0.758202455174504 -4.57362495263364 5.38534698473511 -0.755297655634631 -4.77602244464739 3.61019434337221 1.71637563889707 -2.98947394866926 1.55995411890491 -1.93745528208936 -13.5296957054761 0.0164922556793647
0.768154827592892 -3.45065937671472 4.85915866850334 -2.0132379969764 -4.40059243657153 -12.6388475418892 2.67892016331401 1.28400295410956 -5.22895507403 -1.20223047584186 -0.597069656847306 -5.85927595996995 -7.2496898032279 3.15243201448518 3.1042463316603 -3.29218540789926
2.44011783997803 -1.57127003057587 -0.0363689354723562 -5.11126163941842 1.97742586711744 2.1357604413268 2.94243703937226 2.11972679183958 -2.26858222196257 5.17730664492357 4.6088889114761 -0.779324297222303 10.1678765329835 2.91569170900986 3.43115190913347 0.53606457585364
2.06321961855808 8.77532739371807 3.316405729101 2.32884336192181 1.210512545421 -1.73266780633581 1.01975182388542 -5.78120721983124 -6.47870967578127 2.5345750003113 3.51479883265957 -5.23020188059964 -0.240042928190864 7.99773148185081 2.23841209659567 -10.8469385282539
-1.5221217296852 4.44063984426554 2.29297729723013 1.98762174989776 -4.03981844957968 -1.23737879604636 3.00691147532857 1.09623899559978 -8.70707367496523 1.34544530937604 0.445244339026504 -4.41533234679493 1.50824371060955 -1.11314489298798 -10.5691475703629 2.56182059795418
-3.39400426012617 7.66436270870789 0.708954867805574 9.59677043183209 -12.6993656522734 -5.16852204081941 -1.61941324748026 4.09058565949229 -10.6506626421146 2.36146025387186 4.35827919758303 -1.25048003876885 5.51872341388937 -1.88166857032195 3.50077589616647 -4.35286567048625
0.579627714134578 10.531977490017 1.19507965381418 3.87706294258843 0.65853701332999 -0.391744476431042 0.431574644891894 3.09208768070192 -7.78476633166 0.692365813818487 3.26731089601479 -0.388301645928628 -11.6025293550769 2.93587764859783 3.41378349042642 1.34782620338814
-0.209151624769646 4.80751080853636 -6.85677818456896 -0.630186444591158 4.44193555602448 2.89822795417891 1.81924019032866 -11.0890154929788 -2.90924403124497 2.18303078326533 4.62695897807983 -2.77556345937205 3.5603492300095 2.57244865540488 -1.15041873214366 -2.98367531912189
0.385274466363789 7.06474128052194 2.23612308451136 -2.9046881640674 0.495958367079475 -4.17270936246933 1.09223670127656 0.289346814463273 -11.6572759062917 3.59126488447409 -0.88247662742175 -1.4518353012925 3.33176366096082 -0.153904262877248 -14.1965728112884 0.0576808827332993
2.80701257497907 3.94894604602006 1.52781197533767 0.0654301877790104 -0.238895241509201 0.508828563560478 4.3049767171655 0.578561240572496 -12.8526263368842 -3.98896993672357 1.38511716169107 1.25636663093119 -2.18964885154347 -3.18791373514666 -3.21521238973501 1.96019761687581
-0.105272141125283 7.12941166736075 3.65847031560325 -2.60825797502353 0.456618664010643 3.44329707083293 -2.53171476539783 0.0620973331907067 -3.42805550314839 0.69036425436978 0.748133761733587 -3.8881510542461 1.56147819105417 -15.7611004306164 2.91609956790958 0.0416101566929887
1.90411359666726 8.48824822331812 3.89920032599774 2.06937474358835 4.32958620691055 -12.4025809991818 -4.64132487115304 -1.75983395740017 -3.2789600094871 2.41417349430804 2.51774777701314 -3.26843228681946 2.93037532345741 -2.44212342061981 0.827095752430381 5.33652710014993
-2.43073198092168 0.528094584071641 4.49631480028847 -0.631685507686848 4.145559844366 1.00589793495778 1.13386613206129 3.14152354549133 4.25838464680281 -0.280517397778616 2.45461859989018 -1.57918529876163 3.18572245311835 8.35445381617226 2.49567467664862 1.31023610870486
-1.33890948631944 12.9540567113371 -2.38589024639041 2.04770199299592 -2.27951343899474 -2.99979252740852 -11.9289463666642 2.13693435147773 -10.0651982525749 -0.304455154795949 -0.135730066964858 -4.67704700531065 1.48409192017408 -0.988390256732133 -0.513560568935699 4.47587850383811
0.500827049795619 10.9399673118276 -2.54989677749307 -0.773605615588207 2.93101301789705 -0.950886784318052 2.47524205939295 -1.1805508134294 -8.99465652208609 1.77908092335581 2.08193935452597 -2.25942608691883 1.77753016482625 0.142413730772537 0.478864155851141 -6.28395130868864
-0.487111508314096 2.45077480683725 2.36419855767395 4.30751990870999 -15.537150023782 -3.68231884474816 1.31115855411209 -4.17095595480717 -5.15699420080903 1.14780638173037 -1.64343251417957 -3.99292460656976 5.37851153416167 -2.6206829803138 -4.04767734474685 -2.4283230571962
1.69210798046525 8.21113651594747 -0.0328347235522936 8.47122132610497 -1.22004373479426 -1.4554904022418 0.937965454388227 -1.87485192530048 -5.00968485901042 5.2671728866456 -10.8911317400125 -3.96258687865869 3.90732864801152 -1.85880986618219 2.85656048974109 0.393659268979533
-0.997751817192568 6.89991426527243 1.28619789029947 3.22059633110107 6.29320300051326 -11.7904648976793 -2.27248393122259 0.288486208414844 -1.85617227611146 -0.29658823235691 1.96801113617628 -5.2734756343536 5.0272750790513 -0.608472368845588 1.1429795449686 4.5153592887672
-0.461250243455319 11.3713804574448 2.06986493374026 5.56012752268865 2.96512306680634 2.64396900683027 0.212963322350866 -2.01575386808059 -3.95531246524294 1.91089461072134 -12.266738271264 -1.36496747440821 2.73072279674031 -1.95632036657874 2.93866453607089 2.85087424440044
5.30170812611571 10.9371860759298 0.621154551566743 8.46562910926649 -15.7935384174257 -4.85298902332425 1.33081307799163 -4.20878878827305 -6.08954605215922 1.81724361710951 3.81863885684209 -4.34056022480816 8.38758662849431 -0.30564006422239 -0.532208877671688 -3.37271817096732
-13.6268518303292 7.02897716652157 -2.09106915058189 0.654043518002026 -0.670359127724261 -1.11350985151598 2.00912844482505 2.65527685974555 -2.87785264445442 8.40972795467857 -3.12764405171113 3.42291253181741 2.9520376490734 2.52551482983433 1.99110402969521 3.57585674791365
5.38196634219784 -0.230922486195938 0.157337363458697 2.1592424460592 -14.4061596746823 0.334290310012913 1.38941878942458 5.70248850194221 -9.25595824372162 0.608773051593179 2.27062389972158 -2.23654125960612 9.12576381837165 -3.57080553802247 -4.69335919988233 -6.45872000880732
1.97451138417161 2.47553492009509 -3.42755223441595 2.74822375716391 5.31719490106187 -12.0746517719302 1.82507087529352 -2.01825835719129 -4.41862491536993 0.636933222135341 -0.633203298530096 -2.72093153956416 1.01287402768956 1.53833051959297 1.48390914266754 -1.80094255343796
0.102485595832656 -0.728023197441908 -1.21446728035458 4.28596494761655 -1.16316604670619 2.86718858613271 0.261935812463857 -1.81735705675055 -4.0308691775759 -1.81273441072603 1.7144382103397 5.4345670064517 7.1387719212725 5.65849898649752 0.362773308929156 4.26731616010477
2.63392748101581 3.45128239101843 1.27259215942292 1.58302531318595 -1.76974970805183 -1.17235818961822 -1.80841331107706 0.91206729422991 1.95836344963331 1.50354972605739 -2.34004523024536 1.77040692157476 4.17752439441139 3.39986568040967 2.01621348417755 4.04717055946876
3.3622125260208 11.8316314549153 1.71093181337084 5.51944037445736 1.88227841621735 -0.0455532116960572 2.94486359266874 2.16744503408298 -4.08071662538104 4.07286530766573 3.56852107634562 -2.2351855200546 6.04235023428394 -1.93334209887768 2.83517559773837 -8.19374676429122
-0.0102661895042405 5.4190624820758 -10.7027869190508 1.53532370688277 -1.17643497744556 -1.84080161925466 2.35690665174453 -0.236123734479894 -5.64535720115981 -1.6879660519183 6.12445563534077 -4.21304551793718 3.00790953138728 -5.39726132295459 -2.74667957067815 1.18735128669937
-3.31831682341207 7.84816741436207 6.665370799034 1.07703067927655 -8.93928287524324 0.545439743798436 0.602492572181105 0.285965585658739 -10.9423153556079 5.67027597752384 4.76772356561966 0.610719706027007 -4.58085670018153 0.561908705332046 4.45034993063232 2.18082630425532
0.689023459673619 8.20611255066466 2.14151814485314 0.45349750454992 1.68056840988683 1.71886860090567 -0.139030268619887 -3.5488406365601 -3.93998796405751 3.65545172443314 8.54972617419914 -18.1603130821607 1.06978024212357 -0.0401797033426838 4.46956913619623 -1.067821366306
-0.102429411056421 11.5684685752821 -0.975372693029944 -9.05795558445056 -6.35594009227339 0.847568950420059 3.94118824091199 -3.28065542482539 -3.05734621312281 3.1539956164439 0.692906213207057 -1.16042792219018 -3.64124673654677 5.45635500205512 0.968192693324974 -9.02265182994777
-11.8897044060519 12.1462699814789 2.57278446422034 0.260063189707776 3.01701482608676 -2.46237078776016 -0.445219111625513 5.31364475366783 -1.67336219012158 6.30503571461192 4.64439992147227 -2.77855092896781 2.1393566536819 0.459923262370805 2.36202588117228 -3.3436979200057
-0.36310228779465 -2.27087180915653 1.6037435259507 -1.39135987259828 -0.854435961275655 -2.46394058851483 3.4476807381644 4.96792127319175 -14.3198132382347 -4.49221659095072 1.55115332378034 1.74996521157044 -0.216952823490014 5.58127670192713 2.18673092499539 0.767325352068443
-0.548838737732044 7.71875555827028 5.80935162775151 4.01762319051844 -8.42604144831442 1.93440125997795 3.98596377259532 5.40706791095403 -2.16992360206026 3.47474613465321 3.91997099160304 -1.56468793568742 3.74666048675982 0.158410122162719 4.43172493417669 5.75171710364257
7.20487090218608 8.01504763660268 1.83224080188342 6.03561300959898 -15.3352749731709 -5.14973592975598 0.468088881576963 -7.98369296917054 -5.18674366838268 -5.74436842931604 0.210337344217505 0.630042618187017 5.84155565320886 -1.8489202858378 -0.91679415489694 -2.78650237971519
0.67384386361262 8.33798314160865 0.0889274979054102 0.380613545251436 -3.3411015196311 0.721331760770423 -2.41333947988871 0.283331323417304 -3.65921244940795 3.28670192645024 -0.362319389340286 -1.54328708650621 5.20046709367476 2.43531817017028 -13.8922833693919 7.93195940692526
-1.45821729453887 7.06637770566331 3.96580295648212 2.75915733731644 -0.529607396655928 -3.1163756629693 -1.43759434955535 -17.7807017442562 -8.99628694453344 3.23932941919736 -2.18103685691798 0.0137987947990088 1.6845350778109 2.95472662459602 -1.00436054144948 1.39575958002906
-3.36125517882531 4.41486716126102 -0.138658085961613 0.24337797048376 0.153494817144206 3.18009695351732 -0.72847625577815 2.62618300860589 -10.2842792657782 -0.24782538071941 1.82559906297515 -14.6362732000517 2.21092782694825 8.08534661430846 -0.805582376659101 -0.500779693965874
1.62070790986028 7.72191339660662 0.0863080084840712 6.65548165025173 -8.23349898093315 -3.16271714349205 -2.81856457772193 2.7174881878047 -13.5637635641135 3.10965642158366 4.13293407944382 -3.59012531088135 -2.86372208329178 -0.486058477792919 3.85230592383662 1.53576681528049
-0.783512425651651 1.48952392690614 3.9637628058749 7.30967229855647 2.47484721458645 -1.22919865317754 -3.0524125211162 -0.018883244245953 -3.61030048486423 3.72749124316189 2.79675777583982 -3.43309010703204 -1.51962251749824 -17.9197316137854 2.85519385967228 4.34506712787849
0.729905200266668 9.18844274775988 1.83719945564127 -1.04026459467688 0.425505007596524 0.344378716958092 -0.45923734038337 0.597993046088726 -10.1543215778094 2.04657562431753 0.987074323081532 -3.50290322608372 -5.5692315326765 0.849205642371002 -11.6279229774845 1.01227082250224
2.21306976271092 -0.0267174412576048 0.0502356990300986 -0.00482042328814923 3.28362736844943 0.448650777503961 0.724269737858562 -1.18701163773146 -23.3403504838462 -0.692559960509219 -3.62230368386509 0.245731210754718 -4.74362439003285 -0.28044935691616 0.245955300776356 2.66189687666617
-2.73991378253588 8.43806688751936 -0.943828955779791 0.0257312905676048 1.10204153921719 2.35042865713778 3.69462171060369 -0.118895782979742 -6.18488455670199 1.54088415499823 0.203026595093161 -3.91147753017044 5.61490063994245 1.37227217731876 -11.6749299032088 -0.326091320998733
4.32011297053778 5.48018608537818 -1.73592640742105 2.50689776494693 -0.226571771623701 2.17420308198801 -1.27539872978283 -0.443758482204785 -3.81905784189009 7.25762656507856 2.42256791205519 0.893656314962539 -8.55804544639484 5.44037777936494 2.73818618105473 2.47679321949289
-1.48825690706719 15.1556478873518 -0.107311126047548 -13.0136197192471 2.15761234228568 0.164601259119046 1.23028215208539 -1.12144810833277 -4.97138368940226 5.05714407192686 0.276985417574904 -3.45467827219844 0.231198498043297 3.4967410482191 0.969942476165277 -1.75905060203867
-1.54592491071238 -3.89733406807369 0.907111663095774 -1.10221900865552 -0.738733372199251 1.68264294440568 -1.28457900819156 -0.487816189834615 -14.896320591021 0.272259202330336 0.645433380200643 -1.62283130220877 2.06993795884523 5.62385071814589 -3.0015776984729 -0.068183500084467
-2.04692899614069 -0.846005248613498 -4.36548471768848 2.89913508930084 -0.817963204205098 -1.13119876661823 -2.25228508057108 2.34402353466399 -17.7002189118024 0.435203697445731 2.35426559688443 -1.92738161917479 -0.727822970753077 0.86988085023626 1.87245784451077 -0.938336816890926
0.701341556106165 6.67743223110154 2.20272620077341 2.83960570265321 -0.349866468646609 2.32748737644298 1.90502810854414 -1.13768304089436 -6.37439623863365 0.418215247516513 3.7756836885032 -6.10094532855147 6.82630075447717 -12.9553205547217 2.19082881710965 6.40609555300773
-1.14349345840894 8.856791414171 1.88641718938996 0.0248350363731914 2.3109583665624 -1.18397139903717 2.35023832618797 0.945173256309117 -5.67400217662276 2.40619748365707 3.19423882852495 -2.93674285377796 5.89069584844419 -2.87091787866356 -10.8459702649864 2.20600108481861
1.10389095107692 9.87623144497193 -4.56978381243214 -1.22300150200513 -12.7969568657167 -1.96290180530436 -2.48474998429306 4.2163274828109 -8.0411709322634 1.3136390727231 4.71015748427029 -2.56916802545566 8.0120332011371 -0.605752561167794 -0.223649176546413 0.00813369848176593
-2.04243143832027 11.6606379503439 2.47701742885868 0.179514414711788 1.33460255701207 3.23533833866596 0.748495096040707 -3.61179755678912 -1.95621180042171 -2.41869100841601 -15.235813757373 -2.60764969271744 2.86215940564246 1.16662053866291 -0.574578146733743 3.43046636573796
-0.815047043836568 10.8311339005209 -1.5457118542226 4.60950133679686 -15.8829514578861 -3.74686640768616 1.17501758652639 2.38317777779773 -8.51383003283271 1.97208895117565 3.42940112942799 -4.3818603737801 10.737700240019 -2.10438068097188 4.94515074775865 -4.60595854217289
-1.73396913558374 -2.02909625379921 -5.24916823537093 -3.87325203413717 -1.93910956750876 -7.88427761573528 -0.88529781794888 -3.84163031976176 -6.80280151791891 -3.81892928048641 -4.90624433103958 -5.133417356502 -5.28411442319758 -0.851785248803461 2.86609323789036 -0.27954202536983
0.454057260658672 2.24897740182357 0.0693278810027351 -3.38899643528227 -4.12526977360697 2.82369398164378 0.94282402540755 -1.52763732085226 5.75281801301737 -4.3716017818191 -2.65767471030821 -8.20991115062214 -3.1690256141641 -4.01402875298354 0.281101828502245 -6.15464742774687
-2.9389638605984 10.6638729253347 2.73950354023585 -3.49371776185907 -1.34197957038621 -3.79066686821131 -19.908208787534 2.92920605472268 -12.2059693140533 -0.109749806674694 5.75508371990469 -2.17894355426855 -3.13054322637682 0.445329110413126 1.78825630660448 -0.901700426949763
2.61854396030018 8.75499374414048 1.25844332428223 4.42750485636853 2.12952948444702 -4.14601187764622 1.57781404916949 2.58738443924193 -7.60777014263912 5.98013385656745 -1.34172627707025 -2.75915704784856 -6.86612524311982 -5.25769039613084 2.12629501176973 0.663467893680002
0.16651498624619 7.76682079344478 -10.5587978168258 -0.431865611860843 0.276663060542569 -2.63327694285402 1.87045189575436 0.830280888353179 -2.21040954715087 2.49150917881843 1.53527255058775 -1.74463508766062 0.24316871436418 -1.61697143503312 -2.18156688058528 -2.39714402930589
1.09989947713745 2.57762239061363 2.71481161251146 -0.0558522958047473 1.67351444717752 1.38205371572743 -5.52175328623279 -4.01802827573727 -17.3765436263377 1.35951532234985 2.3538615197858 -0.480841565220613 -5.39111659134449 -4.39710333731221 -2.75407729843837 0.780894728377678
1.0576661655448 3.96016876027142 -0.306746608265344 4.1318671669378 -1.80856047542874 1.27701686120712 -0.455829909205168 -14.1533272374009 -9.94534939989378 1.93159519181937 2.58484014628305 -4.34815093781885 4.21337470952679 3.83299619748178 3.25394122578436 -1.5631460972779
4.73065742793546 8.91025761046356 0.686914096879476 6.28064449123821 0.0531652390587403 0.476883741506028 -1.2080776782875 2.23149407580401 -4.47809826119375 3.74960096683176 5.81248064215019 0.431941956832423 4.8040724322826 -2.70771037364451 0.187397464333808 -13.8503385981521
-1.28213282798443 8.70320214732938 0.606115120857865 2.73886410320362 -0.950882009685075 -1.14325017321896 3.54695916118685 3.21577292078596 -2.67182067720131 4.52690628108191 4.46436714402743 -3.41365181115098 -13.362165612468 1.42293950029488 0.86549871173144 -0.200544169731146
-3.70365703224162 5.52854110112714 2.79324961956538 0.9641228560852 1.7919636029292 5.2840487423582 2.23509998884574 0.985687062260765 -6.66858822926466 3.74771550033328 1.64845423276846 -6.0764753160194 8.74834860129993 -11.5114480697821 -0.559788144439357 7.10390960602389
2.70110751548714 14.3133302609295 -0.451539777156628 -8.0541585376192 6.09387579770708 1.47410238192228 0.432626868691 2.19929088459985 -4.95784941857699 6.50287035495747 -1.43701663626754 -3.47262890606999 5.84229377634575 2.03417846300627 -0.508496196873663 0.695574954878528
0.442270190005587 7.52066013731416 2.30306426134101 -2.87864306591911 2.21333795722356 -13.8303259943078 3.45072376993767 1.23440396855745 -3.76543083584485 6.3445220976775 1.85128808022396 0.171656028039004 -0.487205205250687 0.910186309082463 2.4034270825246 5.64264028208273
0.85146333367248 0.945779376007274 3.2107476218191 0.62194142637356 -1.65104380242622 -0.19119620683119 0.353792156633874 1.77428734683768 -4.76635875680917 2.59479785229272 3.16666369027908 -16.3445057878201 1.56150017742968 0.0198873332995684 1.08107087709794 4.16737681211882
6.71702579664612 9.41090527059697 1.5638474558375 1.60300516531971 -13.2901526481476 1.39260184277997 2.37796025556921 -1.09502194653391 -9.02829271016006 3.60922375527218 4.53208999861982 1.01923014800263 3.71700735332863 4.14074041082248 -4.15231944771523 0.784682826007161
6.19502287275512 6.72150309908284 4.60999410414273 0.527303450585827 -1.13170472784113 0.396974640684959 0.63126301758877 1.658711081323 -4.91108180569 -2.64920000463041 2.87852070591249 -2.99878450267655 0.930174409058506 -13.6446291224596 2.67970752949265 -0.774547700363331
6.8132763985167 6.78586390007644 2.27429732016086 2.31227900380429 3.96752227240391 2.50000101496705 0.584538666141008 0.337322674971611 -7.72473235573827 8.79009681919567 0.944681043192756 -16.5671091468343 5.059955336151 -0.550066659716098 2.29913489611351 0.0905522145358155
1.31212292728081 3.0690484968022 0.0608878560343233 -0.58983995796933 2.50789624717161 5.10112929968114 7.03517415670587 0.794847629134008 1.54643923659903 3.99683935833321 -2.09040294450286 6.09220192700465 7.79372071179081 2.62297264745787 2.21125137371739 1.14208090184376
1.9662996428688 2.29042768795441 3.83897722281263 -2.12007721531704 -1.09532536129036 -2.670572149269 -1.90247338709819 -6.69874587831157 0.723024695558672 -4.16658881934021 -3.73249791551363 -2.50631466527709 -6.13820682920478 -4.51350422678618 -1.81860444641599 0.059133015586394
-0.574016639973078 9.18577930560268 -8.92931716502026 5.77240366026804 -11.2415785401911 0.0690160417806948 0.334335084693742 1.10068560335921 -7.15338465644081 7.26449778568263 0.569590969512531 -2.47798197878495 2.34623324756192 -3.07566000733667 -1.23546076728628 1.1777222274454
-13.2864739822616 9.7265716295278 -4.81762236177677 1.76419869222909 -1.25307279091219 -1.4978993581216 3.65411482124178 1.9270772135041 -2.94632500535506 4.75182377286572 -4.07728597289244 -4.05805046712492 -0.70346584257924 0.100942518383014 10.9924165210189 -1.85724624236577
2.30472857574833 10.7124699434686 -0.472183344683932 1.05576466984426 0.0934420512525027 4.21253029199726 -15.4676357603861 3.58160670957064 -3.8903491439516 2.11331460707486 -1.48635286803395 -2.8663800499696 -3.15969712843857 1.20570275029952 3.88012694334825 -1.33595104799419
1.74370346771176 3.54055855296156 -3.76367150694415 -3.94863208148289 1.50572670574957 -4.03649443354347 0.988473649568689 0.678406981067586 -5.63413243452395 1.34860081160641 -0.173205956788974 -3.14878248427909 3.78289469311616 -1.17924400893347 -19.4734522565651 1.75828961268873
5.16283879486779 10.8540258332898 -1.73855607658393 -11.3915646383865 0.36756619715597 1.13883272738274 3.03029843585061 0.805378867025398 -2.49398188256076 -2.48004736392062 6.71429048734402 -1.88926331184128 1.12842079753638 1.94840185132863 4.96797683605346 1.00675313315819
2.23950912797575 9.85378020163688 -14.6269844828889 -5.3583448424474 -1.93493946311707 0.728115232143154 9.21944489747454 -0.432671080624464 -5.82751813243077 6.17870092372147 2.52834903867196 -1.37187701246505 2.06487171250797 -0.697366235089314 -2.27030999168472 0.829311689362768
2.00643028071796 8.06511915729654 -1.2309762623684 1.37872300853705 -0.317615869688304 1.94614768718069 1.4292298778296 -0.449066989478468 -5.72747425393332 2.5818860416354 -3.82823197960025 -1.08536202709565 2.338882263303 1.96635874395127 4.40777982129625 1.72174898089744
0.732461572843185 4.90226290739828 2.96125184453676 -1.12242676875089 2.25211605700544 2.05424172988258 4.91054778070648 -1.58866832435328 -10.2532196657078 0.279228776731371 0.779882743008969 -0.0837898833607569 -5.18040340061173 1.39630826990654 -11.438976767323 0.00670711900508802
1.29519737256794 7.73161760467123 0.557480735526052 -0.183442160634679 -1.05894273684708 3.52766873525279 1.60977954312872 6.29887141828913 -7.81002832379638 0.678410525397596 -1.80548078620084 -19.711703141681 0.590159774588107 6.70955523393447 3.68886184775927 -1.7813978977793
-4.97229524900907 10.1643672750809 -0.71734427593865 5.22064001593121 0.281839213698497 -0.868946491041908 -1.52423607738681 -0.797546502848466 -3.6394451925439 -0.615091372673084 1.29234658457286 -0.561898960723253 -6.99925744429217 4.31971493890776 4.5462428345569 -0.612139716193162
-1.28520061239241 10.9704982902245 0.148644355630215 -0.131633393550832 -0.218610443878273 -11.4588925390148 -0.337331689523412 0.133656330058772 -9.26342656972137 3.15835122396695 1.90407083756508 -8.33146039840205 -0.798457853901312 -1.59262912036381 1.54472904905027 2.30283544672769
-0.185058548095102 11.6997505831006 4.4110896335516 5.42083849131034 -17.447400092038 -4.58480994460253 2.17694394444204 0.2788669688829 -4.10181494868521 3.25329828262587 -1.40312606232905 -2.85102652669844 3.58518383713452 3.31125234965198 3.28199082198244 1.76643758915684
-0.236018589928554 10.1735005336849 -1.24103940059095 -0.0687162097435807 -10.7470882447892 2.0022937154219 3.39748396321498 -6.17023436354527 -5.88135150014765 3.65611191996984 3.1690119667819 0.319582047312704 -5.79571999907332 0.638877262380583 -1.05980542419788 -0.534314298282295
0.835710677996199 8.79733376029313 -8.02953074187577 -2.88440737421797 -13.1361684158588 -5.24203317967409 5.27035107440197 0.0908901717437235 -4.16879246258822 1.29300571587529 6.32649610195903 -0.646927141634837 1.33492528590169 -0.868964727568156 0.073435804389109 -0.723143254920727
1.73347002037383 5.54371989551507 0.485476612419299 3.91273928277823 -14.3501777879821 -8.08225471052323 -1.09446006977253 2.51478171296362 -11.9375595243252 3.010703552786 -0.894175311473243 3.72282025134371 2.40914226022629 -1.24592528841228 3.29008393315901 -3.10995186827124
-2.45456277658673 -10.2491851335417 -4.42129408466768 -4.84699763553177 -4.13553506459656 -6.19349683883753 -1.85806603732799 -0.732624227243686 2.74242807021619 1.28734283538831 -2.47388099145859 -2.14525615275209 -6.21535551343504 -3.40529648943671 -3.63957660818686 -6.2349613869992
-2.86981593448564 11.3518060894186 0.787039382486811 -4.08680881148133 -2.61484643660054 1.27532883951713 -0.26605614316483 3.36328799138854 -3.87621194947169 3.49995646072151 1.24154311470327 -0.712739063540016 1.74372134190125 1.6253622617526 -15.48334021585 0.437432323844755
4.22491927847952 3.51477596300574 -1.6899979852091 2.92340180703892 1.31372254121554 5.39003747170058 0.164049234936781 3.38875000811344 -5.13924427804599 4.21173800980611 0.77617018665757 -18.4935054266337 1.13793705945847 2.93312723389546 3.19272338112191 0.626999010340514
-1.87413151113371 -0.0886327022227266 0.616499323368842 -1.68492790223959 4.58765282224323 4.68758177557476 -1.1663361296976 0.187883322530748 2.07122558653376 1.026965587625 3.36275854814865 -0.279749409162056 4.37039818407204 4.41336449048649 1.00891671767056 2.65401732986423
4.22934139869066 1.95887592077542 -1.62193468536149 4.51412818492724 3.62986659677078 4.05343814147599 -0.954536028649848 1.78072490563692 -3.6416408195072 3.27356306648792 0.636017203664763 -0.842900107089074 0.434796806869277 4.22681277602145 -0.41854810639234 3.95804570727182
-1.49984211878348 -0.378787926322559 13.7965854567304 -7.11657787071269 -10.7895985132372 0.482973858354983 0.920621048647966 -1.6982509903712 1.14420983463234 -5.76498837427766 -1.30115087270932 -5.17913770561515 -2.60999989232802 -7.65021603515092 -5.94980042945972 -2.27487460506764
3.0840108729483 5.23035392682768 2.10687675445357 4.66099923242914 2.27032816495003 4.08449975215195 -1.88670687641664 0.0540676492353101 -5.15736983473128 2.18972418937678 2.47956885334815 -5.71762024826499 3.67835984172728 -14.9300754802183 -2.0503280101502 3.32577729136176
4.77850870988032 6.5630973159845 -0.989785197118054 1.53774630560551 -12.823542197832 2.00796484620555 4.53512711853591 3.83603280062504 -0.911854865139515 3.77710095521947 0.223287414570833 -0.640125007721212 6.2278375557909 0.388505202239975 5.18232616423139 8.63092729914349
-2.76851078397657 5.7703730672855 2.89487437266291 0.527865975027935 3.54319328820025 -14.9964788305272 0.856661462422032 -2.67224139034391 -2.70009536419 2.60073033615979 0.0892274410111014 -4.18932265848915 1.04425700219967 -4.48827179832785 2.04720347620663 1.35329986198712
-0.119730448090198 10.5271845891809 -0.528769363355054 1.72078681999001 3.37009374028859 -12.4742990451964 2.03771932030843 1.66833203056421 -9.10809925848781 0.774977025960085 3.72076593028373 -1.460216894094 5.44844892602704 -1.76779290924446 -0.0482086501524912 3.14209141225143
-13.1008993960094 5.71036323244997 -0.446446220523787 -1.61465838268294 0.822933268145352 -2.20660633402955 -1.49165654438741 0.47845745523633 -8.12335787250734 0.568524135388983 0.0974641286787693 -5.07465704795881 -0.145514311825315 13.9742230429923 -4.85910147155103 -1.85135476105517
6.47724199417127 5.52497918189724 -2.0314319473551 4.10475370794737 -10.7483876762101 -5.0493692365678 2.65318438096216 -3.31249100597861 -1.8330473154172 1.06802640620068 4.84536780990292 -1.79938615279245 1.50190800336182 0.679252607169654 -1.9690407331983 1.89699656706393
1.32642890353864 6.81258030187124 2.48304682343301 -0.251408313076039 -1.02188744051605 -4.79528055409515 0.40128415971768 -1.16380215597597 -4.67613719732483 3.15419788915099 -16.903712224307 -2.96472692149148 2.73860461463502 3.6762595016761 3.26238892581151 0.365192690120165
1.23512805994478 13.6267824994392 0.728635425098814 2.1046642397593 0.876865277944101 -1.54696003961362 6.23056960013608 -1.46375006675223 -7.49287660641611 4.86013145213557 -0.918142128289868 1.71865719665075 5.7216994324327 4.25476023887125 0.864016502733902 -8.47761108070854
-2.07272467565862 10.0988966924888 2.44453802793976 4.41407840148614 -1.13459478842615 -3.20516525256991 3.78623684699704 2.84739596408567 -6.99153325344917 3.19393491065237 -0.109864605978439 -3.65044322904363 2.74460908366944 0.331427915355835 -16.8893232966445 2.98022274347656
-13.0280911236518 7.1279864966087 3.41741659500724 -0.11596780572449 -3.98818638190799 2.25110331906135 -0.641563599970922 -0.993974169447475 -8.30246837854422 1.73298720377316 -0.423575691573912 4.08357194528797 3.40318328891939 3.2967253827021 0.240552652467601 7.08042700249825
3.72476458430044 5.45930894194501 1.22733214256178 10.4622871255446 -2.43501501724995 1.99414437651311 0.179515731466939 0.168962801278869 -6.60890598491235 2.10660569901787 -12.6245424731468 -3.67645124373842 0.433643451561465 -0.57346403492074 1.00745075856075 3.45147781514725
1.59889073864673 6.5283053845047 -0.386287523253991 3.23191137485724 1.9423340611573 -0.90667247141197 -2.41992965013577 0.521628401411713 -8.36354178919172 -0.0457130379458657 0.685986311621045 -2.21403346459196 -0.778561419828382 -2.20900457212198 -12.8692159413557 -0.0997963848876937
-1.26161284711842 3.74798544354289 -13.7191996943437 4.79905690731275 -0.759280989275095 -1.04256330397192 -3.77795709532486 1.0814793113756 -8.21026239097537 -1.65018167213824 2.1725816385599 -1.48486758677646 -1.36474528277171 -1.05475494501266 2.7845939732332 0.210032027031193
1.54538590955165 6.47533051515315 -1.41130805587229 2.25860841009744 1.80908736095204 1.32640786486667 4.20418036581812 -3.33730362955266 -4.39413591058813 2.50494896915854 -17.8373373647948 -1.83372194867619 2.40896308777332 0.426271912920352 2.04935058458416 4.26958982916269
7.56597256683458 8.141336738571 -2.11280898648612 -10.3254907407033 2.87697916592476 4.44315087808545 0.550017600233973 4.13542439379189 -5.03612805331832 -0.787847257659929 0.304344586503604 -1.72001216698626 1.98760554137838 -2.85376406555737 0.489355947332079 1.38215326943704
2.26191496314754 8.79164041851222 -3.73988559213042 -1.86093179399124 -0.929400355158325 -1.48143230392525 -9.92243377138215 1.88072049349501 -6.31633233783452 3.23987912930323 8.19098547262186 0.992361995143566 0.0993797518154778 -3.83117812478909 1.71237575105079 1.55667801155994
3.02199798296918 7.7443660561602 -4.89207435915639 1.14013095107905 3.05745543420858 2.1854072086704 0.524487505367728 0.822352174746119 -3.96090263893079 1.81405467880523 1.03665130130657 -5.4305243878518 3.84142853170055 -13.8008779184418 -0.000381756662176436 -0.499621839465829
3.01195140466808 10.1406488117311 0.285231459027062 2.49176610488237 0.331787909734796 -1.25120911548047 1.23334983469965 -4.47429465011251 -4.74848279612214 4.56196550388906 -11.0301615244713 -1.22659616737128 2.39829084141007 -1.37985964060687 0.0935121282224656 1.80700512930027
5.62435093115021 -0.30872574006129 -0.960730161118473 -1.89773449157347 8.4228837459705 3.93192464360103 4.61333873338079 -0.474513647148044 0.602657643303621 2.61600363020588 4.09913880145821 -1.11044958418543 -1.43352580111597 1.36729609719346 1.09828440801606 4.84488491439117
0.987414064400042 5.3506118764936 -9.30714342540501 0.398168249222889 -0.547329006429368 0.699411371867348 2.20109957961073 -0.990828333638851 -9.72127368028467 0.345224607229538 -3.99207342840228 -0.333171092422916 -2.02413494100334 -0.843513105913054 2.64641316594116 0.921150372066579
3.47685009190732 9.9413940420366 -13.9351667735341 -2.2576102990818 -0.529820417837419 -2.05013258840024 2.42450667466627 -2.79645237152734 -9.8099956672451 -5.13367517767215 -3.88711700511707 -4.15994835766857 3.05212684517461 -5.55526595213546 -0.468935586004184 2.1368703117219
5.59533738886906 3.80751940238878 1.35239106306823 11.2994262591394 4.59287461162723 1.27092724290161 5.35859134355958 1.08057783756038 6.32915241780671 1.81820023747073 -2.06719474219576 3.76706438349351 -1.53451071074737 6.94255283901418 2.08605420008891 3.94405219074353
-6.47112428297751 10.1949800215559 -4.19741240595511 -12.8262939783128 -1.49501752439076 5.4153855600227 1.31714969788287 2.69122473912531 -2.91806725617026 5.58064379514857 0.120634313257781 -0.778654977669541 3.91102005890005 -0.789298712707201 4.89988910955847 -4.24784468691658
-1.56169208670754 -0.0110753711558359 -8.47564029602095 5.40564161985505 0.808170249572221 1.58271724735817 1.32740547195601 1.77022899838372 2.26458943347719 2.91718463140402 5.24772220527492 1.34416395892 1.80692339336953 3.77559840801215 4.18867429420852 5.87152159470498
-1.1191846565666 7.9755960327727 3.18015084219623 -0.379975952212428 5.98665763501656 1.01902029966212 -14.5825070983263 -0.986484742576357 -10.0582831854924 0.737307756955605 -1.42369852858706 -0.718532665149954 -2.3204272509431 1.53072867859817 -1.46803709325913 2.50100185510796
-1.78063043807891 1.75787282471191 2.50921213408773 3.76470349125668 5.01983878807414 4.38588757305227 4.70897233378102 -0.629737730903305 2.91913483625822 5.52564501791959 -4.0627249660361 1.56870899874515 7.0291163359018 9.68096366380041 1.1762625829876 2.19395802287918
-8.35442618294122 10.0674227598411 5.02402934875203 0.470410649162126 -0.0768150561968438 -0.27649635728423 -9.73882670421353 2.69444438851884 -8.18792200653725 0.999166641983828 -6.15623269823121 -2.32515080948802 -2.15592825570939 0.453820947668544 3.71279431652517 -0.00193217363624298
-1.06645309307139 8.47472077285109 2.58786835266505 0.78202636216565 1.70878989719141 5.5283629041817 5.77887895305313 -0.834204699723815 -4.71601188090591 0.846535562641558 -0.64753337993852 -16.386268840672 0.198295984486753 -4.37101991006543 3.40618369929229 2.54270464398511
0.780949455537045 9.81214850465923 1.22927995942832 4.25489386758426 -2.36043215616137 0.496887556146184 -0.270676742363774 -2.39224785525975 -3.95029889436281 1.79964759818338 -0.0296707137939045 -0.811624134409707 1.42924908817359 1.31882611017137 -14.0900130664585 -3.47794123090237
-1.4665676279796 5.31304195441816 1.56132729045788 2.84657590840939 2.5375326836565 2.445925551744 -14.6403871349875 -2.77690343942207 -5.69254692327415 2.93034896767238 -1.87386161723933 -4.02347453700385 2.53619605062321 0.825032862086586 3.96862347448328 2.02307659120658
-11.4227482195807 7.20352315447917 8.10713685419044 0.410010611659164 -3.59417832698944 1.26611725182254 0.360579367227217 3.80015766298516 -6.75917296950146 1.71777159678244 2.36007751045672 -4.44874380132287 0.508860860009542 -3.69417695331664 -4.79389030129128 1.40208760463654
-1.72202551946845 6.5249905962315 3.65106577856054 4.86300471571303 -12.5248896483353 -7.64571679009087 -1.03249175489155 2.14137429416591 -6.0070976665101 1.72998047531519 -0.330168959564358 -2.93553574371143 6.78972959446463 -0.0879253279174106 -0.45401133282081 1.46584544540208
-0.474019916041248 12.3789678533748 0.261145596476109 7.0604703558572 2.94430243795107 0.485457430198975 -0.377069167879411 2.95457572268793 -4.17762744524256 9.70453198907148 -2.44680078053612 -2.39860427200705 -10.7338526609848 -3.79373952105934 1.27545783573263 1.72436227832266
1.44667641485182 -2.02950172754448 0.466550644920235 6.41774667456958 5.94370467407516 1.93874264926525 2.25078392395224 1.67597413630515 -1.15027424753041 3.64474608624743 1.2261457092775 -1.80509939610046 5.74075676115099 5.17206183904047 -2.08151877305674 4.04673180130909
0.026556965195031 10.1538404478555 1.34528453215295 -0.442309502570631 -3.63745959872995 0.169044450473883 0.571967003478331 -3.99616298365304 -5.8109033714684 3.76869901445556 -1.02533224969785 -2.67286561614937 -2.63245858915446 0.791663442131013 -5.73694086967451 7.5945951077861
0.126373034639285 9.01462392243601 -3.18642198421839 1.34756662018899 -0.346744629047181 -2.05957602810891 0.453864828917897 -14.9175496842164 -7.37987416788843 4.21305581702037 2.10495957226102 -5.44145646808159 2.04404175079378 -1.59043238243834 -0.106717777561038 2.59328730753618
0.291261754946689 7.70881547234942 2.9726108950171 1.67730749143544 6.00586492858338 0.644254283543021 9.37429553433478 2.77030241902368 -10.9750725036239 3.11284573878268 2.43353499137068 -2.27083144779524 4.09711617186443 -1.79128811158161 0.710733186522574 -15.1230130205536
0.272805903633493 6.28791195271268 2.94634370287891 1.66677592132728 2.23202971118565 3.03543433587389 -0.795727504670434 1.58459810683972 -7.08328537914298 1.21654095641419 1.83908673829309 -1.03666830617579 2.54051700169335 -14.0365677027499 0.469218322407948 6.99636127066278
0.7798683209584 7.23601504012051 0.756282831592176 1.04436231043821 1.85617102669785 1.91012071205882 1.88328985507916 1.20485655321507 -3.84982302887246 6.04544275568574 3.64293013031528 0.301233942035177 2.03131691971154 -14.6106721586631 3.5395002865385 2.55326832658925
0.872072456915947 6.71711534738264 -1.52663497459211 2.73215393338453 2.63494709267966 -14.3091517231209 3.49768516560797 1.98038408822897 -4.98242364404234 -0.554666031661612 1.72738873215098 4.13150750949955 2.0236727799586 1.78886119048368 -0.807543221393745 2.84643270718699
1.81901563261068 8.03768835641652 3.1533260679757 4.8385482747217 -2.6708164003027 -2.52101334761144 -0.363059682230213 1.06088085110627 -8.99516880370667 1.33095606758023 1.92833646711079 -0.584203316218607 8.22679394918014 -0.55885786860371 -6.88586170840821 2.00304973293962
-1.26297103348946 1.87507670939571 -1.02418213967111 -1.58991104428779 -0.282594969803256 0.670541031620253 0.65271598468138 1.58039319592611 -2.11465191121862 1.6472860261668 3.20035177203368 -3.20844634291432 -1.97923879757358 -13.147879224973 -0.385471731022002 4.43189969604567
0.137204356238695 8.65352459976272 -2.48760173184988 0.112770713042441 5.61076592924718 1.32175698758685 -2.02357645833716 2.81204554033391 -3.50633495590132 2.08509198975291 0.901211630745095 -4.46679469137662 2.59184885868218 -0.269827341130759 -15.9393403919904 -0.83873049432086
0.0102614706046273 8.74074296928597 1.16577246466366 -12.4642436151923 4.92495122140818 -3.16843541123086 1.09371180505846 7.06178025902874 -2.48376434643056 -3.34485979180778 0.722569726908152 -1.30086447919893 6.75210784009274 3.35260849967143 2.97762945786181 -0.813716145610123
1.92077086589592 10.0605728031791 0.318601073065912 -0.246559760713344 3.52237167327838 -5.69586149453654 1.16313241635635 4.37784148848286 -6.45353609374571 3.54712534633488 -9.10021002171675 -1.87822571617677 1.32166815525566 0.364169425013577 -1.88117470868948 1.78810961246297
-1.20294426942349 5.59440716406401 -2.68760961274712 4.12190716789303 0.279122182593507 -2.00872854192687 -0.909366454416165 -16.8028013102212 -7.47184454593591 -0.912400951604618 -4.05264154236727 -0.988106854744785 1.43227556746137 -5.05904705622588 1.05430390887863 2.39483719548015
1.89906794874619 -1.0220174088229 5.17151723189253 6.90875745963887 -2.18525171722562 5.82097341955853 1.07495233680073 -3.75564118191439 -2.23787434438384 -2.28788831497325 -12.2115263049249 -1.92298322194291 0.660874363439674 0.570643926063128 2.55473114234708 0.383153933842964
-2.36453340510295 -0.561961982017712 1.1419342960281 -3.59096721774347 -1.62307503836028 -7.43816460320516 -1.83761065866425 -2.39350316490098 4.70175547152595 -3.74989201778266 -4.50339747646422 2.42847490087872 1.16302806267002 7.72503694637892 -3.94556936456834 -1.34055213150469
-0.191927263995246 9.12139815866963 -17.988630785357 -0.0349649286562245 -1.34847388928018 -2.62170857812595 -0.530419337646426 0.0221888104536341 -3.98437484138824 -1.76460861760949 -2.40389953108002 -0.149581619955649 0.374811714360382 3.68572337371192 -1.26769933898648 -3.10843920429755
-3.94896253151643 -0.13255779275205 0.0223057113051079 6.10756381168259 2.68587334358879 0.224209642211532 3.04433330953636 0.692250429317559 1.11153268004446 3.54750360562209 3.09293082678407 -1.43119416348972 3.70557801856938 1.52843348285734 1.15618730211165 0.973933871908789
3.97059801161762 7.74389909683539 -0.221631673341467 9.88461180339323 1.77933163070527 1.01454758865057 4.17248822168281 1.13496370165854 -8.09742757313247 5.19851635327994 1.57398417369746 -2.39173503897061 -1.32947230766458 -17.0598037673088 0.98450474677133 1.76325106825634
-1.85724495540759 -1.15088001527196 -0.186089284435072 0.156328725314888 -1.50500445085771 -0.316344764586492 0.397043009720409 -2.74750611989579 -17.9862894339141 0.969122041629571 -2.13919350877367 0.872457411507857 0.841321322301676 1.02880858332964 -0.062259438514745 -1.24123107457875
1.55024627323075 5.74943595245448 -0.197014122103903 1.39957358908419 3.7088899160147 1.72554916359114 -8.84234490078469 0.924398753069962 -7.19587189012822 1.67605307004114 3.16123186286929 -4.93529741881233 0.470135925596475 -3.84082683553778 2.12871145502874 0.345212140591145
0.985639986243453 7.89641934423327 1.27154633633251 0.618210957507907 0.0473662160954862 -2.18722725714413 0.954186459328977 -16.6838352058279 -9.04277987111234 1.15966121876375 -2.58277627829557 -2.49968820138056 -3.96914015828158 2.43307918426015 3.56300525680984 3.65137889958661
0.39008833750599 5.2346302243372 -4.24655293143256 -0.709730245069907 -2.57522656625772 1.52787250852047 -0.958942728104767 -14.1224798985641 -5.36457595228851 -0.472169862091208 0.990462641790526 -1.33158538330497 -0.844971093900404 -5.87560182293271 0.278609199774489 4.46558075784189
-3.11245094817495 10.3307816411474 -0.0661080915743309 -14.6556897122791 2.21010818895812 -1.16274129031742 -0.358069073776972 -0.833163551392956 -8.60910188727503 1.63468116483732 2.88497857557716 -1.89214941197895 6.85900564787515 -2.16418832687118 4.13705706432377 2.44015340333419
-0.0133783589439567 7.34863394475332 -3.3343928671261 4.40314203229887 -0.352175007082685 1.80464776866385 -2.28496187793871 -0.00918998652262981 -10.8079226720584 5.11378189213993 -0.79988030785902 -5.45927996655755 2.83282204900324 0.816642486595526 0.76162840637089 -9.20047321559842
-14.5811964283113 10.9587310204007 -6.32298332178161 -0.148688660084258 2.65947919286355 4.08710352602757 2.20134691299646 1.25603130789968 -8.17587911607789 15.5649210525649 -7.15130728834098 -7.66959528330353 4.65405670855766 4.581872783442 -3.11547689988605 -1.48858405004847
-4.59548678689952 -0.842562282135709 1.60941103028631 -1.91442938187544 -1.61530478553859 -1.4461511183588 -3.35974524105247 -4.04506343609547 -4.5355851117575 3.41329216645328 4.98461520633907 -15.781737858575 -2.45166706725299 5.92623988039847 -1.30963545677602 0.857964738278805
5.1438335312693 10.8524930205806 -4.9061560582792 -1.27740445783486 -13.8464706474995 -4.83990492404458 0.676042471364802 3.63316206761655 -13.5747209851858 2.39285935425666 1.49015344649079 -3.7693680791059 1.07384873185962 -2.03891089860304 0.223946586669496 -0.171251422003688
2.10544969052897 6.93501085438593 -17.9943760788069 0.533626229689178 -1.2809602198442 0.42572765618939 1.84273670605605 1.45400019143175 -3.29077780786028 -1.49033745126199 -0.553369875030243 -3.64698737363696 -0.489628395566584 2.00540568505205 -1.8845754814007 -1.58264344059935
-2.41785644449892 -0.0769010084930861 0.545384544336163 2.90829256015422 -2.72375729654847 -1.73022575695237 0.612388288197679 1.72027432414198 3.90443417442831 5.97653990400196 -2.56735027194275 -1.86310934241537 1.32262150421315 5.79601509919805 0.455825469344196 1.39900605814842
0.356647504465369 11.2597610678794 3.83808617328838 -0.815857641865932 4.39851911758739 2.31355958342806 -7.863621625186 0.109226848683871 -3.51735955472936 3.10894912520364 1.48054517375189 -1.48070413190286 2.62106763831243 -2.13395973685207 1.45858693461662 3.09444674296164
0.652667028824877 4.78693121845724 2.27311496626079 1.25374920109403 2.49439178417825 1.7660861164252 1.75464158407287 0.10603898198483 -5.57579564287353 8.22346295389654 -1.27154587972058 -1.06500823701901 7.76379391316623 -0.344102205730698 -0.00665617325644385 -13.3534026116838
-2.5483062568043 1.62282501352133 -2.51325901566189 -2.79413543110425 -8.64368353847311 6.67617364954634 -2.28213245295453 -3.39387473629151 -2.47705954834395 0.383769798302387 -3.74907414894738 -1.46104324083296 -5.23129754614004 -10.0951920039807 2.07722014457327 -2.50893575323251
10.2219460461822 12.384471075239 0.442061563941703 1.8232798949142 -1.43148632372774 3.58882991209136 2.12937414964651 -1.20678792073572 -7.24793169058981 -0.416049016307181 3.76281029230412 -0.429768048499612 -6.93465348126977 -3.36690936385272 3.1421054589817 2.36197706242912
-0.66723614297195 0.397696504294525 1.88717245427539 0.874225422173977 11.0825488482702 2.57969696371487 -3.81544715781373 2.41733888261696 10.3748591664627 3.00215949781648 2.94507547130963 2.85789498277456 -0.318613463113574 6.77719312029383 1.02413362158655 4.11804675283249
9.66021916754105 9.63688749604229 -1.63879725280192 2.0745754079456 -13.2595949166245 0.11014118182373 1.0384735189028 0.126220666119335 5.84180972642123 0.41920390395438 -0.37973811432655 -4.20659637684191 -6.10560473115824 -2.17880729224737 -1.34031886889187 -3.88012102580473
-3.38415974333145 11.699410364563 -3.01300317991328 -10.1247357296505 4.18231963471745 -2.69336304562749 0.344240563533233 0.664201336208089 -6.08251664621571 2.51272350997115 2.00134046760214 -2.81736051462332 -0.0178175226417259 1.85457295227406 -0.388740455341702 4.43364675808995
-1.9761874496137 3.81411559214159 -3.90646509129189 -1.98258780627063 2.55313721335092 -0.64820998167763 -3.15324638191804 -16.9607653011641 -4.92381232711073 1.10534248108279 -1.49435035439032 -2.71481643524152 5.20554665865498 0.549902732817749 3.42363636145536 -0.197312274237393
-10.8662453698424 15.7047672470446 -3.84720792656306 0.45311971982969 -0.307990732686573 -0.575615350269372 -3.02406379886591 2.75807978997655 -2.5843705033514 1.51743816377981 -0.264823212557143 -5.83920673240739 1.74992401259245 3.81338786483526 8.96645664523168 -0.768070554026429
-0.308480070454219 0.224596352413354 0.627825124940533 4.65184391375044 1.30994117593487 -1.67736599149367 2.21463711075596 1.86084684198852 -4.02828100154476 1.39397716470255 7.63929517741077 2.66726957809905 2.68667936146778 2.77252797932703 0.361971271212998 0.996898802436794
1.55596417304451 8.52596057987673 -0.0236489613726603 1.33945152697766 0.0172893046570217 2.26380072173666 2.59766521173044 4.71368443065276 -6.37342173957115 -2.85619755258865 -17.4124306327994 0.751986996019049 4.14684344888764 1.82623301660661 2.80144000245967 -1.38776615742792
3.58632932306457 10.2779308749136 -2.00195449843737 5.26710843204246 -7.35645679834939 0.281392692925425 4.42267903311103 5.67133313787106 -9.3984441492042 4.72422574788787 2.6353535773115 1.01307808078095 4.94318943190564 4.71878171376397 4.24246038028782 0.64543265018547
-1.31791055825084 4.64844955445735 0.215180996165774 -4.05333029832173 -3.79719804373537 3.13238034713571 -0.344695673131174 0.327297247015926 -8.84905187923568 3.09058248098376 0.660358692295447 -3.35827228661495 6.53501082046088 -1.65020023484498 -9.35014331679754 -0.502934711656813
1.47495746925626 9.21549402559841 4.47119245644146 9.72636711535398 3.15450847011028 0.0463421581241348 -2.84605722366455 0.257750617261629 -5.47780682762607 2.87709440745164 -0.669180247524994 0.818160967624582 0.743748623093018 1.17859267780274 -11.4039712085197 -1.72882336952109
-0.375356965605629 10.3004617082205 -0.514603277766599 4.1199032211841 -0.940685137156442 -1.96934698897519 3.29698885448481 0.589493855812265 -5.9665672401332 2.0395487652311 2.41738906431933 -6.0116244918418 -9.52517759716888 -5.56344460979195 2.34482265140902 2.69246563225815
-0.398111074455778 5.04903587586262 -4.74913753102786 2.50534278664048 -0.181978068728217 -1.30052789138029 0.521241519131635 -17.2208463740494 -7.34607000471836 -0.105052476813678 -1.67521165394951 -8.99605641914583 -0.71181942300179 -0.420591065688243 -0.139022339510464 -6.50381212554461
-14.0470527441096 5.30375189284591 1.62705198042606 -2.40438477954316 2.62861862344234 -2.37032309313144 0.123943687913255 -1.35486278214322 -8.65185807388691 6.37470098603196 -1.49571778739841 -7.74524650233573 -0.393482156533123 2.09841456498604 1.15047865423429 2.57825515835533
-1.8673971561419 -0.009599637072359 -2.04335404134526 6.78203372754313 -3.57315923089916 -1.90189009734718 7.29406774141246 0.872060827707916 -12.0337096724536 0.650147472296158 -2.88712183297013 -4.42483243784625 -4.18872376008124 -3.80817003376318 -10.6131283274836 1.19990593394825
4.61683446350524 3.09725670656713 -9.89333101851975 -1.30299759756607 1.44995986766399 -0.717757285612744 4.16768365071524 -0.708976965470946 -5.57341984210469 -0.0662794745543618 -1.48915030015861 -0.278733558909502 5.68899407677159 4.50422599456631 1.87414983199785 2.00393146660919
-0.0202525647339722 1.86810107493007 -0.825807567746142 5.19680811063628 -2.16634905824196 2.80739449700811 -0.643417138186558 -2.25089642306709 7.48432843782051 0.639740736489964 5.67520125983485 0.261995462845661 0.238359132357995 3.2757171182392 0.0747467543582299 2.61543641268526
-0.847939028259152 -1.55235243845535 -13.4670644841752 0.118204790935758 2.7454579569506 0.283789945391011 3.01231081472174 0.967269134180509 -2.58036945614186 5.62899287690623 0.124682442996803 -3.67373277092678 3.92921072255438 -2.34865282129675 0.639176682832331 3.52973704354288
-2.99000428383124 -1.01245305596248 -1.80241394431335 -1.18286914534422 -0.878632057035457 -4.95865898400533 -1.87685263679173 -3.15652119945321 4.14992166178987 -2.90018368585577 -2.84248132787847 -13.5847124677449 -4.90516560724638 -5.02756714007478 -1.38362738834616 -0.945044210931297
-3.91353184686559 6.63021088353227 2.38960221752562 -5.46510884687931 -7.7342778272302 -4.29872457020079 0.158982383561594 2.23691954996111 -5.61665301794712 -5.45570937517429 -4.23228218366392 0.339539017462349 -2.62712209920373 -8.26885450084693 -1.85321070182483 -0.942803524273959
2.82078272522478 8.17151983893374 3.27093733342604 4.63308071781211 4.5361159735955 -16.8763894892679 -1.45777421516945 -2.4982280582668 -4.71919010072291 3.76035296404131 3.3224104554567 -2.98315741185755 -0.500343964110554 0.32902293684373 1.4593465399689 0.980037680596223
5.35891105683119 3.1439528357885 1.71917034846344 -2.37319245116283 -1.57542490855687 0.0770144116232143 -0.00852075052591417 -0.0425074954100685 2.48524397101144 0.341056023364892 3.54944934279758 2.72979754231051 11.2983623154855 5.53765788046904 4.98897060552243 1.01170113402907
0.948373648840709 2.89624659043693 -2.11107156167564 3.0822720035679 -1.19348777038925 2.96765737015472 2.10568392133442 -3.22011393148415 -5.04355834699029 3.08555093227102 -15.3687884896526 -4.94291177654631 8.3739840908056 5.60482868193568 0.640444064621336 -1.81639545664392
3.09506833767699 7.08102960407686 3.96610584377021 4.47699926307585 2.93171660969994 4.23748412310619 0.547644176376468 0.274786749019306 -10.0817712216562 2.23772647464669 -0.411105471643602 -2.0206428330057 4.4102221063883 -16.1589084588908 0.589907403382452 1.49971552627711
-1.17971134742945 7.73961936850775 0.1629422805068 -12.8080905719436 5.54993435500675 3.13687517344141 -0.388741519027451 2.57402696967485 -8.88793004157076 3.06285744760077 -2.69681461426818 -1.64660652455424 5.87537721378074 0.316748550291964 4.54346081398193 -3.29351967349911
1.43594272856461 10.0674228043965 1.56456461292111 2.16410501995942 2.44096983427412 1.88270543427193 0.428924946143011 5.59372216102266 -6.24273647287263 3.00920388927887 -11.6025359946184 -2.48802385510728 4.79701392042317 -3.21962667111483 -0.984171796270281 -1.91848839885173
4.2728674658265 12.206806840077 0.0959883598176418 1.50503156432905 1.2850256085376 0.976080985261413 2.99128106094636 1.69223511354615 -5.77307175240563 -1.30107941576857 2.25270790869335 -0.613204117772513 -9.2384798772564 1.45757342062057 0.455804349099444 1.95932805374262
8.63135468782135 12.1946078635654 -0.944481258094783 3.11164812654115 2.08661714468495 -0.0679683668343312 1.97372073520229 0.528082618868375 -5.72096166790751 5.16215691380518 3.22002936242035 -1.94651553887187 -9.41033608461267 2.06365879622252 1.90885430196993 6.60192940600672
-0.224133596330781 6.17610452250205 0.582370101911085 -12.5877249336324 -6.4054362586874 -3.79338262292384 2.15464548715723 -3.42940067830805 -4.7723835570227 4.12767039739276 4.23511690733138 -3.53021665389549 1.17061531333846 1.68861281021438 1.0335422975624 6.09061947332219
-1.46692040080478 5.07380406243075 -11.85496979597 0.598724438074688 -0.202850642656277 -4.61068684335518 1.1603082430906 -1.72303838464929 -8.43918036405491 -2.14981429358209 2.2401161003449 -1.7526816219771 2.66078567512087 0.422727194714433 0.716715095152166 -0.803173974174924
0.79359491635031 9.09388710007408 2.78669994456035 3.17437499130958 5.12700018300688 1.83696665457017 -15.2264439081809 3.76425498971568 -3.47742510417687 0.934596079361262 2.33694992236083 -3.8231072778056 -0.658617106484175 2.6758274709095 -0.0890466278585635 7.10280593701936
-16.6809058522658 4.65423596216811 -5.91316455375259 -1.39847310442213 -2.20212311168863 -5.1527799451728 0.15489791795117 -2.00755736328091 -4.72437064407529 -2.53010073985045 0.87890815749976 -3.65426296726759 1.24963101375104 1.61585966694038 3.63276718712903 -3.64075627823975
2.86493413991168 2.45194084752399 2.81722009663102 2.78682944938374 -3.27225531175036 4.10388581360152 -1.11662848290902 0.268366094070046 -2.47611568018928 1.33203530515415 1.9732402018727 -10.6101326869158 2.3069670640286 -3.6954634661414 0.907036677101006 -0.936962455976595
-13.591327930979 13.1136998428026 2.5600013807019 0.498817477860485 1.05413421887122 -1.95041113550952 1.7538794009818 -0.725282819944549 5.64990358553317 -7.14547628750757 0.383453668774933 3.64795678729603 2.19704344089913 4.10355322456156 -0.861660223622532 -0.13846407727226
-0.425330046878242 -3.35133112606049 0.0562823932595198 -1.44831456648673 -4.29076296486236 -7.87767545979157 -4.14643991617475 0.274603765312547 -1.64622305950329 -3.19438452908851 -1.89543476167065 -6.35167692587829 -5.29298322927965 -3.83553094493199 1.81109949499016 -3.98803851712809
-0.563157490539584 9.64963233490666 -4.28639680561081 2.3567074032964 -8.60597501032554 0.349510593331751 -12.6748639827621 -1.18206778250224 -5.97252335019825 3.92737070341452 1.74162107558704 -0.0275322256730042 3.8202882992827 1.45239965982029 -2.12709346439974 4.0009636954426
-0.479239182907208 3.93000503331707 4.44468055704706 0.109747072529051 0.957226765397528 0.0611303815350697 0.362498839252407 -18.5557577630378 -2.61442363109155 -1.31295813436643 1.70434972599517 -6.90588161871014 -2.15169775438463 0.711980154159649 1.4377153913379 -4.21903063515216
1.20374079969404 -0.848825842254642 -0.0226032320383667 1.19939412751781 -2.25903927316285 1.2666285979697 1.57750655400698 1.39084366650067 -17.2289461839466 -3.68729063459023 4.63429214325693 0.772465067127101 -2.58829831804022 -2.60141183729785 2.38854318558698 -1.57692778353605
7.63657738390053 6.37900732014805 1.66525715709816 0.760579063279153 0.892895592786292 4.00367748620771 4.38479325659764 3.58737304092489 -0.462256514409 0.771921321050717 5.90279990499136 1.12785276993861 -9.89454024185565 2.62498170577723 2.18511906402975 2.90453321896834
-0.382192354234727 5.99189786269119 -2.59503960930779 0.615997926670153 -1.2067680705897 1.38640362691535 -0.902298759064187 -16.6345350538818 -7.7503344940651 -0.0444627432875433 -0.741140398710538 -3.64249639556726 1.30448867789183 -3.28644974187056 -1.9540759414351 -3.60513685739023
0.389134714812011 8.51855903943059 2.3464720873886 2.88787657258197 -0.154592308765456 4.92180573842374 3.04778011069588 4.43015608853907 -4.87428300288079 1.46961727705125 -15.2168969982726 -0.767788530842399 4.18019237216915 2.55836437559912 2.20154471117141 4.03671440924284
4.0861353995732 11.8365175615417 -0.00866640305402283 0.861403639820105 3.49064437385438 -2.14318154681908 2.56620670946228 -0.941725798299985 -2.54509923647072 7.35905032532317 3.78948779201905 -1.88801967178224 6.66841024665331 -12.5472787187049 2.18392013959081 4.16735860814356
-3.04354878960572 6.67084999980837 -16.7974726752639 2.63915244022702 0.267024106023131 -1.69272915714216 1.20102498494607 0.619301782718544 -8.17348359320774 7.23212487686789 3.78819736367504 -1.34266345274641 4.90766121464453 -1.03306911220224 -1.37136994378377 0.647955727676997
4.87200015570237 12.2688045696054 -3.19318324298717 5.17600837051107 1.1467982640946 -0.0314342303498081 3.49605439370022 0.323962961781045 -4.40239909023388 -0.979209938367101 1.87138494142579 1.01802185973365 -11.2533771671948 4.37691277068385 2.76961869086474 5.72912992884452
3.81295066242278 4.27071853168562 -4.09908931486844 -12.0174779291516 -1.96252224213915 -0.745445707947007 3.74525206065964 0.190347231735128 -5.01204406071503 5.67990310565779 1.85354062818517 -4.51433324232708 7.44356187196804 0.604753924593237 5.4678790907568 4.61524906027739
2.96258739801659 6.36142084305949 2.34612932997375 0.684405809116478 2.4396810496338 -0.111338814509663 -3.7927682419255 -3.25342920346818 -0.857549677111966 2.42880262573497 2.99103683124733 -1.21470972920553 -0.443974837286842 2.16845845298043 0.642293307103283 -15.2864142802301
-1.88622595090334 13.5349121007377 -2.03650924536876 -12.9555330589104 -8.5862170458578 0.651840551001965 -4.45542054428077 6.23785377052351 -7.07114672728444 -0.746378173244642 2.02045277000199 -4.83647756509665 0.920956343565874 7.12008797827125 2.07805923203063 5.78250287119833
-3.3814235304132 3.9695056204657 1.64271427144063 1.93318675028225 -0.802542269483894 3.57565637172455 -0.506174835022289 -1.92366998731148 -7.51402492122093 3.95164853172293 3.45990267245542 -2.02280958923624 6.61282005654173 2.28998452025996 -12.1801100960787 -2.51476939242248
3.44622878016194 11.1667337292183 -0.8103103945939 -0.54074430875011 0.303829336910584 -0.669521150553203 1.31844517764238 0.411474054080439 -6.02200737593278 -4.76478272576039 1.11441020685454 -2.91411792214178 -15.6885324978927 6.32113275800748 4.67837967891054 3.69069834140447
-2.98696969680396 -1.43954174190523 0.655073047558211 1.91254721189328 -1.38360895011377 -0.590670056823808 0.305834190358614 -2.57480277552036 -4.51103634762251 -0.151183597508994 1.31823208241702 -14.9172079535739 -2.07396803108508 -6.48907278957215 4.1659109460319 -1.22233334631272
2.35754800640926 10.4941449145517 -0.481489104556978 -12.8794385785046 2.52148280796772 1.88631370353105 -1.77342105375294 1.04542403306103 -4.67834577591847 -2.7423520858453 -1.17752533475746 -0.7339182993277 4.2744445618648 0.198613875635644 3.79006373633545 -0.574979347060794
2.67786717118553 2.40790914694763 1.7622868688137 -1.6677247741944 -2.44758121473332 1.21265308092084 0.56855770397451 1.35731451460262 -22.0043647078985 1.92354700691286 -3.73831786306036 0.947303872703105 -0.477135061264896 0.381577967257503 2.67066548677726 0.526311688862598
-1.26578946884565 6.01695228327526 -7.04239172106136 1.52851243235873 -3.82949254910537 -1.90226640929483 3.67022619573392 2.46112954602553 -6.99827232077311 2.35596472138509 -0.316602188525619 -3.73045218417767 0.654721198071021 -2.74412388477146 -9.63266512576198 -0.523524837287435
3.12284009417714 5.28054434851145 -3.33560663880431 0.714700661328042 2.30737653929378 -4.53800978900684 1.93133191923517 -6.45314246607128 -5.73273574925157 -0.280358495920138 -8.13468100089128 -1.84725423054733 1.22563894102332 3.37031678329547 -0.216765200427232 0.534904093257301
-3.12967600534813 9.07756716463067 0.727793129123118 0.686823285423293 -10.5262586615186 3.17894868507861 2.17171052039659 -1.54233468150995 -3.2217173525124 2.50746712296402 2.49066177200066 -0.15297184456488 8.35478418395746 2.99562416878805 2.12204846816393 -1.48477285890821
0.820955976171874 0.744168723267238 -3.16148902298136 1.49503399897818 2.81077136135887 1.54888732159444 -0.225464642214514 -2.62572139404825 -19.2676367127951 2.28745843578522 0.386261154527101 1.09513890161478 -0.0735332910776175 -1.05195457257714 5.984622013153 -1.42708869350562
1.37950687583684 8.51108286444804 -5.31536116268668 3.42443875360106 1.75970343245676 -2.30293167182084 -0.549979592688795 -12.4022853456114 -3.53873396865027 -1.15156791047144 -1.34095812963352 -5.41282812216059 -0.756784627100496 -0.346023772608371 -2.66725819744963 0.528342261196022
0.786687789607771 7.79108144761099 -5.26784641067725 2.48708524426276 1.38482670242947 0.102864164791875 -1.34393596293302 -17.3004433396599 -9.80607930097939 3.12998961703464 2.17163127898778 -0.882161555963853 1.89580280261927 -2.09650769370475 5.21397731613868 1.26443289172752
-1.228062349817 13.7945573083531 1.13856460595704 2.25978156559194 5.40718709377101 1.63786723522218 1.88826622230304 -0.782222865887432 -4.50317810754263 0.608528546154864 3.98939567534113 -4.61502492388453 4.29902581922905 -10.4456415421565 2.2427496959438 5.74429841588054
-1.24413426708215 4.67910764966523 2.53430468547247 6.60512448100126 3.96910842067206 3.89503727522792 -1.50489805728379 0.346523088924437 -3.09092528895625 3.15022502027106 -1.34366236502472 -3.64350800943021 5.76374844122363 -9.28489800354688 0.0657129687026059 4.03391939236543
-2.70082108714108 9.421648796405 4.16648246439226 -2.38414479547054 -15.7497855901493 3.87261614811387 1.31348027354862 4.03784720537812 -10.0829809281204 -2.39870335605441 -3.18529013480108 -1.52088289509127 0.409195346313556 -2.26240718960601 0.781101154888174 1.4497250323446
1.40523054440164 8.52942420071853 5.16340354500951 5.00737287701213 0.460148110395256 -0.415225350612109 -1.97007214917335 1.53362559722548 -7.80313961420431 4.4274566884981 0.610828759081192 1.22318235354616 2.44920431647245 3.42227735865788 -11.8987821238226 0.926418945683181
-0.535300459613307 1.57218384196676 -1.9595860075106 -6.42665384662848 1.51565812045512 1.79365144158459 -4.41890208998206 -0.492161667541613 0.312821418764776 1.54527878752857 4.27256732791477 -0.907741876657018 4.99846497466855 8.47584565646258 1.61730434881876 3.04551405353129
0.57561278024045 2.88218679645847 0.15320380669456 -4.54711412904087 -9.83289867025472 0.682654183663037 7.87506519617861 -5.43309099935697 -4.6324515272629 3.82024408452987 3.96717788298135 -3.88088999180953 0.124571295104904 0.305589871496806 0.167352284329506 -3.38126154326371
4.55765288898331 3.16614762183601 -2.05667442299167 5.49647612078828 -10.3100042275816 0.0607042905025056 1.75044844586749 3.2351085546388 -9.32772255609791 1.38699575573751 -0.811148895596745 -5.11298663967754 1.20404065436191 -3.79103573817518 1.71788084287203 0.198496752245508
0.569584638654222 8.26360388789663 0.933977647393004 8.74387086797478 2.93553360309956 -4.17153804740471 2.5286269477408 1.54118491209608 -5.28836704837196 3.18938097687492 -13.8784233607146 -2.50956434697051 5.5189322784121 -2.67931218363529 2.60287458358616 2.7489108964716
0.726990453545356 9.81244138021386 -3.88684210028257 2.41937915233759 -9.45913711684822 -1.28096985080805 0.70126232688408 1.11658555156177 0.0584996871993306 5.29364336553238 1.77281625300697 -2.97780640314497 6.93253805669291 1.95001717836085 -0.558792444705184 -0.576316245109707
-2.88189291043253 11.4628959777256 -1.14200025927436 4.12953002950489 0.162018969767373 1.41626828115375 2.25909929583042 1.96553637359102 -3.49271904360296 -2.06901595175973 -12.6214529614282 -1.03628196099826 4.21376151956756 -3.39618055984486 1.97635209446228 0.510933670999677
0.210527736155714 9.04280706039162 2.58201571632513 0.439271459605163 2.77950682787847 3.80283323497309 4.13091320329038 0.958120609132196 -3.06291965739142 8.09631103215787 -0.137678824192117 -0.0472740417951687 -9.82635058064941 9.74158937836208 1.40465545830672 3.89369827167863
-12.6744244386793 8.63056892728805 -0.48566583058893 -2.01000045471715 -1.46968088466005 -8.09238404697908 -0.62559941337181 -1.61846755578373 -11.1133283625454 -2.30879051423163 0.377954339236137 -5.17217993000283 -0.0911250150996374 2.80261326938693 3.60227591546733 -0.0548194233313178
-1.84864499020717 11.749791323302 -0.791184821875431 -15.0962905869799 3.30228893316876 0.207913870087559 -0.197626646500876 -4.79380137275515 -5.52707826645754 1.73556285756213 9.47275507379963 -5.98762026783803 -3.53223003651494 -0.193567801357694 -3.06137633785771 3.38795334440433
-13.5858255713488 8.45960799227977 -1.66694540174258 -1.39949992663741 3.13292419571604 -0.237873760365763 -0.652203579279251 2.77519683390611 -8.34388920283952 0.523188182712054 3.50664465242519 1.89782330027901 -0.493262374777716 -8.25322568085423 -0.292295557569456 2.00516727796112
2.48585311191264 -0.00088492124737044 -0.550714072479933 3.89888004739199 3.47162812091891 1.20897200725737 5.64634454212384 1.63330921639014 -2.2862024036929 0.624767400570241 2.26129117922042 -0.406400796949734 9.59673143903376 8.01679547384621 2.40005653797478 8.42839427928226
0.751244149476088 5.98656519827168 0.662122992126146 -0.660501478585848 5.32749189328897 -15.8690501181316 -4.98806158431956 4.02621194374562 -5.64318810230363 3.84569266779954 -1.4375949717099 0.346176359900329 2.35840056428191 -5.62587476252815 1.59460379561583 -6.52656333459044
-10.8087562971401 9.28586255349913 -5.9627956611418 3.041696954967 -4.27731014067548 -4.83317618577768 -1.67290148733195 2.18345671620732 -1.86976879552485 4.40366712161524 2.64405268353894 3.33436432677426 0.941603743193377 0.83113658979527 -0.915950531636593 -2.63694156337198
7.40331917549519 10.1044652643805 -3.93547798143166 3.01179325079274 -12.5438808423909 2.98636274362315 0.876205841020525 -0.210703337399235 -5.3646048484492 2.54613528361469 1.62237760502795 1.10585835276418 3.32712948501937 2.011015036037 4.5303696191793 -2.52410466738548
1.22544392004181 1.00672978393832 1.63023662912735 2.85788806609547 3.81929977373491 2.83666349673609 4.10091116381923 0.545903035645424 9.35874060905762 1.07085019619176 3.54599834139906 2.7950366670556 -3.61544774265798 4.53318392875595 1.55780091957781 3.45472029526418
7.79517356084086 7.77256802071935 -4.61441037681626 4.05678639362131 -11.7343024187719 -2.64385571679051 0.770558829556439 -1.37782819775719 -1.50366575897068 -0.929222829229717 2.90647977762584 0.127499303063249 4.10496098564138 1.79506145933654 -2.10991402721636 -2.50336096482587
-0.059513460253278 4.90926043889992 1.94334795726337 1.02138206965532 1.60029527313227 -0.263399535357945 0.160146159664139 -20.4197527947432 -7.24152898323141 1.16377484275989 -1.23818190054078 -0.972312280271747 -0.84994930813868 1.42668956281315 0.165247388803728 1.50258516755188
3.32479484966225 1.23020442288923 3.65927144157258 9.47405004332447 4.89978299296043 2.98607110340085 0.266415050978399 0.465697153247681 3.35823925686263 8.27458749321149 8.10747477034422 3.14190550980881 3.56349953894482 2.88689002608559 1.7781783734299 5.76515744379655
1.88930918590212 -0.353643048589578 -3.97508126077867 -2.57178503735274 -5.59990150535939 -1.2236928328823 -1.40064324137008 -5.56485028131486 0.500950912932235 -3.04694407960131 -1.00446007045792 -14.9479719165718 -2.6204195962198 -7.3604634232809 -2.81829402366233 -4.10938122448308
-10.8095524593101 5.51533083423077 -6.37909568390884 -1.68513718837774 -0.542932015076136 2.71072106410375 2.18506447812629 2.57439716651406 -0.614734655970983 -3.19053093362891 4.22541906111293 -1.90544928417334 7.54545968697869 2.73902035984364 -0.731665734824227 -1.40568261349719
3.31375912557507 8.13768014090018 0.398908487951066 5.59022720672211 1.55453140163729 1.36283738544792 2.40997324106872 -0.476697267685444 -3.32060465971344 0.614302253850766 2.85354476485989 -1.19800262789471 -7.30900939221254 1.64378006592968 3.77434173921822 4.6214271647315
-0.651957254720048 8.41119138990239 -2.63276230033883 -0.176791508269164 3.87111269925639 1.46983269391181 0.843240270416796 0.844176062753809 -2.14398107300571 2.38402812908337 3.1078027166002 0.167796139054519 3.11276104469503 1.45099716583385 -16.3876503322832 3.22468651974286
-0.98780921517964 5.64155934603925 0.987431878741991 0.909449490312821 3.0857169180509 1.31732816368396 -3.56076417576972 -0.523352745960336 -2.39130726291596 1.30659321167682 -2.06125681840245 0.0180392351922705 3.18478279103132 -10.0878000156871 0.774221044757155 3.82810281421659
-0.997783005771075 10.4890294330866 -1.16113290993206 0.136917848969275 2.52879732313775 -1.31763986288676 -0.835548097289842 2.59983586707282 -10.1545352715017 3.57588980324679 3.53757352732432 -2.8533958071183 -6.49731502316492 -1.21042431099028 -3.37685543772013 4.41862910621465
1.21538048732267 5.58063528240054 -0.73143783305035 0.687533872493305 4.15145206003662 -2.75778272864927 -1.4507949066707 -10.9565131022206 -3.59875706510798 1.22183016106213 2.18349379294039 -4.02853945531754 2.5817645462245 1.18881041613788 2.5257253682531 1.6346929291767
2.66210157861762 2.45227116958753 -5.57661386623653 0.536397289887328 -1.21167278662558 3.58106278087184 -0.73753512042415 0.214011360990846 1.47505849593137 5.41368666547516 0.830490017381603 1.94898927970719 3.56115153185121 3.33579760844202 1.41540037731372 -0.827258904979358
-5.61981772293815 5.79847227660502 1.03183300434239 3.26265646487255 3.15531663149346 0.948444416595187 -1.74089280069183 0.853775262434504 -2.49188928353269 -3.02841146294381 -2.52545449727394 -18.648082796443 -3.09481606111533 2.46783620717863 -2.1319273650468 5.0043596813984
-0.653586704927032 10.9773860802252 2.40358795901172 3.43087042350109 -2.49085842285646 0.79219153201223 -1.84834602528254 1.71761568107312 -6.66201976735178 4.20810556374192 -14.4218786847068 -3.02265332795781 5.41442316175475 2.33038645702571 2.79412564659451 2.45593049722258
-1.18268074630808 10.0156401508503 -4.64687291449214 -0.637482989489298 -10.7870332774832 -5.73052855605994 -0.337715027569432 -3.08161660959707 -1.12440150847545 -2.70389018910751 1.52352665369727 -5.55469981613396 3.53438149798244 3.81593113028914 5.21945100648521 -4.21917019757613
5.53458449085838 10.153924168555 1.58033954982838 2.67773916969972 3.60546599264018 1.08670521080233 -1.59590228451447 2.15176168582519 -3.24254002819756 6.80223646343269 -1.65243479755731 -0.161932738819921 0.847614357634232 2.61089286497824 3.08106872393664 -13.8571385340864
2.38932399759477 9.82743822165445 -0.00423659062285378 -11.6492435987692 3.38319331850082 -1.70510479644788 2.99232012948648 -1.23989860836993 -2.4138645679417 3.06593819000384 -5.019896737271 -0.798208421331516 2.46510797836174 -5.60565273424934 -4.52513099542312 4.22455595852222
3.73697210324844 10.1404376341897 -1.00501657180779 2.22564273051053 4.85005978291599 -15.2842256735304 -1.74278589734236 -1.25334360939054 -3.16354326924744 3.48768617024504 2.1483744824759 1.18458827020709 3.38187766816935 1.41056017393685 1.81112248907286 3.6104849768488
1.00262161565113 7.53699374777928 0.0843671263742027 0.208042285776284 -0.886106881401981 0.298800843513042 3.39547782475934 3.61473465180287 -9.72753060079188 0.689362078233252 -16.1255019256914 -0.979313629205975 7.48680941902216 -0.908286874247984 1.94628356821363 -0.979884294222529
-4.87808240321329 0.376023066437737 -9.81871339162521 -4.71705221258691 -4.77421174195053 -3.91971362467869 -3.90530175246466 -1.60375746209772 -1.22843709884664 -3.89632108881182 -1.75149903736281 -2.65159311666279 -2.41984179859027 -6.16728775865341 -1.77977542716983 -6.43772793049468
-0.687108977409152 9.68991583638718 -4.09145404298394 0.565852233628735 1.07586626807744 0.735824312421948 -0.433528506329315 -15.6950684024321 -2.20422054846962 1.86989665223918 1.63130389784237 -1.42854983561781 1.50917320733967 0.733139321067176 1.29358531411842 2.82548730525558
-1.0637547233152 3.10766083033197 1.10193451305051 2.2622705011226 3.66092295913177 0.262514553509093 -3.87979986931525 4.69942061699988 -5.52308430364377 -2.18434742267719 -0.619628448759183 -12.0906988370124 1.530183708841 -3.13333970525895 1.60717659038113 -3.11795310141335
-13.440640409118 8.7754709718071 3.44336298186112 0.568456328569394 -2.41796621337511 -0.872090605008964 3.84635277318345 0.595735158988017 -5.48282073579967 3.10428678051491 -0.946110715253984 -9.08767352918216 -2.07997524055519 1.69463549723596 -2.61674177664644 -2.43046435307672
-0.577801147415304 0.478331972512008 -1.72569335638976 0.814123377807836 0.0900991372000349 1.42556071345564 4.86812091497619 2.39041579358482 -4.88130706413997 3.09494644140568 -1.33722693010205 -13.078215281854 1.78128230651278 -1.70854712086528 -0.0729725166466704 6.87707687103287
-3.20131738944937 -0.767530297495934 -1.47560259365354 0.105080601841794 -1.04541796950531 1.21373701593676 4.09211299612786 -0.631959133930486 -4.56594382072692 -1.10569520338578 1.91817993634903 -15.8266017892521 3.57492274230394 -0.717747248208639 1.6907145078855 1.49882915856655
-1.54655048205451 10.9373942791262 -2.35626566894422 0.559995839805336 -0.0528974162644191 -0.0410677595912879 0.584417963027941 -17.1738594149209 -1.96212183612903 2.30113467996207 -0.517433269019786 0.180909559927312 -2.64264333452718 -4.02687632611331 1.92715722946041 1.21552349293017
2.01408671879716 2.48110371773483 4.46998197923937 0.0537821565723389 -1.71798340355087 -16.1462961187434 -1.39462139495461 -3.25613808933361 -6.84562285332898 0.880382485659898 2.49259627881575 2.15249419226738 3.68170731066419 2.9596906911837 3.16169958887176 1.14263397488548
1.93245993625374 4.51721625300944 1.92178686710426 1.48147794357204 2.6679450344674 -9.82943250284781 4.73623454337757 -0.614291356835933 -3.88816271073527 2.92552103799754 3.55125018425189 -4.62019493640169 2.61399231998384 -0.650691015332326 -0.669462870114808 8.38885958288406
-4.1405419058799 7.08517311382687 0.60919398323201 -6.94652824314918 -2.47604224420363 0.814725844077161 -0.594176279882364 0.76418065504972 -6.16209513858095 1.79957257550473 0.569745727038158 -1.6467290183926 2.15298645364474 -1.28798298828416 -1.21364482615204 -2.96850805895595
5.51909422322927 6.34403553952909 1.88620817765631 1.10720109946036 3.18381660106512 1.45824965231027 0.620631080858132 1.05513316769119 0.183267237189034 3.21412937020794 -1.07967163210558 0.563144692788117 0.0663928020265754 -13.3303414232406 2.63359124215693 1.08333319196426
-1.26873067697914 6.91764415837997 -1.84978166375868 5.04055252229635 1.59639059999449 -3.68988558600167 1.74595375835984 -1.88247836606111 -6.62879829473728 4.21812735614664 -10.0347521165928 -2.12768135533617 0.890314087149464 2.73479651817876 0.796210928593516 -0.462689096292082
1.5242931617755 2.32283186727882 1.1079437023982 -1.12320747623209 -1.76287201643854 0.835215986958107 0.894855362803746 -0.963681474384104 -14.6783810536648 -1.52203963898937 0.508269406117803 0.948546719523938 1.32155488391353 1.4772582871109 3.68978533674611 1.74727308399712
-0.885593530115734 0.799491574414182 10.7988655393925 -3.63378529615727 -8.42723152969161 -4.84977640292291 -5.5432970024116 -4.17974468835947 -10.6582784607174 1.62268253469913 -2.20850646622001 1.08942029763134 -2.81277741562577 -10.9902884502632 -4.00620904987112 -3.94860621974081
-2.81908801640858 3.51412930845529 1.58621954866751 -0.699324866700531 1.43055530075745 1.30386841205205 0.706980706421609 1.5525751035944 -4.39708342403754 -4.21320592240488 0.251398851085119 -11.4935655657943 1.48638203632245 0.122727267898103 0.492586811561995 -2.4255161684346
2.02501306718308 2.92219445756919 3.56465818494914 0.82129196606401 -3.1680975307931 -4.55452852551574 -0.0849431206119122 -0.0646717011497155 2.03516269874401 -3.83642662767291 -5.29437845448703 -3.63065400865031 -4.64831201699812 -7.76556794172374 -2.11641009115985 -3.9651250628423
0.458950958422066 9.86817875282995 -0.941063160673406 1.60594855596554 -0.4853460498003 -5.39891547410379 1.98212460163251 -15.1144876085499 -2.41394776695823 1.98597825540776 1.15744363627631 -3.21052279742473 5.54200375939061 2.40187235324386 2.97868573712341 2.24625591996967
-3.38432434181234 2.88995202081032 -1.06348478136728 0.9624057249178 0.362604043914022 0.961336637221466 1.69525105986357 3.42113560753424 -13.4117634642031 -2.98501229017639 1.32382114168015 1.55456516747036 0.8307388894723 0.717544114995069 1.18230300173452 0.310131767117731
1.13902324625569 3.44524586913686 2.5789859627078 1.08769159105827 6.14696615316351 2.08104660012526 0.72541943715639 -0.977961568831031 2.35959027268661 4.84060503511744 1.64070695384234 4.09931468416138 -0.787470268562012 4.6348580256264 2.70765336778815 3.71579315988438
-0.819115526763404 10.597684626462 1.40861627996706 -1.52628256600919 3.34896873120184 -1.18079296116562 3.36562193804065 2.10712251671022 -5.21625474994492 4.98049692678263 -10.6731711799897 -2.02742743218566 4.24843751870234 1.62343820004945 2.6867567626238 -1.93316380437744
-0.780164320665335 6.16174628940383 4.79737784791936 6.65100323440866 -13.1543678645556 -1.65265828454075 1.12685815084487 7.34403488135137 1.47162313563115 3.62092588184761 1.60073760625604 1.25047687307571 0.218994128863508 0.945677903447832 2.72498994073263 0.421383290259124
-12.4282448468817 8.45906299115862 -1.53978230079978 -3.58384848999814 0.168205240159594 3.50366646269529 4.32683336056424 0.941379752548404 -2.79912539969804 8.59630486931047 4.83156615567637 -0.392527787998927 3.84229672254843 3.90742769581856 -1.15236326669987 3.60539136782479
0.03249719249517 9.21722803578493 0.995761246367612 2.25052473693444 -2.95163312952055 2.27778324877051 0.78994304434476 1.13738085300249 -3.59658583282981 2.23157641148197 -11.5281043104918 -5.12654657089583 4.79378177359659 2.8410497100957 1.65381976840497 0.921897033339658
7.5792256230513 4.49079126582759 -15.1398462477304 4.79883992128695 1.28013582313708 -0.270967990857704 -3.49582027159522 -2.02145462184497 -4.14518248062607 0.634668007429235 -2.20621105619811 1.39722331690825 1.55120444521237 3.3176715318892 -0.720752175188829 0.158300239299915
1.11467139158829 0.695594306973504 2.53044118160339 -0.141383558574761 -2.19927804318332 -1.40181118202493 1.2467923655315 0.0420614903230506 -17.8791581487421 -1.73409055278116 -0.949171649488598 0.452849284578786 -3.89359911607831 -1.09885156860081 3.86722854762554 0.90994364964841
-0.901405275474399 -3.01833904209736 -8.43404412425319 -1.68742738940833 -1.64413834332839 7.52693480624659 1.63855433949703 2.01740060693126 -0.957782493160892 -5.65081479859075 -6.13399086356936 -9.0098857597259 -1.2415832775283 -9.10709694495863 1.03063189499928 -4.53384700437247
-3.77562791284472 4.33358579478739 0.926141425481487 -11.8676903545656 5.15415115797287 -2.78668690465605 0.627522956214169 2.82009625590109 -9.86230559767833 6.15128527663558 -3.61116366778871 -3.63734719084448 4.68252712015913 0.310572683500337 -0.238655633024344 0.129052185285122
-1.78139915341035 6.77107711828534 -7.60000535674581 -1.5596583271412 -2.12673613871763 3.06712656425537 3.91911046983222 -0.696544798772708 -6.08969335136252 -4.04684631144396 3.40157149236786 -2.43088324511325 4.69920468323624 -2.58985123993586 1.36485496578478 -0.139752451272271
-1.2927533561019 8.48345614019116 -0.170505690672018 2.59255837946557 5.76600984184369 -1.86683889480336 -17.8450433888303 0.368899973997878 -3.51165446233578 -3.49335131587485 1.38845648743758 -0.32413678096481 3.0416357894515 0.068811417399243 2.49216918334884 -0.712013517156672
-3.18756831932771 8.39216559423907 -2.54444507351632 -11.7239070445365 1.59636734832433 -2.30601646692734 2.47914988482101 -9.22487252779194 -5.61926141143321 0.654949557536132 4.32380174035294 -1.42409243985136 1.05991043067658 -3.02622298539503 3.72429535132888 -2.77593893750474
-2.66017018902641 10.1611682961666 -1.17965878718859 -12.6717506973125 1.45304057595439 0.71936238635798 -0.34224883094589 1.05906337609614 -5.53515616016018 0.534892194603079 2.09960334068519 -2.89868046106754 4.86155725590029 3.13965831815763 3.85818730225653 0.81146027561769
-0.409552248839493 0.966721287464621 -0.602383809224295 0.524298265193659 -0.807287549619764 -1.56999974204919 -1.11515808784151 -2.34164269886485 -21.982875276791 4.16373644090024 4.08523857831963 -0.0165407496528617 -2.50033052943166 0.0938107190521685 -3.61216522278703 1.20155427309148
-3.32151773363259 6.37204687149211 -10.9107877015314 2.49604946491031 0.164835618611583 -1.27041295820487 0.516572130487995 0.805067906970427 -9.98516460701376 -2.25499169576545 -2.29136899512542 -7.36469496924128 -1.42619470034172 3.71048089393028 -2.09777483312007 -0.492402206219188
2.62604216474923 6.01323940057901 0.541797703348012 -3.25800823374687 -1.0474074585989 -3.05888010050393 3.89484275896455 0.993369148146625 -1.5021558173917 3.36487034225373 -12.1382496259324 -1.55845269426088 1.69698460178638 1.93385236013619 -1.3618175217357 -0.667969848771433
2.45614476082293 10.4787299873762 -0.416542303721706 0.326203026222522 1.39299705983693 2.24699147343905 2.1399614179652 -0.283620201047276 0.905244039065507 -0.330846072374438 2.39235833134329 -3.29409714102048 5.38981560230598 -9.61811813531472 -0.160875719781635 5.01688573330344
1.12689853979435 6.1081779896334 2.3089537192301 1.91716637157292 -11.535026225871 -8.33334422853544 0.710323093212948 2.91047918777139 -4.68814995959109 2.69987424358448 6.85604917202986 -3.69278602705769 2.85018372809143 -1.97392430619173 -3.33824870522659 -0.814830105828748
0.288975279594541 4.43831241257217 -1.89800278522872 1.82018662633818 1.83628429324241 -1.30775586121951 0.556287921847127 2.82510026656892 -8.31959132751171 2.65836507258744 -0.507803583076995 -0.01951315181558 5.43473267535897 0.871001526031187 1.31752556247408 -11.6505319403085
5.3990621566351 4.95177883033949 -2.54612461045301 4.68399744856873 2.39130816319192 0.42570146772132 -0.0665193273586433 -2.3505511805044 -3.6610960460263 0.594806162014116 -11.9621250861812 -4.53257909827559 2.96083784739039 0.780559962843442 1.77061220949452 1.41872694001161
1.68513694342844 3.6627621842407 2.64712489663681 0.330297757347465 0.920915485655152 4.34848767917529 -1.22448882756292 3.1232018616751 7.30125252912998 4.13100546468474 4.0757927415298 -1.66016118624491 0.396221327420498 5.9527780123576 4.77856239546862 4.10563032886125
-0.174864913735392 12.468057515503 0.385922393008668 -7.37108302508986 -4.34322854976692 -1.12122225389423 -1.20168687874354 4.26036563431706 -1.8593173452758 4.43980143937526 -0.627051798356452 -2.18564967672203 3.14433584272384 1.44131180169837 3.12017376662752 -3.00576639886171
0.478749324377614 3.60526984447575 -0.5210550776519 1.38921303276733 -0.107051055126898 -15.1710504510928 -2.11790580036531 0.393380625949926 -3.25815789641578 0.846309069412572 2.57021563142946 -1.54441083586974 3.64456354172286 -1.67217406969911 2.09645172890306 3.09936274300818
2.69785511502409 8.88855075600273 5.82601034968604 4.27530423976007 -0.835881968909134 -15.7673618638784 -0.687342862390597 2.16122854287981 -8.93250494812034 -4.05568977883468 4.29864549578672 0.750812327890934 3.01940065020326 -3.6473993324727 -0.904753433132011 -2.24600199582938
-4.66844168612422 -4.20391773124195 6.7000826025566 2.11975332697344 1.37859305356995 0.13444410115968 2.29172474512451 -2.70618334723029 -0.55389437690587 0.634980452959998 1.68400340558401 4.76037876477367 -0.129532884305688 1.47687818548907 0.25849606229605 8.8959321948305
-2.63037744627389 3.55253803159941 -1.39384111241558 4.43123020883289 0.489414695949704 -2.29990707450866 0.109309064783386 -18.5685389399044 -1.60771894174067 2.10113649903355 2.82428090456305 -5.53690595240497 6.72724702926907 5.5543281784313 0.135696301101268 -1.08787021793298
-3.01632924025188 5.23768542971978 -17.0979787231947 1.07199392326755 1.1524127700686 -1.94564643632133 -1.52732109923597 2.71236449072056 -6.39725515693591 4.470197255027 6.0385506291715 -1.07789084654858 2.28203990570474 -0.211658335241321 1.81856404088656 3.69373933432349
0.453431028425093 9.63020211467648 0.404211883339352 4.64464402555856 2.05581556091423 -0.122216457554765 5.38674953532036 3.59716900949638 -9.26015713364598 -0.430951797439395 5.34197366462505 1.57350834900852 4.53206259342482 -0.598128479851484 1.03515996774317 -12.1942578449183
0.640791260152299 5.94501572986566 -0.790708411035015 5.32686245816117 0.371174234483392 1.94742865529731 2.55202401574459 -2.79586297896703 2.88232924003452 3.02442414939508 1.66937087552727 -3.02081185174688 0.426504958299341 0.361890886015001 -5.52957164056269 1.48033199524635
2.00857091359403 8.94726943693888 -11.8843666049539 0.0703789488815637 -1.85942940278486 -3.5728184752485 -3.70922436851582 1.98121207932037 -2.32384844341719 4.32526074764578 -0.658843416853851 -2.53469088034381 1.79522972761879 -0.788913158716944 -3.00886852703906 2.53719479483382
1.35339820875486 2.11773439692292 -15.2525550468749 -0.743235748536643 -2.26687517650963 -0.116823954015468 -1.11774539614145 0.170490283832196 -13.8732754637994 -4.73995429808125 -1.08990666896916 -1.88224184694781 -3.1613598430675 -4.05083138382486 -0.336888271192951 3.74337263634481
3.80067845954466 10.7176915084048 1.2485055039073 -0.358861319127085 5.77325462024936 -1.61034958913945 2.22313842799736 1.41039326915771 -8.76814983152816 -4.14748362337615 -10.854983282688 -1.04164505675399 2.16584222081626 -0.419797855462057 1.55542282386228 2.87127933421833
1.58382038120318 10.2971384127215 -3.4036515568996 1.81224453973287 -9.64102817002563 1.47398904884911 -0.389223682604452 1.75162813765575 -9.14130459693445 0.229602874791906 -2.31735757683658 -7.52585181945189 4.77379734882476 2.40046576991872 -2.32819543113461 2.8009209143159
0.0383063058951172 9.70150052992335 3.62190106723091 3.4762270157563 1.43525775863355 -0.0471593179582431 9.07458135066944 3.69987218278044 -5.96779117933124 -2.87389925526134 2.40653378101924 -0.338491620717794 -1.81748715926099 -0.400623257584715 3.4306105931576 -9.51370014068839
0.0285717570075331 8.26998040721972 4.37835417990936 -1.27968613666728 6.76442081499634 -2.88945662696383 -3.0612692451171 -0.65326905475419 -6.53186282420063 2.13425017212101 -0.83910288468928 -3.78028079238318 -5.16005291613702 0.0444515823147908 -14.9491609825648 0.630066476652033
4.2165786462008 9.01070816550844 0.890514216275133 4.37290641404141 -3.43771461568156 -4.26750518759337 0.193745596041793 -2.54572852754328 -0.214766360238698 -0.832383162009204 -13.7148441398491 0.3362855140868 5.32130863862233 0.679118363108792 3.67089188454107 2.75421179893833
0.312678718564702 9.03365612479197 5.37776158682761 2.33234023928156 -0.45043201527383 4.63525811787825 0.479654840803381 -10.8357120234293 -4.88548493666857 3.00638034788228 -0.282557955541722 -4.38951553473624 -5.46863068277117 3.88120493155805 -2.3943048183896 -2.48764424429204
0.483212605093883 1.8211077774649 1.43974468924371 0.668566007482616 0.211825026345394 -0.571832343142714 -0.313331488713913 -1.36955679695676 -18.6658599315392 0.590178642151689 3.05743618727553 4.11044067601856 0.459709502644273 -1.38865759896632 3.38041949010981 2.62053595718795
4.04048411985369 6.84299090211754 -2.51149631128184 7.33734523487031 0.195297690164656 2.07736353611009 -0.789132886729247 0.013037174137472 -6.76341948594595 -0.572158920751314 -1.49127313620772 -2.58532206773173 -12.0935176110362 3.93047218129156 1.22956758216934 -0.25709347229134
-3.02486996363007 2.67369207812287 -2.08277207538959 2.49303378995092 -0.146804238956568 -2.47900206882607 1.3587383143699 -12.5459717875851 -9.48010719006652 0.88290077479266 -4.79914516630007 -1.4379922543683 1.66909420122971 2.49405650618138 2.38555262791501 2.88798467264989
-1.54020730246734 5.9905849792647 -0.907277147417908 1.20521365749416 2.12969404332727 -0.941666476431612 -7.99436991124164 -0.893647425573712 -9.10227135770381 -1.19540427442108 2.8210783047271 -5.18333389487693 3.52415015951519 -0.844080138738295 0.696127642361559 -0.130798460622284
0.75050158218175 11.5841122262776 0.73153878244556 1.21676111827136 -0.663563563573522 1.21949610454292 3.12356711332832 1.99457122828936 -2.67816196495051 -0.189435907444686 -12.2852720147868 -1.60445986841663 1.25663463589321 2.65257680675226 -2.19443462729645 1.12865028187875
-2.95035808764617 -5.39214695381062 3.06029834813815 1.45181204187571 0.149107648516572 1.1571515276983 4.03435497972211 2.4357543228758 -9.18862601205616 -2.61089848492335 0.344173305014057 4.20373544099386 9.90990701973572 2.11205927006531 -1.49984242439141 6.34019742101446
-2.04791515867719 2.20594370133655 2.88940267909747 6.68775301172099 3.40338283063925 2.19821150115952 -2.99285670923864 2.76425897986142 0.015266244741261 -3.96873924425299 -0.834265057108463 -0.608619899979505 5.3941506181851 3.02343460791226 4.46085508435307 4.42802166443932
0.351791813877215 8.18592460769132 1.22659250022158 -4.25624588363267 -1.34230084528479 -0.577433279686953 -3.61625793740603 -0.857428782417116 -2.52710895253873 3.99714036412061 -1.05539353362765 1.39579045108335 5.40967427662557 1.0100225658742 -13.1289131964878 6.30874176015518
2.14435603128332 5.07012385767907 -2.27203417279809 2.7247422006699 -13.9756731110001 3.7814949389211 0.652242145809348 6.40396841360185 -4.41164028816123 7.02032752859663 -0.0473626500839253 -0.982576330849256 0.492372997106398 -2.36498811620742 -0.236731839725145 4.02761829319199
0.0200940111866978 8.07731991643686 -2.53095408275015 -1.02710788206185 2.5795437093264 -0.892338415430883 1.66772585471012 0.745687075111302 -3.36362897359867 2.19457002286926 1.54681961330912 0.232725793672224 6.49663834485583 1.30515362149213 -15.6480068870125 -0.222899837222356
5.15011382667159 8.88322314420058 -14.846379287446 -3.27920626843243 -1.38549016940693 -0.746882839359371 -0.602223827787128 0.843120978677247 -7.50599769538312 -0.379494649692423 0.580617707600037 -0.507346909894872 1.32003149299822 -2.89246091859496 1.67679722891622 -1.40276098582658
4.25232355860662 1.85463611217551 0.0536964395282008 1.34899654371558 -13.7192173638902 -0.141960085025771 0.578464675459989 -2.22956931477677 -5.59131938383999 1.14757028519611 6.63118053906684 -5.15405312875807 -0.737160080772549 -3.54241860916776 1.93208611395926 3.85975917458852
2.89493479943749 16.14068586437 -4.06389490222298 0.943193791902001 -14.9545829281188 0.978207669882021 2.78074327111607 2.56335217587098 -6.57060812314931 3.0249484361947 -2.64294006500785 -1.75424698526811 1.92429939676916 5.3685111032905 1.05002627930278 -4.5784227378753
2.23094080686923 5.31278283504098 -1.90807313623314 -0.34891182688597 -1.50515889694727 -1.06504865515246 1.20529459469471 -3.8536370013269 -5.24008694506719 9.45167290607664 -9.23373447365523 -1.6043237014727 2.62880890085176 -4.59970517499572 4.36306293067243 1.28994667472032
5.19920982480053 7.09531957809689 2.05943512674041 2.77778040053501 0.91693331826387 -1.40786748503073 1.24915171915758 1.90699725046883 -5.9313221495812 6.06804899685873 -17.1830289080437 -1.71581582291717 2.08738019618342 0.403168259716359 5.84189795951445 3.32242834507421
-1.40997447770043 6.6256184848439 -11.1559122872574 1.23161230459123 0.884865810795702 -4.04002612689923 4.01036512037355 0.718172397211255 -5.21544570335971 0.968854586174956 1.7464107158814 -0.421131160966121 -1.93310872453755 0.904566979189763 -1.9295489152991 0.204430482609525
1.92372728710261 7.54948309673392 -1.30808372906612 1.05248885964994 0.285427389680501 0.273869613994662 -0.804215317046122 -16.9349703711336 -6.04960513224737 -2.12035414585925 1.2035625218531 -2.32841684038364 2.11575234913838 -4.1375949458945 -2.70131239227353 -2.43227920565446
-1.37034816427639 5.59461431799306 2.93743214256511 2.68734529310217 0.346490908618179 1.99450333205575 -2.08800125836939 2.25377510796943 -5.81278489224767 3.12319782514578 1.74650187707643 -2.33647492589931 -1.42412439940076 -13.6738078837864 1.4072208680096 5.86963486156389
-0.972650507557122 11.0067966712505 -1.8668497354947 0.578028345176381 -0.85545703377949 -0.805558922533978 -1.27713789750542 -14.4469983596623 -5.45779594315085 1.72334460005239 2.47614406198007 -3.22063022674224 0.571319578556974 0.447791023492979 -0.899155133877632 2.61589406757829
-1.97376756854522 -0.886702532818479 5.25658910394681 -1.37890821312965 0.115194437941835 -5.50194583238899 0.0908689404981333 2.92372995723388 3.13975575529466 -8.02446916144746 -2.06250687008574 -3.03247151246371 -3.46191479507011 -8.56826734970499 -1.40147491630443 -0.345883043846686
-4.52591551876166 10.0499932623788 2.32153566191443 -11.3762301225451 0.313719302030185 4.02603407379681 -1.9425917877378 1.55254323594867 -8.14346657136833 -0.791881831596684 0.807642657104392 -2.82265189475076 4.32406013976622 -2.37391737384562 3.59559978290755 -5.53072995321553
-1.62320383121071 2.70558039153686 -2.81847011961835 -2.09574014898271 -2.85197090738825 -1.76994483600231 -3.59557199610858 -14.2632355068562 -3.81660298523288 0.746760802808692 1.90952146916596 -0.558229826978045 3.22561219132618 1.18657874528501 1.58909503239656 -0.586477764198447
4.46006801289178 8.50221043710531 0.82724796395434 1.08489909895694 3.14698142797721 5.69055680182137 2.42464828362403 -2.74197727115042 -6.51050917996557 4.45644631050456 -8.10783086792857 -1.15463145376547 0.928430667236296 -2.70099132512021 0.443981717455045 0.23569919295351
0.517133371939339 0.197254056130057 5.99965580814273 1.66654918638676 1.49912680971782 -0.467185130413555 -2.8697922800247 6.04362679912733 3.05825931013457 -0.0626655349637133 -0.307588030375254 -8.33739447299077 -3.34596238576071 -8.91806695419169 -6.19224602098404 -4.41909283048167
3.10116370833062 9.45660991485219 -0.704200158866287 2.73974080667027 -1.41194353684657 -5.72941388559595 3.61884155676438 1.66689418160499 -5.4093861945993 1.57449741854678 -12.6689302299735 -1.56446043263294 3.23962730832361 -2.72973510702408 -2.40715414247907 0.339023088056694
-12.026104038563 8.77550692068081 0.247839021700129 -1.35699225619981 -0.269078988717549 5.10711827451586 1.12463618835994 4.36206546126611 -5.32678757039284 -4.6560281601816 -2.00540927236296 4.30555228137745 0.65265687650941 8.99424584149882 -11.1391055194283 -3.35265341413604
2.3343466079118 7.81671763654349 -9.46449203031137 1.43865170901112 -15.0028865985074 2.59648546705159 -1.038569442028 -0.447991208086041 -1.06502878081522 -0.507547934238087 1.30686088526819 0.383196013584579 7.50751961998975 2.77975678131577 -1.13923671412518 0.555617398896912
-1.10316448319352 10.2276107214065 -1.80472913459729 -2.00543435565564 -2.54208304689302 -6.21799971273734 0.106578942817103 -10.3456791276604 -8.09472758341626 -1.34880504552245 -1.34979516515815 -3.49021352437817 1.27341601126878 0.333802167174344 -4.87292934394964 9.1735592759548
6.18623306591353 -1.9364704805164 2.57559559406515 0.697115902779145 -0.108599872607374 -2.83752765082715 -3.81958690822911 -0.740439407189702 -15.6603894466091 2.1078671628106 -0.548138754806485 -1.79895167370419 -1.83285724356748 0.0448759561295644 3.04641739405313 0.223500223632732
-0.237900845895971 -0.579837949099949 8.1211370627063 1.693902113711 -7.49567804957018 2.85116018886615 -5.04641913398256 -0.0116100388422441 -2.604067186945 -3.88952212320856 -0.714940213256755 4.49014702489521 -4.34696490168462 -1.17475988239533 -5.05571911015822 -4.66763208255253
-3.4871029860066 9.5864376520841 2.24900231151872 3.50103793840423 1.42864246580051 -3.38619466188385 2.10700219793489 -0.144154948224146 -4.43443662785678 -0.439674768816581 3.33685545610565 -2.60198761070292 -9.50261425085697 4.62677057808819 -1.05385530409142 -0.719218344724005
-0.801633244137107 12.1846755723403 0.0108730875236707 -13.4106862941904 -2.51233654392411 -2.12966353571133 1.1370091602264 -0.446585714867503 -7.42241607303943 5.00047097044261 -0.898733218398115 -3.51291728280274 4.16934980763499 1.13879506263481 -0.352296394810985 -2.08239032621148
-1.06693465949515 5.93003162361842 4.61276797136169 -0.88213002239892 -1.31256075101183 1.12782747822913 1.7131797348395 -14.1875943622865 -7.89540703445367 0.455923221091317 2.10436482319289 -3.62892462999976 0.606078536608708 -0.345059501515398 3.39457369793467 2.28455751983659
2.71436760822887 4.89133638867682 5.98414312339582 -1.04370667633606 -11.3817986051072 -4.80570373873968 -1.06211286809306 -3.4753539050314 -3.57127436695626 5.9786854649048 7.85406477437067 -0.283182393757243 2.11510018061144 -1.49426229883568 3.43292110600546 1.89997212397394
2.05980470891539 2.747949094738 -2.34094080637697 -2.38568351294197 2.35310672278358 -2.57710991643465 1.13729650186772 -6.9161684557897 -20.1777947118722 -1.97154578481546 0.746182790634837 2.19806021284847 3.82530459274945 -2.2615266140589 -4.22322976563295 -0.77188866007712
-3.40412736151924 10.984610567577 0.133980403681202 2.92690233087661 1.51080135330503 -0.504615920664413 0.677298938888952 -0.530255614784646 -6.67377754118536 4.08466198823634 -10.2576304877935 -2.17871222342996 4.97891844888628 2.68871530278879 -2.49306826503769 -0.627656484139445
-0.685479069335164 9.00984268841025 -0.577740839630513 -7.94019477027974 -3.96147061966589 -0.87997542533679 1.31146816805611 0.721800002342409 -5.52926625242847 2.9690265628579 -1.61377329862686 -2.27134113859498 1.7439824752149 2.32273947043271 1.23561534249703 2.59629467778658
6.17985082170867 2.46203577662118 -0.561037178085162 2.57428968445368 -2.48786795626787 0.700740309561271 1.62383005156302 2.62029633437787 4.04489505737618 4.8153773534454 5.91760756049316 -0.209701170735062 8.3718196023212 5.67097462853466 0.458309595417638 6.56146781243601
0.20335127266098 0.14680166005879 -0.991145615366575 -3.21979777296061 -0.413632244511388 -2.73465000870578 -0.446071017551406 2.62613555078791 -4.83531855165795 -4.21411150069992 -2.67703764783586 -2.79379112166965 -1.51387915342661 -5.56162850894473 -1.74785075766379 -6.91013930900736
4.26095527749052 11.2850720275569 0.252524169654674 3.31808504188216 -0.776247147904881 -1.72083770896262 2.77875515602426 1.44912798129088 -3.04621320356372 8.97539831939807 0.939849112061031 -2.00210894029041 -10.5638581687583 -3.36221851559554 -0.780177333050833 -5.1454044996435
1.21163359442556 7.3313152766474 -11.9046709471678 3.83051077400518 0.481237363016114 1.43630058756742 0.567836819162205 -0.262596879637861 -4.24209522560856 -2.19792839090454 1.7847400755724 -1.34091220114629 -3.45919392828231 -0.349356316812673 -0.124456338605205 0.304363172930663
1.65626585810974 6.2493520175354 -0.215990468093438 0.472353034571987 1.09950283542285 2.30737790279932 2.1042890313332 2.0503467243944 -3.16241469211251 -2.59623041212521 -11.2282844695001 -0.869174682266796 2.41397697815722 -2.72891520171036 3.0161484806969 -0.593032758195059
-1.75950642338296 8.89343683299983 -11.3055371969202 2.09593578458656 1.9522944395059 2.31968497699008 4.55812428394739 0.679768251210682 -2.95592212428607 5.05334925067961 5.3258636180813 -3.64467551522624 1.77939471142857 1.92069665838286 1.24757302534874 -1.42601346164792
-0.449690179165115 8.62466454756418 -1.86399298113209 2.48957724317644 2.95779049949305 -1.32291685582281 1.67956805464159 2.27234304854583 -7.05177427861263 2.65493299564306 2.7067208121109 -4.7623825217342 2.92224094663223 2.82381400373158 -0.931231832839092 -10.7060248277424
2.59435750672158 8.27615002948898 -0.627248411948162 0.0565559481269502 1.38260933668598 -12.6940017995105 -0.941380182128985 1.38400627977873 -2.59997450051696 4.01430163617604 3.01182652015536 0.590243391147803 4.32602491184788 2.57493441216934 0.332938002194171 4.73762933782695
-1.45000585823485 3.6689048230361 0.654656143900401 2.03347845533939 -13.2415044062733 -1.25554153810385 4.756321270803 -1.08462498339289 -0.301910344912951 1.31584568636715 0.512746858665822 1.20666497562366 -1.22098251715247 0.254883968295155 3.0203895015149 -7.97564710173039
0.842989997002178 8.13543208150281 3.14097969363344 2.006849401639 2.27366609544945 -14.6712998226559 1.88382531062607 4.05952610769479 -4.86449947312075 5.0716435252961 3.29328259297719 -4.77924788981682 0.07490483261885 0.28726596174022 0.248788476673364 3.65654913270612
-0.213192766177449 4.4776631167353 -1.76106519159345 0.504757284984932 2.62912185471317 -0.732844151282763 -1.17834806470411 -9.86108816233503 -4.80479213660688 2.31739302565111 6.1931783837081 6.29974001464146 1.97542514643053 -1.50531199462418 1.84317683527467 -1.06237563216099
2.91813469844467 11.2239671972771 -2.03943617430692 -11.0254881401963 1.0974916878518 2.62352032879847 -2.8320202342322 1.11390029633283 -2.868589142069 1.48900744396525 -1.93810482785802 -0.0260933044923717 0.585597940597235 -2.21790016425919 1.52660168948429 -0.853132390344435
-1.74829243410599 7.7277176919684 -2.71895964559967 -13.5579663689506 -3.81448163497414 1.94812670539879 -0.27960674589437 -1.508119085113 -6.60479952210028 0.0772573567069026 9.06870196720721 -2.86197009326198 1.56262871897663 0.513122379231407 -1.58510052599705 -1.30370260928592
-0.926989235976748 0.632103812412626 -1.47422448295978 -2.39245476242537 -2.35169570495742 0.533881469462767 0.368982429134019 0.628325329468671 -17.9258251239256 -1.08277624736286 -2.41218314816175 -1.97277591013855 1.68023155159353 2.33998182844793 1.32157127762142 4.20287215425338
0.699677113164595 4.22996238054737 -2.81317956301208 0.565969039975379 -0.355928968503002 -13.7006797425817 -0.466665611265354 -0.308138592184572 -4.38114294482951 6.64192485668818 2.09273373186322 -3.58154033027744 -0.51461528979132 0.464832095152249 -1.40645154826855 2.22311965001775
1.17936881781688 6.55855690335355 -12.9188913387069 0.517664517099676 -0.692237263097364 3.49667526164986 -2.84168760452384 -0.332862432035227 -0.683720204726751 1.78173454410569 -0.331728561444888 -0.197455204864369 2.92372627969384 3.18603565380445 3.13318794369023 1.22985975924939
4.2447280538726 1.89618477679353 -5.39149387656469 -0.0638183778054142 -12.2682119773268 -2.0300005316229 1.69427731282084 5.00867454391221 3.87358641803557 6.17705833954748 3.81665093685728 -1.5602871224087 8.36638655545657 -2.84829508854935 4.62099414176453 2.15830260461181
-3.33080065611478 3.47742554218131 -0.276044748732928 1.06632202408395 5.75920142328946 -0.847844155028377 -2.67877199754938 0.405155011864664 -9.94301152725547 1.79694137568848 0.98975711726445 -3.66034741332965 2.70380701071054 -14.7647779432754 -0.89290851207208 1.66967599823588
-0.322398184601163 -2.63501186158546 3.84894821661125 -3.71465174464946 -1.4436208081403 -7.46282944500048 -0.599372192613831 -7.35417624427832 -3.86195867694658 0.717472252899622 -8.28501721105106 -0.188296687373672 -5.43410490200772 -3.09383390074791 -1.7443531316573 -1.22925787987576
-20.1520986602422 9.8892318005995 1.34278067570487 0.404396244704467 2.75807678727445 -6.67893656888627 1.32050108363772 -1.37350909378697 0.209726023863728 4.05001287404731 -2.45660420809416 7.41156805004831 0.446214674301686 0.713472051499313 -2.70680563439982 0.735533247531166
4.10815076202126 9.7708082470338 4.6683673131994 4.18274604819028 1.05274653264382 -0.806836772679835 2.512694778445 0.199953955519156 -0.35342062126279 8.59254433653221 -2.03339970537559 2.78871538935133 -6.32087469364717 3.47554183145512 1.71899451855255 3.76329329269442
-0.386598540386864 11.473432005421 -3.43978327211823 4.58733577056358 -0.385647273988578 1.73294244333233 0.89481005335297 -14.851138614336 -4.54372795635574 0.776496669923647 -2.42663593453356 0.296923351595383 -0.648575097206432 -0.638330933583156 -0.234287516001287 -0.905716585914566
4.77578013457343 10.2721800044133 0.984738687330496 4.81777329170815 2.03582621239056 -1.45836698601375 1.25333574779698 -1.75370998920784 -12.4343157117764 4.56216028335852 6.5729373290732 2.10682265398252 3.00946496193836 2.99783903725493 0.653634884181523 -9.30369843931163
-0.404010067661802 7.35679499261914 1.17385148840067 -0.257245574370278 -13.9603369783912 3.2767284552095 2.56904576298503 1.9591354423474 3.4907233358147 3.67376363447515 -1.06243601977633 -5.37950827766949 3.23162174862991 4.0027585217141 5.2755083056217 -0.959874787434764
-2.54858219976348 10.2721923593329 3.31212692414257 -4.00575468268522 0.199278016692305 6.24602174715284 3.5386008179734 -0.590867057023855 -6.19650812478394 -5.38681669743472 -8.44589371684686 -1.78988782784172 5.99763820425327 0.114353286573184 4.23994977114425 1.05590899666236
-1.72028153166472 3.45670957639881 3.59096424237683 -1.84281967313324 -0.187873758564754 -16.2422581948144 2.56822856954537 1.68604652341957 -9.45503334975203 -0.262202960890836 0.728843602791951 -1.92135102651744 5.52739542936417 -4.34839761067077 1.56604712136085 0.736929363804801
-1.36059905728498 6.93065722317584 2.1272271138313 -9.70966575966982 -2.17368418227012 1.10672635311565 4.5864747337261 -1.14959801205839 -0.740071777440289 2.02352191135449 -1.92969643184556 -2.23225704751346 -0.00238161007773829 0.729413385678413 1.41360356014074 -1.58671281051705
-0.421627430490905 4.06478290758833 -14.6176658589506 0.0644142881958455 -1.04630925095352 -1.30949552428338 3.03266888928397 -0.134876956801476 -4.27816361092733 4.7436176000003 5.31818216848307 -1.71925960651847 3.35125385241277 -2.56941555051722 3.25748542288271 1.83808659421231
0.399604714550694 10.9379970168754 -0.0065344874432742 4.14343944229765 -2.04653901676032 4.18631432391839 2.26862264098824 -0.51769623277376 -2.45979629544466 6.30063554350973 3.24744189906131 -3.0801819161276 -10.8296715633301 -0.0903648939518698 0.535993775342237 -1.47617436250147
2.24705747932982 6.39314465022137 -0.0209968668632203 0.68153715992155 1.07403254203536 -13.4683392815165 3.86800421491886 0.551437711486282 -5.04201324622622 1.59645664529819 2.38105794126413 -6.71509692174059 0.808616217872249 0.117645541993014 1.99316295759881 2.76617670943746
-1.1646952817609 7.58648220790877 -0.84397747416396 2.13317761936866 -1.4016840515288 -3.21120171974015 2.23211930761876 1.97284002677199 -5.33410803088981 2.04721589724092 2.25041278528506 -4.80814434859682 11.8176577003544 1.02517985427646 -10.4033775828852 4.45308688976735
-2.60320612895798 10.3883076142582 0.786880357243724 1.14595722693306 4.70174680539084 -7.08219338820938 4.29750625984613 -1.09965635001508 -6.60513114563673 0.403705435704924 3.62043212093408 -1.12613698888541 -0.216854906822592 -1.8699241784983 1.69448088064434 -0.793356449513639
2.00466556769483 9.52893255010177 -10.7583613935925 1.62080381981464 4.86880578086753 -1.41843740395311 -2.88016590722003 -0.538255228412271 -7.12121562397675 -4.10254693603974 -0.754357544032933 1.09441647528744 3.32807295975491 2.70113405917766 -0.576787899392908 1.043499232129
-0.243529393149593 8.45678745544866 -2.71813817760327 -0.982490546780715 1.89756537438434 -4.12568202636223 -15.2453822590162 4.34592659636514 -0.971902612900433 6.38326581016751 -1.2500455308184 0.965781710640385 -2.12891600843696 4.632754874881 2.89011611137644 -0.103598793024316
2.48217621650412 11.3200276086522 0.612183559231563 0.910634477324818 -1.44769793192251 0.022921466753165 1.96023993928701 -2.57248970098112 -3.37546201838064 -2.21334691096165 -4.98052547302964 -2.37959646161665 2.40030707569815 -2.10706978012956 6.6495018726324 1.56599745985441
-0.455603004937394 6.759917717568 1.29653129203425 -10.5117454343729 5.263543829252 4.7179229110113 1.03279757861584 -1.48712326322176 0.197005565620817 3.12932952545847 -0.117294586976832 -2.81737639857121 -1.46247034234637 5.35472591268541 0.0138360936369755 1.00576910962807
3.06514748096815 10.1131059969474 4.0392643860634 -2.45348080528103 -13.2373100007436 -2.03350844642148 3.16508838575355 -0.0337419629377734 -10.6980708307947 0.723590372914712 1.82998243117269 -4.0686229714292 4.93680851913041 1.93411966755766 -0.00391047591326088 3.06874743294888
3.40100892686879 4.55693379698727 -1.38060693352829 0.500933613461374 -2.28912003293382 -4.92099921440112 1.61701697328315 -1.16190018417626 -3.10634680769056 2.5220762049602 0.24943259822247 -17.1578258465067 2.79470432231902 -4.53299982785892 1.46498151520457 2.95291602660533
1.85810984999207 4.31114089474102 -0.756928600353209 1.22250625997726 0.75463387376601 1.13889221559624 1.82686054286931 -13.4284395939036 -9.01251206690892 0.88488320064433 4.46587486428778 0.175012712935647 4.18087607221122 -2.07460742363191 2.32738971396163 -4.5660779475194
-1.70684763796902 -2.62478948010247 6.39702182989464 -1.44399613719379 -7.78049974774684 -5.67227794229789 -0.352588984018525 5.0232305519884 5.36737896024612 3.25579863817728 -3.62377375762248 -7.85913498136862 0.140605611829449 -5.2306429216809 -5.28148081686038 0.569588444763202
-4.54322735557833 5.02361147163704 -13.1792444645703 -2.31628925320313 1.05997045296863 -0.107447360532801 -0.0689154280122826 0.419719224310289 -1.50266120597203 -1.87049197851057 1.21790510157791 -3.74871016267512 0.922893197203909 -2.42312712101894 -2.30854695493961 -1.89402704214182
0.344200905717407 9.63289352913038 -2.51280596973233 -0.609814820758989 3.73152890445432 0.229703984216212 3.03427449038133 -15.7431577650444 -3.60964098414608 3.11022144207368 0.669941146546268 1.59865194791789 0.0134214487328737 -6.70222662186686 4.32297327866826 4.42301657469056
1.45022945672688 11.5629635747058 -3.1018272428612 2.26465822106956 3.77060498806852 -4.61960464192916 -12.4499942080185 2.35100700196009 -3.75133210602718 2.09359912206128 -4.37382957992231 -3.06282907677993 -0.639457653565642 3.44878324905852 1.74867003520985 2.29780337106406
4.19744755151534 6.0675178327955 2.1718147808762 0.517566675322404 -0.099204180363373 4.38936674638178 2.01213998627864 -0.318907228498284 -4.14226332955568 4.32210180078388 -0.171653816715198 -14.782322732189 0.178671257695693 3.16191484318022 -1.08751734093595 -6.26847480301297
5.29821717637309 7.37305925282963 0.50702388977679 4.2392111709392 2.31960795374306 0.363728561043817 1.73950103792519 1.39488214908857 -5.43600918359805 1.78619199008801 1.19524173472524 -1.87548522367675 -2.18251401028826 -11.0729359837087 0.319171754533408 1.02966101420731
0.444195793997102 12.1289787297085 2.75523846234172 3.83756683620165 2.620954206133 -1.24711260025821 0.359785387089841 0.288382518766498 -5.75879731862306 4.84900181659266 -13.6147920834645 -1.57584385994547 3.80410335393686 -0.574521908873912 1.64934498928692 0.661520853413379
-2.05301545723587 6.26776755470872 1.0504496432164 0.0703694847741094 -5.42575468953707 -16.5546087043925 5.11069936276489 3.1015871535174 -9.79648850437625 2.3681831069066 3.00442498891933 -3.5195946049203 2.02711334987262 -3.72169615918847 1.73694766932329 0.652311736299226
2.14103400956 0.0674976363038548 0.215038862579073 -0.0685933054182325 -0.75678696970491 0.984394380132006 1.39433533792963 -2.5338644349399 -16.933394015335 4.25883176276369 -1.91117704267306 0.406685008316491 1.75050578195736 1.6356561533504 5.38282421295966 -2.58340922733773
0.407842969334826 -2.69245100342608 3.19403235281587 4.02139526260261 5.37842750358702 1.36454096021116 -1.59875409362477 -0.883095004565831 -5.01157645529014 2.42159567672721 5.3692387233004 -1.70088471215137 -0.636625798046399 -0.498369272814665 2.65227512723987 6.05143089464964
-1.55247339163944 5.98950635467484 1.3554128457544 1.34920905615603 4.41379598571829 2.54480346816936 -1.62725465480524 -2.55456404397719 -8.59004296547487 4.23326559191013 -11.6251596681419 -2.79534767861306 3.3101551784548 2.68634605355597 3.26944458144277 -1.06715989989419
1.04290789849125 3.45877032841409 -1.0040165543896 2.23677468890153 3.33251522183015 2.36527981809159 6.63377373416602 -0.738965374745157 2.37376712555476 -0.380263880548106 1.91753735993086 2.45510550976656 -0.246617423101444 2.67318501927098 2.60754035101051 6.04891177026224
-1.51067388389798 5.65037043295747 6.80238199688629 -1.21628273785082 2.91393602033917 -11.637602137761 2.07291810405881 -5.451285084429 -4.39623378576593 -3.33465197597103 -0.558802504341724 -1.98336663080249 1.05916364143944 -6.38635815642422 1.10788261739399 5.05805057848012
2.74402901394477 7.3164004330317 -10.1251105167741 2.43952566254519 0.958095414726485 0.948880158304018 0.92101633495066 2.13492659025594 -2.01707452264226 4.84709528672986 -0.619681777800212 -1.59615561618788 -1.29492278598664 2.40906452269766 -0.107409791012661 -0.914634580087642
-3.17411856696674 17.0397734033689 1.48405075884534 1.45382183800603 -0.371569860916953 -2.77756788985341 -10.2187752311541 5.09838103380849 -1.50556500343691 -1.51957432614609 -1.97432295462155 -2.78937207881464 4.24521396389273 -0.151675275524178 2.09390112051928 -1.93209469312179
-1.4711953535798 -0.217134011071316 4.96113409456165 -2.06576078632166 3.92990536583163 3.37280171021379 -5.75558595212447 -3.35886249809645 -4.46877336305644 -5.23098350239822 -3.47616608927343 4.66857403136622 -2.6493456337651 -1.31877504388808 -3.33145928374 -5.79402089311417
0.417724946741693 5.3168638089868 4.10374950593847 -0.364231563298186 -3.22903334247368 -4.99344547435567 1.33204500407175 -12.4806825828133 -10.3184294669871 2.01302268947303 -4.74338888777464 1.11406443104933 -2.37649197151411 0.930547335331955 0.837179934655537 -2.85355257886666
-2.0368016178318 8.68215090035035 3.03876028217936 -0.0477633509195344 2.77595053728083 -1.60704772120276 -4.21793207375478 1.04420611941048 -6.04546665350242 2.54033503389029 1.70468733573322 -1.26634242082615 0.55473127779803 4.22919351075618 -10.2250092862916 -0.125823838296822
-0.239364926989973 9.62031121723543 -3.01233509080366 0.89242323416992 1.63581872701671 -1.43230469703349 1.86016268905016 -11.8439485836878 -4.22978188215078 1.61693221911011 2.91251579343337 -2.91815487282494 0.620229461909542 -1.05699150879972 3.70405030831116 -0.84509639316615
-0.445630085681279 7.14982815545985 1.59022079525827 4.7829378441505 1.84612978256293 4.37541175939432 1.86737428612061 1.80768988698377 -9.46159592735072 3.63420708536388 1.74423324785392 -0.531466146054587 3.96073577588441 -15.4462101837285 2.17540743772949 4.57861513231395
1.3692025328519 8.28674441714495 -5.77045416827212 3.49284120221914 -3.90979705853848 0.561428644923347 2.5633875224145 -2.2400748628765 -5.82538875551261 -0.314481771510246 3.63898994461426 -3.51066154650605 1.18852214212221 0.383039027277181 -10.9026009715376 0.657054237994059
2.98097610840859 11.4445495522782 5.44882243124961 -1.91014296075245 2.61593749654036 -3.26485424029025 -4.57416196464024 0.918833039658865 -10.3877073946447 2.40245383152923 -0.521747718045714 -6.37237487960365 -0.626508713388351 2.6043352087189 -14.4356083826106 -1.11617167725596
-1.26874774677637 10.7923518071984 -4.65709360031074 0.683504481175648 4.19704147792274 2.41057370266512 -13.8887872925057 1.91366830282104 -13.1566772483519 3.48956805943411 -2.42235114042812 -0.35366168131549 0.29481751419701 0.818597151094182 -0.75120091300734 2.81201278628165
1.85809709269795 6.63966193386383 4.38622695829056 -0.217370900675837 4.67321716686211 -3.0560602893121 2.31288436486034 0.835819840303089 -10.2323849536628 2.99480831559751 2.16061647072679 -2.66638958197003 4.83267069004994 0.0560071686999495 -16.2424069166165 -0.180901424868561
1.25807284206955 9.34540941225866 -0.187453158894538 3.05465856827799 -2.16359348477446 1.51323972010687 -0.514859840040291 -1.6581229422603 -8.70133548702124 7.07510099814007 4.49505549410665 -6.25259198828085 -15.0888955514621 -0.246116909646625 -0.810989485106609 3.53843629390112
2.30951932103296 9.48751516423958 -2.84729892425199 2.10693438044612 1.59467046654801 -1.00109362060768 0.892040806868556 3.5595078020374 -2.06327203228856 5.15961390603557 2.55853041764892 2.04106668099745 2.38908869597168 -1.24345263457725 1.67674510458461 -14.5464920988001
-1.8811265235863 4.56808492947484 -4.71594927305089 1.65339515557991 -0.0604131716667382 0.422656722647784 -0.86793953828181 -18.7441964861762 -5.5750225646128 0.327518732744022 3.05611766509847 0.127082930409059 -0.0216176165468862 -0.603696981463951 -1.98417725162594 -5.23640186801161
-4.11250654701034 12.706277521384 1.23151609038842 -1.06631703298121 -0.810516684372022 2.8742070589106 2.16437323447921 -0.218436620659034 -4.34311841299219 5.35989554364358 -13.0771283616076 -3.38903295124255 -0.494447951312761 -5.20236781314388 4.29802691574293 1.78237206386605
-2.22358255579746 8.38770789333337 -1.46829735711299 -12.0902287944466 -2.91732615327209 0.73673051146123 -0.563221819371176 1.7952111647191 -1.80500341057306 3.92844752811233 -4.27107211996352 -2.74752420587214 7.07769197171642 2.62938110310174 -0.184705858506667 -0.604262090227817
-0.977190541839873 5.05622458784675 1.12594812695459 2.14507513057721 2.91895246927196 1.22769331256405 -0.581207673193509 -20.2511547836247 -6.88949883847715 2.88865204851343 -1.47733525475267 -4.14949868292728 7.56112830023911 -1.16595279838671 -4.0582104761607 -0.323945732212234
0.802873186171062 7.73570483264805 -1.3595058442979 1.46584154465484 0.569720155435302 2.86250702290998 3.39192354792383 2.61153231850936 -4.88871347379166 -0.469519177118231 -13.5411977277907 -4.07030659447553 -0.921133420219691 -1.52631221210216 -1.87020846511585 1.90747802147457
-2.95154071557214 8.87196867751906 -1.87414223368232 0.813716226899814 2.41428698231641 0.815363416397785 -9.00143766008418 0.0754243605381031 -4.32998385460696 1.46860738739801 -2.02142998775653 -0.481255784478034 -6.80092214478668 1.04861694952195 7.95573283878945 0.127203236567677
-4.83113999226101 -0.412669830281673 -4.56729850911573 -3.74822425989693 0.701319510913741 -7.8304547647574 -1.77448544172978 3.04618880208985 -1.4945956912594 -10.7437927360427 -1.16659154874927 -2.79465387866569 -6.69028030522006 -3.22052573391899 9.40113811804014 -4.13499460270674
-0.36089295646408 13.0455665458122 -0.405811390950596 3.36610341466371 3.43445386913036 -1.33465529855153 -16.2551372832779 2.19134261388787 -7.15793187165043 1.14365723251033 4.43984894712257 -2.35285202308541 -4.26268715749302 3.13092589320934 3.13553099089058 -1.69113491515283
-1.54161415006257 8.77756334874981 1.03319501177761 3.72306367168166 0.0207478054023364 -1.73943460802321 -0.172782294019966 3.23526720078071 -7.62308068078814 6.56601445533712 -4.19977433766584 -0.687986567390737 -9.01827889831772 3.85312177473288 1.40188931343999 -0.460226747286733
-3.22591171668726 10.484283064281 -2.02669738072482 4.23912617244664 -3.11729982177826 -2.65470484542014 -0.26626523501907 1.00826073066103 -2.33356841938487 2.91596724575909 0.559348359018024 -6.34900824788991 6.14228269041303 0.583446227371744 -9.97460669672389 2.84478136903098
1.60779627671728 9.20035611467376 4.64195679082475 1.91799585837299 0.95035279116549 1.38541874102528 -0.137609852603767 -0.757173428126383 -2.51885246441602 3.92527462148388 1.89260781665481 0.46029211003882 -0.450702834150274 -16.7913644464032 0.787751275269194 4.8490438264797
-4.8828127220235 7.49550772532761 8.91959819367653 7.03076620739121 -8.33421111490167 1.94109404739458 0.701217870789641 0.85567206183942 -3.06379664046747 -1.23723676999747 1.07437301673836 -1.59921848659487 -3.80098950061535 -2.69776372695149 -1.57538333616797 -1.71535961740333
4.83593344378876 10.4838375876528 1.56512380314879 5.58915718201338 -0.98155167794439 1.79508954060606 3.73295677315493 -1.0777048967665 -9.21842182393174 -0.81829928765349 1.40791572657523 -0.654217260113464 -10.1860168740846 -0.540561128445133 0.997596931917531 5.12558996592888
-0.979929826770662 7.57100815369606 -0.287744794762723 -0.517700864873715 4.30953239414702 -16.3946324258152 1.26757711641712 -0.835820993116839 -4.66040018109852 2.30559187070199 1.34596897799847 -6.36829139948413 3.61693424113758 -1.3491530504396 -0.576181082202556 -0.695790945491746
1.92831488559535 6.83718837140391 -16.3622412799067 -0.425612904177014 0.0295988528044843 -1.59829217493927 -4.17949070191932 -2.16349522851219 0.19261571250683 10.3970616506768 0.712622745205264 -0.843783658743052 -1.31479298790293 -7.07499914251821 1.40383088974198 2.30190884623517
1.4626938044611 5.95587120981 7.38744984236818 1.29671617539913 0.558825318620197 1.50367872575568 -2.01767340706379 -0.352620391050898 -5.2351311213743 2.80969859462452 3.23153429149299 -1.55508328177577 9.55200992807602 -0.103354755166927 -9.5851980325259 2.85995326806335
2.90644419729106 3.63659661676177 1.52229730661516 2.28638332247899 3.97548676096384 1.24309002313667 2.43624699768785 0.554396152738993 -4.41664901384739 0.0571443563413927 2.24608075291651 -4.6366072704505 1.27927271566665 -7.76499297649625 -0.68269415208188 4.00114674431243
-2.14495256509812 6.12087729663307 -14.1242743183375 0.162357045981059 3.15958078780157 -2.75945052641062 2.50728279694024 0.649146810527303 -8.0431464492688 6.57018429210289 0.577802970225897 -3.01602703405014 0.736557001815447 6.54913462980097 0.586361417453497 -0.274018349536082
0.795617409986429 8.40681470975578 -1.08746220339109 -1.76013570804358 -1.9448673315346 1.10179780028791 -0.318654661746656 1.87646655412571 -5.42088315723721 1.87368876716449 -0.134648559671617 -3.95634287813176 8.93453560063303 -1.58498842942814 -12.7141444661572 0.26635580839811
-0.757116037461272 7.30277065934182 3.0026236641728 0.468947479964365 -2.04457776200024 2.79246128073009 -0.411615627161926 -0.501273397407089 -6.34220271412945 1.7348041424761 1.40605817064746 -2.72812868214524 1.61834799282614 0.945519027859756 -14.6736078667104 -0.799471953029224
1.14662004187287 7.90007801098656 -0.503582027604337 3.06795098017024 -0.708113941856381 0.726158384958507 -0.0373935756607847 -8.2221192950874 -6.31566924540777 2.29729623173484 -3.21698702486738 -4.80645888767309 5.78845314497098 -2.81879137734994 3.41627575114691 0.0450820800214949
2.35318464640896 6.66432662777169 -0.566529723305125 2.5979811987974 1.24695511770421 -12.5731866899434 1.51573467925925 0.517787921185021 -8.2225023928306 1.29776385697518 0.0420369493159287 -1.04949332505807 7.41588991073149 4.03945494844024 2.75749578509754 -1.0552890649429
-5.21484016107611 15.8258032316119 5.89268566047864 5.64756931974064 -12.4666789280786 8.40987487023041 3.92954698493423 -0.324230416479955 -2.12689267854617 3.82558768171119 0.293875198175466 -0.44640164780894 8.24227915408749 -0.325299520804524 2.37584207253622 -0.402115638500439
0.0651683041773624 10.6000704511687 -2.47876923770511 1.58162158652253 -2.41098812685039 5.85053682781925 -17.5061748254938 2.43637587327751 -5.29102836391436 0.158088590469401 3.17079648522439 -1.85947850787081 -2.16445867395504 1.87928242467165 1.23880773426761 8.75751084333388
-3.12994761832941 5.48117545284718 -0.704005847946941 -1.29094849984219 1.44826430763472 1.6556178242346 1.84281425925661 -3.2513978139195 -3.42328784476603 4.03868775314601 5.05303868736317 -1.19257869037456 2.23720510878999 -5.28841579076887 -0.0570530545363093 -7.92222730339344
-12.0138855673501 9.14544353305397 -0.483437031288383 4.63487665529763 -3.63421929351746 1.10927693629266 1.57601585052494 0.534535579254495 -3.89254259744449 4.1029798759622 1.06053896185896 -2.67547619146603 -2.3846293561501 -2.12704828420761 -0.914133640234797 2.30102347658677
-1.07679405929606 11.6454232164334 -1.98263154025568 1.76704874290521 4.05744067156968 2.38905030726232 2.01850873475352 -1.43378308228456 -3.71872689844265 1.58439374878616 1.69872754624895 -0.267182951644159 -2.2070881898478 -12.4582700030437 -0.595918885841209 2.1343915083256
1.34673109392897 12.7921511991299 5.4587432844355 -5.75598170354258 -2.4211331859454 -2.7543881527395 -0.396332032746735 1.22546306486845 -5.57393399428328 3.66194684461183 1.46108096561876 1.93436518318599 2.73375522926442 3.92091737569685 -10.806349808317 5.11025341088583
2.04797310036972 11.499065330537 1.93846835930105 -12.306392114886 -0.538573503377746 2.06852947231118 1.07213449221484 2.1709166455063 -6.27234504858672 -4.96851146158055 0.357211798200563 -2.48194322640957 0.320136357754732 -4.29850624943004 2.65704725377501 1.31767922363315
1.89439909317291 1.85458828628479 3.13787301815753 2.10729196688195 0.472772993908383 -17.5276685078304 -0.0405450553624946 -5.33130409533234 -3.71699690816914 0.79809174340015 -0.155475694245167 -0.541033766418802 0.0360149273454415 3.30770355093218 1.58814366763609 1.5782781894428
-0.424482797720661 4.52850417164787 1.65661153827906 4.19870200750163 2.72307730759237 5.5535639525257 0.690842581207375 -0.820661912179017 -3.2825117727492 1.30393614466916 3.52164774716605 -1.6866879804149 2.76434355980964 -12.0232290161252 -0.208996758786542 1.00224000808889
1.39326461675623 7.31786612231868 -0.982469015636819 -1.01283265910197 -0.0680479399270423 4.853839776297 1.59362517991037 -1.04841890546765 -6.96407906206295 -1.38388226988059 -13.857299126104 -3.03181252093916 1.28936596751138 -1.32354770226812 0.798146916122669 1.33050254116848
-6.80452948093371 4.16289031926908 -18.0203207992699 -3.00286673134 0.207209974063622 -4.72789264043586 -0.900340299608308 0.158486686020219 -7.38453668215202 -4.74773700397736 -3.62578625988477 -1.25410180955428 -2.64716774822376 -3.08713593802388 0.894521336613065 1.93876989253413
1.33240276350515 -1.1188745059795 2.92299748452372 6.12039602534599 -10.3657111053455 0.253563746454243 0.941520695250875 0.995255726380283 -13.5146125715999 1.77231553266541 1.50352643956066 -1.53727018378019 0.917299178577875 -5.0426891870134 2.89602236430945 -8.72551082325761
2.59025568277583 13.221341300503 0.15087127905067 3.38793022943122 0.316897882258689 -0.507385644419311 3.01427545897761 1.98289249880154 -3.8550985020332 2.70716173770559 4.92298658439918 -3.82577987488807 6.68751435869341 -1.8271278858742 1.83145653053406 -11.9661843359316
1.19982276581236 8.5490526187397 -0.298316541056849 2.80416655648615 2.56596064879845 -0.209059899932532 5.97138966736961 -4.9755868647012 -1.39709840031733 2.13074654371763 0.846891578373634 -4.43302980233915 6.20218943294518 0.634010001287143 3.37504288481039 -12.1497151325588
-0.817092152384325 8.54048509138003 -2.80732667060919 -1.21358567561691 -4.59439912315834 -1.43220483228585 3.40785996484537 0.950985223136848 -8.36379357402062 4.13436659985427 3.46730769455328 -1.68809916549523 -1.55228547272101 3.03566706980052 -12.8556062068858 2.78461042240088
-1.53570285141602 9.86871445975118 -1.12599641759481 -4.58907944795197 -0.702622420338055 -1.24722459396613 3.16494175497745 -0.216784031493915 0.759602528975855 0.882083039331141 2.67045542888489 2.1553280698382 2.55423713076118 -1.42591996280341 -14.612026962516 -2.8494751077412
-0.418869835051712 7.07268249433292 0.690298699308173 0.630021631516815 3.17943669780375 0.26826065066789 0.820258541892587 2.41762729318215 -3.53536682910938 2.49644350014686 0.357646240836815 -0.958263559603108 1.25490138560909 3.75627861286301 0.620656902899707 -12.7369480520209
0.612840736985056 7.32783412281199 -1.71002208267646 -1.50480125427633 -2.63990800821877 0.81548657056612 0.633629268174377 -12.4908673354291 -1.09685059331466 4.01316258245031 5.5981538476327 -0.25431207432242 1.96847476853344 1.87236571994742 1.00385390778622 0.966890259441827
0.293883497113688 -0.548160509023459 -8.07205981736741 0.573389685087865 1.21676774029668 2.76508570122084 -1.17323334579227 -5.92169765102993 2.31328170190187 -0.76929830774928 -4.34259744216037 -4.58755225140129 -4.61435049052999 -4.9864002149849 -1.49272255157655 -2.50119841482373
-0.514939507541577 -1.30582347751587 3.7074676022447 5.73519685304106 7.54208908044058 1.20316881489771 3.69671068719152 3.09517187428625 6.21377266336538 1.22800219901452 3.60182883884957 4.02293183093259 6.94958126370818 3.18656013948971 1.90495419967929 2.26623312671107
-0.557983195739848 10.9306606001153 1.33831742270168 -0.868474678152839 0.867119508243468 3.70418771918257 2.34705848830723 3.11952891511992 -7.9069415721839 1.89218922234874 -14.4029197958099 -1.87899073345721 2.1120729644254 0.1937270240748 -2.22884512944566 0.686572458690012
-4.55095583931912 2.50453060181846 -6.29761929003357 -4.98021776067796 -2.61012992208511 3.09107029433353 -3.88717682143868 -2.13028249018043 -0.100062191297309 -4.32130596313996 -1.95900195371627 -1.73419146402723 -4.35387611088165 -2.19746179769798 -3.51685386421711 -1.10586359108184
-0.0527035548481446 6.5287722729898 -2.67293013135236 3.63778900057975 4.03412041278005 -16.6085942971735 2.82116530098022 -1.96296890703854 -4.556711565721 4.6927975016843 2.91226470936567 -4.8198448221788 2.9435243088447 6.85051575959033 0.947420991774892 5.6770076432385
5.7725402162869 -1.33868332588869 1.17620628456643 2.78489387359657 -15.9020134085047 -1.61144668696244 -1.48389866460368 -6.30977953873579 -2.58318398569394 -1.6742190964024 1.87674939701244 -2.3322456575726 1.93527048677383 2.01019974413222 0.0741175459690058 4.35838214325639
0.525114521778485 3.86584092621222 1.87933741621896 1.90402198047387 1.77830428606239 -15.2614268585829 0.0998153447776697 2.08797710357103 -9.93506439230476 5.24306194528431 -0.473197899066726 -1.62621881270518 -0.748834724388404 -1.13700244589968 -1.23169742033857 2.11074017193519
-9.37938791986035 2.54892607645006 2.79506600447193 0.276262889512968 -0.634175725672335 3.67622078093645 1.1782681672428 1.7220510994083 -3.75223385128552 -0.526131798612691 5.61526363216655 0.480873116070355 2.20150422553046 4.56753276975067 1.13596771386239 -3.03512656067726
-1.08777890968819 10.2616907208191 -16.472275817644 -0.311102589871294 1.23135157669003 0.0293722036600294 7.10023520103243 -0.14149728833441 -11.6294535953582 1.5620327951702 -3.99422881648954 -3.65246681474278 0.879328012300127 0.512054698010884 -0.0626822144582564 2.3405927735642
0.311556082804396 2.08313458310707 -0.494276019701321 2.71272583978432 0.0995808231933073 4.56955501305329 7.56315178014652 1.13145005174615 4.24121300295847 1.58586859573749 4.58204431413943 2.69683399847813 -2.2165964840446 9.03009173243262 2.74572618269653 6.70897645786859
-9.97543119649156 10.1255083160007 -0.354774585917641 2.38850509984175 1.32589472659746 3.04134692738065 1.0876263578239 0.749902547719028 -10.5882986523146 8.18099663118877 2.34356263562074 -2.59472607966706 4.35897594997976 1.55883394853068 0.359597128225439 1.19045587161202
-1.09047020232844 -1.1153372013205 2.76040038508547 -1.47090139789651 -12.5149658052813 -4.22570233358719 -3.33143981171595 -1.78189804004019 -3.94069472843952 -0.242224205052591 -1.06673684527392 -4.20985610424504 -1.68722313878655 -1.32157648824154 -3.21279092178427 -3.34332770856448
-1.04488608421865 3.52159150220262 -14.8470760019256 4.68381204770544 0.670122825322478 -6.96431956350269 0.564332611576976 3.03186385675386 -11.4939930683834 2.63896470335554 -4.20665386288705 -1.17524248674706 -0.200993538822551 1.17880366466765 1.75599981418706 0.528418906079889
0.215851424395866 7.50213940447459 -0.64668551240751 -0.22051234338548 -0.994008189183248 4.77450341125723 -0.875006769051822 -14.6981493219527 -6.41725678574409 3.67200885065087 -0.96761983376269 -3.8744548531435 0.209424115653303 3.21737348420514 -3.61831326919792 5.07916426386319
5.05554676011855 1.85300529567625 -5.83980243915104 -0.342358096127892 1.51043986922745 -8.22562316484446 -1.77926373579757 2.46286612222569 -3.66033645643419 6.63436566909354 3.30299455399096 0.74606574807187 4.23854606663649 4.78652372089171 1.39418606889137 3.44328190513344
-0.084808293643764 12.3715084951442 -0.218273359727593 1.01510791627226 -0.827987538909967 -0.557497026903089 2.51864627939 -3.00743354375807 -11.2047062078245 5.41728729636214 5.0865843333152 -2.52465370753903 8.60824670245047 -2.53227950922746 0.776794575973534 -10.978369233975
1.11124211671341 3.65404134619379 2.46437239834471 -13.6160771531601 -1.76317010783372 -4.72554916005709 3.71439919340971 4.26307636895089 -4.45414121030537 5.7934391765946 -1.88071490227738 -1.45030766841641 4.05814403746349 -2.59369275609552 4.30629957981252 1.25981419210834
3.41611994740116 7.87514685776218 -0.354931082932395 0.289641490983695 -4.59382952617726 2.11413915288209 0.217129953880349 0.561997006190003 -6.90447536125714 4.22457969100085 2.61612018724507 -2.55959163150489 -1.77197673025955 -1.5792290394983 -10.4908539648139 0.393038730584266
0.218937837166959 16.2349629746733 -0.598514074113318 -4.27767985456369 2.42111816182758 -1.12932951111798 -1.84532158048032 -0.122524851867166 -8.59320578533978 2.00757165313642 3.19506963979252 -0.362301588041467 2.36078419124709 0.201149989307067 -13.4031592918772 1.60639302958188
-1.83297914736799 9.69586195456863 -3.39084752937246 3.44885769800458 -2.75956183186582 2.33813131009077 0.623158167364617 -14.125151764408 -9.87974166050275 1.71295833245244 -1.59342549294048 -0.583358973154169 -0.936214643017958 -1.07559654296762 1.27870955014548 4.29240632342646
-2.20306022295098 7.0531698497059 -0.656040038175119 1.96099377612633 4.01429275788985 -4.1851469544712 2.72309762872963 3.45239418474715 -5.57162011523854 1.93445808340463 -13.8705305212333 -1.09740397300788 1.50609688718055 5.75753105854161 1.27927891683234 -0.516417132243601
-0.860999088731912 9.16338893164966 -4.83001884386258 3.28298923492098 2.10191005417758 -1.24217431594763 1.2486860992429 -11.0701388613803 -3.54624861887979 2.4416652281679 0.755167379554917 -1.31272755703062 -3.66044594881754 1.29441343237489 0.509601172336838 5.12835616485104
1.81981705380501 5.87939585081015 2.90153092068062 -13.4277269795431 -3.61158383368309 0.77547591067715 1.54433272222622 -2.40653573516537 -5.36050497703469 7.85938804683365 5.82344364145938 -2.6859090384803 3.45305565336478 0.632264007613585 2.11425069857297 -2.01169200311383
-0.1047829875109 -7.31162770252961 -7.45886633752596 -1.97810253030591 -0.192255108032445 -6.36299916261519 -0.442702789132736 -3.02090146930041 -2.43035724275615 -5.68688634201068 4.55429670794071 4.19311364594602 -7.51249451431899 -5.63154781700722 -5.33148964366432 -4.24209819167717
-0.358281028125023 7.37970580411847 3.80009123557658 3.39356255598753 -17.1794331000959 1.41970201425236 1.51100359197371 -2.44983532862788 -8.16918103186916 -0.917598226343093 3.76001927247046 -0.363953437322887 7.15456419233834 -0.067508855398414 5.94679908886971 2.67437798056932
1.12228034876034 3.1800917886786 -4.27242872428963 2.91073968334584 0.78214235743561 -8.81859315702348 -5.38657008449915 -1.65858264338678 2.47831632291035 -6.21581892476375 1.04235292450523 -3.32936769696817 -3.96715342516467 -8.8115245300646 -1.03787247526898 0.4789173200441
-3.48288744986478 7.2156525655442 -5.0592693536642 7.55835550924308 4.56964547891759 -1.18536797894428 4.49044167133427 2.77779104495398 -2.65504248231783 2.51544234083717 1.31757600221863 -2.26401991014113 5.80264369439951 -2.53626300579094 -11.6562152610366 3.27254271748906
-3.5596319898504 1.62414419419663 -12.4148732879605 2.58476981583159 -0.91299188964961 -2.08912986059821 -1.22559119188376 2.68665706800441 -3.29464310079371 6.18151478823797 -1.25071055855421 -2.79486826530622 -0.620278322525752 2.1983120257822 0.540931769846879 2.4133126423531
-2.6665086088916 7.7716659817227 -3.33746897068195 -1.25735994904024 5.93013857145284 -2.36545858528917 -0.658162540611721 2.19738101891795 -9.55034478542545 2.54870712057412 -1.30628374429875 0.238983354453393 4.90672853716822 -3.38733542517774 -23.2639090801113 5.1600729640138
0.627009706210861 11.5573046556798 2.19377461235154 -6.96523563462796 3.67595334128389 1.39831680349259 0.545101379648599 0.604368435341742 -7.14944190969388 4.97445575235512 1.2566026536969 -1.82903025641531 -2.2190194034605 1.63673478663179 -14.9054557015092 0.824146385481263
-1.59167979596831 10.4905407306249 0.0908493389196354 -3.88832767218719 -1.40377469902861 -0.665454209706451 6.5936618146299 0.230601889394303 -3.65834691426714 2.39119659716048 2.08671993997647 0.615453421474078 -1.37534939332182 3.14058758812926 -16.4837481148118 -4.05337022001019
-1.22220032548257 12.2031784705785 -1.36134417035733 1.70446990624729 -0.377260797291051 -2.16715741183419 0.954143748823516 1.92778753325064 -6.40312774485653 4.69528819460537 -11.2331035964743 -2.55489654784773 7.6239259143779 -1.64664840055486 1.37892835260712 2.40273688907377
-12.9511655100145 10.2655978602104 0.655745661269222 0.979777799192344 -4.02065973334979 -1.61415526606664 0.368891487333461 -0.522430630980232 -11.5112521382749 0.751886475363212 2.46360608263454 -4.89088603170344 6.08200615095384 10.2133069134994 -4.95718687826964 -1.3326634551666
1.16661663304667 9.89272940033606 -1.07194835908896 4.783345976917 3.84164307949315 3.7440482491702 1.36287015244402 1.13419821193029 0.0390523629202137 4.26132848395293 4.43967172838193 -5.36618610718578 4.3128470647739 -8.75700885842933 2.08467496990986 1.98818506000269
0.646277703790956 8.91366282701525 0.860131619569398 3.55864375061028 0.644806073355566 4.27370919484916 -0.43946024416142 0.574102693561996 -5.22865993712578 -1.50940752042616 1.12638913694589 -1.94250325411649 -7.113480372004 4.31449871020013 4.70892438790887 3.16654534439259
0.501050992362242 5.43164092710202 2.91391611292105 -1.81636689854529 -1.15507215613724 2.81917893343405 0.759775931129538 -10.8522643187593 -4.57047462886919 0.158066705957207 2.33311534218855 -4.62698447356735 5.86878345964054 2.65252456547465 2.38297525689673 -2.29861457320411
-0.251998209473597 2.1629382853619 -2.36948603513857 -1.19332641260347 -2.90983770121099 -9.38184559789144 -3.04188468099918 -4.77021681146031 -3.92451832285739 -2.28154067287398 0.198871041224854 8.93605328042665 -0.905739884737604 -0.396436305283786 -5.97185550398376 1.32558911575635
0.262716225893113 1.37911735318718 -0.159760958434085 -0.77430314198596 -5.27942463398512 -11.8378400218088 -1.29632252369666 5.53664056899312 -3.33928593295386 1.0074304939343 -2.20407637618052 -2.99425960883842 -0.265932928075014 -3.46463114580826 -0.522689225740192 -2.50878866717503
1.42112565753975 5.63879097265301 2.03315135258573 -1.14289849287618 -1.64767535752372 5.95642019750506 -1.16134021499619 -1.40268796689488 -5.81406312853106 1.12942259504313 0.89162476302075 -14.5918707545625 0.670603298436264 3.6753605095011 1.05433735439115 -2.72869259602267
2.52404176342648 12.1094221881032 -1.43518457535724 -0.910404152493245 -14.7074853938505 -2.63926383913446 2.52286038365988 0.0908571502672488 -1.19961096286916 5.95292729656662 1.68329481865459 -1.51600065694813 7.71202994274453 0.867127666346525 -1.57595557519616 3.85049862356875
1.7790042438603 10.5486005905416 2.20150856594829 -0.27816760987456 0.796452936601586 3.67680070067589 0.0325507178389461 -13.896395738175 -1.86218269350067 0.634351164149855 -1.4910933593146 -1.91254193644012 0.53545192960702 -5.73402098576679 1.04574490511251 0.824014143209606
0.319255219529337 7.61321956144408 1.54650436476892 1.92593644502929 1.75326450008489 1.58171216073064 2.76265647579352 2.66298642704217 -4.54831909877118 1.26550513860455 -0.483053591246022 -1.72444597363133 -0.421701577850722 -5.57480512490527 1.6477970337401 2.1825124654461
-2.15603827244103 8.42523368481224 -1.42079624828851 3.14259085908874 -1.94641910989368 0.385979655215614 4.08857594774405 1.41377858587977 -7.53222453291277 0.777081932973687 3.0197876623246 -1.68738234518197 0.254405954180915 -6.40248915992051 0.53188486533479 2.59724169311157
0.7365157135155 6.18965941641434 -2.97678360030696 0.78330285654342 3.01352266377788 -1.01283718354884 1.23511023321438 -13.7872737382056 -4.93965159192478 3.73203313535576 3.82458676682824 -2.79707515877985 3.42666086282424 2.71461602925835 -0.438233686580531 2.84034889474694
-1.28354745335886 0.694510080009594 -2.43845720528944 -6.09473640145837 4.45619857029501 2.42317216659994 -5.04072323203838 4.42140033114424 -0.750811477177033 -1.38205679770667 4.55952297630484 5.63046862576154 -4.54991968736738 -2.66784237433724 -6.49688360991443 -0.389561386454991
2.40903107398436 9.90168837498778 -3.60649822276575 1.89203522989177 -0.417689491069897 2.7725010834554 0.624072378018036 -2.06889919473094 -5.11746215553251 -0.737845696199895 -8.80515467728986 -0.287970091594356 6.0860259753332 -3.60359061496131 1.28470096501866 -0.445130166919623
3.59434299275073 13.943843422489 2.80867590169344 5.72264314372264 -12.4756123098942 1.71036600219815 0.755795420889956 -0.777483070460542 -3.53893226350215 3.32563949193187 4.31626038556525 -1.44469010282074 6.57437380751968 4.43794899178878 0.17924235018813 2.23593037840534
3.57283039427818 1.90332787534856 0.846689108033917 1.37513118480735 4.89963938102269 2.07421228099841 3.52921309479974 4.85475094879308 1.75955224168974 3.22628753043084 -1.47645156014129 -0.186416291859751 -2.49264446104417 6.32960945190395 4.63317519956007 -0.754706916817733
-5.00153041663917 -0.200135766810394 -0.657987179377525 -0.60253069160797 0.423609578328885 1.16888379592183 1.34682675857392 -0.993237337397556 -17.806026277324 -0.737522108241712 4.24792983542461 0.388373885868777 -1.78104597783725 1.56224298592912 0.223007709586013 0.999019977957912
0.755873086593029 5.30071692989579 -17.0697824960435 4.10928783755319 -1.42799729505118 -1.56856036785631 7.9686836118442 3.03687450705005 -2.49745105659101 1.73323809675684 -0.690372153847583 -4.51242644229531 -2.81686455772022 -1.44396215139159 -1.95595966510468 2.33962666329753
0.243829531551845 11.6885574859368 2.5746657204545 2.6669636994919 3.10213811768274 1.98205902975949 3.08825066133079 0.658994747016435 -7.27144058457034 3.60817419252487 5.26779247326038 -2.70809160348167 -0.744358008911796 -15.0253424830302 3.70442692167308 5.63894212336374
1.11322135905998 8.49077425892431 -13.5893737693392 -2.68833859974104 -0.147217035990669 4.14756871321787 -0.0655017436601241 -0.428899886551474 -8.92145973690151 5.81974686925344 -2.03210830165506 -0.288158106457782 1.62592242958413 -2.90616574520267 -0.549636851627023 -1.43353026427264
-2.6117734221577 6.58022965889568 -2.00168384651568 3.24300693938815 0.100922156125696 -1.95219164431972 -0.698137664230849 -1.05320666811309 -9.86597200493399 3.62661869986361 -0.807673830832822 -3.50708749555321 5.57247446322422 3.73984142633362 -11.5802663220725 4.06612821955094
-0.319916962227939 2.46070755953275 4.48534859429274 -2.58123294761405 0.31939700052056 -9.936847322177 -1.37484110129517 4.70534957756319 1.25534295896952 -5.04298674717469 -2.38305469744672 -3.42236949958933 -3.49076424458674 0.0774235443440521 0.173584768522711 -2.55247515472823
-2.43253406525346 8.69324125435359 -2.85817869470034 2.89688650273451 0.156451871846217 3.2521376328328 -12.7580045907324 -0.0106171066043588 -1.71555521345293 -3.63729235804716 1.29599916012922 -4.25261036021958 3.07525228859002 -0.27622822080701 -1.06094858278772 0.735347864282299
-2.47916870308766 2.77818040779624 8.02754884700507 -2.19292547377429 2.25021303711717 -1.41754354629101 -2.12023444247996 1.57155184855621 -15.985265569139 5.50314703425833 2.68127723477598 2.61858947748371 2.40060243814743 0.516491090042275 -2.8686751820634 0.0305638056870688
3.19895296040199 7.11015682078194 -0.632138125470673 -2.08191599295282 -0.223693255012317 -1.76232860582609 2.59394627392138 -2.94217180300571 -2.00426667990014 -0.326769458289738 -12.8846975160295 -3.47806567178101 4.16634251151078 1.06890345921317 0.446292210702307 1.33675715536628
-3.24108645116007 5.47850554834108 1.06161146564061 -0.634488735513144 -0.630788958971278 -2.48194557156202 1.96359459744127 -4.07124072689018 -5.31828063730167 -0.74824393440511 -0.551141842421544 -17.1996505743369 1.69313811536178 3.17049345785883 -0.998580913228423 7.25578763025821
-1.19048982513466 10.0815192130308 -1.73100382025249 4.13397968068951 -0.0366549492330815 -4.3197364092352 -0.591486044177538 3.84250901625958 -4.78237078333726 3.67620530624655 0.731948622019637 -2.43454508904873 3.35278049702467 -1.09611474181425 -18.4423210472703 0.542427060956989
-1.82437383889268 3.28088167589178 -3.13857998945491 0.345454681406856 1.34288423021394 -1.28326142096513 -4.393604953916 0.341988582558785 -3.96175795888266 3.22321614811825 2.8524414322898 1.31615100686635 4.37134284101601 1.26990585052705 1.70287846080555 -14.8779169145111
-3.57498810213332 1.4830869083114 4.94281563347162 -6.05340514979449 -7.32104189763543 4.19330020324663 -6.1314967447842 -1.42794775021131 0.175507013625226 -2.16783889819544 1.16862278064793 1.57290661561902 -4.73553342676934 -6.08937298207566 -4.55397882364289 -4.48439521878593
-1.85598061601309 11.9183815504935 -2.06308971265608 8.67348599735764 1.5572168296002 -3.93196514426753 2.1263761903988 1.63167147637894 -10.0860199249796 0.598062595297278 1.0192920360414 1.16374880584371 -8.75341801206561 1.04278874099827 1.41786399961288 4.72891290921277
-1.65068528842773 8.91120223486949 -12.5180606022444 -2.45575191595141 0.0163416774475528 -1.62134739546526 -1.95029366706709 -1.58212534122936 -3.89332176277859 4.90156559850108 3.89116103182569 -1.75920809831718 -0.374279310238568 -9.97342218132199 -3.74125551092685 -1.77904335640045
-0.457084391233913 12.1167803291144 2.25419998866401 6.18321625557133 3.07523888315684 -3.16020939037467 3.67069714228649 2.80262162898831 -2.4268210941025 6.00701957286998 2.18556724364786 -2.29959039773046 -7.5223051726036 -7.72115202914912 0.824116832823285 3.65513553439894
-1.26177166770494 5.44100990317875 -0.775178578684077 -14.8590152668273 0.748717392848173 1.50248740499419 3.90270235315331 -2.95406904459757 -8.17897661404996 -1.17037695160937 1.21581786444004 -4.78314244587033 7.89058458426916 -0.0145077836080488 1.70305225932094 5.46121006612675
0.217905329471678 8.48960474515538 0.352875465869828 -1.69183924503648 -0.951200434347308 -3.35973858009189 0.807589642546473 -15.1034308801827 -3.55431334805539 0.0419105050742563 2.35755259103745 -1.49500373311792 -0.340557821433208 1.89907375196419 3.94157623670204 1.09070353586268
-3.93257942662687 -4.26105243781372 -1.08144267802724 -1.87642178529166 -0.44941903872339 0.217478129809899 -1.86351115313103 -9.71769150359789 8.13617214858075 -2.24693335656157 -2.31828040536384 -7.92818233520774 -6.7056837629017 -8.67621871262407 -1.78059957820622 -4.01745289426816
-2.05749082187211 10.1246594415382 -16.2981078977376 -4.34061569027365 -0.623710686266488 -1.01136609815697 3.91703456757536 2.02351548428401 -5.90645624428738 -1.17991471313538 -0.274562369491674 -0.13480118812561 4.55116476199321 4.16212591916136 2.29477586987439 2.16452008885013
0.799380893875132 6.38421090586735 -2.22187267436801 1.91738022672613 3.0681210544547 -2.5933082775738 1.76166601381406 -3.10027572579526 -7.14595019989696 3.16583125360669 1.75507834549211 -1.41694697697853 0.216741371113 0.122243569168649 1.37398812745197 -9.60493102984645
5.00899404966193 9.28475469795581 -0.452721884746651 -2.48486431655681 -12.7158878763909 -2.26988232089981 -0.0564650018531616 -0.354269324324522 -6.13335429238294 1.18405333825506 3.40672839694142 -4.5732182246853 7.13040913666416 0.532335719311352 5.72687182042113 -3.39317294176084
2.34470989179482 10.2522504645312 -1.70906615465225 3.16730194034794 2.94976130658566 3.6278772366022 1.24406371238877 0.917125844559663 -4.52077651098292 0.51799847264735 3.57088652111387 -0.879726145906669 4.92558530420024 -7.29439758209729 4.94291062023102 1.57614863124555
-4.66299011488579 5.38681408071224 -17.3483589789781 -1.68360573546771 0.927443018389336 -1.37720901506915 1.52340127481296 2.50309391743151 -2.1175253794321 6.57982706281295 2.84747839378367 -2.02708736701734 2.22625317362136 -1.505943881236 -1.41400623090823 3.39609119777987
0.835889521490466 13.2261411815108 -4.57854535233103 4.49409710690034 3.66456712197174 -3.02223003469549 -11.0108925578283 -0.540200991307283 -8.30830764758404 2.72017648720707 0.148009649069967 -2.3691150312185 1.50810743276185 1.327770849455 0.0329146572339178 0.987959001893709
6.3748195437992 3.70170995031191 1.15416730347072 -20.9681383214294 3.71863300234146 -2.02971879596906 2.02940533496499 -1.12678244810853 -6.71739988887223 0.888454224462394 -3.06500828262455 -2.97870422763175 5.73625695007362 6.52770996414563 0.318668450481495 -9.04471426749541
-2.12263492204134 5.09068291012642 -6.04236205017574 2.63896362300493 2.99230027413485 -14.1181396199194 -0.930572890626756 -1.46490191203226 -2.60605683062863 0.247685673228017 1.93435754359182 -4.85441919273766 4.66305710609917 1.92816773169158 1.9730131706379 8.44336382022543
1.22918137092137 11.9645545419149 -0.608792349933385 -2.28356015233365 -2.81689052668858 2.76700493407612 -3.28254401027514 0.860731464685772 -3.29340204989456 1.88428771055586 2.17750776683024 -1.90738960095015 -6.37825872404733 -0.0993206665164084 -11.3464191592424 3.15578690932683
3.26665652249431 2.74835034459096 -0.327174077346777 0.882458390911481 3.50893729307886 -10.4747585140915 -1.61385542297031 -0.695850332477757 -7.19026963041181 3.77483602560433 0.897521013398634 -6.59127954708818 3.49162230072275 1.21505201985642 -1.07170961468303 1.5151620939067
-1.81939609964119 3.87446798817474 -0.032392215907161 3.60659927151369 1.67852531957631 4.00837887945274 -2.40108760690295 -0.619046918664627 2.95101829563519 1.85546718758068 -7.07015697090649 3.84052695007128 8.92360200007659 8.68157911646172 3.71779167846394 -2.61670600706529
2.3667037342581 14.256720334235 -0.740904543936228 -12.6156064668514 0.432077163588305 5.67378373604425 3.93650730065697 4.7750206689578 -7.30651344783234 4.05231241342969 -3.35422992901585 -2.39439158510441 -2.5510407879887 -0.381134904352944 -3.14649929375539 2.44284580882132
2.94177881678525 10.5524524573716 -0.78041267288874 -17.2179373739178 1.92074833144668 3.6537756274355 1.05467981623403 5.46517831546856 -6.06629330609772 7.39289327111866 1.13035292059948 -3.35743971818259 -0.0221818426062104 0.594582115878617 -0.808109329510764 2.07868318950298
1.80395619175376 6.68791344217698 2.38894377815352 2.41978318693273 -2.21311403565364 3.7982022972465 1.70021457923131 1.13258754354463 -2.97203030187198 2.80703717201587 3.0920478515522 -6.90239795341889 1.17312088090444 -15.055452813144 0.474700685366431 2.01824064285265
4.03257467335496 6.06003354895081 2.97020216360569 -2.61054613342788 -1.83252466565358 -0.786382961165122 -15.6036895206263 0.263960708121812 -7.19509842830623 1.05555674762841 2.83762214953719 -1.09266390914672 1.37504207334747 -1.24178020334931 3.83765062361095 0.0146405994654304
-2.24446938365531 7.67072717947581 1.5556432376888 -11.5677591363014 -2.00732456938935 -4.34128128593809 4.05515273282249 -1.1802309004596 -4.12391067466883 0.89638378058568 -6.80612888122709 -2.06524098721355 6.66319882202947 1.45795700249002 4.86797529959298 6.35581008201657
2.91931525904887 5.59280673688445 0.612827581028292 3.758615627632 -2.74918693621536 -5.13872430905794 -0.00250926711390154 4.76075194650179 -1.57547803176914 -1.40759001761203 -9.92472660222091 -1.33984210139283 4.82350916975043 3.23458885594543 0.691286068829672 1.74090550013843
-1.21672560590484 -3.379190387936 -2.7239235723388 -1.59544744622646 0.549927983175874 -5.96500555132161 -1.58687062093449 -0.179865416121896 0.0425121606423395 2.12575616695044 -3.73225454073041 5.85306132562262 -5.13446504413608 -5.3034782927016 -2.82703520615235 -1.91698410591036
5.29156999212345 4.49913988349418 -0.0913181806812526 -0.65512063871908 -6.07629873292396 -3.00217259706764 -0.407481259487083 -2.13527664685234 -6.78137744525608 2.10390056889445 0.813285746633888 -14.2791262929237 -0.573695773710379 2.22402656661936 1.2365188528546 1.50810893378908
3.34008743962484 2.77407083691898 -3.49755562717047 -0.279580007762998 0.524173748969772 -8.1518333475492 5.89118132099653 2.23565365606582 -5.01921453055607 1.32645553360435 -0.209890147105634 -1.05541559462686 1.78490344013253 -3.68575671905848 0.643033075346723 3.59846637380044
-1.02317955992977 1.41347959713174 -13.2161200766257 3.53939925259937 -2.75098841898936 -3.95878288370242 -4.52288510888746 -0.20983066606459 -6.61262399878767 -0.910608905416227 -3.17061519119673 -1.98273611977864 1.00185477126336 -5.0027610577667 -0.382226479872084 1.45686306389542
-3.0819672823339 7.71003140469457 -8.47512363502844 0.751802056300153 0.0136059101355729 0.624383915118266 1.69433429799825 0.875969322960911 -5.02334905690222 1.74021153992749 -5.78691907395421 -1.23585962360149 -1.18504096800216 -1.54552347178245 -1.82812771261361 -0.135079330023647
-3.7737438883649 -0.517198500489433 -2.32980324090069 1.43968728026052 2.58591535807185 2.71226415970397 4.8378333892963 0.620659065494994 -0.389755941418661 0.270177119233336 -0.126344477331632 1.32669190739546 4.54311102400784 8.29712489457791 2.83120696159263 5.50329818209868
1.36475682437915 7.51683698768391 -16.7266940820614 1.9122963736129 -3.0611718927224 2.31563241184187 -1.89841068708893 0.404739204883467 -10.8012531776346 4.43600446069195 -0.569374976866038 -3.27184715128837 3.81732645466611 4.83239232919447 -1.10015280055831 -0.314326714760487
-1.41836737163993 9.87041342593846 -1.59248652496486 -13.9824305044638 1.16799807933981 -2.09208505693693 1.29706709698348 0.917034846971816 -9.5404851826886 2.06934928352315 -0.954872589075637 -3.88330618280982 4.98375557251193 -0.142595043589638 0.375200054431459 2.16474448951665
-3.23169832637668 8.56625075129171 -12.8019818207009 7.91214077611888 -0.518009687562383 -3.3417786566434 -3.70419193465091 -0.237773394934735 -6.52647273516289 1.82566824132537 -0.232970705813744 -0.221966408443127 -0.915538912871688 2.00198562055037 -2.02267562541362 0.753591504920033
-0.733004187804066 9.44535909438462 2.1273439639356 3.24895424248247 3.72134422983736 1.37485360076811 3.44963276170566 3.35551506937049 -8.71692965484534 1.69480752956785 2.73241925289942 -2.72684639762095 2.6861285070735 -0.298840202146897 0.986608796143662 -10.4819957778402
3.49513691698515 8.33048497776999 1.35266348261791 1.2770260469866 1.05041394974819 6.04391993065857 3.41971933064449 0.161614229741853 -8.70811519446568 1.30425560034251 1.64973427839351 -1.27777594834047 1.89412857783019 -14.9823386832554 2.15108049108833 -0.955805866576182
-4.67093789057558 5.4652385315459 -13.4456117476764 2.14626030803314 3.67589535743156 -1.40949786060323 2.05199492955092 0.157383194095363 -3.51682933967673 -1.79389689770794 -4.00605230063147 -3.90351625621453 -0.697679226110698 0.0581982054108267 -2.99283940425842 0.0817743425984387
-0.616569667748755 1.57476864360155 0.474144762583079 2.66424405674569 -2.06925536058481 3.16043339987697 -4.31988988549693 1.34788929758325 -1.71945347828697 0.470748006742409 3.25818926327537 5.21347838401902 7.71818624471688 9.09819593780641 2.6204658239685 6.00029895049946
2.72699383606342 6.2028065069474 1.12010610023938 -13.9669477855527 -2.95013391682039 1.79730688369153 -0.576809004552918 4.41159996701012 -9.06831190722893 -0.543030983965663 2.20281614336295 -3.15484106585903 4.5817040934558 4.65250558318469 -2.14409475518603 -1.27374697936158
-1.5623047322061 4.8677544624371 -2.97509784001321 -9.17167473732764 -5.36539566209175 3.29509088360896 -2.26445946809723 -1.27126691816539 -1.75135802997533 2.99627034007444 -5.37883807464997 0.714106455042543 -3.56199983445051 -5.46156572392758 -1.23279744135637 -2.30879513240572
0.399851908982602 5.99345464068417 -5.84118647819681 0.416743822773569 2.36549951559907 0.554131927980682 0.505339571207519 4.46225405473852 -2.34178924301068 2.67993857891641 0.919367596092995 -3.54920182162428 -1.40767564671924 0.590078980449254 1.37170042051396 -7.55809454605829
-3.68089477873271 9.97828701086289 2.24833221725124 2.41883487181949 -1.50284444105384 -0.47633321993751 -12.9144066475948 2.65257259197555 -4.66391676305539 1.84607424101783 -4.15543200106461 1.66093572208653 2.96326387939628 1.95906317196641 0.323445354583192 3.43757332166388
-3.70310253000837 8.94339117921903 1.0683691071765 -0.640415561682536 -0.332448391383089 -0.685628175691674 2.04062972046376 -2.21416595968132 -11.0812072394154 1.83260047454325 0.49479251718705 -2.01425560152634 10.6622602989598 -1.07168820234073 -16.0742863844534 -0.539034542544
1.8202712370306 9.12940872043039 -5.55777077839623 1.75850415761847 3.24393201752075 -4.85269018505402 -8.12608391765068 -1.98077284889198 -5.10682842383342 6.85678069489736 3.19980980933434 -2.82059319431746 2.81453049968419 0.678619762149487 0.105917347902172 2.23219955504156
-1.39348749603498 12.4855158692601 0.204779569778457 4.14596091761051 -0.062921930458586 -5.19757128527365 4.1350252218663 0.72752990341639 -6.12315522177498 -1.65341330834295 3.30055870749203 -0.127567849317448 -4.42222751778335 0.514028156183163 1.17617675817479 0.818297688686991
-3.38377599016226 9.05268489844777 1.54189618135478 1.648954253697 -14.5258844780564 -2.93529764588141 -1.16138962147138 2.04549313514084 -8.98308358827287 5.91187253513515 -0.996003238254743 -3.34879123775194 3.00425526496659 1.29032840524262 -2.13860813752493 -2.53351532259087
-3.56953105165928 3.39612377318285 -17.4268794246296 -1.90465562039432 -1.75995420231893 -1.88416697866734 2.27488576206569 3.75897342640589 -3.99271783598345 1.81702126929774 0.58059441949029 -2.53980490128178 1.04191574334811 0.730964627766336 1.72791124126748 1.68603304742429
1.91990542532384 4.98353305781521 -3.55838257181699 0.770832973534013 1.36135117942852 -1.23574961055761 -1.49967149548045 -16.8868876965606 -2.13875255116859 1.98822402903914 -3.22779096827224 0.197047433860455 2.82021801201194 0.102722164329606 -1.74958790561507 -0.939145118199083
-3.5087821975142 5.17671387999921 1.22984246131591 1.95370195262039 -0.401039489362787 2.33464025490012 0.755073070545795 1.60844061116799 -17.9028405872035 1.95020039211507 -0.222817458844268 -0.0198934565812119 4.26012457251329 -2.26982386691141 1.2511651516114 -2.66516881180499
-2.58857997629961 7.51451481302385 -0.742834757710366 4.21835039073552 0.634786678487569 1.78779972507645 2.15941116681401 0.376882188728625 -7.10960262911392 0.276043801767316 -0.0434015134408354 -2.24463046960629 5.36667365403417 -13.1870930935236 1.47287012579098 2.08276472735545
5.83977528470142 10.3680822770901 -0.928221189576833 -13.8572049424753 8.37322989456624 -3.87623088177662 3.13752362091539 3.99228250597415 -9.46418912082843 0.784588248310798 5.88018328768727 -3.83685621725177 2.17211877098234 3.39684940553199 1.32258705371244 5.94372930128569
2.32508651794799 5.45656463521477 -1.16550517376756 -14.5618446574321 -0.0141041776248304 -4.92957722993775 7.70823881305527 -0.896305841440834 -6.22984836203249 -1.54923805145614 -1.78239896928883 -3.53218017317929 7.65450551736905 -2.87271086719088 3.21929275182402 4.27708136284172
7.53489798269538 6.22473542126687 -4.1431391931529 1.38263852689129 -13.1988370498037 -1.22360359589032 -0.926071529670711 3.28621694223136 0.508265913486226 0.562322406732495 -3.62090899249788 -1.03816452690516 4.45527774719522 2.36685984829518 -0.664580670199673 4.06712421943399
-0.19386306061936 7.67795554195386 6.26216724455982 0.648386899056923 2.78429621680145 -15.3948832396029 5.13446991926965 -2.438709524095 0.597094060172743 1.46007202358207 -0.409349629375542 -3.34549330150816 3.36541045281359 -1.73629745296059 3.20591018603643 2.91488496038144
-3.97876731282945 2.49675926553034 2.00049638713404 3.46043798211893 0.831294808542668 -1.90146018459224 -3.53187950368761 0.980291580940951 -4.72347030132134 2.46762742840055 -5.26351997314481 -15.5330317908547 -4.43791979028336 2.22000969854197 1.07671973714129 4.85904896316922
2.97854174616794 -1.95720599072995 -1.85935757762195 0.463175125672778 2.66996871085963 2.27288484612872 2.99160519142337 0.376518262299881 -17.6333555878217 -0.279364777349632 1.04576675484693 -0.555634248442972 1.29540357207283 0.421044983664212 7.94540755101618 2.44873326647921
2.53385563969727 6.68810710391059 2.62259756250371 2.85348612659957 3.04045009907112 -18.3566454705608 1.82909568295389 1.58346458321833 -4.39201474747323 4.94555728948414 2.40376429904285 -1.95518150559626 0.33385877841188 -0.754456933906573 0.0721056058791806 3.87795484261325
-2.89892386826768 -8.81005209276945 -7.04310019158996 -2.21678986479746 0.924611593676822 -4.30292327825878 2.31635479665856 -1.11645597280908 -1.41183273645788 3.02218128683851 -2.88325729745625 4.09407587971175 -8.28867253418657 -7.08753961915701 -8.1415383445744 -4.9200108277963
2.74380643458626 7.85483369418299 -2.19348744694576 2.04565349374361 0.95242476704738 -12.0122539713078 2.09873762911405 2.4572758115475 -5.97884169955213 1.7452223518483 3.86176937672231 -1.41466903133552 5.92166782052414 -2.6119244044336 0.257623784999983 2.85880712904932
-7.4799625021343 9.34779586381486 2.35703064958667 1.60418839117324 -3.8672404954825 7.26891612968002 1.71412226073466 1.18737200646233 -7.44229572500472 6.55075722439545 3.21428259663518 -1.17390180745555 4.44731282898171 -5.00547862579973 -6.66655359359117 6.00173331733713
5.53954389755269 8.26289284843016 -1.23084027317973 3.59659537823889 0.634116830500875 -0.82006782579091 2.94816122440238 -0.763679427710301 -3.00544144705788 3.21308089953092 2.74472458445412 -0.449204119488022 -10.074677306835 0.142386262267714 1.67173115836593 3.20165629646571
7.45535961723528 15.5621577802811 -1.83625607564416 -1.04438927923834 0.100985965838251 0.340876607020928 1.57404895071869 2.52431055043741 0.309141350138914 3.55281327697845 2.44589786455749 -0.883255623873304 -5.22449087877491 -1.12676786877181 4.82920981737119 5.94997688998548
1.74682371285887 6.86775576410667 -0.459437990802037 -2.2115274252413 -2.67399088158804 -2.54587296640031 -0.802488551426023 -1.23073176237261 -3.582836559938 0.90274542007694 1.00323603732587 -2.86418304058485 5.76320474114936 1.23216594637672 -12.9922347384409 5.02097015676119
-1.88166721218333 3.63336853409445 -1.82686074973591 1.53226828727888 -2.15760113303296 -2.32844508627747 3.173031097489 -2.8387056073987 -6.00638480667028 2.35535470361522 -12.1729974210498 -2.03167446936716 1.34734867870116 2.71214984559897 2.32578780574042 0.978783340891474
2.84751921731985 10.8812026262947 -1.83311604194147 3.77983423256616 3.2905620905677 4.37022681963266 1.90172261108409 -4.89526582083513 -2.88677936925635 0.819298001215145 -12.4471082651681 -2.26715739931482 2.64726453657793 0.00223530445575948 4.98503069634297 0.991656649998888
-0.702028098171087 5.57970954095856 -2.89779979225244 2.68818289750767 -0.8927252515958 4.17258316212599 -0.382899770757816 0.588242436043897 -5.75311632501452 0.748224271171189 1.71364340384104 -2.30195621941908 1.7598345762742 -9.73495133057185 2.67073532067378 3.78928641056173
0.611255637719262 2.81520231615484 -4.8430109068729 -2.58752291986352 0.667892473358898 -2.7653791100138 -1.62669173660896 1.97072449511101 2.43702616297744 -0.934049104177487 -2.13819252239294 -8.40105289653553 -0.275640583058387 -8.9172121070062 0.502902215738179 -5.82559884303581
-7.17962803039596 8.52453640260375 0.74283563590065 -2.67711374594896 -1.99686596788791 -1.64945953556464 4.08993145373471 5.72599905667357 -5.16047224672106 -0.0751805979083486 2.39352538528216 -4.2663923833264 -15.1271912580351 -2.57019970927906 2.47281724669071 0.800308509098762
2.92845023367331 13.1357244601105 1.43549422584327 -7.40866493754322 3.78233415540674 2.03650120132787 -0.708063442307367 0.494816972506172 -1.57690664654503 0.471728605627028 3.10836160823865 -2.31445979332799 5.49189351093211 3.02825968932261 -17.2814809463609 0.994727848020019
1.19440191672444 2.28000996903965 -0.0558817548062441 0.190698352868923 -1.95926790354016 3.43860986982566 0.407858583353366 -4.96954999715586 -16.1779543446784 0.0498119435934056 -0.805270949277262 1.76323678962641 0.0333187657538178 -0.34989388792216 -0.450072941053967 0.563664918689946
0.617928671642214 2.57522595903467 0.267936110403585 -0.90851437553958 2.2395895016619 1.89211117375686 -2.64936092871085 -1.1185032088188 -17.9116816886279 -2.66219625159861 1.18218656972925 1.17021798861735 0.412388801653627 0.903752988867258 2.8975205763026 2.01513776290441
-0.360248655159466 7.25027321724326 -4.09417115809443 3.34602916161055 -2.03537137959494 2.82362931114508 -2.02860772044464 -9.92489186066757 -4.71610091303682 2.58562070563134 3.01980374293527 -1.18188260703598 2.08271186387565 4.06910855921662 -1.30901819010161 -1.43171550043118
2.52928254770449 6.23297342287911 0.132856769967198 0.927826947042635 4.35046842546595 -13.0936085866992 2.12796187639591 2.30339890757049 -3.97719813253931 4.65098572936234 1.84301062963959 -3.98696047911314 4.73844264732453 -1.01056809668584 1.44502760846164 4.66454064066155
4.01328056038777 8.24621050823725 -12.8574894560837 -8.1326701466978 1.36248096051134 0.352036509317649 4.20060182153269 1.13521908389925 -4.68354395642535 4.69517606157176 0.890869437664504 -2.69234350717368 -1.05326162056413 -1.82405237355755 -2.34498774768963 1.423094343961
2.22563403072777 9.68251756672005 -1.35275716366667 0.0371360678011117 0.530952510773323 -0.628690608252733 1.18983024243647 2.32241907234047 -7.66766324605996 5.25942946075272 1.0503972980492 -1.73057117748638 -12.8440969686357 -4.22809125477384 -0.130348942386766 0.106649846885912
2.56849430916261 6.68969511345619 -13.6162176984999 2.11835104193955 -0.440321018820377 -1.04941404684445 3.78518400951467 0.770489720473176 -11.2041225693036 -2.97420654700732 -2.21114591190104 -2.72885593592923 -1.09096081496651 3.99551646424105 -0.0868012166947442 2.17267660057997
-14.8071804462117 11.9755522356864 0.0551566325993932 2.74653759069107 0.331526066048496 -3.54549603153912 4.94887129660349 1.85390095274448 -3.79493959570915 0.855393517128368 9.13275789001504 -2.36858083601757 -0.401020547503387 3.024706489974 5.61651335317678 -4.55620584529096
-0.714110830469464 6.1368420773936 1.81319276524427 1.69003981344271 1.77898432593173 -1.71592967424525 5.00953274388595 -0.943053623635738 -8.40964149834961 -0.207274476246027 0.930041079012865 1.96424494711511 7.59575025160625 2.93059559610211 1.93377795698515 -14.5372948896507
-1.16218840795435 -3.09634101163409 4.590127915786 2.21911197622563 2.26814211667655 2.29973619188429 -0.0673805530060814 2.6761449000893 -2.33476431470126 -4.18216416649729 -3.48780880347504 -1.16564103504992 -3.04747657124266 -7.41831350439166 -2.79668788978112 -7.32865145293773
-1.94156650888821 5.3923405771282 -0.514007705017136 5.43429432343174 0.352045136358734 2.38950060923229 -1.91042715076807 2.51503340620601 -4.33439472727567 2.74508479102415 2.29778696324879 -1.22544891227951 5.40812764699746 -14.8690855647719 0.125077824073694 5.14196070414602
2.14211705442832 3.25907527109693 7.94350152024257 1.42286447234156 -8.4109197383805 -3.04184851482733 -0.490128628098679 6.16171669328955 -0.665980586716599 1.98912048739654 1.12757680006292 -3.97379231994543 5.46644277240481 -3.45022037019388 4.54632362823895 -2.44241173980267
1.30607377258175 0.775830858168379 -2.40104548612425 -0.0127104585232307 1.7422363035712 0.0288839023553652 -0.323278534928537 -2.82052362293889 -14.46152700402 -4.11952856691179 -2.92407218273753 -3.15460213125829 0.0244427788910611 -0.376521258982778 -0.741499262979019 -3.34678877689427
-5.79779229744216 -0.679927430205287 -1.7528640740237 -1.06010028040466 -13.827280259799 3.91821062593973 2.93342322375964 4.25239729824946 2.8332763665842 4.41176881167544 1.50114061535724 -4.24067916660402 3.93710004812047 -4.66273928420752 -1.33408693905911 0.995497215666179
-2.22775371302728 15.680676293328 7.22350797337039 -0.966932457161893 1.04042130887685 1.15065182326718 -14.2434835634562 -0.823142739645773 -4.28364454955886 8.98020902436986 1.2279822170188 -0.751455118611539 -1.11812913256658 4.03748666714808 -1.35411208563638 -0.486451122676314
1.61126724520387 8.94489410059254 5.65182594497452 -2.65508052812733 -1.15728326199875 -0.605971251475382 -2.26113993524273 1.89853264491755 -4.46290198592097 0.257005736639633 1.42232061206709 -2.68000740402977 -2.42201744287136 0.565685185348618 -14.814385607529 3.34110669945243
-16.2251381568915 1.17396074901617 1.30267553156524 -0.154616643280942 5.87194864971091 -2.36107831671036 2.32612841538797 1.38580620644307 1.29705209786002 -2.41372093792174 2.18124100455347 -0.764614236945108 2.69051419854551 0.795233729717471 -3.58746158734691 -1.68645822386053
1.45671516944226 2.26060261561759 1.50031858920228 -4.9663090194595 4.3540318155956 4.09073643849423 -1.34876202657117 -2.04414348588978 1.56490345348763 1.24331176973056 3.97313118419232 0.634981036212842 3.92265647071181 5.21346720611608 4.8435735794963 5.93598771376063
-0.672466567786592 7.85539624526069 2.88091480309255 2.85986546710801 -2.03632944357086 -1.96080906070097 2.43001357857049 3.09532594294895 -1.57782589747854 -0.088351336143977 1.71483718303897 -0.751191672886095 -1.19405374432263 -0.882287470078446 -10.8742958345782 6.65676776463499
-0.787255657900332 0.586597383817848 1.20680013531548 -2.09738401965479 3.00562429748326 1.61210780207251 1.293137537365 2.07723101256015 -3.99528658885374 -0.194726052108846 -1.06282589177503 -21.1202540940364 -0.260324788999715 8.40976769134139 -0.943223038362477 -0.210514418154383
-3.79964485061867 -0.962892774649706 4.86500854021431 -0.560500949842651 2.82866802604506 4.18299167852269 -2.11093474751625 0.280584203616376 -1.2132194459303 2.70475405445374 -0.493303637754477 6.95681792774583 5.85190989943819 0.822210705013157 4.10076267821614 -0.963577867894969
4.01889006813952 2.17945519210024 -2.62210560513187 4.4794754695234 -0.262081187882514 2.29276179171324 3.19117219884981 2.266865730229 11.8932764828193 1.8942052228072 2.92020896318758 4.49302045461276 6.7807053349523 9.81226469067981 2.2961549161321 7.39984300003535
-0.464929500626611 5.59731013323381 1.23653960066717 4.54070792532032 -4.88265284809469 0.186557929041858 0.605297491600841 -13.4549486763357 -6.00574832143422 3.83733029218968 -6.83212951317897 0.955026354285534 1.56294385425344 0.5579175863932 9.02108237571083 1.20358821091569
0.805239551745313 6.48430441344595 -1.80391251783124 0.873780563467578 -0.100170097105743 3.57563838792441 0.943270108434127 -0.204348265788687 -4.8973063453405 3.42476234345586 3.78506571786286 -3.4819060993148 0.26575353150106 -11.7120398687549 2.85872419910542 3.11263412339185
-2.86847939677051 2.12328666134995 -1.86602094329649 0.524957971849513 -2.82506064867349 3.33482947550196 3.66558848377686 0.504879617090959 -1.20909902178887 4.08081495595066 -4.08022494734464 3.22663204525219 2.12605962633089 4.80822917099929 1.14294683391989 -0.171299507915496
-4.89571292235181 8.36125014620736 -2.81198675877589 0.240398826072427 0.36942224019131 -0.0330883347937984 -8.41513467085777 4.71401712251548 5.16674592460059 3.7621436166205 0.246436848772742 -1.46983991604566 1.80965073219738 2.19043503193344 2.62843366660546 -1.83808174411717
-2.91132885637723 3.88722075726182 8.08176110986295 1.85007494837145 0.300150564402039 1.94325178533159 1.82573298084677 1.83605651006113 -0.935844023794711 2.01289602089979 0.00376345135939204 1.48995634208612 2.91138391695985 1.75050414405518 -14.6678929052169 0.59364216437212
-1.18223410713353 3.57845046590958 -0.10558589339466 0.366180450435153 -0.20496218885751 -0.938662922784992 -1.99186836103042 -15.3234805152123 -7.12735338220184 0.308233821711715 3.19424661855835 0.182805203748577 -1.71631909702665 -0.786773143071879 2.38745610795903 -0.13028971372258
-3.24631543467037 -3.83583609370946 -2.12544073557883 -3.84245936432377 -7.59985528620702 3.33196612347145 -2.24162848429821 -3.34930474259336 4.50968013413586 2.79393057292171 -0.815857586879122 4.40614734767202 -5.54977087542362 -4.28076399912172 -4.1177501356174 -2.96547426283952
-2.60001272112228 0.982689702632259 1.80273027515737 -3.3228510673253 0.720563563213429 -0.41966204134493 -0.93926895518043 1.12794463309213 -19.305224945324 -2.06610034184747 -2.4432143670765 -1.61381556960657 0.557147894942739 1.23370328752847 -3.13991019828826 2.40228362781046
1.5655312438077 6.5700852596008 -4.97460511868406 5.40725600291581 -1.13964073708489 -17.7359088378791 -0.719877365680898 2.72342796736128 -3.90916380524843 2.48043949042904 0.834453270414564 -9.5568638914476 8.9182766240457 -1.19978666244973 2.59412945000305 5.37399309583152
0.72962295170511 4.48612564780309 -3.1387415090217 0.936516714807785 2.58500282488627 -3.71976616758794 -1.24861677512525 5.96692170212489 -7.86479622322546 4.11835957707238 1.85932557705055 -1.00268052734678 1.84214089461338 3.99034965606363 -0.856585194565031 -2.48260554718549
-3.00278411658347 6.29113741208095 3.19228337167967 -4.59273895733671 2.48740983165508 -2.10944616557735 -8.57787210212175 3.79773841221836 -5.37448748882162 -3.72195799143266 -0.469115295616342 -1.37743443891138 5.63534538297711 -1.21126259344665 0.95264933073141 -2.3989941345935
2.56119300837438 8.83092974755257 1.47044264881849 3.42608466766353 2.31940324916231 2.14831393540684 3.60918186632712 -1.51094973808805 -11.3762899084538 -0.402966806883902 4.1167569052014 -3.54477417593837 -4.24049358013853 6.72763300941738 1.87963369250615 0.853004283324476
-11.9900159383426 11.5084466740269 -3.94110693619366 -0.590956030097917 0.38366696379539 -1.66790378790054 1.06673246461965 1.0217818414591 -3.73608352583476 -0.85509948639436 -0.377779247147199 -0.263082255466085 -0.618876549594791 -5.49529797293361 1.26235343429631 -1.07402688722331
-1.75443768839029 7.7981420036812 -3.80288963802884 1.28403513583372 2.07421137068114 -0.930829200679633 -1.68005604618449 1.0067749598534 -5.73706658016709 0.489995623053565 -0.720599353475785 -6.01185410074668 3.40372526844126 -0.456423306026441 -7.67299373020266 0.573004928177013
0.0971431208150482 -4.16410317452662 0.394479091918347 -6.91371398195636 -1.61565909658807 -2.3827632868663 -2.66420884252458 2.7978779328033 -1.24840114610342 -9.83182885630335 -0.33586442485181 3.55212821717076 -6.89283358693723 -5.91357686972711 2.19514016743644 -3.86779157996212
-0.707753565404166 9.38230490324899 -5.0383491896408 4.2508823894341 -11.1967573224211 -3.59026754771668 2.20942299168866 4.1545839128017 -10.6640314167716 7.92493509666057 3.76898928066019 -4.5036827339302 10.7566060827555 2.73613721820368 2.2320799985735 0.180141355501636
-1.93685494255709 1.45552185422499 3.11978045081363 -0.606007860829595 -0.19321263339639 -0.349153908283105 0.4540308221185 -0.091943439203099 -6.88805830042925 1.39087618758163 0.937406537445717 -15.9530157810419 -5.05893268452799 2.53826573170855 2.23957724267634 3.89514168421996
1.94523216787361 8.5754986278022 -1.88077094685829 1.02594323607761 1.15783102813759 3.02312486709178 1.26476869277929 1.73990259005449 -3.43693567318886 4.05442990184823 2.9657263142947 -3.49946108288577 -0.428889290114152 -14.1079797235267 2.6516139438417 4.53146374242445
-0.275963157808387 7.14832837131619 -19.6158430783807 1.421484853472 -1.34101796512498 -1.24852016472073 3.48818460560339 0.909745730915351 -6.87558568339269 0.271629257573088 1.93436135972591 -1.52752506665253 2.5596565557948 4.79966278628064 -1.25303252416429 0.955963563423964
-0.76495394210384 7.79075397060697 -0.574042846095117 4.89359379137844 2.14263311178129 0.194626126835933 -1.34493264874374 -1.12408547540117 -2.59754089006649 2.28103055277447 2.77816450524576 -0.870421632734097 4.32169416279909 -0.653378638896745 -18.1116527860768 3.14978898780055
2.65173329971185 7.90045606397487 -2.32880033403105 4.39794963858998 0.531923979007497 -6.02397468678384 2.4413114573803 3.25494528295071 -6.6090200634058 -2.264852699817 -11.2853401799909 -4.84836679499044 0.251509094985959 2.37597002501036 -1.07080586542655 -1.30289203796077
0.552497084573679 7.82006365513409 4.51748320660651 -0.748656421599496 -3.83037162279715 2.77630659574867 -3.90093615332333 1.08671579947457 -4.9701808896821 1.60070179295406 0.446065563128773 -2.14821973751083 7.47764477091399 0.616578898462712 -18.0692268068625 -0.550688082848713
-0.36726732787527 13.2267958622168 -2.06587561614178 -1.7863133359336 -1.63676490483911 -1.55194176275271 0.7185622276083 -1.81593789174624 -9.99889982897997 0.312174346291969 -14.1114978243049 -2.89691034291396 3.52577395818536 1.65703594672097 1.91454776920553 -0.388610768946681
-4.68173976561835 11.3729461261579 3.77144136728716 0.549073737746812 0.874686057892778 2.19314517400357 -10.5483829170673 -0.631693745660757 -3.66336025657105 1.59191039855362 -1.67377079610263 -3.80989441617752 4.62424701313974 -0.659213225936924 1.23968235708013 -3.97680175075796
0.338034999277417 10.0464767686359 1.36534180804226 -0.975698624527017 0.876088408576478 -2.06280150968384 -2.36297185717782 -11.6462792005399 -4.41101234664231 2.20579753358566 -0.93933632543104 -1.65401465912303 1.0172954758301 -4.89966962846502 2.7254652785695 -0.582971125601623
2.69230039833071 0.273591575216172 -1.57082203919923 -1.6557804510903 -1.77199094142474 -3.93982290464001 -0.978933293069875 0.753535692009785 0.984921991738265 -6.33169608440711 -4.8444665895771 -2.76207082465816 -5.91369635893884 -3.05732345146713 3.75726039871515 -5.76205865363768
1.35312476744505 -3.00494467860338 -4.21720997799249 -2.29353397164902 -2.00191445291547 -4.05366232317638 -5.64148815921021 3.50991591580562 -4.53005840889902 -2.05426200332504 -1.39432538085736 -1.50664512717073 -3.39641018367546 -4.3744479122639 -0.392861572804613 -3.49249012794875
1.12945266064294 12.7731413426451 0.855583310824159 -11.8446240034333 -1.39166342764015 -0.515891145701539 3.01634216700963 -4.83070650791323 -11.908035188091 5.48551413792501 -2.38993730962501 -1.84130490324714 0.248803241703283 -0.4369581208122 2.24800949160404 0.540035411835623
4.48993529280178 8.0519355446832 2.84595431763281 3.35839190776842 -13.8479195019712 -1.54207396652255 2.74794442703648 4.33751149858689 3.23851812286261 0.73659717390787 4.03664933039657 3.91365912521297 7.15400198934351 5.46600219789519 0.786107306114634 9.38609834171318
0.497349215910458 9.55513291909085 -1.91911901318611 -13.5099779826774 4.33518452932595 -0.213521568322044 6.83607219718636 6.01440152707467 -5.84238160933024 1.74715820987207 1.31389055721928 -2.15383472157901 -3.3541517806922 -4.55190432549267 5.21892574036028 9.3180015061244
1.26526796326589 9.18765319461396 5.22222923342083 1.03645006022105 -12.245502440193 2.77924839738384 2.34653938081003 3.77901379850739 -4.4911416408464 -2.02643744179146 -0.940100078498327 -3.18174054255537 -3.35241465053332 2.03109034040684 1.18777218648592 -5.10963965204687
1.32530467864922 7.51739168786877 -15.474894135456 3.08860847595007 -0.093296200848808 -0.95501618303993 5.24328125297405 2.28526963858939 -5.45181378385231 -0.747172845150972 -5.64640285803717 0.661682956894406 -2.67944326204499 2.81076198697228 -3.04224000730512 0.256091822884117
-0.386123013085223 -0.604836449389324 3.3881989965024 -6.75444199799932 4.0479281265349 -4.18227460892258 -3.93227500495381 1.14003117802904 -1.95263941599567 -0.693836482184759 -4.06255465476199 1.50877391143795 -4.81348186392398 -7.544845461505 2.86580035112533 -4.85332734225847
1.26451217908501 -0.541911524777343 -0.740242390174992 4.60988610455301 1.51481566593494 3.33240013788299 0.844169451375208 2.49162028048567 -4.99228593104219 -0.413986004823086 0.35612578274228 -16.6136201635121 0.0331204902146309 -0.0998634165965344 2.14858254118434 0.697406055737323
3.90650998174224 6.65860713306319 4.82633600757595 3.24061039529932 0.29336837519604 0.275755309220317 -0.437147633238886 1.74956593358783 -0.42430380647192 3.7304364076606 1.36573694492355 -3.20164749946693 7.07150258837876 -13.7094860275115 0.9103032383454 3.97195140274712
-0.891266839413638 6.5424541929013 2.07428147112669 2.51044509900513 -2.1612082802768 0.95300799357278 -0.0383702394304322 1.09424798660116 -4.08780855864237 1.53431422352656 -11.3736661402892 -1.91219298802907 3.35740910321613 7.29127402038351 -6.22531838491881 1.07825251250836
0.236697123376851 3.76780872017734 -2.22245326529226 -0.169093401844842 -1.27925329919106 1.66005216707018 0.174764702760565 -22.2852325778055 -5.91193171347281 3.89934261648468 1.48200115331234 -2.28918250451231 0.964175897572802 -3.2343270776483 -0.819591824863588 -0.409127398980083
0.462891309547882 8.952192590307 -0.664171990651167 1.5797715111957 2.86306116452797 1.16581774235046 -1.56290651404568 -15.3187629993986 -6.03908686061121 0.699552828065686 -2.12232880205564 0.38933569043094 1.16459998199507 3.51033548862904 3.0410151142279 -0.227959233951323
-3.83190221506437 7.45984959245459 -10.8577764143373 0.634611258898609 -1.12377596540045 1.98170748160813 -2.84848149638598 -2.70474028922058 -6.6680033887872 -8.0435638970024 -2.12706494043987 -5.63991421381665 -0.878172699900327 -0.362817626424434 0.432298670251312 1.92599752967636
1.40902588204783 8.94913503289416 3.97750212878798 2.61947734232518 2.45511574970079 -13.7448321454719 5.92287211848703 4.3469972140303 -2.13353492151106 3.72916719267913 0.0917100795995422 -4.61283512831405 1.42126897890357 -1.31279720712046 1.09616803702125 2.12456339310527
2.41996421250399 7.70792022050736 -1.61657060877021 3.90808906811373 -9.80340682896568 0.987427254440104 1.43911270188842 5.26391269102259 -9.53625254693414 -0.290068783251683 1.45579866363079 -6.3274466664327 -1.61800642810223 0.0578817137315839 2.47853727971503 0.0741508234728011
-0.628385651483111 8.44996145327553 -0.872215327850446 2.98415660319592 -2.02612004906979 -3.24790751521898 1.32664497849636 -15.3226758253002 -3.4094212567905 2.12415081834804 -0.497346677865022 -5.90205925649748 0.702254795361488 -2.15821205692073 1.31483628269177 2.60549184142193
1.22628511456841 7.21760800318701 -3.0428471776768 3.72297432523666 0.44833236782537 -0.7072677042651 -0.507827065099651 -1.02910096387725 -9.17273307260927 0.323780727296484 -0.815896775177569 -4.24577423384546 1.80292793026635 -10.1457158438808 -0.149861108578453 2.72261349475827
0.0753532474337262 8.20484877282844 -2.5209209188747 1.07750684370124 0.585388226963372 4.3230248701998 -10.0210740323164 0.32667582819934 -5.8684633359149 2.67197770780831 2.16338538393483 -0.477068001986978 -3.48124083566109 -0.650345027281537 0.46184074334106 -5.09005594932445
2.4089318361594 3.49013609521473 -12.3259344418435 -1.84328113665887 -3.31354555875901 -2.21821192039187 0.756947185718422 -1.15765614830149 -6.9980805893209 -3.73287612378818 3.13323943070207 -0.945396741075643 -0.151145974921521 -0.44026612577378 0.601384458007785 0.835895629488462
2.13994105411993 5.90830406069464 -3.20751646972837 1.79531539696588 -2.37521176505733 -3.22891519321269 -11.5493848754748 1.29292073513076 -7.18086419217806 -4.54877073940865 -0.213921918240853 0.167847218191164 -1.5231798409872 -1.96531096891746 1.00246123085402 0.917828893644118
0.0769716154711806 2.94874153840406 2.77268490048136 2.43766168068335 -15.3255770202323 -2.27693782158561 2.78225869505449 -6.17701634619875 0.231949966807457 0.95243138818509 -0.335754997849067 -5.15534258327418 1.0907367928787 -6.36621298175295 2.65309541346947 -2.76604172667023
1.83834846438906 9.40215675305942 -3.59367629386531 -3.5312915839105 0.0697181092062959 -5.25626941590892 1.67736108860898 -1.50323940044922 -5.25144978619595 1.51949113234808 -9.73842265867246 -3.07592519137357 0.555934327648599 0.536421161030395 -2.10396524982031 3.51534395048445
-2.97108775483327 3.0250418439401 -0.764010895475233 -1.04459534589634 -4.89828793686815 2.9257216184731 0.441236190302672 -1.86597811048651 -5.17954333170399 -0.86956872232648 -3.79231087400803 -11.7479709302755 2.93126964379714 5.7681661331538 0.186934975530496 0.491134719752322
-3.58786717650064 13.6696050334832 -2.02256925514205 3.99967261888561 -0.59037928183272 3.64660346233365 -13.7618138778064 1.58926796939641 -1.25727296580379 3.47317786054766 1.14921072865045 -0.0643053460716083 4.98639450206357 -0.839449222082515 -0.290833182956398 -0.160675800961771
-0.957818504377867 8.50676270193147 1.25843722335158 -1.10535649962253 1.97203422938189 0.291857052480978 -0.514822105133484 -16.2047139635179 -9.72516187797868 3.65214241222078 1.5707531297123 -0.400672244919748 3.66146741740252 0.75458842841657 0.332529305838069 -5.29918600511176
-0.67680420190821 7.91533778032317 -0.500322602933121 0.94537980137066 0.755784998303033 1.0804211755948 2.38656190922837 0.277795228084856 -7.29218035456469 3.51228510752256 1.1431864441091 0.57330458112526 2.55881940411443 3.82653438385029 -15.287940746532 1.30771341663048
-1.63515039706559 4.83826875172501 -8.97583958813621 0.773226745175785 -14.5635953891289 -3.34649944126726 1.94706662323592 4.04910932896808 -6.91673959547799 -0.665143983337925 1.20116440277286 -3.52324680182982 2.48359501227719 -0.284772526960103 4.47838351374156 -2.77463234511903
0.672528229763299 9.54252384912064 -0.25183324934175 1.22663824895501 -0.863807788025258 3.00346823427673 -15.1087240237251 -1.20752498082953 -4.45281942714509 -0.81288063780055 -2.00018516583535 -1.98210796204549 -0.291928208068961 0.348125418120882 4.90678594126562 -1.3403024310204
4.42977210967845 6.50799026168019 -1.85684811101017 -5.94872974195362 3.76410386980144 0.317399177037122 0.905886990940337 5.42954042951547 -5.76638984212789 5.60968067863943 2.99458768035664 -0.854768841850634 5.7302447355142 -2.37713962445934 3.20476918186935 4.38467211551486
-1.99803653178074 9.59833608095493 -14.2242887836573 -3.25398417156158 0.798807477286771 -0.86471913116745 -0.720579808852736 2.6729817817793 -10.8181589599185 0.241861871019812 -2.97098201387081 -0.0321143168194244 3.58203890238924 -2.36438205080706 1.8464225890895 2.84454323685313
-0.192516599598888 9.46794379044774 -1.07718139459436 -1.17709988989131 0.631711281834928 1.49035387414318 -9.59918716987137 -0.535389362255076 2.43641501069741 4.5194865425527 1.34222264995604 -5.65242186804307 4.96817779600701 2.17717623686654 0.565631028625853 3.51775109752598
-5.3147711828745 4.01593274833738 0.574766456215664 1.64626507295243 2.98539108587075 -0.67179888672783 -0.556922033692409 -0.719143421713982 -9.48436130898024 3.42276705237217 0.299992043115906 -13.5720267039154 -0.452658170052129 0.348012165831552 -2.41615393208493 5.63022010330188
-4.00330438621023 1.06365508398751 -2.09182237318944 -2.65262752475044 3.14739054911605 -2.35353013767064 -6.86453986916888 5.70289564509153 -2.8932215637735 0.587014512205004 -1.98375102137244 -2.07221292751545 -2.78148652836001 -5.14070776580648 -1.16368426678787 -5.62092882465311
-1.30951410577434 3.29653442390536 1.55159140536626 5.58042388949312 1.20951014463185 3.13722037710551 0.762280084052233 -13.9070808840818 -5.88180442530213 3.56254136556731 -2.29228859918156 -0.848035274629494 8.20096078468586 2.3909684337757 2.13806656636685 1.6940099810394
-1.89836930220809 5.52971932644179 -11.1569714563491 3.06416844687133 -2.21279305691303 -8.16541893086159 0.102349593317584 2.04419635293963 0.193728425344712 -2.33562778355927 2.0899849906416 -0.742119919907315 -1.10622133414919 4.47225268965097 0.427796285360905 1.79807957954474
1.71879083869563 0.699986923239385 -0.73845545791552 -1.45446160773821 1.33076211169729 2.35478973798085 0.385427918608905 2.99618247637852 -19.4999548258624 6.92536658728062 3.27234794834648 1.50499561434709 1.85529615199375 1.88154399207429 -0.727458872331663 2.20738635105103
-0.440661709861801 9.52238149706228 2.81611201791803 3.49161621315157 1.47527169721867 0.273336630547428 0.137370621491921 -1.50529494180592 -2.49949974984881 3.30310369788379 0.498144116572777 -1.04673003907659 2.26950325925782 -1.08195823532998 -16.0625525449773 1.74510650776376
3.34590629936215 0.869092916465015 2.21479518736537 -0.919564964153949 -6.31416500453052 2.6608063994212 -1.45391506632805 1.42130628761832 -3.99598539453021 1.07885778374711 0.193046692916482 -17.9513006092421 -0.950328952837478 2.72337837322678 2.06217011413357 -1.5026915753055
-0.469411309699658 -0.726575200897936 2.6581840625327 4.64169254609993 3.50933017768766 2.13991873406525 4.9193571885831 3.47215709875292 -5.74444041718305 1.50503368323178 -1.34574245408762 -14.1849561836295 2.13152971482462 2.88892085204373 2.82837212514534 -1.83915390923685
-0.787156535766186 8.51521442517987 0.828386688018261 3.64304650312435 -0.494143064535688 1.90894106690422 2.19822569853752 1.86107660552749 -5.48169764210398 -0.00221950487848677 -14.2164938295902 -4.79555637561532 0.14493280018039 8.37989302047152 1.7191025519792 4.56243522208153
-0.596848315697067 11.0728225472928 5.59662047830072 0.367912512108621 -1.16706221099783 2.85377674243518 -1.5712278549582 1.9721083063308 -4.53427258582372 2.63133904359261 -2.33327467704675 -3.9271236367306 2.57758807937365 -0.344406558041768 -13.9132323595618 2.50041677555487
3.97600620544263 13.9895387322423 0.512317405951808 -11.7988716908197 0.91827349746245 -3.57963137918748 3.41774194207761 3.52381087563625 -10.7403670572162 3.26120559876645 -0.448980657698387 -1.52881450063055 -2.22022551956149 4.09462389464892 4.32276671857639 0.979066001576047
-3.87662106973618 5.38870522103492 0.288647635122345 -12.2241181415939 0.488408362944894 1.48895072444091 4.33644622373454 -0.06199125043488 -3.32613575522529 2.98830914484765 1.3619761704624 -3.99301535865768 0.629775253613915 -2.66159639496242 4.70709917556183 4.66073661280425
-2.81632946371495 8.1197873601597 0.943083801735461 2.49304031127039 -0.987726912449055 -6.68723053175771 2.04068192240574 -0.179701369197048 -7.68390458018114 1.36514473255841 -15.1308369083925 -2.98460085739136 2.42509687717028 2.18448616966113 0.22736184354131 1.27985926272678
-6.97098466494647 4.70750278778979 -11.9598247782329 1.48173176402921 -0.930452748193041 -2.29995788147329 -3.08143136840025 -1.16553386353645 -9.821583561325 0.546284478378748 4.48534260548296 -6.49989471439643 3.66353354899023 -3.2036569410296 0.662789654566075 -1.17510720768978
2.98714042149511 12.3080597995646 -2.87525619840144 0.810558428344612 0.662100371355025 2.0578095192565 5.23993046773047 2.07421327398402 -1.17144620811336 0.188659027403658 5.55895898642903 -0.433673181063958 -11.8440966021884 1.09387098472138 1.23517261593199 4.71762596456322
2.62935383389404 8.42773391632038 -13.4817998850844 -2.98897916511493 1.28368129464441 -3.5178396840968 0.322921790444521 -1.59691432817201 -1.90443272057598 2.2505818771826 2.68575310310792 -3.04132677398822 1.06731699659623 -1.11392636045078 3.64840134376425 1.03027634226842
-1.91125118011227 6.62802118520337 2.81169774431291 -4.04963561283398 -1.09288661366094 -2.24296014908506 -12.4611702217851 -2.14795399499607 -8.41537173797496 -0.256852581900098 1.40403248957163 -4.35684919923506 -0.849839793745852 1.18113861486565 3.16707615715683 -0.428403025387844
1.18571000384351 2.00627941146924 -2.69154603398231 4.84029321059653 -0.880786471977457 2.53408370626275 1.37727532670178 0.450586548403455 -3.79154908217817 2.78606991999796 -1.21552712559004 5.85038023879725 1.44570881619686 6.47064726361768 -0.598770477021463 3.11197029688188
5.9500430171328 6.30661252222612 -0.131394564082026 -0.855006652783975 3.48480081291652 -0.462521864013543 -0.0858185365107036 2.59571629337739 -9.01825718004542 1.64123606619105 7.24315653268713 -2.9354975470874 2.11007865030072 0.332590239071846 0.491656173894105 -10.580637086965
-1.9231195104694 8.06598386211807 1.16891628051514 1.74128073810244 1.0528408920699 -0.1772859340002 -13.7264144471622 2.42033056820514 -7.096872756226 5.90001124764557 1.27754149966573 -3.94709066041888 -0.141279532943295 -1.52567928024157 1.27887817361596 3.69476838429504
-0.512996075919688 4.61673085767835 2.83303783740068 0.678717837653956 3.04232089800064 0.159208756021987 0.440231311423536 -0.191265637186737 -7.64607858745391 0.369037817065626 0.191681595169684 -1.45406634150094 1.42627439371355 -2.46238899003621 -13.4033366367714 -0.511927839360022
-1.04426255788795 6.54203305102288 -0.158564021314006 4.08515831509164 -5.63896708402304 -0.668222010105835 2.54025227978089 -1.58710695379879 -9.43414928071555 2.57396976546879 0.914191768550564 -13.5893965267974 1.37051248896951 1.33660977731972 -2.23596378820177 3.42877133312532
-1.37358232715235 9.63543114758562 -1.84537925946646 1.10656461912821 -8.15998595706908 -0.0743743956573066 -8.70113838153974 -4.40450815800777 -7.78841742519918 3.61269336047101 2.36995741331963 -0.252678485968464 -2.81452048552974 0.000502877759726628 3.50087006964531 2.23966983964652
-2.56834125877539 4.87238925529965 -3.92569504769041 -5.02805367117572 1.67831019351884 -3.19241052018665 -13.0859629605903 5.24339526308805 -10.0709847216359 5.05496224051227 8.62154859145701 2.13941308513071 -1.84762044864234 0.122485198694868 0.910625650421223 1.7312073440096
1.89952456113343 8.24832100878836 -0.273534560394864 3.14948715184974 -2.49353477619303 -3.32665459385246 -11.3853269020826 0.254513517021223 0.0222010219787583 -6.6703483426014 5.66755813393742 -5.7997125203028 6.66807335452526 -0.241514012389957 -2.3780391392728 -0.807551521053016
-2.31107737355039 4.83568406759505 -0.776613563532395 2.82410137198457 7.53828147597133 0.994890609314605 0.884920455043226 0.142052201500223 -5.92766661054491 -0.927186979349073 -1.36154001833499 -16.9273838296351 3.15333874489561 3.46182161995209 -1.89352450682231 4.56634036364608
-5.49059111598479 7.53681174198572 -0.140337155096254 -1.24724494663101 -0.0816852072409748 -0.240073057648924 -16.8363558947269 0.660320383965522 -6.6134195176597 3.46189543310103 2.30192267349852 1.32574436309061 0.292965760253365 0.248600230032896 2.176092158037 2.87300185759676
-14.1481564027437 6.54260592589221 7.21036537657073 0.19608439122916 -1.05816424190867 -6.45787794285384 -3.01143164961195 -1.09483918334711 -12.7840877391601 7.29421908550609 -5.65304848570491 -9.61440442623305 1.04360020451851 2.89796980414983 3.78748712149179 -5.84553996909101
2.80225216689207 2.72732969715711 0.944127505346854 1.09724413462951 -1.62642873765974 -9.64639587564582 -1.47271839637616 -6.25585292442991 3.69124729983732 -2.12666720309088 -5.79230999499997 -7.60364855590399 0.604344510045494 4.83058350648624 -0.761743989295605 -3.74853307717696
3.96142508672588 7.00035027568058 0.922243288421184 3.28801294094992 2.22506180988639 -13.534112123474 -1.68393184993965 4.14134362627041 -3.26254324677667 2.81191315972697 2.93941191289056 -5.69134203641841 5.94705934693665 -0.963466694485662 0.864300017965959 -0.11458592928024
0.653888641729129 14.3154300173079 -2.8040628478522 -4.55842092383423 -13.6333324348666 -2.18554617344584 -1.88491723066188 1.10159541515536 -5.69833375193759 2.29344198546709 7.1429890523406 -0.544391940013183 4.1111716283449 1.14579906026695 1.77221779430767 0.463106226683268
-0.826512022435652 11.2969392362283 -3.28604075705936 0.544845718642229 1.6483201877235 -1.01441928045252 0.378439968542272 -10.8003332676609 -7.88061448868352 3.41671070113327 5.42500004130248 -0.354095807034861 -4.70037165247306 -2.10800196768335 -1.63799866478847 0.338112604522052
1.710383496053 13.5616867337292 -2.93182614570493 3.134924852505 -0.86261146950558 4.41784974225575 3.88760700342663 -1.3308788078995 -8.66643005994215 0.465460457043618 1.44126768785412 -4.37584498238259 4.43947576684537 -10.9161249350964 1.87459632228901 1.25749430788869
-1.05233564677848 7.18108721397813 -6.00962005424723 -3.4717521387263 -2.75376601012671 1.36791143277648 -0.770489563536948 2.23021678739417 -12.3182724813933 1.38614701505026 -2.70599846295979 -2.76975925739874 1.0396668485147 -0.0164774132403996 -15.0877055906511 2.26368921115548
0.653757263468286 -0.0556197923076586 -0.0600204468541629 3.63969249774379 3.74582101630728 2.99639780202375 5.75936734254548 2.04382113452449 0.676885642762577 1.70405833378768 0.20603064465727 0.590781995135158 4.12841332976856 5.92333009825966 1.45168415853867 0.680691806974662
-17.7813231661637 3.47922665489282 -0.57319392450263 -1.26595560637091 -2.03150633113745 2.31937466327113 5.03644639058352 -1.33183252116704 -4.59417474273024 4.28695921191697 -3.2569804863572 -2.4090931137566 1.4332026181756 -3.70036524068458 -0.659778425835878 7.17128210932749
-0.870308239040869 10.6428043319296 -0.668716633540726 -12.2258893161866 0.209308848803598 2.91975873687053 1.83308584172859 -0.615146745886785 -10.5211165964237 1.95543390528845 -7.04543663418553 -0.116359366513198 2.48510695092351 0.0867272625426164 -2.24394093746302 -4.14771306768021
-1.55348429698566 -1.5718044399338 -1.34138526260794 1.04028982519318 0.659581550755831 3.10286671797123 -1.15874998289067 -2.39614029676337 8.26404271905856 3.23529143814058 7.18958952105435 2.78004143957293 7.92441369834166 6.54595349704165 1.57551836625315 2.37902894693438
2.24149199462808 5.75768662387405 0.28452887076656 8.05284438303318 -3.67886381799461 -0.935599555351173 -2.36038702462008 -0.233305127869275 -3.29336607936467 2.87953277336538 0.477558451724067 -0.823044279355815 3.15533290064337 -0.590976363145286 -14.7706623823212 1.31331651399275
-7.74132285586052 8.66778628342015 2.76980577800244 1.62895668578555 -0.992168155332365 1.84073437760594 -14.9102532826987 -2.40918268761013 -6.23863687542994 1.30197051469801 -2.83678493574302 0.330697441191858 3.93939255237827 1.08445870157926 3.08862464597534 5.52563544618326
6.25698181885874 5.39902963789523 -0.928956875389921 3.66340445444037 -10.7412415424125 3.06766131430593 1.7080113903142 1.03469773940257 -4.46227971906759 5.66925116611149 0.25532954813599 0.0248164511708153 1.14277030484494 0.512680981385686 3.19843087079971 5.89988181201204
-1.52515625061553 3.01248014264899 -4.58006212851942 2.67788587391539 0.517492635667023 -0.368798769579918 0.539352706546081 -15.3189614872819 -6.84953817893805 1.35179937819944 2.64408376977175 -3.60018562326132 -0.59833754060221 1.03856849566649 0.698986482579243 0.430955553424502
1.61706994134231 2.87370390180265 -2.34420905756106 1.34168247065016 3.97496329909919 -2.03681145661648 0.976981968368005 -0.0912707548188978 -7.21380302931366 2.67022385345635 -0.590769226262054 1.44910821667627 3.75519077230038 -1.95762780853147 -12.1152598090795 1.00198394689457
0.849060345886572 2.0956261186814 1.30802240667315 -2.69611783757563 -6.27579557805609 -1.70654699418809 -3.80808452746127 -3.78176486941701 3.57416791424366 -2.75326916182707 -5.80453040181485 -6.45398336730181 -4.80584091872744 -10.1376400454898 1.48869384879766 -6.08436726741889
5.5320022669198 10.3822141359378 -10.0800171286516 1.71787866985226 -1.39822061524308 -3.1161605735315 2.24379735945483 -0.65779528064332 -6.51465004278045 1.67061699248809 1.80437233713591 -4.14021881822128 5.88300837864965 -6.33230936972 0.837338072631885 4.57258899808494
-0.0861260909641156 6.96132338641823 1.81621011119805 4.64803779818177 3.05620435446795 3.10792748983693 -0.196587706224599 0.0965132995441107 -5.64560501229122 0.706619951861821 -0.473581296895735 -1.66962012317731 4.61711546541957 0.658935244527374 -14.0359041449519 1.56500017484974
-1.84099357756885 11.0589289144193 6.7683325198242 2.72503414612307 -1.10444219639477 0.915806925914303 -1.53171982040063 -0.549395703197361 -6.3566976971595 3.62928683392428 2.03228767559163 -2.88955860350463 5.90672970461194 1.82597128488924 -12.861559743427 2.70091835369019
4.30589704323651 6.79912354007731 -14.6861454552552 0.169633537226462 -0.667050729025106 -4.50628807287346 -2.05443652502762 1.91986696357852 -5.33138178230713 4.41187154061034 1.49323725452259 -2.37718522060621 -1.44764488627665 -3.47561992311464 0.541202346333768 1.30760482173869
-2.30479830432178 -0.035375008067491 -2.79234575005176 -7.45638991696193 0.676869438138131 -2.77284147829355 -3.57626819335592 -3.51338680123783 -2.65306680901822 -2.07574184747624 0.69608848552251 4.2092351389697 -7.65753466755595 0.127375175258433 2.75095979100887 -4.84915537681485
6.70158362285692 10.7174794268279 4.51384342427395 -4.64761760102381 -1.16557171157284 -1.57241764663857 -11.1335954471785 3.76053102003192 -3.31197290027779 3.24297113581466 -3.24206921174331 -4.16083972497043 -1.97009450507141 1.94707222881208 2.64298859563215 1.74503942530399
-2.10265117651357 6.26526962832793 0.375704964265447 -2.3482508706721 -4.54394385418684 1.71891824444225 -7.07991301845634 0.565844417484028 -11.3207462945635 3.67671653636058 -1.75163800672954 -2.72720274318904 -6.18749254414994 -3.39774879389482 4.30790276130154 0.390628284596558
-0.155126876447576 15.422541696469 2.10331204167736 -4.04229782387491 -12.5078994343344 -5.85103668359802 0.810320299305436 0.830636550184132 -10.2828131820678 2.35189471829709 1.96609886972373 -0.963526099906085 9.09895727869122 0.807204812742073 0.410120810454561 -1.71908101783259
-2.24896693956055 9.49294449379166 -1.61097094940312 2.05887666213555 1.56120758054673 -2.92016161652155 1.72655345313913 -13.6321559901637 -3.38659746643376 0.836553193998384 0.664241025050279 3.06377445813486 -2.40791711573801 2.64579205007394 -3.39228954833081 4.90689705582786
-1.56980634450004 -0.135864750236258 0.846503295199497 -1.22686743711169 -4.32438144310007 0.163129295442651 -4.97171355234832 -3.2572828924423 -18.1467138212056 -4.10852509312264 0.389971223398171 -1.0278082850167 0.622960964568901 0.257655385121515 0.209446237978127 0.622642183461027
4.87169110920701 1.385358444855 -1.65533563041159 3.52751938106342 0.908183441993117 1.93500458048357 3.0205619162445 1.93588451294762 0.00412944290666936 -2.00627871455231 4.53271325537441 4.8232644585987 2.6044359825798 5.47380700268371 2.44418154721462 5.34168596634517
-3.9430086227435 1.29774857902511 -4.77438361117488 -5.87670068713472 -0.334333986252529 -4.59080870177458 -6.95601290331736 -6.45894666367824 0.311212609574407 -0.234495470888079 -1.75367327813439 -3.08450738062793 -4.25473309649683 -0.294535615128561 -0.43979739308755 -0.551200396336109
2.89741256040955 4.87879233437469 -15.1897797907118 2.6584469657822 -0.361588225172213 -0.922141630977166 -6.82765041350286 -0.274625232779231 0.526943009963035 -1.56569861143693 -0.821215991141505 -4.26751817166124 3.30231014120248 1.12766985535939 0.393323785700333 1.69968593687308
-0.150809759264171 15.2393885556269 5.16061479740295 -0.832565576907461 4.39931329861796 6.99078257170227 3.64190760178627 2.80712518760603 -7.42700339318559 -0.0990363444831313 1.86797829419102 -2.14530377392993 3.14142897576403 -10.6802873507775 -1.47324998881106 3.91717543725112
-0.892237094462401 8.67689516217188 1.43835709638367 5.01126839776156 2.59494777094403 -14.2277553952398 -5.54523748531875 2.08669516231593 -4.35850304853485 4.25662279655018 2.65422524304623 -4.5576261639796 -0.0602241255900666 0.348401402949052 1.19480235866259 -0.283207454073743
-5.61883783169276 5.98968709021887 -18.9546168691905 0.418275692791337 -0.400974439240663 1.43219545362655 -2.39452539927529 0.876516920067838 -5.76330754524383 -2.51136450518082 2.5554653602923 0.769024602399893 -0.249292541441401 2.43289162551155 2.3471831294679 0.383528798129865
2.07320813540302 0.453210466545417 0.50783245640609 -0.97014400351094 0.400533047424896 -2.51315546986429 2.79639805913748 3.06993233574809 -14.0329712968174 4.83180086933842 2.49796492012832 0.434574415204656 0.431018196821945 3.52448077509432 0.233020354842837 0.166937303087012
4.96074040302142 1.80085660009477 1.7475108867497 4.28988431575923 -11.0816252791667 -0.0195246469233867 1.24719692600404 -0.569955651155237 -8.82362344479576 6.10627625239183 4.39377388431384 1.36269225330583 0.269273903150554 -0.957070420530117 2.69253230322323 -3.43826660653905
-1.71322533699236 5.73779274397432 -0.7032546318127 -2.67054434757063 0.707019563818219 -1.22723020998572 -9.64694605317507 2.29678233975154 -3.88364069633288 2.16673436820676 5.31537118667434 -1.99374133982374 1.18179614761371 1.03547958419039 -1.45964223504418 2.78063733822134
1.96491443787658 7.70230670863693 -18.3823447000445 -5.06965931957846 -2.04751331365007 6.54124317264413 6.04831082872374 -0.933359081560647 -6.36362567199413 3.07038647592714 -1.66493852785548 -2.26135297310915 -0.660300046171433 -6.28936373641926 3.9877341205895 -0.890525293728943
-1.06292268845031 7.20560270284221 -12.5061384240148 1.00995975957841 -3.00449221952279 1.40927147033624 3.74914501632311 -2.61850300002711 -8.22316818974607 1.25319705141018 2.25528829732772 -2.83874233631137 0.221260867746548 -2.41067698005058 -0.840762985490042 -0.648807165667835
-14.7094784136533 9.27369918345495 -1.23595552186415 -2.60451960171003 1.61577922745939 -3.20758875583109 1.37600269433473 -0.884659611022725 -1.00132646544743 -3.00589510596903 -1.67550930966988 -0.724920690127803 1.03861624170946 -3.21553109438045 -4.49107260326966 0.134925093909814
0.75122786974967 10.7465717286117 2.90293742210691 3.46895565588441 0.402024662041398 1.58356248052659 0.549907310094123 3.43555620829283 -9.46242313909294 -1.84345514699723 2.55536617399793 -2.41428864722167 1.74073683322599 -15.0260564061762 2.0824468303131 4.0274388853493
-7.17616840974751 -3.66118499169879 -0.680835200026546 1.75099286327235 -3.54965084037765 -0.215624844878189 -3.45597105836371 -2.55262192086685 -12.3191850744344 -3.20024211373118 -0.888601055713457 -4.27938776124866 -0.723660295755433 -1.71530187489668 1.94450481713379 2.50893554537763
2.90326103430317 13.1311904528551 1.87553606859818 -0.965862754050959 -0.281039319193693 -0.680067261688182 -13.3163877483502 5.1655980443411 -2.54422675230785 8.02472138481487 2.89064117878463 -0.52906213017843 3.89370326222611 3.25837364611741 0.513361258838238 3.6881762736891
0.358960614960632 4.83868016304474 1.09659969108366 7.3080070796984 -0.14565855012232 2.19896301752143 0.66969417445475 -1.37336768219716 -3.52246914670929 2.06682059657031 1.70371842949762 -0.402506202035633 4.60763901116096 -9.11417092055042 2.22663985571441 -1.19216539139042
-17.3757467965706 14.1987990977025 -1.87454586789575 1.39477386464177 0.0382529844030048 3.17625501562585 4.05978920167162 -0.912136542798155 -6.17906691279391 4.82990154440283 -4.94142370849273 -3.1358114879251 2.1979151647864 -0.356631670451878 2.00980572680574 -0.964738682392013
0.443991252352507 -4.28643310345393 0.36559011783273 -1.20906948178239 -2.50269421743691 0.829976333464356 -2.58691028654894 -0.402503114678328 -19.2629443203723 0.0663760866053011 1.31031179571663 0.187518131615563 0.00497077348878702 4.00160011838585 3.68727376702799 0.433381819752925
1.91428942213213 7.63536472300955 2.01452094373272 -1.88963049603345 -2.03908007546873 -1.20966734178263 -1.11136064290047 -0.26697370009696 -10.7710227092991 1.20487552930216 -0.692683368182345 0.622407237595575 -1.20805516635613 -1.33558152872278 -12.3370859986771 2.44620013514066
4.69388265424137 9.91822938588558 1.59058442268569 2.32333690128446 -2.97260102048942 -5.42782369460646 0.249210694854306 1.32806347325366 -7.99283179143907 2.39245046750713 -12.5536341280128 -2.63841496563643 1.80306789144475 0.822531195981696 2.2159370156958 0.415012162333371
0.219973470722943 4.15421653936991 0.144940152746709 -0.179171322509773 1.23786121008915 3.95497143064361 0.583184776887019 1.00039635501386 -11.1465567018793 2.69026508442013 -1.21048951231116 -4.39428419084081 6.19022676153536 0.985004349512038 -13.0250708437688 2.60613688275733
0.607445854003023 9.49247666856992 -3.70623796280358 1.33183566262104 3.17370634686506 -2.90098630800351 1.27470210031002 -6.84368583130721 -9.12221116105063 1.69229870687619 -3.28429001592617 -2.02856474723572 0.628710189405184 -2.96385348823 2.81344623850976 2.0880443062082
-0.377382820808119 7.72102608332544 -1.21400988415631 0.370971864686054 3.23190704490937 -1.64828188226815 1.09893677794693 2.79013506338345 -4.14708967157862 3.24832844374245 -2.38554795777482 -10.2327090080803 0.495328501504802 0.932355482109427 0.126076787801913 3.4138435517973
6.28226659203945 1.56587824961782 1.95966952740595 2.76649852787342 2.48191018431242 1.68223300361712 0.894812406316469 1.55422202813143 -1.27054183692472 4.46529777033972 0.491169966177159 1.62263614214044 -2.23063131418911 8.59364843563413 0.859367489855933 2.82909988650534
-1.52185460593438 2.82306048127521 1.36700629961427 5.07837782090917 3.69691355580898 1.15174649889397 3.81684733124003 0.246010187472085 -8.9567604483279 2.52022145156167 1.714983803814 -3.73503633262961 4.6570201904899 -17.0665326650001 1.4791266666329 6.14572046561503
4.83093456231387 3.15755110381541 0.964352035423178 1.90360298859388 2.4597927074279 -1.13510477078124 -0.643006536934301 -3.44419676386432 -16.6268165371741 2.75256361555068 -0.766063808931829 1.86260256884862 -1.8503968693315 1.01257365444773 2.06039940411317 -1.92567092508924
-11.9027337010035 3.79329365086054 -0.474330139876707 -1.0354046298229 2.15272996957265 0.29558106464604 -1.08943910850571 -0.465887109730012 -9.87066930300979 1.28351797387874 2.1611034823235 -8.73442973719189 0.325637675133059 3.05640879683803 2.94095833869569 -2.66678131662716
3.97678054026611 9.90286056976002 4.74339742044507 -2.40713280403036 -0.714348697121878 1.54184941416387 1.51767849072455 -13.4541591083871 -8.42320186077945 0.311908983309966 -0.889903121558018 -2.76781501524081 -3.39519752224489 -2.33485577430245 1.63131073941033 1.33860935311561
-0.32413336301438 12.3190163185064 -3.63019577823253 3.64172593346085 2.24866549102489 -5.15072220824279 -2.57622862782446 4.28862316320626 -4.24667548715917 4.89859827031695 -13.7219795446326 -1.13086336731643 1.97547414875021 1.46473560667584 3.62653759747832 3.16478684777451
-0.792959959159145 5.26620013966629 -2.04015381943588 -0.117196446096737 1.14913055212917 1.79317903403417 2.26695013862742 0.320025991989453 -7.57031764072483 0.88711445292333 0.251903394953525 0.237885826411576 1.92270063367888 -16.0101604890465 -0.643971664282381 7.03198091707393
-1.74889472124237 11.310281139837 7.34904031042955 -3.4262247118061 -2.59927026283994 -0.578417928763945 -2.42494209652969 -1.30627680033153 5.09023504558385 0.633465990363425 -5.91550546359469 -5.77260591730717 -0.607881220230216 -1.04560161562925 -1.27079528087611 -1.56471991514285
-11.1380538109847 8.25913832733796 -5.45506502158161 2.50567026001951 -2.50775765330553 -2.9005952921716 1.89003820188333 -3.18866589768615 -10.2982083629228 1.2829506009822 1.19120451352854 2.03153592385233 -0.00578160778236314 3.34235104505351 7.75261287012139 -2.87901970609687
-1.72467285871429 9.79072642153691 -0.783048507842921 -14.7515540960804 0.186959313099696 0.358295899569929 1.07634974586119 6.65379728161334 -5.29205679559591 8.16985096709668 1.63992586210288 -3.92890468641829 9.22472048879568 4.94552281148849 -0.229484715353798 2.51983269707878
3.81667756920253 4.6302093041711 -1.57107255144097 -0.600866011639922 3.76908851263417 4.91654094710501 3.00387687093234 2.06657577642171 -6.02790526603274 1.64516938780437 2.32894475930354 0.0267114575536351 5.59370129249567 -15.160193727834 0.969301152628701 2.92728556992067
0.536917635990062 9.18762358855772 -2.41717823090681 4.7349428916416 -0.303937176799495 -1.9525912733091 0.308392123278311 1.08887874886466 -7.08495588505469 5.7243136002628 -16.7177378688043 -4.24466953527439 3.66697438543875 1.86120179044423 3.48759020552738 0.848423343058624
2.35414493275137 8.95446489362543 -2.83062153717974 -1.65881549508383 -2.58234834650243 0.39574576144531 4.18819919057877 -1.87351838320823 -2.39792291319594 -3.93514561411646 -15.3365289729139 -3.67158746964137 3.16121729401683 -2.56824585357772 -0.343292413701175 2.70085749864807
0.336536029583415 -2.13585558654288 13.0774011492718 -2.07029928856157 -2.27645460678293 -1.67277145087893 1.44909806446108 -2.09879688141935 -6.76559096993157 -0.775135697877599 -3.47959267579596 -2.91635880738031 -2.89345849225265 -0.0182344780743371 1.2546687889902 -5.60111346046419
-17.2691189704738 12.9284788394872 6.37420927382446 0.524761917546601 -1.87092151890723 2.5087066883564 0.470674340750861 0.467140999748976 -4.01698641099628 0.148504741564887 2.22226807084693 -3.39339240828119 -0.20368566416443 -3.84133597034848 1.95090100004504 3.74417447826047
4.14774964200405 -0.309800256312772 -3.68465245890499 -2.01750298905492 -0.672532523218186 -2.27695822102427 -1.14658361658834 -4.67440803929547 0.405435164590708 -2.66426763009993 -3.28283791344477 0.571420530206778 -5.13557569142572 -3.98647521916633 -1.60126367112351 -1.21509526578632
0.91133829707887 10.014782484782 3.43783262411781 2.96870095405722 -0.173534528709963 -6.99752250564176 -4.47330563550435 -3.3453747391912 -5.59651123631704 1.2151861372226 1.98755929732602 3.74288086543976 -1.3056184001042 -3.13983620798329 2.24346493164752 2.06601868710828
4.66819331107461 8.00424425377397 -2.14223045453459 0.422339951668251 0.480736900867901 -1.85393139918879 -0.470828514324682 2.35532104629159 -5.95958332169132 1.54400994114004 -2.51887068018736 -1.93303442737186 -7.61657955402666 4.84971886439681 2.07738242413261 1.10386218509252
1.5497699870944 5.40228368407119 -2.31499288395833 -1.43877720259495 0.258834728412528 2.13170677470936 -6.0128456576851 -1.72416366081811 -18.4535023286541 2.85387192509913 -2.84597944128952 0.0386091699000199 -0.408534673421645 1.29835694980816 -0.0484709493840822 -0.111326804951471
3.04246942104337 5.5659889650844 1.13916715662301 3.04868379581843 -3.00051671703942 -5.71425907002833 -1.11726210870124 -0.411916970734576 -5.15415485116138 3.38291763583744 -7.14046481242775 -0.491865716972189 -0.197338738677082 4.48368801936877 1.90696909351174 -0.472482410026178
2.07479421437934 6.9896520768981 -12.0736148277068 0.53887540359261 0.0560090758642277 4.75246634235607 -1.22807927042713 1.01871298202064 -3.48438992745761 4.92615242134426 -6.18103581670918 -0.826953449483423 1.37597134175647 -5.02260148112888 2.6248862781386 0.717680997412086
-3.20654927787218 -0.117440226191647 -2.9043577382023 -3.87618336395941 -2.49768528230132 3.20079432161336 -5.08421868794573 -2.87294684283521 3.26710492184306 -2.33870701583649 -2.8125746035152 -4.78117431993249 -0.77469237981061 -3.84982710429335 -1.32259519688116 -8.64029913778884
-1.20959499955056 10.0644718649966 -3.63216077741659 0.116635139338298 2.62938845442512 0.274086677169048 3.41841125810191 -0.223877295224878 -2.62113943827837 0.433389173620001 0.983964083426377 -3.88075268321903 -2.12728840594571 -0.779439952227705 -8.63064014254882 3.24286155674795
-1.24972517703897 8.84829834951516 -2.19588839694337 3.69970295431021 2.21491470889204 3.70338178076898 -0.186139857934713 -0.505792642750929 -4.42116579034962 1.09549366904612 -0.848071743910145 -0.819276703742279 -13.996921703766 4.68875659510797 0.12461935650306 4.19055940838256
-3.74901617577824 2.61658976122498 1.42571416632307 -0.758124656266848 -5.36668574250127 0.40061356256619 -1.25142279279802 -0.107414363649027 -4.58340169850872 0.490304949228232 -1.12256575193406 -15.9237327685905 0.538577245779773 6.6926820687297 -0.209753661794057 2.81653221449428
3.94832779834147 1.61079307640512 1.26710483865778 2.3789679275921 -2.53865472454427 3.37041851719218 2.47842816469733 -3.55428675961808 -15.5027914865596 1.67573116331025 2.07465501382686 -0.443189589343264 1.95983709030192 -3.87683408241749 1.07190104028445 -1.64444179029006
2.05397821626962 7.43839340987309 -1.59511414300413 -1.50679172519761 1.00849982198611 1.96116068146383 -14.0928254453899 1.68782599979746 -8.37961743660713 3.10223448872266 -1.28971500329153 -2.61490092810806 5.14279504061465 0.419923561629745 3.23285440933446 -1.31648530748443
1.18378790242041 8.37687100931464 -0.0831882956617097 2.76515279727868 0.0589326194436334 4.63454285653827 1.19921234969738 2.79034971120033 -1.91003852317122 3.36634923333115 -13.966381901899 -1.59628270110322 4.68668377715217 -0.620916720519759 1.79477200253613 2.61453925225871
2.88706002492432 9.26654851935436 -3.36591816010669 -2.96467498616436 1.50518487020245 -4.59367825393173 -0.568652475478073 -0.357838390931183 -3.87930113855688 1.36701791888276 0.604792854553343 -2.56517683645411 3.21673895207062 -1.41356429676095 -13.537076665854 1.37367700244609
-1.28798414824001 4.20441886198282 -1.38015901891432 1.6678032298797 0.53755404970568 -3.99222943460132 -10.18663403976 1.86967553102193 -5.26796266909998 10.3014784936342 -0.846660893407525 -1.84321071676055 -1.25451559588058 0.972598042290538 1.69209582690312 6.97338439102745
0.454906696431959 9.73881048053065 5.31838183235894 2.89384214497125 0.0761724996069304 -12.5748747287824 3.11095772526328 0.306301226675949 -4.34111045723905 3.06003990278295 0.95872315848999 -10.5671718852689 0.410385673424987 1.42632397541277 -0.562785208885888 3.46134988583953
3.16053777210381 1.79884849281047 1.35810701195268 -0.873396590640511 0.332308918301009 -1.76192443974075 0.332253887671005 -2.32175145583314 -20.7011985497849 -2.06910269372924 0.149931985141664 0.370432912316465 -0.457328999014832 -1.22827453400875 2.31421610463134 0.436472143258985
2.36143366646908 7.33187583503897 -0.759324455567182 1.29246840090655 1.44165350146639 -12.3568383315827 4.65655478628503 -2.40870517177007 -3.32482726174044 4.43653469613461 1.04142334287526 -1.14085600790928 0.0879539332520931 -3.40752259454166 -1.08936892589629 6.58551675158998
1.34772749977721 -0.916925620211556 -3.06151783655938 -0.161166199516233 -1.07722001528458 1.95823112968481 -3.13975463444745 2.62914330618182 -17.7519332456386 -0.628226466843423 -1.47231342169203 0.00463221146285525 -1.0331799285623 2.02940070623722 -3.85195912712491 -2.96013940012891
4.23511378095657 9.52855861842799 -3.49669211252639 4.95698639377768 -9.04918039196189 -5.46319851044096 1.71039699849096 -3.69314830893022 -1.53897293177556 2.76370139899042 10.1191173522757 0.983472735574932 2.12378180575987 0.658153435880689 2.69709583408662 4.57838678281465
-16.000105791523 9.15146235939057 4.45222608377581 -1.22689097734219 -1.8648699777351 -1.12276874744824 2.4750216302211 -3.91735685335243 -6.70781830744436 -0.906176949848657 6.60348237606018 -1.98032430101691 2.83191814127207 6.44807006459255 -6.70691938639297 1.66415278129086
2.17186906667374 0.152520105597594 3.4476629322566 0.142639665903686 0.0880100234882777 0.578376667279228 -3.25967968686794 -0.842558723510385 -21.3707949091682 4.99843633425831 -2.30476508558579 -0.47283800553711 -1.31491545496665 0.938245778311723 -2.13640690089453 -6.07638623771035
0.152968429854716 8.43649196446315 -0.141501439775512 4.2959610417783 2.1678973486825 -3.17611117754206 3.7175436150946 0.39586054001996 -7.51573503030112 -0.992189970136165 2.39179303576218 -3.60597658768944 -8.47433981078151 -2.34447077889201 1.87197037015326 2.31300344983827
-6.22078008686835 1.28071654101511 -4.93312954789928 -1.58935396399116 2.19358101253409 0.85423710092003 -3.44036906477606 -1.24960728642355 -8.37539709879006 -1.35513717456694 -2.81499567376869 -4.13961555544184 -3.66920697223978 -2.12059639817015 -1.48211508708387 0.59948226468074
-11.3867348299423 11.1654786141967 -5.12938461334957 2.42504609500747 0.310099659204692 4.87519189329931 -1.41644702526776 3.34075867909877 -9.56222920926304 -6.45253038271231 1.45295957408138 -4.57042708610782 3.50695188662631 2.13431658940529 0.427672321084772 1.07074136826435
1.72424344856302 8.46076064637145 -1.1137761768044 3.15248539629974 1.13301601266219 -2.72633674292784 0.380069488465582 -0.791365235400224 -4.60302882225996 4.22167755932267 -2.38298988166661 -4.39634894389358 3.37711467825391 -0.392941620474229 1.23903332698919 -12.1565402842675
-7.11216744760331 9.0804968719542 -3.91777725459425 1.12319544383083 -1.81726910104681 2.02535280044645 -11.1584227543862 5.1833863863463 -4.27351364008305 0.48585810854931 3.93907369423335 -2.86577052258648 0.193280885749693 1.3334820248718 1.47773541840531 5.3650412353853
0.0303519929073504 9.77167633310632 -1.22382183040897 -3.9757368924032 -4.2854071906509 -1.57936107837765 -14.0488338773394 0.246842259915777 -9.78887917237526 -2.0391544573215 -0.843147934044823 -0.75574204090927 5.29260456096672 -0.357484880403888 -2.61873263845408 -2.1142317816691
2.70586054750054 6.2034515708068 -1.79957027839342 2.45917995571178 0.60056583446597 2.32280453777346 0.906230765827117 1.02146519910766 -10.4949681538243 7.54053014204941 -12.3923354379829 -4.2330864092341 2.88949046726032 4.29631658555791 -0.556748706409582 0.0963587473746377
0.746568129594586 3.77841144468237 -1.59043444241453 -14.7661712268964 -2.02190916974556 0.360088078884808 -0.295387852733108 -0.818730174811722 -9.08227757093542 2.03781356619768 -0.719409054895741 -2.27373161947547 8.99780545807841 -2.0622439109737 3.57261493361354 -0.320060860681377
0.912983224240911 -0.962611948858879 0.335175114814963 -1.98567616150512 0.148315128767594 0.212965321822433 1.06842590026 1.21463577799187 -21.7721863404373 -2.98671019762783 -1.74313081089899 -1.64122923717532 3.4274613477663 2.32247231976825 1.99016413403227 -6.27237204957675
1.82540817652925 10.8051204236169 0.605691402376316 2.73408230100491 -0.531903362470502 3.5503447539603 -0.353038191684106 2.50171425505449 -7.3097076853912 2.67189077850224 2.85887213475869 -4.68297191862913 -9.4331702683875 -3.36739327429049 -1.08904115639718 0.719179016781835
-3.26460251223277 4.88741219218549 1.94838963517234 3.90776930757647 0.847494401578209 -3.89178420237233 3.45484719164332 2.21515376858667 -3.7526348797667 5.46157021880104 2.01240455995993 -1.6973178087693 -16.5257949051149 3.64923053995265 0.597318632680112 0.829259252431447
5.01951545767885 4.58654059900341 0.824375336850604 -1.45426054794641 1.76779779918583 -0.0815783601267736 2.41577426164951 3.36948978203006 -7.277277567622 -0.709723412617989 1.39042941301412 -13.8255300820479 3.45513897285658 -0.251384608271304 -1.18511308516016 -1.93872276410056
2.41607136250846 13.8679970662931 -1.02506012018983 2.64505667942587 0.72787340679063 -3.04649277420489 -7.56869885626967 3.02236504323797 -2.18493482021166 1.2035423220904 3.03115534662738 -1.89013756089906 -1.88110665756207 2.45782231798759 -1.49008724827498 -3.84897992096856
-12.5343490650735 9.08955630995924 -2.91992142560841 1.89991872104571 -3.74428003921732 4.33890669459226 5.65846124729432 5.73702367962236 -4.59031557448857 8.67739615986886 -1.84295075567823 -3.89915392807916 0.794234324650424 2.54363396336343 1.68684914329212 4.13507524457319
-0.887793829696342 7.47707447478273 -2.48663034948388 0.704830315399822 0.903196153113539 -0.0965860537849998 0.131411507425657 -0.630580429219052 -7.29364925560661 2.79693543081601 0.347042402622781 -2.4154870559105 0.173998529996876 -0.583332558247152 -14.6925173978026 0.787334714933562
-5.80797269425313 -5.01572149452663 8.14775825959444 -2.15477503687073 1.96347084055379 4.94206350819666 1.89829788680977 8.15993200009972 -0.76345445868325 -1.45799887130877 0.19835155295391 2.89476909681213 -5.65965577718013 -2.72780374656312 -8.48919303576256 -2.11281449548623
-4.22217780065971 9.33912159917404 -18.4085918652696 -3.81589247938027 3.12103612080757 -0.548877357759765 -1.82166043678216 0.611722414534609 -0.808195259238178 1.11984278837826 4.83233037404398 -1.75831311782701 4.47078803845045 -3.19398077470749 0.120957519133519 -1.6405383492764
-0.228779874759122 4.87991047565815 -1.22106619445086 2.53489905724253 2.66344179857821 -3.70823763973029 5.47965472922905 -5.22120494917995 -4.22154042356246 2.79145453805139 1.00206903089884 -6.37900908846495 0.178625006151906 0.767770152345491 -2.25557506077607 3.176192553975
-16.0124769316293 6.13608074212215 4.88244026986844 1.56777228767875 0.279832787569509 -2.98195500085456 1.66802047610229 1.35124937736632 -13.6723091032502 15.4032543446659 -2.01620121171759 -2.30538847489684 2.14776818616075 0.357836208027097 -0.141113112839663 1.60635460582997
5.51548354534508 12.787743095642 1.53569301628734 1.09561403979102 -0.265598361732977 1.02268556848243 0.79769746781415 -1.65185409375465 -8.67071808240868 1.37686645056003 -15.3490729817905 -4.34140661126455 0.877143445652959 4.01677976002503 1.90130504832674 1.9176493340622
1.71357499241574 -3.33773913678656 -1.36248574965648 6.55589756941598 -0.905259945043238 3.95188535919837 3.37085154378818 -2.59923818439705 -1.68576045409882 6.25097187389469 8.21890122880618 -1.65831342857561 6.09294210740872 4.83725973360846 0.797052197482455 4.1301968084817
-0.66210784886302 7.52323023900258 1.26390053971584 0.847723069630399 -12.7192195490328 0.432287050798423 0.990473498335611 -3.12520934948579 -8.73888893296911 -2.07743032148113 -2.82159692312858 -2.60062704506243 3.35008798052032 1.06633828367948 0.47566762700273 4.28384644377848
2.71081626517558 7.0471938571361 -4.08697504238681 7.63831835549401 0.0697836660011057 0.302636957042891 -0.819646146759825 -0.21709642011444 -3.03675105741136 3.34711014469953 3.58835736958411 -2.69965754321267 4.52550658026588 -13.4534020050964 -0.328790691556945 2.45821764710556
-2.26035159445635 -3.56685203161902 -0.0322510244743226 -0.42623569156075 -0.185753417845873 -2.96372758957416 -5.99499504106669 4.33124723324855 -2.59656619007869 -3.26689302256126 -1.7486563771534 -0.421402603170013 -2.82782912999996 -10.4741063519793 -0.191543009187271 -3.39370156984586
1.76145679126299 9.50920421557709 0.731787474698754 -1.03763555353917 -2.05982684991621 2.7673486593295 1.73217607849344 0.955139287200079 -5.15368219380353 1.26522444445688 1.38698876199399 0.219323315094822 -9.21389473681182 2.07633780673834 1.6378374434949 1.89028018804026
-11.6375262669355 1.47190656605068 2.31931019966868 1.53576059717333 -2.98578273577996 0.802044416432906 -1.88390437515236 -1.72967861609925 -4.18628680383017 -0.784772291250289 2.59720802973638 -3.8872952045603 -1.70817418580636 7.74230185291298 2.26022444995093 5.75498521922015
0.152460985846569 7.60067651729214 3.78741507641564 1.57039404342286 -2.33254911543064 -4.18596541877044 1.13980255423406 -16.6234686011481 -5.79176400071729 2.7614548850435 4.25544929958795 -5.05517062221623 3.05973590127597 -0.424228639582491 2.19268388442451 6.09345130549752
-21.0347455543896 7.50150572495845 -6.04832657895218 3.40052323602982 -2.42469982667815 -5.69238316016613 -1.21541098991751 3.11119726739582 -3.66684819850043 5.2354702643399 3.42879463693351 -0.342883316882722 3.27452889464302 1.27787525884633 6.80998128248837 -0.568741085832601
1.80122218611061 11.2436881728286 -1.94225993024795 5.25673755817405 2.54725651192768 -2.47203206732809 2.63546016558239 1.87827557666814 -0.221293871357741 1.76327195980813 -10.0257379225301 -2.83537521495268 3.20307831703568 -0.870521672757692 1.0254495731473 2.63364582786795
6.40988119770768 12.2837872832677 0.032344439198851 6.307678298514 -1.39083235335726 -1.70266329065723 0.013048623319919 -4.14557905350654 -6.60528873116717 0.0317924538904526 -16.2886033603807 -1.56632980950585 2.61215355363045 -0.235236875489341 3.00842640032322 2.55309867192763
1.83764380436613 7.84635877751806 -10.7451305418622 5.93205365886065 0.9635556484519 -0.118159719576127 1.5702349441314 0.3533131750356 -2.89393746370656 -4.1384189982817 0.736532380922605 -4.4393312224678 2.51765196460313 -4.42231483013542 -2.50867744752587 -3.33477928967057
2.26059543542639 5.2532704622706 2.30684821886006 2.93738689324035 -0.358988800294272 -2.22753248329077 -17.9187084905267 1.91484064398213 -5.76597651158873 4.06593545475398 -4.77169280600924 -1.20854986632496 2.32241432169957 -0.245725487233237 2.17888073052614 -0.32985023243387
-3.31260554962608 7.00162260351552 0.96673592977607 -12.1805934978318 -1.16563905181257 3.80036302403056 0.676659900308815 0.941752980060657 -8.44738129922584 0.660146289680617 -4.48353990083534 -0.4013839947285 3.04771924921259 -1.57437355984131 -0.908310009088263 -4.87620131576264
1.09267739338288 10.6996245387762 -2.76930240046116 3.20395057207866 1.20616588196098 -0.442273072687144 -1.4165859781074 1.16066913124385 -8.64114561548142 1.4006793143656 4.66519752344899 -2.93808114346675 5.95182734723313 2.75630701379257 0.681660803605803 -13.8099232692385
-1.1348886473018 9.42096142972067 -9.48731602781812 -0.0807628330762729 -11.515208638387 5.83083107842872 0.602874678870258 0.345629300801176 -4.90385793975071 3.1845362211992 -0.206519834394731 -0.123673865876671 1.92227625123117 0.651452643922477 0.945647320670111 1.51454389906758
0.0897745585675811 6.94631693883035 2.052186113369 -14.4052838354989 7.44973480748812 2.56277513979235 0.397665821130776 3.49138955421692 -7.81396436201417 6.0981297204941 -6.52177738193196 -4.17962874203779 0.92184748036361 -2.10689535914669 2.36885317959322 6.62456434534244
2.03283643870109 9.06825391274229 0.69510777169242 4.79371693927443 1.60935088337909 -0.628997454670489 0.825649019690924 5.33676494862052 -9.50191135439519 5.02557582698851 -1.33933762467509 -4.26664867172082 4.21558379954716 -0.290321599584189 0.635814649774818 -17.0395399531415
6.80078295313553 4.91971595372581 -2.04872715948444 -0.433017197653835 0.447257010967723 0.737332515793716 1.89010731032607 -0.68105265678984 -14.0063166072186 -2.90951916541173 -1.59467993203684 1.63145981723658 0.958657341229263 3.76999228327606 -1.7337093055762 -0.0263734642178754
-9.16756908723877 7.39234624590982 -0.1421319974527 -2.47594018224622 -2.36068282417743 -0.445010091704731 0.585523585845658 -1.18012220043837 -7.52218147665686 -7.2336143934182 -1.75557978322235 -0.05955866802976 1.42365284432141 3.80310396512873 1.34864306858424 -7.56702339587169
-0.890975592452189 0.893616372653019 -1.78934302264776 6.62460323821838 1.97293652422315 4.20138915093625 1.24157662059467 -1.34181606781671 2.55670402602247 -1.30019198917461 -2.338700893633 3.74553587887839 1.93519335444757 5.04579976000514 -0.459120674059636 9.88985704224091
-7.69873640559449 11.687749206105 -5.48363595249205 -1.89555643036135 -2.13298216616046 0.0400309460793883 4.01408669578239 1.43328330160198 -6.66478265475515 -0.774908767332277 -1.80390403555059 2.45583524267828 -0.274415762340982 -1.44501762918104 -0.128676211939234 -3.46634907639823
3.56361361326862 11.5629591845809 1.36167881047111 -4.18153369209899 -2.4894025185783 -1.35732792059983 -17.1426674346676 1.2202957516762 -6.16257652053317 5.21936770523316 6.08370640459972 -0.770455832076549 6.23583358593589 1.72092999248087 0.0399542675570175 2.30459836644149
-1.4469235853456 11.6039995363715 -1.2904403979062 -1.93015602866014 -15.1196591357127 -2.30030852839658 5.89610675506472 -2.92317596828155 -8.2317291972461 2.18461702554983 -0.80817127916974 -2.05367514697195 4.01712792230944 2.28989265539681 0.173701151111141 0.41314468618486
-4.14244232929387 10.3298070567426 1.17395071757173 2.14597036711966 0.102081974357531 -0.441722426011742 4.90421705474224 -0.382677480615903 -3.80283608207497 2.0355703270967 -3.6172952392608 -5.74240652366278 -9.602219720985 -0.477689837447875 2.44827954570073 3.35030954210454
-0.834189736400344 10.3387367933956 -3.61096813557442 4.07922805064139 1.97196821908903 0.564488157630616 0.397268370373436 -5.91528764347641 -4.48281572766799 5.36876675434718 7.73146088622031 0.25071401961226 5.61133729763569 1.76067666858807 0.0408603004367283 -10.2785750676532
-1.56062412224569 8.33468300459966 -2.83940356157401 2.85352704809917 -0.495102892816174 -2.75641229351264 3.05054494133012 6.41044284553251 -1.42082989147509 -1.2667276756397 3.5449646564015 -2.1630415756426 -11.1847686786094 -3.40735099945565 2.11792846473014 1.7122632744835
-0.28680762210531 8.83189109525645 -2.78365305771445 -5.74096071685373 -5.34469988715974 2.05529472279016 3.66653929714986 1.30716925510584 -10.9412272606852 1.43613410227651 -1.29750121822702 -0.924368475579176 -2.45793633939219 0.489008682250257 -18.2490767681878 1.44751374260567
-0.444756127016931 9.15588983481108 3.83760834768554 1.28605458607908 0.321066122872187 -5.31817395021109 -12.3106853783038 -3.29270803038291 -5.78785948273093 -4.83171925822429 4.03968341538892 -1.38259611348854 6.98018140295406 2.52774420810737 1.08584336724016 2.26569253322824
-1.66073746354959 9.65373831682249 2.03873321519726 0.437320023731066 -2.01615914094681 -0.485208037262647 -8.59724027020929 0.174509718474653 -2.81287491448501 1.82557965247578 -3.38683250546282 -1.16511132410009 2.72188123621156 -1.46743362515367 -0.63285918193315 1.75180898430177
2.08094183387802 4.88191732267709 -0.374219041755384 -1.14748241780237 -0.773026120990872 -5.11815039256257 1.51157415441574 -1.90579076086527 -1.72108087810629 -3.01757164896755 -2.53702822967744 -9.62561277744681 -4.58179154170124 -4.42841434021104 -4.18064913881987 0.308626560926573
-1.79456440707693 4.432053227407 -4.54235605688919 3.83539724921082 -1.2147653313878 -2.15495370320282 -2.74753436136435 -0.839215593780817 -6.94877925098413 1.5638430402539 -1.13349350189744 -1.48688578707589 -0.743773272647188 -2.10867971043722 -13.1523043591729 -1.64588686900191
-2.07665536284493 1.81080519210632 0.699769884755872 -5.44764079515182 1.1379020905975 -5.13241262791363 -2.26914580253983 -10.5475260705503 0.601931164214635 -5.67530090965639 1.51082983153691 1.4675897152407 -5.04196575443138 -2.20941561756429 -1.80306110306096 -2.6486997532775
2.57342157418661 -0.272093720126346 0.112649089175466 0.500846051426573 2.40575370704071 1.07800401474671 -0.109781489411686 -1.37678691192573 -14.6653937687161 2.48320940020471 3.55168858923875 -0.859416446570286 -0.4763294121552 -2.28178831182945 -0.577524646059274 1.73149966357011
-0.514863019493321 7.61468310639144 -3.95924002881063 -0.634670734786482 -12.1279042360643 -5.28224790999903 -3.06709846815246 -6.54954453549731 4.17727356401255 1.28905025539902 3.1403688502126 -3.58731873592378 -1.80885766220622 -2.97689278782286 -0.0368989812865346 -4.96057923116158
-0.617312586624584 11.7780892414667 -0.0410973403133303 6.70706760866251 4.72023082987189 1.91217641196059 0.347335896679511 -0.912409826025763 -9.65203690713741 4.49228895728902 2.18109608450497 -2.39609692119037 2.96875330424028 -10.8362964103935 1.39921296207161 5.11271784820735
1.30316677629734 15.0582164662721 2.17099673818609 6.05787906506552 3.78351014298269 0.120660499689606 1.35772257793279 0.0684851479065898 -4.28893240068529 2.37755922960914 3.90254165018946 -2.66448916368062 -0.178003749387262 2.5356349624084 1.19636154265025 -16.8233853715641
2.7149524589823 10.4707901590668 0.908189560949386 -1.5814725552007 -1.26130836685756 0.873700473383197 -1.33252791526916 2.61220604484378 -6.70768722099021 2.14281357513933 3.33944163275485 -3.45170642144988 -11.3978811399193 4.74701931884797 0.240493901758848 4.05849680980032
2.75132526820004 4.13314070489528 4.13339060190741 3.78790334656452 -13.0836266088384 -1.19728571072405 -6.76772438052296 3.16097838023154 -1.54862248448679 -0.334177809981621 2.44764134530004 -2.55813348400851 0.645764057455579 -0.0845342183603256 -1.7854632287812 -1.99821198258665
-2.20663194175084 -0.279545656898046 2.22953051654792 -1.5858916447923 0.0704678753328913 -10.4920473326978 -0.50783046241194 2.09655631845335 -0.105410731325948 -4.37212199295182 2.53636292962276 -8.06096128150796 -2.33936911989144 -1.65742615496354 -6.22394984007981 -5.61833706528578
1.80398739088533 6.10216467694442 -20.3987694969769 -6.29348486840613 3.89690513085365 0.398962981538131 -4.08817529067322 1.26280872026764 -1.61792047595102 0.160834593302496 2.10148961480117 -8.41067571408664 0.677754523511538 4.56074877992315 -0.75305321669465 0.0962859628935216
1.59584649678059 10.6810669977054 -1.27115064103656 -0.0803174650942118 4.68432788544367 -16.0849494010858 1.39094603572951 -2.19460566265096 -6.5291517993309 1.35668130525147 -0.131464435608746 0.982512358897183 3.42757128411755 -3.10796307473635 0.993621464998112 2.9817029835677
-0.929597464145119 4.33255523329025 -3.1088491291904 1.21811933613668 -9.7973538694104 -0.220508369970163 1.13974848907173 0.290095887688741 -5.08998454566901 1.67890113428193 0.208593741242214 -15.7925395532088 1.45762702454432 6.77695697569053 -1.97197586599837 4.45352660689577
-2.34340130627504 4.84056025602349 -16.18972214234 1.19569608930928 -1.87667441649285 2.95544073854746 -2.34737024111539 -0.631087262186079 0.89242448112712 -5.15448127684509 6.33927029837319 -3.92048933370488 3.69012736216042 2.07569395874218 0.700787639891809 0.956984890718238
-6.47514733226926 5.93064399897911 -19.7767741777764 -9.04045143423325 3.46683419471177 -0.605270232673152 -3.99291027737521 0.247465761983463 -7.52961175087718 -0.344525487513823 4.59648525366352 -3.82353115876296 2.64416367599572 0.878720733309239 -1.21014435228043 1.22476242959555
0.311000425593944 12.0000459909803 0.742984731055474 -8.10594713178938 4.87227726097805 -2.61777162734953 4.10873745275148 3.63071943262951 -4.05765411721579 6.82321741862503 5.46801713314469 -3.2686916730621 1.53828409369661 4.89716743240764 1.75785879040995 -1.17378931924705
6.71340118145427 5.86698214333529 -6.81862247851979 1.87627326805651 1.00671967956659 0.544905885340477 -15.0634221740168 1.32964306594704 -7.63365385395967 1.70692605303098 -0.501734432601179 1.79238318598718 -1.23161044233521 1.10890844317736 -0.738193046240357 -1.14172759600544
2.25789187408982 10.563904487746 0.350147402049329 3.44080674079796 2.82077064431927 0.233851685935127 2.82723032446056 -0.176384768918443 -4.89720354215668 3.54229629625178 1.93758446809901 -0.826757027359932 3.00236700795181 -8.40025908248058 1.0796603452158 4.13678373745732
-3.5152525346451 6.87855140560032 4.0059864634772 -2.87113935005648 -4.14402595938107 8.03656898812864 -4.19963255369176 0.717920275247623 -1.94511934202146 -7.70487995758749 -4.71152831162282 0.986464358170704 -5.35733213519979 -10.7379694613066 1.86801398221488 0.946811385810472
3.50483594954204 8.21613201402574 -0.574731974201598 -6.66719209832971 -5.84389255746465 -0.790834477770593 -5.62055639895518 -0.650705231035002 -10.9077470328958 0.562973645100707 1.83199196856441 -1.38075633058384 1.60564037705164 -1.88014887348477 -14.2861908687073 2.63124885521022
2.7895871580955 6.46989448699368 -14.2677049995052 -2.49741355049438 0.759349084826527 -1.26595252518619 0.244212242887632 1.8802121740887 -7.00358143862967 -0.551136711433716 2.71488168742072 -4.00135488301813 0.625558710983983 1.22505502393199 2.0141394076865 -1.75981823294503
4.29297363511667 -0.307606396844107 -0.269019412800151 0.457362015207064 -0.181235998751304 -1.14456351097405 6.97129336689548 -0.0131116273619805 -2.12960644615802 2.42291946762313 0.452055852162999 -1.56902857700292 -5.21752369975756 -0.939607894219993 1.14351824869432 8.53565123331964
0.1003462208566 8.57774760624305 -21.1947777010089 2.21774567048524 1.7506717583296 -0.836876974295839 0.812617342873612 0.476748351689527 -5.4905538334207 -0.583359481924868 -0.366738850631451 -4.44252710133147 1.44167674585314 1.27143317861389 -0.0582154006821934 3.29104183613761
4.43912544766402 3.14170505899055 -0.137608546800582 -0.35659846465296 -1.99798189869616 3.76650244925547 4.13828027646823 2.33576000036688 2.52391264283315 2.08821808288728 2.31927091653625 2.69138759308287 0.727352476621848 2.10259440386716 1.54566445813016 10.4338238008502
-1.39328370364933 7.03061850146822 5.65943596912044 1.72125339000173 -0.449204445119114 -0.56219599768003 -5.43765589256663 -1.03496276933735 -9.96516419241076 2.64797484015764 2.42284248937508 -2.08506494060274 12.3596249354091 0.0329763055555093 -13.1910688952741 5.51650952535868
7.71179375350716 2.46888811968759 -2.36224736899674 1.45095223792679 6.00355356305243 1.52676651022765 -1.13264020625051 3.62974344280204 2.20830609631529 2.77578855890405 9.0893623366649 4.95703092804479 4.74677283457501 5.22573200789613 1.15571240992002 1.74643062411857
-2.31276676955269 5.86772530408958 -17.6494618254893 0.338466040036797 -0.533560606748052 0.368913610054771 3.68369977808434 -0.495417495944683 -6.25394113757134 7.8948335555119 -4.63926662620666 -2.30969622610836 1.07344117885076 -3.39247570133976 -0.588039048306785 -1.48859838019797
-0.428914498234263 4.08863935598775 -3.78559903327741 1.32783715308955 -3.75668557123053 -0.243293995412903 -1.84947643381023 -0.914913425410799 -7.42142359307208 1.50582283489638 -2.24634586648764 -2.31787526513751 -1.35167323094548 -0.758403961511277 -14.1896010367453 -1.78103800779984
-1.42041535256153 4.02192253171943 0.334866367281145 0.285919628089513 7.02093701918117 2.10285468931724 4.56160569544757 -1.69357071488284 -2.40023892406637 -0.283091191399371 2.1718968972746 -15.5125820563208 0.385041940885111 0.824097208199123 0.758306344979483 0.937394887264328
-4.78275270417509 8.20371467897857 3.82954218257178 1.03772728751039 -11.262678725881 -2.83529719130403 0.373771572334531 -0.495762057177077 -4.59368364218023 1.8874955557625 -1.44911934166257 -4.08358374925844 2.660554025476 -2.92480664294912 -2.81044753540126 -1.57586849457381
4.76903520000914 6.09367588367432 7.96786647814663 -0.609869714954271 -12.3209374110301 3.01787217111672 -1.03630176004569 -0.304936486660717 4.41366822779434 1.52001146699899 4.77241132421686 -4.24923102844088 6.66570560346612 0.933941636552008 1.50452497318432 4.03554304035437
2.85617729017314 0.928504544117373 -0.562271413492511 2.60931595112103 1.4949951928714 0.0373565161801591 4.35643837397557 -2.58955499936441 -4.55816893263437 -4.66199506180805 0.0655167073977759 -11.7392545372879 -1.04544529906232 -3.17143230081519 0.646026852060222 -3.17256243713519
-1.18751237022753 6.50789504244953 -1.79823184360382 -1.8231466471542 -3.08292279692742 -1.16791064567681 0.209335503752533 -0.1604055688086 -2.21445486239752 3.02104177737174 1.05836801511022 -1.61329589148536 5.03055930517628 2.82773633919372 -15.1537846966746 1.2174905714715
1.13264970441805 8.92237404463241 0.627499550156134 11.2540637204132 2.095663969358 1.16701718722315 2.81757814233758 -2.90798115870493 -1.08863022868756 -0.497515245187706 0.571496004835563 -2.82441933683732 -10.1132852206581 11.8220383899376 3.28860251162758 1.23485761942677
5.76651858202599 7.68646879166485 -0.353541105033288 -10.2953724246795 0.95777268087111 3.11930040907505 2.14197140955 -3.43459857253196 -5.76919764491102 2.52438847702855 6.79842244112692 -1.38897775655907 2.4249897249843 1.01003455512771 4.68247575224753 -1.84251816579229
3.14086130488103 12.5645894308491 -2.63509888113451 7.8022483080777 -14.893924242794 -4.89744073283614 0.93290193201751 -3.32412823345985 -8.96483930747012 -2.58880183001645 -0.515401030646705 -3.90445245943726 3.68577752229803 0.624220963402222 5.49917780653458 3.29628871978518
1.22160292202743 7.87031555956075 -0.972166501700394 1.76405374212954 2.38869835550498 -9.71894700629004 -2.42986181130704 -1.72099687492668 -5.46843460055579 -4.22845412411729 1.54862556161533 -1.0384380548007 2.86349510298233 -0.734278816613767 1.79284641109696 5.04427290182629
-0.39087213700741 1.96899147423886 -1.8603703558483 1.55409775080894 1.34326744422058 1.14887475515092 1.15070307523241 2.78008446670888 -15.2531329003777 4.62188634169721 0.540487666484928 2.11528018935394 -1.33438557591654 0.525366283433177 -1.15492806263965 1.54900227399701
2.16305556338815 -0.325717591727626 -7.80060940065113 -3.7906445283005 -2.42536848822143 0.467348437212727 3.30666480815842 -2.62945890158203 -1.61789643408187 -3.44118862532777 -4.42672213314666 -3.92442987848238 -7.23956659404884 -8.48640430702226 4.13757054402694 -7.56615299880205
3.33888912138386 8.29951458084783 0.792410294980907 0.728442963152917 2.51894998153736 -16.9263319620333 -4.95580511598636 0.306042474104242 -10.2130884006499 0.10658169825426 1.95269566183419 -2.91761818916829 0.603142904387726 -1.70574969082783 -1.02400166668667 3.5909626392579
-4.70236658048931 3.97418786481977 -0.447269417637846 4.80365485140451 -16.3829541432753 -1.16352289219205 -0.392976680899766 -2.0401478590848 -13.7803405814907 -0.337947562063334 -2.86282299052065 -1.91586779493684 5.99074810335013 -5.47988795025633 -3.00069927215626 4.20595147713156
8.5058886344078 6.72997492440386 -0.428516944190856 2.28447720465999 4.23095002150652 -1.63440886549801 0.148714245611686 1.82395034074761 -5.6035862909258 1.82281904781712 1.77140758008644 0.82694237375045 0.928779883630513 -8.16585399351205 1.23670860513936 4.38453315287773
-1.02750596670557 5.32681690840445 -3.04965962254801 -2.11337961448473 3.79251668967742 -0.429599296311488 -8.77335628923852 2.27410145299562 -5.87013534260339 -2.10172364685436 1.20325784594301 -5.10343918282579 2.07339989932179 1.27541382459045 0.620276933184694 2.64057557889955
-0.31913872940604 6.85164997794551 -1.47983339090823 4.77842055015906 0.00693318114139541 2.97950864841688 -0.0642851218833052 -11.7520195581621 -4.85058498264274 2.62798669455576 4.91204843059716 -2.07887442293507 6.59879610891392 1.57768077894405 -5.08217823039785 5.25286618521588
3.05415725588021 2.78257745881924 -0.538066551161152 5.13692231980039 -1.62056934424527 2.06132169769528 -3.42187990940956 0.971334337548703 0.662919180467785 2.43775280155681 4.16103398956994 2.32783921355743 7.17688147936193 6.51931688504041 3.37201220628891 7.18159654536753
-0.323996543108047 10.8642736559811 2.77102416398528 -2.52792508004936 -1.6413257728782 -0.880799580202761 0.401469235799909 2.12244811787409 -4.18324289484584 7.16497123298458 2.69909844173414 -0.804395101622022 -8.46012924201796 3.39264148927204 0.486741374147245 1.72141624817042
1.84416671332529 7.92759115361351 -17.0899842947088 2.91640981335901 -1.49877562326125 -3.57509607834816 3.91380137784695 0.642199760171563 -2.55108732344329 -0.155899069719136 2.41887280276664 -1.0921822514025 3.94245236778495 -3.68487756869952 -1.54100590741082 2.06131050586436
-0.472373343149374 3.78289907175008 -1.77501122546926 3.46893543452809 1.02985033150207 -10.4264770286594 -1.18675326287379 2.94636651699577 -5.62257121135192 2.46598564335733 -0.49490156153942 -3.59763348831142 0.126835689348611 3.30204140308219 -0.032770794880175 -0.30197633432384
3.09383189244485 5.89953659718145 1.09548323369836 2.54999557966473 -15.4297680755989 2.15817195978129 4.17861909158283 -0.796374019441215 -4.62588429611656 3.40896590953071 3.44675432123437 -3.19237573999307 -1.64108089541225 -3.1897156474338 -2.92949839996249 2.61646262309654
5.30111894884415 1.62468337895919 -3.48458199518901 4.57707682819716 2.5889244423436 3.63999937908875 2.9348440588053 1.02668401701977 3.58270980323754 -0.40930284720019 2.63119214955731 3.25992616294958 1.69675166632968 5.53690947648903 1.41473915471751 4.67543145642243
-1.26565894178006 8.95106064992317 3.26650360583153 0.994352249590561 1.16493550130563 -13.1464503817266 -0.692398554340781 0.577322801393981 -5.34690489673923 -0.138160582633873 4.41620580070737 0.107918100738187 2.99872659912867 -1.17009134701919 3.07711460410248 -0.786980045621112
-1.76822127336969 13.0691010832057 -1.41479788575642 2.31995580187458 -5.23830637475033 2.75766191043536 -2.14659824262633 0.367536188217366 -2.26355275014199 4.24463489378875 0.103630763616597 -2.27969444964468 0.319611328905758 0.194944338873591 -19.8426395947753 4.76849302033287
-0.677309475513425 1.81512543516932 -5.51821027867075 -0.0323125511670495 4.43937836171961 6.98766601438134 -2.4219042259377 1.07502663211381 -5.23116025227973 -9.18448453563439 -4.39910561755469 -0.450042586846844 -8.62842730756946 -8.13334540039156 2.60034802007853 -6.22879465399112
-2.0445558686687 6.91775905972568 0.197274827979839 2.03901723723287 1.2801174305584 -13.9685650526031 0.262078688349833 -7.88596320551967 -5.58668863670351 3.25409024367159 1.77813370187523 -5.10201893590106 3.96926463367634 3.60242141799617 0.0822945368862439 -3.45552272645043
-1.91221547819094 5.58445455847108 1.75654238067703 -0.146269575693525 1.24750844479268 -1.32756322049041 2.71260407112763 -2.56101379586253 -16.7860155275166 -2.15273217393058 -0.618099106907077 2.06116174031026 1.02783035247215 -3.77697782624213 3.77250368541168 2.15430901059383
-1.43934639711569 -3.95898372027948 8.92553445431739 -3.12351522922971 1.48663179706178 -4.2047265848436 0.0489828555193372 0.882384492595855 4.97439414326423 -6.01530381286572 -7.55439792695631 -4.06346584929042 -2.22957300833966 -3.76015006820429 -5.9150730655375 -2.08358254007083
12.7457439689593 4.58572863711917 3.93747324233689 4.13488956183274 -8.60876553110713 -2.94373286573382 3.48700539829323 2.75855680059249 -4.88629726655166 4.64999825840935 2.98600820868127 1.89809583446718 -0.0517736932070534 -0.670914365797548 2.28836906673378 2.66952279814079
0.996902739489796 6.43825928610498 0.621861230923714 -14.2365624752166 -4.25692361577786 1.62335802594999 1.48626420356042 1.701464457121 -4.51135343070598 1.20781278064058 2.29332735038788 -1.07219934458253 0.0346725351263895 5.2365392952864 5.36075973539298 -1.56261640859302
-1.79318761328305 5.20864810280439 5.40955023105864 -0.313615242841665 -3.42852403071903 1.67419841893924 0.617445898920279 0.238711344684341 -18.8279909215055 -2.76176857923296 -0.489077259625052 0.898987197771914 -0.669965372933286 3.62594594100424 -4.5471404570619 -3.59581989295709
1.95666250593716 6.29882358125193 1.45748245338909 10.2521003218804 0.297460595546794 0.773841738561032 3.55976511596208 7.9795083416541 -6.91530520765619 -0.504070469812189 -9.20643488498385 -2.04524026352278 4.59058282731166 -1.11763723656334 2.81781781907068 1.48045512728289
2.82154797019054 4.67553982611357 -4.84632530153278 -2.77232292318232 2.35397598449109 -1.44874627237062 -0.890168878384549 1.97476885835411 -5.22623339148471 2.30288882460034 0.530414563089964 -1.31764191681806 -0.572824208913927 1.07594710935656 -15.4600661315005 -1.32818835219319
-0.208958533101908 9.38797044140084 2.93158031674196 2.74562270398387 1.34914930926803 0.803482642355253 -0.098564844930271 2.29480979397445 -2.3464308110545 2.1419279460424 4.95239413377941 -4.92339476182665 2.38652885020507 3.63462853465356 2.35673698214924 -8.74133411700519
1.09986647087259 9.68031228871652 -0.296280870093707 -2.37848649060545 0.119564558010004 -1.07365514980504 2.38619617054768 2.10964825911056 -9.73100506962069 1.67947265141289 1.17343169769882 -3.58397356109295 -4.4817668782986 -1.33861766371983 -17.6009432260562 0.664728221316103
3.08809243393236 8.85075934924358 -4.01702260847699 0.0367323117873186 -1.5815651308471 -2.54098324478417 2.162695525083 1.2827040780294 -5.34981748446831 0.888289623623392 -0.787682849864344 -2.71765971885288 -3.16535239499129 0.149586674516703 -11.4066896148014 0.508861132132091
1.82679993955398 13.0630682704287 -2.24436849082653 -4.60481093866044 -15.769621215421 -4.75047071641978 0.569341353422711 -0.469155871244915 -6.97614106522767 3.31294881804917 -0.0188627804949781 -0.0700027525830622 10.7489410838671 -2.97606104875802 2.29979332941797 -1.16672552500964
-0.237554889762051 6.63763010547465 -5.11041420492195 1.22370950157378 3.5422034439202 0.642530238731344 -1.0218234083228 -6.81160929456434 -6.15701837340452 1.79856448017265 -1.06518715852235 -2.0931823596599 8.52436694028 3.78926998947038 -1.46797994138591 1.38524619804582
-1.46622976215229 3.58107071507035 1.12179752895078 -1.00776506856306 -15.7861894944282 -6.61980660395466 -2.68674379588714 9.66435875993309 -10.0739756380684 -0.156925514593521 -0.0638561735927607 -5.77500788764472 -2.64825269447204 -3.38383457714498 0.343709754580665 13.4816201088824
-2.33740983408035 11.1620036690627 -11.2892526407507 1.32541914190988 0.480563322626154 -0.490237148218354 0.202168350891101 0.25675956442278 -4.95911052355939 5.3756635299482 1.57506616118122 -1.11493246794923 2.01575293515898 -2.84145204864703 -1.40074236797524 0.704402125296467
3.88099587820693 11.4116489657028 -3.57232480737283 6.48181444202405 2.14824538510814 0.851833537995409 2.17367209516791 0.158735633699747 -4.64850534984354 4.96988463412711 2.81561769302688 2.08042111354884 5.73964848881302 0.508061884010208 1.45840647934626 -12.4588215428953
0.31660122938554 -1.62955495067162 8.07431948136561 -7.20422590453585 -0.960505783885406 0.810873449442475 -7.47802549597431 -1.36919480331968 -0.584989162900042 -7.80639228664137 -3.18426716830397 -2.95549396915394 -5.08510004904464 -0.348292136790049 2.83774090527976 0.749127366742666
-3.92622499279858 10.1532705495149 -2.35063790021429 -0.712581056640558 -0.213594503824489 2.27913650219886 -13.995126898523 1.1951995441435 -3.88542483577718 0.754099461175566 1.77572631094944 0.35339109941444 6.2231526605962 -0.0687593452631999 -1.28441342094609 9.17608223430223
3.29487351523371 11.0749062310182 -2.81704971383027 0.530591335241419 3.76286338243213 1.5778691935197 0.464692369483105 -2.30541776396846 -12.397346486943 0.665728831981361 0.293088720319147 -4.09069751541888 7.94873049247722 -9.75940348719663 1.53329150291524 1.55480680135194
-2.33574490230564 9.48670535599309 -1.04004138521792 5.40047612117997 1.06748925460553 -1.43227088926519 1.88378881010689 -8.78345066221435 -5.64140886531001 2.26350781757866 8.582185033372 -5.96456465799857 4.31765637469598 -1.3800808030319 2.10838525987002 -11.6624109959633
-1.72558489932043 12.5663180728821 0.0304949855368384 2.83559050351981 -8.61695164289642 -8.96394773776769 -1.894564048169 -0.97864214644308 -9.38620559441148 3.81359497170356 5.64370147054478 -0.578113500926967 6.04267813145558 2.0542903100598 2.35044637107759 2.09145703140832
-3.76555866958355 7.66928172528255 -5.9406138645324 0.227855920291819 7.7092850491794 -12.7379837287018 -3.41549600916036 -5.30168499281104 -6.52597545203761 1.28007160103342 0.342693795735475 -2.66528466633282 -0.117340495411839 -1.03885102126897 -1.12403964890592 1.36892395457354
-2.4607297597485 3.92238781239413 -3.08331066603476 -0.636226707244297 -5.15028166876264 0.35121956590381 1.31637913443698 -16.6931772588565 -5.68697021440895 2.49068761867653 3.52802861580821 2.99685660944367 2.19351459032872 0.28996124607644 0.137578398901631 -3.11333373493109
1.44278337949552 11.243938044678 -3.74658080692683 -4.00842602965766 2.73421200845527 -4.02428821561623 -0.151542899876915 1.32997154595894 2.1303822295248 4.05573821588211 1.70161636057757 -1.23844088800817 -3.28270275223503 -0.948962565717664 -6.66699357501317 1.65289326335964
0.271568571693644 7.73991577473852 0.216811813979252 2.6625287607437 1.55330239529883 -14.1707820494893 -6.34696440391303 -5.20466602351903 -5.31002730318889 2.53443199397085 1.21447207751577 -11.6568722554158 5.02248632188631 5.98029381556904 2.5914342438118 2.21295537802338
-4.13749014726507 7.55842116239066 -4.65476242861963 3.25315438501392 -11.7182561546394 -6.0968886772388 0.345726695329882 3.72626513661088 -6.12172979475184 -1.01562575570076 2.93283304773381 -0.544194400331023 0.523357667997042 2.32646850149934 3.00690351239251 -2.29720255689521
-3.46277238294808 4.79614406727123 8.24267104314777 -3.62495577106026 -0.0572576006771404 -5.70957189667856 0.503668263233311 -4.66861465349878 -0.843460425279629 2.4379628344206 2.5677946416053 -3.41277462022597 -4.68451808380112 -6.53432387899972 -2.77294158158061 -5.01074232098058
1.50851686839094 10.4847370472472 2.26072390962793 1.51147122889856 1.10379152174929 0.523427445975559 -0.856857917282313 -0.228470036731595 -4.9999354515598 3.18834721647861 0.652948780383298 -0.412589329300411 3.03366914965301 2.96321278095193 -14.1057727577384 2.85898167383945
3.63781778355695 9.7401712352712 -1.64972687685901 -2.26251811879851 -1.2405457041419 -0.814320851882765 -5.47562078872359 -0.490031503270747 -4.08639964668422 2.91853853718202 -1.12274641508955 -4.43829556215183 -0.610984527975568 -0.679494360452956 -18.6610383588677 1.36961966956724
2.83936659620901 6.98630254434043 -0.630149534300268 3.09837034999401 3.98835563035845 -1.50755631099643 4.19244875600721 -0.0144732807180797 -4.48865264087291 -2.1353335436646 -2.26555102378614 -15.9791488475523 5.79612442776834 -3.47785800408786 2.08398981899868 -1.03318574189873
3.67400458739875 -1.37827847348053 -1.45818693610842 2.78876055866453 -5.14211401051303 4.06576162473997 -3.48305309972454 0.793652268428814 -4.51664860810013 3.32074425644542 6.59069450919278 3.90638453858725 5.79064117775379 3.6997259032117 1.72130060110445 2.36933431502371
1.96975689808704 10.8166869997151 0.22824014840506 1.99665060858492 3.70911258815664 -0.843903411797311 9.99140186101627 -1.40320423254395 -6.87972747714849 0.881950123651025 -2.55703886237338 -0.253282215238126 7.16330255391194 1.83609519563715 1.03574174531777 -14.6556795641042
-0.58483082213505 8.50537191694271 -1.45995194434484 3.13551736433858 2.71793264534718 0.958181772531544 4.06534721333767 3.59631375644724 -4.004416188815 4.70930679211225 -1.18748997753078 -3.29759159014682 1.9977842766672 2.18665475515706 2.4532461286037 -11.7648855343242
2.38881623898578 7.79937270677663 -2.17867796145212 0.288311415751969 -3.16138849957457 -0.863815688461945 -16.4581764733211 0.366024361239806 -6.09227148804884 4.56298956949708 7.26772952843669 0.59881691888374 1.65143025864666 -1.92575603777581 -2.24384913204141 2.083587055941
-3.94242946548533 18.7812017547104 -1.99863841699867 0.613148082293107 -16.4390460735 -0.241549757741451 -0.657812996488453 3.27995958180685 -10.2391682959295 2.03925886463314 2.83458197262412 -5.19951423522054 -2.8467449420724 -0.102669524005857 -4.42351071677054 -3.02732717056205
4.17378660521306 11.2468730746542 0.732815454974459 3.06460195944121 1.95405283022272 2.29244487257436 0.453865881287085 -0.60717448539626 -9.92662268361547 2.82780042861858 -3.52912907744582 1.37042335050442 -9.6829151791258 3.4601964779206 1.24481611484966 4.85979404432356
0.897099146920839 10.5475134929224 1.98935434307663 -0.0966745844689676 0.441613354164701 -5.27057941761522 1.73458048841043 1.72176412247852 -8.65053813542433 4.16673759042706 -1.58554673534909 0.0147906835087652 -12.0763877753112 1.28883121328504 1.23822695660643 0.638604440124003
0.623573146558617 2.96848293976759 -2.7879101965451 0.446561578874943 -0.609867967742144 -0.227493560363612 1.02115711139998 -4.13247262534616 -16.7219300373917 0.405902880280009 0.322136164884175 -2.03779665364158 0.579246614295605 -4.45950682628538 -0.934698564146351 -2.6010628625326
-3.33516130778305 17.4763542285107 -3.82702300031076 -16.6760533851139 -0.710771316708096 -1.25578772945533 1.54158569257963 3.26078587357834 -4.91574456190204 1.14947676288274 2.45663811328271 -3.45730558310945 4.00506341791068 3.00524555230146 -0.918285787584997 1.40364778320279
-6.0526835426531 3.28299047567021 -0.38160015372608 -2.22647055855851 3.26238260989864 4.20579451763095 -2.45303385728801 2.18526545780226 -1.98436525076105 -1.46493791881671 -0.320031722777725 -15.1543082035415 0.0813213142156857 2.11023901674704 1.80770758839629 4.22865903306579
-5.64951793760322 6.78434828622708 -7.24708727439765 2.02134669718195 -1.35014727508685 -2.96332054774638 -0.907899266742002 -1.10081855444366 -1.3123242793489 2.39520916407303 -3.27394736389894 -2.7933378986283 2.3702961436672 -4.13932591635854 -1.77426977132422 0.442326200266607
-2.4457445639441 0.440237932882807 -3.80560419514533 -5.16081108287283 -3.52174478254746 9.16805544249073 -2.25165208632644 5.62986104646673 0.0355749780119727 -3.95510024044409 2.10162881538787 0.354210034363088 -1.9939858085261 -5.31477340131464 -3.68694695075024 -3.57312361632803
-1.48765018154804 8.04440694141254 0.518087520440554 0.825861764835183 0.176958106636673 -6.31328214396248 -0.944564279412059 -17.3377466335531 -6.31984121519957 3.21985908083295 4.34305845790243 3.56587644862616 -0.111145253736223 -0.668309107593703 1.5316196516966 2.56561043141436
-2.79282792473 3.60706743639835 -0.248941250538493 1.16796934719431 2.55143969088721 1.09336612573522 2.91577409361186 -1.13397965817711 -1.66058166119543 -2.624724424385 4.12747904117956 -19.6008021016612 0.279867602535445 -3.61029240310489 0.162369199145469 0.0282841224605588
-1.03606092866474 1.95574691466857 -4.95018227822702 -2.42389043291283 -2.65423130852031 -0.716311914778336 -1.66813182055093 2.23972872593115 0.0300229945230762 -5.35089275849736 0.426966960004699 -3.72406618557324 -4.76158443063109 -1.71286578364231 -4.08070336010301 -5.45606797828869
1.41095975715565 9.05069499151608 -2.7696152228063 3.35576300952243 1.79759648907086 -10.6598551116724 5.97672060609765 2.3453277455557 -4.90082866734807 5.67077675180364 3.04670630447107 0.409209158314194 1.97941461277952 -3.69033537197123 1.38311611445175 7.3350322900411
2.76700553060336 13.8640657925475 -3.24369663489181 -5.91291380767845 8.18213545008149 4.71871222719091 3.51512820536348 8.35336084168303 -5.31103919411987 1.65153680886792 -0.606519335611667 -1.12388407479858 2.27537748094851 4.81957646342398 0.490295304534431 1.81445241933507
-2.06995442607023 7.58721312567206 -4.00390771048478 -2.29575148992369 1.92977046600277 0.0370043748024065 -14.0953275874743 5.33307012804881 -8.0837692296763 3.22270819966539 3.2616963832522 -3.7876470151448 -3.83619400355559 -1.25670260194616 5.46971769722768 3.19138133741577
-0.695314397456126 6.79719576015259 3.21503011205912 2.2119435489609 -0.806221894406048 0.460488110614209 1.22706054574147 -10.2540788258041 -3.06690120863146 0.846084356247983 2.69385331844302 -6.28499734938169 -0.211057395642812 -5.1426060036552 0.303457295646147 2.78560937155552
5.18013073728185 8.61954402426871 3.10769039052137 5.06332599417163 -0.25371048502973 5.2776116349504 -10.4832717628462 8.32008408301191 -2.26927395225625 0.903641224702157 4.09581120327532 -3.82699918420824 0.667126958646163 1.54056366541304 -1.95939909019693 2.12039301443311
-1.70673182045016 10.0404957505167 -0.499888034226156 2.1991244324629 1.70430146007814 -2.07992615796218 2.5499459272554 4.61878943914287 -5.84430633052158 3.83728215108327 -16.1855445728139 -2.05951900516973 1.71270072596258 1.33850705988517 1.83629989657113 4.33728112762256
-2.55898294474094 13.6538691307239 4.30448375620915 -1.17606778718311 0.632916056104454 4.41116012296052 -1.4233985669544 0.0060453135472095 -6.01463727394241 -0.779279135696587 3.61499963608144 -3.50071054292148 7.78238179844356 4.13373927552979 -5.72515419786272 2.3582260021129
0.445828603947867 5.48357452041372 -2.51140793338876 6.95310609591836 -3.38545842724122 -1.75337045729602 1.78298982492722 1.30765770218613 -6.6178710028895 4.70156032596648 -10.1873468138885 -1.3227649881167 5.36456653172834 -2.07825216977039 -0.570853290242377 3.16646358155822
4.06188700487704 7.34647560007876 0.106819148067873 0.341303751330204 2.88020077496496 -0.495084125521391 1.29228640943492 -2.68966815052533 -5.17249945125292 2.03244193118088 -0.497073036073859 -0.361765591979646 4.17120178190888 -0.954904049056213 0.0326168320021969 -12.7080331231196
0.61058932139506 6.45122609899063 1.82734326875267 0.965477970857147 1.08212944377304 -15.1662062581753 1.32140150353691 -0.840527256608118 -4.16891178437179 4.46843922013878 1.96248752915869 -2.84757088914234 2.19661242112322 -2.7545453356149 0.82585111145832 -0.721651061671342
-0.66961040225252 8.62716437275191 -3.4091003427166 2.40322095857879 -1.47776899292468 -0.516304746588963 -0.656908770978138 -15.07378420886 -12.1646687576901 1.90735244508582 -0.708863916948312 0.31311575752598 0.960228988661992 -4.54582189280528 3.10665956142494 3.40463308068913
-6.5456790791477 14.3636081529503 1.44212908734472 5.34177622585829 1.2019114322008 1.0502335719754 -0.0916862222968131 -0.748597611150596 -7.95203228493626 3.01355759740897 0.467621285951355 -0.694545446579628 -13.6804785224032 -2.58449701669811 1.11951087208672 2.25891141876168
1.87469397729548 6.23318422829629 -13.0011134303834 -3.16668039166936 3.06118407360188 -2.71835902693669 0.522275372847758 1.1039921851393 -4.76323485537316 4.27168416231657 -1.21108260872156 -2.89282947307773 3.48485426207978 -6.22753605515971 1.75710911337941 2.92578066970987
-1.0153101479413 10.4292100122172 0.253364003566257 1.23209615035529 -15.4733623839908 -0.712342197963477 2.78459560088054 -2.57043686900036 -3.41538264938942 -0.523720025667047 -1.55875286417455 -3.68682320555424 -0.817593172633732 2.45337444155093 5.05611400420777 0.904981659445091
-3.94162940202748 -1.3554332608209 -0.966094720817677 0.107184511500606 -0.422477808932022 1.70640710809169 3.78115222475323 2.31458710145188 0.632433511559125 0.728218707876011 -3.29984961751436 3.14824047403487 -5.28252283405221 3.89667512445567 2.69544892904238 11.2504887336612
0.17313322605443 2.79152157594329 -2.55948523372993 0.901326140434542 2.17427245843363 2.09280705321701 -1.89492632030144 1.91043799231253 -4.91396919543107 2.82078732581179 1.65335647614123 -15.854962882534 5.17753660508723 -3.65650751705775 -0.820527015087336 0.691037860210686
-2.41196246028961 4.63297634084213 -1.30846444246952 -3.48501785351683 -3.73416164256026 0.182312256746232 2.35830232291151 1.94726061778985 -3.10586348427078 -0.515437746071511 -3.7390043559802 -1.79256213956345 -2.63601807847851 0.599537647898845 -3.45064091033327 -0.105904849261215
-3.39109023395046 12.4878930917128 -1.30372789153689 5.41121235221558 -1.08305011281611 1.69946237647087 -9.12002336634611 0.499954668216657 -4.56644363292645 -0.757408940834931 -0.0289166710398768 -2.99404702254093 -0.926826775546796 1.74154655486911 -1.96515460963841 2.08524627453336
-3.31569518808119 4.05775790565233 -11.9038978814655 5.13517911406078 -1.08174825181106 -4.1455448035161 3.77083740014537 0.0966883301045271 -5.43618134885297 -0.474514923437465 -3.87283654326587 -5.05913690015373 1.9254705004142 2.49668611083988 0.0452687896209108 2.79470932301765
4.29366029278102 10.7911647780144 -3.24497446783208 0.974910013845853 0.449329708092067 -2.8270225788141 -11.6830338899965 -1.19601421187861 -7.96037482090166 -1.14531113410983 -1.96446175994841 -1.58742701677222 -3.22338846244164 -0.557291095307511 1.03173299263677 -0.168015051182709
1.25582656171309 0.635715151923858 3.34627667483987 -6.46720599883236 5.94389493242961 -2.54466864283495 -2.50235360621875 -3.8589324415193 3.58621307838066 -1.08449231875488 -1.0026821201639 4.68351356119678 -2.75376602168626 -3.69606640831484 2.85347303051435 -8.05228249594805
-3.0083109418174 4.56174353260278 -2.80677662647063 1.94243341779887 -0.126798345183624 -4.6112628207658 -0.373931516734727 3.37052810667258 -1.9634583260914 -1.48690672363525 -0.416796972937811 0.246612089746132 -3.93349487751181 -4.722987889129 -1.17935622512498 2.42716662374147
5.92263474014429 5.94443540556817 2.50363024501437 0.730588630191013 2.00127739586478 3.18157857637717 -2.28803005151688 0.256303582681421 -4.88889324928726 3.56512099319318 -4.67921911514799 2.98351839560529 1.06048095819518 8.59956010112054 5.09547180416485 -2.19011019426837
3.00975826710623 -2.85340913517997 2.50716449781411 1.55679977603489 1.26735809235075 5.10635179393946 4.60536583353981 1.47871710692382 -2.11389037310197 0.396110989137475 2.96302899121257 -14.76529515611 4.31876552279548 0.177509922815541 -2.38170391310652 3.4537020022211
-2.04970407000045 -0.0386132357408015 -0.373957592575858 2.55948373976014 2.04845055034349 0.60107670757651 8.20992263314541 1.3703189393811 -4.37754147478128 3.42507473202897 -3.46000796099446 -3.30000825209001 0.71847920842997 5.22372993898512 2.16370567014204 -3.46586051431222
-2.36795919254428 3.90857788002142 6.16283172518142 -1.71137463750411 -2.83214030923964 0.948172833457434 -4.31590992675655 3.17917173362765 -4.95791779559947 -0.353792805393 -3.59168576208535 -4.54536888626865 -5.93923062813825 -11.9446420198668 -3.25088399291669 -4.0920320358936
-1.15685522632498 -3.73380980096491 8.31099011589647 6.74027557032145 8.99422700234628 2.18224331475314 3.42330818752744 1.71894995635229 -5.13031765975725 2.25886817441779 1.33180016046529 -1.47230611419178 1.41294207796082 5.49138013699169 -0.0951477542507817 -5.03775131992017
3.4755022169703 1.76833034202784 1.9592993387514 0.170256353245216 4.51961566471177 -18.2468399145979 1.02229706526062 4.60759312946272 -6.28632028751241 0.497224825016803 4.8348206817003 -0.902885366557752 5.15440249777548 -3.30001955973855 -0.99929384670021 2.98211203447991
4.22302862977706 8.38867014582572 -16.2933752437116 1.46875676573843 2.95871185457306 -0.615350847513837 2.10618348512617 0.413452354761124 -3.87585858459442 0.916368885562341 -2.65091530052334 -4.2304941534185 0.536596558560599 2.03933192109834 -0.173857131323598 -2.37915153752752
0.478282968110223 5.05129052666365 0.689371444507893 -0.83782006319466 -0.234881067110227 -13.6126424509459 2.30798357129538 -4.54320085372151 -4.53957213535914 5.1951432023433 0.164512522559928 -2.38139768893657 -0.324944669873129 -0.367037492706391 1.49499649000286 -2.69594630876205
-0.0507219427918354 10.746405061669 0.820161118094191 3.43644119711977 -0.597558374737253 0.627329505608709 -0.917440925753022 0.376242464487097 -6.76123591282538 2.44512184740578 1.63144725271615 -3.52728720215284 -1.81482894666382 -11.9576061512489 3.80878787751069 2.37373009715668
-6.20203686087921 6.15535582195013 5.48046962855892 6.17099254279378 -13.8463405858749 -2.22013177386679 6.40685845063636 5.92808845995322 -0.37144694240584 3.23012155157446 1.58195641856497 -6.75857865120591 4.14152404553688 0.478624492425979 -1.27159248577337 0.37682460278745
3.83377490624788 7.62829731473238 -9.36300567294009 -1.0792857478973 0.131648667530532 0.34712261542127 1.62628565605468 1.88741163797847 -4.68986048730125 -0.0525602297511043 -0.167087162185935 -4.6383049423376 -1.1113780528257 0.109664553102348 -0.609673780394496 0.0158232418140525
-1.02417444284947 -1.10502193206014 2.32381121080597 -0.27949078810674 0.624067817188505 -0.867486363917381 -5.09842251014578 1.90502064966466 -14.7127574192293 -4.29099306638478 -2.15777356038792 0.237299218307632 -2.90009358808401 2.56617520292368 5.47634843758227 1.39994261132134
-3.71885050507111 2.63804793664931 -4.39527248045824 1.14316047611657 -6.15583179585786 -5.37264003836903 -2.05398905466628 -4.79478855521057 2.36569993735126 -1.76593468903595 -0.884782446861442 -5.97139573467799 -2.492908144236 -4.72586101867957 -1.16590708028853 -4.32325311250555
0.0557185384301445 2.16343105545306 2.33651149372591 0.311791240507109 4.35523866720246 0.206647107283818 0.445392293668548 -2.6924322237753 -1.41422882765547 1.72629270948658 2.24592344576349 -18.6845391869068 1.49770799131572 -1.60536787027206 -0.430217180294143 7.05139683463596
-0.0615284636372562 4.19308935712277 -3.01293883650126 1.01214299108763 -3.4127579662401 0.86861028872817 1.64267683107468 -16.5035745083402 -5.08427665022027 5.24876100225773 1.10193670937595 -4.77073558283411 2.90872710433498 1.09691960283192 5.70630892852393 1.63010128326102
7.61105983759571 6.44096089006625 5.58010856631581 7.85864405057855 -14.3079536527207 -8.34768051031425 -0.0363974587720075 1.74044927281756 0.792062004455185 3.86620052089585 6.97271064102745 -2.44191242909817 0.932248970028248 2.02619908153926 -0.310600742442115 -1.58312630911609
-1.15732294124838 8.78969030755661 -13.8648717002434 3.3118565637174 0.824113000620372 -0.774322973872438 3.34860368905351 1.99110598102122 -3.58699130480726 2.93395388004243 -2.68880579552768 -3.19895310405093 -0.993763840447076 -1.84582500262626 -0.932961362673675 -3.25242066500143
-0.653182114433423 3.57327129678347 -6.9201691561746 4.70982350011116 -0.517756089357635 5.07199628336355 -0.770264136387538 -0.613780223305084 -9.75861962772693 3.83111573188347 1.29755390732626 -3.69242996430661 1.25914971828099 -1.52317384579793 2.03032332045386 0.490212346420658
0.0834123224874044 -0.329031532188522 -2.89615518558077 -4.60330321918624 -3.44081924363271 0.348113334565827 -2.61910077187428 0.618612829505856 3.58083727778199 -5.08608481564145 -6.87084256540106 2.26942865818613 -3.80952304835159 -2.69223881425602 1.42158882007736 -0.722308053116815
2.787427564546 6.81344840176016 1.74363813513411 -6.86443704431241 3.1544678298699 -1.03313158166874 -4.8979214851632 -5.72771154420556 -8.00469706539618 2.58492874277132 -1.67331541949132 -1.05968378862795 2.31719316428773 -6.01288007181075 -3.19246106186921 4.43643626161124
3.03898556791297 5.46328938807243 -15.5683678848268 0.141491699004002 -3.04004618906667 -0.685317715365377 0.946289388442981 1.23479002768761 -1.67544374519438 -1.8986646708629 -1.82625330516978 -1.22395732437727 1.67093604986982 -4.6283668599878 1.28849641385076 1.29475852522615
-0.456267931565851 5.07490212915038 -2.50261630104544 2.52330561385687 0.476414528157493 0.168595650667805 5.0455373045901 3.50262067868281 -4.02728306016736 3.33716445318236 -13.1395190037048 -2.04461048546127 1.30305372689899 2.27784372254369 -0.227664954860993 -1.23730216808234
-3.72896987933029 4.53063781291232 -13.080909663444 4.21375064863333 -0.320984939001293 1.60390869539382 -1.83791045211098 0.929647755146294 -8.91477975372016 2.0608351289126 -1.97945113409877 -1.8476792366353 1.2296011217822 -1.74857340304849 -1.60623224779978 -0.399228192629237
2.15485737265206 6.59420321671961 1.86115642590152 0.0756985766755841 0.885195944567611 -0.423028089934593 0.636166574001226 0.954482745454498 -8.19323318464339 0.568900037963419 -1.08999295526699 -2.05044915616252 3.14402290438388 0.744417541889266 -17.2556653362442 -0.390153345468022
1.84641032725456 9.67892919576565 1.78651587899009 1.24275154192585 4.48791024936249 0.767573229570453 -9.20480583257848 -3.9031742635961 -7.39729475403806 -0.252641130141776 -11.5839662697833 -0.791511095249614 4.38419306519398 -0.206015960350915 1.47579595851198 2.81679965934899
9.12749377890834 7.3526296654188 3.93661858691391 4.80876565951519 -15.6447266719115 -6.93458324747018 0.689545042907824 -0.119027458174099 -6.35815881107555 4.09474308666849 3.05635352326794 -0.0816427953788765 -0.683666115606806 -3.30974470408405 -1.31866041837632 -2.31068189507339
-0.83659202121686 1.74767515745736 -5.38153832661109 -4.47517307973282 -1.3916263105998 -1.26097210825177 -3.14624949587962 -2.15929828582146 0.710016878835879 -3.12468982069392 -1.69784770717985 3.34719067404102 -5.89556246702369 2.78025365492769 -0.40110452679019 1.63287988833698
2.42575623424986 4.35191138413323 -0.810190765115957 -1.83650057419339 -1.04799616007968 1.47583838745921 -0.926105753309337 0.172223849491066 -2.99428872473775 3.72047617801233 6.65319814764734 -0.507468946079253 4.65605794141459 -18.6456954946636 2.20461255285766 4.64263449785096
7.37733399802361 8.77747902486545 1.54326377047865 -1.33779561149204 -16.6357078324844 6.8773347025703 3.74101417258025 0.631867747154994 -2.08693928876065 5.17333691838872 -1.68885707207569 -0.0529254210664689 7.6188137697832 2.59186410375175 -2.64263943145626 1.31393607913037
-4.02433110679084 6.49432198102757 -0.314652951645947 1.25121217320705 -16.3366669813774 3.81620444835393 0.362558716772911 2.58317522620615 -8.45117966097396 4.41632181405804 4.66597119789509 -2.86797870635218 -3.01226894944544 -2.10452111872243 -1.13443293983652 0.915173313998786
-3.65518877279121 6.16040569755385 -3.34258065088902 1.5108312024486 0.277833588980702 -10.4820300435947 0.550881016075724 -2.17367872410379 -7.43829388419007 -5.16204748489339 3.14068253875825 -0.791454471093099 -0.0315233920431184 0.538866545821557 0.516659622451455 3.95189380039579
-3.23287055447293 5.21099478016843 1.32856347513682 -0.906158126337132 0.798623282366388 -0.190386776783693 -8.06151890850954 1.12114842151686 -6.04422081270368 8.50499200692492 2.87075873376922 -5.50023763259794 1.09929774526377 2.23747801582116 4.48342959699608 -1.99688389061957
-1.77068089083616 10.923521157655 -3.20627751343708 0.0506606462976103 -1.19627948212211 -2.55126059509278 0.743658865963756 -15.0031755380974 -4.65872643615489 2.08573107416356 -1.6345964655989 -6.09221335363392 -0.327952201099881 0.470722980650403 -3.87507143122013 -1.41250333658053
5.70253887514596 9.23246814211999 0.829979937366319 7.49804752668932 2.20447627726329 2.27473627440518 5.17284660852829 0.809887837969975 -4.41855274309071 -3.65889104004519 1.53513566268418 -1.23592399583433 -12.6209903470672 -0.0541086755105697 0.207393930175416 2.8561794818468
-0.387552211649208 -2.73274041190188 -5.01352444138624 -4.89296491446915 -1.17532581296911 1.26068358812311 -0.597170902346499 -2.8594536983622 1.91092983717068 -3.81130963926507 -0.0908074149869029 -0.263228116174279 -4.21251302086776 -11.8552406699481 -4.66698916121487 -2.67663487537991
2.27796561823641 1.71849867957932 -7.34599921457769 -2.72308487293388 5.00761235299688 -9.18794982330058 1.16910085396197 8.0035820130903 -4.73731772028209 -1.25603237073788 -2.60003870340837 4.22676672868011 -0.23953011384239 -6.59445676007554 -0.0621030977036428 -3.71278417291283
2.62720891192763 6.26995239860374 -1.49310403612426 1.51200637994156 -0.431685371160411 2.30483347391766 0.56956587340332 -0.0421184511969083 -5.62307196020057 2.7883568282401 2.56982385712322 -3.40135742332105 -0.455867757811231 -12.3346253897817 2.69791478539179 4.9967020649079
5.67806916701339 4.22777825865005 1.40787962585734 -16.8154277857498 -1.79806970079713 0.830238982980118 -2.10298213365468 -1.98187293794285 -8.87928986322809 2.09734003499397 2.54370119412271 0.365735126190243 -1.76528770869209 -1.88668645446527 -0.633500711474549 -2.57314621518778
-0.834457461414925 7.09168834482369 1.06061357748695 -0.297441905452714 2.65534714886188 3.34867209728578 -1.35120977719396 -17.4845860870989 -4.48193682346173 0.543131533963588 -1.99341290221795 -0.00852576942154171 1.53470840184912 -1.47849263426694 -0.530652804335821 0.665192669748509
0.609152876751689 13.3206980101873 -2.89310263675328 -1.17696599998533 -1.27997652727136 -1.5578384076758 -0.785700992145582 -2.57655728615339 -7.44840445925334 1.53631486940406 1.94099730671464 -4.76394726949411 0.192333579203561 -0.937677575223123 2.0763712898838 -16.2911626423866
3.07910360511887 3.3228384199505 -0.154154802901109 3.65177699574184 3.13072598017627 1.86357232745498 3.66602221962147 0.787063005765953 -6.81559457641946 -0.731709088570904 2.26466305983777 -3.92144073034085 5.84321748304783 -10.7855333627795 3.81618042961457 1.10740507860934
-1.62266816951524 3.72581721476807 -0.606507571734832 0.803034743433472 0.535635532990216 -1.9105245159088 3.83984524442438 -3.19875322696844 -4.47286946164248 6.20091077849468 -0.554613399083554 -14.5705848701785 -1.47553356338576 5.31210374178789 2.46974379630852 3.87677438317774
1.83880411245117 0.161801272498963 -1.32433351799158 3.23882532254557 0.460489237195669 -0.0502961932221218 -2.08656248966155 0.744266303956664 -9.83501737169341 -0.791385104318379 1.14154075975147 -17.5562196897854 1.44194241712113 2.02868768283286 2.01580108656621 5.7964565390679
-0.154120777139205 12.5500559503528 -6.26464227952527 0.949497089143406 6.15708629067849 -6.03694296793027 -3.81789673162696 -9.48958744678132 -6.89701362814438 4.64575745873045 -0.814713804798894 -3.4674656534395 -0.840743712416586 0.304485181145062 3.47408533913111 4.87052817203155
-0.543643854334534 6.07912745502973 -1.66777377282104 2.79655989829132 2.22192477415318 -14.8794195931258 2.37506501115932 -2.79591023373435 -7.64698333117014 2.46490257528543 0.990489966620066 0.606199272295755 -0.335199868505761 3.81666727672221 -0.173585259192752 4.5596224370815
-1.62061107873367 9.34365354734673 -2.58275197654082 0.689949153252786 0.800704473900645 1.85097115593266 0.792553570869988 -0.566039779835134 -5.37757902822061 0.486690050581802 -1.39322798622771 -7.42189300265891 6.40606914991579 -11.1213758680177 -1.93606509774997 6.95429377443686
-6.34437874054217 8.37792765264501 -2.8396702478626 4.37230035613285 -14.6735307126163 3.9750919872551 1.93615968169777 7.983606072455 -4.08389632738113 4.21920769793153 3.09134300127601 -5.32031455645767 0.765029660042574 1.6475036247763 2.94974575789447 -2.87711046169332
-1.17299887428657 8.12145143953219 -3.12810131659917 6.36203405827528 -7.44691274027728 -0.899449360753753 0.282738441732075 3.3214619107216 -5.12124429638054 1.82077528014331 2.64099572564727 2.78042135856823 -0.00234569394389195 2.81246154330664 -12.1081199994883 4.8032744334422
2.10335194932282 10.0290530937896 0.687298168817457 -0.479144658311732 4.78565593400783 -0.488413396220159 1.65052979744125 0.1139155858294 -6.31270204542005 0.0270072118309086 1.11580998066904 -2.24189531143567 4.07052904566932 -1.97445430736536 0.330916266893973 -10.0419335105809
1.33943748107642 13.8961521155186 2.62558487079989 -2.07764856307582 1.34137758600022 -0.864115502423046 1.85084613558121 -1.79574137107102 -3.75788042327558 1.05417287405444 1.27554021765176 -3.32302780397214 2.68215657628751 0.60701675012925 1.73693537165983 -10.7507778689113
0.492721289790165 3.15142239399515 5.08371548225023 0.599640581029129 1.42455531943954 -11.9362504594306 4.82034515177677 -0.178192937949599 -4.25331610610445 -3.11975573205032 4.63364444053539 -1.00864321869354 3.00172425360068 -0.959232624502768 1.0673335210457 2.00467439260434
0.718283490747936 4.02628021866827 -0.456892576799653 1.2310418469069 2.72962994804372 0.312262175714239 2.23046297532603 0.281578413152677 -5.7544954643009 -1.51336684845745 6.05926067135572 -18.0512952426788 4.17932907687103 1.2501930215608 -0.855292670789583 -0.906887956482912
-1.46088528612215 5.88539875810203 -3.43358084448276 -0.150961865828313 -2.13726020057839 -0.98340992742057 2.3694145900142 -17.6753698161538 -1.66383518766692 0.641876741203823 5.72865040322025 0.673771049216462 -1.4116556081135 2.34987172563579 3.46653209461339 3.71957639057648
2.65822818467277 6.95996223941111 -16.5440015887675 -2.84273864492384 0.403111674948706 -1.8318900370646 2.22474719669246 -0.265092763107288 -3.25062647186641 1.09001120966001 0.484564614972545 -7.2889442954473 2.05025380186329 -0.187304360875646 -0.19274825936916 0.725208117314886
2.25816720044929 8.62261269611696 -2.35124934398731 1.03571980949373 1.97791977175286 -1.69088505658948 -1.22990500657804 1.58705470961808 -13.2662148160416 0.80449432921733 0.897484098112267 -4.00563502691528 -1.03074012154494 0.488970829716741 -6.40931930832249 -3.48915234728
0.732599556660289 12.3921299957593 -0.00564191280533102 3.36883205399171 0.960395647776524 -2.9381889976569 0.214157128221196 1.85401591118043 -5.06767528770241 1.55269181928165 1.03261773956214 0.312885846190349 5.90137542567682 -0.294875066841445 -5.40996449281232 2.87174215710783
1.90893188745677 8.17180797441333 1.24917713571865 2.62636783779896 -11.3037792694354 1.09253146173963 -4.15366979579898 3.7670545419923 1.67946502624159 -1.32498698958375 1.82921659092974 -7.60464284455764 7.54679875268854 -0.127648233096564 -3.69202479944644 -1.03607656868726
3.78315844555146 8.8439673474571 -0.712674868327827 2.64878753227804 -1.46990203865371 -13.2377151036551 -1.028494318386 -1.69524325081116 -4.69969150026539 1.93587439239349 -0.20273750164676 -0.811265501985521 4.76376299350161 1.47669346593786 -1.28370427687078 -1.50723244863946
3.4659606015026 5.66742359575175 4.42230409931427 5.29738757494873 -12.9557007724814 1.471951744816 2.6050590557728 0.256093771210712 -2.79510827080853 -4.17268288649607 2.3570836858085 -3.97862240983674 2.07913264928115 0.127036913702683 -3.16464967215377 -2.1163546981605
-0.538125835631339 -2.36067167944265 2.24990731862795 -4.97961492485797 3.70123155953359 0.887201878047686 -1.10835503332626 -6.24316361091631 -3.0998260813397 -3.20777053197384 -2.98227255799215 3.0489756629062 -5.71966800874641 2.96657604938204 -5.36978634107334 -6.31406758768019
-0.86273557426173 6.16985580131404 -2.15162621447712 -0.124428620355771 0.797998616301972 0.133221257390428 0.267951402096884 -13.3440499731819 -3.12204451729089 3.37967123616253 -3.65523889734833 -1.51913290681378 0.0173030692365874 -2.99131430809166 -1.6754480407797 1.41497936229926
0.346893809732173 8.0860456352809 -17.6427269989944 -6.52238358638348 -0.846408000740303 -2.46720904094549 -4.74214575826863 2.6091680852645 -7.10892257958414 4.51254782041668 4.10531063625995 0.464692436211764 2.40157609044306 1.29804852090777 -0.0533685578633169 0.860515362195949
2.95682804563113 10.1773632631329 -0.301859118030318 -0.447722673705006 -10.3196199261997 0.480330035711563 6.54220045133972 -0.917278075192236 -2.51804788263484 5.85661387975813 6.5152549862409 0.49461418579604 5.74610260201882 3.03092837861898 7.35092429668675 3.51710108743507
-2.62151697939115 1.80963671204712 -1.28369932465739 -2.59197225085714 3.22186952839347 0.973776585928563 1.56299120248523 1.41371939206951 -18.4232575110793 2.59101104071622 -5.25162478072694 -1.20080675436856 0.305527016501073 0.477861943817024 0.0914027874966525 2.71776298639956
-3.95285301335571 -1.62519779287269 -5.27965026725931 -1.82253502035077 0.287834531983133 -3.50026290177978 -3.99002573130244 2.72212134704516 -4.87033979986428 -1.8717188344826 -1.36696165453965 -2.40200472820813 -8.17388910206084 0.539898775779001 -3.15012001381424 -4.36703455090797
6.33591686848147 4.17428812070447 -1.83210874156712 0.433840513154066 -2.89640215939476 3.27372648940512 -11.8814747686056 1.94838873102742 -3.83813413647163 -2.3341891604574 4.72855812971894 -0.566341669118266 1.34653757177697 0.117101191625188 2.28496855963839 3.40412377018133
-0.598473907847403 5.85640642293548 -15.4378859114166 -0.48456837584731 2.0931658829476 -3.00616355588865 2.13451793886648 -0.656206069695061 -3.57284957038424 -0.837856633134108 -2.70911713156782 -5.7675060196418 2.17972143408065 -2.21020275811803 -3.58910703957208 1.97792797912882
3.25844612996889 0.227694967978907 -2.0417944881045 -1.12602127546425 0.065183411013782 -1.95356494369934 3.23556464252775 -5.12535345148417 -17.4573767119529 0.3005235156939 -1.14676546568394 -0.000712318246113189 -0.807767096419808 4.77910299813554 0.811312690979449 0.418826885091946
1.97202289933304 0.90223804843318 4.31328717022838 -5.46994898173658 -2.57665054150401 -3.03736800613919 -5.31718468526328 -7.65661610804552 5.2682206148169 0.189196339925062 2.91685115296704 -1.77689996560713 -2.4375290946852 -6.87045499637376 -0.82593173269463 -6.64009127641268
3.32790597412758 9.90042419480553 -0.489160336728499 2.52152258300466 3.78266071758374 -0.751254023874016 0.988319679702091 4.80092466754424 -4.95034958555158 8.1790731369143 -17.7858269006326 -1.42429747508761 3.10144157116713 -1.19484440652489 10.4068552311518 4.26436417280243
-1.33330929302087 6.12679685644781 -1.90276487099016 -1.31655110644898 -11.4326720766488 -0.30820242213544 4.23958168476119 -3.65055945440278 -6.37104653554332 6.37190586451706 -1.06827961190738 -2.41228143767897 0.355800403633423 -0.836727917045794 3.36069746640853 4.67289508500842
3.21079940938766 9.46025345272925 -1.39384030077326 -11.119807806292 4.98187374551154 -0.31401521750124 1.28521757351488 -1.46654207168383 -5.58017535589361 0.481238245594071 0.740284343063551 -2.49166265951133 2.30143662585073 0.558962786978065 1.77040066558766 3.44618820772504
-4.72209033814806 7.78707656387545 -14.5806017691169 -2.63729317207841 -0.270614182958353 -2.27705873803194 0.440037215519678 1.10510953985046 -6.33168833068667 5.69855764695355 6.65145301409959 2.25527172552731 0.99803630221557 -2.85313341072717 0.402719920547374 0.120002176120667
4.35084496977646 6.31736109500907 3.01640921540692 -14.3368668204658 -9.58844742142943 1.73881672213777 1.91723144316795 -1.98418430716972 -9.62715427725887 5.69450377769299 2.66131592395733 0.669016925465779 -2.70146979123951 -1.26094379913063 1.90803913013966 0.640863769490164
3.52172903833883 4.58948719695993 0.675924812855523 4.99865604804089 -11.5350648348013 -3.38191133601512 1.9672764242637 -2.27907860210558 -6.63750763752085 6.78100885663445 -1.14455422741512 -0.203481231879913 4.9349912564481 3.55009889520961 4.78960708614615 1.46194473833968
4.3933396897216 14.0881803416031 2.34581736481117 8.02671758847531 2.37439606164226 -3.13189302129279 1.76663544381079 1.21096641715872 -2.51868749390116 3.60490261377093 -1.78446386746693 -0.158671186043158 -14.5325000931123 -0.789364974876139 2.44250467445877 1.2882557455763
7.63354786034072 12.3784737666078 1.96587389769287 -5.99387553140779 0.766321332032857 -0.159675507788756 5.64929430846908 -4.42775929549988 -5.15060687302084 2.60906773735788 -3.12456680497231 -1.97464367825365 7.10359359421411 3.35141679996856 -1.53966185491956 -4.14769656669684
-3.84875735502941 10.0324126918576 1.12314868856326 1.53667867337831 -0.11007746179088 1.76362869635887 4.45652348063368 0.140648918393202 -3.94208761803157 3.26490314340085 0.878768945378575 -1.6990815334973 5.9093414150103 -12.0297338472385 0.561864893423514 5.56892210842654
-0.126970201363593 6.31165220735146 2.80253904881357 2.05959887269328 2.63788301311694 -13.7136915723249 5.98024758077362 3.8353693422254 -8.57134404001996 1.65374313057504 2.71222516215914 3.76570510557461 0.985643477437218 -1.84251857581827 1.76876463841189 -0.717836406845547
-0.349690832418116 8.26920209713809 0.523366736481477 4.15506352538285 2.32666611065128 4.31056390872143 -3.69412792144427 -11.3917862329712 -10.2197477924397 3.25701952618589 2.56508118137995 -3.08567491662373 2.23428874526407 1.72709786317423 3.49543495230061 0.255423493446345
-0.219411976729505 -3.55292935750282 0.575802901801895 -1.15336022975544 -2.95274902792444 2.16011301907143 -2.9055758594961 2.55717090949249 3.53755160171434 -2.09471930660656 -2.34878634283641 0.695664864823295 -2.62736313268551 -3.40589768995007 -2.23859965969053 -3.73251450396206
-2.17850482615207 5.63716846692946 -1.42781038941549 2.56843825188418 1.90536940545486 1.7998103867834 2.4742737709749 1.06354066977977 -4.54637649073891 4.91500408471069 2.95585010415238 2.06997018816925 2.34780700755943 -1.52712574245698 0.95067704149388 -12.10707596713
0.788450868421771 9.94269247804567 0.976850624769246 2.83481451050033 1.00403936630643 1.40175669822786 0.48963235417516 0.152014661972959 -6.67203799791709 7.14946337290597 2.74108723962694 -5.17020294642192 -8.9893666777979 6.48424193101098 0.133849414899814 3.94211419528308
-2.05592260272179 7.86639973530367 2.98999931196068 0.630941510822926 -11.372872937342 -0.57953300423404 1.24185076239038 6.32129181388941 -8.59312681448398 0.129582903487254 4.99937201144586 -3.08838627379277 2.346275149803 1.55365918795074 1.99426435398253 -0.520807608291422
3.49487452231658 -1.54447024447188 -4.14878353299649 -4.80412046113311 -2.53082249488944 1.87345319243795 5.93383165091518 -1.27983802391273 -9.89820607486592 1.67185500956305 0.911352364560703 5.92694037446621 5.21275566140217 -0.0735624787824234 0.436595547532537 1.94848475019206
1.18093237809738 6.76362477123736 -8.08403861602387 2.35705903052601 -11.0833363750799 1.19697860103609 1.13530853437222 -0.0546896842076282 -6.86005372035974 2.27282832453005 0.949066431621795 -5.26455585855958 1.00853820884875 0.691185538173746 4.15149693836346 -2.57330664370449
3.30288899925815 0.797258800365026 0.264311766425504 -0.500868155497681 -1.04203688716601 1.11395310790835 -1.01260467601737 5.46979686173777 -15.5161059187126 3.22908843238978 3.38753812662889 -0.454698518654362 1.94409724742772 -0.249561756908353 -1.79480189361395 -4.60638761745726
-3.71848373529546 10.5036637915258 1.5509238657774 -4.93261448131229 1.62343336338844 1.04771539106399 0.944819666170778 2.50736032938251 0.299837257858479 1.71473670921662 -1.9356089811325 -0.429466497195721 -13.2549383272706 0.996552044722863 1.54582521776246 2.48561804925592
-0.27657197430423 4.50167349905006 -0.296261652311423 -10.6734205661223 -0.341461920411771 -2.45257848732161 -2.65861224014889 -1.05019693483595 -7.4462283143076 3.40999727768928 -2.43271749706598 -3.92474608721192 1.45684684613203 2.39358266914805 -1.8699423031207 3.40043124800206
-0.557629503456721 0.212389635475032 -2.45739928732048 1.1700436632855 0.287618895671623 -3.79160228553778 1.49680591211518 1.11169758614048 -2.92112297169062 -5.76623764082138 -7.63609322363587 2.37420889410884 -3.98884016635511 -8.32636374331361 -4.28273019222637 -5.89944460651449
-3.10031745920057 2.01983202999491 -2.29407985970837 -3.87172377663853 -1.64333732095794 1.86344312025232 0.941662580044588 -9.59065486079809 -3.26951497356279 -3.69348503956761 0.582403945332179 1.00649775283588 -3.84350814507611 -1.32261183794463 -2.99323508251938 -4.7128746646369
-3.9985753766398 5.89494955079697 -2.69869303635379 -10.3029845057385 1.26106027838189 2.8111463892936 1.69236999456966 1.15770532758019 -8.26269583508854 -1.23645928664012 4.65932020068803 -2.44373676600123 7.40674447342073 -2.98678132151311 4.19988266570299 0.326713189045072
1.68885786099625 8.84574124042047 -1.74446315243183 -1.81857757141701 -1.86654287066224 0.00425518732822228 -2.6952247392283 2.87219694326899 -7.51593865751225 5.41369147619839 -10.7683178801109 -2.88877205427909 4.41084038572523 7.62221652836102 2.10458115408019 1.5310943498028
-2.03641974543762 11.0591310017961 5.86645719333762 3.91524923177348 3.84629429473338 4.85531460596823 5.81100271290229 1.89867914409572 -4.39836389707971 1.652840538554 3.43143705063524 -1.5949644312991 3.61286664136471 -11.7384107874651 1.99153901651795 4.28088532445707
6.02586668641136 3.66658018495213 1.3557965941517 -13.12059899652 -3.17124886002202 -4.88104157358393 2.12346793803358 -6.14742939681211 -8.21047215041312 2.92643241335375 -7.15880985073883 -2.49357172940696 2.31739780807768 -3.0521673109346 1.55462904962928 -0.976489562733258
-1.63765841772095 9.23588831416786 1.24570557483365 2.93314722218611 0.758713628848201 5.92131730447627 0.180507646299113 0.445396348378019 -6.74925637708634 0.472138552153001 3.44974517766267 -2.6954398355952 2.92157813799418 -7.54445929593227 3.21611480566284 1.94980308290843
0.435785510701652 7.83797058305307 -1.16562124967506 -1.14140109191541 -1.5143457241117 2.7600333165726 0.783805645555346 -10.9814164013189 -8.99552414958614 4.09234971150617 -1.34270643027454 0.467531792619363 1.5652511979897 -1.93112353332483 0.316543345822819 -2.4457907917859
0.43366775115918 3.45074191465747 0.0761608026302478 -0.177235486679333 -1.31316861428642 0.411184867982945 -2.43152860629038 -2.39840315797965 -5.79346981083855 -1.25382368365915 -0.863025657418588 -12.8360373718252 3.64561366742626 2.96871073880518 -2.85346306133469 0.219380031858334
-2.43619987146295 -1.95844880812691 -1.6214367702348 6.29398052925411 0.496855112131119 1.16591299826356 -6.04736901623249 -1.17826343112953 -0.00403143176048956 -0.344429198018337 5.55966682587826 -0.463622689668497 2.32800834272243 4.617078539999 5.25258413678915 -0.183077809992091
-1.70163107273139 5.79734997313902 0.318590181801943 6.32820206514823 1.74056802176502 0.622184722897554 0.85626054015689 1.64864309621875 -12.1625640557418 -2.83210064882676 4.59893050101026 3.43626469100765 -0.075457346066711 3.15093067072904 1.19363019080399 -10.866249724532
-0.18079065821727 1.9797779411703 2.20306485987936 2.20409446763227 -5.82704939543946 -6.62206323632757 -0.773338856829303 -2.00113781448756 0.21439133365909 -9.24709524307083 -3.67112521643678 -4.62489723933242 -0.0506744956504344 -1.94500225498438 3.23136043682811 -2.46729292273714
0.0752624601083819 10.3956831929732 0.771456257641187 0.308031799257311 0.228677775052852 -0.557934157470363 0.805499843661262 2.4099313911414 -3.13947419994788 5.13544133879927 1.27144914439883 -0.703741271854683 -3.17522817932989 -0.874966551415263 -9.617464219405 3.88153297067371
-0.965745348622305 8.24370906226861 3.61979072624723 1.44865719083902 3.98261231366108 -2.58728636737616 3.35820805198376 -10.5927118652649 -3.82361856036513 1.51582732081768 0.344083659673835 -4.51498610051949 4.93409127404304 -5.92187703643723 -2.46732671833139 6.83031768647747
-2.2058146610873 3.29811973358354 2.8220134558682 6.74217572402222 2.15897064693615 4.75150705636531 2.73141207038359 -2.35103545375518 -4.96876520550208 1.5700313693832 0.796107103205254 0.833842050244911 6.60256117077307 -14.2446833804789 2.01530895215399 4.03779447640288
4.68095735277148 6.95287482286581 0.125453742532241 2.75515819466618 -1.56885829370124 0.23583957054516 -1.55569637096038 2.13944657974674 0.0158319336345452 2.74023257442368 -8.75669691337815 -3.15120381378877 2.4287906468878 -0.0890515121445458 -1.02931236474009 0.480692559122099
3.26774715312359 11.9580052162827 -1.64222560871285 6.35209506345869 3.64809855608021 0.145581600710433 -1.62879808321289 0.442012636708539 -5.99894368205215 3.42713182327248 0.830112632968901 -3.2043902700036 5.45772977811038 -11.6519790518147 2.83560276315509 0.283162713799518
-0.592567328140054 1.49650412813527 2.73188525386186 -2.77963402097277 -2.46917401797198 -8.11205867089054 4.18994738037158 8.4551408276986 -3.24763130358301 -3.22036920725105 -2.05778709047656 1.40650919895011 0.152286313059028 -3.33299141126288 -1.19891700441647 -3.90830268243589
3.64569518146077 7.78124632223714 1.96106240280325 4.59629941162189 -0.118363206663785 -20.7924217346393 5.89269423586746 0.322572170845692 -7.025006672905 2.92812467418705 4.64980411109634 -4.96910933131209 2.4723786704857 -3.15294030531012 3.40908532100588 2.95374145123509
3.81487223280219 8.57920390544107 3.03951399939775 -2.24232520917578 0.856473242262188 -0.0949755164005621 2.60483907632701 1.79523350880527 -6.06472782934378 3.25597935626328 3.23387734829138 -5.09553563012968 8.28717717406754 1.2723221663034 1.13242646887377 -10.4855350212133
0.509013333041473 13.2697618754403 0.554396151074449 2.65349782574573 2.51569713017249 -0.87998319298769 3.95585481191874 -2.05629328589618 -11.1238851671546 2.34401719463506 2.65190663361816 -4.900351995903 1.24590210402024 3.10877654702166 2.62016644218144 -9.9904258274607
-2.02972708073095 3.63560024360206 -7.93282373089116 -1.61633363062735 -2.93797707070027 -3.49811162884888 -3.54377666030894 -2.00793023989811 0.990081597506674 -4.03857168781856 -3.14580210917018 -1.99548174808209 -3.77221646451712 -12.3997093489396 -1.11050492833763 -4.9008058946085
6.47151526844218 9.39255497395674 2.01649688206659 1.99994192215501 2.39650205636322 4.39507701652458 0.682520942832679 -0.165984396704624 -5.39001699350667 1.65227764509154 3.27020194323395 -2.26233840632905 6.76686582698691 -12.6800377673087 2.44391844618549 3.99523544288787
0.463412343279658 3.67345572599729 -0.82401064080214 0.96971417790332 -3.00463777720925 4.59192166419777 0.723877319309597 3.49817649735127 -7.40996286723727 -1.67986175181774 5.52172478686279 -15.064600562628 3.81611556208588 6.98127245629621 -2.33250605681294 1.61597703565849
1.33392506974535 7.21849046552406 -0.0996151485577579 0.453253523905901 2.71033872549922 0.934966037453906 -9.55055299208412 -0.422809056643867 -10.5224482071702 -0.597062014556219 -2.0551597438093 -1.34546436207785 1.62406707457288 -0.930976215935383 -1.51119117807235 6.15819156056848
-3.21581201183115 0.657985416905636 2.69083839450319 -4.56024417686081 -0.708164886639375 -5.00617204019444 -2.87975095088192 -2.04658625738768 -3.66037856272555 -4.64924925292591 -2.56769210241752 2.0636268153599 -3.44982313777593 -3.50646722984836 -5.7433819445827 1.04995562398276
4.14171200468401 3.34395101615846 -0.883342049127271 1.33591990060047 1.79868530480363 4.29858460040342 -0.0481170388461216 0.471845567057366 -0.769447358852499 1.14707482717731 1.74695069324896 -16.1616942536576 3.25534499010203 2.18342592143286 1.31976731963897 -1.50405232414357
-0.411627917009602 1.96501205445054 -11.6649873819089 0.995939346951232 1.928307951668 -4.75170870847354 2.19845570335151 -0.0444469045387477 -3.05385969253983 2.44361930840837 0.268010718451707 -5.6223938273921 -1.73502040631771 3.45347728092534 0.665544220067739 -0.281680078735467
2.19112685275575 4.84099865543286 2.94361343238846 3.05090312817345 -0.706159026471685 0.146116892778076 -11.2053300015694 5.83083603675806 -3.52276674625645 7.61057628220139 -0.75472126949674 -4.02319755137117 -0.198985781330586 0.961062011579495 2.21561855102841 1.9338107761456
-0.479096985828053 9.15490085596898 -2.88435134672886 4.61444371173182 -1.32139485002421 -3.50529643869094 -0.0529258249918789 2.98554840076802 -2.48567659076243 1.28775318065635 2.26308113734137 -3.61644509276114 -7.82168097149636 0.593133224231543 3.45049185379954 5.23480678820951
0.4334617861807 9.73701172865448 4.67510080447043 4.30230310831056 2.13501596142898 1.40302911250837 -0.666338384922182 1.9358994902592 -8.67435126544608 2.72617205934507 2.87164372975132 -2.79717911832116 6.11574089907186 5.46781612027221 -0.902135866326113 -16.1252813707925
6.12428774902476 7.90969031144284 0.00731703558504543 0.462746245645247 0.531461293485665 -0.27847422804264 1.97638437814782 0.929852914895377 -8.16062246204692 3.64599169679413 0.0848572258819174 -2.67796238650859 -8.97060985961243 1.35621867062769 2.76109658770016 0.810196408360206
-0.470994314757567 10.4471721259036 4.7001319342548 6.84636688974654 0.38744600923714 0.815812138233449 -1.01578571689231 2.37429315216715 -1.24792394769394 1.00333691201707 1.61811827790407 -5.27475151131029 2.17040149237634 2.64999295383782 -9.99496079281193 1.78579913726034
0.534221385643783 9.43220536298822 -3.9504353608357 0.596746335256654 -5.724493661237 -0.807696044596125 1.4366108603256 -17.1936078713151 -6.7520387613738 1.88764303330611 1.2303052056319 -0.255939032573202 -0.618064449887699 -2.26790802673053 0.559071994620211 0.805330791165656
-1.94232438183305 8.66119278937086 -0.856175082467266 -17.4955255926699 -0.853516001106145 -2.40226731751671 -1.01929072070532 -0.396805335586147 -4.85960351633208 2.51951099526373 1.68730186191713 -2.4966319620479 3.3363556326371 -1.54082936166939 -0.73795699576462 4.30287154187549
1.20110103495194 0.826473915366454 -1.98461170715133 2.55262245496083 2.27256576980434 -0.705221465564131 0.734229942362488 -0.537357292647738 -13.8184528146469 -1.50747207843523 -0.498754060896576 1.45071938771884 1.40130052876329 -1.13229987293941 3.17455805079985 -4.08128799959671
-3.24668610108049 10.8689973516215 -0.0876109765361284 4.90548599066898 -13.9323800605977 7.44027193268045 -3.83847972082922 -2.77151942828298 -2.2454228214804 0.647561600201664 3.21560099024714 -1.94678808978547 7.93780379380267 1.18109619014605 4.13268326315998 6.74979371796661
5.43247403119809 11.5286563386206 -0.404648341982623 4.11332864947496 0.685738291618012 -0.607277217966371 3.13540886319201 0.849087391174446 -4.47004824374766 5.10677419571345 2.20918682178363 -2.22356055496512 -13.0866079421758 3.38204844736746 -0.281487441283514 2.74619052280147
1.59120588418084 2.44848807124378 0.980217001974459 -2.75662783883439 -0.509285179127194 -1.94056794855921 -0.134968127283214 -2.32043380583483 -20.7654027127135 2.34489467734805 2.33110051072509 0.745197400852674 1.76007386570271 -0.09175133385205 -6.91608825777198 -2.65667848989141
2.25794937420162 3.1763644322419 -3.04202498124424 -4.11714866110257 -1.11946730711069 2.36624292757942 1.49017328561113 -1.26617703980604 0.783482665480822 2.3995521581854 5.20921049762778 0.729410253519673 4.73246481064784 5.44126043858084 2.46403918000794 5.64759018569616
-1.11735968587689 1.69257019953404 -0.23606297339137 -1.52438801719422 0.445830046545418 -4.91679302066487 3.26522739635016 -4.1687142516457 -7.20080393304862 0.851293108449379 -0.553004373702308 -11.0354333808039 -1.85171362740032 -0.564686038809897 1.39840488263021 4.02401746514693
-0.0347723638581503 9.65770736554978 -0.612005681615419 4.38419444181012 1.70663018798392 -2.05309674978334 0.700345707948107 -0.374154766053791 -7.18037383357658 6.04547696570174 -14.1429543817383 -2.67631527108041 -0.506104014536745 3.57570868032453 2.8295368055929 -0.969353417633764
2.56712818300913 7.55983999110565 -0.0700235522874962 1.78994023685156 -0.848098086514843 1.6802211434585 0.349677159487701 -1.39812662301032 -8.1561789357342 2.97757519218717 -0.65046790301948 -3.29621455040559 1.91913189221245 -2.52918181679691 -16.8074848527926 -2.44229974668082
-2.25480602815394 10.4162901112715 0.173566447542463 -13.2125726247936 3.91028135944544 0.976803939674395 6.14135470126403 -0.652313631851504 -8.47122118634832 0.468675647958773 2.31207185336976 -4.79880284174733 -1.79086368978129 3.23851839096077 1.23009916421669 0.567880697195517
-2.58077578564287 1.22696567813485 -3.32135676044876 -5.09528967376818 -3.79240337372415 -1.09132613474025 2.39592924180422 -0.584154479747433 0.582327154360676 -0.728929665895543 -7.49155807163444 0.233980466685944 -2.80892260095837 -8.35494150422744 -0.695452014567347 -5.16712410398977
3.59759248880733 9.75269594222352 -0.261047238762297 3.16572494295297 1.09221369150031 1.54508588817228 5.2214080069588 0.168287306931934 -8.32274660330496 -3.07119757082132 3.73630458258843 -1.58587125994605 -14.0075745702751 3.55627284883223 -0.264227858418644 2.49613159526665
-0.72409054754375 9.12212722574611 -0.944597857038349 -1.64731564348259 3.04894494186904 0.677572586508428 2.94965916821254 -13.1118056854071 -3.05788728951002 2.44014202375664 -2.21486281996922 -0.216728597613788 -0.94715248254365 -2.50117938732034 -3.40480667703739 -1.29113704770722
-2.03728584228899 2.74332422597441 12.3293714954237 -2.62654018626154 0.880210548090742 -13.7366461772268 3.91365792020863 1.71030253304975 -4.1281508573005 -2.88171961453816 -5.63361042863465 -1.23252722215108 -3.31447696541423 -11.9792872544994 -0.758837873044937 -4.55764361719556
-2.82626106837532 9.49804497803099 -1.88718254362927 2.58867373461926 3.98524772825484 -1.35675533560096 -1.53716982977225 1.10488936899055 -6.65992222917791 -1.9015638491898 -1.01220107239886 -19.7623242547345 -0.796153715912099 -5.91628893013202 1.95945645863314 0.795755686345068
3.51042863271007 2.20725073514358 -1.01547985814948 1.86093284688397 -3.90118066410069 -6.28607053853827 1.38632052308768 -0.544482181312888 -2.6970353362679 -1.23558688311599 -2.43563444494895 6.05711690682996 -3.79133548191753 -2.59275764707572 -0.864716834964774 -4.40325764609266
-1.61567693428447 0.539401179462403 4.85165405802143 0.950865743128789 -1.86763385803242 6.35599439318808 -4.79853447112182 3.60822815010277 2.87820558455167 -2.11272394613557 -1.24612450414534 -0.0433971005239844 -3.33462950858243 -5.6426384246772 -5.47172365642281 -2.84660986699238
-0.190741323859225 5.66427383210924 1.76041887419979 5.06133324548173 -5.32750534649115 -1.23241886284511 -1.78695598670936 -3.4410941067457 -4.52795306860814 -1.35746568809858 0.298885319331621 -12.8610401215139 -1.82894449827862 -2.22179151962085 0.305513286694582 -2.28304510678423
7.62328347340304 4.13607956386089 3.12119054491129 1.20673807069575 3.39806948100122 3.51196404207958 0.0278695028417592 8.09039963270213 -7.90109213949719 1.72337250513424 2.27304759100166 -10.3699011105845 4.80764103816623 1.65047702924115 4.2628452760261 3.55376863706995
-0.57356903140759 3.83302192778093 0.288103461837271 2.5933432462352 6.79114635572907 -16.2944191844643 1.76808464264261 -2.1041873205567 -1.84099663759644 0.738290763362321 2.25343480316078 -0.866051449217047 1.27849360845473 3.80738451290052 2.15858892386056 -0.843462664222019
-1.47591918325042 8.86851328662291 -10.7893720621234 0.503584507293174 -4.14078033769212 1.27857951818131 -7.8973453241602 0.832696586884234 -8.21163094194908 7.84643145822806 1.58552773426112 -1.9075079482912 1.20987739893257 -2.55590050177665 1.67039117730726 1.78078104555265
-0.831824871836801 6.98202101725843 0.744815611265343 -13.722329526237 0.60621834007193 -3.26144161449349 -0.145182508218125 -3.22304412666938 -7.89439524306423 -0.800552070269592 2.42866099180164 -3.70911718491726 3.83517388350988 -5.97325099422812 -0.265448692248317 1.2178321483905
2.44519105607573 -0.319589034015538 2.91066218248894 4.22875372515028 8.34979787004298 6.30907641347932 0.365992007693079 3.26780870978154 3.08860998030903 3.78214003233604 2.29290053986961 4.89156935549869 4.28759696468337 5.74108679913122 -2.27627800022774 4.35090076075296
-1.57507980078064 3.5165873506611 1.44735719188944 1.50159366312882 -1.14071414222239 1.52074618681663 -1.99882061076105 2.73541290349113 -10.1161723801349 0.824849368678331 -0.0531016860339643 -2.51420490949935 -5.1790968833875 -4.2872557889954 -7.96534984403157 -0.590702577194984
0.945438802522366 3.24612871082632 1.79884510011097 -0.126487284044687 3.37883271240568 1.10924162147245 0.209078720499145 1.47687669216585 -2.13072313077619 1.57556301295883 3.43254457472503 -16.4336965934217 1.43788653158132 0.396007556350205 1.64606698900499 -0.646090629513428
-0.426294833131523 1.67553934231038 -12.5572373702762 -0.650302152687652 -2.54719239736671 -1.70427083312549 5.11902976582988 -0.495843835080013 -5.71806929070743 0.657811439016184 3.45430201792728 -1.24858789946372 1.86142023992478 2.7543589806724 -1.57122599401252 0.610935483909626
2.92614894918084 8.17380827605461 -1.15469550802015 4.12007038248419 3.65375581409008 3.88554636464606 1.49588652580373 -3.95510124303268 -5.37326488229312 4.42132197781353 -11.9377457208646 -2.78182390002175 2.14088529207808 -2.057492329096 -1.70575236943158 -0.888682398624731
-3.81656954052852 7.63318449154918 5.89661536282135 3.79483419432957 -9.958362263013 -5.70088442327752 0.49674108405646 2.76304491347289 -3.58496621444686 1.16043065990527 4.74864194469655 3.67632092597867 0.60516795870045 4.57529679055506 6.30808897249078 2.82516730792967
-2.6714156900032 0.441826715598955 1.97895016996607 -3.47536304890371 -4.63263295981286 0.740638553081759 -7.73710925466793 3.71158821427633 -2.19074349680495 -1.83582670819856 0.0618339654362865 -3.39702093517705 -2.76313624550829 -0.856611381816935 -0.625873720412718 -3.68682451510081
-14.5662285431704 2.96498236884662 -1.91067265627815 -0.164989907816583 1.27051060763203 -0.334926202357472 5.27117821092216 -2.98586303220939 -2.01740699983018 -3.73025524867562 -2.46954021167884 -6.37417901705741 0.181495420675855 -3.26445032455565 6.48416890830172 1.89894998434078
-14.8409731817689 5.3687355775921 2.79510036764177 2.90434063831111 4.02780525594172 -0.195943615977085 3.57227841697586 -1.14038866900741 -2.68573482849167 2.15697548037671 4.87312916947589 -1.2506984859122 -3.26070350442109 2.8352879900226 -1.46083039426256 -1.25802566398186
1.79404975374466 2.19074685662292 1.02163988405147 -1.86253529542756 1.06684454686109 -4.02180123722056 -8.82206497466801 -3.96036000981582 -0.324369962991339 5.6030142707439 2.32044492239447 -0.342694365491252 4.86228442279327 1.73319010146452 -2.39982837448306 0.711095379769547
-1.82594739386547 7.33730305984079 -0.461307358329504 6.53149834305893 -0.131710910483454 -2.61965037908288 1.06965540975372 -1.08184473982712 -1.64696636920956 1.40225584750298 3.95878554872569 -3.98791999888327 10.3101507347995 -1.11983499816893 -11.9308993942672 4.77441428643464
-0.705107002249641 1.50873019190821 -13.8471029333458 -0.649177014883832 -2.59900244863536 -7.22376963837161 -1.3759335596644 -0.926151444571744 -5.48920207611914 -1.02956507139947 2.14414332894682 -4.01663266347031 -0.0534653660091446 -2.4013779854777 2.57384324436907 1.00933288765796
-15.1373957242469 6.61841776425733 3.14507958854683 1.27741206961083 0.119265191699184 -0.39512754630458 1.03594633775568 2.62037333458389 -8.49478835661419 0.0015014880635944 0.432137431454092 -0.589056014247724 0.437142335029626 -9.35978867645968 0.0622849796378635 -1.68995414792196
1.38907953880166 8.27734023266394 -18.9195138502915 -2.40290115329607 -2.49865648427587 -0.894781254706918 2.53516159472909 1.52934837117511 -3.62489608199257 -0.553535277096994 2.74689299985431 -5.44261929205212 3.21738255850854 -3.7139528545714 0.250441239372971 0.750466453877334
-0.425861984698828 10.2478378515524 0.00161306578344797 -2.58803141959942 2.52126724194362 1.74587383543526 8.464515052984 -1.15187460135847 -6.04158571723872 1.66020710749372 -0.825150549828926 0.527159082591105 2.59917396418238 0.219488673497684 -0.562111352171782 -13.6699010776244
0.605556016204587 4.65661669325409 -2.91813645671216 0.403857664694196 -15.006820117214 -3.48182949103044 0.372823741011077 0.744222781582582 -11.3642745312684 1.99898734836051 2.36247473899588 -5.2806813338622 -1.88963472651431 0.399808101563383 -1.94969011007058 -2.07281861128476
1.86829657081103 10.515874436984 -2.73485877955662 4.47011133713513 0.762430597912441 -2.46791400354747 -10.0422013470328 -3.02446440500454 -8.6090981595536 5.69121448630192 -1.71724590962147 -3.88718210177925 1.6287088632579 -0.238295528121681 1.04817914787445 0.306733656811521
3.01749868699265 3.92344841438071 2.6048251968902 0.947244312290747 1.11727821313712 0.935321689949823 1.78599719843251 -5.07139273091755 -1.52261627944416 0.0944867274104464 -14.6371978029821 -1.46082103208648 5.66707843747846 -2.75340702031528 -1.70324824719655 1.30709521414662
0.0506338733360703 0.0183667720392534 0.502209086427275 -3.37021602320074 7.45064147297021 2.13811000561568 0.976558354044088 -1.85998458560033 9.13068004198971 6.40593580963332 7.20351367259264 -2.47010303333414 -3.16127264222901 4.249664327172 1.77112189890718 5.54159971431042
5.3814099708942 5.64975199001147 1.86029303341379 2.52942686949337 -0.514045201610863 5.04906580548322 2.17643591830181 0.938539701590881 0.172809305666916 1.86916790116788 2.96838575530109 0.575997971084848 -0.139854590424349 -12.1730233743711 2.93236946864179 0.283022994951375
3.77357042544363 13.620294014859 0.487831145922663 -0.99486481311816 0.434398550373773 2.68915957580129 3.89738768431926 4.38965377873119 -6.26044040801214 -0.663805831327178 -2.13054108549955 -0.23744290703799 -6.50966023398157 -4.20642486450959 0.941900394573938 -1.36074739348876
4.6536587124592 8.17737090073657 -1.71180807392813 1.00157371625925 1.10144438918639 2.69961296029382 3.62113048463155 -1.75515341285938 -6.53525142520721 1.4118753131172 2.27967923403413 -3.21435668884192 4.52555326817502 -12.7286051977777 1.3625077641891 2.98851076572755
3.35096628206027 11.3508960001772 0.556801937308332 -11.2490311055703 -1.81200639100239 4.76522463029403 1.76447153592205 4.58424444178578 -11.9679877742576 -2.42808467448004 1.97182523078804 -3.17262976956759 3.16092002792142 1.49449303823023 0.706252694824775 5.47458089446312
-0.680160797549562 6.53913537188688 -1.70178403760103 -1.6350866499177 -0.190958391039127 -5.87722057929833 0.928865112253136 -13.8810643967314 -2.06803494800555 2.3009112517694 -2.18884749793047 5.3117240769779 -2.40000085791362 -2.80858988604232 -2.03807889446421 -2.82831831371411
0.981188577741177 7.54477524432854 3.58749241077758 -10.4845813537325 -2.17433948544954 -4.74996966018125 -0.72043349691247 1.1460630012311 -7.40084880775304 0.0657014143104262 0.532959773556042 0.81874310940277 2.03751841621341 2.23799869523387 0.910510338120348 5.42466397752481
3.06125277084248 1.27468328426676 -11.5116172611739 -5.12888625833737 -5.17481580328708 -7.44326496573523 -3.77417736212769 1.45472205266021 6.44829903682637 0.623808307592005 -0.138890355508569 -5.28320042254062 -1.46913726059333 -6.49882910611324 6.06853142719681 -2.14287470927322
-1.63295119104948 7.77645892290469 -1.31801406838177 0.501746247142567 -0.0253067857514291 -3.00470570856433 1.67991338065293 -15.0501993486492 -6.55862238979032 0.487825299448532 2.24113126847359 -8.43408596748953 -3.99826851164145 0.424052167432759 -5.6233787262033 -1.40695642963423
-3.11587531569364 5.36981372818922 3.29243745819291 0.307557080605153 3.70402399129809 1.02455984044997 -13.5165678140394 3.32106833556067 -8.23795638034535 -0.799841696079885 0.969391581274954 0.325661546055813 -3.12923603706342 -0.266414827976431 3.30696730409392 -1.94822534404888
0.297132680434373 11.8869432978648 2.42658252076602 -6.21048660593882 3.19402075434682 -2.73000121289727 2.84020544564373 -0.684267093396151 -3.65084395040655 0.191261865490113 4.22194685560359 -3.4347455048463 3.45423029806619 2.21706461911981 -14.3494082533864 -1.04273560018771
-5.53745511710544 6.02312452508745 -5.2879135223452 0.352825235740451 -10.2606015035204 -3.3593872233176 1.32455726524114 6.36250749209323 -14.1469807478525 3.04091558995908 4.98340314800844 -10.8524174984434 2.06855370630213 -2.22711520895531 -2.838724687646 -4.37494419485166
-1.38464159659007 16.1751459434152 0.799405844640693 3.07649995742532 1.15942697571612 -2.67975928186304 -14.1752289762947 -3.22476648548121 -1.37002757466447 4.39463434662962 -5.0488309095859 -5.31977649260087 0.12079237048142 1.40168789357502 4.10220907898042 3.22204227444318
-1.88387994534747 -0.888282728305134 -1.17032668688049 -2.23224091828409 -1.29996273721974 3.00027406215805 4.84798044504681 2.42460585217931 3.72498061202875 3.77397109747767 9.5015469408809 1.26085986110596 2.93030030806939 7.50380166308727 1.72951104819529 4.44495166659736
-1.65931161779431 6.6793151961381 -3.33655535850041 -4.27723919047488 3.54949429843492 -0.199246919510892 0.218053329136445 1.56716129708375 -8.63212155435962 0.595266787679668 -0.342245659852963 -2.22937826541382 4.29016010405503 -1.64388775484187 -13.7237723121246 -2.13254166404712
-8.2563332031642 1.86679468000753 0.387208482459919 0.590485695930592 0.0604930416782151 -1.18812636484908 -1.94419880954088 1.15464432456105 -16.6556728337334 0.273160837878935 0.938888006910717 -1.70327761516488 -0.689149753067077 -6.66414084967122 1.51642445428216 -2.08601806081807
-2.6443686045332 5.42916367080572 -2.88874405399709 -0.820364570604424 2.62088548090478 2.92460751464821 0.170074791246003 -3.11723518701297 -5.23744362619419 -0.856322416095678 -0.39792973465629 -17.1405245145565 2.0934112265892 1.02078994431414 0.899864840635929 0.470739235737222
-1.64226758613468 7.14851164479587 -1.55760169384497 2.05010710488168 -11.6329505259549 -9.28252157150927 0.923623182966641 -0.896911379552924 -6.33697967361265 5.35079300428666 4.39297918066772 -3.37207296844183 4.8541528881506 -0.144227476206668 2.29221034877725 2.48607820368835
0.453883913368475 1.80569568612391 -3.01491756632195 2.02654481612978 2.53390184736029 1.72884454406297 5.70109748361281 -0.207607460924305 -2.63679448461148 0.6924789353687 -4.36135439444607 -2.8690755976557 5.46524023575 5.79498064482593 2.18302186674532 2.31112338372221
-1.52032675934729 11.0787072467734 -2.16868915037278 4.91285031527525 5.17234818892097 1.9991695314271 2.11359481815078 0.370882082046893 -6.38862448415598 2.69199716273628 0.0144080829509825 -3.13191832764225 4.4615799170725 -12.2388514700437 2.23560409429395 0.603755400587543
2.15300870383502 5.99945679698285 0.881942672137516 8.98063385283802 -12.7370229845897 -4.76104809668051 3.02739241082927 -1.50813037649344 -7.99986441828924 -1.29878898601425 0.100832872668167 -0.661445631441624 5.73287403203215 0.345777593012742 1.16942584059727 6.76756816313201
-1.74741330738543 7.13251416074998 5.62139850801267 -0.308161245853563 -0.634800917066931 1.08716778130341 1.15022477855595 0.742149366183144 -0.141598994648249 1.33147827058658 4.45624904658091 -2.02824903171325 -0.313207348458846 -14.7953922962144 1.41221093265549 6.25803295063909
2.64299689469619 3.68359149680846 2.50719402570113 -12.952927877009 -2.34455637468688 -4.3095419080982 2.8062559737252 -7.39383388589111 -4.98943218282225 4.18562356159794 0.0612293522500441 -3.88299559154557 1.08352665523 -1.77691177052613 7.76568350368899 1.91878599043926
-3.37598076857268 7.32443020373156 -5.55030596979079 0.570791416578722 0.0319366454781848 0.0479207223092903 3.5378569486172 -0.296927488461338 -9.41171356511387 0.955391379020341 -0.527224242002929 -3.27661409036578 -3.37314871995527 -1.67800533844698 -7.70656195216303 -3.12236918145923
2.94055371224563 6.55015420898745 3.46046734090248 2.88823793720641 3.02380789700003 -15.7346785405615 -0.765350313573852 0.974765063878402 -5.85033453274964 -0.41048885541482 -0.436400945032376 -3.77678600713582 5.04538636666504 0.250047098660243 1.95832624074958 -0.777011811803536
-4.71404880995602 -0.982321852316565 1.907729916189 -3.76259186568616 -0.862570639402413 6.3002628952604 -3.4311202584096 -2.50801478591536 -2.36681016598627 -0.384391589071007 -6.63083733596626 -6.03237368299492 -6.27871416940215 -2.38180247258332 1.35071704811362 -3.54407853754322
3.41784462656611 12.8003755470882 0.32507266730551 5.30297630968894 0.668893512332302 0.884388231271004 2.48409491900671 -0.960919756800496 -3.59427157698932 5.26282280348201 5.37437440188712 -3.19257752881947 -6.00149734424945 -4.14945914640523 1.64423460201716 0.572995982341327
4.84313484160421 2.7358120201578 -0.542533589203577 -13.0474312727279 1.5501760627001 2.62154951198731 0.236209389768486 -7.93529470261469 -5.76742267987736 2.23423025614731 -2.86707996359874 -2.77050369400591 4.57744218354316 1.31869970260969 0.696148706416242 0.214504652795556
3.72900723094171 3.92497251507251 -16.6692882203679 -2.62652804520239 -1.12652645976011 -0.145370985576286 1.48160622116121 2.94834738660522 -2.39628013176545 0.139240280191712 -0.926914758485295 -2.77557596747368 1.43612859338419 1.18858709057771 0.924512492090071 -0.14079252890771
0.798121107957391 11.9176018909458 -3.02366538871473 7.10395614037794 1.54438473838561 -1.63327144863856 1.55824512687776 0.510134932380007 -7.222809661004 -4.73086693524931 -1.96912959555248 -3.86595266848536 -9.89061037483463 2.06064100683325 -2.02014118595202 4.99009289186819
-2.10488823869298 0.845592769758313 6.42168971887835 -4.14565344427366 4.45352859028919 -8.2820364219596 -1.42962936851209 -2.91478425432286 -0.65639223970314 0.665465070552075 -7.07274917490538 2.18484121147924 -2.81853589574604 -1.82073161098769 -4.73881474461556 -5.74357231735136
2.53838943205327 5.7641300130011 -2.31535333748134 1.65187738109532 4.29422862539822 -3.10820339085296 -10.9172554276547 -5.53383454155671 -4.96898050053378 0.743071729941448 4.84499668373039 -1.67640314956363 0.486987126673429 -0.769902575006845 1.01072644008631 3.89778931954303
5.37354872608332 9.63082412525056 -2.69577775656723 -13.1613222401404 -0.817650813753159 3.94421816898545 2.28182991034002 -3.42640916029139 -7.8148349164627 2.98375169923633 -4.29348385026934 -0.7542430850934 7.9346721855236 -2.0857337074101 -2.70436091969741 -1.07273301794328
4.54848172508277 3.01249055217491 -0.00165066191458364 -2.61534271802243 2.69229001748699 -1.20102496688201 1.72347342275501 6.25921270776121 -3.34865866857431 -1.58437079384001 -1.57322165004971 -16.881473589415 1.72441134705585 1.20740874113553 1.22445685991077 3.5872470090954
1.72929207012304 5.87126948482593 -2.54241962521419 2.12605102497799 -0.94605746903813 2.89018688327053 0.715918507140555 -1.45718772835643 0.40977378291092 -1.03942185881588 -15.1892994615141 -3.17240766206568 6.32240288733433 4.94737922771017 -0.419148485501243 3.5507509183593
3.76671193826942 -4.03780291877725 -1.47839785325723 0.372918537926751 -1.33789293296526 3.14650799077238 3.38822565421104 -1.29578235996367 -18.876190979584 1.68867064685215 -2.44656814481572 0.906952695499746 1.14048637321136 -3.37445566964654 -1.82753302154399 1.47400561880165
-0.502453281322539 4.23411735696395 -2.91623359835214 1.9079409544963 -1.37555111565925 -2.22945244148666 -1.63133292597706 -17.008565319692 -6.56955352148093 1.96772242257425 2.99187940685104 -0.504463847618253 7.10567794683289 2.40504736845523 2.27332671888744 1.46338241917502
-1.46222810826338 9.33148188783455 1.5114277303519 -1.28700746809628 2.28837316669966 -1.75974927850129 -15.1391156617403 -4.7042192934384 -9.5632613529634 -0.351774121671294 -1.38487917206379 -1.24650881633141 5.31993464161155 -2.82305373003912 3.80372477814874 -2.48287842875166
0.402978698165786 1.88847066405778 -2.50760487382344 -15.3831814702636 5.01120267257842 -2.6553625396807 1.40009437237618 -3.56726310288889 -3.39291756733385 -0.452412281546938 0.578035712290143 -1.75439215325344 0.971128623847641 -0.849835156188136 3.44768469987962 2.6494620874018
-1.50747583006863 1.17428912029053 2.59456661377915 -1.37270488042343 -4.59602009420254 -1.86833690210341 -0.584383269862149 3.60421955325901 -3.3642601544155 -5.02757518822107 -2.21069043678619 -3.68208508588621 -3.32063900485632 -7.19410863975255 -1.99442081554493 -0.806355564619254
-11.110152864128 4.62902913837627 -5.4946190971882 -0.450942219531616 -0.842023574470138 -3.25550714192594 2.08065841099275 -2.04191871752322 -8.10997869261639 -1.14953514587209 2.82009919665727 -4.07098312419808 4.58947952760129 2.17179323062405 3.99067131031024 -1.65867178995791
2.95621079799481 9.04525046234463 -0.444371867208893 -20.1127088811737 -0.650422657744267 3.11989890522178 1.79838182745984 -0.262960278633586 -9.05344335438171 5.99438429965149 0.452925534668776 -3.65409003350492 -0.284864995700214 0.522099831227348 -1.18108034876029 3.56088178681782
-6.81937285061681 7.33616174196683 -7.39190334917601 1.15492625820971 0.450889422551463 0.401781716168189 2.48275076746282 0.902230999511155 -8.370103495444 3.53491752131734 -1.03867428246125 -1.97833894963417 -0.869014480355383 -4.46422430163862 -0.898137029354461 2.35097079426801
5.78320338639982 11.3512896433464 1.3663727070351 2.94567335113713 0.799773769465125 1.88005540647005 3.15144858330904 1.59743808072896 -0.320416517410976 -1.72370772298919 -3.14713445521817 -0.669327432635234 -11.5859608986278 2.99527695439083 2.24207157336089 3.07352169437711
1.938491025834 3.67305791484063 2.25135291942767 0.772343814940725 -1.12200438957824 -0.251808648036788 1.92359556832928 -3.57850420484753 -4.83228974235683 3.07207426994142 1.45144347518226 -10.5923859122233 2.32093631201583 -3.44587249645337 2.08093219735593 1.98646320025345
0.64404268817519 8.33532169449648 2.8625139704327 0.232702169039464 -3.12403746289977 -1.3227253230464 2.19486882427307 -0.188666200005098 -8.97357832305922 2.093722512501 -0.489638692519123 -2.74536444715122 -3.27461091317271 0.854955841364192 -13.3274741549991 2.5487802495766
0.530319370661155 8.97199503963943 5.36371422553628 -1.43218150782726 2.09023229137849 1.47322989351415 -0.52674823272195 -0.154436279078269 -6.31026978922125 3.3375248756727 0.594841545435119 -1.7289482985962 -0.343024558254896 2.32379070180299 -7.85594977928015 1.46971477997238
-1.32961211964621 1.24533770811491 -1.60452374227646 1.53234091027423 -11.2420914193606 -0.416247910661696 1.92417464975477 7.60249506497516 -7.95034805634835 -0.434378821855759 4.88437514811922 -5.0451828680722 1.89070071557098 -0.595301159352525 0.412022642063393 2.80727273745136
0.191671015913157 6.85352268142499 2.64854156295026 3.23768078349983 6.02681192378299 -0.825234388085375 2.32541967796747 -0.520434784239794 -5.58084805553373 1.73166419834738 1.54420489424998 -0.058420249257725 -1.30368398884809 -0.268648815713371 -8.92975028732508 -1.7794076217893
0.39995886261229 -2.52392588649029 -0.953396977523585 0.682716565743657 -0.125371181089711 1.06742293121419 4.83082284864449 3.65402836963442 -16.8459467046486 -0.626228230238194 2.85669774086044 -1.04079707282329 0.0884180888999251 5.63486581536551 2.69595018472054 -0.33893036577144
-2.77604323823172 1.47556879472547 3.13700883713922 -1.92674016388311 -1.75790571953398 -0.685424485863215 -0.105792691298394 1.03249611500033 -15.5757887121493 -1.87664411948592 3.11110272152049 1.78277352874191 2.57452079022572 1.78753239933466 1.96318675260207 1.28237359977822
-3.55855320876834 14.7371436239019 -6.36413508944031 3.40185142520312 -8.75884347315136 -0.234662126198308 0.241566590434863 7.47765007154743 -6.47195169299969 -0.855814126196366 2.51076485393562 -3.57592250142919 3.97626980362837 2.10931098700859 1.59009888730692 -3.02024434648484
-1.85494947582327 9.52117251836995 0.74924848225425 0.518004056348631 0.954839581756772 1.5355189936004 -1.82340204245812 0.348267505040901 -5.83151081351255 1.92310002234598 -0.153300543044221 -3.7953850838489 4.71928575100128 0.683157217462868 -7.97459141690191 2.07656694946852
1.96330098842394 -0.956669947899701 -0.293030147921135 -0.377164181567682 -1.43724899124219 2.22394420920905 0.896629649598328 7.24303524199157 -15.877353331053 -0.246754924858453 -0.284574857647173 2.7754970171234 1.97524281602588 -1.03080515384839 1.7044015874825 -0.389132557762995
-5.17589750693592 4.08663475320903 0.440324553164046 -2.90027935009275 -12.7248407059495 2.23351186262623 0.941527416528291 -0.642669490983945 -7.76100894361926 2.94608264490992 5.11859632855662 -0.45014284892907 -0.799738826577845 0.914019507585424 0.67360108771551 5.24566707337003
-0.308144305571074 6.89072974755423 -12.5598646760533 -2.91772526604237 -2.85195022049664 -2.54249043126198 -1.28066250007466 1.03751658956229 -5.99073740460311 4.33934630631862 3.47750990062758 0.0202414008637577 -1.76658482895568 0.000546232167415284 1.50310034388877 1.33875723394911
-0.531491301088109 -2.12245721296865 0.327638875912921 1.58018088391356 0.00306692165596845 0.917375425791007 2.75986296065975 -0.215442004119417 -2.98925496505881 2.26987678126565 4.47102151292816 0.306266332185999 10.5113242794207 1.61197742878462 0.0947296103462745 4.33906396103373
-3.46623016364127 14.6843197547601 2.11570100271852 -0.202482326800891 -13.8466927482506 -5.14268349536322 0.90887736260954 2.48199894489309 -3.61226468021525 -0.00861438901201717 0.66034907979861 -2.56244883041736 2.74844866829363 -2.96609109544214 -0.369224119479835 -1.06601196851461
-3.24318651387315 6.43374981382389 -12.3044944631901 -1.42140227436909 -2.47356642065553 -2.26566098177279 0.0188273549658941 -0.652800340242587 -9.68485168972259 1.65622997389549 4.41463812583257 1.2005423841908 -0.172458925189014 -1.1470159028361 -0.550280720855709 0.425988306415511
1.026240106839 5.30666808994204 -0.303404348973052 1.31289704306472 1.38430208573296 -13.6131647702922 0.279778759988557 -0.819382678790642 -1.4259779815936 -2.01856792638818 2.03799451792903 -4.60058294839489 6.50762688169586 -0.540921001208122 2.1897869606481 5.32297856063632
0.697499216133716 11.7386767704526 -13.3604803042563 0.265451513800145 -1.91700555030735 0.465461607829476 1.21544469398012 -1.21934162073462 -3.66427951189879 4.04615902999995 -4.67895427632271 -2.45820160643833 0.926561366602337 -0.506821495320743 -1.10530037808164 1.26869709257149
2.89446834750216 6.10922995059922 -4.65517248876593 -1.33260453940635 -0.443615131791374 -0.631500985338768 0.712785620058824 1.48721837680147 -7.4199713030989 0.62247352120622 -0.0222723601103012 -4.21671155677972 -1.96548274626305 -1.09616577309207 -14.7104816414828 1.49106985041593
-0.549004393567529 10.6513651780415 3.12635465993883 2.49523098381312 -0.0498949696756882 -0.0440748315360985 0.438225903864742 -8.07480172485176 -2.48485107913288 2.96930567801152 -0.196698184475477 -3.80103382699591 2.52236821657831 0.164420897739812 1.30180281108958 -4.90440459500544
-13.6220959216054 10.332341764699 2.42905838022253 -0.9543776721946 1.41567770233886 -4.54193625144013 1.43942859846837 -1.50581754918537 -6.58511538618977 -2.55931808147434 -1.63812867817479 -3.76125030168206 -0.616592436904111 1.96884215062202 -2.72129299771673 -2.24094073552032
-0.202688505335385 10.6632772994228 4.120652057404 -1.03566681425991 -17.6223607373115 -2.9249950646743 0.457711460351416 -1.85646968025995 4.17824866206564 6.25495771123738 2.80384060245802 0.594727170286973 3.98669751950794 0.597209329448099 -3.09356093305941 3.52832034358759
0.903401175207392 10.7311571126648 1.86774849236442 -1.50209059331083 3.89803914459899 -1.43033203230293 -1.04066435631383 -5.99101634000889 -2.19631842225091 1.92224604231602 1.52963093866727 0.241403671137619 3.61082950608686 -0.894765256474558 -0.714844349550574 -12.0913999538806
-0.948876237964865 6.45906004509123 1.55958613385515 5.46715777985875 3.81311432130971 -1.29235124262177 1.90771363196851 0.787034428456857 -1.06840649110613 4.28760311344163 -0.154824771538868 -0.976686266193707 -0.137154160726869 -12.863539757614 1.06582701410094 2.53076418010218
4.86927648461019 -1.47012991152028 -3.23374175609314 -1.14725445119437 1.1757102984361 3.30995943145093 -0.514374244693356 -2.06562852259472 -4.81692872584098 -0.276129778343347 7.67330020879774 5.06677839334465 7.46142721172424 3.47527693508789 1.54854316986249 7.3712055801613
0.321885787946261 6.36729085680331 1.0658413651656 -0.90374109642545 2.9423469657278 -2.38389559015532 0.550121964718047 -0.114765878616226 -4.40453161411566 0.976833642145384 3.23958232210008 1.0190341511597 0.290733168252555 5.7282321764391 1.75321791389965 -11.4375941664989
-1.2802108353005 -0.982094443802387 1.95402020014392 1.30480617970438 2.99354439519188 -0.434728528811045 -1.58455552590069 2.02137947112109 -6.81296489563542 -1.96043044679357 -1.0800828495199 -20.2936087928837 -5.05702116931233 1.35940942865976 -5.41277829779901 7.82325656017405
-0.364845106883003 0.0714988886547596 1.86658724432601 7.50083242887629 3.91278997143121 3.6691728044882 1.79830852504784 -0.103337715500842 5.7485487309043 3.27223306073726 6.20037788193544 4.4759245504187 1.62435666392382 -1.34437752444166 -1.46107333041832 1.35975531933009
7.80838980137457 7.36643063364223 -0.622386599785467 -1.10246429672743 -0.2631555237184 2.73291728655273 -1.50988787603411 -1.73700744794959 -6.42614204666864 1.65366039990127 -12.9471699348886 -2.55570623696339 2.4912199149363 -2.07524364287885 2.50796294101599 0.79403940512702
1.81178413908496 5.68127358575258 0.494286963834394 2.64912300113651 -3.42203029005199 -3.26239990287459 1.6183462904845 4.9196235403294 -4.03786785451165 4.38194072786926 -10.8493058080325 -4.57716751212847 1.80110786878588 6.67067809239171 1.58244388368114 3.80025013447037
4.17250346339939 8.200092390177 -8.14167477834172 1.29707921817183 -1.12176160843095 -15.1339336364254 1.48611169878425 -3.02269823223008 -3.81422250883257 -1.76669868954822 1.9936222573948 -1.47439657899112 0.245642621778455 0.0676425613960323 1.84780705052052 4.58777957196927
-0.625282045697249 12.9825197483981 0.899413498513435 -9.08127483461663 3.053018455125 -0.512458894965397 5.85147547095181 0.892316463301464 -5.74178217938353 1.72468355834696 4.26462990922538 -3.48251891370535 10.9013068693592 -3.31159258689402 1.30948565294945 -1.77689150322978
-0.869243030301707 1.48474576253421 3.25523025779772 -0.159854137338115 1.17239558362114 -0.960235268912653 -0.186024920605202 -2.17553103845042 0.38548604994534 -3.48311758218161 -0.731546755830279 -6.37680877156313 -1.01661922337448 -6.86338504033605 -5.10699341055177 -2.24725629294442
-0.366487832790006 6.21050847200359 2.03016008686395 -0.839391646173549 -1.175618811658 0.479082019065919 1.49414328284478 -13.4990955745423 -2.33344672880362 2.14276273671928 0.841733225913422 -1.1433482542863 -0.260312203263148 -1.62870199909438 -0.0761178529927995 0.930973834250792
2.03149657739739 7.76840117058811 -16.4950721704752 3.06487152427981 -2.88415064454564 -2.4660270118109 4.60561817894479 -1.23122141246606 -5.96868186595208 0.0123774678046955 -2.77418989319776 -1.98378887827473 1.86491892837022 1.31429797775397 0.439590915267308 2.40296474750709
0.513591779386683 5.82619883622589 1.26262700810924 0.907364032990471 1.0414336567778 4.48661902459178 1.62507877640412 -16.3262278543842 -7.51868548008299 1.44395537419956 1.22139369973543 -7.00469496324181 -1.30135743340894 0.964554221601171 -1.4590182269866 0.00117877712357739
3.41030543746454 8.42392119563301 0.281132600590977 2.31135054809516 2.44347919424324 0.282835713487735 -0.928375429616624 0.087309025737739 -2.86044282609531 -4.65708230263631 -8.92155039147579 -1.35702619343951 3.2689529659636 -5.22372793675008 6.23911222981579 0.168868228014678
1.42436466974415 9.14733330136993 0.541879821064072 2.2035830239586 3.56209839505643 6.14961941762954 2.34146175281708 -1.27241490488855 -11.5876774624005 6.49567226359381 3.36641138065685 -0.406418049308468 11.503084014772 -9.1346502161673 1.80443119497216 1.62597289123325
3.38412666268903 7.97196104525648 3.3112139683235 3.08632921268113 3.62130952191838 -8.4539052623607 0.783409901297517 -1.79409361838756 -1.31162819762369 -0.88142874054206 0.491707996685399 -4.48442473387633 4.12048300792926 -7.2067198059158 2.23106007109303 7.07161305343119
1.77321468217604 8.65028191026975 4.55029274085064 -1.6419173728554 -1.48994562671039 -1.14862279308868 0.336921087002245 -13.958032936329 -3.39311990420958 0.609359091281586 0.23949133153443 -1.43775920350161 2.21349003059874 -0.540640571974771 -2.96671137573701 2.26803447302935
-2.30446442580979 3.98679333366246 3.06566074351499 -1.57966851351232 -8.69130148059875 -0.0687629545254151 -1.75608593674865 -6.33213144039932 1.4113972012647 -4.24404059422818 1.92964521567802 6.66265659039055 -3.28964495435694 -9.61225021779032 1.17755918112428 -1.45602157294834
1.82343416404215 13.6232403926787 1.52151035209342 0.825159610753925 1.26906095215631 1.90171164984577 -0.797868661286364 0.12155685437184 -11.7096259111305 2.90913259266332 2.94274793933047 -1.30502183583399 -13.4070243183339 0.148492430544835 3.34148394967246 0.744930017124397
0.949712617502032 4.53438876223693 1.40403651450227 2.57513895523249 4.30781454742827 -0.439061537733322 0.131700623908035 0.563273961841245 -5.95465714712168 -0.708927627299641 3.64676401027189 -1.66875781111574 6.60866890763916 -12.0489046294501 1.69986548375389 1.90044469218888
-12.3149882288682 8.34650948908733 1.40644576953956 0.303201361653842 -0.092901300383441 -2.31968131527972 3.75477846687816 -1.93904480593015 -7.70275180300891 9.63904852891665 0.345921764805903 -1.03644770375327 3.43627302592683 -4.94640536995187 1.82495024011227 1.7373824179899
0.96087283325371 11.0047494716009 3.82761002540214 -1.1102038395186 -2.19046016287023 -3.17359493862528 -2.16604084064426 -0.538438698742144 -4.13715015846255 2.22844644334967 0.312605579522038 -4.56039357962851 2.65677182610863 0.453265039951596 -20.0429710236073 -1.23705167308099
2.93455958373097 7.0978702913669 0.609140784018796 7.8411940414606 -1.80088716862176 0.45041768885943 -1.00027400087008 1.29337703806931 -4.2994024469032 1.87497823413742 -0.808789879955427 -0.430138683600259 -9.67477263810524 0.635643661582851 2.73021789218995 2.74640673654713
0.402102930056128 12.310412302312 -1.57612308172237 2.00421855247937 -0.788637723490622 -0.24555397397022 -2.09575398436647 -1.03799684523335 -7.5312844213884 1.96136413991293 -2.3115955848578 -1.56658714777598 -13.5326839515471 4.41878954351962 -0.536921612715208 2.64715499566622
-5.85097213806735 11.4702285155976 0.190962558751905 3.86592116857099 0.31542711227533 0.536602601264396 2.58242155284031 -0.973311045554917 -3.37666777416953 3.14506459418452 1.77388252496673 -3.9648189386435 -11.1045102153299 9.0641282242092 1.02490600040365 0.861060221106361
0.654044022863443 9.04340768814883 1.20725459903108 6.64679924113874 1.69816985370285 -3.12788493866032 2.11955647644218 0.906179480474067 -1.64659151882707 -2.93271929315516 1.09598319278213 -1.26290415945232 -7.43491511567582 0.321442176260827 2.94183529293441 4.58343463513619
-11.7748474489797 13.242838395416 -2.79122692475862 1.36149949132925 -0.99926159992075 1.46805010143586 0.680471197166933 -1.19144938008722 -3.74613191837803 2.01906632385051 0.317834548212805 2.23485153488667 2.2023589216281 -5.71122286745707 4.13708269071671 -0.0700507747261843
-4.02184996593509 7.66602677747255 -15.3315702488848 -0.266917444539638 -1.4008516445641 -0.447842931172327 0.688509652852858 1.39157574277363 -11.5848149191437 -3.4559758802045 -1.36628928920654 -1.98556066563053 3.4632391483605 3.96046271737312 -0.931915718193318 -0.796512670547027
2.64544913860121 9.06266268642912 3.5575516562689 -1.67208494446072 4.32173478244488 1.83868469600898 4.93143083342656 1.25360016551381 -4.59885076288822 4.21733570348691 5.17375964410789 -3.4687774581894 -1.3430198858573 6.70202163301675 -0.89465384112539 -14.1014883414589
-0.294563842303033 6.9679262986792 1.04000197529462 3.81036102232411 0.398453066914739 -0.469176986928967 -1.71674263478975 1.83130283215231 -3.64812596318644 4.05071780811714 3.56274521886059 -1.20720148880019 -1.70280434144292 -12.8195978116973 -0.693488676248884 -0.852694926777141
-5.66049382162493 1.80627218894522 -1.61443150523122 -1.45211658405667 -2.52863005674277 3.06353988868576 -0.275378037533237 1.78939615590713 -1.48615771667943 -6.4476557658622 -3.42940522212136 -2.22358779018932 -1.8910907491116 1.3042919749685 -0.449269606255993 -4.43572054746752
2.9929171872934 3.16204568818121 -3.78426431750163 2.22092594756669 0.999859272117698 2.41678401256765 -0.328594695660849 -1.92538477037725 -7.10711974200046 -1.19792315552787 8.52638038596055 -16.0671759166792 2.05677732843585 4.94994557168827 -2.09944935984268 2.47080761542808
1.86008124381055 3.38785028922904 5.36482074970809 -1.42758088429993 1.5420668815638 4.77553262162045 -1.63203867176195 1.28418468317747 -5.28790164338124 0.127586271108484 -0.6494710490379 0.35310274714999 5.00844850114365 -14.5503992967219 1.95683451754467 6.09235558535454
1.11151981066553 -2.51314252834346 1.03813410080722 -0.840191152145826 -1.8307739126651 -8.87894698119873 -4.26196316127232 -4.00114447794376 3.88083882419916 1.67548367841882 -2.89331265860878 0.386178659468051 -4.15349171769682 -0.539586299954632 -2.10190963599498 -2.15296592441909
-3.07606108113393 6.80953207054499 -3.52709967868051 1.82980930858672 5.31112770746825 -12.1696586400692 0.400684938504964 0.831859319184413 -8.47603846154065 5.78245670775353 1.44420001366179 -0.863373976516622 4.636066581791 -0.816673318635638 0.661208828647019 -0.0583406651911322
-1.49382506691005 7.47286023213913 4.6459795958714 -0.0559967364635663 5.22446722600947 -16.3783390669504 4.68446288997328 -1.21575995869348 -8.16388658553986 -1.91842967621175 0.331931455743709 5.00166880047465 4.59791540528563 -1.05121833032482 1.57565012074169 3.87649801557039
-2.28679089255907 2.50236626008318 1.38506572625506 -6.47434910724369 -4.01404401128734 -2.62583595610753 -1.85436977279179 1.97340713211156 -2.73846518243354 -0.267648444704675 -2.10817576682944 -5.87978711148431 -3.65268939050561 1.85077848277829 3.64259014537617 0.931476180504205
-0.0159496997388784 -0.500899294039053 -0.65176560934944 5.73432289262497 2.71731208844717 3.38530739423144 1.55506352737455 1.79118044933898 4.99904253222478 -0.349522917739927 3.70493581411015 -1.15325492298456 4.36746751229993 3.92326744433336 0.755709555271081 3.2507997186597
-1.26664564546606 7.24302240179804 -0.0357558091489434 -3.10109026569426 -2.13545669925014 4.13411745441063 -0.127746575153833 -9.87772794470889 -3.85738724372506 0.884155860706678 2.72703191059888 -0.710653699263865 5.77708717019247 -4.36510809102935 1.91518941795297 1.16197690445144
-0.327522294642342 2.28892989337737 0.680507150986849 -1.27351665739292 -1.66558424413228 -0.433907114818447 -1.50579847648139 3.51691899162217 -17.3902333588553 -0.164785851444675 3.58837214477302 2.44439942013564 1.52334001593803 3.29931226699418 -3.58762080626802 1.71732069121438
0.853798959751433 5.74964325744636 -10.6313328134071 4.0415438294143 -1.31830328926151 0.113206955872498 7.09413099875458 -0.074602201375728 -1.57642552651554 0.705797980779003 2.52545957304982 -1.43242880431361 2.26906069867869 3.4298199761141 0.56164327011289 1.43160349872836
-0.441628249194853 5.01479183733078 -4.366997868177 1.25180693211253 -1.75988711521019 -1.01177001114627 2.49079984732207 -1.5660712097323 -19.5410877519743 1.5733115871663 -3.79278991341272 0.638129204707325 -1.66276675032138 0.252268191323633 1.26653715881132 4.85142562973368
-1.3080621199664 5.72862609816694 -0.321780180711378 2.72672934468901 -13.4607504350654 -5.40633360021046 1.88506136696538 -3.3060877172784 -11.5899818608106 2.7962754865899 3.12249858216992 -1.52139427150341 3.123943066724 1.12323086471531 0.544694776703981 3.27184441309844
-3.88707341924005 5.81602534240081 -14.8892562682338 4.00634676665363 -4.57232631387639 5.25661839354956 2.13826526371809 0.576196160985123 -5.17343018027407 6.53322659412568 -4.3554188709197 1.21937935697395 4.03482131758078 -1.96872836621244 -0.319696308462521 -1.04622341221959
-12.7998910390553 3.41654413136728 5.34526885912122 -3.57301079506715 -1.33615336987632 0.390647190107931 6.45119907669071 -1.85703805064767 -1.47263211268993 1.97290422946891 2.62027902150576 -3.09505534064553 -0.179653287866968 2.41766007026394 -4.30796026425357 5.00788132868162
-4.10088856873035 1.22433107816134 -0.123657060233553 2.63696118576048 -0.0332564235435867 -0.145681950444138 -1.11977074100318 -4.37167236144261 -4.25664540321807 2.206392467072 0.862203638367856 -13.7344548662878 -0.639417304307834 -1.00585784044601 0.708420314244304 6.0332919956414
-0.0499983643450861 -0.214181264886497 2.68341190466494 0.31762789252024 1.72987232080092 2.09883139939634 0.685051763282015 -1.417005535171 -2.48725457180719 3.24191187822689 2.09682691828216 -19.1780170696483 2.62223185311279 1.70098968860338 0.120537884070708 -0.406875254809572
4.03664766692318 5.03136800881115 -18.0400348481944 0.564538542958669 -2.79994649989478 0.886392095418492 -1.31041078354902 -0.479057990863394 -1.28680237982739 0.817591811144241 2.39462592501936 1.28593409864838 -0.366130172901133 -2.72547913774168 1.38539814732779 2.69158247977697
0.0211817856835297 13.5204523759856 0.410871430020083 -1.33335076981292 0.841948870414727 1.62404119721749 1.57327018782519 -2.75188189426277 -6.65992190951362 -0.0868938948180937 4.89974757303685 -2.18802804696132 0.723810634911098 -1.94024284498945 2.26824395716757 -14.9697641016368
2.12041301184803 6.93150193443712 -0.0429132010720156 3.87989380375338 3.5950246490078 -13.3610221283426 -4.76121171076982 1.57863634783032 -5.15274940361517 -0.769833266355646 3.66075990611804 -1.84843604588034 1.08774493374637 -1.57595866149185 1.74044302028497 0.297274683995138
-0.442594850238602 9.35977736678351 1.34534514872209 -10.6561171694872 -1.55802207106307 2.73477793225139 6.04046971116786 2.3067634640877 -6.88344274614716 4.62950030132813 2.1488420597681 -1.32192972684167 -2.91070117728439 -2.79255336651925 1.24485009419472 -2.09843146795131
0.780743096343902 9.93721835253031 -2.27143074837811 -1.31966161308478 4.18988218964247 -1.5601464325889 1.95145910124789 -0.317120866855616 -0.668983617744254 2.42873453414922 1.03160582951679 -0.889084317340737 4.92169640061555 1.59539024408156 -16.7124734347847 3.12845236979693
0.590499557530605 4.82916441908684 -5.45752213024682 1.7068204972811 6.30796397401465 2.37968551223635 1.31214893261797 -13.464802230872 -8.25093287759201 1.48657202974712 0.316126575341344 -3.4230144755861 0.939883294052617 -0.0345632235950351 3.0859205507246 1.29388811806798
2.49138605589659 2.25105762861879 -2.87171354781593 5.52264021021686 0.749586929123543 5.09456827393533 -1.6419922622635 -2.497413214039 -4.44215909348432 2.30694729598371 -5.25310630106079 2.49512282933635 5.11794002232991 4.75697849684179 -0.568134928670319 8.7766291750974
0.481239302705926 5.68301111539875 1.1690359658392 1.15332914468487 2.15327664981964 0.607403532690635 -0.18705964481832 -4.80599928013109 -4.27656405842499 1.4613966614517 -0.248825492724506 -13.5398303176926 2.05524184994902 6.74513910379885 1.43674271391135 -5.43455046057186
-16.7346314534668 2.82791388793659 0.785306160998325 2.31436187642862 0.726607277112775 0.00803122717711258 -1.79182213790635 0.363934378242899 -9.23828672798605 2.78990383106233 6.18755744715974 -3.74847564540756 0.979693842194834 -3.21287282503969 2.75424616317367 -2.66704698808993
-1.26800616793004 8.07831421830204 0.266626933524028 3.20284218610122 -1.77736854830761 -5.69044407433708 2.0882184323477 1.11449256470898 -4.27461708459196 2.73157210177182 -7.87070968090231 -2.60046890848476 4.09318395910428 1.68539934116085 0.363896293215351 0.0642083219295952
-2.13022262822299 -0.91261999176848 -0.0333178142781853 5.63480338126566 6.63110835325827 1.56863093901024 -0.269617092497817 1.98231336391263 -1.3923867812465 -3.64775776519273 5.11313688955572 -1.8652762506954 3.22435228245974 3.17891887842411 -0.22313331564797 4.4075183712273
7.9898931619376 8.9542626461067 1.27073120890024 -14.0561391191121 -3.03339560508382 1.31763881267798 6.11368831914788 -2.78153042404111 -5.49658976895739 1.26190017314084 2.50814717148891 -0.123743641667569 -2.14977329668812 -0.273310637186795 2.60217539982413 0.260078953699559
3.31089784916087 2.34123137378188 -0.647875231679003 0.161286606943937 3.12312566392057 0.913944187234801 -0.459338502661899 -1.96762927219638 -5.71698006318071 -0.0797253170646262 1.29873026980194 -15.0393237838402 -0.128057484530509 0.670816780697143 -3.39154085286648 0.540199456149183
-0.0208346432833414 7.30958787204886 1.68900631142311 1.70767181833407 0.465457432565957 2.60095454218939 -2.42317607752215 -10.4000141838769 -0.64534369578366 2.55938362282941 -0.616492958170447 -1.40131117335067 2.09632811987507 2.66842304172827 -0.604956032365722 -0.126993834253785
3.98616787455968 8.29243555814148 -12.7178090502363 -2.67232767806728 -2.29551549896995 -4.72209096752602 -2.01735605660088 1.42730145755276 -6.48946522809251 6.6951441637054 -1.08122450024234 -1.63719565679291 1.32552979566814 -3.70481369257738 -1.21684015620571 -1.59904844154804
0.284391096361661 6.36442877116595 -3.88125292322862 0.365426369399739 -2.39933383158256 -20.1320743609588 3.44556070194493 -1.4786999631179 -7.64347014257247 -1.55062678954844 0.667030100086232 -4.10172236051029 4.50267462747272 0.174805184668033 0.985307058734581 1.70522987826688
4.38354809883461 9.84154314636747 -0.177107444701097 4.21262389546637 1.38923238683084 0.71479102920078 6.04858212149897 1.51278647537298 -7.13514467505235 7.05639343005057 4.16236499451577 -7.02035326627322 0.347069469893886 -1.50778503409373 1.85713864270505 -8.99847160243212
-1.57003159336849 11.7875326520763 -4.43517346922176 -0.702236622620144 2.93781207407626 0.549916665175344 2.14771718574042 -2.05166232263777 -4.16293666251974 3.90389000670881 -0.338469425927547 -2.17953462800653 -0.557530978205493 -1.05329518159183 2.71472018073103 -6.51771690660032
-1.59285937320122 7.89412729490025 -3.90225851965902 -0.230688620423006 -3.56254062648791 0.433374338539658 -14.8132138180295 0.710404592391554 -3.08942518757913 4.99218497808447 4.28299327298139 -0.971724753760228 2.61857802812966 0.645976411169488 0.396379064980651 2.29443610233764
-1.36753280299587 9.35578455504773 -1.28607071394309 2.19634719794037 2.41986528592151 0.744634180074441 -4.39277064284568 3.21958447482866 -6.05893611770499 1.36846256773097 3.23513283886015 -1.91781123804904 6.06258074597567 -0.427156939017911 3.02565877907737 -10.3535256578812
1.57974713898343 6.12095931776252 2.94730651045509 1.56550972169622 -1.34421378103005 -11.2313127342293 1.63477188123513 2.86446640692587 -2.07016218590695 -0.783904829377607 2.50880222804527 -2.96578245162204 0.737839971059513 -7.74649689975475 0.931599332320763 1.68474628336997
1.92921798448836 5.56097748037123 -2.80595474151851 -2.07227506816529 1.24290532857936 1.38347540119832 0.988955779291311 -1.07632446998569 -9.74221778660828 -0.722805132153332 1.83155780517356 -5.02227207606965 3.73671758065447 0.972432890147713 -20.7771590094149 1.53445205627869
-0.191906630772134 5.67170846541744 2.05151947202105 3.05170700658165 -5.39175278153758 -0.344934100289225 0.1111186745935 -20.1917596314406 -6.79060227246599 -0.642499819135836 1.93341083960129 -8.51171213201986 2.77484286527151 -3.66620780566728 -0.425741659551449 -0.621780066738068
7.66380479039927 3.38997118671833 6.42142490709602 1.18782912671214 -12.5450893579497 -1.47109070909421 3.33192938893632 -5.29700181983546 -3.38797088475436 3.15446597464803 0.619649693851994 -3.33195772528007 1.73805029280698 1.18675563213685 0.259399861500867 1.96409454844876
-11.649541989435 11.4728431898095 4.21333762699551 0.183603254365558 0.614625976919469 -0.868683676422881 0.95638440072704 -2.77692224422452 -1.39704837152427 2.64917202467326 1.49493194777243 -3.94954961809563 4.50978652268954 -0.414058872624393 0.41086992918381 2.14346895132527
5.8234561314247 7.48723607266448 2.02588879561177 1.39441272312153 0.038698368871096 -4.36564991756635 0.294063582839629 -3.47174022817354 -5.20294313593409 3.17218378681499 -18.2703676576673 -0.844332953250231 3.82730889552405 -3.06222000700264 -0.685132135759881 1.24647909093852
0.786337402923853 5.72841417949686 2.92081185040175 -13.7056310253107 0.661925882824483 1.91279680735659 0.748452619896054 -3.74864645127828 -5.23134369263507 -2.54065118226014 -4.76235487538696 -2.80926422807382 3.15611183726033 -1.49546058166436 -0.214741610675551 2.32740187724416
4.87724440956865 8.68104896965523 3.52680449507292 -0.141107111987804 2.54249382397839 -1.81274949232468 1.89109357697778 1.44568541170863 -3.20761428218443 3.5485105709508 5.24095892972214 -0.011488657325045 0.340123064299906 -8.621719408146 1.3898638602492 3.77817339861416
-0.557864888781622 8.67432712711788 1.79296028895775 -2.71728231602044 -1.65811497262672 6.1805231158128 3.28823348329079 -2.70723657252628 -6.21566275204349 1.34397613491054 -8.74701537865327 -2.51401541441987 4.01728955385244 -2.88606883218842 3.45029785885422 1.12607586507995
-0.257873380356023 4.80494694682158 0.372209037468219 -8.28152333567326 2.74096882311811 2.11085550744558 2.3232410295536 9.81100361356954 -3.44340698937858 -3.09640147801868 -2.76174484544465 -2.56727720377039 5.33460244819595 -0.575182328235183 -0.192911222229482 4.40230191207868
-0.890911167130357 11.6846114147134 -2.33222535224417 3.50350027052455 1.45212280300631 -0.689492769270087 2.57910765059701 4.90712194008935 -1.27172179860931 -1.90657934489687 4.63480551517483 -1.30377640642428 4.06967583433518 2.39426973458927 1.34416723056777 -6.30783352305164
2.08659237005694 3.36602911675485 -3.80727468611739 1.91487720873281 -1.3478620559552 1.95803311071375 0.586321853995155 -1.60765733928497 -2.61694512931522 1.32593204959447 0.276778488939355 -0.32444009056738 5.01948272677127 -0.666580055681084 -10.36834618323 -1.44539973392276
0.826363361133523 10.3896721515408 -5.40815220784398 -1.82501907614119 1.40822581467231 2.27518080922324 -1.32702139366051 -0.799663810963721 -5.98819560731675 0.268545811378931 2.09557917828991 -6.64688371832669 7.04765540214842 -9.41040158548051 -0.345363567658234 4.7709157071239
-2.1290137553843 1.92335648854984 -4.96550712131121 -3.7842570304182 -3.32051272267185 -6.82484715869459 2.54957815086736 -0.848082376071053 -0.200088086224817 -6.44893137471088 -0.676610220991083 -10.4108605782548 -1.83961420610292 -3.58509714991133 -4.44348937102681 -3.4919995170024
1.90098578040076 1.16271740223681 -4.11769651634875 -0.198086406399276 2.91499967375892 -0.256898536405655 -2.89864831242801 0.0735752373931877 -5.29695909907789 7.81706168516838 3.68336783897931 -14.3126564825113 -1.69351260958284 0.0528653202182043 -3.16155543148472 2.26891684749035
-1.82726276546746 5.53151219843867 0.924051279349076 0.376548374187164 -0.152485996321386 -15.0081892926465 -3.31172207381436 -2.17571339926 -7.49582774434028 1.16595864566423 1.25819776938729 2.93741951099963 5.97605013917658 -4.04227268436362 1.23778942991176 5.84041595375351
-2.27758229740063 2.9807358709223 0.473485896192592 1.50581019441607 5.98006506727039 2.93740791784293 0.468213331842143 -3.35446880323517 -4.02859884381516 1.15270382946972 6.15002820678528 -10.4330433754355 5.01795257577056 -2.22923541267048 3.27435717710581 2.89370531257453
-4.56133480190399 9.7663061577912 0.197373064929856 -14.4633753319786 -3.28294013162922 2.56494865869342 -0.467050996449851 -0.613658261746311 -3.91074572538467 -0.60391797725396 4.82916960781036 -3.60581115714812 2.40830970295247 2.9351400581543 2.93966485522134 1.61519734397419
0.689933813803739 9.61769454833558 -11.0456958384666 -1.99911168339332 0.436419886032982 -2.96958286391987 -4.40955805633347 -0.785270371977601 -9.126659317038 3.24322115767965 1.598257685665 -0.824772513064313 1.92932263602281 -0.95958412092348 -2.86971595497178 -0.423833233501099
-2.74677039355996 11.0737659588621 1.69872812122118 2.12665427606855 -0.0671000815120801 -2.12456470950416 1.46092117239615 1.53178953921518 -5.41141125764991 4.98469481918913 -15.0571073464979 -2.54250188171878 5.52731776860511 -0.995813037418361 3.23658066461352 4.69146845079292
-4.99267243275385 7.71832009243144 0.0362699186833971 4.29559818753656 1.30498912471389 0.341257753406941 0.900651931700005 -1.30939192905505 -6.17153987767895 2.07560525711018 -1.01951578363383 -5.23418815506002 6.08571673122509 1.70525652932834 -18.2189609207435 -0.0820019789230713
1.44584158823459 6.0458852667521 2.71029355283855 2.13316147994436 -2.98689923800353 -0.464519409435039 -6.12760854284168 2.91337863066316 -6.754911592213 3.16143259449904 -1.18220687242332 -1.78424443914524 3.72951429644983 0.330027848564412 -8.68420655615559 -3.33682357626355
2.74155329893806 13.2031227457935 3.44682379940695 3.01479057633132 2.65413532517129 1.81069811666041 -0.681543970112089 0.421889494709672 -5.48939830654303 3.42254049965686 1.91807602542795 -2.06193376049148 -0.436470226218569 1.83200873130886 -17.494273437766 4.63938576357801
5.08678385580608 1.66973559124642 0.813404147334689 -2.8699908772464 -13.7234465800156 -2.08609003657651 3.24562323525818 7.3567627324316 -3.09938234123938 2.16033001888918 8.42265710044873 -1.9486301836206 4.4342711503779 -1.31798579438708 4.27188058729592 0.0271414481314565
-14.8899137287557 1.96475910307895 0.677791322225952 1.15365421033223 4.71447486860449 -4.54835825795601 1.8719242614352 -3.23847968623256 -8.97356004600803 1.52613259700422 -3.17332794537635 -0.800907176030223 -0.312581800781925 2.62381142498198 1.0185624978551 -2.90532376491146
-0.0139603341166863 4.32462859752388 7.23774241458905 0.897110026602011 -2.56515927709598 -9.78078438168149 -2.83383101856432 -2.46313103846305 -5.60500969812305 -1.50987364717834 2.62558142354737 -0.0511634482624608 -2.75725390743575 -6.06259603315966 -3.46272858164292 -2.95478455855316
-2.70821067691124 11.4779004605336 -1.47351348610639 2.45676465672093 2.31016917170101 0.201969716493856 4.02961187597791 -0.264010351749096 -3.53453296499189 4.90881959993364 1.79716350394071 -2.04850042486608 8.16117589379224 0.927678048377685 0.216881400190919 -8.14338218345201
-0.0998284905881648 1.1718177050298 0.427129615886074 -5.54933462322384 -3.94295157692166 -4.10818716988595 0.401456074488594 1.91335055517919 1.39357140456936 -6.12576935050411 -6.32348121949196 -6.15082805096757 -1.9306723245629 -4.94610190777187 -6.52806901737835 -1.63197678896847
-1.36913340032302 6.34002282790184 -0.30668722905718 2.05327351066215 0.946814659771691 -14.1758093427527 3.43297880157094 2.36214833445971 -4.4609862439809 1.49973005090088 1.48426990975352 -2.20873736589058 2.49595662268689 -3.59888399831384 -0.000202555858976328 1.5516865466094
-12.0703976689319 7.14853168824954 1.23118920257534 2.12615294033782 1.98593192187568 -6.21289619494312 -0.0789042393899901 -4.23644755952407 -7.40897275815077 0.175193122486995 -4.53764766829931 -8.15182993661153 0.285886118480038 -2.7535445595614 4.1641348949756 1.48256270118129
-2.28079450969803 9.30301846910713 -2.73630616205078 3.83685992373154 -11.0437533650947 -2.33413145281537 1.09211775178372 2.60595536474218 -3.30512298434985 2.13225238841955 4.64840840903655 -1.67418079699349 3.13444322974845 -4.04747224874492 0.668237210936329 -2.99017856117584
2.00260801406102 8.4066338149829 0.524743380321447 3.23757152367357 1.69695065557819 3.28007305825845 -4.6320167333698 -1.31997529145064 -3.84504215624265 7.00345919301142 2.77700391316838 -0.967847133491376 6.1726373438286 -10.9018750656412 0.351848729266338 0.505671286686635
1.37708170804555 7.57107375458738 2.31099333190794 3.41779734885182 2.19922225215977 -11.0011424816138 1.5368347228904 0.163153760684734 -5.6911771035303 4.209542040019 2.60642159805288 3.08140465968155 -0.188355195637042 1.79858174709682 2.91303983400416 8.35853672593289
-1.40765455584791 5.93255616932062 -8.44388409344117 -0.297509035863481 -3.67695212222874 1.4021803110352 0.233646070667031 -23.3019241858352 -6.64347857458499 -0.45407733710689 4.0176883830015 -7.50605311308656 1.27936329220204 1.09887186836028 -1.83562988610034 1.01674329849089
2.41582306856397 6.59346128116444 -5.37020764585236 5.6592336420891 -14.2385772582778 -1.78436441675527 -0.0225249017997324 0.898359375621551 5.41480077617339 3.85183781924734 1.20325043938733 -2.32755298361693 9.41332332391153 3.39778920722891 1.76548169385698 2.05556621628485
2.7782301935822 15.4001571871051 -0.216756863367067 -2.4174085678272 3.08691915464218 2.48624105214248 0.822283378391567 -2.26057538764252 -5.21201441264326 0.935335964213246 4.00626904246547 1.14090151881737 -7.26347852605523 4.87434280237313 0.972585020893707 1.19723942718755
-1.9304056370053 8.21513688828087 0.0127385709632995 2.48554047471573 -2.02463967122057 -11.9731645328522 4.61490776102662 1.37129584380343 -7.55836498265567 -0.278767294882453 -0.440303366918606 -1.81804775683452 2.33173760033707 -2.74335723469482 0.195218159090586 0.820367288444066
0.333201680922788 -1.97690577101887 1.08655486962367 0.462194765137049 -0.0523445959632536 2.11590326452494 -1.16457012708917 0.344584565072325 -8.13769999723336 -1.01498766061793 -4.49617344995515 -14.8760210671311 2.94230120875844 3.08720435380908 1.76149782550627 -0.921077497661162
0.721053025410311 3.40421014438208 -0.354126813651414 2.83942205086716 3.67584911352976 4.10896540097817 0.82652721019111 -0.780863110686219 0.791675334048974 0.830111430006397 -3.86183703888466 6.97825405931255 2.67003764429423 3.94964026478381 3.99532729345047 5.96820436996604
-2.2331074500823 9.41606104807066 2.49246720787235 2.83665270582732 3.98968295262491 1.2574847076537 0.592734916401447 -0.524342785997665 -5.85937143135434 -0.572079205634703 1.97885841866325 -3.36598274665558 -0.824491450265008 -9.12435334185075 1.06529124107827 3.31824063226845
-2.44755819400809 8.28705254199904 -14.2186292058721 3.24213143350461 -1.87885680947006 0.902289197233894 2.47604924841545 3.18604070438662 -6.49811896309055 0.104022826440389 2.31803757562516 -1.65240612299796 4.20300634898796 -0.00946166231704176 0.471714539845979 1.11096126452183
-1.17555032821715 1.01003762073506 -0.695755762852489 -0.432684104169283 -0.153812821777763 2.53630518502047 1.91298840937333 -2.08702508356041 -2.35624054031672 -0.211502788748758 1.28203185024922 -13.5034073776131 -2.2590276200662 4.12370865866326 2.4122770279993 -2.28248616858374
5.07184315477528 11.870661241331 2.98589520771966 5.22723048670961 -2.31458065288914 -1.80010991068505 4.87026034813839 1.28208435419986 -4.38725085011675 2.46996809250458 -12.1780771381559 -1.00767437201405 2.94369628298809 -2.64042139390778 -2.4193973749092 2.24492197891424
-3.29472934765461 -0.599665292790064 -1.9027649581338 -0.0363786527369081 0.550643181611138 1.14910101306084 -0.121273601071548 -4.51094476373953 -3.66392048396549 -3.70486379211727 -4.06666023951383 4.63112497245229 -6.48365209424197 -5.51538245906736 1.18220638957092 -4.80587479023397
-2.19991299010848 6.17226790313407 2.21840392308423 5.91239637857193 -1.62786298687116 -4.84160922570604 4.78509860750105 1.23201422695991 -10.7026649322947 2.30851596213138 2.22391402498137 -0.967415773569405 4.43516778538097 -0.556953078254024 -18.5424518181247 4.39254349588664
-2.1169117574667 14.0220435933052 1.8850851717064 5.74584355370252 1.32374969240938 -1.78048101962256 -0.895056646364661 1.31955950187893 -4.29231784485017 8.23146951208007 5.67079424040565 -4.47085422771718 -7.29732641402774 -3.63274139308026 4.36522539960549 3.7393207638097
-0.602505934802548 7.96527799735615 0.898158347883959 2.47642874263783 -2.59310701797558 6.86395895266249 1.06368534385492 -15.1760384559278 -0.595206794016693 3.14710950929639 3.3508109698734 -0.853463118172825 7.02696776006497 1.23430301619271 1.55777264399645 1.77200156521518
0.717915410029368 7.83099162187241 -6.23324153947157 4.48875865057568 0.927698657960128 -2.00469690606916 -5.92302646242639 0.319087990787879 -2.12828390446862 3.50068844769544 3.69643458333578 -1.07301294388046 3.69312712506777 0.48952329583115 1.14432234860013 -10.6397502655318
-2.00339480485751 10.5326851880295 -3.07256779266231 -3.81777779098283 -2.28401925296853 3.11676655627307 0.207579447398806 -12.223933341153 -11.8098489875204 1.30946912483699 0.95933192808944 -7.4538719011032 -0.269289898373638 2.43024834699363 -2.2684886899487 -2.60817456281748
1.85103470538488 12.3441626118294 -2.32309164043459 2.9520455226548 1.24243869122024 2.93227517601042 2.19367717343933 -6.8763511157273 -3.55199594157269 2.38487858002701 -17.2733990246895 -3.32167620680257 5.10910089630422 4.4057719102425 0.428746514662351 3.15950236131047
-1.14765326039633 4.19128497749745 1.87086834401465 -0.433636275998438 1.0620845895637 -4.41962411680825 0.306951568018621 -14.1522463920254 -7.84248564679275 -0.537160156263681 -0.589488565912512 -4.03600917135562 3.80370061553121 1.51456842097552 1.45863608311246 2.07225540369982
0.0422712256515212 7.88668708001392 -4.39860910044057 4.36388186411115 2.96214214318786 -2.32161625464186 4.02449838968346 3.06895908601539 -2.7386740889239 3.28805504925995 0.706086869641738 1.55323795161719 -0.494246751160792 1.04367276667653 -10.9987261941441 2.77367160361233
0.29973825009045 4.50508840286798 -1.54612012363534 -0.330951614873087 2.06330396169974 0.645351349999057 0.999347875869587 2.0782670639786 -8.88765063901992 4.82800869499216 1.72300351518435 -4.02798936241709 1.03969446576591 -11.1028820436064 2.57633856428017 7.55018439050516
3.97871153398412 -2.33514202162962 0.176210033749348 0.360759476646367 -0.644351292089772 1.68341528999547 3.75668928503926 5.15441911640336 -14.8765910678988 0.566871296423976 1.48565435736994 -0.833839405604364 -2.3958187473473 0.406057339726761 1.56291665549888 3.58961231941856
-0.428776213536313 11.0808274466772 1.14795807453143 -0.827767691773261 5.21201043865737 4.83025911525021 1.9991874206696 -1.0614723509922 -6.53701892575004 -0.17840834653906 0.830454452267049 -3.81320571590656 7.49496249679447 -12.1795322505203 1.22303735726676 5.45940178695303
-1.17700965241899 9.72119317645257 -0.761235405253819 1.05694707466483 0.800363822206769 6.34219596198565 1.65136943392326 -4.99967537053664 -7.44854204389694 1.35249531331168 -14.4644028044973 -1.21921803774379 3.7223254660751 -0.0503613106181098 0.904986596267655 3.39504908499531
2.59827427435643 9.51445459379505 -2.82103665367766 -2.38102550720754 -13.5096146005916 -5.65420798640869 -0.204199728806453 -1.40990752402908 -5.36715713907737 2.38247631040887 0.361070972244623 -2.61571850107242 6.07872442384435 -1.70853004919002 0.992895853826078 2.07433170508794
2.41915365112584 -3.23874269403056 3.38576236137261 -2.43256658771692 -0.395928337321831 2.1796818485133 -3.11241285586989 2.27899287074234 2.66248276735009 -3.6765314894155 -6.25581842789673 3.53715042954414 -2.61826734235026 -6.51916506475138 -5.23341742607018 -5.21344653798328
-1.22646003968569 11.9695888937956 -1.75413322505791 -3.45726658973508 -5.19983867875392 1.26016118667696 2.58795976533649 0.236371232022179 -5.93211696392199 4.4757798473213 0.4555889618147 -3.52107808758658 5.50510897464744 2.98567667750656 -12.0970641207264 2.64608391630793
0.664591895018164 -0.55223319334289 6.01463997214861 -1.0291677204204 3.83668704826018 1.76296322446446 0.103670122927568 -3.34931712073822 3.9640642618334 6.89450803110011 4.27406353146664 1.74941648080094 0.37567088601645 4.09112832479885 2.4451771340991 5.51736530974128
0.677523766897442 6.4479848662773 -1.86493783917834 1.23766602433555 -2.24407374381945 -10.5051750340301 4.92086182797903 -2.26717747258695 -6.61282205533868 -0.248044762340415 2.51907872566109 -3.54447609078597 1.3056238576778 -0.565834286449434 0.417155974940243 1.48985674005753
-8.93653429492593 14.9584788149589 4.07895133432026 2.19769392218359 -0.966857560779104 0.878802986021058 -0.0558820734504153 -0.0415929314370936 -5.22875082227773 4.64105129171382 -2.7900827184485 -4.2046670718476 3.41950138241683 6.95799538304768 11.1013729450693 -2.37682180231667
-1.06971588210609 7.15848006957085 2.74144212181443 -1.95530951021426 0.0941661268935026 -0.818654876617637 1.92128284158901 -3.44203626091346 -5.81027985658539 4.74523067377442 -13.515632185536 -2.58116864467325 4.64972468380294 -0.109093380348773 0.297524519670271 1.87701728196406
-0.145673821393101 9.68585996712625 -4.12691955097243 -1.4653976599937 1.22246412435189 0.911964185925571 -2.6771197399951 1.514258193656 -2.74838975907397 2.69336677494886 -0.758627616730692 -0.571783554373593 2.92322352125381 2.25775726771673 -11.6301301602099 2.98104381755422
-1.30303486643401 4.1042390241428 0.0220038117280204 0.896606948432609 1.16857161894709 -0.241693375088499 -3.47694454725762 -0.409409095758376 -9.54961097359191 2.66746759254244 -1.3164467085432 -5.90257254199675 0.437670174308649 -3.21654632198919 -18.5959379267968 3.57441582708751
3.73506540607343 11.9867120118867 2.47524295005766 3.21322347370469 0.0621968564410674 1.34312810301535 0.290817327388472 0.706244706402407 -4.92851163724903 -1.9871290962805 -0.775846055069373 -0.393512420614789 -7.55006415322497 -3.98373286453162 -0.308631308439317 4.48203646412813
3.1276296778398 10.6222235126287 -0.93100472208746 -1.5833086818822 1.77702658243965 4.14801184634977 1.74668058443467 -1.90480843458298 -2.14242580031722 -1.30404844956274 -18.8827679322686 -4.66561047624928 5.65953301508834 -2.69437158325706 3.14539684437457 4.2490653108777
0.303389805241109 7.1186243967418 -0.569697220743433 3.20901077933501 -3.10609399430794 -0.414207611594704 0.911018130380746 2.60055560304222 -5.56613359215515 -1.50870693621284 -1.90703368696107 -4.24125481238742 0.680895036653195 -2.08489899412015 -18.9547917296332 -2.40766080021441
3.01547620107334 2.25372280067577 2.28544709284399 -0.562581846619857 0.400304172129081 0.366138177558616 -2.03954381063439 -0.0550130029592654 -7.58536329012796 -1.54549824238268 2.2526002735822 -3.67544245884082 2.4725500756713 -6.19028566525124 1.26425921344439 -0.229564181868911
-0.323060855130581 8.85283785058127 -4.07059529342161 4.41120806730772 -15.6567102779867 4.6656498981669 0.716327303567378 -1.75433469167881 -12.2563230579742 -2.82229641955665 2.99805991859138 -2.16838130426148 2.03740529310579 0.00490689484056984 -0.0322624015801876 3.561544325695
3.7598114051826 0.370238771605214 -1.34872601400292 0.525668317767322 -1.14092305952334 0.852608797312476 -1.15467086880225 -0.193325944229688 -2.52917626671601 0.0761336543036021 -3.4155820167713 -17.1209802001639 2.0368758283281 -2.34274682443414 2.90414518220083 0.842530141659545
-6.28404692485373 8.01323056957226 -14.3725547411685 3.71689103790579 2.86353277716314 1.04441258727499 2.38459665401134 1.2826684200806 -3.21771216033474 -4.47166075051194 0.508023110472369 -2.79870613143211 -3.12665618380116 -0.415541309789839 0.793415981166616 0.106510005798635
-3.28833556313219 11.2181373628698 0.407743098204006 -0.0245449580258872 1.37177658833265 0.998237291474733 -0.59873819774087 0.95629915619163 -6.21890468247436 1.84070860886847 1.86303890741493 -4.21035182334919 -5.99179620982221 0.307058546081922 1.80533251779388 1.28158942848202
-0.680541431040186 2.36572894689624 -11.4925803328564 -3.46765527758551 -3.18113350218626 -7.73649999944256 1.32332715911928 -4.39653264104258 -0.150049334743736 -4.63030773890915 -3.00470770576189 4.9373565949893 -4.69975056569723 -11.0198003617806 -0.814605289095757 -4.25241585856261
0.825887923269414 8.31658903370438 1.63541608328673 4.66325263812027 -2.70775371363388 -9.23398354412796 -0.665306519203154 -2.44796341151293 -7.49355374298414 3.32583438120189 1.09722096441317 -2.68769286980751 0.434274194849146 -3.59205274347599 0.0859384094593865 3.63618619078317
-0.142705650218737 0.155687771391692 3.88413955668114 2.44374776404795 -13.9280444224042 7.00911890193371 0.223796644361216 7.60427103499244 -4.12616640318274 0.92900294865585 4.16471232955667 0.183020563808946 0.805761099809641 -1.2852915909923 0.217286679729063 -0.520144302905794
1.80063306242833 9.07437222879598 1.85816902401151 0.582816860331898 3.04300389067196 1.02416346740142 -0.953120692574311 -3.55953015241874 -7.95348976765064 -1.8200787829706 1.16787391587424 4.68479926572427 3.1216504091489 -0.88081821984211 1.13137959541623 -10.0066494637644
-3.53224089780003 6.80644948040579 0.375518521533887 4.8009992268761 3.5448561970326 1.8748734614974 1.10187488213618 1.09181059521832 -10.6516718278301 -0.721116849097906 -16.5355084382309 -1.7743247352333 4.44289425440192 -1.47997358132472 4.06271835037985 2.89182687170886
-3.22611382806905 9.30573999220207 -0.226771786791227 1.48358763007067 -0.931980304886668 2.52916762301998 3.15079726829715 2.28550759444311 -10.6369979502172 -0.98390878795647 1.8341476679453 -0.574182438309016 3.3854922024993 -14.0141278938805 2.89325590117174 3.64616331605664
-1.61814327353828 4.34165205021627 -5.34936033657033 -1.91293402960778 0.37405358959034 -0.0407616242250739 1.8749855071098 -17.625540648399 -5.32658033969111 1.04855641671014 -2.94061346714866 -2.72721717487941 4.53550020520243 0.0920783831057184 3.25612594063164 -1.79170782990823
-3.75571593333399 8.34547507059544 -8.75109892343819 -2.39010899267233 -0.0800934562067337 -3.03199341719663 2.11236226481683 1.63814287734293 -5.41927027823366 3.1629005898043 4.12458369377204 -2.14468915483392 2.06526129197672 2.14784612435415 -0.152459995342189 2.88075289723319
2.77643863488936 1.34603125426376 4.67403214720413 5.26434904046204 -1.98439372710771 1.90595853584463 5.16118323337918 0.743089951011002 -0.262105655032934 2.1410217844856 4.85710440582144 3.04814370491353 -1.32622850705963 1.29615422587894 4.92681315458693 0.650403492423617
1.38392698088998 9.67426397348784 -0.269053232192693 2.06252435608509 -1.62537473058436 -0.486162854727204 1.3763046523207 3.31120003347681 -4.21015095691525 2.85365715769783 -14.0928860680155 -1.32009137405332 2.21758086431345 5.40244488127461 2.40100054415537 -1.84605548877076
-3.77439382905918 11.2629008377807 3.42591263492122 0.519922648224099 -0.498493264534223 -0.012186121751175 -14.6315434571495 3.24448989875367 -3.79075199118268 8.65890456888603 3.66927156426491 -5.38636812553354 2.47126006987839 0.519521650574856 -1.21457765670978 5.48190352979748
1.82617386486439 4.02585884313961 -0.272434327739694 1.55720145263592 2.33889461305423 2.7634431522777 -13.1490463306449 -0.668801169887673 -3.15400127639783 4.65792854192362 1.42579482582158 -3.03080529901625 3.66558064759351 1.59306775588123 3.1730233059544 1.91716712711088
-6.42521677932081 10.9959286908388 -2.0321583107012 -2.09148039237246 2.40206785228855 -0.393268163296888 3.10860722787897 2.72395237827839 -4.15335990901265 3.73313218436467 0.0879221226784039 -2.95369277317441 0.306972180368651 -11.1902350607623 2.4213774914625 1.32037027014102
-2.27162186949165 9.37625361227655 -0.997880078110252 2.38677194996344 3.48925808772432 5.53796913156855 -16.3671498832074 -1.81878383226328 -7.48972056550426 0.720065990777443 -1.2547217191786 0.0695542870721146 1.90139193535336 -2.18703996486333 3.535585753358 3.10300702433212
-11.5428540515214 10.7774612830592 2.86471862295171 -0.29678776589966 -0.841948354525356 -3.17775950518885 1.520767955994 -0.54110558007415 -7.43327752421694 2.28884224186739 -4.67192628209536 -0.472936414551514 1.13843327875261 10.2060952153934 6.33329406573718 -1.23659809262168
-1.77834592998365 6.7478736454671 3.8081313752169 -2.53370785627118 -0.522028308574224 1.58224596417957 -14.0988902723879 0.840342187890828 -5.75707161024895 0.64230814370776 -3.7080054984386 -1.70742776543681 0.551047611835159 -0.0860954795499219 2.58446862919047 -0.623105794937296
0.784919673871543 -0.123956922986951 3.25116770257339 0.984153329539767 -0.533029540076416 0.209813014635655 0.200079157167653 -2.47568304186689 -16.310204796669 -2.84513855386619 -3.68131452618045 0.798214784301093 1.34983030155595 2.95975628331173 4.2310795241637 -0.746146513129883
-0.2840021638923 9.51474136079679 -6.88127698329679 -1.8596358524081 3.39529870436388 2.62060588058201 -2.35445575831633 -0.0224452969978252 -6.84813457405821 5.30120377299753 -1.59190235946036 -2.14451895208879 2.45318632625166 2.09886460716909 -2.38996814734744 4.09624081158769
1.56569407801032 2.24663017535064 -0.562471767376152 -0.301443755393844 -13.597721894036 4.02943905784146 5.30805968724652 -3.27701206729939 0.678690879984079 3.1902927117229 2.99117930469335 -0.574692827710567 -10.9003037070737 -2.80907569422064 0.0159861261922456 -0.290585096487641
4.29189623846925 4.5042373221481 4.71334098211499 1.60733826648569 -1.10259684990606 3.10718089330032 -0.620881833136404 0.219200809016722 3.47167678097886 1.8736441266042 0.340185352309764 0.967643581732977 2.30168010268086 2.62230801877181 2.3998707748831 6.60615856252468
-1.88259580796698 7.81370328274013 -0.511393323198624 -0.958959756862684 0.302314369861345 -4.3880549456836 0.231319665883908 -10.7432997278371 -2.91145702724499 1.06338158529798 -0.181627854732974 -1.40240439433904 4.38740600718417 -0.587438406026507 3.35011189818526 -0.95213863459685
-6.24517641295135 7.15539927340249 3.36373963266175 7.14751835104717 2.79613024860107 -0.7021119440651 -6.69115788943987 3.04302586230889 -6.95387462259669 -2.57532385081087 -4.04546984020959 -1.38677396654241 5.26168868795267 0.441959281206738 -1.11150278694558 -0.297089463458456
-1.36355740218379 -0.87720216470256 -9.73585089144743 -3.25526206744998 2.25889550423098 -0.159058639657673 -0.89542464322007 -3.46433497145659 1.02762929561522 3.57131283252968 -2.90948330440241 -8.47548340683009 -6.69220034831672 -7.48534288405075 -4.94773311147583 -7.25583108455168
1.88374716118398 8.40114746485499 1.15126257658588 2.03547047854556 -4.30168554860258 -0.0279399252750776 5.43004706838915 -0.213527121718544 -7.1839143454776 1.55991265765266 4.03282323932031 -2.39402205848998 2.60171919853566 -0.993171424434238 -13.4223058141869 2.01806353606819
-15.3790329315915 1.64857953253481 -1.47026611903024 1.51816666347384 -0.0147335247777727 -0.197437890449046 1.31144907158586 -2.83239650240911 0.891587305030792 13.7419302147901 0.443852494656725 1.83923906161075 1.15928837280198 3.41758042353845 -5.43063421275539 -3.80537416842812
0.746393391447993 -4.64105210102268 2.21005886710204 0.589918767266953 2.94259037897228 -1.16144417113898 -2.27227845369315 2.39288853002785 2.60124817167524 -3.36592794336032 -5.47595781359339 -1.47571740253476 -2.35667969282592 -5.33496409271106 0.629716530171668 -1.19572375702119
1.15761629573147 6.44360772702678 2.16645022237846 2.97072107029764 4.19495085805645 0.418148950575257 1.02183940258053 -13.723498384951 -1.89069451977719 -0.182008606047745 1.22912472341921 -4.23633015738289 -5.48218684255123 0.984941571600697 1.89850559772184 -1.59126949136086
-3.22912380790641 7.50223595428606 2.14231902278776 -1.27628840372672 -0.187022777791085 0.447011464723102 -5.40763325558218 -2.07115561297378 -9.53032580217653 0.315700716719812 3.79569420196693 -0.265330941436813 1.88370886696963 -1.39548462092107 1.71473728914505 -1.50834406740129
1.78016378854779 5.70115762726962 6.84626968851985 0.609109828600559 0.576384612358439 2.67775275255774 0.952003621055234 -0.354167465674183 -5.51947957370506 1.75511326145362 3.3825025260446 -3.53574623582483 6.84418460108153 -7.87944139141635 0.980061480853136 4.12006202532658
0.512955171345518 4.57408271830284 0.0803085468624439 0.656291731346031 2.31908791959063 -0.656318221729509 -1.66482021093904 -1.46556589192561 -6.72468758992876 -2.64130134600556 3.30494189954707 -11.8300366521305 0.601436103007552 -3.68633238128561 0.475906200779129 1.02161770946879
2.68601540596168 -1.87204100354148 -1.362281949138 0.618994682226359 0.909213284410807 0.0983863514604637 -0.800144851376057 -3.58918656157518 -14.1910024504162 1.12718823455859 1.35722951472156 -0.166869551696298 -2.22007818861988 -2.58352281478444 0.342027612428519 1.79618985571574
2.83476785994996 6.44107030746494 -1.58733520606185 4.83944669710272 1.98958796659676 0.039692113736079 1.18930310481151 2.99106213965661 -6.52763700950616 6.21168551423473 -13.2589300796136 -3.35749052716239 4.39655772434764 -0.950980651490934 5.25315461700935 2.78083729308018
-1.07400041981985 -0.337885959533681 -0.0462768945573849 -1.30814169946904 -0.159342495066033 -2.42369737914015 4.2945682796839 -2.0979271250133 -16.3605876299169 -0.00723104587834049 -3.34547663542068 0.84506229797633 -1.19751847892984 1.31981604365739 -0.561938152717468 2.71771861257934
-3.09392154429431 8.62164984581705 -11.9993144507672 3.12611933329214 -0.0290026259458085 -1.36513319561542 -0.265326013836935 -0.36692639255721 -6.01113395554679 -2.25858760773662 5.70251547426164 -1.60250833248592 3.45977866397063 -7.09769593545773 0.276421024702462 1.99542688724408
-0.941975400625795 8.53746227936987 -0.598324553985485 2.88002799675237 -6.88995459737199 1.75929824288651 5.58574269008389 -0.682834736118651 -8.91844290357924 4.77098117020092 -2.95061988608185 -0.250836241016345 -0.876356919345741 -0.358754237046372 -19.9691555077772 2.20713474106532
-1.17579514914543 11.2392796886289 0.397398337582427 1.30804305746704 -3.21682002422183 -0.150471965451641 0.374218429919474 -15.1108806417423 -5.07894399761923 1.61414732867557 -4.17295285849643 -0.301056993089089 0.791407945311277 -6.74537448532269 5.66148318854368 4.72342200832212
-0.92805732879989 14.7961100171006 2.55914739460338 1.00168824947519 -13.3100458255867 -0.0394792668692718 -1.37963607106328 -0.125905121939552 -8.4530941543427 8.3830441475111 3.54394474848859 -3.62261532861847 4.95484898203046 0.0820928555871466 2.15582858547341 -1.54668081968621
4.33485061598559 14.7180545412261 0.88544060071641 -12.7196494152065 3.94429489339228 -2.2340279906108 2.41723896389708 -2.73120453108614 -5.3793181652321 -1.33948131798771 0.0234500902363529 -2.13604483677117 1.57416812858894 1.76318211704757 2.99029371411044 2.24834902912599
-0.0915732707965885 9.42603259506242 -1.54834148631964 4.17343570888983 2.88085704896989 1.54704637994578 2.38553513637533 0.253627694998285 -3.1481121020977 1.30072900992741 1.36615912001666 -3.62406061237647 9.41997333019044 -9.47437579294832 0.608043116735464 -2.43689555636211
-0.370291353002689 4.85429344846107 -17.9356086870055 0.749954537970718 0.111358096594107 -2.71754057047915 -4.53821841614617 0.036677747222149 -5.3392522355448 0.942597704721837 3.63410388420077 1.35292364707095 0.141143943437015 -4.34937908623262 1.60167499066039 1.29057463185673
3.29794428982542 6.02382210666387 -0.245057635080276 0.551371320401416 2.10351893133651 0.372783933782111 0.550859445089724 0.880632212538078 -6.18984607437442 2.67624518200823 7.71792187140538 -3.53920555814853 3.01148076688453 -1.39442570065114 3.69470135979688 -16.3772449399497
4.67010922559991 9.37960638497014 1.49767253973039 -13.4159583158934 3.01047411501165 2.21437041751458 1.25475750255194 5.0416268873296 -1.00281403153704 7.22183641513728 2.73221173282851 -0.623046673518298 1.24482972698233 5.00311427025126 -1.73483736561772 -0.118037327691732
2.1811918230694 4.13651011534867 -0.738308362881734 2.63629900266073 2.24560025170647 -3.26031253106228 3.93912715917755 -1.44934688274337 -3.4502329339396 4.88278635116538 -10.0379563106137 -2.23191772116146 6.69815471921806 -9.12826651262692 1.32082066307621 -2.44806287158226
1.40913124556514 7.44753541290018 -1.17853539294668 -2.00247029492798 -1.4400170506461 -1.40820139320696 0.316830762656655 1.73112815950079 -7.86927913875537 0.57386709588039 1.46769187232434 -4.1293367912269 3.03627433667945 -0.171358244969428 -4.95548646924371 3.9918061210235
-18.4040523130831 5.53495530707493 -1.07507400179519 0.311383482289615 -1.20534334994061 1.13238720838795 2.61270677602154 3.99845705721951 -4.28702646503039 1.98809863074322 -1.17430255430325 -5.34257312728684 3.73261146328118 -6.15971130992437 1.58235690193786 -0.911018191591182
2.63539654190478 11.5403808234459 -2.62951547954731 4.2160336912914 2.24033438107664 1.43785890178737 -2.82726947893125 2.44753394068511 -5.29201168894431 5.19133770157943 1.93084185909978 -2.10830943382654 4.38076797064012 4.14296247567954 2.43820358088455 -7.91467666598421
1.1165514327174 10.282258668803 0.768329314413323 -0.927717450367346 4.71527012004267 3.35694101121869 0.555551726312223 0.251785431329375 -9.30384529809765 2.28368341775654 4.46487466598369 -2.63481717862923 0.548622092152395 -8.29024155182483 2.12500821903847 1.5415643818197
2.29338622911198 7.85983936540599 -0.39460381709978 -4.7934457801017 -1.43646232474288 0.92327464211837 -2.48686032346132 0.416907231834374 -4.20633918279606 1.98419770057196 -0.104735045381813 -2.02081079479765 5.64884786867531 2.99693743631403 -13.4052664176614 2.63348140470287
-0.432644223917585 13.3762250547082 0.188137544818747 1.93517093715574 4.75919961142239 2.16166395911166 -1.67460718958303 -12.8789163281962 1.67874880694042 4.22983409406086 3.5834137131346 0.196636594806644 3.8464043579547 1.16674508595156 3.54122234448341 0.696834837486935
-1.63206494299587 5.0357730992851 2.973506900227 -2.27877314465469 -3.55660319370641 -8.39678737155765 2.04426240920148 -1.13835703691328 0.352833746884633 -5.00598638550979 -4.67255408485763 -4.9931317154699 -2.47744701136874 -4.65121340003312 -5.59463884066279 -3.10492969600943
-2.13422473928439 4.57241917337562 1.75946402780876 3.53999248848264 1.9387841345849 -1.48459671413374 -1.56033559770558 -1.88882403532034 -3.27395174350369 -0.214153686019486 0.637601215411232 -18.300749727363 -5.42940278244146 -5.59420486182146 -0.179046071568227 5.19826575975813
2.23072844725162 5.97731677448561 1.24469865541437 1.02748103077444 1.02729782233423 -22.7774455052095 2.84527621816212 4.32441149202548 -5.46325120690013 1.4264784400059 1.52428775258823 -3.49288647579985 -0.156410739674224 5.26687152691692 1.6547494503783 -0.761500131668355
8.04996615977425 6.02894353207016 4.06018843024599 -3.191500312151 -0.132278892385608 -0.760668093749192 -14.6024726836238 0.0210942685249539 -9.36632254037152 7.06585397471949 -5.23569326012288 -3.79247217161363 6.43218147147635 -1.19120071699133 3.61023624661225 1.66196714306334
-1.27485650060669 7.19817526037255 -18.0738200818909 -1.17319228912841 -1.3348269702663 0.911958246353876 1.40999458055774 2.08205087267797 -2.61176434609717 -2.34444805375805 -0.0519003035442015 -6.52083000054572 0.602856218461559 -0.0914453098403461 -3.38270143120669 2.70013257459309
-2.39860898646826 4.85959418209088 -5.50741620561253 2.92676631976801 1.3708550979965 0.740139336866141 -1.72682388138108 -9.31354264836662 -3.29575747487676 1.17850652095855 -1.81303057125109 -1.86916837376638 6.26298109051178 2.07195404117143 0.9126392745152 2.90483548968166
-1.8696381778204 5.99539451579201 0.182519241681519 2.36364957094212 0.613513682607473 -11.3218696800259 3.58480403896889 1.37576111018759 -4.32002138761182 2.97339717169122 2.77688374824023 -10.5468879112596 -2.66362796017555 3.48539257016651 2.07826869496296 0.404484956228847
1.23027285037144 9.49302689648799 -2.02271214420614 3.47105565151302 -1.86233785894484 0.534044253698662 4.00088718531294 1.18358397118156 -5.4739866574723 0.839749703521681 2.5212268862734 -1.25004088666673 1.30859484239226 -15.6877810531258 2.59343050435093 1.82214361751753
1.02870478434441 -2.50359742868071 -2.19157876415888 2.6301912661349 2.74102981917198 -2.9339111725224 -2.21716384781138 1.17291655086815 -0.0683329785716703 -0.92542992615843 -3.64974499889668 1.28912647524311 -4.88089654276053 -0.844498117713265 0.451321164555682 0.792072339519284
-0.0572684300668418 4.09267420966476 -3.81037345308902 0.558363779094511 0.458815064636743 -1.70703235813633 0.214524123837102 -0.96687205620266 -0.686838521011611 2.64293772537202 0.152422390457674 -2.61052642697321 6.65507018207276 0.547279624861112 -14.7762621414587 0.077182984896424
-2.82819886952695 3.51413104195615 -14.688386592927 0.133791552727918 0.918570413435224 0.199438584873222 -3.36875020992084 1.52399572037351 -5.73288560968496 5.69408328480649 4.81871933027229 1.04173755530551 -0.318342763683277 5.04660585359916 3.68810543783652 0.571904866346555
-3.26449379320321 9.76534907100712 0.540834947502676 6.48232217964303 -2.02696462388494 3.37464325006863 -0.991585135399177 -1.06412099329018 -0.590482532788274 6.16146484585203 -14.2417028722949 -0.786102498337154 4.96147679316371 2.33109514574638 2.11371243576511 3.68885130006849
-5.37251923471262 1.88246906285499 7.35977769592637 -0.879404515793035 -4.63869171031644 -5.09085591545432 -3.4493744080889 -1.8641207034503 3.42168489122539 -1.10344440148344 0.346294655088692 -0.909264577240891 -3.61405660535226 -6.26460979037354 1.62045159053769 -2.81693625520607
-0.98391095997784 12.4608765031147 -0.741375405040383 4.37059364646911 -1.11783898451375 2.72367782250448 1.72856563073817 0.80273350983185 -5.67167570581056 3.91218156656469 -14.9054682704783 -0.494684074488391 4.98625811571293 0.856708884268229 -3.11122949741774 -0.408034724007342
3.46107890043205 8.41692102188134 2.31148275798018 4.47019566725243 1.87566636399673 1.15713364934892 2.66696492013754 0.705184190716726 -9.29002118992901 4.86017038061762 2.29381082719838 -2.15066552318512 -10.236822761678 1.69375188211138 -0.983250210879842 5.45683504897807
0.824958984523292 6.4950300127655 2.63346407468069 5.5838812577272 4.58321215792432 5.8864972410389 2.52155988479692 -0.490845899728096 -6.03675175237385 0.774110878049727 0.906482814846786 -2.09094850633548 2.60356554251042 -8.62214121148592 2.1241521950296 4.80203334597761
0.31874499115982 9.19841422772002 2.20577637247046 1.4005710930265 0.146569101725589 -2.00504248584022 1.87554480690741 0.82542643380827 -6.37512264829794 -2.50631684045776 2.69158180510584 -1.51222036388369 -12.935524132592 -2.56867021678535 0.944386476263633 5.88386843303118
-0.297026494885216 -4.51218712816858 -0.223039062580402 -5.79970303407688 5.09067335695133 -3.77412748854588 1.77644798984199 -4.09962377183984 -2.1132577895801 -4.97100004966867 -1.97315132637148 2.14786934604628 -5.50635194269797 -5.01253161254962 2.80303512738609 -4.720405709306
-1.55402374447128 5.42775637101037 3.53619408687402 1.88508280578561 3.23384029740982 -2.83173313260607 -0.390396791403861 -10.7276200907706 -2.21450186804367 3.18819071145589 -7.12824514161476 -0.89136698295501 3.08068057871914 -1.81460483565882 -1.00381972153224 3.2917621522309
-0.561423296913213 -2.74461039132385 2.46907899716629 3.49982249685396 5.82677432014394 3.27136856359408 2.04567298874128 -0.871114274811058 0.4662625427978 2.55774654166801 3.47764336017521 -0.890898695309523 8.21330497886482 2.83745463046435 -0.233686149788188 2.10491482765941
1.44611011711 7.60907146739064 -15.6049547235852 -7.35594628835488 1.7531815568329 -2.71807387512624 -0.353803612771778 -1.95776230779701 -11.0664429739807 -1.04328528119396 0.132067930859238 -0.539594276923308 4.56556869455176 2.87460685304937 0.817701438009779 -0.840640147030472
-1.4872724805501 7.08085848801438 -3.21319277962158 4.59051100715212 -0.9986588315552 0.623782434784132 2.00325356782967 -2.22595229394503 -6.41730292233049 2.95407030555023 -0.131508434641216 -1.61529792408987 4.8747164174481 -2.38385369491964 1.22089771932035 -15.0645440151882
-0.716475513976397 -0.0543571342576427 -0.806830274018559 -0.82657549411374 0.953722475282552 -0.841304642805329 2.9665633546649 -0.558537759861147 -16.44818158928 3.71939504654679 -5.06376771817729 0.521619138411661 -2.21818363771759 1.43561103002346 0.47149117357692 4.81790382571872
0.188345177654905 1.75754471626424 0.0126668771141757 -4.01044298968275 -1.8618529426497 -0.703025717233647 -2.44381939692821 2.13351215506556 -0.283476321664267 0.205730293379527 -4.41397298527481 8.05884571646888 -6.18037671177032 -4.85715222989718 -0.808153879045101 -0.255815056078183
-0.68870115808721 1.28110501102199 3.05433934323169 2.54055058242933 1.80946976830134 -12.638463088237 0.65757056010478 -0.270992292235731 -1.19780584953901 -0.812994859428724 0.339503992161228 -4.98011691674168 -0.436269507131994 -2.57216483915919 -2.02154239736557 2.70524704991871
4.30934552280896 11.3014123587235 -1.3148158429221 0.866023699471704 5.47768334727367 4.17189051978173 3.15219063173944 2.41155692097602 -7.06018766139505 1.87999230452401 2.18260354395591 -1.99529591012726 1.01327114439807 -11.2424162637893 0.130002128299845 0.111151091067764
0.164544950723464 8.35954584778122 3.08342799360523 1.15764171598512 -0.242829918607402 -1.28356598120006 -0.470700940575001 -2.29847437053657 -3.98938566942133 3.91049234775414 -11.1365742317509 -1.7084478262817 6.68075680588572 -3.06870123419158 1.25982024131999 -0.229399876810996
-1.57569108795796 3.92751665994555 -3.39031365614433 -0.044761123555763 -11.1355475923621 -1.26080292272303 3.71433333526584 -2.22219965429686 -0.576731073300696 0.161689353838888 -2.89489343826107 -0.0787378011497917 6.2347522648386 -2.9077408546494 1.48977876614531 4.19013260790749
2.92776204855949 -1.19414968290632 4.96937383071922 -1.3742416856698 -4.5884107239767 -3.99438998709094 -3.575834670339 -2.42538737295594 6.59810154519386 -4.16810026405771 -0.200949942009465 -3.82810869687262 1.7585981543238 -8.51799515512709 -3.41444800727863 -7.60471738689137
-6.63078873113363 7.03409974290049 1.61352673585491 4.01781197051346 -17.9156944075402 6.66626707967824 -0.209392251149251 -0.138857021317744 -4.68958252294621 -0.920981635463064 3.05952217904952 -0.980647106835453 5.45733511780344 -1.09612422094736 0.685859511198541 -2.70493341957188
-2.06855218496636 13.2991056470591 1.0932201757107 -11.4877382247886 -1.27908385883119 1.17122027054598 1.33830796850969 3.51637412318982 -3.58781393274812 1.03774849487966 1.77799321702983 -0.510144302879051 2.93729276055761 -5.56742941951003 4.26064582323309 0.655659752531589
-0.53725545427422 9.72824987347483 -0.780585168365198 6.71217838149731 -0.079751591497981 -1.29463578214762 1.49584963484683 -1.19154087930554 -1.1329856462421 3.09040848305933 -2.15791210257438 -3.04986212216789 -9.09629912750465 0.540588067941879 5.14600263487318 -0.555207739897681
0.441817943816053 10.6312932790753 1.39254659401671 0.0338816650375282 -6.13070138972341 3.14120910519352 -10.8759572055917 4.3930803311952 -6.64585775868379 3.61979673619845 5.87326202389271 -1.99132720996744 -2.47329953699929 2.84417446049553 0.0528385412561809 1.35328163382194
5.81381388352926 9.03652774968347 -3.31204078035681 -1.8351213355121 1.3204906674449 -1.66341529920528 6.25879385479905 -4.20553288805018 -4.519386629253 -1.27231459954908 1.87463043545918 -1.24011839651535 3.63877467251497 4.03311962918623 2.13797425893854 -10.0568083461425
2.83312764111147 5.37630498667411 2.67893657096977 1.93782211580914 1.31619661515752 3.38618823112167 -0.424716070584664 -2.55496005796945 -4.77355078292239 -0.67274225248231 0.532623353241984 0.38450209397814 3.92020306207628 -2.34020367139889 -16.4620059421399 0.73317628366202
7.88967134037009 12.7219105066899 2.66234561208211 -10.1497811179539 -1.17165281726539 0.908724184209892 3.10852668918946 4.36378426272725 -3.31459917783 4.72361380003376 -0.276829440688619 -2.71142875812979 -0.477257038056734 -0.98716127903701 -1.76742609378547 0.190427747096201
2.6897863786464 11.37822247839 -0.603097177778638 3.78727423738165 1.84574382588055 1.02958308252366 -0.765135380303176 -0.556815957767363 -0.25732782779942 3.68296875042612 1.21651533815623 -3.67552319542419 -7.16750371754655 1.82790489098445 1.57786692660149 1.30585249644512
3.60072624619172 9.09143959344517 -0.40313253557632 2.95380222473632 -0.319152157557908 1.29423764018776 -0.0432168985587036 -1.81380062317921 -10.4257236375315 5.39254629887409 3.46336567451957 -4.10661840989752 -9.7457425758879 2.63283718455833 0.579892867278249 0.506965772518596
-2.389436613641 8.71858187711482 2.80197536483681 -16.1731337813512 -0.11118133551176 2.78240940518412 2.86495806207129 3.75001409021555 -5.42256516265981 1.47020076613436 1.38558558251357 0.819485480168908 5.93467951547365 -2.06199264684153 2.13324440930881 -0.452255044160033
3.06487338899477 12.8884159835951 -4.75815804934416 1.06775790388454 -10.6949961686383 -1.88573098756994 0.0401646816058123 -1.3356373120733 4.20784477219879 1.87281302804061 0.294856130316549 -9.1219607099628 3.60393244145549 1.90690620314713 1.1153297430039 3.59494358591496
-1.1341244385083 5.60870184860492 -14.5183363776649 1.1874399580824 3.56828207778025 -2.11027962022604 1.1918113431775 3.17017687268895 -0.134596996520794 -2.14331610071227 1.5004809005496 -3.09560331301859 -1.01071860550161 -0.112229653951168 1.83276672953816 0.748685940992561
1.09820871194873 5.41875411822729 3.33217012215506 -3.73368108714358 -9.73274555644134 -6.26187795276394 -1.84666910856629 -0.711235705105104 -7.34692535876873 2.24924361952254 1.19438332778118 -1.4365794711326 3.91443155949456 1.78576483081157 -2.09802611821033 3.16126632859477
9.35301139175187 9.32016311433434 2.47881139546511 3.32661646517809 -2.347499883447 -2.24150112890217 4.21880430411413 0.940268150073194 -8.93275844826453 -0.747463618514922 -3.35313587236994 -4.72091467566936 -9.71586841723854 0.956813975513666 3.0902966528561 2.54031748556995
1.93273673840793 2.53217266237509 0.0968770827465788 2.79594041483532 1.70100921985519 0.726099350631325 1.60598108549828 -1.44235502484564 -7.33888775247472 1.1365453852613 -0.174391667799457 -0.616147761594155 9.18025001846965 -12.3320592950936 1.26123585040623 0.654913676057499
-3.52335991902346 9.16308564867436 -1.06799946526011 5.2681389896788 -0.654466005099384 2.09463371928105 -0.284579740253828 -0.0287673176474205 -8.09922346687915 4.43855053598073 -2.31904658020228 -3.16628741935216 -9.67883536548061 3.10382676028798 2.91305755919442 -1.48502746068733
-1.91817159331175 3.76868235834885 -0.0196144486818413 2.82739483770939 -3.54660955766461 3.19773273119438 1.21605525152948 -0.738912261335086 -5.23816020203743 0.80545406120479 2.29135651514031 -18.8525761602133 1.3365777091666 -0.316376715894566 -2.18350016199571 3.93430025753176
6.71704630699538 5.53495518393753 -17.8904025389225 -1.84228188248604 -0.728758836933069 -2.47912096692165 -2.15764265700304 1.0663539881142 -10.1481392291839 2.69879392429024 0.486815139701505 -6.25393225607799 2.45450282609682 4.02066880944653 0.351012199957627 -2.27124239750692
6.04580491707896 11.3641710920101 -0.677971457623809 6.61962625619549 -0.282372475987067 -0.884814691884791 0.197815716405947 -1.56902968234557 -8.19763370567098 2.35039918576069 2.35472739098748 -0.691562748671975 -14.5275167912564 -0.620391357125599 2.01943358761327 -0.0705016390138309
0.185973532683078 11.8478509746809 2.97417174904603 3.08984539397364 -1.33728667651143 0.450644020077427 2.51502357887456 3.2914098422119 -1.07476742465575 1.6327376768072 -0.904475488108811 -2.3144969657822 -13.6024567735273 -0.845113678268676 0.601437932329854 2.70695016952035
5.27861011525114 5.99024211915762 -1.16100530548846 7.60644312769431 1.08858934355094 0.818025265557336 6.19446525182864 1.04494236361988 -3.74012404454833 -3.14258165805462 2.46496802623668 -0.849358642739705 -11.4475240214516 1.78845536534949 0.514415736905109 3.37612588101586
0.11693819567427 4.6727367249537 2.92236185878762 1.38167450269017 5.43680981027098 -10.3997085218054 1.90067397855604 -0.876287164710372 -6.2249350019444 0.68435786483888 3.74278293533911 -2.4743720588572 -0.911827519180164 2.28901714480069 1.18006185002923 0.656649659413651
3.74235161636361 3.83824812195126 0.356899363653387 -0.97628009413464 0.357160021443697 1.92039850824015 -5.47809558753752 -1.22853790092383 -10.2329101963845 -2.87698026204978 -2.68656154416962 -1.07004389062808 3.51926010274244 -0.276591661525227 -0.999177353422439 -1.35878656141435
-3.43333675719547 4.78006128848451 -3.47021629834099 5.9447579869805 3.65970417314796 2.76819343337551 0.0532309854442305 1.07128413213405 -1.83002696997952 1.54229690504787 1.62233439865874 0.320437557173894 5.31112405019802 -15.9134589492615 1.45394636942675 1.13467947770732
-2.71046410285548 6.97774026738827 -2.69514542966842 -1.82192144012406 -1.0339013852189 -0.745691314624753 4.26390456417948 0.742769209983063 -8.02353583046378 -0.250051652591003 0.436584113842398 -1.8479946996856 0.858091114949724 0.291788749678298 -6.5622483744833 4.38806569535107
-1.20793897911996 -6.19756849007716 5.12950092885182 -2.07711449568135 -2.62287713756263 -11.1060051640896 -3.03525920427587 -0.423607683563131 -0.253437647030747 -1.42244176834709 0.0308594091179413 0.236161882600272 -5.64479244955298 -5.87641415026938 2.58873086168243 -5.56130956319043
1.45776914191852 13.0130458821147 0.948130369587888 -0.753123595730159 1.71055569707358 0.831109882119876 2.16336928472279 0.454623020780832 -7.78893207215811 4.40318309725167 1.99140301244168 -3.3447789997767 -11.7208700668183 1.30829115751759 1.72435040838941 2.41421171379113
0.199840543964073 10.2193465839096 0.335475283808381 1.78251686455886 1.28712590844989 -7.16246322761999 2.57714743403226 -11.8390511242107 -4.62482968286299 3.05044731459524 5.31013961358939 0.620759795924344 -0.780763120084429 -4.9302648293638 -0.188197044185535 3.32455069846252
1.20119471995187 10.3550062156457 0.91438222673593 3.36822253664284 -1.15170257845002 0.922589148963372 3.87955735952975 1.27642798028546 -10.3247343479888 5.57495037404828 -0.261517158970042 -2.42614485042669 -6.07827937367952 0.462374238454933 1.84943006936199 -0.708163350027994
1.28376971856653 10.1447713499946 7.96107861675237 3.81346774374507 1.76835773937373 -14.0916934550582 2.36256521825607 0.773666721018742 -6.66061158399429 6.39316478715454 5.09480572855092 -3.14818540304546 4.31518938242026 -2.80103269399761 2.24100018916063 3.87239895707709
3.69531802539311 -1.27082479421527 2.12653011396732 0.648424814234566 -0.294867780171547 -1.7378865509121 -4.47163661983456 0.894457345657725 -23.9945986448578 3.0841455666916 -1.82710188893302 3.42975653908942 -3.02943937074044 -1.9517388023521 1.27921681535233 -0.796084898871545
-12.0245075296569 9.52339612420185 0.468373387567255 0.134321928611735 4.52573125650134 2.3793387810636 7.17217207090305 1.76856967629041 -3.61541782665471 2.76436781021361 -2.29079052844364 -6.81540003439378 2.64790868646444 0.191833584975934 2.32165433615016 2.26776157870334
-13.5509016239362 6.5882569758926 -4.23284356171445 0.722548725123845 2.73695057447688 -0.874920520065855 1.04203098776987 1.0776802060397 -0.978000949388394 1.71998228244857 3.59140078611115 -1.83924040040844 -1.0566586604431 -2.89639128211251 1.71048384564413 -0.928062044644152
-3.28932574050484 7.51287281965505 -14.5862768051572 -3.15566072099702 -2.10585187221911 -0.720740185952307 -2.26803716436378 0.464369173214484 -7.36885234671075 -4.92291384011999 -0.696318866388798 0.898421256642779 -0.239307357119452 -0.249371054986004 0.974094414520986 -1.3896961177088
-2.02252456021522 5.68735360311731 0.165960576892452 0.145186086054847 -8.2379417330365 -1.84348560090386 -0.35620675794329 6.26013406904373 -3.26002075476265 3.49034887601122 1.09289444281597 -1.04289170930548 2.0778144176566 0.274457896998114 3.50819205745317 11.9409071303417
2.72585979274847 6.961883751975 -0.405233572500025 0.291351100115832 5.44355239867442 -0.828719118843118 3.80562665196933 0.291514423712782 -5.17879631503473 5.72102211472961 0.547574446786817 1.47586457032833 2.69380359226486 -13.9612092028599 1.56872571793141 4.03375428309049
0.865812580612863 8.55565075980254 0.803790747736087 -4.7335822859634 1.12155247955639 -1.11557365179263 -0.944542181112315 0.424019772255702 -6.5535446021883 2.56589440107293 -0.0526992260732473 -2.06415273096108 1.54782884641629 3.33885471995315 -12.751361447234 3.13407671688206
0.535606428604347 7.44599147920404 -5.36574169303761 -0.777468318401757 -3.25419662302805 -1.30765001102908 5.28936092567172 -0.296726532515432 -6.09774503871816 -0.391803987056814 0.370803413423113 -1.92536633199115 1.87272944879785 -2.81269888289202 -18.6480749231012 -0.751049335802559
-1.67666312964365 7.27890080458267 -10.5369351743741 -2.27756632902448 -0.116678077715245 -3.0155184495056 0.517355263087969 0.861703960753021 -7.9081638248391 1.14368514009128 1.99666627383894 0.10610790546467 -2.10258462683623 -2.39039695084426 1.7069278434595 0.0387849617394132
-4.61655828318495 -0.69910534701938 2.51221212431664 3.96774710328946 1.55325413806385 3.8374811762131 -1.86394827336795 -0.60745304481571 -0.352737775921388 1.2936027969887 -0.188298819229365 -1.90217016497993 8.84825368881806 5.0010832276501 -1.43782696702263 4.36607925430219
1.15111705525394 0.263730571037497 -2.99818756108373 0.658087294175433 2.11115988408871 1.47313632039623 -1.22388395114632 -3.78503274668638 -14.7903516207157 -0.78444018156719 -2.88001719943887 2.06275806980764 0.731667223655301 -0.564145110598499 -3.32841845061879 1.08736867149743
-0.85983658824109 -6.8561434473483 2.5840197464388 -2.80104400082669 -3.45580276824704 1.93343583902486 3.2975483796745 -3.04238605654513 -3.28731447748242 -2.77331401249473 -7.43375981685587 -0.894573312566083 -7.27873168351461 -2.5276162735231 2.33428412442883 -2.13483717878391
0.245048331157277 2.88680690486235 0.568238496660208 -2.00127686113456 -0.647892176453886 -2.58721328466406 0.0156991775709785 -1.17294231993141 -4.84376368428366 3.45962593983277 -12.5448188495079 -2.75534207573996 2.4550960589431 6.72004874836144 -0.642478399689147 1.6330312873403
2.20984050670338 7.92362863787671 -2.27291119440573 -0.380576035810732 -1.68706720438777 -11.0143238074405 -2.86384178796531 1.22862773070556 -6.21677222815951 0.409881759083812 2.55108988290505 -4.67232749671402 1.04112374183747 -5.06067899382985 2.76350048393733 3.26803681234268
2.27761846766096 9.02416405382789 -1.31540920532274 0.305082086849185 -2.7293220554569 -10.20753430315 -0.204563904992363 -0.275762667789142 -5.12650334450188 2.10272305534666 1.72280649899819 2.0364613026617 1.61324759062217 1.95445542178416 1.24588125625959 3.72672420294142
-4.83034392642597 7.79477153360081 -0.598516411942488 2.91031191491661 2.81360785216772 0.647950804687104 -14.3421261746028 1.6502873585937 -4.10022428759411 0.412716406254696 -0.25990004793952 2.47941631534754 5.51205258360755 -0.119573458086735 3.7364846262654 2.22126926847566
-2.58992974129802 6.92234034481765 -20.9949514278277 0.488548355739482 2.36956111589104 0.577794122970844 -3.86266725832944 1.64945106528882 -5.85957548118382 5.15876047040163 -0.237330427765782 -1.70415368028907 -0.248082372055448 2.17373639476947 -3.38933811249024 -2.35664264582189
2.58474235054024 2.42320779338221 3.16683487311184 4.80836497434259 -1.37534679398112 3.45755792130809 1.37014712352213 -0.234977719928201 5.78016864295019 -0.990570473369226 6.51986918213063 2.47730945784752 3.37229261062819 5.46668950330674 2.28876895105785 -0.087044961665383
0.791025273113167 4.89958009702899 -13.0113722963926 5.89879769680237 1.04327577759374 -2.26580580722257 1.65437496028371 2.20679308328524 -8.5694349191436 -5.4286647929516 -5.88900254669571 1.07040156747726 1.68478258248631 1.29199960045918 -1.01863423283888 -0.159342485713144
-1.58627187959181 5.5009727452257 4.13676803913273 -1.71488518594232 -0.412945023419654 -10.9266434566799 -1.70312341505695 -7.08573803149769 -2.92060094676626 -3.2553063759971 -0.340235877987248 -2.37919959209515 -0.415899158522606 0.53580665836447 -0.358425885253069 1.89217901263634
-5.79664394869175 0.32112752913863 0.561368517627122 1.67706549943593 1.70259539417918 3.70306750516198 -0.29963945064342 -2.04997007044322 -4.39364161874103 -4.95926832227046 4.06270995051032 -20.3386926868611 0.0680208380114031 3.56867893368442 3.99785555741166 2.29953639010145
-3.87546026725819 4.88880119928677 -2.96746184484523 -5.96219547072914 -2.379538625352 4.48086640210152 1.12190633530556 5.15817897707708 3.17784749724347 -2.97085295633326 -1.72955684547502 -1.69922473772897 -6.72334992871734 -2.48935127375935 -3.20298369589696 -1.30932598736333
-1.73137333913844 12.8980926064926 -1.53313628485643 -12.0486278376407 5.28091204010735 -4.58870358107986 -0.374699876927673 2.80003346009395 -3.0230452836982 3.12469761621538 -1.44942406200186 -1.56393039391569 4.79641814998653 0.752940432829876 0.368795824683817 3.61865636407704
-0.779894069719745 7.57848718328597 -2.3880281869481 -2.92162646641729 2.42500256159006 1.4096185326789 1.07652275560909 -12.8684521002535 -1.98240302777048 0.55837607612154 5.93114101419738 -4.76119144419051 1.65977806455502 -2.5433568085205 2.69810510738898 -3.63297069894008
3.42560173256457 2.95927663517891 -2.93501947901316 0.579530067169802 -1.12726677006189 2.1130016558351 -13.7098057874924 1.50507388737479 -5.06000080063487 1.50099359014061 -1.96254981327009 -3.06905118509311 -2.55079705836919 -2.17012328764029 3.36142767360771 1.80830998651019
-11.9548848966118 10.9571759267138 1.62612924289462 0.072062508281287 2.08575762411654 -2.93450678154928 2.57663282161037 0.90933598313786 -1.66006001288282 -0.968040198131185 3.08409284993385 -6.0539858832594 3.8564791877516 3.12920995734927 -0.313453598435593 -2.01296160589934
-3.08041469134812 2.78315339295005 -1.03281825612894 0.810581661613973 4.40683380264216 -8.10779242301893 -13.646869793189 -3.73903016098083 -4.02913697677536 4.28172609019224 -4.28592819194772 -0.226033710943476 1.41950744339155 2.20136994578966 3.20862496826633 0.610502471658191
-3.5771901037063 3.65763663381907 1.28066085467186 -0.37538159127754 -3.78214570730329 -1.20948417875204 -0.484011326052222 3.08048915795148 -5.8463570438069 6.869170767342 -10.2107171809002 -2.97145085094893 0.668021545747121 3.04425489197122 -1.81613691085823 -2.51641526508655
1.61247703057146 10.8079659248498 -0.644695164167746 3.99370560536844 0.125035295392758 4.43744627467838 -1.04532455457868 -1.40540787104255 -6.42835604808575 2.70373681376379 3.2360972221833 -3.18033457993536 5.65201066219284 -9.97953967230881 2.62505894214833 -2.15655088922714
-1.70772769774449 -8.29057863378009 6.26450909679958 -0.828336602801267 -0.882913869942791 2.95923733749475 -6.48379719039628 0.965296918694595 4.60025627646975 0.0784398734329019 -1.04198746690628 -3.76654813921032 -4.95952711332471 -6.66667222874613 -1.98013601503692 -3.70836492909793
-0.987492374878653 8.03684386028715 -12.5038209557241 -0.316559942911241 -4.09241719544044 2.04401047057556 0.461270474430815 -1.25920217353294 -7.30863622465279 4.3782368899166 -5.95778504176014 -4.61452321866795 1.30985425959495 1.79234564992525 1.32120056645146 -3.02561133638757
0.118716432519967 3.58773391672163 2.21891477857121 -4.00935959926549 -7.64235483678033 -9.84438355828883 -1.90126199084644 0.737273245802022 3.84424966156363 -1.88710165382656 1.22321182056691 5.23753033288042 -3.60506277373474 -0.944579575330617 0.837284381910075 -2.47060499421584
1.01970450136698 7.57477687928695 1.39585269978797 6.32672154713817 2.39607440339287 -1.18850819152565 -0.703858426256999 -3.91382555763646 -9.0264215613156 2.42440961440317 -13.6199923151757 -3.60448283897486 3.45913636459832 -2.93443368018469 1.00162100409615 0.998225065615084
2.18601059604391 9.2583087007764 -0.303433722324543 -3.04079643313055 -1.98489318644877 -0.173097422801256 1.78834954332163 -1.59013249493947 -5.22151007910936 -0.929154822048664 -16.6913672995339 -2.34903578625954 6.17543809610547 1.22047937056287 2.57901527120225 2.51885373785748
4.85307234359292 2.26699112636538 -1.07079890277786 3.4143110117663 4.6955528540319 0.0562347885946597 1.8659259094108 -1.65829731362625 -2.60470502209067 -1.32602356374824 3.12790577992815 2.29282817391918 0.812547850159427 5.40681350424962 2.15675671413214 6.57768101793424
-8.84142120666395 2.66558594416345 -9.98398222166275 -2.28313396252509 -4.46051600859538 3.80296986183193 -4.55408094764531 -5.45464881881663 3.32930764390513 -3.87723274524768 0.700198720898767 -0.750491976870594 -3.17843817051628 -6.77091309055425 -5.24090390351365 -5.86804019153234
1.60312948875202 6.72769461865775 -1.95736147330554 -0.9062000365757 -1.78648578944042 0.634934547652203 5.07250368132513 0.589283641706208 -0.718994908721797 1.61813231276255 -2.37836695418438 -16.0062635968916 0.404439920987304 3.06866537467708 1.50937939204701 0.736662999150317
-14.7743815968596 8.45682017507563 2.10594612518468 1.530663874058 0.0917003169980932 1.84266068621103 3.58888035913978 4.37414452538519 -1.10021976879085 -0.605819025785167 0.334336933204666 -4.76434871066044 0.0729014166449828 -0.723380001596484 -4.59044942621675 -4.17697063385894
-0.548445988101099 5.15539453281044 0.319644467536765 3.510267366492 1.71270881359943 1.47878412799036 0.739200720534928 -12.5508540567953 -6.84661870859792 0.406182161944724 -1.11362545712333 -6.10789734864859 0.87074076477863 0.573553539714048 3.23165905088576 -0.929311360381328
3.1825650361889 6.65403154763856 -1.89504458946526 5.9403607391225 0.159090278599591 -3.1225200571927 1.22260929627492 -2.9851819537274 -4.75777027997319 3.64868346044013 -13.3842457613847 -1.85378393976453 3.37600624885312 1.49310081892511 3.13398629132561 2.80956891214966
0.749489879606669 1.63972085178121 9.46906737958176 1.77691845388261 4.25527128417813 3.16435149855949 1.66188729752223 3.03469547712502 0.363940585455353 3.71980423511801 -1.10498205720944 4.24898395878879 -1.73205695505461 5.25778047583355 0.421437771821597 -0.201167277548798
-4.5777187684845 4.03582959821323 -15.6295660883906 1.55805453288832 -3.10883701555347 0.830608565095564 -1.27519439158961 -0.639602351795707 -1.0303964109456 1.58837147278782 7.075600771372 -3.64413202894266 0.368113322464528 -2.95168253561075 -0.914165890248503 1.20852316353246
1.60712395074754 3.75550906596633 0.223952064348915 2.95128568634578 -1.07896822204575 -17.9641983105462 0.883612435226628 1.03829210463066 -2.17755948582342 2.81572736846481 2.52460201464276 -0.451382606313008 2.48098796861347 -0.0390481827187636 0.26834623105822 6.34487256130753
4.91068381771198 7.15498631004894 2.71406956624382 -10.7618202598965 1.25236957771753 2.94568128522227 2.23846625327008 0.00198110553785102 -6.11596376574304 1.15058703727108 1.25459652739758 -1.89633606348907 -2.12433820036938 0.847229117872236 1.88226658342404 1.36543910553166
-2.31120682965947 7.29460537288595 -1.15445334778058 5.18981344556864 -3.26960134369953 0.812206498815281 -5.12988513700697 1.81112589563224 -10.1017787809707 3.2163932496785 2.10141463774075 0.27659523477819 6.10365179708533 -3.79113169767395 -10.4132701584986 -2.31566168837652
3.9264690717947 8.52698928061294 1.51272350023488 -9.27453136476203 -3.38183844630129 0.843174376057762 3.09795238970809 0.0307157683433165 -3.84554977178518 -3.80833700453554 0.199932942661718 -1.53203185630465 -0.967464954393752 1.49327281062271 -1.40490987914389 3.11059062708259
1.63857405624775 6.67706833399475 -1.20477173725304 0.822604153803113 -0.497900312715817 -0.914246927735345 -4.080215271597 2.26815070113714 -8.37592278408755 2.27289868736267 -0.991411999095814 -5.02229735648264 7.25347270466287 -1.50211454080097 -21.3929100002682 -0.88489402573121
-3.26707993869337 9.02146999556883 0.898587805827295 -0.140435193844447 -14.4734722218593 2.59127156579811 0.752737829822042 -4.67300389643894 -6.37619207669759 -1.92475862852274 -3.04745733700397 -3.7247973246071 8.44806173729681 -0.514063440464163 1.74075623748579 -1.56646244361618
0.836002740140944 3.07070752785179 -2.35627126775759 1.12231293221785 -3.54532070784877 -0.799702528570348 -12.1252571375896 -1.25409818473602 -4.54150015850379 5.46016124431644 -3.75676787141748 -0.885274729689258 7.09229745589553 -2.05097927144766 2.94334373471579 1.55769256371465
1.06126446036858 16.6459419421254 2.32288405215049 -13.9689095800228 0.432990614209397 -9.75968618134031 2.10827559968815 -1.98276938127435 -6.19099165427965 -1.32736328502748 -1.42664296677257 -2.14791719553981 3.85171995537794 -3.38221751286633 3.96700995660731 -2.82902892023909
-5.05598038061364 3.91065822476243 -2.50257502310055 -2.90164513645827 -7.19338227648459 0.294645427112679 -2.40356011401488 -0.451956396272447 1.02739870847701 -4.11567281501691 -3.70105242363079 14.5074133963586 -1.0285656753324 -7.8146037142318 -0.327623266107842 -3.44125818285294
0.80894481345712 7.4327988702334 -1.97834517873811 -1.12112852657904 -3.27499301149557 -2.52961834931388 -2.08155100996371 -11.5922011940605 -11.2963487347017 2.58507943447019 2.17814866492869 -0.296342483189679 3.03939026381757 -0.988041663562605 0.637037381092826 -0.946969028856742
2.35130118616637 11.2851378220413 -0.488893419013039 3.25977647916203 1.79187395907758 4.24308810926209 -0.91658884939115 1.2623074032651 -2.93715732505623 5.10685701183115 0.251268849427304 1.59985548978233 1.16404858016784 -15.5324634752242 2.31731610256197 0.751098151794318
5.14375076574684 14.9252119911778 5.14281695151214 -1.59982805358044 -14.0150876033269 -2.06759235353241 2.67542767123868 1.99795636713687 -6.39545765975854 5.55652534624363 -0.947512021612637 1.32109326744678 4.57391284603579 3.55340345032033 6.74630253096031 -5.4522468264332
6.43667636010019 8.88631341758375 -1.31354801808304 -10.1202026591113 3.47394890413865 -0.377288217865537 2.06012419673878 -4.61404963619916 -6.07928952247751 2.00871435536421 -4.07026296862646 -3.05731426010026 5.09230162752689 -1.0159675693096 0.50366801381341 0.657426649553113
2.2816173005068 9.58322573697011 -3.23382581442512 1.71140863799757 2.52837250063099 3.94864170147341 1.21256991453746 -1.71859770867866 -6.95571751083078 1.07974861051486 1.78242445336308 -3.89567480385729 -0.415329763723267 -3.63490881907824 2.0400349385385 3.22786494127965
3.73257863675304 12.640922607217 1.1772511503956 -1.69469052549224 0.955738364493637 5.37930578679401 1.9230127987395 -1.03965659243471 -6.9501809034438 -0.129072344740083 4.18686244068207 -0.313477431272348 -6.057301350772 -2.07118666597274 1.7484198675341 2.72739490463476
4.5309539987579 5.59645977003364 3.31990599378891 3.09600568987881 2.85436948282088 2.20394860379965 3.95109209210329 1.38082891418487 -3.72324957743991 -0.0669017484168226 -0.0748666633353698 -3.12927505494784 -3.25229835970954 -16.6362790076927 -0.069509066561386 3.34636527493268
4.16380796721521 3.94550311055774 0.943729861200904 2.3352956284032 -9.47031698905226 2.33400692331798 0.647873432012834 6.50759619016325 -4.14693706721679 -1.70991493596731 3.98036223641242 -7.80023364265455 2.20642451997908 -1.14695168962392 1.91257641538434 3.95015669613627
-0.66313859098849 5.38358809499331 -0.953388047591958 -2.00506354270104 0.190718502318097 0.797172268303283 1.52225571121308 -11.9033246497438 -4.46619541366559 1.73908056419207 -3.45215765256192 -5.99670365320565 2.53498336567821 -0.355686633352807 6.08980931225917 1.55796446340709
0.0629775215211853 4.64299928275111 -1.42787115955994 2.61648389081381 6.86165718106529 -12.0704907062899 3.94103153194222 -3.21449361114638 -4.10871040732068 -1.51450880238524 0.892383606368018 -0.181573632265619 0.0724229264363365 -3.88829576031869 0.926279548363994 -0.492423128909293
2.53215493391314 7.06426896684254 -1.70759356202975 0.561554858950968 0.521288106104079 -15.8769912497607 -1.53624844975439 0.00832104476893747 -6.68692560211164 5.35567200660775 1.56405564281015 0.409580522395103 1.393262085972 2.81822884661765 0.863493312951618 2.79371851862904
4.63088285846348 6.73963732712189 -1.60331664364126 -11.3630496920902 4.08315525370347 -2.31215629975088 0.100420146405806 0.748492148104151 -8.99063766290958 4.36690321191232 2.60380715539941 -0.461008350163125 0.826045740954131 2.44550228435292 -1.74297727401874 3.28501598004566
-0.834804236380968 -1.02938582240347 -5.56509609212942 5.96133475516309 0.042253656435995 4.00555770432252 -4.33539399653196 1.03692024181331 -1.6214763302916 7.65904763142974 -3.06279104109116 1.66665016332599 4.33053708432948 7.64356827271503 0.169269954898785 7.70430245029999
-3.04006974791808 6.34495338970389 -0.10340791786474 3.59734825944926 -0.761739412152039 0.912359928509415 1.21559989552929 -0.648036425975731 -7.32861401016017 2.06576403981535 2.22179122917706 -1.92999583980286 1.97247834885823 0.972810882857344 -18.0059061414366 -0.0329833974488056
1.69131153530147 7.19929066835607 2.57927590006122 -3.68150941247149 -2.42507215354438 -1.63860717813256 -2.63476195783734 -0.275362844200432 -7.67857191561339 0.960274136784343 -0.206526419662299 -0.526916920387356 1.82920434646066 -0.727667857055665 -11.6442625738963 -2.33033003403334
0.664314089639912 5.51990672346191 1.06312451178513 4.77520112386941 4.03474903641962 2.1134372851408 0.727363612138993 -1.36665184630874 -3.98628381774262 0.715782809703235 -0.740594336257229 -1.82687997278394 6.68822377445973 -11.824836328574 2.65117913495534 4.09116343323249
1.04673693469885 -2.40489645005921 -6.47468989408552 -0.057535326902534 -6.98471452136437 -0.874887274155411 -0.708534579274599 0.361162610612489 3.45218282086882 -1.54027247611719 -6.7691491312583 -3.85740896764457 -6.6427801522336 -2.2991939177486 -4.52473099385693 -3.92483600720875
-0.0661766428417225 8.57347502180576 3.1261688556833 3.43200120513068 -17.1457560179587 -6.56832753339863 -0.898096614795104 -5.80781368684882 -7.86339301865767 -0.487165350147063 3.97604150544031 0.321743880943821 7.59020185364741 -2.14096202614797 1.88336901843244 1.37107035137788
-2.74307391574209 7.4546647980118 -0.0985264200124741 1.66226891825865 1.81489568952221 -2.53932879868129 0.57757633096236 -1.01921853720919 -10.5168493018858 1.0570594131456 -1.6238275017667 -5.77197744350268 1.38246496544004 0.411018684774365 -12.2429406782846 -2.48405269547353
3.01623675911461 -1.93682178717655 -0.737066617719478 1.40424717175803 6.63459257031405 3.06060708130173 3.96903220886432 1.43983756547614 -3.43109242239297 7.72779399493382 4.35611770881923 -0.799291424350299 4.03088143338556 4.09604292388049 1.24441004349082 4.28579738645429
-3.24235987982561 1.91044396669737 0.015067323723385 -6.90275515651089 2.2459525253564 -13.3514385297159 -4.92365721452828 -3.24576780515512 1.83505876156512 -0.10873104916464 -3.69758056817587 2.06314682509 -1.85961445693684 1.58865965441652 2.75177479194867 -2.55064611625485
0.490128029869385 9.11397502431378 -12.1310938541192 -4.64991320186744 2.9647678500076 -0.990055941427937 -3.33347293722478 3.00771011112084 -7.10733915476975 3.84043280263586 -6.09811666194842 0.334261046626784 1.52128711284562 7.92583428676047 -1.67729538063385 1.29931527823099
3.6077833043336 8.77527245143026 -14.7760813499302 0.55171198543562 0.247319451614592 -2.31047687808596 3.30920927262095 -1.7352344568129 -3.95872270883878 -0.396296905685484 1.8800915780162 1.80459337424632 3.80530104241366 0.566781804056918 -0.584212548510168 -0.217983759358986
-5.12266382046376 13.8580647830555 -4.31180475410325 1.64098081066126 -0.847945449752281 -0.233929459189363 2.42233644061885 -0.137879775348336 -10.3658897130098 2.68341943458616 2.7373150596309 -0.862773467944706 -0.890711926021368 -0.349107716697028 -15.1095199827791 2.28599297782635
3.50312701102227 10.1375323565288 -0.857243623460499 1.9718038854031 1.93566697897861 2.41124921435821 0.525401404749068 7.51453053334552 -2.02030249765752 -0.93860972086113 -12.2744397478884 -0.71399162842871 3.30592731518811 -4.68939691436984 0.235200155039287 2.51887902658337
1.12788621644773 1.24678633491528 0.662470184124034 -0.0877980567294053 2.26057790711644 1.087431331554 2.63836551742542 1.38318518011729 -3.52640430739856 0.67770699913688 2.13953759925419 -15.7027323421341 1.23059460452128 1.34502964517035 2.08619886864221 0.0816605880961903
-1.56093741143719 6.11282654045372 0.415407586679412 -2.18824932126234 1.04848854679125 -1.06914839784003 0.73022427722759 -11.8389473662587 -0.844885317505449 0.736848565342895 2.35057506310486 0.11388280439352 2.00337860307079 -0.121195804769144 0.704983645663855 2.19585956244991
0.579161099051895 1.71784891035054 -0.479291485312675 0.469398083099866 -1.58497593428288 -1.10644916392728 -0.537630096717608 1.08995688920846 -12.7104314143236 2.12104278678919 -2.36540085040061 -1.84080099232705 2.11848866276312 -0.920717304365266 -3.25661862121587 0.497531971795365
-0.526901537351301 8.28982315019495 -1.23656063187016 0.149950980499616 -14.9757987022723 2.29901756521563 -1.71706105887814 6.21279442975487 -2.75622156667432 2.33052471004861 -0.119908271531704 -0.570992175369567 -2.29053256854011 3.70518051367961 2.40914005377066 3.15188770905938
1.66165892552152 0.44220743021122 6.3126648640094 10.2956542163832 -0.193464791263362 4.27526875009343 3.24145133205792 2.68084115965077 -2.79440085775321 1.82990069288669 6.01868356147881 3.30499748690553 6.50388675791517 5.31559469874077 0.206741560052374 4.73355919589338
2.47285299050739 3.52070482789189 -10.1087362894344 -1.66561346255887 1.5445679272137 2.41403931258972 -1.33368606712421 0.756634210612653 3.50171401569198 1.9238882910824 -0.39067015959084 -1.76269357117567 3.48983476973043 -0.825036294141433 -5.82259449972789 6.5083814807761
2.81723832154958 7.98640216308672 -1.71110905768463 2.00023851801817 1.6180468844416 -2.50717924809889 2.23144367076015 1.17034039615199 -9.95527803949608 0.880552572980955 2.34643977827728 -1.72559105944528 -5.18565523006524 1.20009967590876 -15.9924990041179 -0.464837466579997
-0.928445532560343 1.36820751975891 -11.6001100870538 -1.63244027994875 -1.69954425180667 -3.44402835222727 3.00227177954608 1.67537232777408 -4.26645644155491 4.43233040609696 5.8889030824945 -2.83242871734856 1.52970360311121 -0.974056346283685 -1.22450272697457 -0.189169814998879
-3.65906985200008 7.29711863030665 2.13815725072169 1.8460912665584 4.27237505237304 1.3829360302662 2.4226292151747 -0.784889804854594 1.48565661398177 1.91001329317888 1.04634148838545 -5.94469748977026 2.28175456208376 -16.5370146226752 2.43445476057657 6.16827834785659
1.990031777321 8.96232688591504 1.57224709524601 1.34547615027413 1.26337094986852 4.13710042560303 2.90340482902608 1.17653269969859 -5.03860508354342 3.70689041788223 2.73127450025801 -4.56670852614287 -0.29190219871398 -11.2250027762649 -0.0681128778355891 -0.040002488216317
-5.04678620605153 -2.69698642868405 1.166508399322 -0.976222851092552 -0.820237752987191 -11.54384325871 -0.850973054743198 -6.32142485923324 3.71159800217614 -6.9500317464642 -2.01640652383022 9.55751278903588 -8.97637841469183 -4.93753794931588 -1.34251640796697 -2.08523773887846
1.0873866793948 11.7514716529678 3.52922805575632 0.761372226696554 -0.534190987477014 3.36235943701787 -2.47540687115015 -0.0591394219728847 -8.06170478769196 3.55198979619413 3.15276423630171 -3.41268643254021 -1.15947918115113 -0.611045528172697 -3.01273544749133 -2.11014204514482
2.56526691140853 2.51242483634518 -0.796203558452989 -2.27489992312268 0.929584625676978 3.28203526112662 -0.58695801969842 -1.85083313299357 -4.79745256549249 1.77381502774139 1.77312785041278 -3.73618603261505 4.8540868455566 -12.6200530305569 0.855907342425025 1.13817352635014
1.42573644523377 5.36895891419754 3.7527590222525 3.6727348862697 1.44679914992617 -7.81408696838816 -0.948510306760086 -0.916040954121265 -8.16033599081839 4.47976422401495 2.11562988041288 1.49081469737497 0.629414786875351 1.63428040271726 -10.7630704236621 -1.05507536403456
2.30319444412011 3.46466432991215 -1.10360934214336 0.747347824707444 2.80956291298882 -8.10412666053038 2.94558890314953 5.4583637044279 -6.21472897180137 1.34094610364441 3.73009668158762 -6.32992814793255 2.53661196918483 6.08937730052835 1.40319840570034 1.93391875368907
-1.66407459342687 9.84216813005339 -1.99969983059436 7.32565080778459 -0.918060771908424 -2.60019167046509 -1.02735195430947 1.12699904795851 -5.99942152601639 7.14501143475134 -9.54586167520275 -3.43245991340569 1.18960130952434 3.15374802143217 -2.05215331963133 -1.11135650081281
-0.710908924294248 7.4051758502273 -2.93392046714772 -1.05117089349522 -2.25235427641365 0.760531362345492 -4.2502619013786 2.1797356944774 -11.1169212331896 0.330382252326793 0.406160279579088 -4.43232461486984 5.64686488154018 -2.87131581179262 -13.7009498946501 1.48760691724473
-0.503921254537039 15.1795619561287 4.46657141431706 5.86703567481621 -1.76602639581108 -0.595057922059401 -13.0792377798542 -0.955285555670833 -8.32296466979432 9.04132907651747 -0.498703968621142 -2.98814955267964 -1.21075108315581 5.8830288425685 2.3743367878905 0.567683954881658
4.47938846208252 7.15787443348177 -1.30922425278918 -7.07943797774072 -1.1989931736059 -2.14741939262346 -2.1800310063992 3.2866384607815 -2.12665798632538 8.4464184693884 -0.0133877885180513 -0.626813086717954 -0.185749038110152 1.67169859849095 0.954604119563159 2.38868460901405
0.00889733582947022 6.46342101100574 1.31040982413515 -2.64192903060323 2.62520498700588 1.02256665309153 0.397253811752007 -18.8286848899653 -9.41729318789682 2.18179799375511 2.14060073178228 -0.541461378875341 -0.768972811940948 -2.66735244478361 6.08395491268829 0.846908259477458
-0.962023212848083 6.89078832708149 -1.50816970951389 2.68212387158595 3.35885628603435 -2.76918135802557 0.989283849443518 -12.937747480242 -3.88153067332504 0.540547714708344 -3.97331751062295 1.19898699250755 -2.43833544963946 -1.08136452134956 -1.47973515752086 1.78663756567217
0.520832937126659 3.71615213586525 -3.99392224931438 0.915001536202241 3.41298127892017 -13.6272849197351 1.25502927341597 -0.272659959147197 -7.38455129840161 1.58837753364801 2.40681779363715 -3.62935939484117 -0.866577670747455 3.36657584679502 -1.41957317616997 -1.86937130232966
0.781386458887093 5.88463474477231 -12.8582624765336 2.31799282933271 0.842933799561445 1.22281585151427 -0.49046881186075 0.732974686569746 -7.47425468812521 -1.6349953428338 -2.14070371102557 -4.15158055946188 0.516525207827378 -1.35270209256277 0.0596885831447845 2.79235030150494
2.16145289802082 0.812810062320853 -5.47992199924502 -0.982149985186053 -2.08200940159266 0.0663941864928043 3.54485376359945 -4.02381161554284 -13.7118538005775 2.74685072785859 -0.0310445263549765 1.39812095623299 1.0952469899573 -3.66729414290581 2.55399424292608 4.251706143114
-0.252504429413488 8.1123409584539 -0.911664375517284 2.09034689946607 -4.73056598217595 -4.12053002392227 4.1426520690129 -0.155918653441017 -6.59396276188943 4.76281026943435 0.820243500873904 -4.49467141337475 -0.36925134656283 -2.11945350391606 -18.7953145391764 -0.0714582393685292
0.00579602989422595 8.98221204957323 -0.467726288552837 1.98534430506779 -1.06418147417193 -1.4898128088051 -2.23926875540781 -7.26202623297078 -3.63238539488896 4.05771925004317 1.68937096196065 -2.31890071675987 3.53724273968681 -2.00902105578834 0.840550550360928 -2.08764877324434
-0.304139350008238 5.30016286172671 -2.39582409331037 3.46241769860295 -5.66415289951524 -1.06921462905386 -5.06210882802577 0.334545860315526 -5.13113402642454 -0.0710321531364202 -0.0239152129511703 -1.49474413279306 7.10878808107718 -0.671768567460706 -12.7711090673024 0.587556249468139
-0.25329068315656 4.97950435352041 0.146849834126463 3.44504733190656 -1.90676182448726 5.16351464312408 -1.97300295483469 -17.1308182733756 -7.4518396574439 -0.348850087701523 3.93651861489049 -1.69252636161532 0.204094871764306 0.780419092659306 0.131425369196397 6.69118648865245
-1.21060492201231 3.51625263374576 0.841244224030711 4.58400078313426 -0.669223356655716 2.37728755389645 -0.934005117910549 0.0261991442162422 -3.84281401984687 2.21245328457496 0.83326093610471 -6.08134971593214 0.996096258611365 -6.64397287225122 2.09577126846507 -0.180269979015439
2.76145890173239 11.6327979546262 1.10040475849001 -1.6576682610757 -15.1184536166328 -5.78445508351454 -2.32670019324775 4.19929389064213 -2.77263544972151 0.271873764135826 5.70875480386801 -1.01976162810694 4.56913592070027 0.233013374140517 -3.94179017877543 -1.62838553987218
-3.8417040232631 -0.458524066379372 2.80104026713512 -5.20441833266775 -9.97354379040632 -6.59840001448172 5.40062153278892 7.98806909835237 4.12947108983266 -5.7199806513607 1.80406678831174 4.81839300714603 -0.801644035904132 -5.94854402868049 1.12858940558177 -3.79658596605326
-0.928010028464718 1.80663239150551 -1.27013835625772 1.71479275952817 -2.62636913488327 0.595958874646143 2.90708802332736 0.498125533628248 -16.4806133365214 0.851359957998893 -1.60408715197033 -0.697058862356821 4.33026614266743 2.22776498858607 -6.05170382653916 1.0588761743408
-8.81097291416701 7.43053249360853 -5.7625659184678 0.354453017323509 -3.06934301429446 6.56438451510777 5.61976518527559 -8.09898693905043 -9.32258331173767 5.10610256492138 0.772653173728712 -2.19044073816451 5.0740597155659 -4.5082582856862 11.7129256941055 1.1256477209676
0.0667718044855813 8.64072675970289 -2.76794575766719 0.755848935062359 4.77143685339853 -12.258197500356 -0.78177739765804 2.72233085151987 -3.66283483219215 5.31048629334614 5.31467149035718 -4.91111921792498 0.38578807675795 -3.32229649033343 1.15192930038056 2.33031134335556
9.26665422903812 0.0878492362174771 -0.378429233936997 0.826612754216459 2.17994813887614 1.19706386541542 -1.44280367028385 -1.04449584949928 -15.0942588462012 -1.04970647144466 1.27966339393174 1.23722289967309 -1.7476550939282 0.581038128348903 -4.62549743922511 0.0596881300255597
-12.7344934559325 5.89939329024952 3.1972772781048 -3.07498754273297 2.12285602502805 -4.59363948079452 -1.25646326692326 -3.57047059049162 -7.83102536320151 3.13328076110881 -0.302806814074527 -3.20449947419223 -1.19017058605727 -6.08907086754209 0.664340539549167 3.95566103108855
-0.0788590036372793 7.44175775470789 -2.44488095148243 2.11430630038087 0.298200910343787 -9.43665767028395 3.51531565186725 2.71353135644408 -6.29329167993263 -1.19514846887649 3.67208140584208 -3.50598569202473 4.19008439988106 -2.19501585043273 3.15868762563327 2.92347963079699
1.36871316133631 7.44394644963961 -4.45363553532205 2.83998305803737 1.14127319911009 -18.6954736698628 -0.444329645543414 1.07683878430137 -5.79096662505047 1.58635457953491 3.92597656891539 -1.12889233416682 2.42002439091791 2.34872127752276 0.418967896203471 3.32465355144296
4.61056512979642 10.1972574384471 1.9765580919954 1.2917181255523 -1.5959189218617 -2.10112029599442 1.94318516841398 -4.57014599548276 -5.84535652316417 7.00968069495751 -12.1618980862538 -3.09103203854885 5.43251670864596 6.96059323899221 0.355679023579735 -2.23917889896259
-0.30367470209526 12.851375297416 5.11394254500131 -2.2549732811638 1.96350729467892 -7.14222785218074 -8.85879776803071 4.07411687968409 -5.96757533778301 0.60526338646378 3.69246538754168 -0.973944899311558 2.03764758954293 3.54780653171199 -2.26500058597326 -0.70889395447324
0.533712822084925 8.28316035266717 -2.96134513184165 0.545502042654868 -0.983847440390444 -3.10418417733125 1.05143887903258 -9.80051958123895 -4.47416014857414 2.21947752712697 -2.56731448177994 -6.0245732888094 -1.76860331126216 -2.18468929638536 2.25038759599591 2.84210100186817
1.03288382279042 4.02634533427091 3.099114153917 -3.34313997120815 -1.09353732403634 -1.42617826894015 -2.18803602401058 -4.40705065489283 -6.05487242591313 -1.14072744516129 -2.5208037470557 3.19549727806107 -5.8407042963208 -9.52443075439875 -1.59730271371908 1.20062539183902
0.382007256293894 9.68113045568465 -4.39852075773114 4.11757254628362 0.380814606609961 0.452229139355517 0.0644556040045254 2.36696418361103 -4.11536577785555 0.411318777488635 3.98586183482021 -2.36627843327271 3.7482806656532 -10.2907456500962 1.20141802697701 1.93900239090321
2.0940679792453 -0.246304543230745 7.27983902392989 -1.57370444537687 -5.57981469845575 -9.28238438632395 -5.93334262099356 -1.38219791021666 -1.47678623626635 -3.45064487643049 -1.58679419314754 -5.75439836218503 -4.52767675940685 -4.37368071269494 -7.45134871824795 -3.04755981782304
6.01973731543238 11.2504990269311 -2.1740596892104 0.363064001866397 -16.1646777195636 3.31232251795777 3.55849768059696 0.367038469154934 -2.12167139185192 3.30545872942602 -0.696806599446369 -4.88829026688275 3.34284118110791 -4.13917403631901 2.51911849135826 -0.0853574852885698
0.00365295760679651 6.29451848609895 -0.153071199928318 0.132683953062884 3.7625149945198 -12.0750007724152 -3.89381265329116 3.1055428578942 -2.84313998092568 3.45398143411876 1.79615712515241 -0.251869706704455 0.650723700918237 -0.82321816675638 1.26428693827249 -0.354041995497287
5.95248686836851 12.1676664376578 0.988953513051206 7.2108186304929 1.10247635658181 -1.01410368712438 4.29982319412816 -2.24745646975685 -4.28861907783394 1.71912840272624 2.59176673450527 -2.18789301741535 -14.3465937174423 0.590958063698188 3.45257966376591 2.70613393301049
1.16669256505464 7.99985436339359 -0.253768252980703 3.13034614921297 0.97955022832151 1.79948693364559 1.69230761689672 3.69353142469937 -3.90580326006051 1.562022604142 1.85443723294654 -1.94683505700601 7.04089637489951 -10.6128147579835 2.18574487123119 5.03518144177883
-3.26100914411375 6.28070267110947 -3.81362635043369 -0.925341533836304 -11.77258011264 -0.478131576209223 2.50202382038244 -3.64783837970808 1.31468148710691 4.4038144548322 3.15744706637294 -3.98490230366387 3.84841420107675 1.06751708000539 -0.66687951380534 -5.15877642827775
4.9733098501987 3.96938893627858 0.965053318998673 -2.35317144253803 -11.5744267900045 4.01160977977984 -0.273974950899524 2.84981082136595 -0.944146730955477 9.75630182814835 0.395642583066667 -5.15038666228825 -2.4084587868835 1.00347132269692 3.24893050994316 -6.67905508941591
2.08725550387517 9.88214571655004 -0.129368117132728 -1.06635648860911 0.712236744441353 -6.38271006876557 3.50798509364849 2.90923602206081 -5.08979261136825 1.46375573072002 1.81922256003435 0.153109819397812 10.3470470851806 3.5587022230682 -9.92446227261095 -5.50912132731276
-1.35423211297708 10.877403540923 3.08653951583721 2.04643393609855 3.50966193503462 0.840525725533745 -0.562605835304703 0.65160122245389 -4.89042157374056 0.718332780864953 1.73249382165771 -4.33163334776067 0.826804630386161 2.38888771897947 -7.07848737522538 0.653203294423414
-0.208747501668648 0.915527967966392 0.461276532042816 0.681848531410977 0.660095028488198 -1.23441666107263 -5.94967963817612 -4.96831174933133 -17.6688796953502 -3.93546654928476 -0.436732008290424 -0.33951737355095 2.53513488810505 -0.702540613709551 -1.85493558113363 -0.136015443759676
-0.848850448567911 7.83116903755812 1.42361413119645 1.27489552631001 -2.68383979040199 2.18473753573683 -10.0519500934214 -3.53176122978069 -14.0298754734802 0.315801523686043 -2.10359602994526 -2.97554050237639 6.54753257389453 -3.00938647801579 -0.868164263128436 4.78476940294953
-2.28528992308497 2.66540381230623 -7.09049813310829 -0.416259390708375 -2.43297712065611 -2.35858948755505 1.37394889191728 8.20340942619943 6.50948870561274 -2.92624789886326 -6.53448147316033 -0.928551791658548 -5.99450784831037 -4.23383916634352 0.0226791948867107 -6.99503641316386
-3.83757760991881 5.7882964847785 1.47968485969091 0.0191758581519996 3.82722357089571 6.02068635341232 4.42525575227949 1.85718064264561 -6.68334907800644 1.26993003762028 4.08648220149451 -4.93334545092269 3.09147480579247 -17.1010940100203 2.64093112529478 4.92211924898193
-1.60794622333008 8.09792626717658 1.41784279088928 -12.2986603703477 -1.17293151136527 -4.62240968919458 5.09822224551105 3.54528519447407 -5.82950367690052 1.14925430777018 3.86094739971755 -1.8394563016396 7.40429149362404 -2.64232380294386 5.18471623871769 0.852770431913763
0.990987660932084 -0.431095586906772 4.99475430081565 3.7790034534418 3.40096034662383 3.70274805890232 -1.24348551212559 -1.09645594902538 -2.26916980887415 2.03039463945688 6.88788004468691 3.78895013062094 -4.12783748785996 7.62371885698597 -1.52730214409014 6.71493503879314
3.48269737139204 5.06563397310353 -1.5378949151807 1.58696173114598 -0.364626584941497 -15.9708965399707 3.10055644910763 3.48200482439008 -5.3259475542801 1.97308696434042 0.175786846622696 -0.395033742422628 1.72386267190324 -0.138304538157481 1.01492720584241 2.25494551194349
-0.766703879807365 11.0095291349628 8.06819169512043 -0.180826364594022 -14.7529829197275 2.27610953833678 3.42238001042372 0.554061334693072 3.42078235874282 -1.50173315766445 2.20921549552358 -6.22652948145914 8.58339106558622 2.02810438616275 -1.2290338926126 7.91138823169108
-0.325982356213313 3.46734696630293 -0.52165926109745 -1.7143965523872 0.29005921322237 2.38239450754636 -6.1451724194359 -2.26710204311489 -15.4099302321899 5.02022372942839 -0.31335450764009 -0.0181397682709259 3.50734107909233 -2.15547081516633 -1.16825585105128 1.71988421180923
-1.60251047185981 6.90448342743771 2.42359280394536 -10.21504602765 4.00901265286451 -4.7255461904488 4.53069283220416 -6.32884079934027 -5.21669768211846 -1.53043228155566 2.26149243021558 -2.09249309978143 4.23774025313049 -0.16785132839399 -1.95306911076015 -2.82732473101624
5.00225480956902 -0.000679480448416203 3.68577200915891 1.3483928034477 -0.390157721633184 2.7045629438471 -2.70141199035141 3.18337899933059 -4.71865174035306 -3.43377814289518 6.96327893433014 3.01258263800854 3.32245236918062 4.84032902268892 3.65429807210894 8.46721187004908
-5.15895443778456 4.24807467827073 2.2738257530121 0.011177242201577 -0.160657777320713 0.336441765928097 3.51677917571522 -1.81756462819349 -1.85328625989698 4.22973545718751 -1.1591342084561 -19.5236106319771 0.229934821034473 0.723491106819353 0.356946082918534 -0.973031496244561
2.29336386980629 4.21898830028314 -10.3913507594846 -2.72485172743328 -1.22810000402107 -0.53257981570034 1.24130889255304 2.21935587266933 -3.18602815809618 -0.350327777215986 -3.17831607861513 -2.8323861935773 0.837256987302025 -1.13868798855949 -0.373540939927206 0.269095799576708
2.2526597507875 9.04057289098709 -1.96329004579435 -0.216604337203314 3.24875611949249 1.16019812944132 1.41358135008852 1.53076399684353 -3.89085950541094 -0.0989466189554812 6.12631330791839 -16.5756980747823 0.226540508149757 3.86872040173756 -0.876246458240122 2.64190196116834
-12.3050993402486 4.23553089306471 -0.483696395050559 -1.27625518723155 -2.69426974215029 -0.0696075624138067 1.59744027652837 2.4317810672571 -7.56022073755027 -4.55169132403221 5.38811308712048 -3.38372145762929 0.86527781945436 1.57651086825421 -4.98865499585221 -3.50747049450475
1.2452591606452 1.44236536528385 1.59869130881329 2.49151982132003 2.03006467960884 3.88048304016347 -1.12230325148718 -1.53629893052537 -7.12824851783027 -0.967012560324626 -1.0944147315493 -15.0120610193081 0.372868031140604 0.156518081351901 0.339774477018632 8.32377225528042
-1.42908689186759 6.57279277646018 1.29155358430989 0.309370206160382 0.269155511118098 3.42892328181261 -1.31191194641425 -0.259617714574346 -9.23984582565959 2.76623143928368 -0.519850917509552 -2.53850950060181 -0.906742549745776 -0.604193729002772 -19.2898318329674 2.91944779063639
1.8702481960251 4.89250188125291 -1.27552497367584 -10.5253682988141 0.522873848516266 0.533392964603088 -2.30009073124773 1.70167378481945 -8.5988670361463 2.12371532523758 0.00051561625405705 -3.71056173615161 1.63516744657266 0.732147710832247 1.96681896251041 3.53364925464236
6.64164909236803 10.6439745295061 6.71233802550294 -2.1518837209888 -13.9373196484201 0.711817944537867 3.26019340046931 2.68796776856835 0.64571287748745 -0.240639749039242 5.66367681298427 -5.95211295815901 3.13640513037692 1.1470758431432 0.421509940264987 1.42472807478252
6.58400485138693 10.3711878533608 1.64779561330777 3.35570850907534 0.503012444519121 -0.0506228096544851 2.52015447789093 -5.11248837754094 -4.59557948344343 -1.01413640545416 -11.7496201686052 -3.06389921158735 5.71556389881284 -4.1610812732599 -0.0429375527128173 2.1094338657467
-1.06608219381587 7.63099472916289 1.83083041511162 -3.83695564920286 -7.05170316537793 -6.30592883404867 -6.15265243103189 3.29983739227068 -6.80701994955268 2.2251745729183 -0.414127398011476 -4.04061705624295 1.42948006008753 1.43354884560827 -11.6523347276117 -0.823173692558071
-3.95275914333778 -1.40908022258928 -5.50096596494742 -1.2312732352901 -6.82893162820434 -2.02322531600052 -0.10367974796359 -1.19147098004893 3.14678973275258 0.365694798456274 -3.51967181155836 3.17438480080536 -3.74750441552643 -8.26963560248458 -1.68984043932388 -4.07250737110255
-1.64885568445989 6.12051523206086 -3.88623161201088 -2.04321721641879 0.255102934845587 -0.366850894313644 2.77607348267231 1.10777774184387 -4.4938669719298 1.29162530940295 -2.0325815209352 -3.37708129126263 3.39957635792804 -0.60697813449006 -16.9907515975969 0.234580869487385
6.01461077933812 7.04579823871034 7.94280751086358 -5.39143514408312 -13.9536937347045 1.95901580082613 2.46720338265221 -2.34771271689969 -11.3209047798514 6.06755752029283 2.94942584645904 -2.18896655366872 10.3976120652945 -1.1508701563781 1.9191810789922 -3.73310653470038
-1.13584860028445 -0.0446674646797026 -1.61418808649966 0.593432488757299 -0.386763991154193 0.970950263807327 3.16545567931411 4.82091117462301 -20.6970352384352 -3.64281632836527 5.17613792751838 1.54567672750762 2.47681745578325 -1.25386672441952 2.68694258587157 -1.14875581745453
3.00543660718631 6.52301674432668 -15.037148292653 1.89239760495667 1.918317430956 -3.95226839761802 -4.74397290746246 1.38945342212382 0.77229226607584 1.36012430212162 -1.68421165868984 -3.92539619698111 -0.585908539803902 4.91506972363607 0.921207199342824 -2.43298661734005
0.503038631334836 -0.22356367529343 -3.58934124232533 10.1830323898355 -4.16956860293735 4.05018632219851 6.15425627544252 -0.428978194609835 -0.537171572593529 4.334142970832 2.61420676383978 3.58641344087736 9.57564787358841 2.88215797361515 -1.95590368061441 2.09171547651171
2.08763523015027 -0.678137570842626 -3.62866874178313 0.34051130824986 1.39810780000817 2.17767120343638 2.23894543199111 1.81835855904672 -17.3761598456786 1.74871630738386 -1.53907653205393 1.9986821085373 4.54326972856744 -0.807761663570685 0.448365492274135 -0.41793078174812
1.2452345127089 7.70926562471264 -4.41341116852509 -0.679549389847592 1.37066663373369 6.41752417404222 -1.49478815812188 0.757107159249738 -3.47678636680016 4.75368367663486 2.95327372515277 -2.24107879620553 2.92381206397189 -15.4174264222848 2.2414573526731 3.85275124408807
-3.34313504221884 6.01074067074772 0.40984279745706 3.29704812740125 -11.4728688553527 -4.97820673032796 -1.64112525501756 -0.511130016038769 -1.92737748950095 1.63313193209628 4.21856913322628 -2.30754806354659 6.18648233837169 -0.769934960673872 1.43694191906899 1.69032802542087
5.08794369745066 6.73454992966417 2.08811350948982 8.08746216994741 3.73347186215945 6.90593205101068 1.88485335290736 0.0849965966070211 -8.87908914900028 -1.23021687207926 -0.768351111539219 -1.71525948987988 -2.13671634744953 -11.6284458387301 1.87086130677665 2.67250198364358
-0.785153532055786 12.7400793193 -1.65961464202091 -18.1026590163459 -4.16478385139771 -3.28529589542751 1.8273507841306 -0.919065477288737 -3.06754506936568 5.56481304404222 2.70918620704007 -3.17452912754372 2.69815671460448 7.06751447397745 6.40702470944929 0.993422859432542
-3.2020756066343 10.0756097731284 -16.3068435600597 3.84393586322022 0.132752576621821 2.44972226755742 -3.31142872404935 0.89523083346899 -6.98176943114431 -0.642098053684972 5.00878015428162 -3.80387973730983 -0.927149011072254 7.31651002801952 2.02805540020849 -3.61333652009014
-0.828043749621676 8.19225560123812 4.00907791493064 -1.76943193856544 0.938351085816874 1.26353964448446 2.57746106469641 2.04258150574202 -1.13172094493443 1.41624128561781 0.559357989057362 -6.31392600419952 6.441053560784 -12.3099947595274 2.52347266465829 2.43926230867511
4.48530023893253 4.57538270572211 -3.53440237415426 0.591960143248133 0.573134426386419 4.51870094273245 1.2177749398053 3.6486507262879 1.58360606142467 4.7656103968144 4.05954500326736 0.957280494891422 8.8675845377683 2.96817317508328 0.931427778861474 6.83512776194651
1.49346021493146 10.5832747884493 0.778012103057411 -1.80999491142573 1.4272448865276 4.01531949203734 1.35875353395253 -5.47571400581003 -5.46850668538349 4.10856259669128 -13.7785860856252 -1.64880175149415 5.93783224282824 -6.13337562230038 5.43056250595943 -0.816255302760105
4.33487694747678 6.46591886006992 0.463911810059611 -16.1229657168764 -1.98969963138436 -0.100235724656153 -4.02586779890446 0.0316112609803666 -8.04160717034548 -3.9602830404426 -0.145806913800592 -0.97052806732546 6.1448178938546 -1.51563782357396 1.41940548854662 1.94883009928196
-2.46963056516943 1.31014233001284 3.15725311644471 2.47093635663107 1.00335858828465 -10.2802081759442 0.576841555391042 1.21439281537428 -1.69648618987137 -1.13735172360533 1.95322473299127 1.02969483885403 0.568508124011939 -2.04287024178144 1.34594101987807 7.91237242662673
1.40679122348665 7.26268303974865 -16.6676395632832 5.12959040745501 -0.211220346473215 -0.341979109123603 0.414378588203726 1.13575567979686 -4.97617506247186 -2.49901917347962 1.83469853844305 -4.44942603210859 1.49254430888306 -3.5965251267342 2.09545826149821 -0.10370770670697
2.12182291395685 13.9011840646611 0.393276425444471 3.58125292107284 -0.692648012103576 0.451977647302943 -0.155208688550742 3.07333455937662 -10.3066183059742 3.06977512327365 -10.0008089092839 -3.12629811195091 2.24056814383207 1.8325526863303 -2.03339946067429 1.55378703437946
-0.780053278307814 9.45070450058588 1.69793514392897 2.22892501051498 -0.770499289545163 -3.84695016492391 1.40547392133622 1.40393992654498 0.675712291761109 7.41102819423342 -2.21285646308646 -0.544278662377415 -8.98304511314941 4.1090734433536 1.48938199893221 4.95949495061696
0.355422895454822 4.1022516735376 -6.14283710546587 1.13164370580238 -0.857830932065446 -0.324765763175419 -1.19046186125942 3.92349062985113 -3.2551903342476 0.916705431500643 -3.60109884712371 2.14634236804159 -3.24577766532604 4.6551829839906 3.3424588560761 3.04449341674289
2.13356408747956 9.09023800765205 -10.4444579001435 -0.453195634376569 -2.05803633377844 0.774609230897653 -0.359013249861526 -0.177724437936177 -3.43908598771127 4.59928538647196 -3.43365140714699 -0.783477177175889 0.176539904998134 -3.26300396757311 0.0245370451186679 -2.42316296378315
-0.209071289676035 -1.80199633308316 -5.98552515874013 -4.99239272310538 -5.82552068962731 9.60975305180374 2.20827877335058 -7.32140292005146 -1.4119008514799 -2.97199010797114 -0.594665365599023 -4.26643164206701 -5.79219515098765 -8.83545647283425 -0.107539736114246 -6.23610134897402
0.308910028205655 4.0601726002058 -1.08556623765244 5.00703331569517 -4.1588444589477 0.511365312432867 1.15078169690575 4.50585782278014 -6.78831618867585 -3.26248361613015 -2.05571411220355 -15.0182531363964 1.89306850968787 4.61320735707906 -0.483254989006559 1.95263259413882
-1.66679344913752 6.05537382640313 -14.2493232517385 0.58170781515162 -0.946237213892026 1.06307082290569 -2.873694014955 1.28347187632534 -6.3742581159351 3.79448349070422 4.04453566306937 -6.15457948248614 3.73412599705092 -0.411559424012651 -4.6179956737974 0.934987311098927
2.48837930294061 4.40146999815379 -0.67979128444693 -0.25880814701997 -4.29329651248832 -1.36748493186516 -0.349443199656649 -0.583667799564728 -8.08557075573348 -3.01050065310578 1.502926716444 -16.2050059936087 1.2475473814005 3.23455912326814 5.60711307447403 3.03561494840028
-0.107798793734816 10.4162390734261 -0.235930207035982 -0.992814014687924 1.32975962951611 -1.82043459963177 1.39718714336216 0.416769731543807 -7.70298160976814 1.66410887580633 0.390027494676936 -1.27018849240269 5.89793889912931 1.41067478147403 -14.2827634956905 1.64271398839578
-3.03813410013466 -2.46042285496686 0.188416947242153 -1.74056617797355 -0.208887977229095 0.218810686947067 7.91016758850141 -1.29406673221099 -15.3900734388855 -3.20706988865278 -4.26274256114899 -0.992022074102002 2.94420080541093 0.954538011130271 2.69592578785041 0.117311828202443
4.40695749829345 9.06574567514792 -1.77511819092346 -8.45675805672191 -7.65794039405407 5.6833349084685 3.94992118628376 1.98908302545341 -2.36312587625362 2.03231833589336 -7.234099847475 -0.0843661045050537 6.22879621217256 -3.80723297135328 3.65406260539494 -3.08921271796609
-3.42978132108481 7.2737768049366 -0.451300900686627 2.6530585766426 1.96105097695942 0.187858668021915 -0.0771689294579126 2.59941678267074 -8.37077076483611 2.11520051600669 2.00476754390717 -14.7047126369492 1.28880013983291 -0.94120924708715 -1.06587856229183 5.3847383208945
-0.673564454591889 5.46545893620705 2.99802487014971 2.00939934669307 -0.654555482372294 -2.2751710716693 3.48191338995855 -16.5971744325297 -7.09747255284409 2.23657370553641 1.84648305012583 -0.722962686331757 0.439324158473881 3.56739606779822 2.64161549429801 3.47219596406172
3.05454823547696 7.19632741389589 -0.149639099109131 3.25118417082142 1.44936553463865 1.48662949610739 -1.73267829514901 -2.10678388955516 -10.2600972658405 0.302727712596861 -0.128797392607274 -0.284819408944159 -12.0897463660043 6.10448973012423 2.60969181692269 -0.634066263965942
6.03448464682576 0.369907136857109 0.977256609962007 0.851863433233216 0.945948256957866 -1.68670345081009 4.22903367866561 -0.0387664791105636 -13.3917577880308 1.52210372577899 0.525433696926311 -1.55238788080887 -2.22764835401476 0.479420468297369 -1.10063214402868 -1.92648405782557
-2.98476817293302 4.5269215317023 5.40747206074213 -1.71630651162571 -1.69615642394477 -9.27300667009999 -1.09038707310747 4.63195155876193 -4.43898489754257 -3.62259647412596 4.27396087935886 -1.7607522361887 0.725265427660319 -5.19787482212684 -1.14571755880429 -2.84512937311244
2.37119630848123 5.62899109227912 1.92799679702889 6.18363275674769 1.41886660819652 3.09138703559671 -0.108421782718135 1.24744959588773 -4.13452942731016 0.901930674660099 2.1704420431268 -2.54188098134715 0.320228933771884 -8.11274383205668 0.268479225306926 3.63348060164359
0.233840841528829 9.98780164047855 -0.535909553751516 -13.6580012024754 -3.77628810815398 4.23093720472654 5.52845134393102 1.26112558725966 -8.23177434029816 4.11299795873781 -0.362693638604327 -2.81402079714317 2.65082815081495 -1.49125457979561 4.45398741848705 3.26956872721439
-0.188658346056772 -3.18071987265812 2.72688276151069 -2.44822761930169 -2.46438345199198 4.94232580234836 -0.927597339816115 -2.18675399500164 -1.51279729374302 0.801044611070064 -5.04376993102724 0.46961526934166 -3.40037249965558 -7.93829268610534 -5.47323734690971 -2.78381678702186
0.779132915127489 10.1846978950905 -0.557035066290387 -1.58276757639666 -11.6954094422982 3.15440613699351 0.136637423188439 -6.91221543968784 -11.0775517173432 1.30430280473439 0.124075263873547 -1.62612364097265 4.98099508498709 4.10037613260032 -1.97077702716213 6.0332036406965
-0.119074390635573 6.77970768266494 -3.08985958369015 1.98478415981193 1.74080842746563 0.410556325824904 -0.890724997107992 -0.265910725313758 -10.1735270050912 1.769363404945 2.49011253224643 -3.05380712425333 8.80569155242627 -1.11551609474967 -13.8361128999257 2.87117581497341
-0.0402417279694747 5.76113019783488 -0.749322895925818 3.55592652201446 -11.2883549112688 -4.49690322916438 2.23722266083977 9.25428582350121 -1.09697642492794 -1.80294154239046 4.25026539712844 0.298887082386003 9.87062262739206 6.58746469338391 0.295185793546963 -0.573093791911087
0.549636848794251 7.19340533222543 -0.244561014983942 4.40066503666596 0.028612082254748 0.925327665999635 -14.0357157005848 0.297914795973179 -1.3973950998265 0.243512756336829 2.61878421237879 0.30333892834914 0.118450291757227 1.70212845281312 2.06660295092478 1.25478602765516
-0.531093043543712 3.56295071049442 4.53853740957221 -5.36100242832524 -5.71890170557135 0.585532051487932 1.94278559746111 0.545060486211254 5.1871655139994 -1.07252641448073 -3.89173720505831 -2.83097494997424 -5.66734879513319 -6.54405797406695 3.84939646754503 -0.262072455118992
-1.39339667008783 -0.517099660801533 3.01529728453652 2.68935914052068 3.58827300484707 -2.77276562865682 -15.7308324250663 3.74971629473427 -8.14365000222534 4.52526593972444 -0.6642319615791 -3.8294222673741 -1.72496735412218 -0.109233821985947 3.47535750235489 3.06940143596575
-4.49872002611472 9.47610072541772 -0.608464664306551 1.04996746451074 -10.2878648462253 -0.0530111712982905 -3.10198510174392 -2.70176326635841 -7.33076926836223 1.57594304069193 2.60167119984847 -4.57688486948916 5.18678023442144 -1.50091098538952 2.01230612126009 7.4945024729634
5.96162047445856 10.4205124708993 -1.92232911832278 2.80452966219335 -1.48765670173929 -3.43732895652428 1.76454137585954 -0.111081092160112 -8.79302139975799 -0.565617123833144 -1.26797518549221 -12.9450604549698 3.99758817657495 3.8689079204435 0.093044879050142 2.81549250740443
-1.71453352966484 3.49886360743505 3.42205424613288 2.38046262293411 0.367125884863654 2.91150812840579 -2.30661562862198 1.47261029285826 3.5831605793382 1.09363447933017 2.12725159706774 0.557647965434763 7.00768349691589 0.941842975563162 1.90673741227439 1.52647714819916
-4.18545605305882 3.97019365103095 -3.08548380037462 -0.284537635041326 3.56577404305747 -0.615086469310925 4.09631838913322 0.763767460438723 -6.39078284583253 -1.28408692276421 5.10807752621705 -20.2603539079149 -1.34260027283026 3.50073051355558 1.78437171266146 3.88077839738991
2.63187143778978 6.47179184220867 -13.8817410296902 0.0501885630678472 -0.507684121065653 -3.86325616760257 6.96940907206073 0.243809031443252 -5.24732470527173 2.55645849038413 2.92236343486212 -5.59008949815206 3.20136906612466 1.84753787780574 2.27043106488463 1.4033269738439
7.19114254316158 2.25471166180209 1.24878688621897 3.20529869897838 7.56874165592816 3.10047497883873 3.20241773841719 0.769267711466716 2.4435559201144 4.61865379647404 1.68018646849029 0.825614949201378 1.37343980965759 5.20980377823716 2.59737844002884 4.48293778099985
-1.59404885929991 2.35404890075814 5.41633012954539 2.27090789812107 0.328004625573176 3.14928131072392 -1.59260583196081 3.56533288240558 -3.55021460821821 3.94495296205128 -2.98894928580639 -0.597363733946064 6.3849752641006 5.65691016817762 2.90705481823763 1.38141867230817
3.21731697333852 11.6037402185716 0.460726382873609 4.77352097307699 0.334716011019853 4.7158983412183 0.112683397463055 1.78255413216325 -7.20496416705708 0.140143209542344 6.48274776463278 -2.86853491635369 -9.44917467503373 -0.404621845618341 3.67327590000473 0.375799984416356
-3.10891701317776 11.5141918441047 -1.24777190359502 -13.0069303620512 5.08539217855373 -1.5116476433097 0.676305771349271 -1.22138603658631 -2.67000990674043 1.03940171512561 0.339035458506394 -0.541115878887345 -0.767493289573285 1.64348553535391 2.65389907119627 -2.99329489868374
-0.496426002493848 3.22441521753275 0.423451263059132 1.99576756338677 1.34007069075608 -1.19127915444014 2.80828558798476 -2.25444054189024 -6.53913319606717 3.00418576722623 6.14364296522247 -13.9587415757846 1.86989972494154 3.99830429499224 1.26109552130143 3.23886098603973
2.95308731880607 8.01979391341808 -1.19570449303955 5.03386641907516 0.820161061309063 -1.97064643304479 1.62213484215815 1.22740015905311 -1.04906537358159 5.92001527693184 2.32215421825347 -3.06804132751084 -5.58526922047374 0.0518616163544086 1.81892395179889 3.46349156316382
1.16031843090811 8.65499381324485 -0.210169888358059 -4.86849746120288 1.63878149075965 2.18846008304273 -0.0547578564671948 1.13833311711232 -3.63289078374022 3.63631056990973 1.50837577308054 -1.81042970412194 2.16648331286158 1.43121185499843 -7.98429494870517 3.57798707566892
-2.11258820204348 9.13272084539682 -1.13478055717676 3.63057061644927 1.26035614521666 -1.31038205735161 -1.73965057812699 1.4585177798457 -1.24389931268752 3.20784491431427 4.06531516252956 -1.09398751345514 -8.87893166378202 5.70406265719516 1.57083541943041 2.97711107986249
-5.33784397157873 9.61639352776556 -2.61489434481305 1.82314423337733 1.19790894835151 1.88275701249157 -18.6134619699568 5.16351801126307 -6.12055030165473 0.941665306931937 -4.27775169559519 -2.28113838755604 1.19394273993913 -0.757067542699394 4.73081967940287 1.3079950167319
-1.95177748999933 1.21804917456245 -15.87271944746 1.44521524506692 -5.11207836803995 2.68504635479016 -2.95539211976502 1.72483575087453 -10.8860115147161 -0.415093062483036 1.91407198233505 -4.44336205389002 -1.55766509675663 3.03108592811043 0.860285416229447 -0.19620421878763
0.0693455016549169 0.326029876968703 3.2085265648492 -4.12322416149449 -7.24267623166067 -5.42177152463701 1.31782098348761 1.71388881334438 -0.13268095607518 2.93335690385747 -3.48459522881014 -1.9467675357934 -4.34082125783052 -10.0491978445166 -9.83794509423714 -4.00414101450284
-2.15472548252053 4.47840293999781 0.614702093643387 0.33323039921542 0.473282520850919 1.02661845334023 -1.80530610162971 3.52290019729135 -5.58266755129413 -0.419270615863182 -1.91981572426227 -14.7016769152209 -0.133997880390679 4.40078363657081 2.36565937465353 -0.0153832027589165
1.42585360261758 -0.574259381168383 0.673665866628888 -0.194683069519151 -1.50094675486825 0.649414399367684 -3.1870487323589 2.44850497898256 -17.7494858340502 4.18625362337176 -0.996866545682299 1.15005637650487 -0.167144286083672 1.62390575943767 1.75599356646151 0.486596323411141
-0.65297694056686 7.41728026758021 1.50161842622592 -6.30584296931613 -0.489653927702938 2.87929702815482 1.48877720282178 -1.58474138287815 -7.83993517526767 10.4434805809691 -11.2128431609016 -3.55195760309489 1.73429132505213 2.551439687241 2.67843220588047 0.297141020050677
1.43428191065265 11.7085491052381 -2.2495744821496 -10.362010400438 4.75509361914552 -1.3635501384668 0.552714660285807 -1.17581667366365 -5.79237689992382 2.67444310386047 0.224006936529086 -3.35444422551073 0.169044407265418 4.26177653849297 1.33380818847681 -2.42828049050216
2.6637023049039 4.65788153259446 2.39171085550255 0.516046720848707 -2.95464233401592 -3.28367307476809 -2.22843763549344 -0.453556192079016 0.88564425224151 2.90003344968859 0.550004724500848 -4.07494233014129 4.86300022825475 0.497214784262534 -12.4852760451771 1.14401107539032
-14.4243714781501 4.95569828779383 4.23700403673216 1.75329163724222 -2.06173155901195 -0.359521706571539 -0.22826446936483 1.62906310932836 -4.81690401116471 -4.62302041428282 5.00733087443916 0.317606465745829 5.20729701263603 5.46104718473983 5.88522540233649 0.166006679127311
-7.56597645583043 1.53679407846214 -1.313046891861 0.913419948591962 0.316478737625778 4.09599086280584 0.564618914045882 -1.95121665406675 -17.6391669855983 -2.12285185171339 -0.238468636451832 -4.1484796469778 -1.15126648155982 -0.0395986828511294 -2.49170243252891 -0.736338446008419
4.96220612635517 10.1959559197381 -2.07868974076732 -0.0879157659773568 -2.63790425524867 0.00389005115258503 3.47998998295589 0.88016604974387 -10.1534223695647 8.21631110997153 -3.43471146786647 -1.85306918970577 -12.0364926648717 -0.841429244379562 0.0732497253581916 1.87873467766623
2.78356847931078 10.5925765287415 1.56044119258983 5.7446529422557 3.49775526846917 3.3076432192606 -0.456569957962787 0.557095683299839 -3.72797093799204 2.7177687023033 0.821663241949831 -0.779651188329465 2.91185737619504 1.30903597996574 -12.6239234559412 0.578745217490822
1.62920081375485 6.82034919806717 1.60150218971583 1.25380317547404 -0.908640285315212 1.55745485694669 4.61287256935304 0.716818654146267 -4.78302346894827 -2.93036998132377 2.98305419559148 2.3795592832695 -15.3883745635085 3.50260110869806 1.86204869828999 2.96282253523504
-0.894268651906231 10.5192520072855 -0.137907573378962 2.08654644352519 -0.352888046150495 0.0934717333892704 3.30637463274676 2.11349961863375 -2.42450633296554 2.35715906366682 -3.14969845165261 -2.14044181974257 -10.2588950628541 1.08315957966217 2.66155548513344 1.35942467310917
0.924943804813413 -4.06512939462748 4.45632054543959 1.25605851384398 -0.6354690658256 -0.56238117758733 0.473994727135719 5.00098380469226 -15.7782789808377 -0.646420805511944 2.42414185083694 -1.16230505424008 -3.8192004720913 1.63382913548758 1.97117149893245 1.36045076512932
2.38046253145997 10.7928064935671 -4.97939934842909 2.92850459240082 2.90381540736052 4.18925152939699 -0.0544844658332015 2.14561131038612 -9.92348300425031 2.52315085657007 -0.755501312976892 -6.11153734374368 3.6352774693684 -4.60378552243845 0.368460303200426 5.22552412054985
0.58601371876852 0.796519446654101 -4.63424333156474 2.10294010716976 1.72660697311747 -12.4920244149824 -0.611366065893718 -3.54069979045621 -9.21526451520338 1.4556396107381 -1.90043088357226 -4.85806713092721 2.08167268989553 -4.31737545338589 1.69079322772013 4.63867091623715
3.31607570968537 0.23406856774211 3.13267444767208 2.04039418241623 5.35944408253167 3.27291679119253 -1.74049626930754 -1.83857517465729 -1.49858145752466 -0.0254992763799957 7.7630297964961 0.373157908278188 -2.07490551331209 5.2599550653645 3.44065029994146 4.21713651768796
3.78666198584581 6.14820231458196 -12.020546181961 -1.00023388871008 -4.30966622116054 -1.14423735988691 3.15615754339299 1.46572840092193 -4.15769493307774 4.35824267792646 2.52353282875733 -1.61921354480459 1.50051268915792 -1.47380037033935 -2.57168111667954 -0.264918366897157
1.20099284429218 6.86596574842395 -0.202115657314523 4.79663940975276 3.91659496625587 -17.0906435868725 2.65497844088378 -1.18577345906235 -2.10720791680665 3.71320291749616 0.470483088867749 -0.16704849658601 2.81641835451695 -0.891128141298251 1.41194950788006 1.55909878403298
-7.85806304666177 3.77682153834096 1.65572133670526 6.82042548783507 -16.3981693121654 0.464258752070912 2.20025405197027 4.29959153425325 -8.6920141750904 1.28338899154767 2.35631146789341 1.38518690515589 -2.12095028452449 -1.03970846594721 0.912494684419074 -2.43705698811195
-3.62744929490659 1.49762420270123 -9.91598733495421 -0.896115764970519 -0.401210353965019 -8.57758246868587 0.711865896610819 -4.01669184057639 -3.21914039718689 -2.49849593974144 -1.32221859493629 3.43331152303462 -2.58232054826385 -6.62293314397514 -4.56294323382603 -1.18020269853701
0.821322601044456 6.23059384691186 -2.60165447295343 -3.29472046808299 3.39481123642124 1.06978376064478 -17.1750195750078 -2.85013803113855 -4.75701842018871 0.095454404098418 -3.34634221454568 -2.70390817263677 2.5781182117232 -2.60185511397025 3.24981699528396 1.85466778853202
-1.6611315274008 -0.0185854603697265 1.75751826617822 -0.389194785022052 1.16313989911317 -0.83346727204019 0.576299040085514 -0.446998617762126 -16.6177315957413 -3.69965921557111 -0.47741417124648 -0.0486112954860208 -1.24206476958805 2.983861316055 0.100371213876189 -1.03562541358342
-0.751615707249272 8.2776613281724 1.87071737017752 2.31038316065203 2.55967133333477 -2.03904373974917 -1.45082853658048 1.4763225196688 -10.6359044861428 0.355420649320255 -0.320375065131268 -4.44527544176931 3.02296004792118 2.24966479140874 -13.3475514267431 2.61804610031388
-1.26395796246919 5.52042961990049 0.205155613988541 -0.181392837695985 -0.734368200258839 -4.66161127160632 -2.12271287521035 0.570650267211789 -11.6454674774617 4.62482815979179 -12.6701201573369 -1.50696353080387 6.43205274443983 4.88322084406424 -1.5662278423216 2.35790485587235
-2.24414215481796 10.5087477531225 4.00877110777547 0.585408333943285 -5.33048953052119 -3.4207825173719 -2.84702121435719 -2.27202239205415 -2.47316670874463 1.56990045465962 1.33436961630729 -0.628416341829761 10.3626616330564 3.78148317106008 -9.54367290042319 5.00122048967119
-3.30685330063902 -2.67804298961083 0.50581409885278 -0.46305583757587 -1.0569562782181 -5.41066220062966 2.53752058291155 -0.98942951239836 -17.5782528933164 2.92476397913232 -1.63019062317523 -1.45712374425622 0.205858480241472 1.99584565898273 2.98535027100323 3.19931803281462
1.41451405535615 9.06542209731959 -1.5429768747361 7.91231626172141 3.6506722957068 -2.38212680146281 4.86736168891478 -0.168118958035455 2.3373604429473 3.09769049740248 -0.694908082414291 -2.10447510459744 -0.171039626080951 3.13486115187603 -17.8848097456798 -1.75339882291306
0.771765566539172 8.17638932985389 0.427457893940231 -9.38079809942245 1.00694285158566 -0.313051825659049 1.54405810220165 4.14706802449466 -6.18040013358877 4.39991228684382 0.373217960305725 -1.16057681941946 5.63486799029026 2.79160094759205 5.05547187119081 -0.0132904050982277
-0.111074484211154 12.4755444714187 -3.73287282768293 -9.87497821902785 4.18017416791563 5.13439271856842 6.12393287950278 2.25021956319612 -10.197062871236 3.2919061935835 1.26950214518053 -3.19278097800876 1.55699404891618 0.526732261650085 0.134712047950079 -0.210975723539179
0.6768063193394 6.54201929341455 -1.81327635341812 5.0118377698516 2.29385203366697 -4.34953487679436 3.26177298819961 -2.80581686194779 -8.63659714920395 5.4569048842623 -6.99068826381731 -2.01191488744754 3.22351624126224 -2.5279597370063 1.05919420084962 -2.11134318936624
-0.361924345734486 1.49527616602942 -1.20555947775753 1.35026408148655 2.26628405939769 0.600725227232806 3.69374038931546 2.81818201840528 -20.9403960304614 -3.85242561236961 -3.779956695337 0.3506105627163 0.941566052586112 2.05716879432505 1.27727527152161 0.586406666379267
-17.1972025194655 12.4241144750653 -3.12219666723897 0.368383875976853 -7.2706006037392 -4.92356016285003 1.85820202219976 3.16036803698464 -10.1485457630249 2.97677837984168 1.58449164762436 -4.92634431332746 0.929133229258101 -0.0262643310570234 -2.72845932909735 -2.039805104093
-2.11963291090523 8.78846883850801 -10.3027492709532 0.00390478454396914 -0.992877527000715 0.823981325428937 8.74427769011732 -1.48695541856783 -9.39115718109858 1.99363916368902 -2.51181431252209 -3.8069815257287 0.209242177324138 -5.39454246273492 1.97414574730302 0.985908883470424
-0.959359129999854 5.47182053026483 2.12885363728099 -3.32647928293276 2.13813354662388 -6.41507166979307 1.68946863050629 -16.3512747434444 -5.88813594646779 2.38712780823966 -0.597099120777103 -3.42215180392202 3.30008604176407 -0.837127048044271 -1.08438006119645 1.55552661630643
0.174417764042355 5.78408295092728 -18.5505331645074 -1.72148732957843 -0.653640743415784 -1.08666855544606 -0.900635025965593 1.9998572407828 -5.62781118627349 3.78760525065754 0.248563168632093 -6.37108855982224 -0.0118173667225789 3.81724900787018 -3.38902538698758 1.64588297783994
-1.50276243000089 -0.866659042698562 -0.725583891004985 -4.70363694338318 0.137146605519634 -8.38230859514992 3.39797096676802 -1.98271547560088 -1.90265671220758 -4.64592031393169 -6.05465661763164 1.64828774542471 -2.00635515487159 -9.6590243601187 -3.71576514997937 -3.39396606633805
0.976177390163132 0.40702637602637 5.70512579693363 3.40294237201699 2.0415057051607 2.46806695267706 2.11305620750183 0.48417397556164 2.94657429781045 3.18331462679461 5.25038810755494 4.38666398869033 3.52081236101017 5.10166796878407 0.0249491667559805 -0.423876857731849
2.09774033510452 2.23740521100652 -1.67874108695828 -0.948780242267744 1.97961551092781 4.81290219548332 0.542892851671714 0.632157104660683 -16.5314517247189 -8.74345388230773 -0.316482482084237 -1.84198432438514 0.153727915058074 0.749285360649404 -5.09143122427101 2.33356019893488
9.0685831287477 11.2598484871415 1.31368590540315 1.63475077810449 -1.17240184019785 -1.7500964439261 3.1849643447056 3.7699887813351 -5.46704181348129 0.265753531216032 -3.29578414642853 -0.98356070344798 -10.151009738327 7.29284221047011 4.15690038864289 3.21391122619759
-14.124224084281 15.0739492638804 -2.35892004244071 0.510275703122461 3.45099936302396 -7.63645356722394 5.04051957619939 0.00304827757945625 -7.17480549375685 11.9348557730542 0.661783584888453 1.33281953512995 5.19285088452922 -0.0778080835054071 -8.60409221134476 4.02837915668981
1.22244266750048 5.29801473786709 2.64607594333946 2.74580207290894 -11.7937286762906 6.73461567266079 -1.80573928695784 6.34421294410487 -6.92468958408657 6.13709263831586 4.18648610401214 -2.2299116886081 5.35830885155262 -2.74359086738939 4.57860904103604 6.07838484457008
2.96071387227996 6.32989613751331 1.98737153573285 -6.84207707811196 2.10974624475499 3.96401720212229 -13.5518293567247 -0.15814937911454 -2.17929195624482 2.67158496927958 -4.91575329954949 -1.07669647701705 4.75662403450482 1.19486828657599 3.48323903131318 -1.7439427931555
2.32447778757948 6.77832909499449 0.223713998704407 -0.360195196393905 -1.47756804669618 -3.96964943979742 3.69739264962548 2.0019857381164 -6.93049490637572 2.86090114978574 -13.8633608126007 -2.68923650636639 3.71937420624077 0.449651164280363 2.56001532115392 -1.40509040191898
3.7292498802791 8.40985251505021 -11.0614754698097 4.46281146957862 -4.81764848815705 -3.88262487264116 1.42575230094588 -1.46561490452606 -6.44584892263432 2.17841505178471 0.0782417516257975 -0.663603118242353 0.638837121742031 0.560095580917428 2.27008951281586 1.78919618769695
2.0624781711525 9.12269342407793 -0.0856267744998699 6.70640491781981 0.261891891949122 -0.997468383749692 0.511946552327059 -1.51334028553086 -2.94810988007708 4.16184255820962 -12.0349144945281 -3.5333511003401 8.44567606804628 -4.36953858018602 1.09444312548027 0.855124065097525
-2.53679773544204 -0.1680373987018 0.947335879462727 1.80359796855848 0.937910417270847 0.640954261159558 -0.253014159630736 1.87806527258141 -15.235543613222 -1.67549291850062 -0.176432368784052 0.277680998628731 -0.57748813804835 -1.73081733841021 -0.292973670772651 -0.418091873265646
7.42908143478569 10.0470584420741 -0.41733656901436 0.0144950970698895 0.316869195888692 0.647480226177852 -6.22967537356001 -1.84192641399075 0.2358429664228 -0.312912453139067 0.897955534277356 -0.146526623897171 0.824019322911505 1.21723383050081 -1.55862996035628 -0.0864552317298144
4.25323561453019 -3.31575179906299 -2.12746255358323 2.32618144904228 1.97171126445798 -0.499934702576498 1.40527138990701 -0.742392497314021 -3.1519689229264 -0.102966908480951 0.569828076827598 -17.1850383697014 0.673600720897426 1.62893483844995 -0.45716937930276 -0.620701388296298
4.86346731096377 7.49352790162916 1.44471722041385 3.48318032116051 -2.17820362486868 1.26084409394913 3.1722741469628 0.242189159032394 -4.51442591612232 -1.7132843030863 -9.47457223334438 -1.74968219298608 0.814170520536978 -3.72831955961784 0.570770854406714 -0.167970244964762
-0.889325992745239 -0.173122405548584 5.33035112907952 -0.805998579647517 0.667080087084519 0.781988578348221 -0.470592027929847 -3.03186354975172 0.995761653887821 -2.83910080056245 2.1337680476242 1.1501577028003 -4.67037609142552 -6.84369716926332 0.202766442793694 -3.24135180395709
-3.35020520045696 1.76936776570944 -3.79391013697156 2.75264109679614 1.06056490177778 -0.650558380247303 0.457674870895322 1.07330048709141 -8.30825783028939 1.40321162215052 -7.55178716765373 -3.09470758660948 0.993227677838097 3.07226936011667 3.53510344053852 -2.11301351358743
-5.52289465192899 3.84067009020013 0.647799905588163 2.9978864273973 -0.419143228184986 -1.01412491404997 -2.57157098536785 -2.01011501171623 -20.3127940733303 1.95680393472973 -3.01142640930917 -1.44962440614267 -4.15837905869073 0.464133336149254 -7.19011172645162 5.13215468604225
1.9493988090578 5.73986252901437 1.93473464067839 3.30006064016105 0.682576366520212 -1.66984832959349 -12.5491897186774 3.28436509016944 -3.3190852132409 1.25223144856223 -0.207837077996434 -0.69761673953464 6.54073422532145 1.61554308771489 -1.39502359749306 5.37249654601454
0.102874131814024 8.81698346571289 2.85964019300976 2.2714466350122 -0.54003941725375 0.234964902907909 4.28232970761948 0.641307910236776 -11.4545184309806 2.22572713957881 1.28264617850862 -2.69514436792461 2.04542425883692 1.42302262765851 -12.8522129051755 4.22327719012423
-1.65692300884689 2.12352901221164 -6.3795358167233 -2.68247375476013 2.12305283408872 -0.811328087119425 5.88886846117118 3.73894939333082 2.32961125779536 2.58307335599532 3.92466877072358 1.67278749498874 -0.751468781997366 1.52953602769462 -0.141718011029601 1.04890170324123
-2.33788317330369 3.67592006096833 0.830260848532223 3.6560101468181 0.43411174516248 3.56212252492901 0.184322254863299 0.134753497946299 -3.27584531372573 1.66708705472267 3.17180711591556 -1.41156031828403 4.52670312086676 -11.1027221761811 2.66970776423658 2.6345695852583
4.19522269744271 4.21038850944333 4.99259626726944 5.82511398334517 -11.1502603646701 0.735431145108072 2.02003550754969 1.01255940114397 -4.61970036779883 -0.600859259200123 6.22829210982783 -3.84310229437134 9.47558828495211 0.0568652378885054 5.77946122446772 1.95419706968575
4.14554148721126 9.44325426083662 -0.216907024176826 0.626417559646937 -4.11985971077113 -0.0997503916135946 1.51707222145237 -3.99316922682569 -3.73201608258608 0.805538284022808 -8.6073370100371 -2.69325919882398 0.704196847814114 -2.39304161351627 3.41870994936558 2.49840059166912
-0.0607288831162109 4.47141840037155 -0.475687239911919 3.76192296246291 -15.444742209457 -6.47438301002348 1.59360343072697 0.879757842918442 -1.8316264218768 2.54809372117304 -1.03321232081147 -6.1891627942437 3.57963283279372 1.86820986373932 -4.59600309478558 2.9134906062883
0.165855936968172 5.08526014744764 3.23014112363088 2.27177720876964 3.19920481809454 1.43632757583387 1.75956222127757 1.32523206985697 -4.98858534026215 3.28409684756329 3.19266743866287 -1.91809849290262 2.78402157427928 0.29175130108373 -12.4633777916104 -1.02792359020383
-9.67946505172557 13.5130723837777 0.719314687833515 -2.44615013906265 0.17939244002328 -1.9038828267489 2.01596499544732 1.99616815983928 -6.0653416326147 3.13105997966799 -3.6570140601467 2.70967671321458 -0.285982768824092 -4.49661767331356 4.02573581557099 1.55697494241461
-0.741837618176037 8.59397352130643 -7.9905884030845 -0.512000756240688 -0.55755959290109 0.154427704195878 -1.15340008555118 -12.2172375256411 -10.7324892238417 3.00469870461379 -0.288577099828219 0.354103759531808 -1.03250450420367 2.11207116812727 1.02519053623827 2.14494698440598
1.29991019604175 9.95682701305352 0.647897075502732 -2.14340947803987 2.11713301237782 0.305556204946684 -6.11545134425391 2.57658137711358 -6.04921235303901 3.4727573386677 5.18491876655283 0.555193251606583 4.06970623211457 1.19456310689773 -0.766683629986 -8.43767700248547
0.947518081937778 1.17861420917516 1.33531714346396 -0.50660151672715 1.60656325466421 -1.24893414674542 -3.62215452290592 -2.49020531921832 -4.61929289162809 1.90130112391084 0.00711185407555059 -13.598678311964 4.64515157183594 3.88371981532783 1.99234952730197 4.49046182919205
-3.71475437076755 7.79374094842816 -12.7256512879624 -3.10867958534265 -0.557730102075709 0.375359056109544 2.45121719151813 1.17377536353056 -5.65278971979495 3.49916607977811 4.0466714334947 -1.72313984417447 -0.581032210204841 -2.09872944533481 1.10159061321963 0.57838155550273
4.83577153146854 0.801606358607883 -2.68166893500601 -0.250563124890821 -1.20889237167469 0.39528094002023 4.59470209849368 -1.10822880529069 -15.4399612762312 -3.15058101657206 -1.58296684421189 0.287199782680424 0.927579247179863 -0.152956746062061 1.79801612035556 1.42445566243675
-3.68754986829874 9.79088202330782 -3.03424726359082 0.794477928588873 -12.3003506085529 2.56888877963998 0.662505486704233 0.0483934359184609 -2.37288147815621 -0.52376282202921 1.65970506457922 0.660074806019863 -0.264170027572944 4.95266557174996 0.178652725328288 2.788638298147
5.23958239929916 3.38183829236862 -1.87086690417853 9.2451713055613 -5.24054888188877 2.13509820286456 3.2013199194872 -2.34925614806788 3.93806091718447 8.09300329725698 4.17238900898926 3.53508346907491 9.34300478492955 3.57488114190349 -1.3556466866715 2.89092972600033
1.52046384885503 -1.91627664319675 -5.76058185819496 -1.29068877501078 -1.19609742486751 -8.86589336195489 4.13954874529675 -3.83624784532616 2.36176624956971 -1.5835737947088 0.301545832060552 -2.74592533108942 -3.20893198165745 -4.34095145864917 0.277619335885449 0.70757159018157
0.958882253969882 5.45816756314106 0.861745441043809 0.83385083991946 3.35813988504214 0.478574499062231 -0.0214920479526103 6.49692746460956 -5.05595905555403 4.16380150632329 0.515470427278922 -17.9380090776919 2.57153684752117 6.02478866573256 1.55069804243623 -1.34974953881158
2.46889889025721 5.7970571929082 -12.0008055821517 2.03035579076123 0.0236609037599801 -0.370714098463867 -4.27508394137624 2.49253023666085 -6.77914041910708 5.65686633243067 -10.9387773879073 -2.00947694734757 -0.21371279472613 -6.61988437378404 3.51103481120887 -1.94090251238609
-1.75807988721902 4.26468438176331 -13.120980764119 -3.47826347765037 -2.59321050860138 -5.12307465371675 -4.10803390750952 0.828510820654415 -4.77394544106979 2.17062047977683 0.811393837736896 -4.22725409927239 0.355677255139503 -3.82232905438395 1.5467698603363 2.90291867092446
0.000150031177807097 11.6310837755913 1.80444557689927 0.903115787122947 0.652599824896802 1.18575024612006 -1.00861741623045 0.735782622989363 0.0490988655936704 4.47442797544632 2.44720033081958 0.158762357298064 -7.74924298403259 2.29279237383155 1.5543718227142 1.94292623872533
-2.75451208754423 5.37559709155499 -11.4410746061723 3.14824171355499 0.128691786727321 -4.8659780468502 -2.94326144334828 1.11243173769792 -6.28005985618025 3.34715218606791 -3.07225413190364 -5.17720431942551 -2.14527390931105 2.47270720329681 -0.188733299933845 0.992380832637434
12.4220925414088 6.0919891239851 1.36423661926025 1.11321952001218 -13.1776288446071 -0.237875267300771 -2.82479986695035 3.8625302241344 -13.8225213020751 2.77271027826245 0.525097539745382 0.19560304020325 3.81279587328107 0.279629074380604 0.212496197296638 6.53701357374195
5.50289236538948 9.75661348722502 -0.050725370873533 2.94153670100841 1.30575167784731 5.60701183248481 0.368842232325384 -1.83995986659231 -6.15341737398812 8.4508682930256 4.06885248485004 -2.21016432786723 -7.64028170014662 -1.66576534292404 -0.603608989854294 3.40914965882463
3.75522178948334 7.64988811445925 0.911246222447995 0.939373573135421 3.60958347367949 -0.959748174171374 3.91976488801775 -1.27223291878587 -5.61108762424712 3.50242857896017 0.571393208514936 3.98396011314392 4.13936275869539 0.931170091397816 2.29588671060128 -15.5224075482368
-0.584617939647571 3.81294013385306 -3.77786238650996 2.51212619037683 -6.87132297081048 0.201419854401803 1.0013054647871 0.173696225202775 0.687010653446277 0.580815176422358 0.614663087940996 -0.713692135287044 1.45442453323394 -1.27528338569792 -15.4913005448437 1.70335015360831
-0.543271950943602 3.6466232632468 1.62780756383047 -5.27931332137503 0.152459342143414 -15.0705616311526 -0.245691687061254 -1.59567983440729 -3.05312810953318 4.08594484917381 2.3695980715329 -4.44458370727564 -1.22419122004261 -0.0116620319861864 -3.23612483553543 -3.93145833440235
-3.67564627992048 12.4729051790351 -0.851412663969501 -0.228287164025986 1.70898742573121 -2.27061864541297 0.544088504814552 2.41216420248764 -4.54468592256212 2.2756612630682 -12.1183626632187 -2.09586193356831 2.8384915240231 2.53357648144772 2.73808281571105 -0.058691230695767
4.78201012117528 12.9218956795104 -0.812486444693278 -19.7242945347435 -0.463881713561106 3.32650720493403 2.2252239833193 -3.49753562975618 -7.15431723447039 4.0679471105569 2.5061032437686 -1.65798083919309 10.6851488405352 -2.3941862183355 9.01305944354249 0.905426465607441
-2.38841765435409 0.00843360119892594 0.166049126415186 -0.18327149413965 -1.88011279521236 1.98338253104089 -3.21580831997941 2.17533571378635 -16.1668207364107 2.20827339506432 -1.88032106976362 -1.421003457255 -0.431153465882407 1.87771052508285 1.58932175844083 -1.13937497141228
0.226496114714892 -0.382136107132947 1.02637184445264 0.704356755929654 1.94279070355175 -1.21677233653229 -0.855086824052017 -2.59442760409596 -12.8859597841335 2.64700324306741 -0.532397865265197 -1.43862600329706 1.78404166038964 -7.16022632378508 -2.55539459651618 1.87863830529105
-0.767253811608964 4.80976522272153 -13.5767694252069 -0.837535832098246 0.454191310571369 0.395275526885587 3.40659606287309 1.59725347470569 -2.45174021100233 2.44829202666542 -1.44487098567227 -1.38311466965849 0.0367215482196235 -4.82529953256172 0.307349105323622 -0.590214101861078
-1.62138629220496 4.51941786021466 0.813008955422464 -0.237934500096086 1.27050497518924 1.00433064914073 -3.48075081150276 1.37170050087165 3.47384943539719 3.90014368466088 5.56827346059066 0.128774586376185 3.40998628047591 3.38312320975456 3.80630798865793 3.47926073219049
-4.52736984413035 5.9122315931037 0.408800646367618 1.68279189352285 -2.21476093391495 -1.97280887990006 2.46628301682476 -2.78813569885437 -6.83117141060557 3.164137355186 -13.6640092028077 -2.10025865278562 2.20443332945941 1.94652063783263 -0.435456820497711 -0.175276230688145
0.686757501451566 5.68352441042413 -3.22737063835806 0.62638910038012 2.55858831952972 0.315641926187991 -0.0155454116667907 -9.11996518404032 -4.88075155158558 2.04323242745141 3.14702721140624 -0.244039292174546 8.08357091007133 -2.60249912128451 -5.16092573813596 -4.51131363637808
-2.30186884201365 3.39517289302402 -15.5079777297017 -0.566699604580275 -0.232450262140344 1.26313859553011 -3.07080928954523 0.865129178017316 -5.58698683689075 -2.02499682172398 8.59821907452052 -4.14878513406177 2.21806248041713 -2.63718879453542 1.48555250842999 -0.429411014791493
-1.94217535333453 8.43015966152509 -1.48726911493895 1.29848149760167 1.54144783860688 5.41560888791375 -0.312228417157326 -0.16994692330995 -9.79273542297754 2.25411848514108 0.699548849620085 -1.90195698436478 5.4032522268226 -9.68536766468183 0.463903769363059 1.23671185768977
-1.86979484821391 10.8663237155233 1.7812725370079 -1.05508328447507 -1.60987049012855 5.07897628144073 0.37005147553499 -3.62541687707486 -3.02183107332915 2.72932770411815 1.52606393009673 -1.89533319591549 -0.747540328799743 1.58585053453355 -11.4081686358224 -0.0369307699012056
3.33400214497781 5.31749985002315 3.07011963759145 4.44864452434812 3.44963706868441 -0.760753861679737 -4.06253273784 3.23609389338824 -5.0206051060721 4.86800648782131 3.08213117926465 -0.788919471930374 2.89009057466037 -0.433089599521331 2.46181989753332 -12.3244105607188
1.32236762745247 4.88914324555928 7.50790484410757 -4.02420009851974 -15.7222444049534 -0.966449971937593 0.54000756842749 3.59128507936762 -7.50483597290537 -0.964620192333515 -2.01658090466009 -3.14084018807416 -1.32975610135239 -2.30041877539505 -1.72631902853341 3.35728085287648
0.266950679113181 2.25075208627511 0.588026658763402 4.36706037798503 1.11512056477932 2.25618112536411 1.07780449888205 0.679808477871353 -0.949972107542479 3.28544588470223 3.79750629398467 0.610122779231252 1.99128078419113 1.62265195449829 4.05014163714129 3.9748102641259
-6.36272986218018 2.57493921711466 1.13267698494881 -2.15123168082934 -2.16411695104867 -12.080987178837 0.720602490993438 -3.28277960035475 -1.72857275532911 1.24708331719777 -3.65228274222099 -6.2990203768544 -2.33764264613435 -0.618458193169952 0.565594490196699 -2.63090300417309
-1.89660958590274 10.147289622787 1.35167863694633 -4.0639837597438 0.892609089564336 0.457960159234317 -3.24520947540973 1.46416880358466 -0.987389450626163 4.30482775114364 2.44370965509669 -2.90373499616007 7.80231605900993 0.406060002221659 -11.6405215157405 -0.275354652393461
4.2290388287553 12.2350497156899 1.46762705680702 3.09831860073975 1.37253045838413 -15.4362469520585 6.07823048349358 2.51523142607371 -2.36617556450567 6.34867462693538 1.37931382293281 -6.73825929836255 0.620784265238924 -1.47768626188461 -1.78869534529035 3.65419605184796
2.89238518731826 10.0922177470148 -2.44530217275354 1.70950011494779 2.31581210930214 0.542785029674474 5.44148226847069 5.87186501166819 -8.86800598373691 2.51417723435275 1.03644030757888 -6.06602718933254 9.36127469317573 7.59808907404366 0.293117189779865 -13.8982753391062
-3.24198425391933 4.56956575034365 0.197354604648028 0.337673717854647 -2.79533170729815 -17.1773115369071 3.62470449041004 0.182545066255242 -6.43819364861142 1.0369411406721 2.49725946029328 5.03839464043063 6.76907775174636 0.982137318182734 -1.48215477822495 0.943693572959255
-0.0646002026699564 10.5690705743338 -0.538975093251282 -0.92634035403505 -3.65433508792205 -6.09717173071796 -10.5704966115388 -3.08971630471385 -5.7368250768377 -1.29391360244553 5.62973027895175 -2.2731478024204 3.0410336442826 -1.80523085387099 1.03174139019569 1.04847054823756
-3.8557834901217 10.2419704269203 -11.867815256733 0.886678443858858 -2.86620838598253 -0.639773587971555 0.462114119257576 0.388420810472234 -7.45328125428173 -0.617269806581511 -2.86923598007586 -0.453851029556282 -0.659190922019414 -3.54796814779773 0.464745303143175 -0.403458973175592
0.625148166886139 1.15446601227469 -1.04340573169379 -0.601872014295034 0.309412983676495 1.08912653010821 0.0479389094200328 0.0566356750070868 -1.93692654926136 -1.15538748192351 0.381796165802646 -12.2036254487837 -0.220317680245472 3.48093859352945 0.924072296183832 0.256345160204153
-16.0784325086585 -2.18672571408842 5.90516100713749 -0.828624195012837 -1.58372840281306 -0.318244550862961 0.567280678778518 0.0796811401074933 -7.9802796169502 7.27046236416322 -2.49893929578295 -0.395246978787668 1.12568306275732 -2.1238206598552 5.81434325972639 7.56317154759829
-0.654237520198018 8.53515665454158 -2.60770918387452 -2.92420888683151 0.786490439965594 -3.19147338948089 1.24860735966823 -7.85495293631192 -5.04250093588898 1.26602364704628 -1.55627915677431 -4.21771991801776 3.60676141421099 -3.83116600372846 -2.79879594402453 -1.61055497102537
-3.73731495824313 8.36089860085775 -1.8338066244767 -15.9024653442615 3.25548730460346 4.40583315279436 1.92043391866655 2.6665199751834 -7.14231046541359 5.53222514787327 1.43247060833663 -3.31248268866377 0.957873277965012 1.36381938830822 0.647005308864609 4.72334615224625
1.05583157916054 5.20531382931832 -2.41424021555115 1.2714491348875 -4.51219930852785 3.13330986493612 0.302674467159854 0.89526735722957 -3.79951086497107 2.23764412507567 1.43173371842287 -9.79264805932275 5.42867345577597 -1.76745040979335 3.23380036212453 -0.476805774697695
-0.270462106268473 5.48415194909774 -17.7846791563247 6.67414604206415 0.781288342569315 0.468914169817374 -2.413737181212 -0.414819050028009 -5.43629747122983 2.66257317980236 1.14532954458294 -2.14519629865163 5.15606367434977 1.93777132646085 -1.60382342030924 -1.01819665714304
-6.51231849520206 1.44363695060012 1.75069427792379 -1.34391328552491 -1.13054009346249 -0.768952419842401 2.69504800776637 2.73337445327038 -3.89075108676188 4.32531986799615 -1.8058236412499 -17.7618427692098 2.4674217796798 1.06395452345282 2.95429391562709 2.35580458487066
2.07917568050975 6.08712854894123 -0.315140891320828 -11.3322220220839 3.99199774484137 -1.63766299917236 2.76609328181517 0.000948999247242455 -4.7042394076457 6.06458915086317 -7.46364127546658 -0.39042565104023 -0.913048412128541 1.65941796934609 2.43618216634492 2.88692277710323
1.13934924414792 6.07399697682739 0.201846337415429 3.25033115362674 2.09992477748003 -1.62755291271601 2.44916511878361 2.43705774054779 -5.32347859159129 2.02361828928934 -10.3399116906424 -0.96137524397883 3.0012836856527 1.50226060380827 -1.24948426876682 2.43153488362205
-0.308677630711955 15.0686306723721 -1.67611990022103 -4.48347108734552 -1.24290842351733 -3.67040607228875 1.31192160758148 3.25859147198776 -7.01219881872375 -2.5323051396816 -9.73475471405425 -1.76771843436697 6.2410010374332 -7.20361253447155 0.550224145541824 2.324770781423
-2.25478598430388 11.638685047022 -3.73381299023955 0.544161034228912 1.87039904922405 3.31301773387886 0.259420480068012 1.36370108207951 -4.42448388976294 2.84887318642261 2.31916754578094 0.97190967687404 2.58969532474415 -13.8761807637768 2.8027209907747 4.57330954802963
-5.87329090759991 10.864259118056 0.727129888447653 -0.781571491185813 2.10322273291719 5.05533788026587 0.159521520818615 -1.46350429944659 -6.27872538941679 -4.45090146378142 -13.4595353023679 -2.34993111296166 3.2731265057701 -3.10877744661988 4.1670212286664 2.70701343046945
2.31537918896318 11.8603451777977 -2.10633090224911 -0.884677522288252 1.14766979487427 1.28206495849865 0.0305104326232923 -1.22257255912041 -6.57340095223322 9.09272058266566 1.65724872522492 -4.18246353050198 -11.0943523742363 3.41092628300327 -1.58518686645054 -1.00010493404764
-0.32191670615771 6.85162885620732 -9.65313071458183 -2.42232231684595 0.270715280996891 1.55614130517734 -1.72229104348408 -1.64649446689149 -9.01071579739032 4.49749614083753 -1.88084515873813 -3.62152003887436 -1.87955436243684 -0.738314599086322 3.26888574845711 -1.37620906281058
3.28252537042023 9.46131647507366 1.33872902089221 1.21604915608046 0.547878481891897 -2.72847830079713 2.5818541085903 -3.02995294498831 -6.02483326814702 3.34512785001144 -11.3007811165208 -3.28850583420628 2.89173879651089 2.72618023448228 5.8899377061712 -0.622684285934166
-1.18097741345461 9.40123394541421 -11.1661148706254 6.69222354690014 -2.19917930057444 3.7262567396319 -0.0966855777276647 0.0235339835792178 -5.47311108395372 0.764750482627229 2.11837009142319 -1.50162582375057 1.09116743629385 -2.17260724789757 0.0198203022368749 4.57452163892491
-0.189387741925985 -0.183579383672138 6.47042839017502 3.7060996418448 0.270698326834217 -0.0485809774744705 2.88678604402385 -0.0830163450948459 -7.78196090986519 3.11725992677912 -6.3276834867528 2.60977304927297 5.38932058437474 5.66028909679703 1.36382004794716 3.99729707070908
4.10197639259809 10.5715472112986 -1.87110996172442 3.39754799350327 2.86398294096604 -0.933888664717343 -1.34853008229528 2.40523322942287 -4.89874284212136 6.53486661880153 4.95561518558153 -5.09345982478639 8.53765511964684 1.8573017013402 -0.47815374049914 -12.4715008685896
5.19606831461145 -0.997767062064884 -4.99333102508606 3.81684620471382 4.65240911875135 2.01627218454177 6.42196843984386 -2.64303034727746 1.74271243285358 -1.54946903591251 4.82229559112072 2.4524169209708 2.91279085929604 4.82162669786108 2.00519700884755 0.428181030808874
0.840236046935766 4.79552899665446 2.08108765214153 3.57885131787425 8.08376230712975 -13.0058253437482 -1.04009837202349 -3.21506082858071 -2.39017406793661 3.32994892095316 3.00492512012509 -8.31730419001073 0.834102379364897 3.13137489790061 0.734097256384293 8.77169958333805
9.08644192150825 10.5078968443986 5.79883795411544 -0.933958963836174 -15.2130166831002 0.652596430113604 1.42121716772652 8.260492972523 -0.738941653222976 3.38840214844185 6.28287981240208 -4.73595107760118 1.75717677421314 2.01762502680482 -2.92071048184932 -2.37016305173899
-2.44315008760219 11.1686866773648 -3.1054739259658 2.39706979305616 1.99918312368405 -1.65853522966487 -0.392501651641019 5.26836930600838 -5.14035728454402 5.11927977598868 -2.15405771711488 -2.41500495428851 2.05209519183236 -1.45725042732405 0.87820940800948 -9.80772438118573
-0.122885500292078 7.84717269679307 -2.18130257823674 0.122338982638239 4.18201802481297 -1.15518900955998 0.811398042700937 -15.1563066449154 -5.27772532777643 3.24146850369466 -3.12458142872405 -1.15739850875929 3.5412273866039 2.01807747347667 -1.42597478153932 -1.88420114388671
-2.24267609184339 11.9859717186821 -3.13762759085163 4.44822890640344 0.37835779274192 0.405458595724138 3.78722135742697 3.16682963107748 -12.5166130293829 6.49399355563381 2.91931487662038 -0.706983114570046 4.73931159198786 5.03459674447816 -1.94703385959906 -7.51927114989159
-2.16542549850578 -2.9457009627235 -2.7785588861815 -0.0964734079419473 -1.39164512742825 -0.688597777723633 2.74115286275466 -2.58230095762669 -17.4949865837115 1.52177670336876 0.364465905891427 -1.0160559597487 1.78893254035523 2.1711166976184 -4.01522912116046 1.80653011076127
1.99096931504209 3.86027559914992 4.74952492695663 -3.59687128415331 -0.128962874609527 3.76118506807635 0.124320342247259 8.90832515681829 -6.94877395885816 -7.47231035303254 -5.23892489616757 6.20800667503703 -1.36596682490676 -1.24011567310653 -2.02614646822158 0.174144590453003
4.25993112681484 -0.404463447149331 -3.51339751248565 1.4921782923598 -1.8388235979247 0.8458944914185 -1.53809968853559 -3.67159228034814 -15.8848643856063 -0.906377793220842 2.48125435487255 -3.02808962548366 -3.96455117067916 -1.85737936929233 -3.30232732744624 -5.20486079271233
-2.9859224775649 3.66395675697127 -1.3218162791058 2.13369541816473 -0.651632486980645 4.24760851958015 4.33973161159394 2.87666805589582 -8.56564810175801 0.077210740539605 -2.40325787632001 -15.1264658290247 0.403099154289349 0.733407783600859 4.75047808771941 -0.696094301666555
1.32708771930704 6.67901433495936 0.429511078973038 2.21293272938863 -13.8035011608076 1.07345637439534 -3.73866827226949 0.5296485212448 -9.82421941591813 6.27459327857329 -2.08246984977855 -7.57290099925792 7.93172341366447 -6.24623271969234 1.56552342268449 -0.587999599271776
1.37874041026752 6.03772266447829 -0.479130010901162 3.09954018574164 -12.9596353508033 2.21450683938698 -6.00325543925337 4.75495463178608 -4.49326398409413 1.948727086001 0.564121035060313 -1.40336386779019 -2.84987476319096 -1.44143374145655 3.67944579910453 5.40231423985264
0.976609209590353 8.35229389488168 5.1783913523886 -1.3143426899061 -0.647931793451842 2.07033337695851 -1.03875172851914 -1.054869960316 -9.04745868325137 0.750931459144593 0.842256343926145 -3.46647466508188 0.314854198374109 1.82171906538411 -13.1123974626851 2.04496658998581
4.21412216919344 14.2808256065225 0.403979675143445 -3.78913502312663 -10.7924074337312 -3.55907085639911 5.01249987164939 -0.387557655995431 -3.62898741998759 5.91329323956684 3.41327390669218 -0.0439370099538157 1.89223902791651 8.01461062244015 0.325926017598649 -2.68376668929906
-0.370435346706385 10.8681364694249 1.06096139979036 2.4120661264073 1.2157969781081 1.53223802796624 -0.522111579560292 -17.3745357157697 -9.48171357680848 4.58189328276796 -1.1476660128537 -2.71500334788587 2.61981906224496 2.24095632336201 -1.63815455566418 -4.47724765125085
0.730939559620532 9.46283235459792 3.23786751127538 6.38777820114516 0.571437941722959 -4.67974152032446 3.5980411471799 -4.66909723683541 -4.71028223565991 4.95672472984531 -11.8173046128513 -2.34822593497308 2.43044586103998 -0.535561111180657 2.62750236534816 1.79675976286512
2.74154232776088 12.4478981755046 0.393603306142861 3.2156189479067 0.275230099787293 -0.237858053574112 0.315471457783262 -0.0269844009162528 -7.41701671621507 4.78754911755919 -5.14909913750186 -3.81842715125096 2.44232398906371 3.01066367926395 0.540134383301676 0.855365251531994
0.492159304317019 6.62124652233792 -1.03523166033556 4.65514418399259 1.45209465224366 5.15032544631017 2.21653897808553 1.49045424898339 -7.38252418773707 4.73926029906785 -0.319989624205975 -4.65737749392972 1.58960317618658 -11.0125257021993 -0.173372897958284 1.60828608108674
-4.02529810451409 -4.36711455979727 -0.684431895072491 -3.73142360452498 -0.162400777594679 -9.90670154205321 -2.09208603356486 3.8938299875684 -2.91223847185374 2.77671331068279 -1.34728160231088 -6.56540933733582 -4.03451435232014 0.38271511367095 -3.3218615595652 -9.94591405033337
6.39292874034235 9.26111789011502 0.480999356796846 3.66935515845689 3.73537654752441 -1.77007581660823 3.88480240364088 0.875617085688508 -7.46968132948745 -0.37688593684409 6.51254710452094 -3.75947730600017 -0.638173626375135 -12.7551466497845 -0.514798022686052 6.38269635113323
0.698819518294491 8.34678443799689 1.78406413917701 1.36016569627272 -3.82518482786548 -0.542824634035741 4.10367667283721 -1.35760170139653 -1.631230083433 -1.91929468232829 -13.7053260851974 -3.35542634370088 0.814411984146747 4.18780864092724 2.26577430356126 -1.40297836779977
3.30034993239242 6.89535557229663 -0.287887655702061 5.78778467519814 -16.596975068945 3.62164243907095 0.160391656432839 5.13367949152574 -13.5611511042813 5.36721159340958 -0.791591949196473 -5.8783244578576 -0.817947561717788 2.51253660207265 1.7171732554229 -6.40108906325002
-1.42306673186381 -0.375474034800262 -1.13589170627546 -2.30184852376246 -2.44653087908794 -0.226798622624657 -0.473593021985087 -1.25622813713433 -21.2493468631877 3.95155992151739 2.6441440117337 0.319658402691122 -0.94538216570329 0.225230167609428 0.290955902181905 2.03172597655639
5.34209404647718 6.67331199902968 -0.864237298157024 0.763217544832191 -0.635665554185082 -0.0042426908751878 1.93124826222387 -4.73417880798198 -7.63517153508053 -4.7288721808723 -10.4216691253634 -3.61779814788206 2.10058416927813 1.60775845295323 -3.21169975940273 0.088863295300075
0.267444948205071 7.11764553203997 -10.1191768452939 0.0526825116124472 0.716530619183121 -3.03526870544901 2.25248183212736 -0.00884523085341493 -7.68658579922312 4.46286149088553 -2.88583940043393 1.1478138582188 -0.362992018627841 0.965838436487354 -0.0824330987766648 -1.99831150794751
-3.57836753966044 -2.48885380542598 -1.74872584071134 -2.76950495441508 -5.92846676064681 12.1182908809151 0.982039650278163 6.41037421959168 -1.80461041152958 0.800183960715832 -4.93064850679794 2.13880440452236 -7.15648060209252 -7.58091953047315 -0.0780752818042609 -1.26605199253889
-0.170761611629647 2.03454541951736 -5.92177486048615 0.790246692309118 -4.87317533464387 -0.549737454091166 -3.58848888021624 3.87534256256041 1.48573849031894 -1.75925830417205 -4.01104904949868 -5.771300585994 -7.76320137162507 -6.80384833626561 -2.39145725873986 -3.71646041834694
-0.165942820576237 4.47741594124215 0.942208956226445 -0.061945587296901 5.96597183506266 -0.137462228951794 -0.772437036535924 0.929880769802757 -8.74625039544236 0.51159947519962 -0.549742499075795 -2.02774954006748 1.12839229170016 0.846625523834459 -16.7773672941908 4.350470083432
-2.090437393565 6.1848599492733 1.78607478555617 -4.20992362654539 3.3109708405596 2.4589569983602 -6.48611848797452 -1.23201118003353 -2.70679503864897 5.48370626606966 8.38038665423808 -2.82925601704551 0.423985235203062 -1.03801402161606 0.775396035711043 -3.89864930546934
2.03207509647151 7.96610325434559 4.21476799352037 3.34453501615353 -6.79931360480656 0.699641803053562 2.75338931169455 2.36572589373937 -5.27136505936138 2.88078380883155 2.6430912469788 -3.13441272634541 -0.644134575475129 1.36482572113865 -13.6634071112474 0.610363045538576
4.14283850735861 3.77036720371075 -2.5719013403925 -0.644080886364736 1.11704687253143 -16.3115365571806 0.31687880396521 3.72867865947366 -3.92290356557887 5.42219954849766 2.85773013601507 -0.423325936115576 -0.559920179161092 -0.380739255926856 -1.35690618764958 1.62091429388174
4.1300226241514 4.30672969189146 -2.58987357434504 3.6094079085564 -1.86773444138416 -1.44608505316578 -0.146142763113917 -2.73040784256704 -7.17861815594266 1.40845109180599 4.35342289586245 -10.9931865308909 -0.148229681091802 1.55743196741796 1.29948263779207 -2.03047415042733
-1.47574760482388 8.10431444791153 -9.50434653576061 -5.41356581091788 -2.13119993201143 -2.33781657875979 1.60790068124441 -1.09564475794358 0.840756541946524 -3.39811687789718 -0.152058150063106 -2.09557946974387 1.78735761581762 -0.932207500432459 0.47737193809133 2.99014923683245
4.18937558592242 2.17411302396272 1.2125486670205 1.82980900885732 -0.59362045854841 -2.67589847577784 1.75602359964877 -1.44930772063291 -5.2157254637446 -0.814227608877395 -0.69761677155942 -19.1087410732454 -0.381685266391792 2.68297425408074 -2.21816637068998 -0.507472586947806
-2.17474662605995 4.9795739306302 -4.88405097508076 3.3110448692574 1.35220651326349 1.35970326070461 2.93488350042995 1.69172097659337 -5.17751366470096 -1.04434464108735 1.95529767648064 -15.9337917273738 1.64428482447972 1.51962632890145 0.298744514542795 5.41427277701892
-0.355323511222116 4.60197885541313 2.77813390400914 -2.21107932009789 -1.10308185765906 1.84492999464528 -0.891263011601841 -13.4565646985083 -0.808406363118464 0.468398504822412 1.61477102622806 -3.53964561179253 2.86939641064065 -4.43174377106848 -2.75036383336809 -1.04150288720287
-2.73472177725769 7.79379170552469 -4.55839271516733 -0.190303169169647 0.661051156364891 -0.693288054644558 -0.249092709715387 -13.2580605808155 -5.53313494460874 2.47282602049688 2.10142375158317 -1.40411385987996 -1.12661725125958 -0.748553399484584 2.23893657186393 3.341315426531
-0.663927281012711 15.8394541721173 -1.56900277653476 -1.79810614311026 -1.21427019555653 1.29865713422262 -15.7538469280618 -0.797209587337746 -2.53665082512116 -2.38868588277406 2.72332154023116 -3.26692157445918 3.90597152002041 1.99200048335289 1.22595012532672 2.86977467473888
0.180392413445533 2.11758559367621 -0.913080206180211 -0.5381537019104 -5.88504581556719 3.70035010734265 -0.905717602193414 -1.902259924474 -4.99632392250654 3.9227645424315 0.164796519768124 -17.7172232280636 -0.103612086044045 3.78193936498542 -0.861196475104788 -0.505179996935495
-1.50483545571128 9.16047942133611 0.0901045423442352 1.10534388812866 1.7298315915974 0.98251211291267 1.37491538299142 0.295158068955361 -3.64349656574677 1.9180877289628 2.47834423154046 -3.97117522364143 2.71667686772021 -13.6367246785469 0.834782826771838 2.91958882447768
-0.04827988039454 1.26041147417724 0.421399191778868 0.0428493318684269 2.34092560171924 -11.5449541173311 4.0392524510586 5.26724796774747 -3.2412374721426 0.216576668634844 0.798776401005003 0.913871593470225 3.72990869127974 1.92353081999629 -0.810556775379907 0.460082297884869
-1.64794374586383 7.06969416831383 -0.290201829266524 -0.439081378787957 -1.96432002955757 0.122186596419313 2.47713269098173 -15.0412042315272 -5.72596054910695 3.42099265930929 -2.27580679092889 -0.463470223695625 0.889928865166086 -0.120021110251582 2.94556729263115 2.41388342926892
-0.204061203131155 -1.08638425813843 0.412410559936256 -0.0736152162357167 -6.07222964188324 1.96630108287213 -0.861098335352495 -0.243901943040034 3.05542857276208 -0.402382819395026 -4.23643272437749 -6.55966054996075 -5.78634493720914 -3.55899382137468 0.183240385044819 -5.50757827402674
-0.54728264980205 -0.764267513635196 -3.75151944576258 2.10501871119923 3.38662513857816 1.99678490000704 3.38035536594697 3.46901014910714 1.38101386143868 7.11399250172169 1.07431760927314 1.73212408942256 3.47647046751292 2.73063074336125 0.41415801150386 7.55162077851749
1.58128944916281 1.2173452903288 1.76710228198015 -18.4330119191318 -0.478756731797383 2.00004819622041 -0.176684466611625 -0.599315371618528 -4.87998917821432 7.85098067187779 -1.04076875909708 -3.17965437039424 0.677642442908555 3.40059913741367 0.936813161527158 3.60658653974767
1.86424374643718 1.77540628834789 -1.9801131488932 5.89048754449857 4.10396207055362 1.87329083486326 4.2338423480934 0.67975425622804 -0.131929026653509 1.1781371296955 0.789946858798953 6.53558276077229 8.52049378188045 2.49120506078935 1.28068671687473 2.42368890947768
-4.1058855036235 6.26117495063101 -7.99255902658987 -2.47445592107092 -1.56363294278294 -3.98545858155135 -1.35218410063297 0.101129635879964 -8.74329435466718 -2.15841228816244 1.3955698775718 -4.2727800955474 2.22595167212782 0.534207193986779 0.170034562985822 0.130082069027008
3.46402836079964 6.71484147236673 -17.0405734726983 4.07499561912657 -2.13044201671797 1.13034291620278 2.40474201267869 2.45196903654469 -3.1202336928314 -0.373340136340388 0.577047139317147 0.261717756074844 -0.0156348183127786 0.284027413922886 -3.41374747561558 -2.00516746821449
0.774547104855746 8.58420690697125 2.88089189874079 0.00636774487086811 0.322656701016444 0.894329815885681 3.24374132192355 1.52362197628807 -1.62375374604146 0.852625327340283 3.88981491248164 -4.15666929219427 -2.13205162600417 3.45974622889451 -9.7809497457942 4.3698753059416
-7.78576843743392 10.1831743680881 3.37282839536035 4.67569935674223 -14.7098693317111 4.00668950083018 2.53798050566671 1.63011936795706 -7.78233519342216 1.18829085555496 1.92452042709337 -1.51931535636413 4.45206724951036 -2.79902655087847 -2.27126323472113 -2.38958101783582
-1.75911501968783 2.07250475500914 4.79047734678475 -3.05950909773247 5.19968157450285 0.245011522483789 0.789863793626621 3.11788561543806 -8.43000524365478 0.977177057290614 -0.935877849357217 -18.6320435426274 2.16311338544473 -3.36771715294282 -1.27899166256728 8.51424914183017
-0.414634078850117 9.90040295423379 -3.69671799662179 3.56827395088454 2.82812537282861 -0.834301593468397 0.488428348011888 1.0484839105225 -5.56230514033117 -0.631712606692173 6.22927334252729 -2.49625693117215 2.76361763731212 2.3887225092134 0.555579592437699 -10.6706932892019
-1.43461653020047 4.21665723295695 -0.880731004908435 -3.17227543613457 -0.524946624230262 0.520459647143957 0.832978591957738 -1.94325259822686 -6.29809601537798 2.5610753278407 0.983950597107786 -17.1971900512149 -1.670024910397 0.830518679569575 -0.429765837810311 1.91704432607652
-1.45343584003752 5.31345340776015 0.844898779416813 3.2092034373745 3.01133363485128 -0.70411706013947 0.076886474615917 0.930114484223882 -2.34128531636297 2.56534903332419 2.74107376843652 -1.65815847881523 1.46947624857661 -13.6762382015173 2.01763248986164 2.82108476413277
2.89990400381683 8.12717227097171 2.72003317667532 7.51810423142272 3.18343378876068 2.90920565699326 3.35499406153084 1.01231672945278 -7.48485536902133 -1.2109888607481 4.01395884148862 -3.80346360643443 1.18363073934699 -5.85137099532201 0.804047415732858 3.83533814175005
0.093787068125762 11.4968127268657 -1.01806300223018 0.495477520014278 -0.156001945330038 -0.63544994026246 1.62331540460527 1.21123314402366 -1.89767425246616 4.36419013924564 -0.652241582299192 -3.56533212793284 -6.2089452201652 4.43613251976675 1.3964532467913 2.83343792354802
8.3570892980032 7.91164101290625 -6.37735626395668 5.26752673059907 -16.0902845526343 -4.13563451805948 -1.55517426933224 0.743583023273328 -12.5359173474844 3.40577295660646 2.93670603269576 -0.726113097366353 -1.02487891861386 1.65654910987205 -3.54099140371863 3.16321824551858
3.8370168350775 6.39649377896172 -0.447681035358585 1.66238133498252 1.39119321348515 -0.551221515413508 -2.39542424004048 0.383057969770959 -6.74458916562761 1.52577881475913 1.5929788716829 -2.87287440188362 10.6085671259453 -3.04304008162291 0.0540299153039432 -15.0007132600823
10.2566756058488 11.4666946806652 -0.372680480405349 10.2362451065246 2.74734384704488 3.47197402797635 4.04774172573367 -2.07117523993555 -5.71420710866434 0.541213670086727 1.27215968820907 -2.3457031998834 -11.6188774355241 5.79528487343291 2.47776469907663 4.42808643925383
-1.29326937831823 5.24385767483532 -12.7687975709323 1.31531147469786 -1.87234055507202 0.229219949491803 1.41786092454327 -1.12405001934367 -4.25841794845924 6.4054164023249 -0.959746247935768 -3.00896599044857 0.329096907343697 -0.403034778804888 3.52602144143268 -0.622698990656596
-0.761674294722787 4.9340353747555 1.32812422427104 4.10646073599941 3.10586358683664 0.0949876254244781 0.351544413414904 1.78909798338058 -2.03337851846942 3.97057224331749 2.93026226989968 -3.28536207999537 1.32457253629387 -9.7830705376522 1.55327499961098 3.80317728994912
-0.472440074599281 10.7400760706874 -1.11877568703815 -6.66798857749824 1.73727254318924 -0.560815573241212 1.83941303779565 1.72113644123923 -11.049903562051 0.316257911711325 -0.747465702591894 -1.99827719444748 -1.82427687234965 -2.38537097848262 -8.52305643438148 0.586165679585957
3.38171885582308 5.52038731913979 0.74112971254486 -0.077343015010204 2.68691129917014 3.23217056239576 -2.94044513123202 -1.52689176640893 -5.73969041626001 -3.83796141254597 -0.793138812085952 -16.0585973078086 -0.389337195786886 1.4695456177576 2.18890471446822 3.01036700728738
-1.5902319314956 11.8081904118732 2.70468949852287 0.865514770863156 -2.14118206449983 -0.155850076752399 -8.39655768234282 -1.05119662142974 -3.80201103260291 8.03486647441053 -2.70526578968128 -1.47975979084268 3.00751023187666 2.45379780439432 0.566061360669472 3.52793617254702
2.65626824062757 9.59275031497726 -3.40534815656153 -0.458200852024669 -0.396712212228578 -0.244870561277264 1.0461776734093 2.23634897481148 -5.3107365290351 -0.394623966225619 -2.91178165128426 -0.750354947920517 -11.2609822207177 -1.87090492785538 -0.54696943755543 1.58782698606322
-5.7641678915903 1.02364970555365 1.98322353313319 -2.08172818245131 -1.61887017235127 1.97630657277947 2.92290273490836 -1.67683944284165 -15.3727623622398 -1.4820958918217 0.939841029751622 -0.643534746721108 3.13173876372333 1.28875529775605 6.25177847614218 3.17499674434134
-1.93209120703662 9.28848319618592 5.17104561395726 1.94391840869825 3.60605636998546 1.04397635592383 -0.00503596016854924 0.404245194753301 -5.41591171162764 0.25642114953006 1.98251402663463 -1.5339650686475 3.07465923873051 -1.38588033352953 0.0295999847575421 -8.48255516322396
-3.54524601093391 4.29035572071514 4.39196832227426 -1.12950087520126 -5.8742238462798 0.979096391224509 -3.68947693489666 -2.74119057638994 -7.31572793484572 0.343710557888808 -0.844193106860884 -1.53282653773767 -5.21917541757126 -0.945145565930658 -0.0532313951881545 0.506164067675407
0.32403362758959 10.5856575930574 -3.46648912976647 6.91518895955424 -1.47995859672346 -0.867669624746098 2.95808471944554 -0.028909196783238 -5.01981435853427 2.08079215695365 -5.01861889685303 -4.04087449526056 -12.8365621389965 -0.0797632809150757 2.81318517176272 0.347112498644785
0.870768840365418 7.9403594304139 1.07775924710201 -0.108865572408795 -4.08057855188664 -2.15569965972124 -2.96101508042636 -4.15272143705008 -5.39944331732697 0.335833375736343 -13.4296081555026 -3.38107882485422 4.78693806218874 5.19525297408469 0.472760421210208 -0.251349584407489
4.66307655128657 6.63907257808257 -0.216735225823296 0.824140777563522 0.588104157497789 -12.1877347986585 0.705356387732555 -3.76595415184639 -4.9163669329716 1.72716063298103 0.836564841900258 -2.23892554583121 5.92727428728457 3.95139383876059 0.0117851193222719 0.749220516663177
-1.22381385255553 8.48491296026936 2.83615531276835 0.529497116082906 -0.513205462666641 -6.26605571432655 -0.8383114352772 -3.21368767941189 -9.0084176763604 0.414309284660203 0.667988311386434 -0.782416194088408 4.37473836825753 0.0652566089758293 0.937762770503461 1.78086127000416
-1.56746197741343 10.7243600091936 -3.59938115940968 0.703483174034863 -15.0216995558151 1.01882654931852 2.24406152804208 -5.1634348356117 -1.93442261202058 2.78374873041015 2.8262732972305 -0.561282354334633 1.52761919425714 0.94279959323612 1.167153291754 0.0119789388252552
0.434704761128021 6.08421906744397 -0.902487831564288 -11.7406843683352 1.0037451239655 0.518434379606768 3.21385501550272 -0.614514841879725 -8.50486874333556 1.45956463066524 0.395939227326057 -4.49158681648858 9.77860198362144 1.48891502405729 -1.08054327672025 4.10976192610765
1.82658882699835 5.53424176229585 -13.3981561301532 -2.83370796138768 0.00544209152481406 -3.43543687012942 2.72157055556298 0.379347157068668 -1.07776506972983 2.58999723944225 4.84502658792774 -3.64150095842564 1.86285414844899 3.67057677057741 1.74417448399304 -0.0245558462862738
5.22471140983887 8.8002030330002 4.3278285602597 -3.09586025998376 2.54772432146407 -1.99888419091638 -7.56855616517911 0.931102810808816 -10.2257807592609 0.578603220237693 0.558806616048753 -1.63305091324926 0.451382817476625 -1.18089981555368 1.26069222082532 0.0284367110943988
-13.6309864516983 10.3708236350842 -3.38303124308166 3.24434092717551 0.639595176041725 -5.71325482470935 -1.14496644666664 -2.9781218137222 -4.650497527986 2.67308817969864 6.28530717269444 -4.44774355341212 0.843157638042364 2.90682572023679 -4.01795624022368 0.698419165944789
0.0353059073584372 6.4337236995883 -0.852199978101997 0.651837345689002 2.13855963893819 -17.3707546941897 2.21438043964626 -3.71649032171038 0.394156687677728 0.286800963158808 0.838298788885786 -6.6242529340239 -0.830631536566363 5.38435714143202 1.80312467689634 3.90819424728188
0.223914837953967 3.41385499328884 5.01722864629411 1.60393919944339 1.76983355168216 0.0585504047152369 -8.73607436371278 1.18187582023444 -4.60020438702139 -0.41344494064634 6.75441956553525 -7.14557329875005 5.28652536119772 0.179633901621474 0.102862989793143 1.48940280019663
-5.74991296779303 7.38942092203573 -1.3261446197833 2.90308306458171 -14.011555037143 4.01457705839266 -0.824477198220011 5.74180883835936 -0.774876397868406 5.01115195544235 5.91609671398074 3.04684061871182 -2.13260456627701 3.71569886419263 -0.284621826079247 -6.15314460368057
-0.677158697909086 9.10193854417234 -2.06721953213828 2.55023678464765 1.323251445598 -0.992950269808854 2.50837226799077 3.95828747191051 -7.75444063380121 1.35650222825611 -13.7233488980367 -1.57612798605842 1.20950356295223 -0.893591210809943 -0.613485901173014 -1.70934880190477
4.43107016760226 2.32729210681247 2.72899819156955 -0.0270638133379972 1.3963206626835 0.917875851373866 1.82854149257941 3.72983035995417 -18.6056580929279 -0.532756453188216 3.28143690186686 0.783003890611539 0.406391819575023 0.351269539465416 3.09501790574195 -1.8343822921705
0.89043535222023 8.16033100030548 -2.95998540705529 2.71667688009118 1.55657257448741 5.55899240719974 1.92460455653444 1.68801612945875 -4.79805104453165 3.27836069733146 -12.3816344771397 -2.13852300343923 3.38754496174651 -1.97518664080784 -0.710369377194318 0.681497217742314
1.12197429193787 -1.36859642743395 -2.39362311349941 -0.0231488077508264 0.194907856272245 -1.5047995717892 -0.571763819829998 0.39294388352586 -15.0144834096466 0.0972242601292488 3.85897294666885 -0.813805694916091 -1.22741381412366 -1.80844571861709 -6.84448679044415 1.42724853039594
0.410449637965071 2.79547170025477 4.11813003229418 -0.772250713749085 -0.571439103679109 -3.19193770733137 -9.33352060951286 1.65796135741906 -9.66811239565153 -1.59024375167793 0.432258731778632 -2.17283321884808 2.12029188753524 -0.210079134998951 2.31891487208347 6.9227530266449
-12.2879650450013 2.89424731313644 2.30811230062782 0.758763762401581 -4.96398413281018 0.849524166372785 1.85412633729616 -0.489575333947621 -7.84841064298968 4.24499777357966 0.749255906459339 -2.01600414446323 1.66348679956495 2.25288592490191 -1.97396564559295 -2.48660303126762
-1.72725236216364 -0.949793481422816 -1.54835979378194 -0.44083595914759 -0.0309107252404894 -10.0864372159896 -2.05673113291155 -4.19707478609455 -0.70549442707602 -1.38899037135934 -1.65151104281072 -1.49949813729642 -4.71701572553445 -6.75187562637265 1.65511451218361 -4.11354544327783
4.8607129597965 1.22059748381708 -0.605905890625722 1.92577189073285 0.315565436640451 0.652655142518491 -2.78010285377328 -1.63116089861553 -7.75045254915599 1.04633327974945 -2.77834239624028 -17.7908162935268 -0.0355001639141619 3.52449115171682 3.64065991287861 -2.92154301411665
3.84314637896606 9.09129633106502 0.541997705120684 -14.6780480898303 3.17030123330488 6.13164064870548 1.43315288637528 -0.313225608665863 -4.23442734139488 0.661614533543807 -1.53561556749885 -2.54768782545462 3.41191203805741 3.05391033735421 -0.371215768817454 -4.21623901848016
3.72883255248444 5.80085205262108 -3.4142555889221 0.647107440863414 -12.5649577348316 -6.8979615105012 -2.53000957567027 -0.0682897861695719 -4.7085622428825 4.00815055018051 2.46430889873149 -1.88150219063065 4.4131243152405 0.561202033374179 0.571068382578151 0.722252131560057
3.99067693714243 8.98178387801517 -3.8204471411273 3.95146583412947 -12.6501041363438 0.808909778150374 4.51525725322576 0.434372218212167 -4.64666979585879 3.33393013281924 4.08863932851556 -4.00294639547438 1.78063775433359 -3.25130380347786 0.82490397144875 7.22543293563955
1.91892947247638 9.44505892303465 0.725091341342531 1.9423395156083 4.15600546551568 -2.42438432184316 1.52455480559144 2.85708731007655 -6.51079676871856 5.65964898816409 5.18034091359018 -1.91246007747154 2.36838462620715 3.1638674430346 -0.317325268119666 -11.3175915417474
-1.40904475777634 5.08599790897758 -1.41810925519167 5.94251117732962 -1.00931863136514 2.43696566199204 3.34819311310167 -0.774824820775064 -6.63671729358533 1.98936746331239 -0.03372307428903 -2.80602216471465 4.25180418229122 -0.432482787927965 -14.3988244756766 4.5097360218159
2.09796669621387 1.24599862307755 4.02538939943484 2.61477245911341 -6.60917988041265 4.2723884792535 3.40238243839532 -2.63221253487124 2.30510239126672 3.53948504207156 1.39405893100719 2.11117150866654 4.92716590128646 6.29321250591508 0.301325109832496 8.40287440123391
-8.94913272990472 10.9549996664379 2.10205262110604 0.842885302790441 -4.66297514917548 -2.9432251945998 1.67666064832999 0.17574211247452 -12.0545190106579 4.5993568739659 4.01740040570898 -4.10984156458352 3.24190567304121 0.442869755286538 -0.0937850580359563 -2.59284011573199
1.45355603572017 -1.67360994760167 0.303625405367636 0.613293130351376 -0.0216121278418945 0.356224304849973 1.90252901786128 -2.29677689415405 -17.1816421890538 6.34505762216497 -6.00792257680593 -0.687692474182149 0.292251426769862 1.12353537473422 -3.57487794683282 -3.02387547626559
-12.119008864092 3.18194932362857 0.102495841510902 3.18511394039753 4.08997328287382 0.893610821374749 2.25578797836277 3.26318774936399 -6.62209596091112 -0.203711473531961 5.64663226586437 -7.05942525829158 0.287869669403591 5.13445227288903 1.65150678080636 1.22789025162235
0.673363747849012 6.71909320615203 -14.1517173592458 2.94815874870757 -1.82468089099085 3.17495839889397 -1.83324678228971 1.30707140486648 -5.86171916214844 -1.93900908201021 1.6560175950471 -3.42003134892507 -1.42550797767407 4.67597425528495 0.308071208896253 -1.07299824960146
1.82073596770266 3.56062274669197 -2.04494355406093 -16.1867913973162 0.782306773152372 -1.9704285655915 1.9192862779355 4.6323732381313 -1.31458790716982 -2.0971069341116 -0.966658259925553 -1.95097499187233 -1.35025339322844 2.29473990735671 4.62294481430801 6.23462422728348
3.96048628863215 1.4593304081919 -0.205295210163521 -2.35790442489366 1.88521194149395 2.95818189064868 -1.47577054531817 -3.45689251065872 -14.5199378909768 1.86255958366993 -0.462485776458008 -1.37400441136435 -4.6565034021976 -1.49246165977798 1.30758008249637 0.239455490693599
-0.656912403219002 -3.34085111713251 -1.46658171951684 -0.616691334142567 0.426121811870563 1.14763529740505 2.6322094567401 3.44373619535762 -17.8789848449842 1.51523866938797 -0.699282866101206 -0.228223678226383 1.10660867712385 -1.52364278284676 -2.06337336831033 -1.87094805997465
0.251674927865173 7.20825180694127 4.06720818658698 2.44280273726434 0.251806614617809 4.18689544785553 0.699444911231366 0.957565611598719 -4.65901299771494 3.45781162119799 -1.69056934305487 -3.1211234927199 4.76128376089959 -0.161099019332556 -16.2594316333444 -2.50287311155742
1.41932927883758 -1.31490023527738 -2.50095464335339 6.25284533652386 0.871859883314987 1.93102016100005 4.82819950074517 0.63216499680123 -0.566140443422811 -3.09423357542046 3.48272520813741 -0.616419843839982 4.31379820431022 1.55592953670297 -1.49275385342481 3.37628247905019
1.38071874085873 6.77600085446652 5.96033020833847 4.68000177870208 0.835504694536162 4.74131874949407 3.19215055732651 1.05322182563757 -6.42246380662721 2.28801364550588 3.57877380022129 -0.65317158582474 4.86570598166366 -13.8286921969188 0.520610518688963 4.07672421226289
1.90592201047242 9.91183876924511 7.09124970685522 0.274876732095335 3.52154926994857 -0.328266503174204 -1.58025841795675 1.02216666539081 -8.11999556461083 4.10911182062326 -2.42816786430552 -2.57094304270488 3.29108659026713 8.35273873104477 1.14553324745372 -11.6803852679297
0.231184383078601 2.39744290986824 -2.40409464372297 2.88391985332669 -0.0751247868356295 2.95386785751789 0.479862118445078 -11.5217900752248 -4.65011015163882 3.21801010077711 -1.96185569587877 -2.27768869046631 5.85829877307208 -2.18784675603182 0.163939619735134 3.44582351305384
1.60808555504348 3.0904640882716 -3.05091917490238 3.80276807992647 0.229486586949772 -1.1750436644619 7.32667700967489 -6.07720894864267 -6.07893030799214 4.47444683471337 3.31769590142397 -3.0919826056582 1.11488578673209 1.10274808295766 -0.227309424490456 -9.65736402360719
-1.41706344997442 3.84408744764354 5.75691913832003 -0.159404411827157 -1.63493758383081 1.11129664196779 1.27883941728808 1.11571640682938 -3.6676311894289 -6.97381037457327 0.201229755196653 -10.1043862501358 -3.02334266088275 0.642130178274047 -0.650745340410837 -1.12078110871753
5.08979415733302 6.35091648192647 11.1349528390248 -3.51909559668939 -11.7938996942792 -4.32566111187427 2.9053356230433 -1.86292373714815 -0.769151529237905 2.41078961509399 -1.37324227964002 -4.00075233784967 6.49294659338476 -2.19332272770451 2.70012699506137 2.85669576742669
-1.53800984379362 8.56119769574505 1.54465868521898 1.32707269824546 0.258945322266657 -2.74439116651114 -2.05418152658215 2.12746650904045 -3.83298385732761 3.73401459691485 -1.72856231249293 -1.67307281247523 -0.587834144776921 0.462395047939204 -14.7749498999911 0.826356047346414
4.77505832130016 7.98811496915188 2.6246898150419 1.56248490731068 1.54278106442422 0.817558420373642 0.747684633664264 3.72278211226422 -0.69858810738662 -1.09619936580501 -11.4868661890821 -2.02846133085906 4.3971701519955 -3.09371555012214 0.488024515679616 1.30719525764989
-2.44110405861811 5.19075848198728 -0.952751014123377 5.20653526653319 -1.46814677947295 1.00392861810913 1.83819863770569 -0.14774268005488 -7.13580279628064 5.9088947137223 1.67732268971232 -5.14310025965159 0.17879461097396 -14.4779661416713 2.10325908891251 1.66298549073403
1.42162977959444 -1.83322778312817 -3.61598319100312 -1.59073302550552 -2.98740007513337 -0.559366040419973 -2.41440144898919 8.49633246908743 2.76309057578467 -3.45327217563304 -2.80292507694869 4.21657098955851 -5.39014110657025 -0.928360185076568 0.23854915488225 -5.72549193848173
-2.16788833344397 7.14217054298785 -15.1988634793092 3.01762175990112 3.5919060778006 2.86421127861563 3.29072581610938 -2.31500049208618 -2.08316235537587 3.34722949821722 -3.61414417331215 -6.46656132757528 -1.98053198142426 -4.26353361539707 1.0610372552928 -0.774290745108661
8.68083323197762 5.61439096041897 1.55700120191077 4.08744599576108 -9.71145282754914 -1.15642957122665 0.256220872112994 -0.197423207468633 -1.45068003120478 5.23681043783557 1.95336388796241 -0.180588837177535 1.87724473420824 3.46919310847303 -2.29185871831417 0.353259337446052
2.44722288362298 9.87257038683036 -0.781444259901776 0.15574096521969 2.05519268612604 4.45668770585548 1.81061330325526 0.704648282832061 -7.88066246613681 1.23361320596209 4.33401340576924 -1.81931431554074 3.10412133964923 -11.8704960255553 0.662095547165769 0.531914049597654
-1.93863015535203 11.0988235779573 -1.1027131448899 -8.82057857476012 2.12154222606802 4.83439235080647 0.291824700564087 2.57145310803758 -2.62658933618597 -0.50046958043563 -1.01724379505115 -1.56387345229678 -2.78350328826875 0.597376303445134 2.52300377396856 0.221462213310679
-5.47713794702961 9.48559874745083 -2.20360007609435 0.0837769452767321 1.23944054919394 0.317167331405915 -14.1968793806864 -0.325452893493613 1.27966394129834 -0.835113894817807 1.0347312535284 -3.72493940317722 3.57395977307112 -1.76282286975108 1.68383576383248 -2.45442598949185
5.98529753956324 2.83857713652099 0.679811401279742 8.23965105290963 -1.17565929913999 4.60974392255538 2.89422998909107 2.68817868525869 3.90249282250278 0.996653893881837 6.16084771881371 -1.36295247239482 2.38562870926649 -0.378847488712626 -0.164535809950521 3.11292665304502
2.02064154706293 7.11108525809356 1.27613335577062 1.83558806281127 3.25057401161857 -17.403422263021 0.62982347401747 -1.19114967234448 -5.34133478693134 1.9807342670578 2.43110344895186 -1.64272185698854 2.25146073069991 3.20405598137191 2.86774162618624 1.49873367736273
-0.0241604317055955 -1.52909007443347 0.212020778244413 -0.36554558683716 2.22394625146658 -0.799714786821074 2.57676291408823 -4.89101511108127 -16.3583097537288 -1.72574302028286 -2.2028256619198 -0.752300553574227 -1.60117994335257 3.27557583188569 1.40221114027724 2.35170112108724
1.19099676897297 7.55524543151878 1.80017452782925 6.3799526337884 -14.1862003761253 -4.99507725556711 1.90527274255578 3.33395441424647 -5.07559694324681 0.83432105747286 1.94374266750198 -2.5536990076837 2.18522847251319 0.517585951307684 1.65233488354911 1.29897732719873
1.11439232177331 -5.0420170154455 -3.82334156527952 -2.36402763038985 -3.42603835483164 1.91969575651055 1.28247412910046 -5.94437690114816 4.06719841184228 -4.26541740146445 -2.84210188462451 -2.35735060478442 -4.49248998152401 -7.11343057609379 -6.70929879637763 -3.01736646591877
1.71105794884686 6.88070229325496 0.10267144863674 4.72509996681292 3.05784769870528 3.63341755190994 0.564010724339428 0.986573686717043 -3.81692651247417 5.30818672192533 0.170897268594741 -5.01769743864866 2.79509422343775 -9.0296917876917 -0.152913430504216 2.38764969830672
3.71248900723985 13.4242359621915 1.15582039296826 0.864405038968233 -1.3474569935524 1.80783376774051 1.65905839271628 -1.11135521373684 -2.1608027289936 5.49800088650176 0.347353905553313 -1.08472621365024 -11.2783424715763 1.14377599212413 2.83952007981341 2.49096217499969
0.541301262200197 6.21591718606288 -0.722606786458157 0.618377687188267 -0.165586423670221 -2.40860685748009 2.38313801364407 -10.1569671433273 -4.38878838062622 -0.41602379578888 -4.12420052510163 -4.47594042656223 -2.04513799279463 -2.54907181319564 2.78894025455829 -0.845482672497957
2.00463408389485 3.29773796826142 2.78310967164673 -3.26609290604024 4.51385580002719 -3.38452665732728 -0.870674954968003 -5.99411948542442 -2.3477291456268 -6.28114636656761 -0.840792151598175 -10.3744942854103 -4.33151781782419 -10.0038185718841 -2.7306963186312 -3.0916870692318
-0.879478714375848 12.7559108643178 1.56706758911853 6.53132974518266 1.13083051784171 -1.70016269356043 0.409546559436017 -2.70146291784902 -6.50645705512847 2.95810522453287 5.48939138791672 -3.82092682422815 -13.3321122397048 -2.84567764456888 4.55426846061499 5.0761453929308
2.40340035527473 4.21578207491392 0.393204619406698 2.91111962319741 2.04227240367107 0.175293358374619 5.33891448623017 -2.43864444389204 -6.21001838493049 3.60368564689825 -3.0195103108904 1.19956352207099 2.17317195795928 3.33132477167255 -1.05736447174595 -11.8558088982769
4.51092484370611 5.4125869136691 -18.3652496119931 0.25727198811714 -0.310113396741261 -0.383694181748899 2.82934440547148 2.68395638171265 -4.88191176757675 -0.931668191154013 1.87091963878329 -1.25710278700874 -0.517139601264383 -9.09855972768093 2.65351865326861 1.13950539384793
5.84144348091757 8.22827398786279 3.31418708537323 0.173443737560725 2.4884810890073 2.0925114759191 3.14627776003786 0.499117325624401 -5.8581570982476 1.32800850136145 0.490272559232696 -0.309391262209282 6.00783893188694 -13.8998915925386 0.960479199336286 3.70622889980522
1.27513094657545 2.44765359522518 0.158166940321341 3.9628568271488 1.16799680695854 -9.94369352767471 3.71642908490245 -1.93284979241403 -5.90306791968467 3.0601743039957 2.02937988611274 -3.83728301262823 2.33778487814254 -0.014882800700999 -0.592908321407636 4.26280994334465
3.77274534997165 2.44414912259712 1.21547609224133 0.80783088374069 0.669676751212043 2.27629633123184 3.16877040805671 0.949451525352906 -19.4634142197081 3.04130909387373 2.82729870996365 -1.12649049398951 3.28865358797666 -2.87225516830307 1.73401102661137 -1.83930158691611
-2.80352343958687 0.367940205310548 9.50475733515283 -2.58501460852389 -0.921843342648223 -4.49889419194336 -1.3336897434033 -3.13401818551694 -2.7247052501401 -1.10891996199614 -2.7823329388706 1.98809135883658 -0.492463309253643 -1.81443012017802 -7.58845071992366 -6.69538318866211
-2.95015124123741 -1.19513656974524 -3.078912926961 -0.251786325269041 -0.24528863937484 1.06727138269832 7.19202511371683 1.56250146192298 -20.1251617794348 -2.04308391676674 0.752885178066274 0.17085482728298 -1.16010769905921 -1.17463691914333 -2.29140872478759 -2.77888852959167
-3.15419823714619 -1.74716658781044 2.14985545154112 -0.289430244184085 4.59887045410165 2.1559830187732 -1.16818060710083 -2.97696339639925 -3.38383872439458 6.30294175399296 0.32869847423167 -1.29537964289741 8.67843707982298 2.30828222676593 -0.156060870296637 5.12788303667998
3.9077186972186 1.12959646895146 2.27996341891504 -4.20857691623649 -13.7199374263656 0.482255469356344 -0.92415878059521 3.89196344836734 -7.30901062409757 3.86738515551419 5.11581024692719 1.65694167284394 -2.81967201285058 0.791306114378047 0.107891049080607 1.31872599776696
-2.05419267373482 9.8887218237459 0.170283538356914 7.12950621807354 1.24239193646685 -2.23483225748127 -1.95852655463218 -1.14369347304394 -4.69645936635273 1.15855529058878 3.44064127922858 -1.10688912595911 -13.6739858657039 4.79314674206919 2.43457125896287 0.671775122383612
-4.73657161181772 6.83562324302402 -1.80319105589275 -2.43054097292555 -14.7142096683541 -6.47378050344678 -0.588838883930745 3.1104588389513 2.34748755857231 1.25984773088755 7.13856559384792 -1.88234799835655 0.414644793131374 2.53834458902511 2.33386789597681 -2.91910427717972
-1.91036304274263 12.2145199697363 -6.39246126157367 -3.90774914260342 -0.246460875641181 -0.399653127041773 -13.2337374165532 5.78556650508563 -6.70328783209282 0.351561065841257 2.02343136061181 -0.728854141478926 1.22238250371983 2.50552282088498 -0.556374655700798 0.994014816161332
2.62187717415608 12.8512227212034 3.08332257975611 2.30718098801931 1.24232276924186 3.17254204133641 2.98089134438369 1.5074857896848 -4.92993295031376 -0.841450961778536 -15.2932638114662 -3.0866026151845 2.7688374900072 -1.27093382509813 1.89917857693068 4.89684052371356
-12.4324578760265 7.90371474143529 -2.16321123260819 1.95547149758007 -2.4415906420803 -6.19823174086913 0.915093251704285 2.50132434154634 -7.31461868226153 0.0570531239699614 1.31015921425842 2.15064729005196 1.2627164335716 0.24299201003865 0.790748638381112 -1.91431619127183
2.42405046026591 9.39487135553973 -15.3371096488512 0.608335298647653 -1.33707875981761 -0.857715766086744 -1.29074397973186 -2.39490704641432 -6.68307262898587 -3.99229634369962 -4.4580912486292 -1.89700219857382 0.550695904715069 3.42901154094018 0.0331273891948721 0.909326533297227
3.38077580829794 5.11904490639914 0.0288512158287185 1.20345342168273 -2.65875930438531 -16.4618175792716 5.20529484658784 -4.62339001731605 -6.47949754263931 2.82821366746269 1.05728403549562 -1.90399085761482 3.55264510463947 2.86434167696416 1.15888820222791 0.082823738059151
0.227062875792103 2.51497093303642 -2.08944654472684 3.17541816482189 3.95623913286695 -1.19541748212142 -13.5092130351684 -1.88192414982626 -8.27435947264717 5.197370393299 -2.52827840680695 -2.52643058523194 5.48983262665568 -3.2779492106615 0.510150662686964 -1.62261895894654
-1.11559579370777 3.12704342934291 -0.927803260128065 1.18592949081415 6.63622204879541 -0.0055555785553133 1.86480660461983 -1.9662027709254 -5.09723367369365 5.71375379607481 3.06535495030657 -17.488327096134 1.78208505521087 2.73225020071913 1.2155799080078 4.52843563332903
1.91725190742577 1.18934804714643 1.74264718713971 -2.2923134783963 -3.24011014314491 -1.90487522341611 1.2174473686663 -6.291533862921 6.22851289449809 -3.53418875765635 -7.14691204641607 -4.26106740113116 -2.79341000235847 -11.379392343299 -2.19116429318804 -4.12053758684764
0.22389187865971 7.280467997164 4.54835643148347 5.27772225386956 -0.249426727212252 3.52350244759015 1.2047279542861 1.41876532997052 1.67503296661646 2.57518823377005 4.61565593244306 1.64892417513493 -5.03557928727122 -13.5233990699432 3.73957246014536 5.26428486331083
-0.266234765662651 4.66312264903821 0.150750825008517 -11.8692676693667 -4.24377689425182 0.763752038749368 -0.890061788756634 4.52251622760281 -8.82529306995478 0.569760960726438 2.34895416595693 -4.05287760890914 5.1163743122245 -2.4680852986521 1.34710563603103 6.69231578762965
0.963689286180366 4.41644311449574 2.70410391739874 2.913401327224 2.93597511630485 -13.3770157636335 1.34748345998171 0.739021066780443 -3.87751877483303 -0.87572508761368 1.30718777792451 -2.66047627383619 -0.449370797669675 2.09880162320836 1.35549359687642 0.336234154332865
2.19043210255759 7.92780296822417 -2.98002809047215 2.62326070366982 -9.12215843900998 -7.2724400468359 4.01615528892204 2.15165868261638 -1.25978551638634 -3.29369166463623 1.00690708230763 -5.98375239386636 7.84981301434694 -1.42856505414362 -4.10078054498018 0.862549505145341
-2.08443106629367 13.4276199680773 0.85346450522482 2.72665341295121 -2.35950126293151 0.730978428124934 1.26244012826041 4.48066577333452 -7.58659102672967 -0.962378305457475 -11.0144961994426 -1.4463407169034 5.11219714838209 -8.32782811670912 2.67478963187164 3.26438283734109
-0.871745166315712 8.46719482492224 1.0338571305699 -4.13207516050645 0.333557541551916 2.22902362704105 2.47469497465551 3.07133115930188 -7.08529109044433 5.68116455014071 -7.50458780428352 -2.27213267357382 6.22650712797818 -1.42147312017804 -1.510122261699 0.242944877420842
-11.7841775796886 9.11412588121081 2.31557553476088 -0.855881309268784 3.16312803698062 5.27005078093366 3.32668325525064 -3.36637949498751 -9.55630188581682 3.2120634026309 -0.717150147357456 -1.3430101549165 3.44206334897107 9.48725551241678 -0.926506009957956 5.0441617988988
-1.25714333888172 9.28552000196291 1.47515596686095 -14.4573300120762 -6.99802594606088 -0.335107448326377 -3.574518205868 2.76975125108979 -3.66393177700374 7.9766222105499 0.219966331229842 -0.9203011664266 1.58950033605352 -0.657191536891129 -5.12340451372555 2.36607420003999
2.35543281682003 8.66610244370131 -1.69041970672185 4.08204326588183 2.52470445458416 2.1285260084581 3.3315331539041 1.62070407600482 -9.20643008314311 1.23572279990792 1.55366977216647 -3.53768208712131 6.86382698320694 -7.22854178040617 0.99513131084801 1.8026580687109
0.250737061239998 -1.41214373417577 -1.78683636599765 -0.331378016401684 -0.594198146048702 -1.81950243920491 -4.75012971150848 -4.23300392924044 -15.4120337101763 -2.93060590265765 1.75145456274032 -0.895394578958712 -0.944338290590289 2.55074680809996 2.25449938898314 -1.43950249136247
1.90188867618537 9.92085272723135 0.554875549342424 -0.14565698993127 0.697350211284756 2.19065960634827 -2.20941072718634 -0.351360847064624 -5.3860434691786 3.27960798319637 2.68467692509599 -2.45209171509506 0.984470278525805 -15.957040343896 3.12941184687105 2.23643246347042
-4.82891983698955 8.56717105050282 -3.82884120906068 7.33120326321601 -13.0896216351503 -2.64765375311184 1.34919177877059 4.90811568572571 -5.28077117314441 3.37763263111375 3.09116647210929 -2.49440172308428 1.21168343733152 -0.757059673624217 -1.23133679074293 2.52113792608766
-2.30131303568586 1.27697861179571 -0.874849752077112 -0.882260132801616 3.31818368504333 4.49403836313531 3.5957193745657 0.881879949537748 1.08061510722326 4.90714950266088 5.76408852971877 1.45493857113794 2.40805325424444 1.30315927225088 3.57624117366855 0.61470557277108
0.551067059414611 8.98035484478308 -1.54812071175042 -0.200564806115736 1.12537261811213 3.79405301427398 0.660955994343553 -14.2738618135188 -10.221582783811 1.8441645191957 -7.46315232261128 -0.420139054230981 0.470298146231906 0.965237523276157 0.825493372766643 -0.934676173818772
3.16815292524967 7.9319144945569 -3.26012445289723 0.884325208906414 2.50054442605945 -4.90758786451023 -13.2355981764377 -0.791397087506542 -2.85577979806852 -2.20113490616049 0.501113327889956 -3.36261262935262 2.21736308562231 0.404241884649489 2.31700908789356 5.29512319403611
0.480988710331382 6.82800119680536 2.50731316008132 2.07188616396933 -2.66041908322543 3.79930890916369 -3.23891250603939 -2.28048400536532 -5.01857905763725 1.15005765332173 1.51712890818617 -1.97656143601779 3.64898117059153 1.69802066505191 -12.3478624808818 1.97854533250874
2.07394347898116 3.45231245528645 0.0500939672839366 2.11170348495677 -0.628258095634685 0.850921685889238 1.75165774627524 1.47623196689096 -4.31806254785679 1.66583469328745 2.97845904638511 -0.457494617163751 -2.23476443215482 -13.6531318883653 1.51263684298249 0.957240967616992
-0.400327207812406 7.66649445079175 1.28468824901134 2.905717208204 -0.799067149998379 -0.725298458163813 -0.207044163020482 -1.39446005403315 -14.3697641991498 2.01293350265291 -0.946014427293717 -0.820351123885586 -10.4528782050137 0.224232083896142 2.560573923621 1.10391961374652
1.14516303386088 8.96560845464685 1.23076269658277 -0.791461266165124 -0.108668260078503 -6.48684242062556 -12.615272680312 -3.31240179419779 -5.18514386110155 -2.9187078607425 2.30464002972275 -1.56130610916336 2.56378715553938 -2.80099751576442 3.27444919438668 2.04265767594683
-1.9247914998759 11.8103726415057 -7.02868136077853 0.707235385556565 -3.36714091265504 6.33551481627116 -17.175805197153 -1.59708546736546 -6.01359314619461 -1.72827258349173 -1.70616416296029 -1.76066185090756 -4.92497786274439 -0.14638316578771 1.40811984300843 0.893406153226161
1.10178800011397 11.1844769199506 -0.143514262928026 -1.92701098590473 -0.676581607097623 -2.10660019056113 -6.88649172714751 0.454025495418686 -8.99867666814233 -0.038690653403981 2.41873702459352 -1.772713780428 0.0659095238878724 -1.62860708075761 1.36160971939712 0.0185809094842684
1.48494025732786 9.96435354244144 0.393419212247621 -13.0009157506312 -2.3082941341665 0.480608963732642 3.15207976953087 -2.02805882613723 -6.08345119805042 0.81147298812245 2.20455306300785 -3.60818713144226 3.82656886821245 1.8525145860565 2.7128248532136 1.87795644134747
2.9892492396569 9.59998315073473 -4.15346264311967 4.02123658786086 3.77584052086282 2.2927624934885 4.10438431647806 -0.173584978705936 -6.46498724218014 3.41072482982921 3.10851298680442 -2.08279730778179 3.23595747700656 -10.7235845804088 0.747446344019978 0.474268348072854
-5.01505755923966 0.887804359874154 -0.402458227881522 -0.152410557184582 3.4605902057354 4.26744848445556 2.9678348674742 4.53178931084078 -15.7469285432255 -4.76531014166097 -1.10781640111916 0.224409145529683 0.952925721037003 1.5987566498747 2.20335823069498 -1.72073935953709
1.24041153572096 3.77408377290744 0.159460724582111 3.86637334859941 -15.2187164965143 2.16480309666089 -0.303467802551654 -1.31723931099982 -3.75286077822926 1.53623184531592 3.55104144571906 -4.40215979467674 7.35563535108083 -2.22192983315164 2.69266939776801 1.92144304911548
-3.89633376862957 3.43287528418281 2.20376030202693 -12.8079834468587 -4.61341026050365 -4.47846002485967 -0.0322725787139744 0.853138609034838 -2.59003536554078 4.93519260267494 -1.42618864355716 -3.05713830586784 -2.49318640424507 2.83630691290377 -1.21366845012845 -0.178939786392521
3.15282407106682 0.16889139617982 -4.95775223334324 6.12567327366633 -13.7943090844467 -1.7852010737409 2.64833860384725 -1.83771811956863 -5.61785409042021 1.96911756586734 1.38668552256042 -5.15086945222203 -0.186681363201846 -1.08583430409396 4.41879487006904 1.9530443247158
0.990822752950156 6.55408997190666 -0.816442140748895 0.812099438808747 -1.83431520400595 1.72420415898176 1.94918265491057 -3.8324243132129 -5.57460021684025 6.55819540539807 -3.37768260735865 -3.99189216155868 4.50729366596107 -0.984860399621498 1.04667059635512 -1.29224111700474
-1.42619290360384 -9.36878571370281 1.59287220200382 -1.2660923022705 -0.421646326544545 -10.5557603123069 -2.99908201117425 -7.48772021625658 1.345112856475 -1.07058405219814 -5.55989271394104 2.26391852618138 -2.27061674546244 -4.27591394840091 -6.42138481501773 -2.89323789353935
0.200883209904408 5.37335949737995 -0.871602051807077 -0.14209349665914 -0.186804734394208 -0.0125978309380862 0.551441596747672 -13.5630952873882 -1.16367221181041 1.56489822661198 -0.374926867791347 -1.51633195293193 7.50709838301655 -1.87063863333394 -4.45912089198696 1.3033923701158
-0.470599110974195 10.3215492912027 1.11636901817927 -0.615853527082988 -0.122836683517289 0.80968411220054 -11.3084154617339 -1.41252067850049 -8.99935258674028 2.06342235347189 -1.25941409136051 -1.18688633191689 7.38245768619258 0.319922981296097 1.06435298383942 7.01053211149484
-0.194971389733963 7.17743688355775 2.13536003053322 5.03877617317288 -1.10130926360505 5.81773889802168 4.43483729694076 0.217322110283909 -4.88412352944927 1.78358415089263 2.15452266915216 -1.83972848803617 4.08691254891273 -2.4907475341298 -19.8456012603703 -2.06272387054892
0.329097430808562 6.63272434318276 4.34770245833427 -0.782534050081256 5.71583574023508 -4.24331098074293 -12.9665606951406 -0.969892852910764 -9.22679473585934 -2.18993837130438 -1.41584042238092 -2.00325635612197 1.28508583807506 -0.273030672393996 0.218299246148379 4.82642007636156
3.14122365770651 5.28187180237946 0.108061754263754 2.47409719774756 1.63214320953178 -1.02826012119396 -2.18977046478383 -2.4523867555018 -4.69168150185804 1.18967151492403 3.81654493053926 -18.5021860855306 4.99175472442141 -3.08873095256552 1.60198702698147 2.36033305536562
3.6540385981973 9.00834929815046 -13.2555329799633 0.191903832755372 0.38729230524153 0.822698191563278 -3.37332009188162 2.1906297743382 -0.902672116063959 3.37157627555176 5.41187674129992 -2.1769600563224 3.24167054038785 -1.09417632500867 0.107420319063674 1.36851357176917
-2.27650909380889 6.0455460473179 -4.68721845467381 -1.17057055489551 -2.40726349077046 -2.24614823802558 -14.944110730804 2.42043621510633 -9.51897955336264 -0.91009057267765 3.2751626430785 -3.47082738656345 -1.57640979873942 -2.39876320666606 3.71279683634973 0.628623214762395
-0.912155654983975 6.019814928935 1.85225739229341 3.54239066707332 2.40999192993906 -20.4307597229743 0.598353992842248 -3.65814824854915 -2.20294480388817 2.11901063779865 0.459621858321057 -0.546741229647152 1.54419513771077 -1.05336476123378 2.86452484131514 3.35593638427535
1.27731271394672 7.98255440644763 -5.49503742967187 6.07626677588669 2.32199528799236 -1.79590745330244 1.34896579503276 -2.52872584659042 -7.12745798337167 0.565159041534379 -0.417696215458967 2.2060058065181 1.37997368469628 0.496054549449768 0.109503697409342 -9.15848094915672
2.56263559250633 9.72574753770785 -1.659914215418 3.00798738960123 1.55282024362545 -0.636185253986306 -0.527891357517553 -0.753289497123612 -7.26092740584162 -1.35356604885233 0.292396922059476 -1.36232174365818 -13.7689573296114 5.06666412809437 -0.233067568839578 1.34399135474819
1.91903384731652 1.06732317942037 3.31540872104249 4.10412556727464 5.91503130617592 1.5505387197487 -0.0985245185202368 0.477670534992897 -3.71826025332431 0.919488779387321 -1.84039433517443 0.114542290416941 0.518185541887941 1.15835957440012 1.24328148957376 4.02887053251792
1.43050107778302 11.4213392473979 2.33874920381332 6.23721187383895 2.19975289640281 -1.36007127483824 2.87516291891834 1.59474916512241 -3.24671785461365 3.30703534586314 2.12766422059144 -2.69647198977564 -15.425374362795 0.924577588909046 0.545789773231052 -0.440493270774477
-0.321144928379566 6.5031913737269 -3.03000761854705 1.43573412544392 -2.80036524530074 1.96069463736798 -1.53658821757003 -14.4150087397983 -3.93581482277346 4.5665117839696 4.22163160035939 0.0474114238690104 3.37277981670409 2.93868852399827 -4.53194399394422 -1.64145704024948
3.10656181716238 1.16646531686665 2.11692726647433 5.28228609705697 -1.35072097262598 3.25571613465465 6.91348602079352 1.38279790722778 4.08451336957103 2.34178593201045 3.27253505843041 3.46522546843939 3.59382000211101 4.65500355959261 -0.494232688242824 3.9847863467166
5.26147377812294 6.20606773398168 -2.22927538080031 0.160807339909987 1.32603157291517 0.170191402549028 2.97913378540459 -0.225845584359322 -0.245849297243163 3.27425495108793 3.56028855351784 -3.91658557938521 1.00164905511137 -15.5519477018253 3.4547454922912 4.21671721847243
4.33123788500334 8.58066572140771 2.04647244105063 -1.29430935597219 -1.47938777358149 -1.30248539969694 0.416532014539306 -1.84115450969774 -0.541058082179318 3.32327179766671 -7.62643187542736 -2.13791545440459 3.99959268982534 -1.49790568348206 2.34737580654181 0.47829452928474
-5.42662957855353 8.2720105933733 1.93730973688115 0.478802596007367 -1.91027077284313 1.82095125885548 -0.274056656559897 1.37119489522483 -6.46410421223572 2.06885465473395 -12.8661712743125 -3.22507759678141 2.27081908382394 0.976723793986531 2.37329091110912 0.664255876476907
5.8715712342816 10.8157997559957 11.1311640697881 4.82439446063342 -12.5128552425701 1.43614593829561 -0.957775312575419 -2.72639688412243 -4.75487882336481 1.7046530548874 1.06173211859976 -0.567932496526762 3.33756232020646 0.740325811392661 3.69212315303355 1.6742524751744
1.59340687294668 6.13097742207028 -3.74335058981306 -2.8702028354392 1.52548170172316 1.2756414473875 4.14963118294898 -3.70807841779096 -8.26998592616807 1.31604995273525 -1.31941378627601 -19.118038084687 2.87020538541958 0.806695930719929 3.38786933672441 3.70541557000812
0.98806153298405 3.20818302493261 4.20096381080425 -0.954962564854001 -11.4747265408289 -0.47811575943085 2.71313130655245 5.1409196596062 -4.0543610495088 0.782334079004637 -1.36196148754611 -1.6242715623274 3.66826641430481 0.636523748463989 2.37093281678291 2.95962416720027
4.59876169719306 8.25244178869391 0.094192039441773 -10.3544000612126 -3.5156742576452 -1.75264010236015 4.59719715724042 2.48888676796902 -4.04364253684661 9.22823736578164 1.08590802084095 -0.342228919864978 2.87575335827911 -0.457479608998536 3.8505180896799 5.85911413481702
-1.3824690298261 7.21926098430261 3.42685573013332 -6.00170220492755 1.30220544230029 -3.64201912087846 4.55604705907576 -1.24771851661432 -6.82048266514646 1.85062337775472 3.04298192266546 -2.53004139008461 1.91339455538731 0.710647347840168 -10.0228410081843 -1.87709268335379
-6.5351663820263 6.82642476198276 -0.162047004265525 -5.12300183820513 -2.20735406006797 2.94336956592291 1.58784420859758 0.267983707074881 -4.94742975112601 3.09788159828376 1.98717472208412 -2.22717768116044 0.042650028844935 -1.71714058991143 1.17191772751906 2.42557388145267
-2.47769834967455 2.58151063615216 -3.15348361518353 -3.47250412836616 -0.717084384353636 -1.09889492072683 4.31056415377071 -2.10108446996758 -5.51826558778159 3.43038920247227 -11.1025411353936 -0.738473349045164 1.62963265765057 2.47769387843058 2.05701598369857 1.46425157233092
-4.08560817907735 0.798770187498724 -0.611188238379702 0.392658555217237 1.22268912883734 -4.25935495242359 -2.98801348263837 -0.255372482543745 -0.228048088401217 -2.05133194064879 -5.41536528711901 -3.46362748805946 -4.60127910441568 -2.08564443238117 3.96418871388092 -4.92254101704879
5.2646128272847 11.7056216208494 -2.54538911045088 0.936987935328081 -13.2795269892783 3.67777480971596 3.2343624159636 -0.153016805314427 -1.36219537602867 3.30158239087087 -2.11529311936745 -0.791976760624484 2.74323220136587 0.334498716573461 0.279404469038087 0.917733159944015
0.567410367026246 12.4364493535954 1.37094860455358 6.48703228796928 1.90227553643806 -0.846592239275915 -0.380721117154182 1.49334464841905 -4.67527123053519 4.87036928517433 1.82142984653337 0.353152305778204 5.5460732669811 -5.11475596622029 1.92518951547266 -13.7716411096565
0.0632756617796331 3.97134653254795 -15.7814073353326 0.323512706720608 -0.881955728558734 0.43385100560953 -0.664900353004646 -1.30847363980768 -4.09859708596657 -1.90453706444273 3.84124211226888 -2.6964068155442 1.20466406076342 -1.77105753279225 -0.814083909804791 2.10983687013683
-2.94939654389731 9.93625674924009 -5.81292348290049 -1.07787542375164 -8.15822663921738 1.07584415025029 2.30902108377157 5.29078272210892 0.761838698918313 0.311863616027001 0.266798450572181 -5.56927237043119 1.84707309961046 2.80479232664547 3.07628309869252 -0.222929413528501
0.899104302320679 8.78475793269247 0.642567626604033 6.08645163827464 -0.0832164635187971 2.1710275604576 0.0678461160933279 1.66792525286306 -5.24808668008855 2.40934117573198 -18.2616511254627 -2.37211129633938 1.72871660419398 2.64079365948764 -0.253355843958029 6.66760966635642
-1.24852130605572 10.4898997056561 4.33946255942838 -3.35383512375311 1.39238055551044 0.915776617883556 2.61009088121441 1.08308024881396 -10.6191109230996 0.0742550932132406 1.9507135874704 -2.97444295551741 -1.39116118359273 -0.71207752289215 -5.29608190865679 4.27708661373873
-4.13378563024015 6.84644865800493 -6.9070796657125 -2.48446727428254 -15.5506485671907 1.02298598772101 2.30141872243009 -0.15115194597552 -9.9599600863514 -0.515488051508853 1.5139935815566 -7.33419263405644 5.52476449656766 -4.26307327116824 -3.10039374762913 -2.54155393525977
-4.59384050923926 8.62354773020226 -1.3467221462086 5.03764240312825 2.92828375272114 0.343220598653947 -1.2189082130637 0.0567902793326316 -6.7690092383507 2.83017634391984 -9.44665532739904 -2.9230746964238 0.355735864098777 -1.67481659806511 -1.0461761531275 2.09805745806801
-0.573713650877987 13.3880892588286 -2.06254957478425 -1.55549317881467 -0.132368286625534 -1.00602489539418 1.22011962039207 -0.0206443673401767 -7.0259691324664 3.49935923441411 0.368275151900172 1.03350159742739 -0.739400084616912 1.42346795226146 -8.0159817580415 0.878355439108061
-4.61905386803668 -1.07156152312689 -0.990587367544577 2.81258381835401 -1.00023880972968 2.80616363445641 2.51127505925021 3.84103533425579 -16.9135307316184 -3.53837929727436 -0.414628458258417 -0.493123002297302 -2.09409109481446 -1.47014892796696 2.58029717044682 -1.27757910196617
-0.130262336675215 4.18658295665429 4.5839213997622 4.96886093457807 -12.6733861806947 -1.54749134033937 -3.01246339430301 -5.73966564524545 -1.59587535561496 1.14087484156761 4.58793481460191 -5.65831554888161 4.72124166325461 2.27794061971453 -0.112803574328622 -5.69509487631516
9.10423142737411 7.36611035554084 -3.641983125805 -0.49162560648781 -0.0614968638420225 3.63894215330082 1.47199330104959 -2.91411786435875 -4.7731952443174 3.63513554573603 3.71112094185965 -15.4541817972039 0.480730266072842 -3.89335764817675 1.73316190197122 5.25527461972055
-3.49543082763595 5.42630872191456 -0.279739008031696 2.43256762321538 -0.560221715155963 -3.34572052677343 -1.02512049367269 -0.502000736889896 -0.929178613650174 2.34279684956029 1.22876576006046 -1.71903972576194 -12.4595531099032 1.8964216720769 3.38998341031986 1.64390541556008
-0.2798859065909 9.48934914549056 1.82652308326623 2.26289464997265 -1.96873526711044 -2.453814707272 2.48316291957732 1.78411426606769 0.0816378506340616 3.42269552111342 3.47302681627333 -2.63299209289006 -1.29172543175165 1.56855230946604 -14.651143372777 0.816706333358105
-0.42955781316446 2.88151027500267 4.3399344741416 -1.51965324467266 -0.138682106645445 -4.18782273999854 -8.04179203354706 -0.914444211552471 -3.21786826614558 2.50591348852205 4.04026008446362 0.127187834467517 -2.18768584840928 -1.86880082636047 3.01048075701592 2.47334330468477
-2.83551599556362 6.72915189432631 -11.9295253996727 -1.501080276776 2.73347883567827 -3.59261937991198 -2.7829562134319 -2.545888469901 -3.22564991394123 1.12803651803899 -1.46682789948238 -7.53361521462573 1.80173090328869 -0.930505341605464 -2.35089128734126 -0.413079362141613
3.10879411725073 8.22142055756258 0.4757840566806 4.61166200920173 -16.0595824355089 4.45845465572304 -3.11165719572988 3.79712153386759 -7.60323381678086 5.29885556155832 1.40278178004291 -4.3186440646897 -2.58178210377272 0.417464164793604 -3.20324065804907 -1.14522005901703
-4.21188465958649 1.27549744077961 -2.05304538883824 0.247323385825927 -1.2448091687596 0.130271731125003 -1.30203205256359 -3.70270063700308 -18.2004413508294 -1.5991867105963 2.21216502626459 -1.80585768145871 0.527897577749421 -3.06119384869757 0.217940520506565 -1.90166389730396
-2.01702389091295 2.28930436630927 -1.08211082957184 4.41126873503989 1.06407484444224 1.4719485919159 4.11258890348296 -5.60530561786898 -2.56994560086457 3.61450599675947 2.37846020637233 -15.9346914093685 -0.49531446144463 -3.24291368649948 2.27257962258089 -5.71966825036207
0.00288788202305812 7.40688707327161 -0.745228366429693 -1.1363184925052 -0.236609044147939 0.0606415827817868 -2.4821638811677 -12.1116350764917 -5.4590015574073 3.4040165230605 -5.13193806792074 0.374090360949538 4.14048820946817 -2.01161208630807 2.07347809321687 7.11071520792467
-4.43464155691536 -6.04270935074505 2.43724799186446 -4.70270110724688 -0.0469791931612566 -1.17820899043748 -7.75207458053966 5.27555225570571 -3.77815678360707 -4.84284476945921 -3.43085143244185 2.85832894673521 -4.48414580082055 0.655272143051408 -3.19281396648301 -1.97250325128776
2.65188420389315 8.19698511387173 -16.0732630622493 -0.0739924987827407 1.74028602077597 -1.46200166632668 -4.92616022328125 -0.375833676784552 -4.24595658691835 2.51781298174351 -0.907836399853363 -6.19592013110383 -0.348542463582788 -1.58784813234236 -1.33596019687038 2.91423409275917
0.0492447304651231 7.65099152474886 -15.8283412064798 -0.86537664266762 2.11882211890488 -0.194005311753915 1.55847095491365 1.81106911683318 -12.108857297781 1.22366901413586 2.19627417462746 -4.22080827987274 5.08471914655318 -1.00409743296196 -1.97956026133443 -0.4697312498683
-3.82675867761296 11.420863891951 -0.605220525128625 6.26365306678729 1.4057845338376 -0.833247819480873 3.20034277351411 0.462255208788466 -1.19188402400371 8.23122619723723 -0.679311895046885 0.825335238234828 -17.4644624686541 2.32847112922112 -0.470427971664656 -1.82714631013666
-2.65749423154349 0.283936479095335 1.46137874806229 -2.83220183515475 -9.23478783399178 -3.885710032226 -4.57641813705597 1.48042404794802 1.06475368642364 -3.55997008182606 0.20487871774134 -4.08403928931602 -2.26505107766084 -2.4492933653842 -4.48916352996768 -7.27762136613409
-3.41731974558977 6.72308757744988 -14.4595175558923 0.870438110389255 -2.50379716513453 -1.35373440004585 0.295179359855429 0.922684595437966 0.728327073032643 -0.586261978340003 2.88047017584046 -3.54941949306939 -0.912362414309427 1.05548163567585 -0.0820638579499079 2.36803465583193
-1.26586545778717 0.898883296304429 15.0122354154297 -5.57986934270343 -7.59186293130326 -5.04536013332799 -1.33097649304711 -0.066947603621386 -4.82701109982528 -3.38747506461205 -1.25365786534367 -1.04731499066187 -1.4139888159478 -8.382569510971 -7.88527188872345 -1.8061480561713
2.82560067168193 10.237834878783 -1.5612313854341 -1.49522504897489 4.04660146377265 -1.57745620900083 -13.6069582725071 -2.2961765028536 -9.71965957269379 6.81778638016168 4.66264132597261 -3.71097313672802 0.267273983492821 1.00257414893966 0.519584437411272 0.467133813475292
4.14170070560826 2.83486540632253 -1.85678573398559 -0.20112547997221 -12.2993305780499 -4.10922360078708 5.13914734752599 2.30528252942374 -5.63830693037505 -2.63321547761286 0.727323603277269 -3.75539215743622 1.36509532176119 0.942223814198409 4.60531775791103 -1.6361534138066
1.24996121306681 5.59995783606837 1.66362722782816 3.52815103733375 1.2147395599419 0.385781957057414 1.81248192510931 2.99815867068274 -6.10073502611656 5.15923516518159 0.955716654159162 -0.540984256606615 4.42940197667532 -9.09415741464478 0.911082102218778 0.813655746638942
1.90202824672839 5.64552462355041 2.59109262391402 2.49298776786556 0.168706392713055 2.11919354650901 1.08488208616377 1.4284151437572 -2.83473282424505 2.21782327356457 1.27559363409861 -2.57787407626053 0.476835187843759 -17.500751019449 3.01885877877968 7.07497573302285
0.273862017566229 9.23313401686819 0.313526137814642 0.922861693066871 -0.342277286702862 0.754820082005783 3.27626440601368 6.68810428550149 -5.91982339895931 0.233819815161071 -13.5037778186464 -1.29875098327225 3.22187150490288 0.836912329295282 0.103503431353611 0.386798331237381
0.850115823402237 -0.142183336765473 -2.13876033200976 -1.94302780379927 0.581030739081943 -1.09578933936788 -6.66366236992095 -2.40843060788385 -16.3908867022497 -2.93365008709869 1.03477842585041 -0.130191471668359 0.132005778469448 3.58542497688294 1.13500408257882 -1.23213499473104
-1.0392024336895 13.2798542727245 0.333541124479773 0.943159994412786 0.429424003972477 -0.85304389819239 0.794588253148195 0.56864473587117 -8.98233741396978 -0.731625071018222 -1.12567756536582 -5.34442120392684 -12.4278982862006 1.53865647892675 -0.180266671329951 2.03539348694983
-3.71439498350511 4.45782759458669 -1.75685810257078 0.328605150855299 -5.88517357575745 -5.22134491538212 -6.92765961829292 1.38534194034697 -0.270281192766553 -5.98801497602619 0.25634434845728 -8.91231477462559 -6.08678019025343 -9.37792496546958 -3.14884791339832 -3.64020094955503
-0.4317177111905 0.04152888394206 4.44463188865029 1.64800068615521 1.80454453870644 2.29601146822366 5.47025703695829 0.306544937356018 -2.64201716863648 1.74489775295674 -3.96085069388129 2.0747144046214 3.89812515443093 5.7207581518073 1.38854943302468 3.06021013610767
9.42057862878167 11.1193192764587 -1.17649975104186 2.47875878672198 -11.6829861744962 -1.93868964716657 2.16439980063571 4.21438004418568 0.992326381037684 1.04014088665928 3.45525021939693 -1.6413219906249 8.27069439559236 -1.23536016936921 6.54944701185902 0.178450011327079
5.30815353254346 9.38291389470519 1.33395721310044 0.272434129270972 2.25849452673275 0.702904862679091 1.47651408698537 0.493331927082621 -6.35297343196775 1.07336047301401 0.796424464306213 -3.34533351154812 4.20561061744849 -9.07570610832784 1.67549684331655 5.94699028375556
-0.334519248596136 2.31721472206846 2.46778015101678 9.34216899327438 -14.2468938837293 1.27852404425957 5.18744752978773 -2.74556432447408 -6.99852649904972 3.0036310545425 0.658150912330239 -1.88057127926325 -3.6469369908065 1.14205485256276 -0.348345179535141 -0.460242885436336
-6.04826656118243 -2.00034957893472 -1.13502933636257 1.26911967563856 7.27359922256462 2.15359884485062 -1.17428488835962 1.73632114371369 -7.37397833846052 2.66289937749457 0.0519739424247564 -16.6762024248251 -1.37373074374239 -2.0612286974455 3.89037399121673 -2.73076945408252
-0.206183548246343 9.7004635633074 8.60494446429433 5.05487013504 1.83135090322218 -2.62443688530706 3.35536046405335 -1.58862762887434 -7.93846729834932 0.63931059034864 3.89010565831308 -2.7825809146735 3.69667869843114 2.00558197232168 0.59572219749365 -15.3932276291339
0.423431968305544 5.41728083771112 -0.257053746636253 -1.51442775303514 3.66413520645191 -14.2532422677386 -3.32338310306577 1.05305925279966 -2.90959428629238 0.889652524358375 1.95797466667734 1.4171832703268 5.38832703220028 -0.824791525040099 1.43367417827351 2.01206271711857
6.31749351960586 8.93537605820269 -3.95224777828595 -0.997672691225251 5.38083321078235 4.66033147763276 5.51702832207879 -1.23015014674117 -4.01254054777328 0.247162090724506 2.07622962159697 -1.02311165098523 0.468139942452021 -9.56505011208735 1.8883372665144 5.0629161599931
0.8166815123309 4.85905837951276 -2.73601082550392 0.106108539313853 0.784739633694234 -0.979932207351129 1.40078660489021 -11.622066518793 -6.08904919371908 -0.099836371500351 3.52588087179664 -7.37089789774491 0.643832717897315 0.0367545680712434 7.2761587006152 1.05087899897488
2.72473477467969 8.326674683294 3.6698327976124 0.820490788151707 0.923644441286707 -15.8271500310044 7.42755920016112 -1.17389575350207 -4.34914824588975 3.34705428543648 1.43042001903068 -0.607858988029647 2.56382912297781 -8.72204324353841 1.10451155963297 -2.47783163799188
1.31783844353239 10.9685144865134 -0.567798255472105 -0.888867379517468 1.12621693885077 0.696643560998212 5.20398922112166 0.213655334010092 -3.68609548108117 3.65780375311096 5.28578059566267 -3.43824212189516 4.29909613039004 2.49733615533372 0.0619835314086807 -12.5279138362564
-1.0517322246568 10.7452436951458 -4.030853997314 3.7099777766702 1.6282521461114 -0.0331757944702667 -12.4306155922629 -1.84257042755614 -3.9957441759039 1.76260597405587 2.89843529266332 -2.91086891037363 0.20726979092996 1.99001416923136 -1.25839584127674 4.2574393508284
-0.579162057581194 11.5461502049687 0.878973913723377 0.266371323371607 2.21497749576936 -0.439871580025736 0.166537900680895 2.70126348099299 -8.41803703830965 0.950664032427687 3.61954322350703 -3.08288086272147 2.07863012117418 -4.57893161043907 1.10324621335591 -13.4014673665967
3.43981202913012 -5.6844840769318 0.430897080037485 -4.60841146305249 -1.49509133825461 -3.40030660626543 -5.732854187727 1.92691732496308 1.79191766835877 -4.62625608628343 -7.54512288492207 2.75964098220193 -3.06778511923664 3.35934808653647 -8.63953072239593 2.18989896050475
-0.785127758050652 10.2509109835399 -1.99351176813551 -0.842038786465028 3.44074052210785 -2.28498267058116 0.852923091511973 3.01081620728664 -4.4627582847579 -2.60710390887535 -0.00586922193079209 -1.07555130863745 -9.42978306614282 7.59324240875363 4.82915345208744 0.498927683866718
-0.783711048244589 3.6851543489457 1.54796016228674 1.68289154455882 -3.52259907107841 -11.5801258739783 0.186803508069277 1.15509296317737 -3.08160975427801 3.54005876175252 2.5026417518664 0.137730313761157 3.5790929923302 2.48255752862106 -2.16086953904702 1.79439732920867
3.02749080629558 7.79107240387065 -0.657364614417772 2.6380181957217 0.959182439553499 3.66202684597216 -1.77848489380748 0.83507118189545 -11.1430581867937 4.28430115699431 -3.42719808880012 -3.92894849894834 2.48139456317064 4.86067683684108 -1.83455719277125 -0.840002956821523
0.626055097105677 6.61949601427017 -1.67369801007926 -1.41638992843159 1.54348302669904 -1.19554564274554 -0.586696256888715 -12.0058737225937 -4.51104008361646 0.254736497391997 2.49919726608442 -2.5292093024254 5.63585493728513 -3.08307323195997 1.60190510228576 -1.97370322283223
-0.0394557384468752 -3.5721897194795 -1.98447654481041 1.08669643132152 -7.97944461800738 -5.06750347178349 -1.62833168966331 -7.71821602940704 3.62662144823722 -1.27520466749789 -3.23027596287591 2.73835070513913 -7.61036535848681 -6.03732618516392 2.69975880294027 -1.69109139938572
0.306966201467564 10.6357345945984 -4.94759840567588 5.6752894385914 -9.4992844552596 3.8994734519056 2.70833335421299 2.06595252785554 -5.92518773242468 4.69334975244966 -1.85600221661023 -0.577046212951059 -0.0411803386281373 3.75944382255929 4.73192253767028 -0.673761956556057
5.15123961427993 9.88498429053721 -2.4385927562087 2.0929768899274 -10.7332218372432 2.93860915691855 -0.959926415395201 -2.54909756185401 -9.46434369298138 0.616578519108638 2.3796290500152 -2.19968368072816 0.371932108117456 3.37860145611563 0.718400681725553 2.23376042607279
0.74965764407801 2.81105752341189 0.126452038577618 1.45966782516353 2.85054855834033 0.679595445990824 -0.182521728940708 -0.352461145070346 -8.6010337559947 -0.266225398582794 0.500861889489146 -16.2097736934931 0.749276845399599 -1.32637288031466 -1.55061405517651 2.57655200750558
0.778801982295164 12.0937489513766 0.347839394323537 -11.2237827051982 -3.34152904120718 -1.72259299299461 3.4018498668161 -0.365704440679746 -0.0736217564844903 -0.125772778937798 2.96895063011354 -0.793270452169207 5.83957742485862 1.92855440034786 5.84907369477602 -6.58490441011702
0.814620624806025 1.62946921544694 0.324455075916255 -0.534077151755903 1.53695901701282 0.704571900312268 0.142349451496058 -0.434906586739011 -19.8410951663748 2.56221874573402 1.05281568733657 -1.04819181745871 -0.185082763818335 0.336494947599481 1.10206724639627 1.5049880441815
1.70041092547187 9.09765984876585 -0.475864463766838 4.83260617442298 2.98511143901128 3.9333267254141 1.28895662925418 0.452511824651433 -6.67382057420139 0.454813033328681 -0.619792526347154 -0.740214817547374 8.42028999660441 -13.571392125337 1.08644606845672 3.50621271987303
0.0605167976651289 11.2207474915989 -1.1031945211118 5.26812587722602 0.530060083433272 1.66499038303725 3.18256154800203 -0.167868935326429 -6.35008054518401 1.74643433035797 -0.9491343300304 -3.09133208474191 -10.9094747422204 -0.551127521100932 2.53783643545244 -0.0925389373502066
-2.82914867591677 7.26353441007314 -11.1009681544464 -1.81618820281077 2.58262540551734 1.637539119734 0.0977633904172523 2.54039807315022 -5.42147264302839 2.75069978973071 5.54390321042609 -1.4928902129611 3.1575151278719 0.333324522193735 0.444529335014735 0.441296918242553
1.36644213523815 17.1543925642966 -2.95309999531154 -9.60193755024137 -0.743643261394061 0.208146044708479 0.581612465498315 -0.442152973621193 -3.433320700723 3.48443203361295 4.60973137990616 -2.81342770360735 0.994244336984007 2.40447296148663 1.69720505100307 3.07103943710991
3.72169936036348 7.20470577340544 -2.71314416059621 -2.87380809220374 -0.263817055572715 -1.2973940039556 2.75920888116764 3.70349413786955 -5.77734459033871 4.98594879728365 -6.39799985061487 -3.26713963468853 4.71891090952567 -0.246726713409997 0.317160694836204 1.53038217592091
0.296560982548578 8.35825069959535 0.337629635134153 5.15844751261371 -2.84859037467589 4.27659203516384 0.782587475111163 4.06315094295988 -6.5899333079782 5.53103103776322 -9.02889993862836 -3.93845301850651 4.55915948479477 1.03849965534552 -2.78384823974157 3.07346827465697
2.39485654911907 9.79745562912196 -1.39225455382449 -7.87902056858492 -14.4978243525343 0.448012099950995 -1.14041061896759 6.74308325377948 -8.22244532032536 2.25111343536681 -0.316873512650813 -0.949641713388641 5.72785803586735 1.14841957444879 1.36697489877986 7.34856551286263
3.19210062881651 9.89700809308112 -4.58389568254361 -0.862299704816905 2.30719782455314 0.987056678288459 -1.18454033296893 -1.89006348858936 -4.38685938833662 8.21322758837396 0.500092446975128 6.66555289798361 2.15413161847316 1.03020474322812 2.43853689590795 -7.87912368110937
-0.179763519005432 2.32069929372796 2.33767983894077 0.926262641568433 -1.20455463958074 3.44797622467386 -0.885648804268054 0.863804006178078 -14.9817899240637 1.41525852831236 0.26473653829108 0.719685045847898 -1.29330280523421 -2.83388347575245 -2.77535626310442 0.559359642736185
2.33041164425943 8.33842608696999 -1.67752359325319 11.1823838527931 -0.0483898735474778 -2.29162616195614 -2.01279696878095 4.89351067570356 -8.53199038151647 6.80708895813898 -12.4805259071834 -2.26767826524958 3.37038757720013 0.60681501443621 2.61469680155706 4.72142870136587
-1.13538079577145 4.6387972977099 0.312767891949749 -5.28131416917033 1.09782850561055 1.84170877147442 -1.73916952615138 1.18674175100906 -5.41725377122078 1.24500076577927 2.97216497016338 -5.651039569986 3.01070897860463 3.0652222375316 -5.1721271427442 5.2855553017792
-9.79741504281194 12.6570031376579 -4.61085150217466 3.61011651076875 -4.07229108694513 -7.093783143916 -2.84507111753993 -0.597296021958943 -8.07348776913772 6.38140009194322 -5.26785504264922 -1.77224472408963 3.71318821440128 1.22240631671544 -0.776379492624785 1.35743047567481
1.10282224973632 7.68374323430664 1.27113451577417 3.74714019252368 -2.6682713359262 1.82350658862257 3.12763760053197 1.23517202745619 -8.05570586369768 -0.17389757800036 0.953527803176524 -0.593687640872201 -8.45732790673732 -3.48585554927494 3.15210924745787 2.24647445028993
-0.413800326847121 2.41862226347124 7.09089632319632 -0.0860798424352931 1.07269671205094 -11.9794004767159 -0.847274521496728 -2.82517273510478 -6.76728358643575 -0.649534224566134 1.70019420121988 -0.781151395085115 0.284857972710584 1.16106945364299 0.612945223204762 2.27570176263316
-13.1807056406131 -1.09025456310503 -3.36487992352927 -1.49605244949825 0.328773539615714 1.33563001910349 2.33828153528919 -1.45968778537894 -11.2208338944877 1.978982706516 -3.59415368406469 -8.63963726722153 -1.93601053661381 4.45043146501085 -3.44415062791414 -4.84759606733563
2.41520665217877 0.726701530124936 -0.288849379647168 -1.69677537344603 2.1416067509987 -1.59523402026331 3.10046827992341 -0.0345099732598182 -19.4545556837243 2.09243070711321 1.37610314508936 0.751622371666971 1.92368670727424 1.72893579856957 -1.87293118890052 2.72661116792731
-5.87288494470397 8.34539995031245 6.11611619840113 8.04925792897455 -7.99039912514494 4.5909828737764 0.556231365604272 -1.65246530969569 -7.44161180532057 2.57860874783774 1.86011059465213 -5.02180888112279 6.63253083730744 4.10072792502766 4.31275641833673 3.30245112922341
