x1 x2 x3 x4 x5 x6 x7 x8 x9 x10 x11 x12 x13 x14 x15 x16
-1.92576461792587 -2.90844022036817 -6.54666146517108 -0.794829269796792 -3.6032976243447 1.40578833565522 7.21067653034861 -3.20044866271945 -0.511030409466475 -2.9408610708826 -2.7551594216132 -0.574375368241892 0.791732125044398 -3.64139930557134 -1.19310711337174 -3.277512612017
2.27742866023995 1.84970072049543 -3.49225156437536 3.31415484830298 1.62854555923765 -1.25282311171028 -3.38581922297796 4.62267094318217 1.29426365114295 0.98239285515224 -3.8343994937616 -3.3172092196678 2.19338772623758 0.973536104070902 -14.4073614227775 0.748240505041933
-1.70690273153028 -3.53465402185136 -2.77409628602541 -0.714436305994443 -3.93907728112226 -0.238287074797066 4.07430792021483 -1.55940496223646 -1.01592392783046 -1.40916927266087 -4.76996479358754 -0.596289831279107 -3.72752615792178 -1.98932676378499 -1.03184954108727 -7.12205987614201
3.77768841291357 1.56949422072562 6.99972196107258 1.23790690618463 1.63349338888853 2.60119275512079 -0.129704760973505 1.75650258507438 -0.627007020520545 -0.495147858572053 7.46420428151231 5.63000882028379 0.226426033839532 3.09980760101887 0.283332984075446 3.81200098485591
0.668190251451931 1.7915286825138 -10.8604872504444 -0.734612187466455 0.56390994538941 -1.00256375171213 0.328012820235523 5.63558146372625 3.23441034224686 -1.9487423310076 0.175120593507928 2.05221065704764 3.86667371693666 -0.215078356063119 1.56358780965354 0.643334157559404
0.590550537956495 4.69920463426919 5.72814567556757 2.79053811379928 2.44936154553573 2.06459958188054 5.00504983386462 -1.02339080342377 2.33258326572083 0.447233469062784 7.15417990759222 9.56727245764079 0.936294238721622 4.38107783087192 0.324310513139235 1.09163952223005
-1.1569432305644 0.0689772653219025 -2.61934538677239 -1.66590891219193 -3.21797667176975 -1.55911536086267 -3.98400856273011 -3.80846264817444 -3.93808164296985 -4.21463350455564 1.56808190897222 -6.7935276643418 -2.50269643017524 4.12469054103552 -2.94779083098278 -2.39675177796226
1.06452931390023 4.73973519400108 0.875257374551966 3.81538870821994 3.76000985106033 2.0896329835884 -7.17088958307179 4.6672410170216 0.0174344468033476 0.936074517505906 2.84218233874316 3.71352355493291 1.77774766149831 2.11867582065723 1.60523901471694 3.94461857896335
0.669990737713195 4.1199872952614 2.68221237989567 2.1625100190297 0.863647619114907 1.05396516754556 2.48273516941928 4.61603425420411 4.63225624812359 3.11869283201775 2.39187315805597 1.17813672281173 0.713803504700882 0.92587822131281 -0.0988253245513513 5.41943738722906
0.286165487760636 2.13070221879901 4.53712921590783 3.73298514241731 3.32295211581816 -0.625149296754612 -3.50585673527737 5.7113060051729 2.62528548020907 -0.500599851662915 4.69680516618637 2.24560590000422 0.614042085754905 0.247765718515011 2.30861230820664 2.80666773673053
0.619057886925887 -0.506131608718271 0.706598118377044 -0.999246990818924 -0.328342955363792 -1.20276081325144 -1.12402307204357 4.43266810156139 -0.484108434835102 1.47193849979281 1.52306886396619 1.69430481245207 3.24168152066092 -1.35644585849504 -2.20188267037232 4.62854021551444
1.54737538831641 2.3892358724616 4.09271609059665 3.8071917388966 -1.17277513820587 1.90246152890408 -2.68324131231489 0.926127053275835 0.644325755059112 2.5823408358946 -1.71376314346264 3.00734892973379 -1.25893659658911 -2.48837546260338 3.89205521215079 5.37582549290603
0.119794946937421 0.790516769720085 0.952317412121367 2.90053982662527 0.313516527569654 -0.928020663308634 2.8416190137329 -2.0335544073798 5.47590846948714 0.496194521552799 6.14525811258973 1.65303637974754 -0.880008035316537 1.29722590309188 2.51505724549013 1.93136102005888
-3.43814046122373 -2.11827394323075 -3.24373931518686 -1.88849015581637 -1.27539862932686 -0.694631920674278 -1.16637971344979 -3.96674731512409 -0.845427802517461 -3.67155947701073 0.154779222566578 -4.82922719251819 -9.18805716325675 -0.372537002680388 -1.4475746377741 -5.38879570118958
3.87437819965297 0.70278546310843 -2.79213599322598 0.463434704900542 -2.24342044254757 -1.08683852195984 -0.246831325149545 0.290030052863075 1.49935207958257 1.86554702296589 0.230313096466268 5.06384003894653 2.4956766486109 -2.47468317100369 -11.6640260727308 1.88004495657343
0.888492383398245 3.69469410550434 -1.90894877946446 -3.44390434261996 -1.62145583882961 -0.445357330940896 -2.62448926411324 -2.34078897768607 -1.72599409050944 -1.58292363036934 6.08881812961611 -3.95340063688001 0.796854456081302 0.889710324876308 -12.2048416137638 2.12874286922625
0.321317238287317 3.41140491982233 4.10540474173722 1.31640908233847 0.280954426196063 -0.453904072690442 0.0629089023461457 -3.04653960156681 1.77364435691216 1.40713175308937 -3.67588852168098 2.42888187702975 4.13574337243849 -1.47113069882829 -1.22891607498455 4.34810679092059
0.178616783673616 -0.242179076774385 -1.6223990790286 2.21334129745413 4.45948652580054 3.40375072573111 -2.40535357543138 0.341798943404942 0.238378007591782 2.53959433254801 -7.45225093693011 5.75403164027908 1.0001036153355 -0.961278576797234 -6.88029851459579 -0.975542842527217
0.405707276516082 -1.05671100281363 -11.8294086284143 2.3524841847813 -3.32511806383935 -2.23020341788948 -1.88578584108579 8.04702888815067 -1.14006593182899 5.10758072628984 -0.681328878399026 2.97266474127307 5.52752823661438 0.030559947367543 1.32722572131118 1.16904094606755
-2.20188293886826 -1.1896414939026 -0.00132965354208059 5.82567170105204 -1.56052480715434 0.20026385906071 -3.12737575619199 -0.717276661882136 -2.20996375453769 4.59743952478661 6.00029049324001 0.485845783875555 -0.929805100727663 -1.35746183547001 -11.8707078485322 9.88685279461958
-0.670571582035934 -3.99751371783469 -4.11874990466009 -5.44049732529881 1.51772030480777 2.61336003518436 -3.07978987247079 0.238017701525449 -1.35362398994147 -3.19219160600904 -4.37243486067078 -4.19318176170876 -3.41528122465474 -6.33425103441867 -0.698350084808472 -3.25790407898203
1.56412442018885 -2.97154634376556 -2.25693318203378 0.548449299069218 -1.9485118610331 -1.05879237671889 0.0608306169063759 1.8624035824472 -6.675449284664 2.44596311009084 6.23610713830844 3.94920389886068 3.33605179287392 4.13078762693529 -9.70181421720322 2.56381077186452
4.30200929207239 -0.776339053664704 5.59388439488937 5.78573677893401 4.05694930217369 1.58564692489623 0.0459842779351862 2.51320977847663 1.4675205103515 -0.244035406597838 3.53843102037085 4.88439186914985 2.07427190239566 -0.605889612572817 1.3337934838358 3.42901107298272
-2.23808836443011 3.37864737384737 -3.29005715537728 -1.99429539313692 -4.32905754556791 -2.76028748343712 -0.217117058248154 0.528619544183988 1.72019359381867 -2.98460263702061 -2.68558380521519 -1.60586841796405 -3.04006045921533 0.643344440540908 0.0943847760867993 -3.01511764687699
0.32569125382985 -0.22059479778149 -1.75204667371854 0.52330975830994 -1.11792539770746 -1.14263491295876 -1.75443452446814 5.26301194954836 4.9054794052019 -0.0822158885290648 1.27160635640022 0.969673091680075 0.395959558213365 -3.07916041372375 -9.80795484290291 1.93144466612812
-0.247099656072596 0.857124744566399 -10.6531952605251 0.650718782630407 1.46785836210174 -2.85723783526109 0.0113715722779089 8.94433374274528 2.09023721723832 -5.66900820511487 2.14219698210852 0.91514456271703 0.625798682068177 2.85853061082505 -0.158728527732208 0.674065024891332
5.3623876617958 2.68174336384636 6.40904527314305 4.03200798602301 7.06338093698809 -4.30507084130295 -1.91870898415608 4.85004618645517 4.5228217700075 0.0310024772092334 -2.48792034048156 4.39264058500663 -1.75889787840987 -1.09529928665137 -6.67914417399733 0.134920604762168
-2.58249509245667 0.25310592522934 -0.940445907809898 -1.01078455135271 -1.38055277393278 1.08109058883566 -0.578973660066129 -1.10784093018969 -2.06627591809196 -2.19266149035181 0.225335147489852 -3.6522777287824 -0.930502019367748 3.4651308752009 -0.473631985549597 -1.04643993261985
1.98228959325293 1.28162138857614 -10.4346745713565 0.383695127369202 -1.06854256106098 1.09697306604169 1.64542746834889 7.85675793929291 1.77396429637878 7.12931863288391 2.16735251193425 -1.12449109620169 3.91194408904978 -2.22962272886862 -2.53695180522715 1.71167275284784
-2.83187737836752 -0.670562835516959 -2.33363719519609 -0.240220139629021 -0.349023487955531 -0.260762382955248 4.62812354029021 0.106938607780693 -3.97862798505415 -3.81197242670398 -2.99008704969313 -3.06243212746604 -0.301390133273828 -1.47641375293865 -1.47374014092511 -0.343100238459199
0.120130987465183 1.17217492707965 -3.73136721647398 2.65747087108127 2.04980439101405 -2.47492178430532 0.396505459700295 0.465870261947671 -4.4496212221674 0.76548455385789 4.40658818170248 1.88682198332647 0.276247748000706 -0.235195045447914 -15.3981766565039 2.23642196084573
0.105176959078072 0.151501687490232 -3.84493655179591 0.633148722607512 4.11800138831633 1.40854972434622 3.25527279261885 5.79604151730826 0.760627575651911 2.4724699300554 -1.5694151608338 1.61669897870708 -0.712022166480829 1.50672613195496 -13.771761163656 -4.58565297165355
5.12748896863804 0.593352637827826 4.35514311365077 1.75779557967806 -2.01920837727577 0.656933322985646 2.05065593262852 1.433115901603 0.535572611242143 1.9755210226997 2.21045423005028 -2.25398390283269 1.88229654019164 -0.280647275599461 0.417560210443923 0.3884397169803
4.23686146849965 -0.0766083511946141 3.39173476724118 3.64601809319551 6.14243688787233 -0.817265992027874 1.26617078558445 5.61544964727486 1.87451477443662 4.06929446370969 0.742533242805223 0.68911860471903 4.85986270104022 2.12575601026086 1.68551849228104 -0.179508712175881
-1.3116817064671 -0.172839108699063 -3.43899338551178 -2.81933595689678 -2.50196815776617 2.0950482572914 -2.11320827506211 1.45235989810523 -1.31965334942871 -1.91072011991314 -3.13761550396572 -3.08990946700044 -1.70373928534247 -4.4056830674129 1.35233924972369 -5.95214334073599
1.80903829239346 0.609743126229378 2.29103372844504 5.15238059581938 1.1313521950062 2.3362763588887 2.46973626089994 1.08296050510768 1.06387435802827 2.23394317820189 0.228772811640921 1.41993622574215 3.85306433556907 -0.832400051526198 -1.39280427509404 0.799459052182232
-0.138496306375015 1.1136124970887 -2.14997350574873 -1.78977429427912 2.21649085576783 0.402870808114839 -3.64833655541431 -2.51953683441065 0.690148742922257 -1.14326568685921 1.17056300644254 -5.17451329526314 2.48219329177038 1.04009037757209 -13.7962070212376 2.01575775417636
-0.143243722501338 -3.14070214262255 -4.74006792328629 -7.16932391773632 0.974706299994968 -0.825497436875177 -1.52614043723497 -1.81432924576106 0.832526424743301 -3.21940103061307 -2.51017734935552 -4.95643493015631 -0.631117550272043 -0.615050842903926 0.741946663076351 -6.50327536670876
-0.439732233708452 -0.401101077439657 -1.33948710745333 -2.51033098496448 1.10456009489342 2.55793906317401 2.00863969110482 5.27635652320097 -3.96091412252802 -0.169700429995173 -8.75401526680252 -3.28353845636373 1.935281219677 0.96702637412693 -10.4268693315382 0.831778707881171
-3.18779733703245 -3.29176683877316 -0.879728359281642 -2.69079728784055 -1.2149982924054 -0.120616790082972 -0.76026757431929 0.053315654981777 0.0814073816757124 -1.38624423972443 -6.09527800598295 -4.47911090038948 1.0729204208114 0.57385296447729 -1.55623713401757 -0.903807863315769
-0.141024769285902 1.94090109546287 -11.3008296329376 2.0306265277345 -2.812388327654 -1.25901362861197 -0.414022287426751 7.72658231761306 3.05298966220626 -1.01806569525453 1.27030696854611 2.67688401013301 -0.928469451080147 1.23419176859768 2.17222043750225 1.38624644876001
-0.392895347909215 1.05152723222405 -10.5095656293911 1.01195613007088 2.2059371794263 1.25557268472066 2.15186077793749 5.12065425382248 2.50690915484189 -2.17884988615871 1.01875693553207 5.73008853839896 1.75483904345993 0.227809798256192 2.52261567524561 2.69884804741437
-0.883203885057936 -1.84569341677324 -4.59654487479868 -1.3597985680415 -2.6057473002149 -1.31132499338965 -2.12996325316037 3.13465541589755 -0.276672780777532 0.278869744884315 -4.64145749795608 -4.30464698751843 -3.97592247941299 -0.985685695795773 -1.47901173291508 -2.02502073656806
-0.00692076720175522 -1.40435645523982 -4.34511046945077 6.11491211039422 -0.551764955390186 -1.34513208437888 -0.466835632890358 2.10290419709446 -4.61973914028112 1.21709762890904 3.2446819345963 1.66328186135538 1.61307133925858 -0.834904684959563 -9.36299904044118 -1.13996143939869
-3.39564494356575 -0.6753770264773 1.20434451299429 6.3904474187719 -1.2785618987062 -1.15629447575929 6.17128970331969 1.78649416967489 0.700511485935061 3.79003819513021 0.846622967506284 7.25511339143006 1.03515350636721 0.662344043154905 1.44708295947432 5.22383298672427
1.03729395473259 -0.626235367456163 -2.76738224802305 1.61682379503849 -0.895330895701506 0.0132890440923614 -1.31846296855889 0.957478325891364 -9.62003673232369 0.033047574425823 2.35955707257665 -1.83118743838105 -0.30115120912633 0.158800783988093 -10.8170336399721 5.02348652466022
-0.47057225491058 -2.93870258785619 -4.10507777074635 4.44719960915366 -1.84767381341412 -0.995516640885625 3.60157346590483 0.081315138183546 6.58179984391854 1.84405495169429 -0.77754488644824 3.20160365388698 1.18787710467224 3.50192084987973 -11.8289490004062 0.614346051718604
3.35265235392224 2.4715861206396 -12.4883003290877 0.072828412080592 -1.8206535314086 3.14517401974888 4.45488292475588 6.4384793915164 2.84318945085984 -2.78532154186021 0.703201444787193 -1.87650388874278 0.682888452682536 -0.483399292412119 -2.30721180002386 2.59863128489346
1.36794093157942 2.57347809449916 -4.07489543541774 4.12632953777829 1.53638292254201 -0.854196030198037 -1.65155428895062 2.31137299832945 -2.79627705757461 -0.220204637746486 0.598488114055249 1.17603464899645 0.453385367129949 0.680539244806612 -8.09237979924736 4.34979533438522
2.63979588324791 0.949516354702416 3.97714651910654 4.88731628428998 6.41140344433866 -1.3320810391325 2.26798049769046 2.25922786318022 1.81447702056139 -0.423971335673407 -1.60434475276213 -0.776310138023452 2.78751704291668 2.51694014100797 0.630763161499455 4.98713516132065
-2.98398994885199 -0.128848297312606 -2.80334569501566 -0.423540806907083 -1.1217474920402 -2.80997538992434 -2.382503986158 -1.78166988058106 -3.68032707660119 -0.773869729997912 -2.5312999816884 1.87550633583321 -0.0505198806395515 -3.00263455355704 -1.39531952348105 -7.51949012492204
-0.526338698024597 -3.8156801768593 -3.71549238961226 -0.637172838488916 -4.64093650308492 -0.333985302714409 -1.24924513782996 -3.17099281730576 -0.192400400970495 -0.911047645374693 -5.0844267297732 -1.53181730425515 -0.65876781016383 -3.74049179608506 0.670556642525717 -10.9321060584304
4.25165186655816 -0.133400313049321 -2.64762857069574 4.00384292141792 -1.61069770007968 -0.669339120333296 -2.24649440051949 3.8816279836099 0.440558087397926 0.303040878221932 5.17688581431733 0.975957273142418 4.91624556862042 -5.71004975267174 -10.6228996877929 0.950955111522473
0.241811991379287 -1.13337213687587 -6.26338996264657 1.18042061256088 2.25544742174732 -1.50326485471729 -0.216995703088916 3.03904831214656 1.05058856420822 1.4184836600927 -4.74473491876626 -0.570423314742805 0.604388564142596 2.07823728388489 -11.7050608073833 -1.57560647475967
1.09911425277172 -3.70760180736587 -3.72705880498169 -5.05168448470043 -0.42317929546087 -1.46767293807565 2.3777044150029 -2.1112571865863 0.636166515000934 0.104710779061879 -2.58584404448068 -4.36033958044843 -2.40220734795845 1.65264304650332 -0.994653360334228 -3.13572716101645
-1.20375337535695 4.19421508847795 0.497367072114109 3.43040844218081 -0.105169605061931 0.894207087022282 -0.276841374677071 3.05299563706214 3.24366561075167 1.86578938992771 2.89909681099263 2.51381406594565 -0.0205805226805129 0.066337818656853 4.97843086017477 1.56422115216352
5.24312082901765 2.72229480060863 -2.65712435119109 1.5449440863252 -0.599736875649699 -3.1656319645999 2.92982845712086 6.98383746642827 -4.51374180466613 -1.26229828117377 -2.0164028044979 4.8624981170254 0.956946682822035 -0.146107996382518 -8.7200457573456 -4.35575657819654
-1.4137452024899 1.1461352252773 -1.08455235383208 -6.82261508551619 -0.35691962717201 -4.47811103477177 -4.21511347455631 2.27732457641687 0.654895390891061 0.937749781821936 7.81069590392151 2.54598489742695 -2.33619213417407 0.9232821195503 -15.419749211284 3.47382696646276
-3.24215804675245 0.201875132575605 5.06619227718701 4.80623017524989 3.79992252508408 -0.886057478704453 0.572070413520106 -0.956047840194195 3.10846961212828 -0.0889429079212611 3.24811930427624 3.14083150862148 3.12651161046467 2.08804400724626 -0.160780440225132 0.905935234490394
2.77387949354788 0.713859926435097 -9.13717045370267 2.75329059283557 0.327630988552048 -4.24572327863843 1.03738993911616 4.55375749388292 1.7349635175476 3.78873016456101 0.442736289819559 2.81713373734599 -2.4263559919638 -0.947732995887114 -3.04339127664826 -1.55682031600614
-1.54160638372709 -5.96055076158071 -3.78274937682026 -1.09126185599619 -5.23401593034375 -0.198403321936059 1.68181306885742 -2.92176770471017 -2.48894397187555 -1.70093476688328 -0.846107281870956 -4.22309473287786 -2.45194427130524 -1.84110889068243 -4.72365329261798 -7.3607353963827
-3.85196387822234 4.06298384380894 -9.56407526467186 -1.59465339063057 0.226813769113995 0.330320341830874 0.0598379240400614 3.1886480037219 1.26613601633688 -1.8389832595317 -0.0239041462689876 2.54734804901682 6.25235176078822 -2.03038401902724 1.95095616625329 3.22708793078781
-1.35499303814545 -0.780881838568952 -3.2048848767529 -2.12862345567411 -1.82735284044484 -2.02930596236506 -7.85283008372727 -6.91007793584925 0.294174948197851 -2.39119199552379 -1.87022068421259 -4.32477140913086 -1.35974951912613 5.9020239702578 1.59716310940489 1.21713991145511
-1.21985855719845 2.39362834383355 -2.14185708262815 2.03509031896044 -1.30791852824519 -1.85123889353479 -1.1590498641594 0.811341681519254 5.49031774170294 0.072894256357555 -1.03407720900364 -0.730831084281583 -3.27339604314517 3.68943558460578 -9.99951745101741 3.57351019058747
-2.28285431761184 -2.73823824719482 -3.22875425431217 -3.10104348950882 1.7185119922311 -0.523338403393747 3.96946616728191 0.341160760798027 -1.00577747268131 2.46863045917627 0.535126466925562 -1.50623763695449 -4.79011688669664 -3.11148048023378 0.969488963565397 -2.91621005087622
0.590325866981292 4.62306479307058 2.81930172179691 4.62287758738356 3.14069989547312 -2.50706529085038 4.68201587255168 1.93872242067949 2.24671331287226 1.45042116969607 2.57298391883006 3.53984889855273 -1.58989215518866 1.25951321636993 3.66323686161815 3.1470561387665
-1.61427364889999 -2.01606416393679 -3.63364439017115 -0.760846921712754 -0.901418878090971 -1.25154843743988 -0.666224250452244 -4.44849778016001 -0.70752263883368 -3.36973176167058 -1.41700733318247 1.73509989683629 -3.04567900333145 -2.06771925371118 -0.802066398272827 -1.75209675419523
-0.00638061068194989 3.34921566704924 -0.652328579076201 -0.844962411874355 -0.849912342554791 0.164575379750322 2.86429855104717 -2.18320914080348 1.04236709318758 -0.155116154765108 2.52404709657445 3.80217994144748 -2.18640655238848 0.353889512781928 -12.3681386115312 10.3711273576253
-0.692187695623643 0.880586084536738 -7.56788091413497 4.6062965760027 3.22199263385434 0.359492756939899 2.60780827619984 7.70516314446383 -0.109698873615374 2.19767310907558 1.81667571860384 2.65170235737781 5.23806862942123 -1.49759390748792 -1.10918523090689 2.3771847575232
-0.632769901434624 2.29037282687815 1.87158030732186 6.66958013301728 -2.89376442444389 2.95005392639484 2.39101627123751 -5.78240736675978 0.859293938653087 3.10722549751775 7.64343266153935 6.13413318791377 -0.878398257196448 0.777750284410391 -0.704733234360572 6.0013031037748
2.79681245026203 3.98145658765328 -0.468170343577488 3.85019703657029 -0.42735310417701 -2.06544472599009 -0.35104410471712 0.72754363412738 3.47083561285861 -0.110398359704612 1.14061293921223 6.1180056467724 0.223015950403435 1.21522320988754 -1.34521668429118 5.91386546756396
1.52344282244808 -5.63224127084017 -3.51183685674445 -4.55387285793403 -0.144974007608492 -0.996641612299892 3.02777501566461 -0.121978559553811 -2.61368223743535 -3.57384091551304 -4.31620068007218 -5.49146187076494 -4.24790197623599 0.218044768758921 -0.0182414377784126 -4.08148088153785
0.398167902641928 2.78249470453037 0.728884325002423 4.82335798522715 4.64007537198582 0.766632936137828 -1.29787455737803 1.7801557339658 -0.614372302389793 2.92802912419284 2.97207823968601 0.864227321883432 0.906573022602278 -0.600980205732815 1.46175143044638 2.70753871185901
0.805047468878782 -1.89168006351846 -1.61519884741043 4.3768848870097 1.63372209820734 -0.682116309758968 -0.0171926500308967 6.0334260007625 -4.97006389092118 0.577426400894371 -0.21999044876032 2.73489828399216 0.987402433013015 -0.500299472371412 -11.3723611430781 1.66084087720847
-1.59273608893986 -4.22664904840888 -5.58105470386417 0.86206333888339 -1.98709661261224 1.25904488744395 0.616396123243032 2.75003381423888 -1.11787653564005 -3.3678736961416 -3.88466232252694 -2.03955515326442 -3.151821336949 -3.34008750071947 0.850588712954004 -8.14647610307152
-4.41306239548929 3.12229044659705 -11.0855523419935 5.49746064678785 1.89936316501807 2.481100601882 3.81341798560121 0.0547528583279062 -1.19586738736685 -1.03093429597745 -0.0960888258994652 -2.73668146295869 5.64123335908387 1.93999443144852 3.77682857163964 -2.14949232165379
5.31766101669052 3.24783973278213 -6.80300888591192 1.69624828969261 1.78171605395728 3.72211305369139 -0.408517042293486 3.56151962508582 1.74729985211965 5.15412628670217 0.40519771199923 -0.462663685399874 2.84430135068928 -1.55170669348462 2.75558412424702 -0.859556067796146
3.15449799769612 0.279921825857213 -18.4780186209032 4.40456373609922 1.85696180052246 1.1202605164791 -3.22852842521974 4.91045021626054 -2.5020292050143 -0.542694294946385 1.90661259494476 0.32960069269389 7.56293841888253 0.747716262216014 0.739903961699084 -1.39630459289815
3.51376302189663 3.50935748762889 3.5812059254772 2.88033445257659 -2.85656843975484 0.0524346683612368 1.49515346003139 0.763820307145904 2.95770186596326 -0.130731907475614 -1.49040287379763 2.40018728430151 2.04120324665111 -0.670045349691708 1.31095863231322 4.86687761945003
-1.30420610231971 2.24521506613333 -5.37896804493256 -2.08280792541951 -1.05603735307737 -1.27127758634722 5.43199797736912 5.74361441839255 3.50792635685899 -0.696052543179327 1.08411045508684 2.11703865252461 -1.17586692911576 -0.353411453195535 -9.12127012589428 -2.43319616186326
-0.496555442024913 -0.114094192044066 6.40479833943363 1.14128927921737 3.07974455980639 0.583330185885289 -4.34317110716529 -4.03596523919474 2.70488220215021 2.97098593965724 1.2332464975766 7.96112369882707 -0.747976592341977 2.04113704408902 -1.13596232659998 0.550798019765227
5.09165331615946 -2.85108702048402 -0.00437896288717932 4.0341282503322 0.771328622049826 2.1333791666398 -7.69179805788758 -2.82553510748451 1.75250894180256 5.359750498532 8.12865728828496 2.19792337406595 -0.512584252326065 -0.0719852249281018 -1.31411500834979 1.31870993457525
2.09103159942304 1.36326721660622 -8.65307272649697 5.62013730220791 0.629114556607698 -0.26325293724487 -0.916530168670638 0.646697508926386 8.29856944240643 -0.208308795710654 0.343084823298854 -5.83001169682081 1.71340382804662 3.19880868044668 -13.8637358008209 3.38741881160328
4.09007033253064 4.5254000428225 -13.0753835224819 1.33654907078713 3.30738507851652 -1.54804246953067 -0.762618775198829 3.02610144431582 -0.137534360758512 2.42221404250504 1.78676635863548 1.9519437933467 -1.56817147495411 -0.300860920752736 0.905805405256183 2.49320190206327
-0.985855361226271 -1.63750746580125 -4.17744089924084 -5.97344695862396 -1.62914067025724 -1.04408778533678 -2.10609983830811 -2.14815427581296 -1.60866636547394 -1.43562826815346 0.443413201576639 -4.19710894947933 -4.83772319986486 0.938532905583838 -0.320857324026028 -4.82465782955435
-1.51812503623773 1.24999864086744 -3.82484089383074 1.06382633422799 1.07595812744257 -2.55564246975397 -3.61990746576343 -1.8770088176961 -2.05839150301836 1.61873614821649 2.59202719466698 -0.103655181995905 0.699663333467547 1.71668485789928 -8.51501959457097 2.47087977465726
-1.05990440387306 2.03079989156302 1.553852984799 1.15081493181267 3.63932503767513 0.270366844298837 -1.1202725944963 1.04146520019918 2.65866611836728 2.47411145395864 -0.837782711884698 0.265876084765399 1.1455872774024 1.86977912907417 4.30526621231338 0.47495302270808
0.0318604007346293 -2.74767766226818 -0.573552932040093 -4.51868720376913 -0.189743897667298 0.847065237496924 3.6047674079612 -1.33588803895492 -0.908402304794495 -2.11891807017114 -1.33572476269179 -4.0743769500648 -4.41685713453985 3.03850495927911 -2.84867764947252 -3.71900573815442
-2.10113017719024 -0.802980428715262 -2.7025210049135 1.3125691726138 -3.85369293753521 3.20535134937774 1.72982648396451 -2.46402834603887 1.05338163928899 -1.0119624744971 -3.71125584543811 -2.15180514758055 -2.33363792458113 0.380643637128778 2.09971687430473 -5.5966737976569
-1.2849515479309 -1.54513925258914 -2.18451332094722 -1.82251568387773 -1.66039807882843 -0.0794186231594442 -3.39105614136238 -3.06522183855905 -2.61596673309115 -2.2284409966733 -1.53980483373045 -2.03203552598322 -5.04079042242565 -3.27691015048572 -2.16800977323133 -1.10747790810961
-0.84923083520882 0.216562432640593 -16.1490625342832 -2.2259853138893 1.92848264951989 -2.23303404576213 4.60694768325859 4.80353526719265 3.82561929166958 1.85137042136666 1.77198622168827 2.35631418560656 -5.31595818924629 2.2638005819457 1.10220042015009 -2.03504013825419
-0.719817955701724 -3.22303229821201 1.43055900025983 1.74368917656951 0.164136646774046 0.118745184236449 -0.259885484234248 1.6210000494518 -3.64933440918263 -0.421597058876692 -0.0098454066877951 -0.578295309255205 -0.622670267388792 2.70209369232958 -10.0701477097664 -4.2617143293775
2.2112523870595 1.08906507707723 -4.41759131429196 4.94531476728671 6.17615834605247 0.308054043804524 2.13032676480878 1.21258161367967 2.42155780219596 -0.381730124849784 3.21879250574357 0.458488187610691 1.02066765133862 0.221998048667942 -12.3057862839431 3.73059456923211
0.777742251217421 -0.85663257194735 -1.9867684968614 -6.52685367726887 1.37740424965536 -2.17860641586944 0.600798052408297 3.03424988270979 -1.00360393909219 -3.27037276234187 -1.03262239911801 -4.15766362102052 -1.79861001039741 0.135583297349149 -3.80721341479196 -1.02657310420622
0.683937459664017 2.02627333185784 -10.6651036035843 0.931201868180787 6.98690516705723 1.37234302591261 -0.398110424883333 2.05532405166185 -1.20052214491621 -2.79624101236862 0.850562709073238 -0.0531552905895354 -1.38207021635273 -1.38688634629512 2.54865275641617 2.11112487237343
4.0379945657258 -0.0207910762333288 -9.33972939360681 -1.68311013720599 0.253541755483381 2.14836710154266 -4.99792462894349 3.09389713939421 -2.36193090950413 -4.91490829204384 0.623914867937182 -4.1293778752762 1.33344348050066 -1.25079750404731 3.28959843177548 1.42032859814262
3.8286467674951 -0.392669427355931 2.00940446780316 2.2717998902272 2.84350856900529 -1.53466519097618 -0.641167429997333 -1.30521366866445 -0.200281733404186 2.04794938493974 6.39736560945062 0.0661019559051503 -0.125766651184931 -1.28745386370747 -0.843564260923644 1.86296423527843
1.07820324518733 -0.786584719246848 -3.18328040094554 2.01594678580351 -1.53845628468068 -1.95772174866804 -0.405247929511619 1.24401762524065 -4.16166030301212 0.147955165383883 -0.301468534516885 4.7756902058867 -0.279819485680823 -0.257272829507173 -12.0046342068974 0.540177494326797
-0.402507349075192 -0.495367787293157 3.36482551882311 2.14110677822134 -2.75680601218885 1.28700314131404 -1.33709547640234 -2.49410151018906 -1.74984487765514 0.40474701883603 -0.457191368985394 2.96004073532785 -1.12738486651652 1.54992948462802 -0.289784717293953 3.61554480206094
4.87270891372117 2.91938511132502 2.02998122041086 1.95069077814747 -3.98261031678513 0.439619765969514 1.30241977891064 3.01258485958176 0.741233440117105 1.86923541421435 0.676686763039035 -0.304850780558806 1.39143421971103 3.42951290306169 -0.236758317864556 6.92282092651395
0.356882706272934 -2.50953863998317 2.7228632821881 3.03508939288987 -1.56373799442228 2.67749808869251 -0.578148892387285 -0.291545102174716 2.65588571152599 -0.189586921676919 -0.654593002554807 10.1201675824235 0.29053014395559 0.493048527531028 3.04497865269907 5.79319064962661
-0.898080969287924 0.528769964186037 -3.34756583280191 -3.03160574904905 1.45886749476289 -2.47320852938741 1.49268103274285 -1.50346460064592 -0.477923776404033 -5.9834030074795 3.10813124753635 -4.22680671898982 0.405271359773975 3.55420322202133 -1.33504664273215 -2.01181827342563
-3.22003852608607 -1.79894278535237 -2.21342436844495 -5.69893753933051 -0.808928273294579 0.796709501145374 0.759425925674216 -0.282204398002336 -0.0166543049016432 -2.12757945389386 0.146630503635828 -3.54024241183015 -0.451338743434941 -0.135448588567892 -0.822576750071114 -2.30340453371874
-1.14398917862964 0.00886168134813037 -12.9568460879574 1.08936532045165 1.90829698550939 2.28602939558443 3.88235519368825 4.23349079404678 2.84467609503937 3.96337505693733 1.44484648637778 3.69541776923258 3.37080736007202 0.659034451346677 2.33778877607434 2.769890087443
6.90854246810498 7.40889883589931 0.2611991197145 4.01835258842339 -2.27015371003977 -0.721310191755863 2.24020540216351 0.657817635293357 1.78904216482051 2.42478019924156 7.32383556959615 3.7630427356246 1.42825751488246 -1.44163159672699 4.10337498104873 -2.41122932995374
-2.50100430444524 -4.35192242700584 -3.57205788280903 -3.55543691800921 0.340843689540003 0.515947856876284 0.261130016029359 -3.99446219367261 -1.51154996601656 -6.2161154794649 -3.90530850316615 -2.03571952920528 -3.69496025880196 -2.85881282162911 -2.64567067198334 -0.101170323301293
1.86256203500566 2.6374512965479 4.17436962572966 1.63216602868061 -1.12354460780942 1.12635080082356 1.13381412920408 5.65326975762765 3.95240341518897 3.68902458590608 0.61078284776303 3.31306038432098 2.55783416004564 3.7168331450079 2.51478973278479 3.69756279559074
1.86637041855374 0.556187938776878 -2.37016997722326 5.53808044293389 2.24549227872974 -1.40429690230474 -2.23495303457123 2.53369024633946 2.04362663769549 0.816715483141802 -4.58744752099596 -2.95127928784501 1.10397332528709 6.21778787436055 -13.5448491003035 0.32983643810427
-1.82853492671023 -0.388708055942899 -1.80055725909255 -1.21999590252001 0.897453285515546 -0.245440253175075 -1.55203446676703 -1.21704845784731 -2.10172111066443 -3.21611411614274 -3.49657643519703 -4.53373023760983 -4.31880283857599 0.0649166569347596 -1.25094400397612 -6.6242374268862
-0.296250129067235 0.0173174359773758 -1.9891521032009 4.57588931967337 0.275024449589586 -0.704707688078726 0.0111248810898511 5.0588760723319 -0.548880633711498 1.27556812568251 -2.11051092888918 2.55085580139154 3.89163027856248 -1.82556238214492 -14.2154352549656 -4.91825184711259
-1.33713358921784 -1.19069173124401 0.0744276213746247 4.68077052360051 -2.28007287276481 -1.42834794012554 3.3740753107276 -1.80403027699271 4.54257998681104 3.21843865888489 3.10768363429913 1.37383284541563 2.4230802930075 3.29774658185602 1.28487250854884 5.99172215274026
1.91235288263429 0.324956264409796 -3.69994461937893 3.75159005091019 3.14704422166035 2.76085580520373 -2.15838892869614 1.63114094228856 -0.419256133087617 0.483316248945277 -0.255021168624446 -4.33829343516801 -0.561509404613844 -0.637931420324265 -13.340868962572 3.25848291654762
10.0809731447043 -2.43731793402203 1.35087818884279 -1.06213716629485 3.37276321862328 1.65007369448621 -1.19349642388195 -4.87257190355652 1.79146757610929 2.22282837812253 5.68914712677415 6.7216564037318 0.168677350882352 0.269457680835484 1.70662244565654 0.318548495095455
-3.68675008445649 -3.07475939075674 3.42849236800602 1.72086928551237 5.78886312392681 -0.175689738773341 2.53241227473312 5.4403237815094 4.35554866876183 2.7530095818691 -0.410802845342918 2.66561318864143 0.521777066858192 2.06660428827983 1.40546002084528 -1.36249551982405
2.15289699706502 -1.82699464441475 4.06918142258822 4.70000125378693 0.5033692487581 0.910224984935626 -3.85151996858175 -0.0760631184280212 -0.177031464630535 0.263714503384479 1.03534665136393 3.1367186978592 2.5822808921043 1.21907388708583 2.03983640371334 -0.403404229103549
7.59469925732293 1.26330287427552 -9.11218901148461 1.36030111331782 7.57081292042862 -0.657561409530054 3.74288279111565 2.5317583989478 -1.92934521297928 2.82180545785048 -0.529155266823546 3.98986112208109 0.454757399017738 0.058221367374658 -0.698948427089484 2.29078655169032
0.883454494747786 -0.125541322615335 -1.72241071145957 6.99425373480996 1.5483331402511 0.455410781905831 1.2279951149864 4.21196294586944 -2.12956198984803 1.7720492159772 -1.30203399366222 4.7657105326837 1.56980371383215 -2.19781097721619 -11.6319640108481 -9.20408230114352
-0.316681305692039 1.96612636673735 -12.9558741619739 -1.23327795298592 4.86942615505504 2.03133532138548 -3.38826200552076 3.66707733399607 -2.01655472380154 -0.352622884366997 0.105293859733819 7.93090870062233 -1.23731235495677 -1.10413141376052 0.126502541852066 3.34379663478058
1.05425589062194 5.8417077288897 1.7236234039738 5.21806300149328 1.46140994096245 0.533175012117478 4.31290893234337 7.96087615691283 3.76970626194522 0.885572304692834 1.53620918524364 1.81472247389684 0.801897410058691 0.283623268253675 1.5831969140205 5.68909098686938
-3.36642305257535 0.783439827444405 -13.7199423568128 1.99286401436384 5.72344786865533 0.0338591267825481 -1.43174221025615 6.82291865840105 0.75628317638535 0.461071512896478 3.25729521559005 2.91540549047684 3.24296627475778 -1.29154716504626 0.221469808142474 -0.795610609718996
-0.368617190717532 -1.9383511674266 -1.64791774448599 1.25182642170739 -2.63602995034432 1.47238143074098 -1.12114573715534 -1.6111775997777 -4.63463548078493 -2.98051082743317 -1.51245258607893 -1.34726972628401 -1.31232712895412 4.30180968132134 -1.10344336573613 -3.66055426161416
-3.16201445322371 1.04999284076834 -4.48386600530858 -3.81927402414869 1.7320645361569 -1.30578067140486 3.25118537284278 5.7856482219974 3.4813492525735 1.36825151522618 -1.60120616714721 0.605268087440399 3.46220324800108 2.77348366535509 -12.9120679281488 -3.69184543513218
3.27336066893618 -1.41301530159378 -9.89082538316727 1.75544784803553 -2.78768234953154 -0.232119534286028 1.6664648851646 4.1492837435095 -0.548337644480888 0.86709011686262 1.51814811527211 3.17501635179449 3.54110589737684 1.90511687140695 -0.0698849416443735 2.78046349167898
-0.172696777788085 5.97902141186567 2.16410367348756 -0.468571768598057 1.05497544901257 5.82303197308024 7.09763862972109 -1.69935323709396 -0.299250058758926 3.13788779050513 5.77758962688984 1.44131613084258 3.55292978603539 1.02939280756933 2.67717394949546 1.98689717166374
-0.189552921955599 1.60265279290092 3.53325320203755 4.4670443870668 0.600293656116565 0.448867195387688 -2.50782671846784 5.74602012675745 3.47647879305827 5.57015858854639 0.279917920489918 3.22346119153377 2.75396754759772 -2.48771772405195 -3.84129730251327 -1.0021368154997
-2.43232451059444 -4.70977538625216 -1.14618798553721 -4.6309105821888 -4.26464515836649 -0.330585792828553 4.15658016536984 -0.412717657439331 4.16573782999581 -0.138806669454633 -3.83132806913225 -1.45196458231833 2.43685823197836 1.84311747851511 -9.7593823244618 -3.7585513953547
3.16054149963701 0.30050765499313 4.25770389832385 5.97757754400962 -1.56307625678897 0.116872474817257 -1.25715620461178 5.52523779405182 3.35916054663376 2.37384647714456 -1.29959793830871 4.28370471330422 1.6610969136856 3.71896870942466 1.13372231938759 2.92154681329017
-0.0793264588932413 -0.49932103490745 -1.28449057449011 4.76084391951653 3.48291227787231 -3.23278243624071 3.55798085638833 1.0616771128231 -1.21708991925078 -0.823172024723247 2.75798960789564 1.62123164971887 2.40785129201966 1.57696336962087 -9.1411142200045 5.93555562395131
3.83681848174453 3.46182043451925 2.54681196964089 5.3319027179869 -2.05371148517095 0.811456669231479 -0.731039758118158 8.68972767707403 6.16280917147284 4.96839129292627 -0.686666196138696 0.163574813219553 0.0529848755804867 1.5228106542926 7.931361057208 3.73616300309428
4.11322989914517 2.04211426200336 3.23744429405334 4.58317073077985 3.07864390480136 -1.22852387619993 -2.72583582817564 7.07513225080738 -1.83654906669464 3.7994235744281 -2.42138965605921 1.91402635122048 2.23029590106032 -1.31055495721398 3.47531895078786 4.99723853865798
-1.6296054641232 -0.734374490291097 -1.34670929468254 -7.62473285897774 -0.591076320608364 0.0682893827994976 2.75154292660787 -3.24950122231429 -1.08891865643728 1.48392341978525 1.54208356002073 -3.60175470251157 -2.87267613114278 3.2371234040312 1.68937397928708 -4.76778369935029
-1.10059151217614 1.70660708984485 -4.32550668144881 -4.04493669334317 -0.796341249764469 -2.02904869051425 -2.14239457855379 -2.3660841771486 -1.04367472771039 -2.40631664787081 1.75463315692807 -1.10076549508915 -2.07935016266432 6.90646631777428 0.546833693757554 3.10909590640365
-2.06071023499783 0.251877272169685 -2.25458608920841 -0.445785648202588 -1.2836700872764 -5.47458467850201 5.96900722795787 0.227657989043333 -3.06854260062187 -0.672583217233487 0.119353798786725 -2.32792963390155 3.75635883044974 -1.48447405884934 -9.34150969736647 5.97620143301871
-2.01694441406463 -0.278942363662951 -11.0005421373851 1.8505641539816 -0.157139663979826 -3.77890055128689 3.03997490828031 4.27999081983023 3.1753499719304 4.38479341230552 2.59557936071036 2.82942221954761 1.37789256898517 2.54589655766644 -0.372794645872041 2.43828271721901
0.340281857291944 -3.13401343469121 -2.91324981210849 -2.02049808909001 -2.34018466776101 -2.08685599588352 4.24297446327776 -1.26358290631663 -1.002318258424 -2.37987115545278 0.10995305752449 -3.56644256075813 -4.12222068100509 0.96018937197882 -0.583373273489831 -5.58176015552623
0.19554503206434 1.2027626564809 -2.95718172879434 -7.36352600226951 -0.451727128990327 0.241633765833104 2.18412413652273 4.26505056956897 7.18528603589808 -0.683420761830946 -2.38023548051515 -4.9270089257047 -0.708281591926501 -1.62951303569874 -13.0092067349832 2.20818490043649
-3.24804008191571 4.02703028816072 3.36424575505606 1.78478373533487 3.92563194641504 -1.09691786354967 -5.2793011761284 -0.358229503775692 1.50754969984818 0.487991511934585 4.4133866248703 0.582983761546385 -2.05070979681814 -0.945107863205853 0.0788350338784825 2.96783385940086
5.85003436177407 -0.0959116755500955 -12.1286188955452 4.39926671842672 -0.670809810506678 0.0733057882910938 -2.19609202313253 3.82517503811431 1.63696154838227 0.790180528547551 0.256962719448626 4.63444056686701 -2.93041374206476 0.256678190081486 -1.47806415021629 -0.763633472596754
-0.456544914058076 2.74604754462896 -8.7176686582803 3.18876270358698 2.61261592277621 3.31824586124174 3.07653518352225 1.52203034968063 1.37366508792817 1.93624032894271 1.35682341754042 2.59560718245983 1.83441318190791 -2.009169520142 0.360360970085356 2.4668876444627
4.01843484943422 1.41003932978167 -16.1823062729324 2.31551257250216 5.80947506644124 1.63161487720511 4.87422926874886 1.27536411422696 0.336330926066339 3.20490886917302 2.12094273534294 8.62753776791989 0.350263037918476 0.464184901873103 -2.1052713955233 -0.366191331197728
4.18366807277045 -0.4312213469355 4.12956048145995 -1.2270814990509 0.929778642340031 0.87707772657176 3.93091644089506 3.70968502053612 2.74657827452678 2.98376289878725 6.49976047567204 2.83002361366954 1.37727690648644 1.20914388330709 -1.1627922285971 5.47444437603513
1.44009773983751 -1.0366983209975 -14.8896374735352 5.1313752208447 -1.56716833475028 -0.861878535021649 2.98805338513175 2.35728542702739 -2.51153944207916 5.10087704927718 0.474750646997036 1.79396424242982 -0.00104777107165221 -0.382607121165686 -0.343388801088822 3.49167675415473
-0.210744343966188 5.01550588810245 -10.2354815503187 -0.347432429039451 2.46955151696383 -0.750053750281654 1.7981779801881 6.17219428789087 1.31032570522142 2.97646682593276 2.76124450481037 -1.41295891506747 2.37340920003723 -1.39829934695153 -1.12487570429248 3.62958582521869
1.14861285896106 -0.576442883092839 -1.46499101797938 5.28901335733799 2.45705687886888 2.19120044683062 1.40590232699009 -0.940584922722067 -2.29514473440866 1.19347449153378 2.57888052742226 -2.03491187508998 -3.30962854209432 -2.3563206288645 -15.4354538197646 4.26390225320619
-2.1526972787376 -0.754782824046485 2.85173006996546 2.65478977977855 1.74617738620482 2.34886179579965 -0.604508237074376 1.38142708704374 -0.49049493852275 3.08537058112822 4.61356353569292 4.38783187781071 3.79616829503795 -2.10864633951901 1.03974650196863 2.96759797442939
-2.83908651701833 -4.15541387990194 -1.67747635580381 1.22259124363088 0.959871351012913 1.05107239835376 3.96595648620538 -0.41043989771494 0.472735369976746 -0.571990937091584 0.762356969227051 -0.0021915980784436 2.15537352935809 4.0353637349639 -12.8464817789942 -1.8789316998713
1.55890787315705 0.305837267743918 -13.1406221469117 -2.14680665594334 0.784392401413249 -0.926865165884131 0.89675422184334 2.60155703481613 0.357426954942788 -1.62231009181304 2.33846978544407 -3.9348597262293 3.52049131741865 3.30167898948908 3.75269766924401 0.300399720748557
-0.702029819349237 1.94067021869793 -0.4287119543863 -3.74436732195648 -5.09961925519344 -0.28036911378409 3.28306116518958 0.559090001144217 2.13043489971746 1.84538233060471 2.68661421485836 0.612514090411499 2.01072752350047 2.36011867219648 -7.99750018253833 0.429224307248251
-0.468861998607754 4.78550980572792 3.60296513844747 -0.447570234424948 1.0287724056438 1.36019201129076 -1.02641255756003 1.75211540823958 2.63026981083151 2.15572890396516 7.25023765486795 1.59222439435493 5.34715049913089 2.86122836586505 1.52358244295035 2.8263997328477
-2.09958618235314 -1.35064823736468 -1.54151228581112 1.67135063734833 -1.91279658954174 0.328783687988316 7.17314751705922 -0.533573680030263 -0.40569530530433 0.849012709204051 0.66653630097949 -0.492682404416536 3.06422989241544 1.71326356379698 1.0159335794859 -4.8441997365432
2.39670200363231 -0.431308957497289 -3.16645884972929 3.71686036730101 1.92358207362183 1.24367101988374 0.108554791656318 6.04104093188456 -2.70882640743257 0.686747165882117 1.31386953783691 0.784633412452968 2.85880158175859 -3.09309600896675 -13.9531802496116 1.14059087238705
-0.191061304956267 -7.10431926927577 -1.82403915268431 -4.05007785197364 -4.05060198370833 0.37082160569704 -5.5506458492141 -1.99555256291787 -1.27292425270572 -3.45706407132854 -0.628390392031143 -2.85031769551465 -1.39618903049177 -1.34797247598659 0.364094379983908 -6.91630713657233
0.54735967159319 -1.92499273104779 -4.00174978029335 -2.70779953115846 -5.05949462604064 -0.199786659933024 1.37758622704846 -0.941728816115512 -1.93850245507338 -3.96902530880097 -2.48108799030317 -6.18739253097573 -1.4695301817615 4.16351117195826 -1.73943527102483 0.23166520773099
0.667401501908844 3.57959114449529 -3.16504322465727 1.48260676634212 2.64424081951952 -2.32814234042586 -0.338694305746233 0.938312324419617 -3.03646844533996 0.279153019304663 4.62884427756954 1.31209331753976 -0.602740915733373 -0.363232886366859 -9.21230420516185 1.246217095292
-4.12606136219435 -2.5747057120902 1.92190068908141 8.03676703509042 4.09873562122442 -0.276639216768332 -0.830051735414137 0.796108237504557 -2.01175404166307 4.89926000662271 0.752105177951917 0.674899794719269 0.978407544358237 -4.20626448882487 -3.11607111164132 3.45166468906915
-0.393678674301659 -1.61280682331669 -3.12190621042552 -8.63939990741153 0.670231224142019 0.747096475778193 -0.307882199991165 -0.193511077136939 -0.882285478357323 -2.7729399907452 -4.42305933231143 -3.70781377718096 -4.69735301715303 1.31196277409631 -3.5938142953408 -6.31647569078628
1.8691846128156 0.541730547973518 1.29216757854468 4.62644838542976 3.1926018686887 -1.62039459798458 0.0984579597472781 0.832781990823974 -0.944534559193058 2.41990020287386 0.0376731520739138 0.196561198410037 -1.53782026321165 -0.523876888693306 0.184230656144864 -2.52172009026068
1.06556535665665 3.28564573674766 -7.00523228528787 0.0587905159888455 1.5791141658731 0.909472147384502 -3.05896963216334 2.94956325653635 -0.795609556013641 0.758963355265025 1.26200892229438 3.16665653288512 0.853117662452467 -3.57620822899448 -14.5478168574133 -4.18984903167692
0.0792171513763513 2.0183287362423 -2.35673921126349 2.09719676870526 -3.86879290716832 5.05235823559514 0.138597201512697 -0.544619356512102 0.07709268221442 -0.338677953843266 0.317005126271145 2.90353959537114 -2.35018313975093 2.69312428989079 -8.50587506869044 6.70006132814137
3.67411316799431 2.37154507295136 -12.0373933832843 -1.10648298201871 -1.60818643349766 2.72281256764271 1.03495313863223 2.75138837132131 2.1237128271858 1.68225059565992 -1.08142003998681 1.59218380527773 -0.302458702016194 -1.27848134710209 -0.864131200308819 1.41759062826776
-2.79900879403854 0.430767354423419 -6.86625469300066 -0.410621587699366 0.172373635775981 0.442191747242367 -2.36840411311816 5.56461541085324 -5.47070771648927 1.3623134155226 0.635406620667474 3.59667812812703 2.62429263366193 0.143918261918373 -12.3313231248679 1.43687149341608
3.3639108696473 -0.646004870522168 -12.8713868522199 2.51774130574435 4.48754661786018 -1.8671857967143 0.859437219109708 3.00387107516554 0.374442057963538 5.35287803368758 -0.77530944899649 1.56086393794767 -2.08542489852728 0.367089110175583 -2.61220430577251 -2.63941114107061
1.30657664035603 4.5648332435897 -1.04614864812772 -1.28813541140051 1.0583011635362 4.17256839998214 5.2377291396091 1.39118883701099 -1.68936057753412 0.876478575190628 -0.209002262918316 -0.450779775867001 -1.19265418439293 2.5159727309092 -12.4916615799705 -3.52209925152787
-1.4618437279619 1.58072513566816 2.9143522575014 3.38038377646878 0.02046117433645 -0.0685595238622124 3.14836948430162 2.106455545876 2.50152781997006 0.516887538247372 0.687608323327428 5.53327575466113 3.51773126206689 -0.324626729063197 -0.618944570254086 -0.339142575541452
-1.49947778498264 5.05040939429722 4.72608507477813 1.43456638423389 0.317333545235048 -0.112049518389097 2.95024033887614 6.51429644789223 2.78294814646775 7.7669182242148 5.68901972226162 -0.633898064063605 -0.860546693689773 1.83669779614264 5.06004044665302 4.51110644717893
-2.90539051567456 0.258893509979246 -1.10509199473854 -4.08432848226509 -5.29410389664649 -1.25953335336056 1.42431500658087 0.200855410601079 -1.35607786259013 -0.185174314745187 -2.21251684878747 -2.8141737138309 0.027593780553083 3.15077016388578 2.29256470576341 -3.5840233410118
-1.03255672754111 0.57685911665575 -12.5605588545676 0.376661545927184 3.18045865173853 5.1682472754487 -2.13132609670765 5.66531409027075 -0.65747777419913 0.360371627479203 1.43591784344837 -0.54638371729546 -0.631875950437809 -0.120764499519692 3.13619188426607 -0.606291705365516
-3.25595017693997 1.46955592982302 4.71652488751665 5.89954004939667 1.46604903334195 0.278192883568571 1.07740521073806 0.531815295477242 5.52765874776255 0.884916198254145 1.41753193717699 2.58315350292325 0.0583933667863956 3.83553639347384 -0.489379675331358 -0.418773218590186
0.633274743891379 1.93933384770863 1.93568076141204 0.855042866318006 7.58471182304785 3.88409165664126 3.01652463981934 2.32541485593464 6.91801756141924 6.35421086553716 -2.69179564600906 -4.18047620993209 0.257307726032483 1.48817234486891 -2.46067443393869 1.96381458390532
-3.54752666407356 3.87888185625679 -1.04996650727657 2.92812987642775 -0.623550828723165 2.93599091756918 -1.21049846568939 2.82557508015576 0.868891675522113 0.0869724194293218 -0.62147802615137 4.87475686088157 0.2685722060602 -0.476098022176915 1.05821918897237 0.547963424860745
4.09915407214814 3.64517501190449 4.28844398366222 1.42842647985346 1.44502327376372 0.578424872871416 -2.15169060869584 0.670794224085011 2.28674115250714 3.50582939561203 0.383128100331267 5.38844937195945 0.979193629379163 0.5198918404826 2.76678466787323 3.58106443291996
-1.68013858108848 -3.21341745672063 -1.42939601586164 -4.10108895353795 -1.47941254523229 -2.18089540053307 -2.91462734746475 -4.05589431793479 -1.23647343317804 0.61666334261065 -3.33405382369648 -2.98730363809934 -3.16840445846543 3.23785076834399 4.5760689001115 -2.01824530774905
3.23967750074444 5.20585766022032 2.33082579669286 -2.83976480446402 5.41037097260422 -0.555761003473297 2.85283672174869 0.997258605481646 5.56879233281137 0.486580496755675 -0.684785182040888 4.24935628369986 1.72005949291475 1.6890411291489 -2.25655813463606 6.4108339277129
1.1430210154594 -0.42883409403016 -12.811363375498 -3.52309078562691 1.44100430629436 2.89816955884626 -2.18120792473328 4.9424618014018 0.781518879427083 2.5276468921589 1.44001688239292 8.34964645594856 0.152298147232503 -1.9398673245446 2.33084514858257 3.79495231787312
-1.50355437257207 -0.937190074320075 -3.48315021883467 2.22793538231086 3.38073900561128 0.967134884268972 3.41006773504136 6.46155935793339 -1.54668036206436 1.06694106362775 -2.54239908070404 4.18895434161553 2.08604210367883 -1.46121370580597 -9.74289616831326 -2.38924788864061
-0.737357190235671 1.9850498304753 3.70844699383264 0.422276630966447 -0.566527343340056 1.15020623883994 1.07114948865867 5.41027806520485 0.0811345832600279 0.741421948104184 -1.38536083211339 3.378816477087 1.46872128023566 -1.68134618555113 -1.37283809009902 1.94440801419972
-0.710426358032604 0.987052680298024 -10.2222775066028 2.02409309271671 1.61215213550349 1.20481824047017 0.0959307995696025 6.2061166213184 0.702689094017757 -0.673392005448027 0.324978417383105 0.480046747467465 -1.56163533490216 6.21542113228845 0.68369310875178 2.29708450738348
4.50874596178878 -0.103772840125098 -12.4973783522634 -0.884112209510504 -0.61342450236077 2.09675967713043 1.75887196792663 0.552962530300382 2.18786342874975 -2.12788487637853 2.47156092582585 -0.478983601096402 -1.94690791663133 2.15856679152256 2.1829787224213 1.15210267330872
-3.01044870554292 3.50709547210444 -7.99951873081644 1.41138569200276 6.94466799090793 -0.443039661189317 2.38165407194461 6.45876636089605 -1.40743857441454 4.79861872969661 2.47677206501033 5.85049263167178 -2.26216368428938 1.69756082671778 1.11509903121617 2.2526745066662
1.19284141201857 1.56554822581745 2.40059930376759 0.171735913637716 -1.9227723319874 1.47223921083436 0.598183320544661 2.46565853093116 0.981738528083941 2.37210474341614 2.74406861470416 4.76197489914763 -0.0240423783277259 3.6200839282874 -3.92554632489406 5.73824769071681
-1.18341909573615 -0.875839729197025 -1.49216413359327 -2.61144826478673 -3.29741288830683 -1.0760223270653 -4.78000549245915 -2.19511879827093 -0.72232891379218 -1.80236245064318 -5.07469762223068 -1.64727959155636 -4.0655020040694 -1.24836217749032 0.851127733139431 -1.15580999437056
0.906697350918513 0.939398328100502 -10.9354512671326 1.875040758128 -4.99973782667476 -0.210748673902899 -2.04808858651023 0.449288449738016 2.87277318282838 0.0793570660681726 -2.15670672789857 0.41574959838528 0.0603527313343691 -2.29042609064941 3.53770747637292 2.98115749843352
9.19124976334285 0.721788415247754 -10.1408009591939 -0.33947560745849 -1.62359005480397 0.232733376331398 1.1356970738296 1.29091568117589 1.099115130183 1.87555713112306 1.64315368128362 -3.21678957438032 1.11592693638374 1.50451930677063 1.83421155849628 3.38892625882408
0.50891770812283 -1.38813681893177 -2.94693879538817 -2.8200762846452 -1.03197374810621 -1.30576592943625 2.12325263874051 0.316457826561234 -2.35739827216743 -4.08586143092177 0.132741747673521 -0.761815459321331 -2.12249055833673 1.69712449909811 0.466761964640685 -5.26606993447163
-0.484469943679374 2.08799180574621 4.07029493543346 1.2739966496313 4.90137256748968 -0.181142073461698 -2.15330004000589 0.701731135536837 -0.14353261377027 2.87580478481687 3.55105321535981 6.08789730647839 1.14191715322306 1.79861238398255 -1.28561140926289 2.32340328957891
-3.20966607856035 -1.3598524230877 3.79256786547496 0.507239213971602 2.81766680462906 2.93930904257952 3.00476804611655 -0.923375741209111 0.424333392267431 3.73324796814952 -5.44352662233277 3.52833137618038 0.994591211065128 0.332216904816877 1.16217424027768 0.306950789090526
3.30356290311575 -2.09869022762941 -3.93511660856815 -1.84066442251513 0.26605308802639 -2.43000356422864 -1.51920118593124 -0.381893618946765 2.98083145435313 -0.928174128035465 1.82082271600722 0.783701500670196 -0.886394078110903 -2.65189817224492 -16.0008585547987 7.76119255134356
-0.97816416024921 -2.24173957476147 -15.4360925025281 2.69503861646701 2.0112353319409 -1.87310740241743 1.82986837726591 4.81233183407402 -2.28831957978659 1.57120557474485 1.10507808480257 0.310008149410636 5.04395066438885 -0.368709245878885 -0.984563269407679 2.70933134990608
-0.151363985432736 -2.31673247660191 -4.67528447948275 -1.29059808308026 -4.76626122106165 0.062084584230603 0.578713791503935 -5.89413134481738 -0.316248983956238 -0.233042922973465 -0.0537786186020794 -3.02829480425252 -3.87556059114984 -2.39584529254342 -1.64531396452476 -1.21271361158719
4.19908962959157 -0.836572625018989 -2.93986446187857 5.37232170146268 3.38686326481906 -2.06321431926951 -0.235010902340522 5.68410101306049 2.57056360887776 0.260331736029584 1.56150627138865 -1.29326108525825 -2.34240233854286 -0.244817176278289 -9.7305279846872 -2.46026367661062
3.28583263447117 4.04828737710884 1.75463381736843 -1.81746695222335 -0.302712678911263 -0.751774235942812 -1.17808621095346 -5.30400104751619 4.13887502728265 1.01338064356823 3.57588663484383 8.15507759873511 0.553512498886668 1.55444201936072 1.20344044734219 2.23706080531374
1.90724599124694 1.44123384509415 4.5985810286006 5.38578419809859 3.42056533937873 -2.51690954020667 1.39282135872028 4.86831024268773 2.46139779777102 0.941573342886675 -1.40452118594208 7.82093196649303 -2.14267647120017 5.83163783459527 1.8294543403369 2.40543888562075
9.03983291363 2.39442171293266 -12.6949577569736 0.479432880859751 -2.1025139597712 0.0170574545838345 1.79214034546738 3.05313665660691 2.38793701175735 -0.874777529700042 0.566842492839191 0.475887222631404 3.28405761565812 -0.842823256086525 1.83972491348804 1.52214677481399
1.32196590152013 2.08720938550146 -10.785227229794 3.00107858558604 2.31917874741621 2.76775256314193 2.80467632329178 1.78793594109668 -0.965470026274337 2.97385171387454 0.849714816222218 -4.33120571664984 1.4238485755927 0.504217363129689 4.78942454335556 4.87198303837133
-2.53511456774513 -3.18368230394183 -3.23601006333227 -2.0593451244138 0.473389434790175 -2.61833636871621 3.03512987470917 0.860764803625277 -1.97224292391156 -2.66014486843773 -6.45920233779682 -3.72781963901544 -2.06941054011026 0.424189868709235 3.04509656131949 -0.835054334566327
5.47674052419245 -1.40246530679171 -4.76000851488999 1.87782972223176 -2.9019902422682 -0.618020692220373 1.24796661500398 2.61752754972681 -1.61680339288874 0.89301721393653 0.618459010769792 7.03280856138042 -1.84551441718336 -1.96586173032967 -11.4492666363306 0.565336847988269
4.93466911405098 1.7574648666967 -10.8709876381363 0.705699643711928 3.20567546612727 0.550959161748413 2.95189338421551 5.74323846321449 2.3320005721832 -2.19725768934099 -0.394142062913391 -1.12619229854825 -0.244872410536004 1.84939099797012 2.40989569288099 1.10979075302286
-1.88686053834533 0.592275452469671 -1.39076619471873 -3.60825756298696 -2.00155748648073 -0.482515279382068 -4.77280686450797 -4.33886501830634 0.027154843894311 -1.23102174787727 -2.17734261683406 -4.73353860553326 -0.148266572028606 -0.389299223567736 0.0635977730721108 -1.00634078706736
0.938203360132085 -3.39365009107334 0.161231006435917 -8.39185768232354 -0.617720234620108 -2.86869453468602 -1.23926354288499 2.18912805714106 1.99414403331094 0.311272798867749 -3.27693347017906 -2.94103345642481 1.1131681428841 4.139857016321 0.305576849548573 -3.48056410669723
-0.541115578543707 -2.91288423826593 -2.99822310740178 -2.48891268414964 2.38531158822113 -1.66526556923944 -1.69559052802734 -4.41862160393608 -3.47854908997957 -3.00413560654964 -2.81769319509813 -2.72025694548513 -2.48603305791649 -4.70705905595198 -1.41849283650342 -8.68072438563624
-1.78120272185775 1.45510322513971 -1.18520211627193 -8.32948122735891 -1.19501022983404 -0.773719389927546 -1.01961909058704 -3.27239296440597 -2.05990591689803 -2.75378158047639 -0.459496412458978 -0.0889255935929589 -4.12355169551444 -3.75695121045489 -1.00745920508015 -1.35986505857046
-1.3686044634518 -6.54909147656899 -0.400073395365176 -0.733244887618747 -3.8740631740696 0.00893558248303389 2.65006255388981 -2.32356643735307 -1.3372600925467 -0.723181735371151 0.0817053520312812 -1.70472978527008 -0.599099383595221 2.04971960264601 -8.44183297787605 -3.99053738965415
1.19107037437024 3.33682512103758 4.69254594443086 1.05102458482769 2.41489213423072 0.553514954480372 1.82644472117567 -3.42491575823455 0.692134540454956 3.15712270879122 1.29047590486148 0.955580345236456 1.17945946962731 -0.881244036765808 1.8675581402868 3.04142954933325
0.395751736378265 2.05274903315512 -2.898547343615 -5.90726956408084 -0.0459828904256963 -2.04194856120565 -2.51048040666818 -0.753154645756106 -0.577536740286263 -0.289173800309908 -2.16435924886036 -3.04750532123338 0.682423074386265 4.51743568011046 -0.845149544337267 -7.35774399418335
-3.00765076252346 4.28267460697901 2.07344897446775 0.485494692960194 2.59907354783262 -0.612194590435223 2.47394140913273 -1.1826559961446 3.01147041234051 2.53249892137889 2.90961631435482 3.12122336732868 -1.79460287267675 2.06371567865613 1.74122487482057 3.46224927646066
0.77159654639114 1.2101880449819 -2.95799072433169 3.90058514593159 0.363623149613602 3.24520493211463 -0.203033303295867 3.26229331415876 -1.74474037448128 2.17300630326245 -3.27954019678203 -2.3087206763506 0.296159458414877 3.31817509223552 -10.9596120887694 5.92079817477577
-1.97274312247089 -1.37305240467657 -3.91712206848261 -0.82108978442992 -2.58235421557275 -0.416534832074791 -2.19390108942977 -1.57157713546279 -0.0242491824316702 -1.94999965494527 -1.17445994008964 -3.38878787319983 -1.65757631616743 -2.77125615789865 0.351943750109335 -4.33314293387146
-2.33164959904241 -7.16474875820971 -1.92047382487814 0.339949172191328 -0.351021573536999 -1.36715586720188 1.20927261057137 -0.609530489715818 -2.40956024904827 -4.17132661589354 0.930649289617325 -1.4987559169891 -1.23831254970943 -9.89817407313229 -0.647870394892514 -0.981198247459802
-0.274956102979283 1.69100426353098 -1.82539626687894 -0.601189551022943 -3.04138990890148 1.5919372786458 0.0356739631924481 -6.70824610150372 -2.91905649215062 -0.308508917923582 -3.13049048130499 -3.23637051063327 -3.31528626415471 2.19650911730059 -0.999286601466273 -3.98584187810577
2.30599888434175 4.53572041359818 -3.41487333515824 3.20642943606752 2.72218286208613 -0.399698282389391 -2.2542086948392 3.99678024034181 2.87151060131592 1.6244850188992 -0.297042413553853 -1.67711973333406 5.17089637629885 -4.66919426233787 -11.4571019123952 0.749885383823209
0.0451234533202749 -0.434571049306097 -2.08320920876267 1.05968882401042 -5.63021156448642 -0.519366028787104 -3.08681100350077 -6.6420375812996 0.6550923820506 -1.66263838580509 0.474482787702995 -5.34075407082132 -0.0228376725581412 2.15001882047558 3.16453226314606 -8.11754476555151
0.105412728932346 -0.315539021546961 -2.90472536867764 -6.90833878917216 -2.64284358519228 -3.34571247676752 3.35477246558195 -1.86243094590476 -1.69168445680903 -5.03936273732138 -2.58534579216994 -2.89163639495734 -6.57264794588633 4.40940377097683 -1.7483316362899 1.02329830843777
3.7974607158256 0.629687323408581 -13.5792258728706 -0.777321581391927 2.70366192822301 -1.06718325815455 -0.796846669015256 1.9632990346987 2.71623676654043 7.8375451911161 0.0655056308998614 2.12402501330685 5.08935762070793 -0.55046240485655 0.76803441307551 -0.0611677940404418
0.48975526818176 -3.47096476493438 -3.02231380377917 -6.78559298982753 -1.54993943808394 0.65341074211567 -3.19293762774825 -0.0761102698020397 -0.977418324391521 0.893604240371681 -1.71945972464126 -2.78139705199608 1.27043035521404 7.4205910747031 2.39133972705191 -3.69776209553386
-2.22733320952802 -4.26057699319085 -2.58036437695946 -4.41663908949265 -4.07523361781194 0.428441568465133 -3.5651354881332 -0.68585962810748 -1.19076422523861 -3.79978623063233 -4.84478711687276 -4.72375417837681 -0.541011643168838 -3.82863373902446 -3.61572316180661 -3.37967056106337
0.764089466285818 -1.80970761925517 -3.31038664999947 2.69070870326837 -1.82738678925415 0.358113646928022 2.98905239163026 1.80363280135805 2.08429095810853 0.21432738809132 3.52890483282342 0.674247658791964 2.37073055506915 0.556420497836202 -12.815210373673 2.79436630733567
-0.389281700126039 -2.32448980711926 -3.65266046766997 -0.934518410465659 0.959999609693644 -1.00885496995262 2.97774540769467 -3.55751921183954 -3.7233461463314 1.09668510015623 1.14581445369157 -0.576935560990773 1.87722163990202 -0.547910030098558 3.74108686328829 -1.22097396987984
-3.11338801003373 -5.53581964289098 -1.08957551468867 -1.87814172000856 -1.00802863678783 0.119038143218391 -1.34237792729049 -4.09579784521922 -3.72132196669722 -3.45453434866072 1.18881328706694 -3.62534113221588 -2.6001870502678 0.251674454760952 -1.00417579644907 -3.57882900789009
-0.477703761756389 0.645212263862713 -1.05494146235187 -4.77925998362928 -0.202561362264035 -1.32075540502778 -6.64575660737528 -0.029022360186997 -2.74356863792016 -1.77770390581599 -0.105377667152402 -7.08951841069508 0.820005842370959 -2.15709938964836 -6.66563509966839 -3.35457066788112
-1.81028474430426 0.00407033100583121 -4.38031184270378 -0.391772876960756 -3.74934777571733 -1.01585548063968 0.609375114241461 -1.57772032007713 -3.02408926955556 -4.0121603608319 0.397441786394528 0.536637003847366 0.154732965567784 -1.54999480122424 -0.229929083857162 -2.49947841302994
-2.54045555797032 -4.62018426403009 -3.50935809628727 3.5751343099089 -3.92724700286276 -1.70613489131919 -0.473657603674414 -0.581585935012328 -1.88655789408526 -3.882591562695 -1.26533806864872 -1.13114706443589 0.695759905139917 2.63761532260016 -0.0458123761445534 -2.76755519385003
-0.827685726190985 2.23903046454865 0.521922867372654 0.308646892648933 -2.66937160296525 -0.350320155463743 1.00298801584518 -2.73053270448941 1.44719639643594 3.56861327857313 -5.44344855402332 3.21355278194756 -2.03692534133569 -0.473837344652341 -1.70337939586782 5.57583722948374
0.067861279511281 -0.136373444442823 -10.5828702274829 4.14307973854091 -0.62032089958545 0.0794324482881347 0.214919454451201 3.11574368318582 0.1223538081655 0.674683911291804 -2.3282888576512 6.54976536622423 3.28024881331748 2.91603718552623 0.556884691969871 4.15994156570423
-0.639224698634125 -0.0688278038556964 -2.72834223059107 -1.46041835839857 1.37070490970885 -0.0476362547147809 0.170126502900214 -2.86658689310234 -2.70269189210682 -2.70937687324019 -1.06266805875407 -3.6670350675354 -2.32554962964694 -5.78326582306921 0.798549113207516 -7.14087883606966
-0.345451381806393 2.40793741436573 -14.3761279422668 3.65801515416978 0.360368595176731 3.85272279047317 0.947766050630513 5.75599559597012 2.03434615358848 5.98839117288927 3.45261882711855 5.69915941065504 0.890923706139975 -0.517593387233746 1.30409937567215 -0.113592759755685
1.56539254016825 0.988153358534765 -10.6799935145338 0.0328626654286155 2.65635751508212 -0.393900185759065 2.52057567356498 5.31752984700044 2.24676333533111 2.82940069800923 0.641977191305929 1.91529749029993 3.99003546011203 -1.72943312640318 -0.440084874294357 0.883670589799478
3.84464333215931 1.011067943997 -8.34495796878491 3.46460540546748 -4.22879210257479 3.18351345440842 -0.16048077606627 2.31481538323104 -0.64473880995622 0.115189427297551 1.27350745267975 2.11985426177571 2.95775891618238 1.25535268937821 1.03857649850357 4.20629275051638
1.6612289421419 -2.04041814693034 -0.166609203324472 -0.4733005357079 1.48280184909816 -3.19073909131757 2.43246700237397 1.94848032295789 1.62506128641361 0.797064248960124 -1.72446748481583 -0.855223655679071 1.8373777883204 -4.40995589376149 -7.43256931622968 3.24994789505421
-2.2331903891529 -3.69036022416477 -4.98839717404079 -4.8524978031194 -5.95815760257903 0.308472638337794 -2.73992469873669 -3.20857762199426 -4.06217517352955 -4.6917342186053 -2.35765987328593 -2.93395944542727 -0.829304886788504 -2.70224816422194 -3.24466615525731 -1.87974985806886
-0.508287875355512 -4.60927168512147 -3.96858328321801 -4.47637694423698 1.74731615617041 -0.222750347791433 0.834161083955995 -2.00279996053003 -1.43967724245431 -2.34651607734932 -3.63993223754078 -5.25740528907943 -1.54245926059591 -1.17139205806493 5.76752711919905 -1.38159012168799
0.498702446829213 4.0958102858956 -11.352218835796 3.47984850127847 -2.2294083267299 0.857876002713733 -1.14326782339915 3.06896020151682 1.66179635524555 -1.55527943635512 -1.36423610921711 4.89635579896524 -0.712510962114178 -0.0565195690316024 0.962093561121209 0.255352580738192
-0.836892758745263 3.47856833040831 3.43505559896498 3.08289189078125 -2.59131061635647 -0.0650568877187385 -4.17006280876962 2.75011451889022 -0.150092185989311 2.22732469052449 -1.92481127355965 1.64545077886271 -3.25758163343937 -0.946336204310834 4.51770908839552 5.28626394728831
-1.78179956949197 3.31178650492241 3.54736473601618 2.11678885584319 3.2492366524546 1.35409115148861 4.42878505084955 -1.6391996282452 2.23329749835627 1.615041328363 0.441574051824495 -1.2378933408582 2.92746194163863 0.623464709259898 -2.07214854892085 5.95570410669331
-0.35993521758299 -2.03599424126843 -1.52811393511318 -7.34298007143061 1.11806439668147 0.976146610052509 -2.7792311064732 -2.6539282722208 -0.640605688520186 0.674270504004773 -2.5221091339594 -4.66834290780789 0.925464174744848 3.55443924254064 -3.19212339609782 -2.71256678353219
-2.49051813562885 0.939554878789949 -4.20251446461744 4.41383571803003 4.20558753424401 -1.20196557665477 2.33333393751252 1.01652431561712 3.45310906437702 -0.710692724568509 3.74972733345697 -0.501499538724585 -3.25111328152788 0.104410118422323 -12.6771240476331 2.3179475514111
1.29904120225368 1.15794466461162 -3.82496368281943 8.46161203424982 -3.02518867445899 -4.97674550483722 4.25107053156474 -2.3828604765372 5.78274797484929 -1.95251446957143 -5.81521775974829 1.4955240107012 1.09941310939011 -2.43696578062614 -13.5416436668537 6.8459062679548
-2.28838558325037 0.764958836669731 2.01095514368555 1.15446329030253 6.03184071272375 -0.729785564769505 0.894076997736225 0.160307938732559 1.3709847993533 0.567526753532293 3.59346982581853 4.17900833056043 1.69087542931447 0.889013768169704 2.57999376815566 3.41683240627707
-3.39591795741736 -0.73015995282141 -12.0510729938483 1.48088936911921 -3.00211744330783 1.52581503664623 1.32979451247433 1.167040706436 1.15785073195308 0.464941903070154 -0.494224073815129 -2.79498851367922 -2.09739372271608 5.27316276893279 -0.59345208190934 1.52482483692285
1.28743879340084 2.0095017814149 2.26399725264553 1.22330279081256 -1.01230075507638 1.68076411020765 1.67449385356853 0.620307064407997 1.2337020822013 2.2316628357038 -4.98089321549651 -1.77362252099715 -2.32025338000592 2.9023654009614 0.0983508438566582 2.33777402308172
4.67342091170712 3.39112934967202 1.84948981712046 -1.09251236128217 5.77402007296831 -0.0410459121676638 3.48336084167526 -0.946354730494366 4.75975989604526 1.20199115442419 -0.64267393976629 1.44871569470018 -2.80495728887043 -0.904389224585847 -1.33533391440837 0.942278909961968
-0.892213860651083 1.26914585903472 5.15080365774678 2.98113813809893 -2.57525870161524 -1.04850792326782 -8.2252945257171 3.82951722631542 1.56197701599082 1.33917004615728 -1.35096659286671 3.81663189568554 4.46672366933205 -0.839600021286138 0.97218939354016 -0.0204133845102175
-2.29822493426623 -2.18434395428297 -1.91227638977874 0.113624401480992 -1.63947290922777 -2.25191828865058 3.43778016531694 -3.30478594463711 2.89585147025391 1.11824076495834 -2.05600585485138 -1.01294304302726 -2.342372186539 -3.8869231029488 1.54231755838265 -2.17018751733454
0.0132946401740985 -7.414446873389 -2.83173953168848 -4.52111373754386 -0.194260796485565 -1.27038909326008 -0.00204054777209739 0.711649465518864 0.325613783903493 -2.02239112328182 -4.04846626319953 -4.82717041076453 -2.31263102060066 -2.96140217310117 1.48015865464428 -5.57368868202987
0.78116253744255 0.688479824031155 -1.88816851482065 -2.86608272392527 -2.38649995229725 -0.635967922807837 -0.859585555624613 1.44363401753479 0.796650146109821 -2.19923547221284 -1.45984854631856 -5.13720637768019 -2.25162063096788 2.29043595295745 1.54980210712163 -5.16594029014503
2.56170621797745 3.05271136370544 2.52910365698037 1.42051930704536 1.54254869307658 1.59535942771046 -4.15447510012086 -0.307038328698933 6.46970645779079 1.08538351876855 1.67999903362198 -0.861337722571331 3.5154876909005 2.51306750201471 -0.443319805745735 -2.59818986007706
-6.05227030187055 1.09333979966284 4.74837174940054 0.427691163120915 -1.50023442138025 -0.82802216894915 -3.92946630733923 0.520683688457367 0.903752694926457 1.92573465283328 0.0712261696392562 4.72024115383417 3.95334855774218 2.58533047325888 1.04411105149333 2.21045808667351
-2.91737729799069 -2.61491957101868 -3.05017083859692 -0.500087276552876 0.110011671016096 1.3396950246372 -2.83528256303803 -2.09852651478864 -1.4590978549574 -0.120938230660799 -1.24585962768074 -5.95209043803377 -0.866698203991171 1.21878321052657 0.750908065940516 -0.97002864928679
-3.75641939355812 -2.36989442689847 -2.15734423492764 2.42684205582236 -4.33425605956841 -1.61328257305644 -1.90643755716829 0.318121164848096 -3.40387498490658 -2.74759628252421 -3.02171851339961 -2.86363404176976 -4.66625893204921 -0.121046121153695 -2.51861787012524 -6.61701489040727
-1.42624809205144 1.6216703072447 -13.9677023845205 0.634077822365583 -2.84806280210915 -1.79364276649058 0.816652638384162 8.0803508178122 2.40843343237402 1.67347012761802 2.6265687822012 1.32197894042909 -0.122932765494384 0.0465015140625525 1.69194323510298 2.08093018406557
0.437276498458463 1.7341639179378 -15.8486489220871 3.46270770917492 -3.19762586957845 0.658005917863118 0.780235639447518 7.3686709416462 1.02374078616609 0.366479595873341 -0.71590638593744 3.55543379634395 -0.556224327903401 0.274962916813775 2.0276215535656 2.80016296693167
-2.76239976859908 -1.74885181937037 2.63651547657573 1.94645696858399 3.8974664068346 -2.12070572209807 -2.09245128610885 -2.14391566959738 -2.36074111322325 5.76072000076876 -1.07533645311837 3.43679116712893 3.87211839125732 -0.398480156679797 2.83373325457003 10.5967892507019
5.39669778154633 -2.91963164095002 0.316358780537863 1.72547176951562 4.30588229661791 -1.94671325155646 2.66926143653673 4.55795139067509 0.994253017781507 3.55400899581285 5.84901539823073 5.33942829830449 -0.372683386363907 -2.31556515090205 1.55106112260588 4.08809210171667
-0.991667472512722 -4.80028696394562 -1.92656782295601 -8.3938275499709 1.67947495944352 1.62131675778301 -0.478052228580638 -1.13358888352899 -0.27949231619635 -2.23719555062517 -5.22800392501025 -0.756754514776742 0.577516568618464 -2.96154786522946 -4.33118159146701 -7.05032434654991
0.0985874842484378 0.665070353703688 -0.310003440310279 -4.0239935920288 -1.75329588251023 -0.961806374224659 -3.78032109697174 -0.330982258527105 -5.31698353542976 -3.42109370553512 -1.73800022664463 -6.7461793549575 -3.97526338483816 -0.93358130991043 3.44861917637574 -3.29615002124613
5.87366761675783 -0.613807181464022 2.15561401382431 3.35267231208186 -1.38447998943883 -1.88429059025374 2.51426848059461 4.12996163541342 3.60778026136628 0.554317385147848 0.584220742073884 9.66548033046635 -1.16420380912083 0.0326126594873432 1.89914052281497 -0.57481771626819
-0.115778722502463 -2.18827211895835 -0.0697953287270381 -1.69036559850678 2.14801013441008 -0.482234103679813 3.07748429499997 2.97597543455056 -2.91380335275477 -0.889566122434545 1.52853261192501 -7.32338244810313 -1.84836047060892 0.107973111455881 2.93951649200386 -6.39139360951788
-1.07386830423556 -3.23944090315632 -1.72507861386751 -4.55475959453321 -1.59510354347438 0.664699892031001 3.41121310207994 0.127633681318459 -2.83979820167879 -3.06678019277428 -2.11460099011054 -1.23422232556311 -3.04772950240352 1.40243079990219 -2.6999911589639 1.66174597397852
-1.69883348096707 0.505807006484746 -2.09265913252692 -4.2312263244429 2.0708638231505 2.10695354694753 -2.32861162998373 7.59729212637377 -3.1692499573017 1.07905324750208 0.992987762414996 -0.901419945766992 -1.33747508812755 -2.21188009721515 -9.6195992414696 -3.84017422099824
0.688829182348346 4.2529164182173 0.21510491259515 -0.489530602957198 -2.90683400909444 2.55560910598289 0.617998117958807 -2.12072325334443 1.15078322640596 1.69624979321746 10.4775176923553 1.31482188794337 0.656156827162806 0.59833856390533 5.23879383521463 2.63385876286929
4.31568658994071 4.95232344182945 1.33915079176237 0.883086670223781 6.35516135286308 -1.54534443581189 0.934574728496176 -4.44099055296284 4.0855339958294 2.2342560998182 -0.121371588279913 1.35820586583462 1.45982751962311 -2.10706174254712 3.0346226113625 -1.9666838970843
-4.62179024991166 -4.23594064337671 -1.98695020476299 -4.33214427395611 -1.18900235528941 0.205246459106794 -5.9515899770041 -1.3309029895135 -3.11987991004073 -2.0593487451671 -0.664886658472283 -3.01491821425151 -3.49802415347343 -0.0242750859188416 -1.61700430773912 -3.96905669860621
4.80151670836698 2.21315030219422 1.31125582394047 5.31410932165228 0.474054319263206 0.320592607880897 3.13758538291396 3.31862537558064 -0.938507006137018 0.756860817376222 6.17309734450946 3.55958033078364 0.599868861276728 -1.14738151496188 1.8448259933628 2.43081492901754
2.18235531605667 2.81762143391722 -10.6568890156306 3.23537890637807 1.95800684187471 -0.942966803136935 -0.327034548980123 6.00139784045963 0.79977185976067 3.22687567713403 0.274609503093233 4.63762200978228 -1.76830034096149 3.41569422770428 3.4528258997108 -0.342743594850728
3.17665852969508 0.715229964196143 -5.4594469846928 2.47836801779906 -0.146265312049732 -0.810713790030456 0.857087711377676 1.2951680625493 2.87645022725952 -0.296764940413976 -7.58768488362468 1.15571997207064 0.223158183846412 2.4060555624636 -9.97247177734587 3.33582295704411
1.44829081618232 -1.30660632082281 2.46305220889569 1.66987043738916 0.741041306848285 -1.55349724721489 -1.30011314889786 4.70320345090089 2.21378089804426 3.18482134134449 3.36484336249574 6.20289909714033 0.134011479073675 5.11016100353076 1.46047198711285 8.37155245172835
-1.4942784461807 -1.78243789997808 -6.96331622578826 1.07123598399991 -1.78025445249715 -4.97999118705631 -1.00685510268174 4.86953431259711 1.4233331656312 3.58789429740213 1.27654447193445 3.15998804810306 2.87781062424569 -2.07651680295329 -0.955819494547435 -0.66223377831486
-1.97739663379698 -1.13187861402817 -3.07291376393484 -3.92257504334575 -3.21790042888285 -2.94822548552136 0.00181215011486735 -0.329512863836657 -0.660376491910606 1.27125796808023 4.5273005879097 -4.62924651662001 1.47785818626772 -0.814326383307086 -1.21804284300767 -5.34049284785926
-1.43992352126072 0.677264484452968 -2.72785231990247 -1.56779584286699 -0.705908028548398 -1.92765102906894 0.251319426759227 3.16572022248452 2.90424333408159 2.53277933660473 1.84781975102506 6.44183050667558 -2.25580892751592 -3.37907366322851 -12.0900687382071 1.50214611055355
1.76965410184578 -1.48372196487581 4.42856184575573 1.77924260564677 -0.48593915681215 3.47455458549064 3.1637967007868 -0.254236569274322 3.40330544524235 0.297600301141949 5.52787408117845 5.7430813999424 3.17619430823054 -2.06450992486182 -2.06471862301716 -0.290091999340751
-0.912492682805438 -1.65531543094314 -0.0277998568377265 -1.46651925934917 2.41859821198922 -3.00258908729354 -1.41983182401374 1.7709631590216 -0.6627734036485 2.96671641693241 4.35023373254548 6.01862989618613 3.5781422307185 3.96727243060583 -10.0350252120699 5.98577629291678
-0.063199506727668 -5.28212101616779 -3.74913723602697 -5.99429046130987 -3.23708638970019 0.551279364344629 -3.87389652329701 -2.35073567959483 0.726103439483028 -1.86915563054698 -1.45880962295902 -3.97177438431672 -0.748158044365501 3.87494408156372 -2.51244956124593 -3.43041070020136
2.79735278809858 -0.229853061302649 1.34692468897695 -2.08131499252672 1.83869175335963 0.134868670971051 -1.04357313573521 -3.03656576671181 5.14449991787488 1.7476073715594 0.886293214675391 -1.52331361444143 4.68923725230005 4.18059295590835 -2.07054535506524 3.80256361893107
-2.80382314234887 -2.43415314842628 -3.2648962491959 -2.24906473703577 -0.933263587677982 -0.082418478295718 -1.18819692429903 0.674551004331224 -1.79950899184719 -0.734575912719043 0.0855002835574556 -1.97051934536067 -3.43317971824135 1.83329365745821 2.03273589365714 -2.01557335284873
1.56937902311483 4.16385826889723 -3.12134305101583 -3.45110089334624 -1.22487324908746 2.11143407205878 -1.26626954295178 1.98564755784095 -3.78675010388709 -0.344643071191021 -1.98157807350933 3.50319976418109 -0.518592339491394 -1.6475919939891 -14.3834401040664 1.00971209898738
3.00567905910047 2.90060222750181 2.9108030517511 2.61270147063475 -0.91133400935177 0.561202502519302 -2.49472418941091 0.739914289143919 2.48111872006659 -0.083502406064 3.6338651818841 3.36803345568565 0.431653678094346 -0.0256483329493881 -4.24462198831274 -0.496540960832445
0.606641495082575 1.77162002815781 -0.929740030791737 0.44416785231226 -1.37043847951465 4.19753903311003 -1.22281351191818 5.2670652867468 3.41780262103229 1.03205122458849 -3.45372039967429 -1.85817029888624 2.91366828661101 -5.87596221426073 -13.8705807734475 -4.38910402594233
-0.792739715465618 -1.29187229617182 -2.12117747438051 -5.83178597862455 -3.40720573322312 -1.92728543967489 -0.0771749292716071 -3.29842983146336 -8.02526498131645 -0.769198229862732 0.343931395348981 -5.91503386050618 -3.01915118520842 -3.7037842375884 -3.85362575032483 -5.74635589950894
-1.46674562129484 -1.30686656500506 -3.16236639789099 -0.206744771869514 0.787104142393783 3.24336349529655 -1.14447714469563 3.06814866963603 -4.24851908625977 1.97977988863058 -5.60758820723059 1.44624549365235 -2.70056679827662 -0.906283660031899 -13.3540282504764 6.49065439858046
-0.574679945645703 2.67840784112423 -8.25420817594752 0.378688803416862 0.149566153344109 1.12874809243498 1.71026058740747 3.26789621413193 -1.04851622968495 0.690077548410983 4.39620934475993 -2.23791475382294 0.402654470248637 4.5182306373056 -0.383238830724326 0.0147650047831931
8.08851570740046 -0.447246932767811 5.09923782363226 3.23642524446859 3.35452594866809 -0.624071819111883 7.24075721271995 4.49474442443954 0.0205727519772083 -1.41276560667832 1.40161334951905 8.99721742299817 1.3915839874095 -0.105288859823496 1.00975776161428 7.10176083904083
1.31054193083497 2.76132695107408 0.207364735196876 3.77443419241389 -3.41061258755054 1.91961358393391 -1.46696016366238 -3.50739610532991 2.48088622132351 3.42766694443106 4.61374367448205 4.77857951218779 0.693737983746495 4.30341849664961 2.88126756158873 1.46824886747317
4.52653446419147 3.17687336705233 1.12918536334549 1.29361631188877 -0.178305038302932 -1.20965285508214 1.84775066500782 -1.98362131504179 3.64358276477101 0.00979210644401474 4.14951566233324 4.90305304807455 -1.41824025735769 6.61944776653985 2.33717404407663 4.76855030127007
-1.00351800961662 -0.818372061044964 -6.77064837785306 2.0569658772146 3.7450353643365 -2.93260808319782 1.65978736522395 4.53534766182439 -2.93536908306141 0.532187712600029 -2.3692321424115 6.73151743254547 0.811383901974515 4.39425992493912 -12.3964959451919 -3.15723508311458
0.53592385977581 -7.49071996477806 -2.19007189614168 -2.33384757679817 -1.98539419367532 0.296781615657611 -3.10352987245901 2.65204328020855 -1.46248200078048 -1.90240467617182 -0.893127763382107 -2.95796121275628 0.899345135004538 -1.4526809053041 0.321028565977871 0.130761503102748
-0.0708563966035632 0.136936672111596 -11.7992835603171 2.13242905668359 -0.857744317751231 2.89279067828795 -2.31368932292401 4.25643381707662 -1.12183828144666 0.795038757126742 -1.06095154201819 -0.609618984805455 5.35103464185175 1.31409089183115 -1.20013839508633 0.262925158982719
5.74916909200295 -0.91199837779382 -6.57257182296744 1.24250580106937 -0.10455415480401 1.05350510068996 1.62392069595189 1.93205934345099 -0.394460715020227 1.10920647662971 0.557540629874268 1.24306324625621 4.00782182283434 2.32232184775312 2.4516448528556 -3.35143846155888
-1.20443595870882 1.51882694713642 -2.26240011731703 -1.74451175677588 -0.889672900161008 1.01467288177646 0.784872489511121 0.963466734937016 6.7411667791792 -0.695898103176006 0.373098101809712 3.91784377191829 0.705539642506988 -1.31698601659749 -11.6956062496989 -0.0117609813613012
0.210844396149435 -2.14150433549005 -6.87015141125276 4.0841361834425 1.35731509247519 1.08878118466746 2.75026333357325 5.12503202346406 -2.21386092252421 0.488575933388186 -9.44458936322779 -9.59896933862198 4.25733461004751 1.91436231369756 -12.2612350883968 3.83890707893639
0.418155999162799 1.51125837213124 3.6450104452333 6.75332171354489 3.36111558126914 -1.19739059925327 3.4853780351237 3.1637888652815 -0.669038126325684 4.62000104575067 -0.624233493840331 1.34667642821965 0.509390634498522 1.40547983365419 -0.829938247750248 4.27349121498968
2.88090084724851 2.80731367096117 -3.31861119151957 1.08573979641549 -0.638025848671732 0.264951629651828 -5.19423671326796 3.2909479473489 -4.79704371154723 0.754199301017749 3.01978533001918 11.0650110797792 2.42608422627824 -0.72583590173736 -12.824411104348 1.89388896054614
4.23419377413244 0.565869439772932 -5.985265131085 2.11151468233851 -0.522942265855417 0.714139248527373 -1.53406491112081 -0.396453691534364 8.87649447397377 -0.180487680993386 -7.03127091498929 -1.47453716824912 -0.195639887214943 3.61354012095872 -8.57579874500233 -2.40506969999292
-0.840531100320056 0.656515325246999 -5.77947438667158 8.95701729362511 0.964688170399205 -2.70671355687294 2.4609270659137 2.99801659830423 -6.86692732000157 2.96849289221827 4.3071265188332 1.86611111141369 1.65526337224672 1.38067287502075 -12.4112626135867 0.123310927503935
-1.4333637857121 2.76807980541791 1.45086899712895 3.88485482210491 1.298818639878 1.66337319215486 1.51621211669276 -1.99387939411469 0.848264341478895 1.75232309714003 3.71090993411284 3.93287105960198 0.113014066554428 -3.71924881156646 7.70127563433691 1.2263011170481
-0.0553437337052766 0.640052554572471 -11.0823635743304 1.02020203181381 2.5769099356137 1.27010427331209 1.92281315809569 4.57379720126789 1.78958339192168 -1.61727153002433 0.561514945441493 2.55374491142187 2.6548186795967 -2.36038252366968 0.587928812251363 2.5545428943344
1.8807245814474 -2.4000806346629 -6.30587251971255 8.12570622894222 -2.68460411270354 -2.26323140923655 1.28134857017539 0.0342702681609675 -4.29519274365375 -0.852716147042865 2.04214350895491 0.650967767602492 0.602632664477607 -1.70184463952899 -15.4275302692653 0.254297681616935
0.113288282652095 4.11358013258443 6.66384027594566 0.803512084441716 4.94649171434883 -0.173510077666446 2.31654206803385 2.30968245396656 -1.7723150261754 3.55043002724948 2.71817019395256 6.57584738852343 -0.806940176720254 -2.22731763300051 -0.76585013658877 1.56825686324328
0.889833339966373 -0.66359915688872 -15.2886725273075 -0.431671902532593 -1.46488761586579 -0.209730020464397 -2.18323074108644 1.96269432138905 -2.80361724242693 2.75338585048914 0.28530879032604 1.95515055554331 2.74026639595058 -1.90233636808317 1.04076047348945 2.17627920911709
-0.0100640979125765 0.847407477249564 -1.28149744815733 3.45071738019367 -1.37821202401519 -0.14909944490718 -0.325854723577713 8.3391619835633 3.49125342320502 2.3165679304187 0.680616032394239 -0.371817695371404 5.21505502517171 -2.46876408351987 -11.5584380290159 -5.41346809526597
-0.172581854378305 1.00616999397196 -11.9744734587279 -2.30459402902154 2.62830484331527 1.6229866855369 -0.210870904890856 3.95769111119499 -0.755189821966825 0.772118315663449 0.32125622560587 -2.12552280788706 1.37343897619121 2.22311303426238 -0.911035230008475 -1.32989151795257
0.292245658432557 -0.273964816052798 -1.99668637294517 -3.46610377130917 -2.00953443672904 -1.03213137816624 -1.68564924758002 -4.0660315462568 0.205675839704118 -4.03733596739842 5.51430666746175 2.29077519659848 -3.91410453212417 5.769929794096 2.498138214721 -3.26733391290214
0.230274202271109 -1.33873305467039 -3.34275253148664 4.64282872242236 -0.409532139371339 -0.400043258653576 -2.17270725582733 1.87245583186662 -2.43434796540348 0.123898633983448 5.79105058157991 2.10146353983663 -2.01177488210911 0.0177148535084193 -13.6096750485751 3.45432533538132
2.64493690004265 -1.25170851636049 -0.277029615754596 0.330210181676099 -0.537867405566933 3.54524017107983 3.78840141626505 2.11446290497536 1.85874542713012 2.22438231183136 3.077867446867 4.48901259571 1.0265312338489 -0.432379357159984 1.41734683134087 0.884539256637678
-2.96808642696614 -2.88986452444582 -13.958180201344 2.93063959500189 0.141559839354946 0.987158619578582 4.19956875663313 4.14150016202304 -0.90746619756594 0.43777072451775 -0.264762630387266 5.89582483080373 -0.264735235017663 1.1538730802079 0.341846849834276 0.782210154724842
0.467628573052899 -1.32219691954161 -2.3838705210855 0.892049985318747 3.93715646343675 3.0773661534923 -0.734846345229073 7.1569259007504 -6.64851853627776 1.20662470578679 3.01936329755935 -10.0601414504835 0.550950857112964 3.91200653997215 -12.5989590215516 -3.60403017693677
3.4977394031251 4.56959563736582 0.0271465494301886 1.45209441813881 1.95193412015897 -0.571684019967606 -1.63921820875529 -0.231590230655552 3.50749648774786 0.497319120380365 -1.55807433822525 8.9195810214288 -0.37215699418604 -3.62317859144963 0.0720423708787239 4.1254519586312
-2.43178343702926 2.93281430388003 -1.0310544865288 7.20829401934585 -4.45706240898028 -1.6317316796041 -6.07901025489648 -0.844772156230334 -2.27844024510887 -2.51241509217635 3.33601611574966 -1.00079599062752 -0.167592263846988 2.95065186291501 -2.33199219914468 -3.73997157520476
-1.05301518018926 1.46134432571661 -2.84518715796885 -0.445073376075573 -0.256085159519133 -1.59736478448768 -3.08076230729414 -1.32954962125308 -3.76217342256499 -2.73942212040113 -4.1989999948921 -5.47152299516052 2.04402850241377 4.04553650650372 -4.54461636407922 -2.90992930217152
-1.19504685295036 1.0895931378533 -2.8763096843311 -0.775151033069297 -2.13297039341131 -1.82341464454213 1.69292133543246 4.70503357685168 -3.17991448104196 2.20983882771961 -0.341577901484632 -0.346264211545561 1.51152581648364 0.362342793760526 -8.69686419503261 6.38776730123779
4.18139240983562 1.90000683008492 -0.784211021033146 3.95431666127405 3.75305424287908 6.04190164883637 -2.14205950905152 2.17550686704975 -0.271861262403201 -0.208483691498109 -1.36092631512492 0.779086927551007 3.02528586404644 1.21984423903811 -13.4943418292084 -4.44418917834371
3.07891066264558 0.786818274690665 -1.89784221833344 1.24166546851808 1.8961624421601 -1.59466825779944 -4.53989089147558 3.22549864055007 -6.25646744207496 -2.2024720806623 1.14555868106802 1.93826891155231 1.01395026916585 -5.61062787208601 -12.3903460423207 3.06262623071851
-1.68586306327109 -0.330862635441417 -2.32648204178984 -3.48159039390956 -0.313048867679847 0.386400268742935 1.1248670157725 -4.54753133667608 -2.96384558326892 -0.629239164919465 -2.86937914909796 0.951270579193955 -0.942997501190285 -3.35273826908425 -2.74189525775867 -0.0799285297724266
3.11987321956128 2.73299092347383 3.3574807577661 0.825800891418482 -2.27827424628641 2.35130430825882 -2.71515885539018 0.516661228986268 1.16219620490818 0.199547371614663 4.80000514557025 3.80282285423046 2.19576906993843 -4.9036172273794 4.67387616000252 2.24169041954931
1.1989598202662 0.802271200310622 -10.5847083270645 0.774585117452705 3.16392737684194 2.56231549334535 -1.17883032158734 3.09573181887073 1.48054911609666 -1.27491125224099 0.298904957332075 -3.17680556662953 5.25588091236254 -2.13824073063424 -1.5061888186005 4.49785554048305
-3.63655792145618 1.56221632479756 0.415320346013851 -3.49343036692727 -1.0649966227321 -0.0358315412333576 4.93702861042035 3.08363646463844 -4.32845086595734 2.04053432284755 4.0543715709353 2.6780370520622 -1.12578387593068 -0.475386720657601 -9.90788186131466 5.83494895048427
-3.83541237594265 1.07214094624513 -2.14012929780871 -0.381643351571318 -2.51788018756415 -1.8159038075876 5.34968489920593 -1.48996923108105 -0.351379451513489 -1.77838395402943 1.28541475412492 -6.34273459847656 -2.83161804737218 -2.09453857653724 -0.546434757404501 -0.238821684360411
1.06007243121282 0.920132155130897 -2.44285711870663 -6.44937397198253 -1.62545791018414 0.977981906204187 -1.36922965447137 -1.56673268106582 2.04597518561465 1.54780073804568 -2.55887947232706 1.13855843970934 -2.09438673000928 5.31752744506472 -0.937795869135417 -4.47702036252979
-0.205462060858044 -6.71954319213751 -2.7863647546785 -4.81586257659713 -1.06021711869546 3.73551101654924 -2.69230504264099 -6.05743646415795 -0.255367404559242 -1.6491300225585 -0.374759731520056 -1.76302235312328 -1.27657531474321 -2.0789411657461 -0.587255191247449 -2.1412555620673
2.5215190282408 1.65843974760482 1.82309491245452 5.49407403776373 -1.72857609876676 0.443970469136492 -2.03879877572694 7.76824646349785 1.02694793160029 1.04882423976178 2.21492315269753 3.68753500124826 4.3520051705449 3.48752699144273 -0.141397062547078 3.09659723064972
-4.22183926093613 2.610959649218 -8.77485204317257 -2.84543905892052 -4.15079142416849 -0.255510658796843 1.81544433645777 4.00448698150746 3.95003925728576 1.17788878019103 -0.0110705868636355 2.40241464457793 3.25312523629556 -0.259119451991245 2.44494669206838 -0.750603966874496
3.92024588612118 1.06611652336656 -11.1533054314926 2.12469834830052 6.36089366771341 -0.767590690107936 3.30376131556611 3.6194589012339 0.518095460921729 5.16783117959506 1.18992583603956 -0.179258794004832 3.51824845242875 -0.0133653280147604 2.16621036172231 2.38821790586209
0.145549621400193 3.85908079853722 -1.30047379381522 2.8866490533669 1.5357842924663 -0.296360120207469 6.00967473511264 2.85604479919529 -7.92846320410329 -1.28529276991187 -2.55913644477496 2.69257207448883 1.08850269943911 1.27137653554335 -16.8319400886503 -2.4110909823705
-1.05030517604957 -3.84874533502485 -6.20944203299545 0.542394480426149 -0.0456626031828858 -0.847517616866991 1.19194692632246 1.52604866281573 0.883859222225001 0.83198948281136 0.612795004989942 4.29439493514422 -2.28062928759892 1.25628660919536 -12.4056482106862 2.4156076253875
-2.88758154021366 5.45372443172034 6.59157804193296 3.8765823495645 2.18964411970076 4.02496087387619 2.57068154600971 6.46776251567368 1.77695237705999 -0.727592769850802 1.88709797629407 2.82849963579795 0.794929028583404 -2.57017483703327 4.34574347141937 5.31995732297536
2.34841520013311 -1.14677943012803 -8.32207540949645 -1.48084935588499 -0.810487939270863 -1.21435620563653 0.355319830646758 1.30916941035365 3.10163240697809 -3.0117835843151 -0.200039342359996 0.196850957714636 1.23638014330415 1.95773916245293 -2.00806465209109 1.71557371881367
2.59836876237716 4.6207324723841 0.899206674814727 -0.404280436842317 4.09816053437022 -1.5452080603142 3.20725003307477 4.18443546819767 3.92816320174263 0.576099208868613 1.48341576259579 1.26764396295985 2.76575468087342 -3.05106784017755 -3.69799172120093 1.95788693860935
-3.12841039870796 1.92299707021897 -5.92611788509914 -1.66690118364422 -4.75726398428608 0.387771893394762 -2.12024083337233 1.74176334047899 0.822636911777443 2.19694802496802 1.58717991385976 1.21590488264739 2.10711526975306 -0.801116771391669 1.26166805767581 0.502074007468469
0.939927099243321 1.58429910817749 -1.06431808687965 -0.13012680554316 1.18480918769169 2.89940525905782 1.68631694360631 1.19037480632947 10.0510120049695 0.457100389125884 -3.60484026979036 0.785321401137491 -2.31543639273894 1.86356586616531 -9.62206102319224 -4.79765762790545
-8.64042003836223 -0.142802882841162 -12.5426074093364 4.22677957360808 2.84599826366502 -0.540311402690135 -2.15695928224959 5.82095145533217 0.18204448619671 5.3909488021798 2.36814210784155 8.64661800422186 1.23323279277313 -2.50357718084332 1.62843349447938 1.39981336213895
0.336721280769071 2.6180907178832 3.00932826771144 0.208255454514026 -1.46409573365029 1.04767119855794 0.317369722346363 -0.33246724009944 6.90983674430339 3.74710263724902 2.02350549599047 0.722828809898405 5.92276450919281 0.66965364655046 -2.10985916312538 4.76335522745896
0.075050011741628 0.601275773433361 2.69612493594692 5.78402617758197 -0.813387823145107 0.296903111258163 -0.743852350842126 3.58569363061353 0.941174407165622 2.26645330992133 5.68621169739541 4.67303816516594 1.51848003337998 3.29917850541101 1.68325537671958 4.66099146596722
1.25245241002323 1.53732222926292 1.73148962573521 4.01726859232322 2.06621974707654 2.14902244773855 0.202730005155527 6.49050485935854 0.644286235103941 2.49204893384288 -2.49834532401168 0.273495613639713 0.0962688655854762 -0.897133499896399 4.43192963067729 3.64416152697234
-0.381084599954094 -0.148623226876236 -8.43703764731861 1.59849129182793 3.84587051501872 3.63480650771876 -0.927674344223386 2.43595498244524 -1.41114011260586 3.63547021174255 0.755286013285812 1.95060249574748 -0.859145108840719 -1.5966426008033 0.137294631056133 2.47145735885857
0.320099227517886 0.0128093914102005 3.95451434246599 -2.99281856915077 3.64469996805504 -1.15584411179762 1.65378257714833 -0.587517793304193 3.96628253594218 1.08217124345037 1.26038732567711 3.77366772454674 0.761903143287118 2.33966930595864 -3.5252117019977 5.17317583988791
-0.129068861821291 -2.92670800181334 1.46613961917468 -1.94908658312253 0.62643744164255 -4.0152638378061 -3.34154960891147 7.67958867406811 3.36931828342832 -0.00504584829196897 2.31661357536645 1.54458638793567 -0.0811902654651002 -0.881438788431116 -11.0055961864315 -3.72842246148858
-0.5691198254142 0.221065789692245 -3.89423160953178 -4.56523445396878 -1.30702103354866 -2.14923387771031 -0.284481844572484 -4.19186032617651 -3.01146735809127 -3.15360568703098 -1.46161543181514 0.263919215166019 -3.5123805305198 -1.10726965001466 -1.53538751080039 2.2233662946104
-0.373955442067415 -0.0675750299705984 -12.6563967139897 1.84714816338496 5.62921467829742 -2.0514476977887 -1.44834387132257 3.60675602382746 -0.909845955338731 3.81607298173433 2.16406853410815 -0.529656579873618 3.89873824073931 -0.11671187130023 3.03374402663738 3.1251378046256
2.84091160193624 0.571786645710547 -5.40530176563011 -1.18244862359795 0.98225521978362 4.56222566709758 -2.34379845119653 2.41355398091035 5.2098635861669 -1.49347989145691 -0.893399627466238 0.293003643274793 -1.89499431838138 3.57980847840375 -10.0236824309154 2.48581981811341
-0.0788783556489181 1.41932459913398 -4.44356910107546 4.21028303860311 1.9642771681823 -0.750508736961361 0.444846347979092 4.92653540154645 -4.80369114702957 -0.936191263454027 -5.53749854894179 9.17318168463382 -1.41313987057108 -0.966193544335765 -15.4231970762617 -4.00126612582845
-1.74874831164367 1.52133293815796 -0.939332743795072 2.42644377792493 0.266998729493178 -1.07839715478521 -0.654412487954966 3.2214062100377 1.60091847628618 1.99833401156914 5.27308148916317 -3.71729313422408 0.40031328543346 1.68738881407785 -10.4125910580976 6.86476248101337
-1.30519434100136 -1.46750086050247 -3.73890448922526 -1.41413990233277 -3.6845370520425 -0.531688330258924 -1.72163967677705 -0.82051998254486 -0.496953350013088 -0.278359100815039 -3.40709822062732 -3.70168202208803 -2.65822516159366 0.843279929993222 -2.7874867327765 -7.16796858898854
-0.734695384795173 4.15700430174119 -2.15128580421806 -1.13561166522566 -4.92925920419688 -0.837967910705524 6.41211264232018 1.88863839554557 -0.627750133177695 -2.2921561297775 -1.82967011715503 -0.162860165402021 -0.804333218962833 -0.851338914257377 -3.19982978027135 3.20246025941513
2.03672390112962 -0.203166751442851 0.72494899882231 5.10377519061021 2.60291070002077 -0.307654270922007 -1.38732643680468 3.80778543285694 3.97654709607325 1.62993907630319 0.898936282783331 2.00984265629414 2.27820950379312 -0.369240273318532 3.75537626815064 3.01342365601826
-1.43437804650941 -2.4108191632893 -0.9679973019025 2.25035645615311 -0.492954049250857 -1.08656228017387 -2.09031255624732 -3.98654711576256 -4.24224274550197 -2.76835652430547 2.99946411757992 -2.18679571615522 -0.393276381396023 -3.26300901706049 -0.425344018112348 -1.35376527068326
0.248392020774498 5.58214470505324 -3.44330714343693 6.79479998092328 1.69469273847577 2.73948072054354 -2.17005490603178 -0.653582503932888 1.69553101590811 3.36974882767891 -0.421158556603559 0.578046704484772 0.437370327938187 -0.139543132535695 -11.999474414216 2.95690237507282
-0.561817683869486 0.101953087962621 -2.99707248023088 1.02882233052469 -1.72576484923441 0.714355610285763 2.06616145595172 -4.99188517424487 -2.18905118714407 -3.0035410479253 -6.83878434200918 -0.0706175245218899 -1.40042805589447 0.701950536825414 -1.34419937648703 -0.417475514918627
-1.48695487746349 2.37789571363638 0.786567920797277 1.31413035255193 1.4641746141535 0.0329517101338603 4.3500301661158 4.26319886063501 -0.207512568344756 4.47729911205458 4.16435268484748 1.11926490421365 -0.370537073124545 -0.649988451880733 1.87166450214868 6.28245924617833
-2.37701699326973 -1.60705239800901 -2.58345545682716 -3.22335819295926 -2.0556675890002 -0.55626901415841 -5.57586326296404 -3.81468204360777 -2.7644918736069 -4.19841208680597 1.182668756216 -1.36933229084103 0.984202890655923 0.922774351796927 0.488070989787753 -5.55258651520538
-0.0286049215004045 2.05219003622085 4.91225446019962 2.9629116906432 0.960057086436536 2.17861480743579 2.44742142518732 -1.07294510604464 4.58848666911558 0.649412775360381 3.45657114196587 -2.44567787552112 4.10646190960429 -0.471044307897238 -1.09486696720068 1.2448227440205
-1.54393039154359 -1.3344721250297 -2.36730406863868 -0.306182952680873 -0.769606567012501 1.6092334434143 -2.90787226546256 -6.2380867047454 0.683353640172204 -2.04072533844839 -1.09844003578196 -2.44848330147929 -0.736006162063557 5.08128836813636 -0.560886245964946 -2.9327796494962
0.552653969591939 0.263001240093191 -14.6834007461294 2.99715825943506 2.672300292364 3.90952673376047 1.75676646964774 6.52795390476315 0.318283026564624 -5.03537432895041 0.833482851278268 4.31575634387576 5.9087369468095 2.77104986409649 1.11431131542988 2.72202053715704
4.98602189902649 -0.781948276161548 1.34140972498336 4.86798510918302 4.5242127191448 0.382097332866402 -3.85485065300323 -0.709809258799192 0.648298552125986 1.90696017766114 -1.74812432425305 3.29868661952749 -0.869261044302995 -0.0871443489658612 3.94871314276554 4.19414719415826
1.6033551963372 -3.79321077633213 -1.18088141557122 -3.0026158475341 -1.16038014285765 -0.160823462155473 1.11534574424798 -0.951078282828116 0.132527442483973 -3.84726219993073 -6.23509232918672 -4.43798646953508 2.08782235752434 -0.706386324686562 0.106875191545587 -3.85642634512249
-1.73727854005695 -3.02437162430305 -4.82333415925022 0.274090195313319 0.419441959267044 -0.727569506920278 2.15721841788366 4.67689509417137 0.668576584793782 0.124860026306322 2.83542437210051 -0.22676899308354 3.06603312009697 2.44621009418417 3.56850252355546 -2.7083389327884
4.87254914497922 1.82632976487469 0.931398897663569 1.34739576956214 0.20258474998874 -0.306781640335065 4.22396581047039 2.88209635995147 -0.825919100362501 3.56854190925671 6.78186835123144 -1.57867563132321 0.205674960585674 -1.43938920604961 -14.7667201745774 8.00137853705387
-2.40928583720604 2.41301114416574 3.57175148254384 0.897636320055999 3.36815675392475 0.989341512699961 5.75267264256599 1.43594444590848 -0.159982457664692 3.03504665442059 -0.62025400432795 -0.850490362488359 4.70063573083526 1.53830151470124 -0.268326074637804 3.33219082282798
-1.12379175420152 -4.36845998647703 -4.67429935338697 -1.31904979043777 -0.68480750248419 -3.16104447769709 -1.64779296421892 -2.11695737414332 -0.5445059166669 -4.95475674134506 0.741415609405962 -2.07882633340613 -2.69049422670301 -1.2950677252871 -1.64129376025489 -7.04480171098386
0.721692774481891 -1.79304517704475 0.444285185927978 6.41605769204558 -1.0552718169573 1.24648845449473 -0.985249110888808 -4.10290231423246 2.98434102744984 4.09776955252683 1.71909716832972 2.80225233148656 -0.94543603966702 -7.25728526289965 3.62695234442685 3.38925265813366
-1.30827949115244 3.36649193677845 5.48013382896977 0.00182377293455804 1.91444974689206 -0.760816343584667 -0.785736945562876 0.185807388052206 0.0429622171786397 1.83027414155737 1.80872972422937 3.79562543252219 -0.594707713905325 -2.69945274574902 -2.07710116744055 -1.11706997873155
-1.0215004551819 1.89576223114779 2.82112158402928 0.872757083732138 3.68423803631841 -0.619219102143628 1.88789630050241 0.208871513023169 -0.114634162580944 2.84475842615896 3.13149948269758 4.12804317437722 0.896098803156819 1.46616943490579 3.70920611498693 4.9734176796307
8.88467930340189 -1.28020459079379 2.63787075112197 5.01876432022835 3.09013709173759 0.706058888409222 -1.77243243053114 -0.0255656121599566 0.0176744180616919 2.17585327532884 2.29823235036063 2.80834231456687 -0.307629761407153 -1.66209464729463 1.97314588100421 3.36244005421165
0.544135724631581 3.48841211007231 -18.5162886990602 0.365717218004091 2.72538714880985 4.21912703848003 4.22572828653749 5.83371547553913 -1.13411047332015 2.19164294473108 2.5907616812665 1.00981188429561 0.579464439759005 -4.17544406049689 -1.55599553547868 -0.814565292243687
-2.86537013214535 -0.883651964917091 -3.17064408348897 -4.20435411472212 -0.290739496709773 -3.0942698619288 -4.57073664915107 4.68243416141868 -3.74521207905487 -4.38970635649652 -5.98385857944483 -6.66877435422861 0.939571627870048 -0.384128087355502 -0.21243892879003 -7.21885904816387
2.94019235939282 5.99979586176922 3.51752860701148 1.94236072691888 7.47101533937957 0.000184819557428495 -0.613460393924325 -0.51354361060069 1.94676635542965 2.03543950530726 0.238879735940435 6.05375549363129 -2.07098403923822 -0.832530214445672 0.280387442678096 -1.16020761807389
-2.42627077798192 -0.501643177605481 -3.76259348338526 -2.63624906645964 -5.8178691311449 1.4130618146638 -8.23253874447986 -4.61810680311486 -1.9493092407285 -3.00655234475358 0.577584560898408 -6.48905819582249 -1.50463540563759 -9.05826805062516 -2.71912554845457 -2.13450065380915
2.4275036491412 1.04598159326709 0.896001762985442 -2.27980930402716 3.20036359001707 0.737779579789747 4.13235433748488 -1.25605321084924 -0.933551183501481 1.45987011066942 1.32445498075064 5.13959304431618 3.8506010470627 2.02599104701949 0.0781060186091125 8.01551384468361
-0.549267331921658 3.5431186054231 -7.77565976411497 1.69507871050643 -4.57138433514528 -3.28018352915647 -2.79526122995593 -1.35134396888543 0.987173515315564 0.683421859232923 4.25239435472757 2.74411888490876 -1.59035563111783 -0.956477276133746 -8.42593510713194 2.37561925514391
-0.331531170429223 -0.913483486922636 -1.84223524101263 -5.26359273450137 -2.30634608911795 -1.96503825674519 0.686252190118315 2.18822389806969 -3.46714985623698 -3.96788509693228 0.876776525728933 -3.307778394813 -1.36684924619503 -2.76126869180406 2.012505730631 -2.6135308617603
1.4105706282163 0.943036600951853 -15.4958820162371 -1.78210998326409 -1.37316766345124 1.86101708222715 2.09339065741628 4.79711879253126 0.819906485137889 2.09763231952274 3.89282916766312 4.93231166142376 -1.42343994058102 -0.553768647193367 1.04729568258202 0.664688793381642
0.705744170811256 5.06330674142843 -0.963968151460127 3.15480759491234 -0.864128427053257 3.39781170089236 4.24741282842214 7.93729193815424 3.45632185651937 -0.418479165641609 5.48525416537119 2.42693358288697 1.03538500397302 0.970196486388824 -9.92587227221586 0.974184386827172
1.90266863098858 -1.8180786728286 6.09936297405293 3.42682544346491 1.77376374079065 1.33587137412704 5.88929244765755 -1.48628149051068 2.62294043602885 4.0066219776674 4.8551634002 -0.619333041646245 3.82567176900643 -1.01577385842867 1.4493053676482 3.31682077220809
-1.43290886546718 -0.470741438847834 -7.0744830802414 0.475517941399821 -0.681065823379751 -1.66501964908191 3.95821401488356 2.14605721800652 3.07387141565933 2.89269696965682 1.90250695765263 3.41198686277318 -1.37540516199927 2.98396257134463 1.9968243864958 1.75862710639187
1.51815621644482 -1.52628129953636 2.4492562308985 0.275892096499343 2.29023916055782 1.48370938929941 -3.30168713353123 6.45410543847261 5.45704802316347 0.860110609716706 3.93895230256537 -0.116291333320668 1.96051923933703 1.21250265801932 1.62706135967296 5.59774390618849
2.4721962848839 2.47958230853964 -2.98576417047958 -0.444300514285299 4.03769806270169 -1.6189233686386 1.93318326742768 -1.66390468202649 6.50386609405935 0.536307266600123 0.66120797427793 3.50426779291775 3.67447964525565 2.47858626335156 -9.58063112714744 2.04785668141924
-2.60789328703147 0.835344562639856 -3.14159487803016 -3.9120673042084 -1.62538240356863 0.0867297881559722 -6.1667873111569 -3.21558187968068 -3.2552075602135 -1.77779163247237 1.53160305777033 -3.22020264701847 -1.0645140376712 2.83086364094661 -2.1060674766892 -0.09397577632161
2.32590007843085 1.00489051785526 0.837582876087562 3.00435283293157 -2.51602719230475 -1.41133847431216 -2.09832703464373 6.91997282172381 0.246902553054221 4.18434210937643 1.20588202134765 0.861606247017102 2.1140766377168 -3.13757272386066 1.73973035677801 -2.58213681704424
-3.49174097376768 -3.65575498794896 -0.580264723565117 -2.1043119118629 -1.68785678175265 -2.85602428991728 7.26000383229914 -0.182984693123448 0.837105501284352 -0.277610121048495 -2.99102581217052 -4.50750824982616 -0.479643333171435 -4.74494238623321 -0.365192107664401 -5.90600669944614
-2.45862745810241 0.211429020501776 -3.08650418053734 -5.37205392430394 -4.12411493150563 0.157071336425099 4.80294889185002 -2.97542147235558 -1.19132779818788 -1.25549370900596 -0.0387989811333278 -4.66749028361467 -0.970232968426326 1.29205429228088 0.629242869041365 -5.30593630456313
-2.14262856400312 0.698317424293627 2.30298893835524 6.88359549904017 3.89000434709526 0.727778614370953 -0.554024777236927 2.4635623361901 3.11646742893432 2.63591182947483 2.33956582847328 2.80803083969349 -3.98729529824246 -1.95960528960449 -2.02601393286018 0.825190405645629
-4.46489375305572 3.77895688673252 -9.79157893614555 -1.70315500888285 0.213451326710131 -1.00917975141492 -4.26980859709579 1.98933385932981 1.16333004452664 0.819699087809688 2.27498009797323 -4.76574930632058 1.61695084020023 4.85726457840328 -0.548446294187733 4.20208501502664
-3.97870888125653 -4.13859300778837 -3.05006060523889 -4.79209470616392 3.48782488918555 -2.37657187505904 -2.66113970517613 -0.813319461605089 -2.36095743464784 -4.2158963146498 -2.00408782507438 -1.05615591338747 -2.92064613011353 0.267015433182206 -0.509056506383392 -5.09011901346119
0.661723543761741 0.72418525413064 -2.82553470714942 0.735202998475799 -1.42675628677756 -3.58205374626877 0.217375685566791 1.36681923153638 -3.01782464046997 2.13789609886966 -1.16219286020209 0.165212209500486 -0.325747792005868 4.43140098017043 -10.8659465448493 1.8725046077967
-0.354931254353259 -2.21002187290247 -0.792806910937949 -2.49802100991977 -2.71244687103866 -2.79298753609355 4.04361930228505 -1.13398144834105 -5.05920403652688 -3.37343871993155 -5.20863009572712 -3.97269911039877 -0.739614059761819 -1.38362914751091 0.270102515308467 0.32212193884702
-0.993769563410086 -1.92043385073685 -1.99826278132722 -2.94695774924574 0.229230474540884 -0.6659610406721 4.83748991979839 -1.34841875584305 -1.58949105830796 -3.92850869658238 3.40673179951874 -3.70824087174224 -2.71965529994666 -0.0809229209362358 2.10405281738702 -2.48970873351446
-1.51849451551544 0.71708931158522 -3.91649512685733 -3.08594810782437 -0.948418724440559 -2.60727540901851 0.646192240550265 0.0218982825525385 -3.19809118746585 -5.11140818508609 1.86516016783533 -5.09224907772356 -5.6251904788925 2.38303397974105 -3.72499102510939 -4.32149376721288
-1.45655865232168 0.152815271912375 -3.73190777006413 1.36872646572416 1.33896769702282 -0.312340334955258 -3.00785840675945 -6.23857776151927 -2.05348984878876 -2.90202539161586 3.22729617655335 0.0767316823185062 -3.96059780405279 -0.425042687718498 2.71495738372626 -2.08597288551872
-2.80583174294684 0.0955613749414419 -1.34431769597789 -4.31879716821278 0.416419786649497 -2.43261370776597 1.10791928652098 -3.71918706412265 -2.01296664115303 -1.1339167664204 -5.47385089266127 -7.00320917473193 -2.89078558309643 -1.64771052206121 -1.86550232034751 -0.590654956718691
-1.31243400631892 -2.51540514404383 -1.52055808195642 -1.97666151018154 -0.79063554360844 -0.0525766623606556 -4.29851979928407 -2.2461977874551 -1.87764931295156 0.946935082681527 1.35285388537218 -1.30917864731358 -0.465022537612744 2.58964222552723 -0.2998266149091 -2.69910475884011
3.55454544706021 0.22669983473465 -12.5194429380995 0.928809963201378 2.21217472537121 0.949170951055857 0.780499128555212 9.00947546261062 -3.13272833396614 -0.886449017287504 0.703763240487697 4.83869244465583 3.26480033687088 0.096368072355322 0.759641226935675 5.91794289226268
6.865620071998 -0.346131725777078 -10.7397574353982 1.4468856040838 3.0745717459002 -3.16392427906937 0.182068713342573 -0.470563888892889 1.20204749946202 0.656535320485128 -0.888013350035112 3.91894441577386 -4.11841459151173 -0.485561485790768 -2.37849675456854 -1.61978670490769
-1.34368114483788 -0.280699982909045 -2.78304814862584 -5.6607970724371 0.264674858177233 -1.02364067482794 3.25223994277028 -2.72647909258707 1.11623641023008 -0.0250150533690701 -3.26326066977689 0.785847920741772 -2.15821341040423 6.86421423028749 -4.45294531240696 -3.34193510199675
3.26429904494074 3.10565838322681 -3.58953304059199 5.93055212522176 1.82258310592174 0.386422717744046 -4.46434329370032 0.304769317335885 -7.33094286758572 0.19941672741917 -0.480793621571546 -1.62674705560986 -0.39915863102726 -2.85404508790357 -11.3211430435866 1.88950403330327
-0.254583845731907 10.9000553062348 3.2033299596275 1.69696817019721 5.43226787126927 0.988710925181193 -1.12233930975936 2.01594385584437 1.6913482694644 3.98758627737759 -2.36655207108969 7.67738956790502 3.88941367696842 1.7697283287541 -1.09230667357157 1.43019753473042
4.82198776300303 3.44435986042987 2.82208440775653 5.12834956448783 4.85836998368038 1.56183758197104 0.717573255928865 4.37179319012531 -0.711206024156198 0.237526092407751 4.3117578734923 4.8898121948043 -2.97419510264736 0.472486636651873 -1.07486154266482 4.77760178954856
-4.810402871069 2.30492455110901 -9.95060793359683 3.20266171680197 3.9418438183759 -5.37352395745201 3.1943621041108 5.8899069656184 -0.488940584228803 -0.39713854507013 0.840139589517938 3.09045099566894 -0.63629466783173 1.58499473097881 -2.34080060954855 3.01401010337454
0.748257249583428 -3.75706810973599 -2.53447282741779 0.925350355695845 -4.11702794268677 -2.636769916108 -0.43424002842992 -3.09776712490879 -2.26693081766695 1.00213282182461 -0.412021722114776 -1.87522654933905 -2.02454591523279 4.34237430674926 -0.492963752400487 -6.642842263788
0.452650493182122 1.99246225865156 3.7193521095928 5.48811491145628 -1.63576803564065 1.0799021933016 -1.66940147969664 1.67037851577278 1.44769535356537 5.82164730844331 6.36367970341712 8.07214852117585 1.08691150985936 3.09076116399451 -1.78748417568052 4.06428518035844
4.94549428565597 -1.50414895293493 1.86675521917505 3.5141258091391 -4.83615786520379 -0.443447441237832 3.17812644454886 2.08402581292167 1.56388695364673 2.62930473402447 3.7945775772144 5.19801636428902 2.41313028626933 -0.873890583127251 7.14394027379427 0.950847291605065
-0.304075208482582 1.43949856187521 -4.10774376088488 1.74932810357153 -4.18043540901489 -2.33955293590327 -0.581419211225 2.69651935326531 1.8383049175444 -1.21253091094023 3.10721105073638 0.545996798338424 -2.00178531306511 4.77358718795706 -16.1005910051274 -1.79345582831604
-2.6968960894775 -1.67595475988525 -7.06873425889989 -6.63059868206317 0.0250341050252906 1.04644445397733 5.1877227051554 3.41066891862366 3.32678500990778 -0.469155179700704 -0.107484585125966 -7.72885098999217 -0.144253952906749 -4.13670615391382 -13.9766104846094 1.86541441028909
3.46545743633947 2.10240809529369 -10.9611225418328 1.21279943837192 0.580375591400126 -0.472410120149846 1.46833670317168 8.82160614458749 1.55650618910432 2.87323027576026 1.11870232994859 -0.174069741798716 1.25598181232952 0.6480414307695 2.69865474992245 2.02418422682061
3.52035285589034 -1.2024266286972 -2.88099510043233 4.91046842721526 1.30541886634911 -1.85112583809327 1.43554838715412 1.68093815532092 -0.621097717620383 3.45088553565834 -0.416579935604535 3.51675511867252 0.592363404081505 -0.259748216606094 -11.9637569878378 -4.05981223084795
0.953402340021212 -4.35031164479583 -2.77141166600612 3.15391961126642 -1.35946279696415 -1.78285129500387 2.76152821696871 0.995601700945063 -1.21534278136392 -3.7473415727734 -3.07528749892827 -4.21814846736146 -3.27637372404001 0.762619810584982 -1.98578714786753 -3.98715334023544
1.18418285834541 3.11521896457609 -8.42216046006303 2.33257555793151 -2.34527802412923 2.75406035026812 -3.31991456082204 -1.67731841443575 0.505584035319628 4.51534134443764 0.911644407092238 -2.08111146558297 -2.80997420410565 -2.69618129346671 1.95460527641895 0.488430828274336
4.31895093146455 2.03417155822207 -2.80783879955184 1.81684106068456 0.442676824276273 -0.270129575894277 1.37495026385086 3.1635645517113 1.2817410272443 1.15262628896218 0.730846652712872 5.00057151881222 -1.88496703742391 -2.6309595962762 -7.62584186000857 -2.4630382851232
5.99368997671564 1.30370633261167 -8.2674799281848 2.27770543900035 1.32382716385785 -1.06090368238141 -2.91214663528614 4.34294720683994 -0.974207301147341 2.96928071907154 -1.07416780419654 4.34550516665955 -0.842679030573033 1.40373464366259 0.854563439960634 1.59172573077872
-2.12456314686555 3.6528220239659 2.25727930640773 2.07102938577696 -0.391503112771095 2.29564149735777 -3.90346621059681 -0.490527180000796 -0.516417387368507 0.877584982687764 2.0092044564415 2.0092623173072 -3.4957376464806 3.48564304185027 4.23764856018258 0.457062602713306
-2.09012958755127 -0.303115941018539 -3.54279455919844 -4.31119612419227 -3.84224517887157 -1.01554197291532 -0.0254452939018197 -0.180519898903468 -1.90406291080807 0.373612659271121 -8.14786442666798 -1.45749413454716 -3.2038381738542 -4.5086711420153 -2.74175893378095 -5.46086574138925
2.18423074382386 0.398276429062334 -3.87199449934275 7.79203225551688 -1.70576208429154 3.0638438246984 1.2788134643326 7.22173730156361 -1.57887145619287 1.81246932432508 0.944435523552952 1.71283104398746 -1.60446433034872 -0.017895335653849 -11.2127801792444 0.59423289031628
-1.6353780411885 -3.75886162476042 -2.5584640471007 -4.93739922418737 -1.18125228626943 0.827812254466248 1.07960872567714 -2.23065074126832 0.0416238984083983 -4.88066816073685 -2.33804934687732 -4.46447611223831 -3.858293456448 -3.07712730675429 -0.822310704422103 -1.42565652325583
-0.535916716991212 -0.296463494095464 1.19616872852426 4.65950796151694 4.49133860296819 2.7093065682984 1.13642926370411 5.66304212125741 3.06381274692255 0.607791985732516 1.6739113796403 -2.73270512157353 2.59565485120256 -0.626524970574861 2.77180242032469 2.73556537896246
0.530540300224117 4.21033370301581 -6.66685680395124 0.185959717185683 -0.793876444673737 -0.428729908406226 0.243856959422518 2.96523754459462 2.15765013988875 0.685848060296709 -1.3066223716362 2.94168522239769 -2.46786278647428 3.6487719874031 -10.3575970332045 -0.717730433609758
2.67478035207703 1.44836971406058 -5.90254446832103 2.07739474918749 0.226076757516291 -0.0356951155619194 0.221373648413095 1.96089105191753 3.64627746950681 -0.565580302238928 -1.76991704362517 0.385516430602719 4.7651938426894 -1.45637272619537 -15.9810594338126 0.162395093005843
-0.0252720391167123 0.159064579657598 -14.7819517636959 0.524085762527432 2.36772919760919 1.99783725188937 4.65878690041881 4.25602938146253 -0.220697789246524 6.29250984437467 0.863832904061292 1.71071791705384 -3.59242717590802 0.245163713931206 -1.15555759696225 2.95992184532446
4.93645689864052 -0.357577681262874 -9.40907437956742 2.75813718590735 -2.93397873228692 0.699442126964602 -1.36848346279995 3.00953666184778 0.710628466345812 2.20204156719286 -0.834110965512575 1.0426586506653 3.17093926241415 -0.478407196390856 -0.837447187494491 0.796061529785398
1.61229915553652 3.61958438984418 -12.9344214485007 2.24463616008712 4.50607467448522 5.497987324958 0.790126124321249 9.04544865702525 0.836258047814263 1.13054622137214 1.81288584040986 -0.470925791559268 7.3272080278053 0.55985606593887 -1.9065257095012 0.179306638903367
0.130518197735717 -3.51338855217243 -2.20918425947037 -5.48057154693534 -0.0314472086490192 -0.752859315210348 -2.09401464018501 -2.12999782792984 -0.940416238176081 -2.8133145557732 -4.83626887818191 -6.26021142857436 -5.62081649900259 -2.92001014577836 -1.28124675068064 -3.0915283043243
3.16208190834632 0.41110924604562 -12.2956553694585 -0.244554078539172 4.92866165012614 2.21317990952957 4.03716224814049 1.47686783584638 1.7650784768739 1.83988189016053 2.86318525777982 -0.858514525710781 2.93453420222782 1.34433251238456 1.91414989872767 3.16377633620685
-0.383579183863366 -0.470224991450375 -4.41076532900833 -3.24549069738986 -4.35637943204944 0.368174196265852 -1.57808829005479 -2.32305427287515 -0.390806015451788 -2.12640948683672 0.45082180787432 -2.28118935801733 -3.09720505408251 -3.50797768362585 -3.67792640530885 -3.08731401865524
-4.2844925407195 -1.46239591146291 -9.24100368479635 -0.828632771084127 1.00623654336178 0.442482856822328 -0.972573582679554 5.3672810439893 -1.71193714919135 4.24364727437128 -0.146270741177964 0.537668525572286 -1.87265305829539 -1.17954520342908 -0.386167804464251 3.12824874946126
-1.50003536386899 0.174159044288038 -1.86288941131319 -3.61815582194886 -0.889744272064684 3.28502173008249 0.50737604244309 0.146047073253091 -2.4531826646459 1.83488823190403 2.07816434957991 0.409230306013058 4.53149285384234 2.3536294526696 -14.8695609392748 1.9413188059727
0.764488738614843 1.38494490105618 -12.4022616853697 0.633347421109982 3.54118416116526 -2.16494080269872 -1.6526639025505 4.50379432092019 -0.59145534114722 1.37973120502935 1.59363296836523 -2.21717860058111 1.01929463377573 -1.12659579859555 1.15555714574515 1.23005100915392
-0.000734683359488342 -2.73154171756418 -1.66453240441599 1.11781152624922 0.167885047536974 0.0151873325668744 -0.970034244209608 -3.60953697548995 -3.26551791831899 -2.57447413957238 -1.59220206530837 -4.24389144122815 -2.42723718302244 -6.43375413442329 0.0877122521374817 -3.78349173313682
5.26054337008161 -2.30699712859328 -10.6608724555083 -2.63158516470565 -1.7943833518886 1.57052682451051 -1.67312051297016 6.78168121272415 1.30881276820684 -0.82207303344757 2.17047205715993 1.18233073408894 0.600917956142581 0.380211500433033 -1.74559420167772 3.11704684003829
-1.81110454326647 1.52926453031248 5.47995521582737 1.47354390893938 4.9689373189785 -0.7474590759939 5.28560635929767 3.21877932994308 1.89600550188844 0.393513248761903 3.27346666919222 2.77122027275242 3.1691689446416 0.547248692934798 1.11014683383172 7.61969032775577
2.47452641330972 -3.48967882054067 -5.29057389401397 3.59307256676963 -0.224794001496684 -1.14953916992781 4.55061562523584 0.183277340215413 5.68446684638458 4.43734815650302 -2.59495880234451 7.89669432459485 -1.2524777780403 -0.190234004222281 -13.0736698423876 2.3102338794095
-3.53432079954725 -5.14629055533843 -3.56375754126598 0.851209161375924 -2.05114226722219 1.29433801307372 2.37996657880622 -5.40221196438983 -0.950808265929294 -3.85913456948058 -3.54458377925608 -0.0663916923971728 -2.22324760753728 -0.891136438269454 -2.0115493798154 -4.89131709456175
1.49320047085787 -0.445908508640268 -6.81905337984761 -2.22677958380135 -3.54250942588316 0.653252591747995 1.10102322931616 3.53857314466989 -1.21388422702828 2.76250972437125 1.6735377908966 -3.18718914092537 0.768512166258101 -1.95315314839157 -8.91335166882221 0.402366562650969
-0.235619424677026 -1.11642049867657 -5.36547294865705 -3.57885380808108 0.221223239329803 1.22430950954712 3.35548353517664 6.1837517243555 -0.0166692447511551 -3.84603183601306 12.0953547609303 1.93696191723912 0.730294721857154 0.656021289983223 -14.8896113886944 -2.4650511096221
2.67221677940761 0.353328561489875 -8.69469637256297 2.56168881924178 4.16977449149327 0.939453626230998 0.0762628204647552 7.35428177859226 -0.438059499337932 -0.767606695220199 1.61666232948695 1.9883226122771 -2.70458287854098 0.633555210559662 -1.14378438681598 -2.14047674205456
1.71204521035251 4.10532595436854 2.04286454341317 6.06074422235066 2.71786679059928 1.41257149785784 4.45996419501611 5.30257705693658 3.9325670648187 3.34341498030695 -2.81323284879027 4.50414883859711 4.87880539773345 -0.00189983777679764 3.07016476650658 4.54139684672883
4.63604875852469 -0.0541495608399218 0.246229885167967 2.63840538552162 -6.6815947710336 1.81067242874684 -4.5890159697947 -0.423014861298072 -0.794261052883015 -0.0342174102870831 5.83357846418883 4.71346997173757 1.5889447285419 2.06398717011109 3.74199952820985 4.25796910174918
2.26395900486943 0.0496968533504041 0.742590070546746 -3.04262280599666 0.410166071139556 -0.859369103066256 4.33749744267383 3.07322578932942 -2.06415098350174 1.50231857193569 -1.68847211305151 -3.93000931611753 -2.89290280692646 8.20079687282572 6.10953158068638 -0.755609382204788
0.391246516460661 -1.13826658529931 -3.30035666417008 -5.52808910348303 -2.46899227002564 0.232008606879378 4.46671569881118 -2.48034391163915 -0.384729140126193 -0.40070178519873 -3.93534806057704 0.709104406965884 -3.20497514565399 3.94829238002712 -3.05591686617607 -4.77642154991134
0.836349614517726 1.17693859489258 -5.4298584019085 -2.97002380896262 1.76541556409468 1.32145358557618 -0.0864439000740961 -2.32105863742532 -3.65386374167642 -0.521754631264467 3.92364608838995 1.55132134153879 -0.41875377472715 0.344964354331086 -11.5031050750541 3.92630968483449
-2.48611949907384 -0.483446438713818 0.13771085536622 1.52162775425026 0.659904500203911 0.749201394396446 2.61745541859552 0.688107976714873 1.79290025885994 3.10090209882658 2.9331557675512 5.22410580627938 -1.67334347811404 0.553130873903164 1.2997357927092 1.93218021708322
3.37486570473379 -0.186562958367537 -4.90528206348666 -2.72194899370375 3.66130697056767 0.490457423532613 0.64059967971779 0.85736131157784 -1.07611457151016 2.21200383468869 5.27788925302156 5.76430043997478 1.52992969235034 -1.46783387077681 -11.2558891183679 0.622746038510201
-1.31821192312089 1.54352523405055 -6.63524585061864 3.3289534144717 2.97835181168414 2.88621174636826 0.91369222023846 0.578110055870772 -5.04240241858423 -0.0431011922083481 -0.131792294256861 -2.16518041039343 -3.37163624046794 0.128465155901404 -13.5373733272788 6.64099012094421
2.52949393142529 4.97719424907959 5.5285063586693 7.07659322018599 0.834904451074084 0.128354954588065 1.98455270974365 3.59673042669642 -1.98929830208531 2.17307793344306 2.17124234838614 2.47995722350915 1.56120639491703 1.33932016809344 5.07811723773886 0.92195892765086
-2.69725022006559 -0.400908938680368 -11.9773689565514 0.82529961250712 -6.00089557404643 1.57131413253786 -0.627647813064931 4.9969439182282 2.13324391697626 3.61798549766763 0.556976181382859 6.36598571720998 0.0547242618607399 1.07252717982028 0.263947693519243 1.80339202206257
5.07718403739965 3.38424351274774 1.49098127218405 1.17676042790182 3.10981288842934 0.824067958666651 0.132877039297057 0.817968096374763 0.464358567269898 1.9165415406026 -0.942972092210586 -0.65369179879879 -2.39162211183092 0.442035881327535 -3.27390756907119 0.910289232741616
2.1473994725002 3.07365383216415 1.28841535134482 -0.870632306473406 -0.548049096492819 1.29987083242726 -2.03439577303513 7.27412487126839 -6.62898366568043 0.00196668940066957 3.75252666342633 5.57388235353965 2.27849598256249 1.73030736424442 -12.0065009076521 -9.23448367772813
0.329226182222363 -1.62972374381023 -4.05829608141055 0.0113306844514365 1.99838567444688 -0.321828709799246 2.10740001699335 3.14204852796333 0.96123078305261 0.560884211204759 3.07268569869398 -5.3081942085351 -1.64421000322801 -3.8454421742437 -17.4058633641788 -3.74784775892805
-0.881450529214573 -5.38278114661789 -1.24108750741231 1.67135714927898 -0.569634650983038 2.86691689264891 1.97512909130631 -1.03712713794121 -4.19767284074392 -4.13472736154647 -3.2593706359259 -2.3201809588075 -1.89195026405474 -0.506193370948762 -0.941450669717104 -4.78222274486893
3.65921867736832 3.78021905599582 -0.822811686391395 3.69908852135604 -1.83502589943293 0.690530693113516 3.10524345503614 2.60615374365926 0.564735803170331 0.57835491499277 0.00644309359692041 8.97602830112137 -2.8065323419343 1.20409549137083 -0.737025331683104 3.689350354217
3.60465052488273 1.07967637487846 1.42510429490116 2.22784703881486 -0.380875562592344 4.52165537437329 2.0203828385977 6.1199968884811 3.4923983802351 -1.64275239691036 5.44540440448426 5.03743163678432 -0.90011099330924 -0.339720371667371 0.259866789225571 4.9210179024251
-4.30672286109463 2.53882179531799 -5.09344943001862 2.33689003554465 -6.70183883854115 1.22213076679884 1.36033753672233 7.6700193656077 0.187181041312346 4.24094061477471 -1.53102510274721 0.10227610942724 -1.97325741201455 1.03591477857143 -0.211936494614226 1.53407143778126
-0.771157326594967 1.43058768770483 -2.48134498972895 -4.85090604875979 0.676984194156859 3.98140730498443 1.85610637045235 6.29210459691126 1.72345028417177 0.719522902003545 -0.159599940042378 -2.39307797548277 0.981761843134557 -3.20699087202056 -11.4866738390402 3.73823880010556
0.00778815343441885 -3.27202505481968 -1.80958071516992 0.330373637212543 -3.10685627903007 0.419942063228577 -0.213216133446288 0.88646225435184 -1.54253104920516 0.687322166900219 -0.931913575264363 -1.32470318119414 1.54173597890616 0.66629789533359 1.88700784988069 -5.0026741206458
-2.36859809540988 0.92472741745868 -10.9096100004584 -2.5033974927194 1.07571759456138 -0.334810419620238 3.27561100692974 5.38595953305288 1.05597689148961 4.5292813467368 -0.282317250864985 3.23943275432781 3.39711699670069 1.9877148017688 1.29929027834902 0.0397454937523258
0.40774103344849 5.56383322698647 4.45757449039802 4.44148821255857 1.60689456283328 0.572749633826885 1.20732057957642 3.77326346356105 0.564036760556235 3.93555836380689 9.37431572830871 4.21789326707244 4.5348083065799 2.89062763715486 1.33605864782521 -0.207162686432432
-5.76923951635777 2.3623016273272 -10.4269802308504 -1.51685368313928 2.94776238730345 -1.34847608202228 -2.73248662012914 5.90275370232329 3.24959639404107 2.62066806369804 -0.0251002302145958 -1.29326724215718 0.521027114235611 2.86912769224398 -0.386185137119142 3.59451272101004
-0.228340340302532 0.472733010485864 1.24889728358662 -0.0974201214681516 9.52895926358239 2.50710033047853 0.582125531668337 0.870826402829363 6.56375945313742 2.69627719828211 -1.39655176628991 -5.27492678872973 0.845985273604342 -1.24739503427811 1.11736819984313 4.03714322307129
-4.59236429601363 0.824717698609605 -3.26283422737477 6.24835425377656 -0.0541679577526812 0.875494822403094 1.83995514155181 1.6596013044527 4.41269565055963 1.25002799723732 -1.60059735222559 1.8307126942316 0.91141364049814 -3.49557022573015 4.35723834556567 0.257331956483209
6.59901482535362 0.162448120785755 -13.6894108452466 3.96903424145308 0.398207588684744 -7.10735557771352 5.0867523821038 2.1564888610679 1.80992439685692 -1.68615075066227 0.247856055241616 2.20402334684084 -4.48016845257256 1.10921069932297 1.12180229806096 1.01874073813791
-6.12386294891211 3.49983003775628 -9.08371695109571 3.09345916267509 3.1275073475956 -2.18017620882352 -0.327972140459261 4.27060787162077 2.42851588858349 -1.51941211194111 1.26519879908702 -1.21029732711248 1.67664185633029 3.46649528014646 -2.37781850293543 3.59745300582293
-3.31007500838788 -4.46194531770962 -0.533438488424583 0.316084904969242 -3.30874666938074 2.64223733165609 4.64394573809512 -3.42258733369238 0.583379843561297 -0.968192954123187 2.01326319494131 -1.70226115694025 -5.75745051254377 -2.43434014501502 1.45572735500099 0.61814266984645
-0.413778166229046 -4.79769647753391 -4.61163938672742 -2.51385407962676 -3.77814332467518 -1.14652122830831 -1.96198718550963 -2.00474429251927 -0.925869052408306 -0.458249556103808 -1.71384233708652 -6.23723701536004 -0.0507459763076978 1.91097847016134 -4.2508242345215 -1.14217908994963
4.00057584154873 1.6647309387392 3.07503077905292 -1.53110180111806 -0.424678490378338 -1.52558036855173 1.75300684392107 -1.55544607832937 3.54857552080488 2.0583736571136 2.91820199042739 3.88370228224654 -0.109094932253006 -1.8423783258024 0.157177580812359 8.330408475607
0.416838906648248 5.46530874866254 0.0590294650465779 2.17289844079845 -5.51905488277791 -1.24332980790861 1.51118995758875 0.962441063710633 -2.1449433632569 -1.07812246946402 4.3224701857001 0.908186096095307 -0.28198527483081 -0.98195184036173 -15.7525149940884 4.55323028515114
0.54470086855416 4.30109292516464 -1.321767508611 10.3545559873134 1.71216390817081 -5.69295436965999 -0.85899212981639 -1.49558623582377 -0.00122869171687384 -1.64142109962721 -3.97864806678485 9.13499372287853 3.44359216004902 1.13578064065019 -9.2799281337998 -3.39218266917782
4.13373931517328 1.2543368391749 2.70285706701667 2.20530251792763 -4.03335968254835 -0.627654560394369 6.02159047432087 4.33439353474138 2.0548949748896 -1.09109444491431 1.10010078381485 1.85355742032619 0.188582537907498 -4.82789018341694 4.93533718050506 0.333746427681162
0.823498369294701 2.78645146376149 -3.77333402176344 2.01272059038944 1.64729574647499 -4.28150921499895 1.05106744880418 0.688982248796684 2.22247761125913 -1.10057862566146 4.36020592840378 7.99719708299238 1.7899751787071 -3.72053058674966 -11.308760475747 -2.57911412127895
-2.51766120294326 -1.22861114059975 -2.4170402735148 1.50457222018785 -0.0989554130120229 -1.90535737572 -1.14420994161744 0.764760560153708 -0.585857579261749 1.35560491561418 -0.552334647513276 -2.24808972015889 3.45147752957392 -3.50773386072074 -10.7685974190571 1.17319113000471
-0.828935903572231 2.1451970751442 -0.35366455764391 1.27804924508902 1.59522538921504 1.58191627563641 -2.91862196667238 0.520403812336459 0.801371512678344 0.611997226945998 4.82275170456399 -0.101463667118465 -0.0423716730354731 2.24577597581582 1.75018214439784 1.55460709434403
-1.74159733294658 -3.64705386711088 -4.91329273288286 -1.40307500811688 -1.00241797143133 -2.53388227958927 -5.82779718221301 -5.97625348476045 -5.68438433665709 -2.14806364881405 -1.59957070692874 -4.8317794885867 -3.25248827049496 -8.87340977107884 -0.38752938756047 -3.30316916151469
-3.80941429719952 0.774819312930466 -3.77482789463818 -2.09169997559191 -4.35097831766966 -3.25465486073516 3.28799137997598 3.57009068825614 -1.10024933902735 0.109773704426794 -6.16258726967222 -6.0476632464019 -1.4917737104406 -2.62972218323877 -12.2823831823596 3.19249346839905
-0.424639040157904 -2.61597920963729 3.46124913734133 1.29933318773798 2.82477900493527 0.573191965370112 -2.10491648227412 2.92497592418788 0.0702056721408366 1.97071090623068 -1.98031242663703 1.71667394041811 -2.4056340669916 -1.23522158927494 0.103283469271171 9.8145054519091
7.22793643066852 3.84508860704219 5.58450362533014 3.05265285773424 4.8630148099114 3.51900031669145 -4.11693917950905 1.64716472853023 0.401895275090309 0.14757735026359 4.19199248573214 2.75976636859377 -1.34554099936437 0.420767628715441 -1.9464393697366 -1.59080192187536
0.745798142947855 0.178174502833008 -12.5445013147311 1.29696865653537 0.612443151670943 3.76210313637276 -2.21036784341581 4.17542746841281 1.0490664192467 0.706980735425406 0.512633095570801 -0.817637164020968 -0.410665879715702 -0.479808628825619 2.37685055776001 0.344007956525301
0.619332729048418 0.577606038580386 -9.61318502469476 0.239206632814544 1.36662968112582 -1.09416456288819 2.41649006716661 -0.808146932958729 1.36229138482047 1.61067582409569 -0.0138573452553457 6.27846333570979 -3.39718430924552 2.64664862437 -0.941587245851043 0.844161398711949
-0.448335286321835 -2.58701559138245 -6.42023359220883 -1.0929536014176 -2.4273708796358 0.383696461673295 0.763215198902725 5.26834531508858 -6.88151379762573 -1.70250675951326 -1.08233141639189 -4.83908997624637 1.45839252913483 1.57185604631444 -12.0411979096715 -0.168823126044342
-1.15075777097538 -4.60760835537327 -3.19287134419899 -1.77648898620569 -0.996814203293775 0.526104828037941 0.795433482923021 -0.906163962942966 0.901650212842208 -2.56441689778117 -0.55912541422295 -8.59810035434922 0.892579900274796 0.582503377175168 -2.44913767310607 -1.03321035278963
5.12540625195046 2.49732806263882 0.125249767425568 3.87072757824552 2.76294756911559 -1.29045160171604 -0.891540603510703 0.0395791775889149 0.720177944719715 2.53217238114327 3.05216882224277 0.710449090579758 3.84398115742439 -4.48848304089474 0.189839029411812 0.278677440425357
-1.18070007100142 -0.91492877642814 -1.35368360238564 -5.48288525587028 -0.0830655809176699 -0.83535211535051 0.466777699394465 1.6102735746858 -2.10514834267617 0.949792936362019 -4.07114442558351 -3.63215342378982 -4.05660476718586 -3.82570586684469 -0.884584595729401 -4.07529363849393
0.0939031176534177 -2.65854588186506 -2.38336950839778 1.33126931825677 0.979245012945373 -0.362513106481313 3.50352982230174 -3.32954443540311 -2.30004451857365 -3.19936221278058 -2.67582164564031 -2.41554592903495 -0.27809993151373 0.26055817005939 -0.88684316039475 -8.07721399826123
-0.783356549051022 1.77842503317346 0.618655127245777 4.37679258975061 0.148098956056171 0.730803860474387 -1.13711466220882 4.5478493031176 3.5947057386401 1.84728150786681 0.955004895426143 -4.10373855465476 1.11953957867061 4.94170184161961 -2.31017197489416 2.01160316930411
-0.938078730389073 6.04672794683803 2.62180408721863 -1.15865653874449 2.13328862248812 2.05486210690961 3.60001643448253 0.519507755419951 0.598968841211913 -1.63250359337438 -0.0169318496749749 4.92578844561208 5.51419056400362 2.48815707833139 -1.48497661506973 -4.05611761805737
-0.258693076442944 4.41922156204084 -20.2771430841726 0.826827683770847 1.84776357463846 1.62359822528744 -0.507412628193916 3.39755661549851 0.980472732043019 2.15999470706445 2.64519346538522 1.45954835409874 -0.308111454762172 1.1892216303103 3.16841022559431 0.720724113295281
-1.76851726978311 -4.75352562475314 -1.8761311264135 -0.00256751170792802 -1.57667099781528 1.18175542621297 1.90665369531837 -2.20650447253769 -2.21919465355897 -1.1754905059443 -4.17102637753216 -7.53099489630758 -1.4763970743477 -0.479117450872075 2.97269529165762 2.12718817301102
-5.6371798518351 1.21697102385295 -14.788435175714 1.98851452404734 3.15960346219301 3.9629501160157 1.64026556219119 5.36244087390204 -0.506509090038675 -2.7739540269036 -1.01856789423706 0.205617629029269 4.92735748436516 4.94190008203155 -0.103949883672036 3.45091012959796
2.77152728270997 -0.0507785168974935 0.997238538171358 2.16512938575078 2.32214242963777 1.93411697603988 -1.47201360376137 3.096529136823 1.8664040948405 2.62960693745977 -1.87185111546799 -1.05480019627314 1.6245749826271 3.74332411417008 5.38826318205511 1.37236375728446
0.597407022066677 1.04156891199759 -17.2533038807456 3.32631454702209 -0.209432364840709 1.05778365168743 -0.212537842657116 2.79958722927959 0.874313862025851 -2.57012589107896 1.00041614528037 4.11895129931679 -0.128223290513618 -0.560368404823962 -1.06775175558896 2.85358256122802
-0.416019785246211 2.69256595146373 0.61489565523163 -4.02965047099607 -2.96195072683352 2.77101967570434 2.95113064776587 4.68484869610312 2.19842562684075 1.84211241496253 -1.21546202628569 -4.84712010280881 1.85978790228946 2.62672481231933 -15.2457903313615 2.98458473408688
-4.63822400468916 -1.91014182442291 -3.28468662279907 -0.777568989425681 -1.07902143419393 0.979442263247081 -4.64035136366157 -1.10148440151705 -2.8120102532533 -1.71546519974925 -2.15573210648395 -6.24928639322234 -2.7652535357984 -0.744249945838046 -3.45058850248032 -5.05372097697393
-3.16365300031996 -0.705736111852202 -5.10582335097262 4.07990578474682 -1.96647758893397 2.0099571284545 2.19419515751258 4.52862793705865 -1.00888656920239 0.784119566547777 1.14920375693578 1.98347401159335 3.91180841574459 -1.85276843723041 -1.09396932511725 3.16141210423412
-2.88857907766372 2.02736460526019 -3.69121737776239 -7.38780247164008 -2.44878216951808 0.0559681313152675 0.73439873878785 -0.919864080578752 -1.61311314081184 -1.34530720576138 0.132461218536652 -3.61705556290735 -2.72705072993068 -5.41341646279944 -3.81024952121932 -3.35842769779706
-1.49322430682585 -0.101138547726932 -4.86266390211828 -5.01788848691166 0.310730399904251 -0.456071586182416 -2.4015578845503 -0.0249259417248171 0.553370109779723 -2.73432806835182 -0.334582130571533 -5.3368938027789 -0.466467589792991 -0.479411153662711 -0.816890745390248 -2.87089534762046
3.99254268889311 -0.271032441940805 -11.1429485476359 0.357223257976005 1.20197561575471 -0.960186603877726 0.820004235568054 5.72775299257673 0.198658144372523 -0.757826975050765 -0.231897137312608 2.28829677914493 0.519717286027571 1.39072623468037 -3.2780397062708 -1.02336640487128
2.38335664827614 3.63726712239598 2.75138412642513 2.83555708625563 2.02532628029139 1.41744738599032 1.47155442281665 -0.202253021126838 1.80304554491239 4.55725422951553 1.35682816313347 -2.18239142620573 -0.650361912694521 2.74720424684217 -0.828925356331677 4.08885415563428
-0.985012726478198 1.2728031954058 -0.7741887515913 8.94387583155734 1.59142379429729 -1.87296615975311 -0.810725948596356 2.88746592342254 3.45303037274044 0.555028654453419 -0.828074681511216 7.42822135526483 1.61495627164747 -3.27144800781163 5.82090624209943 5.33589227430129
7.10855958882139 -1.07654836600172 1.6637086483681 3.34105714716719 3.27118040086547 0.814689217755413 -1.8629206839061 -2.35107954772666 -0.380254065180755 0.5458727269623 3.81825320109546 6.82558133474516 -0.0576201754617167 -3.63490251692176 4.83361396287654 0.8971148657661
-3.13088701346346 0.021393962992283 5.53617216765254 5.58904576638028 0.0105797530135019 0.785493490798697 -0.240903267542183 -0.740371308531167 -1.33555917832106 1.46834733832139 2.97457393426128 3.98447792002445 1.93334947795865 3.30643031983417 -1.0740155276106 4.29569093305055
0.517939226138762 0.795811385949255 -4.21614895592116 -7.70558896933307 1.43038976572998 -1.50467229226194 -3.0861771172175 0.676216119766279 -0.522395968793701 1.10056604719466 -5.47294961638859 -0.287121770167551 -1.66366790464235 2.1775195598979 -2.72231602930482 -3.1747916625224
-1.20698184528473 2.34731400708931 -2.99858929217693 -2.28371641299487 -0.270126023637691 2.25911128128923 0.573513454454818 1.1228922162313 3.13902573694668 -2.00587102119693 -0.827486021458937 -3.17941518469179 2.49187135383673 2.49139836706387 -14.1833023224301 1.43370422784125
5.69679644425402 2.21979690756082 5.12664532816121 2.11734179798105 5.34119907558006 1.2537115195566 0.818878504005373 -0.136998034490894 0.62798661284558 1.97824842085834 2.16120127085021 0.343847708254477 2.96356225304281 2.31281164820502 2.74514183701815 -1.51167600011337
-2.30066627031005 -5.18613543676606 -0.495113168788966 -5.91710735273307 1.07774706125423 -0.39045744647483 -0.17741383353371 -2.44159289415857 -0.398789291671416 -2.97641330417384 2.01220322106571 -4.63784938803013 -0.482451296743205 -2.9611238163284 -1.82827330997502 -6.76938639022521
7.47808286174622 5.24084799778381 1.54779335672774 6.19357891241448 1.26156173990894 2.6912962640892 -2.63919399093427 1.84605941353564 5.36017375250893 2.91778353045193 -0.212040917397595 -2.20925650347889 6.17029937039229 2.86120771089227 -0.602667397079534 -1.24886344879979
-1.14655611589476 -4.25600984209643 -2.88713187283944 -9.6855440194041 1.22498587078446 1.77385823782314 2.53990905913974 -0.286230673184644 -1.20988976005825 -4.53541283871662 -5.65293053704866 -6.94793249535432 -1.2196110961509 4.97559092440106 -0.369011538640322 3.1376753046665
1.08906853761646 1.3520212088519 2.22849916459123 4.67014497476954 1.27939201373479 -0.189257860964023 -1.5878433059436 4.53712371912006 2.84706476367659 2.79640509193004 -2.27025215269208 4.34213319868428 4.65415755354011 3.11818193026211 -1.31353684194502 7.57513567174709
2.49878049637106 2.70737259696863 5.74158594989376 3.99083006405239 2.94829301086045 -1.39370383219606 2.8627679586623 0.00256696406632728 -1.22791346045336 3.44121250174229 -0.0592806781570543 -2.63966074293957 0.264053544823983 -0.263569241334586 -1.46068363022549 0.00454543191481704
1.99120789806761 -0.900604713536205 3.60936559603399 4.39612710360756 1.26390322397728 0.783973281139135 1.15868344211362 -2.60278436573289 1.76768970050058 1.29640717106686 0.760689495063832 5.45623653487671 0.274031617746948 1.6287448022971 3.78818949621122 -1.37269187489303
1.37090981607023 -0.168999907954226 -2.97545288641214 6.99605462565357 -3.35471111432448 1.1724869164267 1.53843677975723 2.77556404320272 0.955970432767915 2.62643259681616 0.902554530570008 -3.04634295964571 0.14254978885279 -2.81929493868905 -12.1842303638464 1.2372067757649
-4.67162977072672 1.84320491070836 1.53220930724104 2.33437824432605 1.05000679585082 0.348015898001109 2.86563960370326 2.356894802374 1.13672630134792 2.59574926019318 3.51022600512266 6.0419628495599 2.45375662852665 -1.7046870434175 0.460692432189708 4.61771917666765
-3.16900141831018 -0.725700524593929 -0.290790999978178 -0.161958646698547 6.89122811430188 0.0847858592631804 -0.297785574183661 1.30137421261746 -0.705949860976198 2.38307469041297 -3.31650419480066 2.43039581439239 2.7079682452397 0.877610763630626 1.44425398075104 5.28872692078559
0.857095063097617 -2.98561291335405 -2.76060483514188 -1.19232749465705 -2.36907060715767 1.48066441540901 1.56305286546067 -3.33853103702146 0.182069861844317 -4.26732982021892 -2.37556172696795 -4.43994447780987 -2.79469425809931 -3.64210443491912 0.118892094871971 -6.42104823541173
4.74472587562387 0.349534112565506 1.42141495992392 5.23661358051411 -0.766391228933085 1.25502562007507 -0.182521730938696 0.903569211949289 3.0807819434027 -0.177072427291364 0.244144040682173 6.32131193034588 3.97961297758579 -4.48045646303483 5.05390164632515 5.06666716654431
-1.91740723821011 -0.101778612707491 -3.24890369393305 -3.09023420409686 0.275363258010743 2.47821770827161 -7.94345437390025 -5.02351555244706 -4.47563707475033 0.208068055260997 -3.47513854253774 -5.53443976101116 -3.30008432724615 -1.56877321847577 -2.01495260996984 -2.91477392543744
2.52607296321691 2.10135132482952 -1.86082487009076 2.03037142322311 -3.16743185174617 -3.98077113300805 -1.81052347659273 4.94843297474037 -1.23745931800883 0.271303180110735 3.01024538835628 1.58550676726061 1.72795256078586 0.819478189647309 -11.4239555593242 2.38367832546903
-1.33462857452705 -1.1998635796253 -9.25718714229749 1.53637899386099 -1.22284110833545 0.82338656310557 -3.57094528936259 7.17440153266982 1.10322280055594 4.88061307062032 1.29230813531566 -1.02371111264795 2.15723146926213 0.390728597872123 -1.03622899759196 5.42893765860482
3.71290292052441 3.40343651954794 -3.38714437053252 3.45815003068755 2.34471503567478 0.896854396934796 -1.43869502188162 -1.06785721458754 -4.53343913840265 0.512980403846375 2.53511400861359 4.78575151170389 2.67742144131432 1.11068773769245 -18.1567004810383 7.35077961896444
-2.06601762380476 2.88177810601204 2.55349815976766 3.96111305271482 4.82663779945283 0.878181939491522 1.78350161334956 2.70269092671657 0.321827986641019 3.18490594180781 4.85012320569369 3.899423798505 0.584198237546645 -1.67821852754747 2.80933705659012 2.40844951735024
-1.65915802610141 6.42461757391426 3.54667947463682 1.90875105428015 0.432803734351382 0.52822886697594 1.79391090701067 -0.81477467781183 4.06121968027584 -0.314803213242867 5.70365732022337 1.99926233871468 -1.46027480659861 -3.96927694623337 2.08275209423206 4.17794941117663
-0.303482679380412 -3.12126013647845 -0.0230339940856381 -1.15274157341024 -3.29789529903327 -0.33798473115801 -0.927554101613123 -3.06166522672961 -3.0369559251875 -0.39436609150811 -2.56697315190517 -1.63212471930092 -1.86841885220662 5.11516742416388 -0.77144162070413 -3.99873764449681
-1.22166580261509 -5.30448979714129 -2.4767091545488 -3.48446727265378 -0.8726465573076 -1.58268615654258 -2.0613524672434 2.23886923963814 -3.52000349185285 -3.2424666861175 -0.567443567434869 -6.05716941553553 -1.20963921093419 -1.78897051019548 0.49139384358004 -5.21458224054241
-1.98598820448287 2.07232406491553 -2.89786804258364 -0.577896350142288 -2.02864591169778 0.906693342185272 2.14019576868106 5.93554191369451 1.76415401959581 2.56412362487258 -4.89762123622221 0.575750379168569 6.20049488000458 4.66509557572468 -12.7470467938523 3.23436472480031
-0.793270501564455 2.21244241324221 3.07381552273278 1.03445986709182 -1.54568198185494 0.903097904247024 1.0274009480379 -5.79657007538046 2.67310460140552 3.33571725496184 2.18605836820995 0.66910360846975 1.47028265221919 0.0332975741345601 0.0139381943624359 3.2291390277982
-1.55017382062981 -4.3633413486105 -0.676357207429282 -1.45665284250402 -2.13086819119651 -1.80378923019918 5.58850961499783 2.13892398497545 -0.150232500612066 -0.0248712349671929 0.373842954094726 0.558830583752742 -3.51579571344533 2.34976599072334 -1.81679100943514 -3.83481672199141
-3.75836075791309 -3.28040102561213 -2.09466327257726 -0.689946125469668 -4.58330843450764 1.61363933021396 -1.0528821889142 -0.915634100586703 -1.04916244064045 -1.38293183494785 -3.35518757497321 -1.80382878860248 -5.00427147736906 0.867163091151153 2.55631680997338 -2.9112784337629
-2.19845307949825 0.168555368589635 4.36782635047223 7.61871680975937 5.16283455486412 -1.65397898956392 -3.28616683426233 3.62022385252012 -0.779730767211626 2.96508711649 -1.2234955122798 5.86016467121676 2.96673181821066 -0.640349544065428 4.46464001143756 3.63295301243854
0.223717353673634 1.90013975458091 -4.84682939251031 -1.068757819058 -1.12566053369126 0.73397964287605 4.73364113090761 7.92810802529675 -6.98923702982573 1.69796021424481 -0.4543286531288 -3.25265566058386 5.35922113143384 1.43837130880252 -14.3595869278644 -0.447121852203084
-4.36831590043261 -0.661607119803452 2.48281755141046 1.07301501165306 -0.0106850619938434 -0.692484752624978 2.7768689194166 0.963578273602763 2.78002898482716 2.04791006292505 0.382963702451192 3.1507293481723 0.601519979738982 2.95941858347118 -1.9255523181974 4.13557708867988
3.91911681355017 0.135952355659357 2.95968109476943 2.46871685574267 1.61561977232058 1.72029869081836 2.28664062374761 1.42142912320854 -0.597052162382967 5.36388706669365 3.73956625618433 3.78712662603491 2.57040898732201 -2.00017386269158 5.96597473292084 4.07387257358752
-1.89226399625676 -1.83826396182286 -3.53992420500385 -0.861511138537958 0.568306700066058 -1.51780153690974 -0.0715224016643881 -3.01922290671966 -0.803636051978325 -1.73058074629347 0.581469657402986 -4.20757746343436 0.66622661980672 -2.52598648890859 1.15269079751558 -6.80136486688101
4.30496942925437 3.25160035314984 1.61602983344436 1.78601897783589 1.85742977645925 2.46101393965199 1.11922539169342 3.32075045978555 2.57101509754215 0.55312474890925 3.37563171108378 4.3479849014465 4.30963180565467 -2.758785046626 -1.94611587690545 5.53914870732399
-2.23668075787705 -3.65969198478037 -3.63994579736613 -4.74969080430881 -2.79529682422088 -0.723246688088668 -2.1594202925102 -4.27268954035133 -0.993969144887903 0.249869909434591 -5.29221632394321 -6.6127616768129 -0.367052992191106 -5.07777660327804 -3.20579923641049 -3.05940460915044
2.95700814443249 -0.465254314658331 -12.2427029173552 -0.42305120992289 3.77837773425855 0.855248620877197 4.29602293585901 0.422516656948807 2.01093101784496 0.563538234224022 0.429493978859429 -1.62168346639569 -2.34882156107628 -1.11164269248237 0.869785717424737 0.289495926326216
1.93797070259887 1.1168488052191 4.09405162809346 4.4801306613358 3.23517880795491 -2.06338809497999 3.67758983377954 4.43467376987315 1.58999575613202 2.15029330298236 2.27370152929686 5.39514077436188 5.67510193075728 0.757396539813696 4.46249310037084 6.9552403750921
-4.08997564725353 1.73720120023315 -4.5702023994047 -2.20544306441031 -1.17424327784516 -4.07002573609818 0.609873235375175 5.030442741669 -0.31986389919598 2.60189983321022 2.44260382406104 -6.88540121525782 0.369930961505934 1.16343480828244 -11.3302977643135 0.0404951231104013
3.33361446478238 0.0234463734966339 4.94087557188315 0.471451942072576 1.15155056530642 -1.34927696788827 -2.92658304798075 -4.0038159402676 2.04763090254808 0.792775640883868 6.18197833720466 0.120558994266686 3.43423465877519 -0.529275816320428 5.91653502684507 1.65016931685113
0.0577972410588528 1.12985488265668 2.75994003632484 5.74911851073031 4.93668630924454 -1.10666029462947 2.75627590481446 -0.373596302967811 -3.37035981141224 1.04146011540076 1.66831119895511 1.42901875107518 8.56274847975146 -0.900942113170302 5.1418913278807 1.4389730300674
0.522044838694371 -0.206103076186736 -5.64122641271994 -1.81085539525174 3.56729194854589 0.397882596795067 0.91501392477444 3.41633860189344 1.03813164783022 -2.70494870111314 -6.18342669752717 -1.80930289725414 3.48802090837907 -7.31062062219902 -11.880307708456 -2.03633859873113
5.82928462793663 1.77386590986781 -15.0828483346258 -2.4050492011907 3.77389616063258 1.69592759465389 -1.89549193740545 3.03482833212693 2.78280452659113 -4.12530687041866 0.725857753349452 6.76831770325336 -5.37129185883523 0.401734464965656 -0.397401664940952 -1.7815245912948
-3.72391352739108 0.593616148781907 -4.37735364151618 -1.54696832594319 1.1949121560218 -3.02254145472875 0.30458016431888 3.20894847760284 1.52678197626886 0.856618339614831 1.34158172035807 6.59128445415236 0.669184292145871 0.413617611511197 -8.53527655710593 -2.08609510639373
1.63254339961145 1.85107124371369 -8.2737258355213 3.70766437077586 6.50450782431742 -4.69910070855238 -3.90219667547464 5.00887821895917 2.57337025771046 -0.0472589543804547 1.19869221417916 4.00971262278743 0.0734041138454262 0.940187329790564 -1.51962570579683 1.92124011958604
1.33726332568341 -2.38020008558125 -0.608256943009683 4.68600323331404 -2.95072329764608 0.95164786773759 2.5908034180883 3.21713921390061 2.97279914426635 0.44140468185641 5.54930272456334 -2.31885463208647 -3.83621405244188 0.495840049665246 -12.4731339825859 1.16644210939851
0.627962267815735 -0.0269929100522037 -3.43017947975779 -2.14045399279206 -2.04624854886656 1.54285470518225 2.56635988945012 -3.03216493777766 -2.73235543310045 -2.63717061223822 0.717099646055326 -2.78751548099174 2.05476950323941 -7.27553107028302 -1.6322434304726 -0.115063384100851
1.10227506480297 1.87264430876333 -4.30885346735687 -1.04867426553336 1.52157180713058 2.47188891906304 1.34874240431466 1.35332723819709 5.1868957973554 -2.08734129892168 0.950754653756558 -1.69207571689516 -1.87658310760297 4.72245534213382 -17.4503308539316 0.212133176801168
0.573432571397861 1.72951880144247 4.54698221792194 1.02437404487597 -2.93399528876014 -0.735021234592997 1.24544312643797 -1.37787523614357 1.42586726173677 1.67976852475322 3.43703796170359 5.32694521991471 0.60979418851752 0.974085518057321 5.82422127053831 1.67759050303207
-2.3295415639237 -6.5005394096537 -3.4107360347201 -5.09178458415416 -0.423491506690818 -1.13052233072152 -5.55325448593696 0.235576324584 -3.22710688067571 -2.76144938759512 0.226507443568923 -0.747134929913249 0.526821289280669 -0.462391960949595 -0.189162126477618 -3.84489067375494
0.942315524716201 1.67138643549804 -2.32366474027782 -2.38067265680589 3.23482300477488 0.647657702794807 2.56575458677786 2.13853211503857 6.66909136260773 -1.36082332486034 -0.552568684419611 -0.551975196830107 4.56701926839565 -0.739468818628105 -12.6162402723251 3.76090546931786
-1.17020820477754 2.60000158201096 -2.59347442689989 -7.26962101252509 -1.41056511286342 -2.4928949844508 -7.06155225171553 -3.412696885418 1.23830355072214 -3.59888225621666 1.4080561039549 -0.819374979510131 -2.9910451232957 -6.37365335639523 0.671109110086862 -4.37992867133061
1.06385230498519 2.67443736117215 -1.95384028318656 -2.53410128439788 -0.338321142586068 -1.78175878227688 -3.659420990883 5.62916401402353 -1.58344165496576 -1.12589159749223 -0.181392155069549 1.0991083952918 2.94071647145547 -2.23148697855819 -13.1402768718859 -3.01293511644266
-3.97841242480914 -1.25265292754729 -4.15799049367574 0.28705895222765 -1.62591598212304 1.69844904794939 -0.31406288591968 2.30000473997888 -2.02354592224289 -2.67570022847565 -3.62124200903073 -2.58772477731271 -0.750970312530626 3.99148331762925 4.43860711660525 4.73172190806416
2.56379093707569 2.88009012251515 3.36476458339538 3.18054824715284 3.72791937203173 -1.74821745078363 -0.550844038645342 0.30596389765633 -2.47099831002192 -1.30664172496102 0.777979260909807 3.12095311747784 1.78820245598187 -1.86047983887697 -0.7198370483072 4.26890578866026
2.1111573831719 0.80233957340699 4.49951754296947 3.94503461648735 7.09224295554691 0.59739003213708 -0.834039699536467 5.11815704515875 0.933840665433674 -2.26083217580914 3.76960299134708 4.52281363721587 -1.22728723065605 1.54185151156732 -2.69100589809453 1.44616769575592
0.0302131014244087 0.11129217731333 -4.69328856502821 0.264138357759203 3.73141094703044 -1.28176296712588 -1.25862375254941 3.90650670791917 0.986813694323093 -0.243290826733249 -1.66150792555316 -3.87577421188795 1.16215006701559 4.64749301800976 -12.8071548447108 2.56342253455034
0.987250849870562 1.51064953127681 3.51691238934034 1.19513017346292 3.07378563363927 0.23084496144701 0.665308666598455 3.14198865333634 0.925172345496216 5.27666215498557 6.2598543581774 -0.0978376714621105 -0.185143114101467 -1.50019898561433 0.934921777144827 0.281237473278578
-0.213690680974388 -1.99825068519849 -2.33950881843493 0.375680041310623 5.53107764393811 0.378687338127117 0.202753729517812 5.39269238135279 -3.68008932768566 -0.471356173190416 2.00159889221069 -1.40199902911088 1.9702385336988 -1.3618014231286 -11.9129435786821 0.281797190128036
6.21366560392364 0.420174834943505 -13.097165126679 3.25699191721627 -2.55427270803358 -2.28956848458699 2.66126339084931 2.6896009229059 -2.36890960657268 -2.20902708873668 -1.71485599256824 2.08780623099429 -6.35871759910944 0.275967992386143 2.94136902491349 -0.664308003409596
0.943012265176872 -7.13502800566987 -4.17081349496824 1.78112973223736 0.102062501043547 0.0329649443848578 3.70585215639839 -1.88736988338448 -1.18903439470913 1.17426702420899 4.86843296125645 5.93882931907618 3.23807731155615 -1.09743524549256 -10.0572130496723 5.54238955634958
-1.0501748658237 -1.00353729878699 -2.63646314057939 1.43682369279136 3.11654491035768 2.87786477726483 2.05572603188546 4.92106903937088 -0.900451465536399 1.61621528479014 10.2372035793872 -3.84035414173363 0.792335062949199 -1.39459600889664 -9.58864014437137 4.52924626651653
-1.15192163705682 0.778967646227988 1.65866759135939 3.08537908634935 -2.62704380847986 0.0526650815358008 1.94937137940755 4.13913652501819 2.54998182830988 3.80683681169491 5.08418131885032 2.62866085643449 0.628423451855564 -1.05690983178471 1.48353441813677 5.13897529388943
3.22139667071334 2.00334355067771 0.479219735801369 4.38570149775478 1.31259097801128 -0.740241686270018 -1.29328539802633 2.47018893386057 1.76302289961748 1.76959028274984 7.5557831612709 2.03171945295723 1.73072833138808 1.41753386726773 -0.439339199845977 3.63305521825365
7.86844116418255 2.05888798191761 3.19459881977571 1.45224964950542 2.78039210491077 2.65913956247431 1.04907743747362 1.01151915985937 -1.87459322725207 3.12186146888855 3.73459255953335 -4.76984342778731 2.84915686814687 6.32903755569704 0.52191946626492 1.54993836995598
1.9565507307571 4.91650100074376 -3.93859272931216 4.31160529760579 -0.433727859956339 1.80067675001996 -3.35522724944466 5.16630809853964 -1.86186242807372 1.30168476996307 -3.42401340261472 1.08675266785631 5.15564107079044 0.301671308169969 -12.2133749635182 -4.36627173994074
1.02420603430546 2.96246442349248 -12.1985895760228 -0.0897264336731771 2.46085386662787 2.86869712099264 2.39487906667761 1.53285132285993 -0.461635647527102 -1.78142167127725 0.403877550517781 0.419799580536458 4.6653079653925 1.47472396441351 -0.422075309319875 4.05705206090816
-3.81167035049252 3.61560654556704 -10.6365612625813 2.5170118322452 2.78764615832828 0.72362222332834 0.0844215082743874 7.95065340788763 1.30611479455469 0.694610936668978 -0.0276051827886165 1.062204448525 1.92784692805508 -0.323307502147017 -2.22514436440848 1.26341761367557
-2.64911729635823 -1.29798829891524 -5.17739426407627 -3.360600765331 0.131695585110267 2.5187460209111 1.58027699782836 0.922849518643353 -1.35735795154985 1.35359610009568 4.41668286548201 0.737199345285514 -2.13431486674259 -0.132040902948063 -6.71328702840218 4.20503983847676
0.423506397337141 -1.04784678912122 2.01686853318606 5.84906263215788 -0.967309796727151 -2.60795040407927 2.0348237082089 -1.28228666245993 2.63956484291702 3.19438699145769 1.39456495531681 5.22549928209303 1.94765706903708 4.31452513900198 1.0215821381621 4.06875170523002
-3.97007040413923 1.63918731347818 1.67291288583948 4.87075498171009 -4.28934487453255 -3.17136149846628 2.35319838047183 5.03094955623974 -1.30931736995618 0.608591158573975 -0.431155839174355 1.48255387054953 1.62266309463739 0.783835391531749 -0.0745492223242044 8.67857034924806
-2.59896681485131 1.30455268693521 -11.4225905375736 0.771404373861097 1.3873238574757 1.77913283260084 0.0737410737780004 3.94815109606542 2.6854722996603 2.33837375762994 2.24564232450119 -0.372583210008041 2.82291398505778 0.705177029050127 -1.51987873622393 4.59408373979349
-5.1228652038582 -0.256925803838552 4.71278774874862 3.07622859968248 3.9413416984631 1.77887806740298 -5.22512657888684 1.81767366832218 3.77365192637362 2.1080450153599 11.3083398573849 -1.3546559229029 -0.176655374062223 -1.34919018085955 0.52549117118724 0.954752547841345
-1.66936793609124 -2.14821534847218 -1.55510207447467 -2.77516038754208 -2.33966950815166 -1.72219690460947 -2.40176378863411 2.4168710835259 1.83324437123451 -2.56990418075823 -0.0586459586260231 -4.91612706706633 0.740608128233373 -4.18802420638513 2.27636391763953 -2.02527281284091
0.663332540782381 1.53472972607989 -6.35403507889526 3.67307734502541 -2.58141479573548 0.0294176220866331 1.10917791436002 0.855669841185283 -3.99481651992478 -2.4275545037182 4.3007044225726 -4.37635598224283 2.08090801658845 2.08061039131538 -12.5504928115945 4.35142838015393
-2.97487005619436 -1.57296177161411 -2.52493740198174 -3.18628428273232 -4.15281099714038 -2.31003975567621 -4.09346058352779 -1.7356759486885 -0.982661482227868 -0.143526273993517 4.21696084879664 -3.05032921882387 -0.403567500241472 -2.70777083445578 -0.888695888421732 -0.74565311733076
-1.90788813302121 1.61896186419344 -4.01566313798772 8.57526484174514 -1.65923583614688 2.56343035251597 1.36419937682754 6.97322217868263 -2.88678476724428 3.25352919531125 2.25127760122224 -1.81541359585333 0.751965520771661 -1.00478280871625 -15.6654834834236 0.350714228530564
-1.31981290145616 -0.599237327839822 -2.8976926537028 -5.27649412315807 -0.648353113602178 0.153335271013486 -2.0078882611942 -1.35098948525278 -1.96311240326812 -1.54444757101251 1.49666023170364 0.649128421055795 3.53666446978451 -0.846427683812408 -2.24510419038501 0.70721234899822
-4.07918681280293 0.0925172887921955 -0.228275636365903 -1.89627878163543 -0.672225255573214 -2.4345317949891 -0.980554053710776 -3.08595038320396 -1.57091394664412 -0.787505491224797 -0.532517591356418 -7.48497935689732 -2.03367518157703 -0.21771206520459 -0.13635763056937 -0.76259753301848
2.68240656185054 4.5259904306763 4.23999419720519 5.13743161130337 -0.781417306656769 1.88035544757737 0.602289771603228 0.88344529943538 -0.825311319001761 3.75673802409421 2.07591158145239 3.61544467667681 0.371972216699207 2.32127226949826 -3.14592446038251 1.71991374853648
-0.570226423514544 0.922247573591977 -1.03366778576959 6.08503699651629 0.806466780605251 -1.3153251977651 3.23497946306889 4.31026287970715 -4.1233844211582 1.06582224320241 -3.93246313036909 6.74135287870481 4.89468460486634 -0.757216653838397 -11.7431811682502 2.07340647675539
-0.998485061049222 2.81036128892129 2.91956571647769 1.35898249082851 -1.54974732280864 -1.39178415199465 8.15134196333863 0.0539801376099927 4.79057122605059 0.088972033143524 3.6579627639383 3.65650451713568 2.21677716909019 -1.49199320168173 -0.345431091038879 7.07222181200761
0.41490348134932 -0.303913708348897 1.33999064709396 2.71271327535653 0.878121327063777 1.76369149936215 4.89304261149277 4.98056211240712 1.27084761005937 2.89533596853785 0.11720014821289 3.24326531587475 1.93441453358106 0.845799382698039 -2.52161837454036 1.27564899482038
0.330766596803294 2.96820962052867 -2.46041015150243 -3.46641212406004 -1.81217816533821 2.15552871801053 1.08222528635987 -2.03727414400968 0.230832726907649 -0.824086538880057 -0.800900782334208 -4.21368333118334 -1.20208090594155 -0.807131217054522 -15.5601302993604 2.35964404627543
2.29896685069449 1.87710053515977 -14.2513399953402 1.29956578844539 -2.96246374346064 -0.0755371854153176 3.26887716275832 4.86569137322074 0.751546673117355 0.376362524687014 1.66462451080252 -1.11606778319563 1.77673351305526 -3.2112515741279 -2.72159042427724 -2.87802730131113
0.23703783505755 -3.66334556641801 -1.74292503425345 -4.83782310583971 -0.515462918841245 0.799096701759223 -0.612095001851703 -3.32479820418697 0.850760885472614 -4.00848771245612 -1.68054879037122 -9.14928538351729 -2.81074026596355 -4.8540653702882 3.45615206948003 2.69707029495698
5.50288944689037 4.19901604171274 2.00168228714581 0.906096992387973 1.88388836811621 0.744744410501985 -6.63856843259335 -0.559768456166943 0.37584226992846 -1.02396706966028 1.88584888596479 -0.294445546119699 0.233254261153894 -3.26910614164833 3.5129565256995 12.0419735501975
0.785023673619309 5.16459469544784 -9.73312361012581 -1.10382809210768 -1.28976733156118 2.6546286759049 2.7552817660269 3.49872301065916 -0.0817943796188371 -1.43291519735199 3.4819317922414 4.46826541242343 -5.09799954751258 -1.62522118094793 0.187961812831199 1.02172317916199
2.37586887105846 1.39197917876767 4.38520592310444 2.64076664336712 0.0465262323828384 -0.0210298446562552 1.39167453064545 5.53244689118386 1.09019410739209 3.24031227484907 6.1396358512444 6.8992907333713 4.44994967978973 -0.769058499137527 0.549064677254748 -3.75633557311648
-5.27383598286434 -0.278972298635276 2.7851066892742 2.14089843221648 1.99345935367033 -0.0518008499668755 4.55278251508612 -2.66778962629758 1.02317577172645 2.93832455786615 4.08820711870156 5.8678752572922 1.07111897348323 -1.01805007543949 -0.0668692866190601 3.52580075936761
-1.03170164506224 -3.06689829372694 -4.58200884208408 4.94025954184133 0.831558794766503 1.10174905714402 -0.202143839464806 -2.81325892915088 -4.6711000221554 -1.83110077908086 0.73714151704372 -5.03663656187707 -2.17267471676529 6.52602310034802 1.2820247121333 -2.28696272364687
-3.20664700585159 2.98464983503189 3.54402930944536 5.78645370756209 2.91481826914258 -0.154872154049271 -0.859493060766194 4.85387270293204 0.638977306358483 -0.950760993059026 1.71091691551257 3.97148690902778 6.31595141189107 1.88410671844028 -1.67717616548509 -2.94524315877173
1.00479952913665 2.74297129462757 2.55702107749322 5.16010779625951 2.47008593663412 -0.229252819810157 0.91970732883871 1.90754330734121 2.81793276442423 4.34508112937577 3.17302002495385 -0.651933442752116 3.49952617826037 0.796103712462982 -0.441998698844642 1.30521762493036
-0.581758243160899 0.836203622010777 -4.05614953854707 -1.11153416383142 3.51208370809713 -0.339001376178685 -0.133703280579996 3.47682730242563 0.845660383710661 0.642608947174582 -5.93689957976294 2.20236197783298 0.965491784043978 -0.406092063919089 -15.0596005116649 2.36927034925485
1.74925470985834 -1.09239601370632 2.57824079831624 2.47439757077525 0.963300010447952 3.09996094611865 0.254708892494968 3.08314867304433 -2.54128129682431 2.55970249796216 2.47847051459568 4.75046468264763 -0.648321368637058 1.40574196275569 -3.15418232063482 1.6665522058449
-0.382906134626496 1.66196883714014 -9.47344182411798 -0.958755104434217 5.31918000303926 2.18726922083359 -1.19029373439861 8.09820589461011 -1.12634137401168 -0.380241986363577 0.664435944452345 -2.49461165693241 3.03075805819781 0.235373069178941 -0.025868902722641 3.19406062804003
0.0375427727087445 -0.312159521005654 -2.07738806111825 -0.375618384725623 2.62492582365008 -2.49464299889038 2.35873307076248 3.99093725503187 -4.46635103133898 0.594234370466764 -6.0307297723579 7.6682350288972 -0.517599864690097 -0.930911464003652 -11.5227506433459 2.35411358495125
-1.11646389624175 -3.73057244824997 -2.9254192058479 -1.77311043076215 -1.43399447985717 -1.59789856829668 -1.69872317991231 -0.494031416216688 -3.21188148519569 -4.21746349597997 0.598039517270809 -5.7595609993082 1.80719048942082 -1.6302794167093 -3.28148666414219 -3.85912695450248
0.428751774129236 4.19438975493702 -2.4943989372111 -3.45582223143482 1.71313203668595 -4.57784904196956 -1.8797635045698 5.70227719911843 -4.8721926107335 3.14909607545282 -0.25689125738441 4.9923735260311 2.20731500618295 -1.21172861507299 -15.1844013372165 1.28537172551602
0.450648220390562 -0.234463272511149 -4.01917305956731 3.11278207998506 1.0596278827276 1.43830665287461 -1.75234354793022 0.944455375406176 10.1585175092079 2.17860334836697 1.33725326090333 3.28373883807362 2.63873616206259 1.46266159901824 -8.24479342014867 1.96436424567572
-1.78232821363548 -2.129364452746 -2.01293824831011 -8.64902190967163 1.05678167671545 -0.155153978780282 -1.920971867371 1.63112087197043 -3.24836342730826 0.574513446895977 -5.08627748553029 -1.17640718689327 2.90399037290651 -5.59008578731654 -1.42093773731325 -4.50937232479223
-2.79706889268096 2.04152669143622 -11.5435671417303 -1.19553579272842 0.857849375055115 1.31691598367576 1.75570119361561 4.38249519504457 -0.437988394562557 -0.334288166917808 4.21894537801543 1.15451608223773 -0.442332838317747 3.35119898012578 1.95685507007861 -3.7238736679678
-1.27649617525423 -0.0293911793754833 -1.64313998018036 -0.860909815979273 -1.64035097685499 -0.279339569808146 2.39959105827809 -2.1260674551531 -1.21134556481636 -0.961675666803838 -0.0712890057574154 -0.0028483117211624 -1.28205254206973 4.45074495335932 -2.52533001510965 -2.69559140727406
2.36838007931833 -5.76974462426511 0.715426903973434 4.03433832317703 -0.912086878066501 0.0444543330728851 0.643391359636929 5.36780339506966 2.48511077499965 2.36959570077119 -1.48849435803585 4.21846263633556 0.550304972204944 -4.27081537162705 2.63557083582513 2.26145738107822
-3.08897569424498 -3.67516057831 -2.22472134042376 0.0201801829111949 -1.14825691403171 -1.33744827023516 -1.32529762574335 -0.6495534222574 -4.09010985653047 -1.96014759820976 -2.72875451727646 -4.28346000792268 -0.461017592983795 -3.6803401853212 -2.64068611457136 -7.6283636961098
2.05403487603144 1.39249618258909 1.05732017545514 6.09858111436596 6.54673480167469 5.54460311889734 0.74343001837638 -1.87425165746136 1.69943482788575 2.29635656038004 2.98876795093244 1.30409728585729 -0.997310292010816 0.395711493158436 -1.5835329823979 5.33852624200426
-0.312796510266853 -2.07964434508473 -2.23784824008911 -0.37867721782357 -0.957645201174667 1.10861953395917 -1.32529078715282 -2.80538966750418 -3.55073947931086 -2.179834099408 -1.77028987167812 -2.8890199773011 -1.84003769821137 3.33057451145659 -0.565325975543596 2.17677011625392
0.212088923787566 -3.57182731383892 -1.56847448694769 -1.19810928394411 -3.4540194851851 -0.601315748261561 1.6139173602904 0.233721749102144 -1.39943334516433 -3.13968047991821 1.60304602088416 -0.207881929241642 0.891310737277117 3.7914366520501 -2.83440863621629 -5.25242304724822
-2.6869321912863 0.442131516642755 -5.11024019572465 -3.76702365476553 -5.14843970625606 1.11293984347942 -2.47988704923696 -1.55661441901206 -1.57238562916246 -2.6227383366949 -1.89141493016283 0.00857901083589985 -1.34699175751332 3.39395005104994 -1.91831438115192 -2.72306790508869
6.79465658943676 -2.84804103198814 4.49137154285161 2.53863976243263 -0.685149537277425 0.862722940791292 2.38925392729883 -1.6617179848643 3.36306140089753 -0.186787661434588 0.453500292008909 1.35037736721019 1.10336519795103 0.507852342333187 -0.107358825119337 2.37546783172763
-1.40740593080235 3.06695945625154 3.4563329036557 3.22041655156004 0.299567575006764 3.06332819591933 -2.92884113966013 1.5647050856657 2.95352842999534 0.56293182557117 7.04165982284105 -1.85384854754783 0.106123034245337 2.39189177306851 2.99943460250066 -0.140693895410662
1.28898709289899 3.90764448425016 1.29123644651448 2.18316998843482 1.06084508345789 -0.744694326779918 -1.5630616348312 -1.14727126187061 3.06844858615787 1.71360571498534 6.07512805127625 0.0384688389041776 0.907341371309108 1.62521644998428 3.42285013791588 2.53781070287506
-1.98932467060424 3.2240664547263 -7.11328292881225 -2.63260333132542 -1.86250455797728 0.706741998716959 -0.820841675643551 2.89692222077864 0.696111840767897 2.40943783113531 0.0175959884652287 -1.2610616982867 1.57476132675855 0.162068365219927 -9.07169890684476 -0.345112401968171
0.980955238282212 -2.72701996400665 -3.95681144245638 1.88975595113182 -3.03181737187315 -2.58257373431946 -1.03232002835304 -0.877049596270139 -0.87466759587605 1.48661191992124 0.42013377100552 -3.55420163906824 2.20994688124329 -0.956883717893259 0.0832649834034024 -2.6239637241494
2.56422403092347 -0.0115704075986107 -16.3988749636306 3.77936325299886 -0.786260327287704 -1.2118422507876 -0.203338950304402 5.23671695698409 -1.11645882047041 3.72614600248809 0.565844251956329 4.63226620632737 3.26365882555559 2.70484411353563 1.30134484206906 1.12589395835767
-3.26735785917398 0.783781617829125 7.52229149345979 1.57109597060802 4.12362551671207 -2.20831250720756 -1.7074753323051 3.04705949324784 5.2311443782845 1.8985788506564 5.29314062618128 2.02880110486838 2.33931191685373 1.71274438462622 2.99802679147228 -0.574522297743856
-3.81730771763397 2.27311000400684 -4.12197294504853 -6.69306772326123 -2.38966653169909 1.9756391615053 0.907880392220646 -2.37385538811026 -3.20614805615823 -6.39001928293554 -0.677754219098872 -3.61811737707447 1.07996512984925 -1.55980567774287 0.00981512919983718 -0.411335078142085
-1.25809315145858 2.01604773641272 -2.3285846451802 -0.428350387254647 -2.13461022092983 -0.322827036885582 -5.54865341606599 -5.40760816754034 -0.918676648009054 -5.31368965681724 1.80235464458542 -1.93150489315315 -3.59450194774421 -0.7152645302249 -3.62912990221721 -4.48237724521867
-0.889951102429436 0.158432682818409 -14.1241212680555 -2.71916791199907 -0.158376418965765 -0.372308131551253 -3.33746033192748 3.09452105302076 -2.56085177171293 0.92967058879966 0.943981612361455 1.63298499125155 7.4785551186197 -1.95065009567827 -1.04586229333118 0.425687319607705
-2.18681810248674 2.4372321321956 -13.5783937861074 2.90823423943367 0.784722559201654 0.970653776954951 -3.21926809495842 5.06292058049923 0.685805650432033 5.45810791827169 2.89184523747077 1.77085239637276 -1.07123058925141 0.398768425512622 0.491433011073129 1.99067329868243
0.359018216872708 -7.16390769437942 -1.46222398388128 0.987348228083203 -1.04249709932311 1.1460173430007 1.24674164087845 -2.87694767378295 -2.0267943020638 -2.01811627154846 -1.287916942658 -1.83606385990027 -0.804212532389885 -0.343680496012923 -1.40039653336953 -4.52736967245474
0.221215523228669 0.0232641932375196 -2.95631944368943 7.52421465733019 -2.65903639376977 3.612793414577 0.800603566391037 0.246250805427679 -3.41349041452939 3.2108250186091 -8.38007594546821 3.31781853543411 -2.81346561585884 2.54138432854968 -12.267629319622 9.88802196859877
-1.85926998873617 -3.22181884225706 -1.01046201712666 -0.66822502777503 -1.18517361465791 -0.0322471410367606 -0.680227617039596 -3.81282968090376 0.885831156611097 -3.36042296625411 -0.621820184492936 -4.61818332359998 -4.13726827501588 0.180300029322326 -0.962574816665174 -4.36554214553255
-5.86881000945855 -1.45524086743186 -1.96882700870497 -6.05159461761455 -3.17057763786047 -1.38370210255092 5.03464532785507 -1.6586879998837 -0.918509165630644 -0.118980050316599 -0.988046832177819 -2.29074796265536 -0.200232545952309 0.957785657466584 -1.42802695264252 -10.0841653409944
2.20437019609532 0.59323880490047 -9.84796940267133 1.20204510333678 0.256262643016757 -0.399770415803874 3.85103220809025 3.01599851297454 1.88718580363901 -1.4802749004844 1.13988066275792 -1.09713856328658 3.38486531891328 0.153981903047905 -0.784497215021942 1.96869688452029
4.15362346823856 1.86269498053691 -8.74633103505102 4.20802968858 -4.07810379304424 1.6241704632642 -4.65663192400495 2.367010149465 0.531640010057242 0.63434081124276 1.7724582248396 0.608146361153616 -0.579054144160973 -0.92463099969454 -0.496493484975387 0.775556055184498
1.79648757830752 -0.905682346354525 -11.8734198175654 2.18068403628457 1.34779284399447 -0.870124873828466 0.14196645423268 1.01815984054045 0.209683135519876 0.632361157174096 1.09914667560906 -0.99644787053444 -1.34621434730785 0.587225590129549 -1.0473732149778 -1.77812463160601
-0.00508476684889253 0.439988900940564 -0.79901101118727 1.99939653945161 3.46436540752878 -2.52410220149006 -1.71316646933106 5.41949230184029 3.79970682761017 1.7041301263359 1.26517344768403 3.18429633379205 -0.0556172058341812 -1.41039759388277 -9.79588746865866 0.322428054200455
-2.95888764764502 2.72157758871092 -1.08956622917969 -1.93435313517522 -4.8124244180543 -2.00569253130311 1.4577592262678 0.406707551127047 0.805817409979147 -4.17600498792119 -2.28216110079461 -6.11612336079239 -2.70976691346978 -0.478558844226673 3.32360891393501 -5.1779580565198
-1.58468223941605 -0.0559880460386863 -4.37086921911908 -3.66572860386962 0.934783340632974 0.714585378306828 -3.31032906105842 -2.88668707994877 -1.24170005336872 -0.399703496897041 -1.09865249857126 -2.10593401884853 1.30065918249963 -1.11703191529765 -0.306806494908941 -5.83034328982695
-0.530644510713269 -2.86386223930825 -4.29599837313958 -0.610086297208889 -1.9682795153237 2.20212908766374 0.1904329472222 -1.5701276833286 -1.5779975492132 -2.36185124792662 -1.00981374665654 -1.52041761035013 -0.296265221332887 1.71709048005857 -2.86966939093206 -4.1529964104265
-1.4366907748014 -3.3220409200446 -2.9444581176659 -3.0327024966478 -0.491474796515149 -1.30582752445085 -0.738713953172316 0.6663486056167 -1.78479612970311 -0.461295790820162 -0.127506736587549 0.652828363482917 -2.30440740855291 -2.093782866417 1.19833331352913 -4.07885703720474
3.23043248035999 3.91955678031244 0.555357800900325 6.23043676628694 2.31274179960562 -0.271030712453991 -7.8602699817972 -1.60728789258028 1.21896245738572 2.52725241252566 -2.30760557107079 7.5521913056602 2.61844685192865 4.20430017317427 -0.538583905347948 2.80886136248634
1.79966687166852 -5.29849569514726 -2.28834076812934 3.34159687650752 -2.06086241238339 -2.97442746259901 2.83180264914551 4.49918390073391 -2.63961448890255 -1.77387570308537 -2.00011268926866 -1.99852399904606 0.897365218274025 1.60616159894217 -10.7510591705259 0.179680626152635
0.7093796978806 1.51632531399752 -10.5879270333134 3.89765132095124 3.99842956469618 1.72794360342323 2.78959883498984 2.42210931578987 1.37792288421409 1.79733047033406 -0.614810074846427 0.267955472781771 2.18417055317884 0.232930853886745 -1.96866022731048 3.41554232169788
-3.56854930658478 -4.77493604406733 -3.69598862477279 -3.25058169480992 -3.61894231633018 -2.25701488913454 -4.1211498552145 -1.39940763463716 -3.92972571036005 -4.43671021000007 -1.0088343121937 -5.06135642234038 -3.12087220118746 -0.633411792265361 3.12609006987747 -6.13287112412775
0.727997015310649 0.285618877991865 -13.7615331144623 1.67385283963518 2.77147437963566 0.853332119358147 2.30758427950507 3.54610718161255 2.06556091394464 2.11432802548232 1.31973435128996 -1.19803445759162 2.2305335815249 -2.56503988077926 1.8117882213211 -1.01516585876021
-2.75386307542372 -1.67574390563203 -2.5541562599222 -8.12454327469719 -2.84218291083663 0.541711160554021 0.179089875517404 -2.64228456882752 9.92933036303832 0.997400705070984 -7.61944809261893 7.17196431647159 1.1260608188672 0.522038811609523 -15.0383638735798 4.43555075630031
-1.13877245806308 2.34991248224756 -8.38222991118633 2.60883788131006 -0.842335308728604 3.16159171192913 1.67437209296367 2.19844489012862 -2.93468656569393 2.14083748957466 -0.910803766681864 0.70618521530515 0.942829687140208 -0.367263573393461 0.903741420328717 1.34143986836544
0.255074977030944 -5.00836084785826 -1.16117205509686 -2.19525685987726 -2.79640873336047 0.170686431007892 3.32425413315798 -4.49186493614769 -5.37555129288672 -1.74675293031135 -1.29920546176223 -5.30287842356319 -4.09044613873482 0.715969935175224 -1.81613533997012 -4.73425643379821
-4.51015609555333 -5.72415265380804 -4.12648504903983 -4.8774394489345 -3.22841434225945 0.847715974568607 3.19963390718801 -3.44445022040071 -0.208107113863917 -1.38988508534076 -1.2653087397852 2.08683629027286 -2.91986740956566 -0.278647242378278 1.89190315161689 -6.29836922383156
-0.885545421615967 -3.98567884060087 1.99117396315971 1.52684215496039 4.35587935957448 0.676078698453552 1.27523220735553 6.07022463031476 0.910912981932951 3.43756034997063 4.27089608941979 3.6193914624258 3.06623721845955 5.00337127092266 -2.4181674107592 1.17589348737379
-2.04015987976767 -0.449710081147981 -13.7044442638004 1.59401800415906 2.87003488003527 1.56819850955711 0.0026693611147498 5.76983620773092 0.752213072471655 0.472983620164347 -0.723287026874132 0.794134157050917 0.472906334455462 1.29572865571083 2.86404838917606 2.17328267565244
0.263840949283896 -3.57275375965371 -2.76982785237666 -5.67832030763063 -1.36973917215498 0.490937794827414 0.879452531917436 -2.5929088078096 -2.83826279708083 -2.15234007033446 -2.964197209779 -6.03430552626827 -2.51948953420871 0.714595070316158 2.49479343797305 -1.68678385664026
3.07287013682129 2.44250178038295 5.42332564368154 4.49750849633673 -1.17131885441259 0.116115205712918 -5.76464729831511 -1.15078100479421 1.38778340441315 1.80650579056467 0.797368402456882 3.82701767467125 -0.651552876436165 1.27562566437308 4.14259630623891 -2.38627704012731
-1.49430832360286 -3.73592322190116 -4.34411035274363 -4.44785981965247 0.0439884951931411 -2.07523724755749 -6.97966489766508 -3.89676648722063 -3.57065091020262 -4.07329381082452 -1.01143853085184 -5.19900050440415 1.12362763744754 -1.46541279509012 -0.1977316195765 -2.71640343959103
1.19089731798777 2.52447902815836 -0.470212878662812 0.284236443148103 0.6704637301622 -2.99993520063703 -1.68066163971243 4.77589910637427 3.17892571215549 0.44602465647297 4.15306987655011 3.9203349101816 -0.7446892369891 -0.365266756924044 -14.9327233308025 -4.18440577297895
-4.42728486355375 1.79724853403199 -10.4460592888916 -1.51703591151397 4.08747507298479 1.66068149464573 -0.131760189792411 3.78155105154135 -0.0259041975062161 1.45306435087534 1.80816501647423 0.446070201953253 1.18086540547183 0.398933819961991 -0.571086560898016 0.635739608380363
-0.779146003257057 2.72157962051221 1.86132968918727 1.16052254301724 0.934547959419385 0.102999739147897 -1.36015310727821 -1.78822162776609 3.2787464951902 0.825147876694487 -1.32764600880058 1.78281738681126 2.18077454367539 1.7617381337408 -0.481266402385888 1.61828440088917
0.864244779209486 -4.57442864475703 0.462975670291512 -1.63336422272917 -0.823108333824097 0.41512900865795 4.3977839486204 4.96515530091104 -1.17386967269059 -3.34560097818152 -2.96319261554077 -6.65513111118025 -1.25848541274786 1.21929989683866 2.8192218294041 -2.36653205632424
-0.00521398521728655 -2.71321284515462 -3.45179827057503 -3.00768410149222 2.10338231251387 0.58729881648163 4.58245974061269 -1.2963436003369 -1.14452144966844 0.100439328220975 -1.47807468014036 -2.46249718766964 -3.12488838921299 0.0419360580046002 -4.01035342863197 -5.91034513791172
-1.83319535376795 -3.60137328154936 -3.40386974592299 0.831435931288603 -0.485628972129807 -1.78496592454982 -0.194439979493644 -1.52514296048331 -1.63138395648335 -2.68419397685503 -2.07935179057779 -5.1749565487762 0.0822514635585752 0.271034778587766 3.15089625580498 -10.2274858225072
3.03306188855858 1.7006190027476 3.77625533253726 3.87289441334706 4.48420438958798 -2.52413570132962 3.07640061724541 0.330635080808811 2.82311316324864 0.982363081535319 5.835971380475 5.31028170600839 0.935230366643386 0.078120281303128 3.38236017239384 2.81088400254
3.77259091193716 2.83459780451753 -10.0501490820556 -1.11256929793326 3.66869069468531 0.415644178029789 0.729194912592686 1.68834898345747 -2.39536907955357 2.81225950506829 0.0887039950605196 0.16557178710074 5.01293526383429 0.683031426019798 -0.661349750802481 1.29287912638878
3.1121938360092 -0.305820674811125 -11.2591518149517 1.53395451936186 2.80283172573624 -2.41860239093451 0.160747513911168 6.78984630750184 -0.821214524162602 -3.73273779789409 -0.44618917858039 -0.210701830607544 -0.864587570488838 -0.876966998808395 -1.20257060832563 3.22256329268158
0.149580643900347 3.65345035807502 4.21328687327005 3.2702739682713 -1.18111993294262 -1.4708092914505 -1.4715096741629 3.61055598878715 -3.20085129765658 3.13643646363338 0.295994233886144 0.200804399620404 1.15196567778936 1.98353504879926 1.54740078172052 1.28688349974435
7.85772402281256 5.46259683552144 0.635063134950999 7.12477491739249 0.602165831257718 0.888751556439864 1.17457102302112 3.82033274292216 -1.5681544599668 2.36771366630666 6.64424426739125 1.81755411005854 5.45781211963535 -0.201755174247723 1.10767061800956 -1.59867903030273
-0.570273753866839 -4.18778132748077 0.47010566002301 -0.443960247749071 -1.68727682583089 -0.280433709708081 -0.759946181347222 -2.28202151196118 -1.3931498847072 -0.533131858445932 -1.00614906701008 -6.86995646963435 1.0546085317598 -1.59780661713961 1.03013541775451 -0.307854047999096
-0.467518167194681 5.02174361804953 4.42445033455892 4.00293732378973 3.34015854538583 3.18830829697286 1.5569171901884 4.00644985606875 3.45458875987983 2.1465183329155 0.830739452373205 8.99124066615424 2.97556741458267 -5.12187283343316 0.867272946070089 3.00954860473292
-1.32540899022137 7.2723929129325 2.31333593394225 1.72279000000952 5.2419968708265 -0.109525512159544 -1.61234839553694 -1.13890571026977 2.88623149819686 0.995653414326007 -0.0425356395423815 1.62435209013735 3.7520101128339 -0.393215158570763 4.30631314456134 2.61594380915843
-2.3056448443871 0.0545776919158909 -4.18460864591862 1.16460857613887 -1.16751013969869 2.31202543317069 0.968597999546244 2.74137125370566 1.9748149499457 1.85010164455682 0.901109462909816 3.59229065577298 -0.0135311983671924 -3.04752752343608 -12.1843257343415 1.59016949658994
-3.23757843748729 -1.38069507048523 -3.72922756014512 -1.52143971020981 0.314724340056946 -3.54052050754026 -5.62656038894182 0.671808809484183 -2.63714140408033 -7.28731910943558 -3.37437306046469 -2.56440738130319 0.607769201269398 -0.85298555284073 1.77946512258513 -5.30562307166061
-3.88683903799257 -2.8699083965294 5.33710293266013 6.22456845025167 1.53991764395949 0.095173750228329 -0.33118486665159 1.49128509159085 1.94948603919512 1.74854422232555 -0.741614892584841 3.6863585589195 1.74067264578589 -2.15267022442747 -2.63412735442837 9.11845590119919
1.16908027547496 -1.35636503263742 2.81734791774761 -3.60461032829105 2.50770095333609 -1.36863731662567 -1.03555215705669 1.04497022314067 1.32620456226019 3.39765726292311 1.88513619498083 1.80859245581236 -3.08825127086989 2.40379853573177 0.571443827833657 4.98301695752071
3.9550952357583 0.0558611675400142 -9.15160689170846 0.388879677148859 -0.288353447629018 -1.46263910170392 0.860397346551302 4.41396739055347 0.208556906014307 3.15774386737445 1.35254670992011 1.62087190110523 0.238427143607649 -0.424147035992894 -1.52212263455961 1.26381127126371
2.64132060782255 -1.96291446333503 -5.15866560457598 6.95880825127705 1.65312620003295 -0.641062633616158 -2.05860271053305 3.32532444296883 -1.37159403272701 -0.119608369168035 1.8206881110415 -2.36882394081911 -0.23390491904503 1.34120459854741 -11.4521244543837 1.83743936344833
0.110234817192503 1.29284381189209 1.73013621156117 4.71375449184383 5.40438476874536 -0.223078996628332 -2.22025829112798 -0.0646229191882246 2.44748679699364 2.41458647298363 6.24189155111882 0.301401637129728 -0.812145469575248 1.49944363980059 -2.67732525398643 6.62694273633675
0.355697813153606 3.48024413160341 -8.87065392883287 3.01523568028593 1.03804423078525 -0.466130185116041 -0.401157361563906 7.43142055662839 2.11222683911568 3.22333023832471 3.4388752621181 1.84085483388475 2.94296095666739 -0.656328726991282 1.07346087693044 5.62129916871299
4.0347229962192 -0.145916084097631 0.700842840320836 -1.07388935707715 -0.540668544437305 0.944489862701473 -3.95582411256214 1.14081746719235 5.24658017645092 0.314930547017447 -1.80279015148711 3.28340187554195 -0.810392048657194 -0.565771941031624 -2.46974471636267 4.20237822555862
-2.12571928926923 5.489033216618 6.12505452777809 4.12028160258625 -0.0751573382221917 2.38162571675143 3.2755055306743 0.26632887380347 2.30013144908542 1.92729835393828 2.11811054620511 1.7984203549249 2.07427564705496 0.143297593194977 -0.0405101697575158 0.156251422161098
-1.4527844337305 3.4333192870014 6.31347150458549 -0.32243261349439 -1.48148130196867 1.78828589165323 0.687597523456364 -0.805383546907216 -0.823253833072817 2.67170284560376 6.299219456391 2.28847735552623 0.721212201713046 1.84245986348522 1.1287492539955 -0.907202240307752
-1.47028481782205 -0.723318209012946 -3.71175973668437 3.65063809132996 -4.37059917988968 -2.42277549507002 -2.02027117330476 -3.38660309535994 -1.68488117349161 -3.61154168778891 -5.58376095711868 0.265213698828774 -3.47608101959798 -3.77156882777069 0.893365290185626 -6.1052219827898
3.81790953178251 -0.75897979431039 -13.6912329610294 -0.420401221982745 0.387935473280487 0.829227325589102 -0.991731824722344 3.65417168802662 3.32067313452156 -3.26483405060171 0.8994532812697 4.30844548237187 0.261847323797236 1.04424381950857 -0.18280586138951 1.77089490167347
2.70660463784987 5.06253320981028 3.87295557959274 2.34307889670165 4.33535579696303 3.9253466356614 5.93236472999733 -0.808883287472714 4.03510829071801 1.83713761902089 3.64378174770272 0.103297059602972 -1.65022465375278 1.51115516782947 -2.85255780941716 6.75528251705723
2.14760599782158 2.06458971568212 1.71937999257708 -2.62368391593817 -0.46358638941211 -0.84405639780882 0.833271442248768 3.1533245814186 1.25729813651061 5.61413616872108 -0.832343119405207 4.90571262405284 6.41138425890044 0.199000954375579 -0.0185326348685736 7.52472801680354
-0.338916824010966 -4.5299342452867 0.257536252483357 -4.52735162395702 0.722814987107503 -0.849113893991509 -1.59507190333365 -2.51083239785792 -1.69196968864422 -0.65751116235532 -4.72637847831492 -2.42386672117788 -0.816702592963667 2.948586781798 0.545405497814194 -1.87373747259796
-0.459950896045145 7.22659139989505 2.22681734496055 1.78801559903349 -0.272974739710889 1.62855962858689 -4.87951279565351 0.4408549993459 2.96466407601233 3.21473892452033 2.72448866043469 3.58286316196018 -0.405629548167327 -0.201524475061775 2.50904776384878 6.81802606861879
-1.59156242986996 0.137987449896785 -0.815043325245137 -1.14033767346341 -2.43808436792768 -4.6415011197069 0.379512816607241 -0.575909522495557 1.21204045235474 0.332402627404595 1.79058659465033 9.58789985018564 -2.00216866100876 0.513909736863661 -9.08862954226207 4.42157047005699
-1.25169186844459 4.02544761581794 0.714297420683129 -3.19574296367159 -1.88878415636206 1.76406793953975 -2.72391304348849 1.46716991539038 -3.46598043480764 -4.03892890703871 -1.90778087633341 -2.91237637125438 -0.0132902641730623 -0.963036393486228 3.17836283708285 -7.793660610586
1.08183234065657 -1.63253264680767 2.64863525517326 4.2753642379947 4.38179174121189 2.17145301280194 0.797831029333627 1.429601182982 6.52332634857358 1.43267634059851 5.37620167705357 4.81098353784503 -4.80329894592284 0.0735549314873739 -3.66815331176746 6.57506718440759
-1.23446868321499 -1.36057453221494 -2.21013172310608 -0.921882685088707 -0.373290397929964 1.39469714200239 -0.300394482313343 -1.2525278763546 -2.53562276986515 0.282770986815888 -0.3400529655981 -4.41960108444258 0.543552306042481 -4.60510288344818 -4.52129212773643 -0.86354861895384
-7.9904875341177 0.672750138413602 1.67726336906012 6.48516924101075 -1.74981225475131 -3.88012019450941 -0.858308525450362 9.7138703884383 1.42109925381949 3.89258769581863 1.03750644043597 11.8753614173608 1.44029714143148 5.94448291483403 4.0381956565955 3.89681669430442
-1.84124860971603 -1.95261568947556 -6.51967571826652 0.5617569098719 -0.449630853508081 0.0503274958891929 -1.27456269451183 0.197872505422831 0.686943573048684 -0.991849084901143 -4.25550698163153 2.54407293200313 -2.2367724138252 -0.246588883205179 -13.7855748294461 3.1627610621159
-1.36390914828331 2.86375642365983 -10.1040327846407 0.108625569418989 0.948174704852284 2.11089431911158 -1.89748411047032 3.63189047115154 0.204384391506055 2.30863507599093 -1.260209868425 5.47338091124299 1.83892297555431 -1.88534159663357 -2.58754632217002 1.58859945327727
-0.752487576579018 6.56549166154082 2.01142946577785 3.71218504545706 -0.866672997972058 2.64673304612831 3.56927752075424 -1.72496698873146 -0.0489417524340174 4.16721811150131 4.02118433228304 8.61593938974881 0.859347620804127 2.79963531205134 4.87519639435171 4.13967534370078
-3.97905240159592 1.64708480566791 -3.80419098780074 -4.50649969994594 -1.52968694310444 -2.75740187840927 -0.736449065617285 2.12721545008277 -2.1419212193759 -0.259213581933927 4.32694258159483 -0.927175953802087 1.6356239844298 -0.231019152058228 -11.7287133897391 -0.174479271888152
1.21405110139692 2.33388974417978 0.877377042453731 4.54377903380338 4.42992953930588 1.18040648794527 0.721984688015681 5.51320189063068 0.54262725380817 1.66269243322169 3.24557286006561 1.41038943361644 3.87176652454802 3.68877182425483 -5.91927102030075 6.79760201049252
-1.83345831031005 -2.14934001936396 -4.76479305658225 -4.42932985967926 -2.6970945129171 -1.20359280505999 -3.13118215395349 -2.53251848650314 -0.0791701628272174 0.430810140114824 -0.92583147565866 -6.00900420402643 0.932661950100798 -1.54937110649738 -3.23835347908999 -4.37675786118865
0.0986376481061814 -1.51214570255837 -12.2501509969474 3.76235352817645 1.95843143560504 0.213519858297145 -0.595713938466689 4.87731813119393 -0.357570144948725 0.122184311293519 1.30779647661171 -1.46119268874366 3.53099604382029 0.620116834849936 -0.480474325023508 -1.2287696718272
-0.569425235340725 0.278437450334894 -5.00980592565394 -1.73177106300033 -3.04240410503968 -1.86286045879224 -3.8566133976878 0.53201069665766 0.545307438458361 -1.39544491748259 7.48011391567464 2.58740389589046 1.35393513788201 -2.22676008173385 -15.2275611914402 -0.608851563506543
-1.2517478749694 -0.0429241744890929 -11.9085809342598 0.906292243743061 0.992488763264128 3.11945118902947 0.836175874163167 4.40242698132709 1.60366026696109 4.79826090449612 1.76026267455628 3.98792034514589 2.4651308494574 0.295209121633209 1.67849327837412 3.20593043615247
-0.71067101883927 1.27612630443234 1.22819267785186 -0.963256163070641 -0.675406940399728 0.668152574373301 -1.33332738421849 -0.288785669330282 0.614386960019062 -3.17807756655771 -3.2894063882219 -2.34958495372319 -2.47562868437022 -4.1208272326566 0.262008794859436 -4.37984426120572
-0.305794808363413 -2.2013697690683 -3.56024506455779 -0.975447789735641 -1.67174915448541 -0.643277648362886 0.812249787564981 -3.24470807234936 -1.86284321425578 1.34827056696038 -1.40603894121702 -5.86973541086824 0.286072402399983 1.06027239595508 0.276760897806545 0.379415520826055
-0.668637142630158 0.159615267626774 -11.9284831272513 2.82221360582889 3.11944473297622 1.92801411684293 1.45539959719379 5.83136693387667 -1.70212929581018 2.46503980895846 -0.108629939699457 3.47263773556529 -3.05956732596428 0.772360130484327 0.743549383430341 1.81951151297878
-0.237795227294918 -1.60196727928723 -2.52355747575632 -3.4073830103891 -1.27264265052318 -1.44820029721065 0.630239106167972 -1.1281149143688 -1.86499661716773 -3.97499447673111 -2.12748264586731 -4.25958353244488 1.07928947642683 -3.4519621986602 -3.80484201035932 -3.86505623442934
-7.08145943576531 3.35536005432144 4.25374278878452 1.54668721719479 -0.999664762523483 0.446576910596996 4.93506989822761 1.78658423589159 9.31041622464697 1.50923631463871 -1.23545283362244 7.07827648116549 1.48691476586109 -0.0762387049863499 2.67578130933577 5.50162871079736
1.54038170879399 -5.00801850577227 -1.98965543920466 -8.40644638846167 0.856661426546413 -0.54577678439689 1.29248697488224 -0.0541506189700529 -0.803360694859855 -6.61884784790806 -0.754162707850318 -3.10706706781878 0.759042946538868 -3.64983422710538 2.47768046647553 -1.93062469815025
-0.412562888781998 2.30822256170445 -8.44341968983737 3.14385038592196 2.12564229156936 -1.38114506709981 -0.994558402085705 8.16126621882184 1.73734550381254 4.66850533672689 2.03100580015052 5.40808043114221 -1.41840668557608 0.97513800803349 0.109986677887738 2.08383983880786
-1.0405308471155 0.235546318385165 -7.19488770912212 -1.97785644888396 1.50541999405836 2.51141836128261 1.99072803146052 -1.47285940554773 -0.513909513644634 -1.65712972497257 -2.35867538256462 0.140169410476547 -0.0346895663165959 -1.29191344039661 -9.91621669239468 1.97104360767681
-0.271733740204531 -4.44263165917974 -3.04465023139387 -0.497673393126768 -2.97018650004243 -0.207495475674573 -3.43521963449335 -1.30623253405691 0.11711292208021 -2.59806604609051 -0.602033096235787 -1.21706722171479 -3.01877085461404 -1.04288937573339 0.933051281785091 1.85364874858075
0.0919113905001055 2.10254996751023 -9.46678403416206 4.89913207228862 -0.247591650134077 2.632795598969 4.79723901541555 -0.219972399108186 -0.615598594304054 6.28080204163092 1.32827338433562 4.39415762069312 3.49259754021021 -0.209301370966485 -0.0222970736044746 -1.6177126341128
-1.16650877388886 -0.0297608223163923 -4.97791421407783 2.92461830119381 -0.941530914116835 5.7120285234676 2.92900302251348 4.36517076644345 -2.26471415175565 0.510786623932349 -0.761350060293855 0.089799888504371 -0.248649821187807 0.0879932417267751 -12.4840515452731 1.2867881947916
-5.93130401374158 0.941040137348284 -11.7903124982608 4.42581464554521 3.0257313512098 0.841199169628177 -0.262793795173625 6.91418289327514 1.86863755552983 1.49533326234183 0.959091610156988 0.00296348076264974 4.25383583938628 -1.00038934673135 2.17154720347111 -0.328282720504499
5.71957453033123 3.08636505249436 2.63912617058641 6.48210780162242 -2.21522126771051 -1.09596057782929 -0.62628586585889 0.532143352803189 0.33985691965606 0.47366666293177 1.69685945112236 -2.38479948239416 1.70808917769809 -0.254023101534622 -1.32936912354892 4.70090870668993
1.67832468456573 1.14286981834774 3.09962901723767 1.98605059485034 2.27152387638513 1.04931348287094 2.02733671991008 0.72805075752292 -1.53877849351142 3.93460818710178 9.17139854975013 0.574964911948498 4.42095254180737 -0.14868228744271 3.56759532544715 6.44005979951143
-1.30355307818296 5.85811074626972 3.49292317693677 2.39480983501476 2.052630856766 3.63268661566305 5.09478027711795 -1.40623153679164 0.871769372974319 -0.436739800272946 6.50586995285721 0.610029263557713 0.480796863894969 1.0813277379501 7.70826136740015 -0.520745504131815
1.27079679910192 0.349508370903665 -4.10105712577353 0.406940530486341 2.12721318514843 0.769063028751109 2.52925943988769 5.91212547488613 0.885804690654854 -2.60780380949521 -1.11815452867975 0.728610618317772 1.72090235885701 -0.445605378462443 -0.199981131950448 -1.22999108636042
-2.05295586134014 -2.83239839513851 -1.7199328817866 -4.63439966649169 -0.549090772870351 -2.06740043374167 -0.203241520965509 -4.97357235773899 -0.983912510268144 0.465826608287715 -0.957615441993446 -0.986279582640583 -2.25550315550222 -2.63175355766506 -3.29128928098915 -0.580888442827152
0.785383848055188 -4.34649811925718 -2.17358102476481 -2.25387757902421 -2.94695757329054 -1.01419613778748 -0.790367576531916 -3.21150156605369 1.74118818028212 -3.37181785431048 -5.68372503787246 -2.69278626449802 0.198661458431381 -3.97212213674751 -1.51005524828913 -0.356753429285831
7.1892968315552 2.31266181870103 -1.11331208757944 0.622311493427422 0.0634826911573341 4.4097375825434 -1.09606387092394 -2.61993113521954 5.46289418691068 -0.516240456601591 1.16908032342021 0.218852944282792 -1.42917386010394 2.43070637417063 -3.23725266107088 6.4939762839775
2.72109744414234 0.539097178172727 -4.8016109479666 0.154057487693789 3.94293465678662 -1.47680808576877 -1.76593507257234 3.30440114161302 3.54331553064344 -0.22492578303852 -0.0590480093344644 -1.02067684691026 0.778903309979488 1.91983617640728 -12.2021260239657 -1.89111235682637
-0.233038287257508 -1.80148772999236 -2.56411354781446 -6.28826328037314 -1.12314592175126 0.403881587068035 -2.56648769847471 -1.52053015236719 -2.50556437206071 -3.76323428405599 -2.38777087519559 1.77770850421353 0.663240733950108 -0.52277591788508 0.173346305461264 -3.55160496168738
0.27118359937203 5.08917708637418 -3.05257132445951 1.96350245614671 -1.44406535000032 -0.480988435689438 -0.425727761099309 2.22462104732378 -6.54982403458688 -0.596228321821284 3.54778963031513 3.07065497973215 -1.74965058654627 -1.30771086908462 -15.665014698223 3.22939603245468
3.37525406485056 0.679796236029448 -16.8035233470634 0.808642498374819 1.39826829390093 3.88758719949781 -0.477704274637377 9.20832502659318 2.90006266610639 0.815757193482234 2.24126856142852 1.16088643281716 1.45934543379878 0.668095935568174 -0.497176326577096 2.39871930980639
-1.83127988733752 -4.92373793117562 0.726070929741579 -4.00349427417462 -0.387474540374168 1.53018771726562 5.36953978921083 -0.39298178877161 -3.39498102793514 -6.03261006242008 -1.20393367670245 -8.21562769867809 -2.26773432890523 1.29564530758425 0.931490160627645 -1.43598176895969
-0.736917968234854 2.85771562501211 -13.492433963202 3.36570775702911 -2.44190694317672 -1.75666903365355 3.20378779845924 6.42768954616573 1.41389280613036 -0.112243511292634 3.13158814918651 4.85588958370193 0.559109040132736 3.73759145647182 2.14688091640688 -0.65328993293295
-0.589983582960691 -4.52824789409303 -1.68341537142494 -6.50320107251163 -0.68093836611561 -1.04525193551237 -3.64937170318096 1.17806076334753 -0.313639628623315 -0.353580405083243 -1.34671761446442 -4.52573936017948 0.368935892130069 -2.48448384766189 2.80309595462785 -7.77525752404617
1.328405692292 1.2412838424923 3.78201453530177 2.99482350940157 1.10151139158823 -2.24151655287293 -0.501661274787742 0.904494350649913 1.6320412649339 1.85131621592656 -1.36112194239987 2.13093765464761 0.310680562066898 2.59068245292671 0.77435189213194 1.22320216913766
-4.42853691220565 -2.96261220515733 2.29969848411775 2.04687651745073 4.08370940754195 -1.25441919880602 0.86805028945229 2.11748797820852 2.09781117073387 1.76746326266573 5.59188104046951 3.86737610437216 0.309351524341798 0.330989463217492 -5.57413556893983 -0.578491876539226
-1.11809375762606 2.84338556993744 1.52639643941081 3.56547568708085 -1.02938076144683 -0.578880180479833 -1.00376495135061 -0.571989379633983 2.72258079079631 2.5269180197978 -2.63454785787207 -0.642909619843188 0.542516132655486 0.295155774849535 -0.525802482148886 0.495740139053842
-1.3638236126601 0.990499539870182 -12.1232285005543 2.26878112493268 7.14775440297927 -1.20251189830767 1.16282937595562 3.82164511426834 4.86638635317094 0.067541848686741 2.39701694356503 3.64420236837959 2.88227319267549 -1.6387423297685 -0.618486098307892 3.1748252658216
-1.02377877245982 -0.149726341079709 -8.06023028527356 2.52161892928104 -2.58672031007691 0.555765643983828 1.70314857604302 3.72077610781375 2.7692620068234 3.61371152555781 0.217048100328393 3.83146383310299 0.100140084132305 -0.856306078733752 -0.133184041856832 0.300728150922172
4.12769146464623 0.179690269941226 -15.3122869515413 5.45971520769617 -0.410432579797064 -1.19536416561084 -0.913237603962465 3.76270884656004 3.50927085332916 -3.54207943882566 -0.585753245457229 0.345157800063158 0.509691700761506 2.02344385287089 -1.01774625799044 5.96895851974367
5.1680941325447 2.40626441022942 4.71320568173297 3.08301347590155 1.75172490521738 1.05364661466283 0.865762999116726 -4.38898658525978 3.0316677448382 -1.04898120430759 2.30043668543815 0.581017713863649 2.32925001324865 -0.145066473727738 5.29110252571135 -0.0213336450162021
1.55037062948999 4.16115416897931 1.78899022119118 -0.437747889589791 4.1130484417968 3.83012826318238 -0.0579162342607709 -4.82384074203615 1.97663484626291 3.2562409108135 5.57895300844186 4.59052543898903 -1.68882313179526 3.71801019752638 1.40268582110563 2.48105690918907
-2.52278197915379 -3.34438887809972 -0.365241349917039 -6.84232548318653 -1.81571710477779 -0.190194265249683 5.65154644462934 2.72260903545884 -2.92346019612564 -2.01304301290762 0.51260253769389 -2.62536474644872 -0.934288122458949 2.0896757341267 0.21132012944525 -5.17939669352018
-0.433527186925795 -2.0762139687744 -14.2995107660286 3.23655178457611 1.02783359267398 -0.0108101167906606 2.08919267063172 2.93559346026013 3.37222938349276 2.15588125977616 0.0782727201081138 -0.24945703489396 0.5487836900601 -1.85177261566433 1.36606817218058 1.81784035678482
-2.86856008111549 2.53620507656148 1.07768595398618 2.70058261924458 3.73561908836122 -2.27724533810824 1.24721755006832 4.79738717096089 3.86252285893659 -0.227800712237709 -0.85469162952859 1.68029918925918 4.09142310441757 2.7473816817112 -1.0616858707288 -0.0455204881880507
-3.44396137107501 0.558789611260432 -9.62469659069502 0.831989509451782 1.25902834286368 -2.16532840365369 -0.194292972913297 5.91436666598365 0.616686646877633 -0.295155895121071 2.64000741769652 -0.76583254839335 3.87145876141258 0.281472213467501 1.08329160567379 2.6301856640581
-2.96437884345998 -3.75039194094938 -4.73414035428495 0.74120548744524 -3.4022436822628 -4.43081074358318 -1.1084651150752 -3.72734007127601 -3.32137152699618 -0.846854790149388 1.06074773493901 -1.63661128864994 -1.71071922028327 0.344741163142789 -4.01091150381139 -8.13345730541408
0.68449216795766 5.6060241500074 -5.35283541059723 -3.4721852328638 -1.78922602243962 -1.70887946396122 2.76449090264124 2.53200905569269 2.54116592181382 1.58900935443412 -1.66932303239637 3.28211150570377 1.14897120186112 1.57532182977434 -15.6745502396317 -2.92386756650464
-0.905792724678952 1.64909954357705 -4.12929426773605 1.94597410164618 -1.13255812336745 0.41388990783404 0.213428190549713 -1.89221791205007 -0.771982347063797 -3.35205133346686 2.55345772818063 -1.66862446249526 -1.37742426712046 -1.03437566871387 -1.94627888342944 1.17452885704076
0.655286894897516 1.24933287983305 0.100548698560113 -0.793007051268027 -5.14175508325666 0.381994133541545 -0.259074633316947 2.41407296620809 1.90433178996727 0.332370645382001 -3.03662561845452 3.85394090524882 -1.64027089998474 -0.259550019330685 -4.11283930231874 8.94109104313983
-1.82737505682692 0.304045060662137 -1.62815219234327 -4.06225712636522 -2.55425371374425 -0.210475178973298 1.40742348434246 1.06598123056665 -4.20462163606136 -3.35264561170375 0.814044358735545 -5.00595001046656 1.0432095115844 2.91469959772133 0.33852439241683 -6.05267967677628
-0.383412345132602 -1.45435771158157 -3.71448103219793 -1.99252391079589 1.06655421975011 0.34072614260272 0.652441211992645 -0.736402860008187 -0.383495180329197 -1.57245307374759 -0.905503937431581 -0.394735331773999 -0.104826886977229 0.344384826611812 -0.165875704877218 -2.55374492210149
2.22348382507251 -0.588841858121191 -2.62866268778279 9.45829259631242 -1.2902995422202 1.40883011903004 -1.30839168628399 3.51491091970162 8.39483581764525 2.72334877235867 -3.83188104132947 1.34825448122879 -2.98572508385746 -2.90520808128937 -12.4660341748709 3.24931758620766
7.43271709210301 1.96292251894867 3.18742009069494 3.55798419333205 1.12686376368213 2.65884475239844 -4.56871455503542 1.29649403076329 2.04011728765971 3.1457059384466 -1.51042182143724 4.1306060292669 3.74223165673409 1.73622726988217 3.58432579267849 -0.53600144652571
-0.542622611397942 -1.57210811118014 -2.08586158567002 -1.12380949714745 1.04289165128904 1.05190776485085 -3.38840791612541 -4.21828380862499 -0.17591130166294 -1.89836771375327 -0.328923887290642 -4.90452520201536 -0.672392382733373 -3.01325803817558 1.12359351265873 -1.94650950766032
0.922584588161642 0.571341251222841 -7.093564392775 3.84595182756583 -0.240157530906253 -2.19639458897853 1.09502239283528 10.1695680931673 2.03547483300555 0.720164785671129 -3.27227479414003 3.38536530831988 -1.55846753599378 -0.575821651163001 -14.3118425952857 -7.40461665188165
4.57528743516137 -0.371815911699382 3.88316513443446 5.76246459345515 1.64921982234174 -0.87226994764426 2.88415403429763 3.26392638560645 -0.586304336417528 0.312330515036044 5.19891082285504 3.33312053701318 2.74186240170342 1.05048582897718 -1.55834004582455 1.15002290708108
-0.404414807970897 -2.22322467497451 -3.7398722562689 -2.64227112659589 -0.5282066064314 0.765822214172425 0.688898474189755 2.77449182701579 -3.45241194542803 -1.86125600850142 -3.30647927007489 -4.34815666476806 -5.788954863157 1.7213557504283 -2.06941596072013 -2.23634682667848
1.18483160020656 -2.26181284579349 0.533154352871026 1.06542017216767 2.68852477273998 1.42865745719046 0.350867425216117 2.70117994343412 1.0468106580246 -0.511750793461438 2.93474878806788 5.21390524630735 1.89315978606895 -0.626803577910986 -2.16550659199515 3.86430869317642
-2.36690279848328 -0.69521342073651 -1.85482918817641 3.33654915952953 -2.62743828841445 -0.361464570562842 -1.56686130670099 -1.27401776980074 -3.40346418950064 0.191763966263975 -0.974332966889352 -2.93844138437947 -0.543959830577812 3.9759285821044 5.17879355954563 -4.31572948174527
-0.178727764114265 -0.203794078945038 -1.07005608057651 -4.50766867504793 -5.49256810204619 -0.421052257262755 -1.34645792379264 3.22432699734346 -2.78653357961627 -4.54360044482697 0.502376768013251 -2.48217052519958 -2.77927909394786 -1.05386477528555 0.154749101771873 -5.17232626214201
5.23820831245351 -1.30458875430856 -0.337294770416076 4.20573470403857 -0.225170563822465 3.63818196815248 -2.64815421230681 3.13547994436855 8.26034798745981 -0.460920547877667 -1.4055488060146 -2.69665439719574 -0.222737218049128 1.69885370298567 -11.8670533462053 -1.58296459027283
6.05871687284675 5.73096705533511 3.64869403759438 0.0832996508221111 1.56886219894448 -0.424590398305714 1.67784541069768 5.02464485084817 0.437584909737245 1.82452417764766 -0.274597033383351 0.785467613644147 -3.27490732534741 0.0625395980481032 -1.98641492089947 0.542992513971786
0.0201273474641144 -0.446141336170932 0.709298268395188 2.96970215527101 4.62891155061696 2.95766578404707 1.11869873965919 -4.08612421168515 0.666237790809245 4.29199513768377 2.66534983894262 5.17240578510794 -3.06791536604608 -0.838061310022906 -2.16731481462172 4.36630929626553
-0.81368794921677 1.88098858335834 -0.34217912394932 3.14838548803716 -0.410180419768617 2.62250980108128 -1.25597580023138 -1.08800250262913 1.09430935948684 1.60634748125287 -1.05677824234587 3.0074437475972 3.03972250687968 1.27698134793463 3.9384574116006 0.660184306791519
-1.35460956740652 -0.927266159368725 -2.8285063109275 -4.65433741854309 -2.1626673854272 2.4117322042177 -2.21901393477537 -1.08436493834126 -3.51179339710997 -2.86014540392723 4.5850471073241 -3.55296816965305 -0.540272919507452 -2.00665068243766 -4.50784806432819 -2.21449587729805
0.850719674732643 3.35817741761794 -2.27652429010187 0.967051595875771 3.38878226183476 0.100700778726283 4.42535918414568 -0.510428801286976 1.03137303663274 2.26617523973589 0.69301190542928 0.651039332985085 -2.05031049196062 0.412105270479342 3.65537082343612 4.90645733234608
-1.98845581483175 -1.57191309987823 -3.62710520347224 -7.62222829256469 -2.53047092496103 1.46369207372637 -1.38260644367862 0.227379721630194 -2.68387114042318 2.29498362568407 -2.12970214424456 -1.27972295742477 3.63210811777516 -0.258005594077929 0.316830856299012 -2.87745112298306
-3.22686732857833 -1.99590063396006 -2.87322045071955 -5.20417274488188 -0.334245960957795 1.97639191105346 -3.25005907252368 -1.91171884785808 -0.813156006008624 -3.95793843688554 -0.024136538996939 -2.15698170702746 0.25236156431262 -1.61736136262171 -1.74709373262619 1.6991529355152
-0.572780914988158 3.5243160213412 4.91072580578797 2.63360109981312 3.54832085555303 -2.16941151077559 1.93612184212282 -2.05948814475609 1.79924944435261 0.797619690419148 1.04687361561386 3.05523164220962 3.97160097361047 -2.27408186724697 2.65487477308791 2.79783566474424
-0.445673687229747 5.3666451679328 2.54312502169482 2.00713860012361 0.890452093742658 -2.03091942293601 3.51403957204314 2.48719955205031 4.7341868425909 1.33841401251662 -1.36926733863164 2.69194707977414 4.9351997392251 0.535264633081196 4.74819371352062 5.39584163201892
-1.10773493873231 -2.55019522764186 -0.0839526161202988 6.31573744924015 0.0629578756883626 0.402509714194999 1.12983733610408 3.1255370024968 0.760056614114374 -1.15159516971612 1.09886425675701 1.74237923240765 -0.143403747890672 -1.77178168950717 7.26802428935754 0.0415844489331021
-1.83285914505818 -3.28885727382205 -5.78000406265075 -1.74033523144333 0.253499161812483 -4.0202585088808 -0.546138124870144 -5.10134815310719 -2.99283160199127 -3.39539227069507 0.614224973170824 -4.84055849691927 -0.323437517269973 -5.83080840202908 -0.270076842854163 -1.77028624827246
4.62669408670505 2.0047031577866 -12.8449660856894 3.0460273688808 -0.907027109932099 0.873128231582142 -3.55948087705606 5.52977182864645 -1.34350599006888 4.72058979229287 2.28603741072006 1.84274688381881 1.5284707672418 0.631391910906577 4.51635664449894 3.94881150607711
4.14788498788211 2.90649500258995 0.20848805850174 3.60861695459367 2.22421598909487 1.15563684950829 -2.16968533080079 -0.716935119731426 2.46752268635771 4.12027455569047 2.83751754683571 2.07624208926186 4.20359095096083 1.0354710962152 2.97010119654361 7.80219557203916
-0.15026440976807 1.67618323917999 3.2766500062771 2.54765742248556 -2.79978548141396 -1.69378548953625 4.27217351302449 2.25354326792693 1.85335514910869 4.12493392533878 -0.319246392548307 4.02963843297128 0.615905985116081 1.1682884343539 -3.18318583272473 2.60223109051026
-1.47628399286718 -0.653653774824973 -2.3232499833146 2.31506013752577 0.122229386104798 -1.53323893856771 -2.57321431785064 -5.59664677290716 -2.72807698244557 1.40326121222291 -5.76425452709227 -6.19939348951217 0.585388582006645 2.37501215724131 0.0957639984686797 -3.53142762870418
0.332258694834499 -4.22278016851529 -1.8885334444593 -3.75341200438345 1.26100479100938 -3.1188923818521 -6.77561761908338 -3.50059359943922 -3.29691681941166 -3.73870110238075 -1.6056596475726 -4.84795042139904 -0.148914758141282 2.8369308629117 -2.13063853698153 1.20256379867015
-0.415041551848196 -3.72716030881379 -1.56927789713283 -7.39791761200213 -1.72516312689095 -2.72907147415117 -1.42063396132473 -1.10008573207749 -0.953121414484205 -0.579020927289446 3.35742907810487 -2.86050931722051 -2.76519388712167 0.549694266785047 -1.57188187459415 -2.71999224436215
0.841518183727066 1.96912732624301 0.456675010682591 0.329251728906585 2.30585609011956 4.52855237003767 1.73352800434021 -0.331119472129633 5.80740105375208 -0.116780132311927 3.14505106318909 2.9302214139361 1.44328728029686 -1.28403244583702 -2.86862075662284 5.0655291636384
-1.38536768566235 -6.45634474301428 -4.63504672094778 -3.09693822058188 -3.80300198000976 0.329308607337178 -2.6730954260838 -2.35588471176554 -3.28895252380361 -1.91864627505795 1.60710103167595 -3.07906335034708 -3.52095084333582 0.612907190589379 1.77001578005375 0.924313438048259
1.11281788377265 3.03245007971823 -6.14163086717988 -2.16528151397583 -0.997023484941374 3.72948958382992 3.13005384015872 6.78019853285488 -12.752496011131 3.15485789490638 -2.07377533972329 -0.444704845542877 0.889905306085511 0.89566995315388 -13.1453653814904 -2.09926851936303
1.23816659249158 4.51619179596381 -10.6883963507271 1.35605217164983 5.45822116772844 -1.29724530852102 -1.01954618308376 6.6660782479121 1.64391740564385 2.30839083377357 -0.17223757400315 7.99035979987981 3.69565479119649 1.98224863450967 -2.44927861610131 2.04546337448626
0.468088920918542 2.17512349762827 -12.4222254238587 0.675591647268491 -1.80687319589399 2.51365830470621 3.56346146686529 2.68785536926412 -0.435168042606337 6.12496220305298 -0.185126549511156 1.97620526942986 -0.649777224756301 0.778994620095183 1.86136368194558 1.61566344943749
1.5636482361598 0.360200774371985 6.41810381639766 4.8969437722146 4.31190080161564 -0.892364479359566 0.53012627486064 0.558239278188238 1.87054132419746 0.989182913696786 1.70354973539252 3.73990902001129 -0.322120566696708 -4.55266377539537 4.95868272397099 5.47140986026209
1.66069543957126 -1.70821187525966 -5.77413613206428 -4.19168706438063 -1.26058205322192 1.68764043914936 -0.643518460090642 0.48268633939497 0.169570627535159 0.60943508126427 -0.0154995108168587 -2.13036135167069 1.40669906206742 3.4641270999083 -13.1018533327226 1.61227991945153
2.76431960409069 0.648796788289732 -6.94491245055348 -1.87721004759525 1.57582800133512 4.34913728906696 -2.2309595946211 2.02579076407573 1.53313770230474 -0.709748227604597 3.06731394647461 1.46038002916559 1.8213063713094 1.26054760371975 -11.5851088419205 2.6342077532856
-2.47071735148102 -2.84783023711558 -1.02556012652535 -0.587096134212563 -1.09362518154519 0.749557337461223 1.8838974376343 -4.3723850108521 2.68864142817601 -2.7445283323767 -3.48899670513413 -0.363508164319817 2.2540410353626 -0.476670114931294 2.57422734376184 -6.2620464220378
-0.396974448047554 3.86180087599023 3.99484624870339 3.42658705218967 0.982485464181788 -2.93209222286727 0.403813652903134 2.08866086999663 1.07547276899011 3.90052203664403 1.67501072304564 2.21087573201703 -0.915120321084929 -1.26572221658528 -4.2530341239451 -0.279415077158074
-1.83921047053341 -4.58482416365177 -2.78882551318943 3.36285004456114 -0.0922120790888481 0.956555970796449 1.99526037350665 -2.43587696563634 0.966639357040459 -3.48813472789546 0.228777712350672 -1.68370503834027 -2.51405614657744 -1.42242328056459 -0.352217211866991 -5.12555490986175
-0.656123483944021 2.22735294102009 -2.49811058055269 0.271683921010898 1.71396335969151 0.118990579720092 0.841401444022698 1.74616778897464 -1.20829069932907 0.795741754615879 2.48357468776383 5.61910396432079 3.0200757251635 -0.959556349333112 -13.3916719599006 -0.536013415859633
1.81024210028856 0.787349101293817 -4.76121381305286 -5.8326656149114 -2.19646997878626 2.70621457368877 3.41481633044882 1.52956786725752 -1.42842046112863 -1.8083922099181 -4.26265466250492 -0.551146335197063 -1.36957535846594 7.39148768350726 0.927865210130979 -8.15980284523947
1.7624317071659 0.250773411669271 2.39365806995393 3.44795319554236 -0.98874722110655 1.54898326906872 1.94450966319409 1.52666219116473 2.86868560180681 2.05907119554437 5.07744222616985 1.36320494430618 2.27291649148484 2.28691794347761 2.77885838072553 4.6127800594195
2.58822554657832 3.27790314419048 -13.7537357680814 4.69604851485738 -4.14737432097 2.68785483512438 0.706799628713334 6.16357040591517 2.27218795516448 1.58556636953395 2.44657004509236 1.42108202562463 -1.91889119698804 -0.976646523409096 -1.04982356076936 -1.22321536517471
0.30167801149569 -0.63443199828715 -11.7689330425268 3.37724449166978 -3.28813205094264 -1.63114864431388 -0.605486584105387 3.50425851012946 1.20581034937125 -0.211736918231746 1.16734024728793 2.95279679953246 -0.0698506990301131 0.435766312058424 0.966480742025473 2.14713107510659
-3.51997035954043 -3.32712400503989 3.47772806565384 5.38348822847074 3.33090000054409 -1.09883008482286 -1.97837469915211 4.0490919639755 4.50971709435109 1.85195203687426 5.65800197571345 -1.20644816628975 2.21415542707448 -2.02713638065051 0.593824894267281 4.26007388494495
-1.26843648971807 0.950726981209231 -1.65970506310017 -5.49910357151103 -0.447939438522211 0.95375637254545 4.58591611057171 1.42626168941178 0.186474048677897 0.997962722571357 1.8568289333231 -6.49873136552233 -0.291470401925966 3.57137051974461 -0.872049800990175 0.556270377345315
3.15399529982878 0.521315541166512 -8.31039229694165 2.4573138468217 2.98442827343917 -4.01996901511731 -1.58223963781122 6.55725191391562 2.61749362484347 -4.02026772802241 1.26164761962826 5.03767911284481 0.666989409945065 0.567382529603438 2.47336221821707 -3.08901533801974
1.77495435721255 2.72005145769488 1.75240053240821 5.89505504602983 -2.26379146572345 1.36835401313928 3.90664146107964 6.13530015986184 -1.2899901673795 -1.57343884933226 1.24143420266389 7.44882107382548 1.8965341302371 -2.19812046443664 -3.33281839943197 7.15757835144316
-1.63690406775051 0.273563994946204 3.45036615299157 -1.37362026646796 2.15080645517296 3.80960883534256 2.02166226319455 5.52198019663949 1.3818513187927 0.608598946624974 0.824757728633749 4.19814668704893 0.390692117093897 2.42977055414222 0.0586876806281195 3.24180201137272
-1.90175816290626 -0.836467052828636 -1.89662295765406 -3.24701983987484 -0.936011043294627 -1.69327817080334 -1.42890989542616 -1.67551665637787 -1.0550161570936 -2.87767526707592 -0.788031676355928 -4.27943945699363 -3.49328068699756 1.35284423816463 0.746534957787682 -3.11837398809345
-2.99220527536449 2.5897320343933 -11.848897210197 1.22698864620718 1.47999045839983 -1.81402209055616 1.1592740703534 11.052968268229 1.42249939009486 2.78209897659411 0.548350767053592 0.614738580946845 -5.60980048341127 0.866333244186726 0.165304972022293 3.94784339979748
0.173419046086486 2.50537553244952 -2.65385911976521 3.32912954994361 -2.69738589052104 0.328413315167085 1.07874066152166 -0.236198074827331 5.53454296760314 1.92057248476841 0.772008722209302 -6.15625969900416 0.0112466998610364 -0.343882461188576 -14.0610520523426 -0.734090447966432
-1.59584791402481 0.41407635423369 -4.67693373030808 -2.5263568533995 -2.033167613027 1.09162240648872 0.256127646782338 0.421842621145115 -1.39120195015587 -0.80432254624955 2.03320661568914 -3.64153661635386 -3.43634702757584 -3.10454450110306 -0.997209759689072 -4.6011380389833
2.10823923969884 -2.79206913796565 -6.76179804142646 2.00115500929935 -1.52707820253329 2.40318228458728 0.890747455619971 0.112255711864104 7.22474037118094 -0.494630894468989 -0.675394817174297 -3.13039948331849 -1.03516043525636 2.54754427079656 -11.8472020099108 -1.05328577256763
2.38341277735199 2.23223869080804 -12.7591659899276 -0.451505633668025 7.12220185695042 -3.51066308522305 -2.39420707115021 3.47541986027673 -1.39637673393522 4.20747921904127 2.08920615935953 6.84342104468072 1.17459463995339 2.17255060012192 -0.605053267746573 2.97121918463286
-0.213617585297415 -4.38850754000536 -1.87000096651222 -4.6105385344056 -0.14050389627115 -1.503211677679 1.57039768565053 2.16766986930866 -3.01772776795534 -1.08338120262047 -0.0665969173171614 -2.50973147040273 -4.86292063788234 5.39639716548478 -0.18323924365867 -4.20381283533137
-0.550356887491667 0.683526780315993 -11.2896377207024 7.20533065614907 -1.66199758444893 -0.700010627666459 3.36694273080442 6.51707639661572 5.94304362377692 6.1676690821528 1.59808512308851 4.7131775634464 -2.35299337252842 0.313807313882819 -1.14486377620849 -1.66672971695857
2.706728283359 -4.18555957732703 2.32339466028408 3.84874473226606 3.46884090068324 -2.32071506526057 3.99467757249658 -1.86972153931224 3.31444810247304 2.68727639348338 2.81578872510601 2.92583802357301 5.5880116302265 -1.76452064779208 0.748314070868121 3.12634960106268
1.0438032544283 3.2601317861897 1.3052335302911 1.52502740726307 1.50619537381251 -2.44044822462761 1.25177593079273 6.54263437449418 0.616506533316157 2.13378354852174 -4.36723200716947 4.21103244898867 0.477965677432012 0.478477150638356 -0.0887958768231923 7.41609705036748
-4.59515398282202 -0.786794618491438 -2.25537064495663 -4.38561302147456 -4.26456295791448 1.77858598847335 3.82024324914039 3.01359860701365 -0.602510762469652 -2.58265616281774 -3.72469448786523 -5.90683203999464 -3.42523988148748 -4.47599470012056 0.292006059459772 -6.67873032679719
1.31897009640796 4.26524844624241 2.78511726539983 3.26282324070233 -0.150189174753372 0.703624187307733 -0.282772544413014 -0.23949244428816 2.1772496221648 2.46789701636142 3.53330329773868 0.921392638299654 -1.78395965180584 -0.610954619100381 1.88616444208511 -2.40505111425318
-0.478184099298626 1.18474597979147 -2.83550545483486 -2.35799840359168 0.102636719483948 -0.660743775646706 1.24624278927235 1.64707315525983 -2.99310580227027 -0.667547255769718 -2.32958287586505 -2.05935027146689 -0.679797214045833 0.77312936202051 1.71688709862215 -5.08516967912425
0.861159292262456 0.692826668975781 -3.12539796716371 2.27158853999769 0.340997014148011 0.285865267633278 0.991569903178817 7.31188365972067 -2.98389219834618 2.57921984196957 7.23255903625511 -5.96760409668983 4.05880103847497 4.75172514647424 -9.86515522240812 -1.86279063637113
5.29727724231298 0.166806657846749 -13.5030226494817 0.191660800870614 3.70777340233847 -0.0433504961116089 -0.871278238929546 4.8596035744946 -1.85837527107282 1.26293901142838 1.11592512797996 -2.27843689981788 -1.80282343844368 -0.301091663546235 -0.33190511171516 0.727462378236087
-3.33418867650089 -0.535270162336172 -1.85757046289969 -5.93879471117493 -1.14812338822764 1.18906301707182 -3.70820471634329 2.98942103342468 -0.536040129325257 -5.32389761182721 -4.68933832579179 -1.27260066519375 2.24910646730854 -3.15121565188629 -0.677773382638426 0.308940751094192
-0.273591179775027 -1.35139585183321 -3.04196919479855 -5.20232341587408 0.959524262764885 -0.525972991297593 -0.93937381573964 -2.40159501055962 -4.98935924733462 -2.8730203697955 0.756277461456375 -4.09405409981512 -4.15802922939922 -8.20112431299093 -4.0494712293673 2.45943988171958
1.32552856739548 -4.27326184673725 -7.33478873654601 2.66694487526128 -2.53365728472466 2.90888817294899 -0.308921193476716 3.76970755402991 0.237470350339656 -0.0539517712075317 1.12263252864283 -2.47252048779985 3.82672147573699 1.37937072211654 -0.429113715552996 -0.322471241625244
-0.94523916662361 1.27176709921985 -2.71916386490262 -0.0608801520008804 0.315887495066312 2.92559396526425 -3.78443942145274 0.567203278464826 -4.1414756886624 -0.772591283304372 3.14718456015077 2.09260403104458 0.115539618191431 -0.520170342195326 -14.7890942073251 0.98585717491192
1.05261439524144 -0.849863848826887 -6.3790510019795 -2.90701944929758 -0.694303774877087 1.20993549730734 -0.0551614138422362 4.26639098847399 -2.51792094910554 1.28544394422303 8.88686991858494 8.76319657060154 -5.05355490297928 -1.29384342572876 -15.3388233398063 5.02275118568479
-0.405247993095723 0.65004766711654 -3.98138065083325 7.09341607205859 0.350661421372894 0.633730941730746 -2.18911770470426 4.11693766277772 1.51785529445523 -0.3967993408872 -2.21930938969528 -2.65438825189372 0.430623426656243 -0.830977879197137 -9.86769383066246 2.53326020900361
-1.39433046341384 -1.77159702318509 -0.566435963007348 3.39199206744965 -4.44134343906445 0.346261812318189 0.0289068912178797 -0.440359088996526 0.898941226295364 -1.47681202779886 -5.57758532001929 -3.43379088600225 1.28103116127049 1.99731763453415 0.952889376376129 -3.09354317811425
-1.35468929637305 -0.0689908280986575 -3.22006558543972 -6.05549662770977 -0.365156300204176 1.75001021217322 -2.77331828317149 -5.50557740887186 -0.544340743729434 -2.07831211093719 -6.45656381670668 -1.66804391711671 -0.540399706369788 -5.95074210011876 -3.82255113733021 -4.4866846291096
-7.06042695255494 0.666777244895118 -0.0930521872346861 3.15078263906797 5.54722389154186 2.06145797887359 7.51815595438174 5.6017016473929 3.27133372135947 0.700633393428984 -1.31516728539655 0.425857136096837 3.41489112269162 -0.85564103774295 0.108681471559264 3.68180275526006
-1.70879314174424 1.05674697968339 -14.2942148030248 -2.51515355517963 6.17107178340577 2.80160834096348 6.55236874855895 6.43256658383531 1.67840040383042 3.91046944796114 1.60126738004274 0.574901634247918 5.60541384025317 2.24543062279789 -0.183016531892994 5.94763757113421
0.338544915192617 4.31579411664162 -1.54465950208538 2.14739210248077 1.16672428820126 2.41297113188487 1.97020852116934 1.53928240218513 -4.52312083661909 -1.20421014496248 2.18444185652434 2.55862036630423 3.09594315349475 -2.45155121494383 -9.25632863429988 -0.999750025630523
-1.50473232929509 -2.06507920390025 -3.63633299048678 0.447156846351639 -0.112386988761453 -3.14912590666493 -3.26424155694047 -0.0272671809499152 -4.43775062259514 -2.78440156707429 -0.528170287325548 -3.47782333269171 -0.906019619730408 -3.73829337507034 -2.77426573168961 1.30026702495734
4.55080087837947 3.24636378836917 -11.8828250423371 3.44903457970204 1.00324644052949 0.240800268809735 -2.81692994309102 6.0028162256172 -1.63195327938802 0.578783048158249 0.159632556561962 5.38738003798566 -2.60211748021559 -1.21795155693177 1.32152841703882 1.15847339969191
0.960114641435941 -4.0781712728325 -1.24357204271121 -0.247067125116484 -0.294043335791685 -0.563046218498666 0.273809287970183 1.03697815000424 0.922333738282055 -0.0425928311186676 -4.5413641861406 -4.87681695086379 0.473942958252118 2.66519694983398 0.452749533127961 -5.71658571091005
-5.26886960236283 0.25176907818123 -12.1358275656954 -1.12276581924918 -2.35510715587169 2.11688407464442 2.19696058750764 0.397001634363045 0.276362641582857 -2.11582965976292 -0.453795724823137 1.31718993951653 1.02523844112821 0.0322305421255664 3.18557667306209 1.9582031515629
2.79750980655234 -1.39608581471832 -5.91904580328731 -1.11641467861578 3.48164610482716 -3.08136598184363 -0.927907409603948 3.35819054228289 3.39336907278273 2.61266566679938 -2.22135287801075 7.22001312181501 2.15274567153966 2.06591824712228 -14.9080193684666 -1.17128884096921
1.82909086658237 1.57836858989746 -15.3015512123475 0.456273174214291 1.42383480966236 0.585188603972691 -2.00931697119237 2.9071947575128 2.32087190116986 0.427090561121427 1.40206402824184 3.09884079635565 1.12207899956338 3.03264599436365 0.423010279127653 3.23728856992125
2.18340844988318 2.96078558917261 4.12472814835814 -2.59808846958209 -1.51530603180878 1.87845873397607 3.41565442144113 -0.820645880000668 3.96813704148348 0.499118575184916 6.05846164714894 1.0124279981028 3.44418953032104 0.362148129404358 1.08459300796017 7.42501310501538
-1.29300860360643 -1.16156981271598 0.806907175989859 -3.73823309956897 -2.60860013048559 -2.71186019101678 2.85971072742466 -2.27319784867535 -1.62167825703101 -1.85541532980824 1.45643885002067 -3.6322180243799 -1.29184465144188 5.95544807093009 -4.86292257608776 -3.70023033423572
4.47685314665583 4.62151864413887 1.18600420464104 4.64598918969324 0.800679017269717 -0.249106457514405 1.83276020940751 1.42800335944098 2.0644707134926 1.32531416403299 0.94812253383806 3.7082334803355 -0.944696485054783 -4.66903033174548 0.402194974247835 -1.38306201170253
-2.88658896760469 0.781377957242382 4.81223069684781 1.80273367227883 1.45870971631617 0.549443414372447 -4.20307024141632 4.06531278566805 2.06467910685849 1.99460113559572 7.06744346130102 2.10168909875648 1.27274248839452 -2.60566284652812 0.81301600351766 3.03948551313817
-1.15369240394304 -1.5483302969174 -5.7438275366185 -8.93253808937869 2.59616082258542 2.72702616048846 3.29155007373611 2.84997142322383 2.71774498812467 0.0231750392461927 3.6650913637707 -2.34436758611186 1.5409582896373 1.30994751637345 -10.2344758539128 -1.80800067501124
2.16141918413408 -0.593355182898144 -9.92629070483147 4.59081343733821 0.793801767041264 1.5556178316209 0.990738122954326 5.77830885411709 1.65182008864362 -1.35623398406531 0.306102689552597 -1.13478163023967 2.4805907892808 -2.29550463153758 -0.514800691432473 0.753226954028988
-0.504653839162097 -1.01409096719745 -2.99277768981061 -3.04738414454188 -3.41961053194126 0.642255899163096 0.664355604983084 -4.15974445695576 -1.3111781433185 -1.5844601038941 -1.39367980761448 0.606572644572431 1.09595237868251 -5.6911237324481 -0.521709138895741 -1.89002305343817
-0.466289107822857 0.140292854586443 -0.0408548035198737 -8.65495857670865 -2.0982256295568 -2.72226244414864 1.6069222550622 3.72568647332934 -1.42005728124884 -2.27539550971363 -6.68411061890048 -0.691927411550829 -2.00691890104628 -2.36366438368283 1.02639018180539 -5.52905262534221
1.5718514373677 -0.601435946902193 -4.19680517972187 1.31182104070025 0.288343017828854 -2.0421171504917 -0.595744806236354 3.22759736806723 -2.16922391443117 0.325684162309715 2.23293806640421 -1.1600541063112 1.08911236198428 2.58464483250871 -13.7640197227224 3.56846222143481
-0.878677410447954 5.61726222346746 4.87574816933913 0.733432448890257 3.07055202486666 -1.63060254019049 -1.81272380376016 -0.919339508479519 -0.592236468162803 2.11954422237124 5.38757848036149 8.65906188271719 0.72303180637433 3.61543120069345 -0.811521395096836 -4.89712114666654
-1.8953983838916 -2.56923485251404 -2.47820598242949 -5.81394617424957 -2.54370412770882 -2.00241164882416 -2.97928297260978 0.712200815713043 -1.81316195169336 -1.18196480311206 -1.06067069313124 -2.42684831553569 -5.43816798671581 -3.99627464082946 0.52794581765168 -6.27246476459378
1.33235446794416 -0.732667016219297 -4.01305073836086 -4.84865401981924 -1.49323550998085 -1.73531569134563 -1.48912052381213 -0.766166025332414 -3.49890779365978 -2.98880220917175 -3.86783374967804 -3.97872497373221 -2.45147781911974 5.25583274734378 -2.90657183891046 -5.0627753712917
-1.56782611383562 0.861937784707882 -2.45093270580904 -4.9210349771006 -3.07454574514486 -0.693762296311792 0.90644279778634 -1.78257723380484 -1.42320125309964 -1.43287479285705 -7.20524506916996 -6.74301586551105 -2.82909023359432 0.918258252659505 -0.0818203096498498 -2.63668138873656
3.07089018927143 0.732252975772082 -10.3118438630259 3.91452290456424 1.94534193221564 -3.02225433673965 -0.926180130772007 2.96081143038956 -1.66517955418705 3.07310806070813 -0.480167423035646 2.4757577907818 -0.258024962284587 2.04019031346379 3.09084207876075 4.49315731945685
-1.75574893813031 3.03027770038505 4.58032707965469 5.06906461678882 0.478555860257287 -2.35209226489402 -1.14466668301277 -0.322807947128829 2.74081071354892 0.575786463379366 1.11179467874034 6.28382017103775 1.54811448893533 -2.56026172755042 -0.658051449320048 5.02446944398199
0.569302800456453 1.22492945409177 0.289772733764246 5.04805448046288 -0.028275578814968 0.0415272605459741 -2.61467451047929 7.97580504470666 3.92114009098742 1.27204952704811 7.20740499020698 2.60450751319709 3.42390346660561 4.61476971912539 4.3662285543109 0.937058386618375
-0.102638437829408 -1.15834629151352 -2.2029722506566 0.875332036130084 0.727887525368615 -1.02456046279843 2.76429211449883 5.34651958672148 -0.92684015551614 0.326166877251587 6.29433221307033 7.92509651755764 -3.57930435300555 2.74126779568258 -12.6743621060649 6.84200922568157
1.45582263665048 2.92774957230007 -10.6351138716715 -0.892549273897189 2.64559471982535 -0.214021501016299 -0.611058076177166 5.1123318576158 1.33684931674319 1.12872085839364 -0.537842823374368 -4.074578726805 5.33940627088642 1.86918494131598 -0.751422248314863 0.779352834336972
-0.51003680796325 0.376967294891116 -5.56203995489131 -3.81972951095672 -0.711506620685647 -2.16784211186646 2.81408671488221 -1.34760272049245 -3.09842549972716 0.572273036142222 -6.35548782601321 -1.0958116129541 0.560900343795981 -6.04139430150289 -1.31583183868009 -1.21522846048642
-0.515463844981907 3.0652396527934 2.51235518677961 0.402532963190047 5.62409277703569 -1.09251837423035 -5.86255789501247 -1.14141865298596 2.20699418976093 2.54124600485925 -1.88910651929409 0.50339886438088 2.99145335093305 -2.75412451559091 1.97850512523252 3.88940863040083
-2.47105813647884 -0.460682527080337 -3.08197733780883 -2.19076724100075 -4.07103858807265 -1.7786305671272 -3.84271605948714 -2.07048457662176 -3.24284140504628 -3.18259366020396 -0.529086536840545 2.53579342635657 2.2590252696402 -0.0654888267903733 -0.215928798580621 -1.55986411911602
-3.84678246587387 3.19197362762976 3.18103862629162 3.30083404805612 5.17303577147586 -2.08162643096135 9.0166753862239 1.43531253253137 0.736020157021461 0.689410516412678 4.67703459531314 0.0783757159527956 3.47017607425687 1.14610233378439 1.92993752496918 4.20808602709585
0.423676683581801 -1.34172064168985 -2.66015865586212 0.655955472093744 -1.78755066387256 -0.327872202980266 -3.1748305981513 1.19774028159408 -4.17106743299032 -3.58393619142716 -0.8507547348915 -4.17890580056252 1.18790422114786 -1.79414303794316 0.786231264746731 -5.68605226914912
4.38248923899201 0.431417757024339 2.77221382584286 -0.163658134994411 1.00298390697499 3.10476960587147 0.919626948276889 -5.86876083026497 -1.07660528560149 3.40760315262869 -0.455209476643309 5.77373491627612 -2.24509384389021 0.182659582417998 3.7476344406159 0.537345485673901
0.282616009679597 2.05008243219822 3.31832566345334 3.40588781776407 0.498554219006971 2.00245776838273 3.90688619626505 -3.929991975173 0.793832821970006 3.71335460838103 2.57880624418177 2.99679412962828 1.06653230632122 4.70255475151907 2.22761911539849 0.0594991834438603
-2.41836591437183 -0.32404361606537 -10.2456556723098 0.332485606454061 -2.55539946836698 -2.78799590852834 -0.64787513449879 3.03087143500054 7.08740732695187 2.70172521662516 2.75830192341261 -1.07073711660121 5.38840008808558 -3.63124248014509 -14.5299189838173 0.204999622775807
-6.51420891649065 -2.03228818639004 -15.7359915440946 4.55391054152146 4.37375979258198 0.412731544232434 0.88240676803177 7.17892322671272 2.28291350346525 7.13260160032866 1.81411216336641 0.0965155864508909 4.06148478747296 1.83969347150228 0.857552370982092 1.61055255582997
2.09052450823262 -0.357223507065969 4.32471004320298 3.34458063139406 3.38640316007386 0.705441794125443 0.111256564519639 4.90519781331176 2.41817721448419 0.331882915906039 -1.3834463018565 2.89798811872831 -0.612589983265081 1.92944463684801 -0.131161634090146 3.03071938355839
2.05564326852249 0.848405895554388 -7.95962019089646 1.33614437583376 1.3855127575961 1.54057030345813 1.24837947614414 9.41772040326394 1.13282471045122 -2.95754598042122 -0.458343153654756 0.505534596122312 -1.50262432143737 -0.624432287751356 -0.167331248934506 3.94018864273948
3.78531924614603 1.13305809983017 2.30746351553984 0.215616308988837 2.59563997460683 2.2484648552419 -1.671245069133 0.406095947757814 0.42587060010626 3.12431978916414 -4.46288582030631 6.34155604869285 3.90233926732539 -1.81148751950282 0.593220188618582 1.87634288798283
-3.39415451795248 -1.42181633649218 -5.09224940536938 -3.24320651717761 2.78634257988492 -1.9848548077459 -1.94465087892232 -2.72731141485021 -4.15619194168486 -2.23048465878658 0.829641104840814 -5.09305476183528 -0.648318805060195 2.53091217470866 -1.07364300366941 -4.80082719429872
-2.79264887477526 1.96172768162965 -6.80221837290945 0.0636327357740338 0.0414843259406683 1.84991368369949 -1.21890590305764 5.36615974155959 -0.487315629903579 3.70571840753168 0.99017752203967 0.228026472073167 1.46233861730099 2.41628469338803 -1.42449645670647 -1.96842427385975
-2.03620078684013 -2.82916218749578 0.566843736353724 -1.86220419598063 -0.397601304475464 1.67500516142424 -0.406730938709702 2.92198338836309 0.822797375782732 -2.58924333897739 -2.53457592246901 -3.43231821042788 -0.694115282521303 5.2992421702412 -1.35749816253462 -4.93309050154831
6.18575406043335 2.63604590101544 1.69017315475801 6.09277827605245 1.77546562245936 -2.27132047931606 0.31321365066068 1.45703568803723 -2.62254108444898 -0.260769271766847 1.91442123931885 1.70107225422375 -1.19680921678305 0.520665945707612 1.45762007405309 6.83416065527887
3.64680286836537 0.149580531124767 -8.63202093837695 0.798637261361132 -1.58044528292046 -4.71411193226062 1.53987315025112 7.58212311891091 -1.53621728070851 5.90502498593567 1.80204597306753 5.69458430216822 1.10125438982721 0.894351625401301 -2.12043384903319 -0.0317984474806483
1.23407633957288 1.98919290061424 2.96724594645708 0.945039475595782 3.8577519368948 1.0078262411418 -1.16548864550726 -1.66504220415875 0.810811119891057 3.51102673338828 -0.702667154455971 5.94330630100952 -2.10753675889787 0.792588685180211 -0.976716158892331 0.145253426847455
1.12822510276125 -2.6234392867577 -5.30481154258166 -3.36512756795217 -1.2950405239836 -0.184808705454296 0.424663117002072 1.99935587627973 0.177283876426386 -1.64108084874498 -4.58172950512194 -6.00720631896015 -1.03081965528899 0.639067133021551 -1.09033429168597 -3.96133097965563
-1.38273729593984 3.48522846246773 3.11417281623956 3.24255211539976 5.92908345653552 0.53647459663705 -1.76798990370922 -3.37324431832532 1.06187589042474 2.22777282748582 2.64264737447213 1.66005498304217 2.35529730699502 -1.00620059497073 3.21466156298828 -0.549322110613581
-1.29442880612188 0.96361057486792 -3.31300380590455 -6.80240180466388 -0.350686648244249 0.140638773364634 1.33063896482442 -2.27804980707318 -0.484377937308767 0.0300428526475804 -1.71737307747821 -2.65227934862403 0.0613049872135083 1.68959731405429 1.28167101503663 -4.2600014902186
-1.87962628573985 5.82673252048252 -0.0211511476370072 2.88861110744916 -3.72073305298122 2.7395466724763 4.07241667657724 0.670594658632149 3.64149752654142 2.14323798610029 0.818471080840546 0.891310396415151 4.44291240175833 -1.95330612099876 2.87517161735233 4.57323769329871
-1.9775438851991 3.76137677809021 1.02338899856694 5.15978476223405 4.32662909702023 0.889349989210073 2.36878550390696 3.9958932998165 2.69851669819258 0.383952540682278 1.08213513503205 4.04651728523593 0.878723893708773 -1.58942306710624 3.02681924162415 6.3159774125399
1.77705885219645 3.97731112931035 -5.28047482733438 2.93221474914621 3.22686744103017 -2.57681888913726 -0.622126981269584 3.51565459830558 5.84012544175082 0.496285918822883 -5.2213290812553 1.15315771257182 -1.76601656864111 -1.01947803634677 -14.0473976211087 -3.79230358466525
0.4947246965544 -3.01484170033636 -2.05644897146053 0.0974757104926827 -1.90332187494607 0.848024177657372 2.14271006968844 -2.67474261949144 -2.24463084368035 -1.19731424614709 1.0754432153679 -3.59089006981727 1.12851253394654 -3.43901827508951 -1.99945012512626 -5.82863112288618
6.14551913813242 0.930036030707442 -11.8981645143387 1.79998677673892 -0.383357351912206 -2.74950367176729 -2.87009037554253 4.18524553716682 1.56094356331168 1.379115755073 -0.204272746676684 3.29828578113664 -0.516567387792149 -0.909640707869201 -0.24223454448062 2.78846839185025
4.73684684995206 1.92864035260892 2.64824936416031 2.55538548351638 -1.77146012004946 0.97043602297942 3.88959474476286 0.499241153553079 1.07133562402489 2.29058259142964 0.968692962472846 0.836948326751182 2.24160197964178 -0.508861584685692 -1.94559918305233 -0.970557791440686
-2.86940644755254 1.25623230959767 -3.22132846583428 -7.45660094025025 1.75028642887437 -3.34624256619028 -1.23598201706941 -1.12198523816832 -2.30301643438506 -1.37515559779429 0.497272726516033 -5.31283139318606 -1.18670560924586 5.18806012240462 -2.02659829095126 -7.82624057001332
5.37148935928803 1.42311188683572 -10.8216360928218 -1.02386608426492 -0.231504483488299 1.13251605547983 -2.86738154167802 1.79775039760421 -0.357486286045509 3.2535617306362 1.47935935016834 2.56056014768883 -0.185656288071903 0.976892693043449 0.243932980244137 2.11519222692108
-0.593691252039269 -2.86533613895161 -3.10870719487125 -2.39441611204341 -1.55855433710704 -0.16361344961457 1.22395238607377 -0.132807255619694 0.349662363631323 -1.73092049536473 5.33377582503026 -1.10847180368088 -3.85752279326985 -1.13031008879101 -1.97403807856687 -3.55475614631039
0.667014772913369 0.604072749854894 1.38833988616016 2.15840250792631 6.98842438201808 3.54952713777611 0.837692588559238 -2.30126437169585 2.75512081116526 4.25527930530135 7.1620990964496 8.43855756909291 4.35687506242644 2.44837552435363 -0.682142888664467 3.38404370634362
-0.556137445221303 0.328422315080545 -3.50578338498756 -6.03177053706673 -1.80763900444095 -2.01400144944082 2.29750162188168 1.02345330998314 -0.596398289505986 -0.495851243604997 -6.09108399432261 -5.68342646310541 -0.312856429449075 -3.10328676056456 -2.13270488253619 -7.57246606131476
5.06654255192277 1.36949097783252 4.8466407801006 0.803709082215586 1.31635438456867 -3.05260956806116 -3.9123285406722 1.4178896886406 2.83321574383111 0.668305454946526 3.50160822831519 1.03853420504075 -3.43707740622991 1.80027952388656 3.99516735530761 2.30276084406769
1.12946384812574 0.746438067061193 5.83945625182595 -0.516068301186131 0.621384094180881 -4.02056516116076 -2.25564764422856 6.77171163826186 3.38823518052024 3.45758133628663 5.60815135650759 3.84981956924611 2.31235227325171 -1.19760263627078 3.59816896667067 -0.352626790120906
-1.06930491356637 1.18670882175885 0.222501130823437 7.46798770489333 -0.874975239750885 -1.48998285342503 0.727864794246166 2.89897394584875 2.7905435413831 -0.415692598209383 -6.66283827872877 -0.946537377629905 2.1308848283582 2.83018195109417 -13.6952832986676 -1.23300516689167
4.25287127888849 1.46050588229703 5.7973201761482 4.73103998941007 3.12401969957009 4.78704842853045 -4.91865266408373 -1.72316887992137 0.087032259773262 2.75135530882876 2.77918577760594 1.3900566053446 4.52586075693528 5.589438694259 3.26254630699144 1.6831453362366
0.0294095411454074 0.401565402900746 -6.71125045241082 -6.48727108989155 -2.75512347305437 -1.07974491161872 2.16211782673056 -2.31366955054136 -0.244156526646544 1.03549473574674 -5.85705145096372 -1.75078739939174 -0.328956648084583 -1.9985877550278 1.1830060558308 -2.90959396362461
0.967464710396198 1.38938772190114 -3.32810731540419 9.01192721179855 -0.000894849054493052 2.68696416208631 -3.06178759370435 2.86815375467354 0.697136565429704 1.82811024179064 -4.87199114145206 4.21279645296006 3.93585608889806 2.73544663493758 -18.1083773519064 0.95563280101385
4.71741210125247 -1.91616984897587 -11.2000302172362 1.25683194894061 1.21113287128194 -0.595267075958159 0.539748038463178 4.19993213989258 2.32388402222656 -4.06676628676259 0.943696959360847 7.97890907258192 0.0529214458980879 -2.49393618296144 0.828814972035984 0.559028804045447
-1.45088849864663 -6.39911644896689 -3.42234059983199 -2.13114559730773 -2.45955228084762 0.356467297854662 0.0460550722285085 2.3913151843644 -3.52163283668145 -0.587167731169343 1.22868235503065 1.22933536470584 -5.76775186797359 -2.53413605604198 3.08661492431035 -5.1067485125934
1.22366915690243 2.84069078229599 2.21635891363858 0.868850485698604 -0.468071188347738 -0.833975483824638 -5.05667146801745 0.868821448732058 -0.694046240226799 4.68970905281203 0.342050879402792 0.355209734039646 3.77995625082818 -1.48137030694192 -2.83256055576939 4.61104291926628
1.96830656061018 -1.2098644550266 -13.3093753824694 -0.962143568696265 -7.92948630955027 2.81951057899145 4.23882330505407 8.24912117443089 1.47341915377252 -5.57251845275151 1.64636441840387 -2.08658227038973 -7.08064867958002 0.932475010375908 -0.00619136622275474 -0.518851721855862
3.49182936459853 2.84115995151856 -16.0093580170569 -0.124123232721307 1.1939878603041 -2.05877904965601 3.73238700724821 4.35900545901927 -4.09296086933666 2.57006096023185 1.37141591282053 -0.792436700047277 1.44446588608434 -1.38471755686803 -0.0285160059133187 1.55382619986661
-0.312693575045587 -5.85523595769512 -2.31015085575833 -6.60169597308133 -2.80924648504604 -0.978849553834894 -3.30451612352333 -0.409931520623652 3.37914631130867 -0.208436016048977 -1.30716146474876 0.411631492067323 -1.50066980478164 2.81297361469703 -3.54109848077653 -3.54377308481207
4.46612644045125 1.7615356473261 5.56294336884172 2.97141811706056 4.08471646376422 5.48865509739118 0.170784760210869 1.85733717964534 0.938186492497332 -0.589053635848863 -0.309621542867538 0.66687813193783 1.86652257302441 1.41642536142539 0.375194060624724 4.88583473033744
-0.0983165620290734 1.97717574216325 1.84790165707057 4.34438405719971 2.16367516424261 -0.195249335748288 2.09001777018711 -4.74799871896237 5.91403032500275 1.23702274202261 4.82600833728464 2.71179267074336 -1.83135553449051 3.77000944537117 -1.36554387404283 7.40763685791788
0.431551887325975 -1.26477739684059 -0.744738316359328 0.293791155749181 1.20810409105875 -5.27212307395897 -1.61736915160875 2.55775791867993 -3.74814638168543 0.0134482847352663 6.90621828108759 -1.55158919871856 -0.386003937537954 0.694686322494829 -11.5749156464665 6.0390229634352
1.68419760403036 2.58633306020889 -8.49064559808465 5.08824674122887 4.07016414060479 3.99346440049534 -0.439647877733439 4.70360786735556 1.94428087533166 3.9300652885584 0.834144288484025 -2.07887928195756 4.68056687752326 0.546317820830017 1.85350829509154 4.4907763188043
0.655941166483651 2.06491505249277 -6.30148932463273 2.80269688717044 2.17506553835564 1.42438241351811 -2.92474522812459 7.67381196348715 0.939385801176705 1.15098737366868 0.559847673663129 2.62005895089093 1.71483028596965 -1.09375844087214 0.0555931994755336 -1.820070306489
5.15877901106257 2.25631746072751 -16.0024867948857 2.98621294208262 -5.01079530008042 1.19412085279214 -1.08632960023826 6.98167062467468 0.313768419747902 0.399889961702414 1.15412739525701 0.487491644430224 2.44680825331642 3.85542629524948 0.038308533868437 0.629378191161333
-0.838677043664953 -1.09462325158727 2.29901607171923 1.96604771400332 -0.767796471358659 0.408756865647465 -1.21266749541778 1.52989232856705 0.000801523401587012 -0.690121953351919 4.19640769557747 7.52685686146791 3.09581697560697 -1.1195692074142 4.34320777177717 8.06366194834564
-2.3731157891027 0.754566554690187 -1.08523946072004 -2.07180372042243 -0.395084243549165 0.00937655006180615 0.876182713841682 -2.79101980146586 -0.11223805182762 -3.39167730035328 -5.34621080549715 -1.08171638001365 -2.03033115040853 -1.6698745858894 -3.42777725662938 -2.7810118543205
0.416270944321143 2.57440291803848 0.485224940659966 -0.313099856381337 4.73624300521317 -0.471697621413916 1.87574691068628 1.11858086294429 0.350302346750814 2.97038801672325 9.01409512476966 3.51007676152946 0.225532003031873 -0.459961421895677 -2.85091575201687 6.09696870715383
1.59905578370744 0.0718042625548633 -5.92656972419899 3.72144728622054 -0.620743214772385 -1.40046885958833 2.04584477371817 7.34459259084281 -4.5396074387206 -0.207317737481365 -2.04608163634152 2.93979459236146 -0.0993593754068953 -1.41246888627971 -10.2696217462324 -2.496567911686
0.283595174520288 2.29822612474741 -11.7425452518836 -1.47635725115242 3.3105199893978 2.70545891844702 0.681700625058861 3.87369618560339 0.305010467230895 0.738463095520977 1.70700218780297 4.56221358608339 3.06786390109755 1.74963496842565 1.75870399292816 1.4263670999959
-1.10377307845156 0.335860624097208 -0.753148765957849 4.19871416237474 2.84578907777632 -5.72094119946843 -0.875524958119002 6.59018296599442 -6.98945755218324 0.721956791353996 0.0268953493477281 -2.60118162906984 -2.72262327699963 -4.35598763883476 -11.9652335616358 2.4973940764509
2.18805737379813 6.73967480031855 4.05653225983783 2.03467713880536 0.932333245249719 0.189066706482061 -0.995745915121681 2.91363297181381 0.312893982387666 2.73206568465084 1.52311199977684 1.50392130847329 0.393606706285408 0.0813743891200185 -0.854968996939839 -0.097524581948798
-0.0959323750353973 -0.772270637794436 -1.78254335666371 -3.4601245594918 -0.586307680007211 0.332344497837118 -1.27256347899096 -1.90572094992989 -0.683137310897583 -1.75189968530746 -2.92602842954488 -1.882287188912 -4.25209651881742 -0.798749187206049 2.45800962766137 -4.73483453117378
-0.782325975887847 -1.55661876561709 0.395227830424315 -6.06296087974323 -2.62211307924578 1.27431318105334 1.18793125001875 2.01549548248004 0.32492096997486 2.68005583783875 0.28480268777357 2.99529317392365 3.04646035696472 6.2652027201442 -15.3592299650038 -3.06184640088802
-3.20469187650927 0.984412931661144 -3.79845313930176 -7.0289528370229 -1.20788725125957 0.271509648294692 -3.30290652980874 -2.32517097637248 -3.64884415490678 -5.9240016531116 0.16149520774641 0.401153687909646 0.184393100938705 -3.69642208762812 0.26890795414941 -2.23051901496234
-0.599896584360379 -2.08355883961522 -12.8997528960197 2.94233883417568 1.28234526771804 1.71604464846586 -0.72907979629021 2.44496215361539 0.446702289443964 -2.5670666148473 0.498145732001634 5.79930148789407 -0.726908925268641 0.913493284303322 0.00840128782847244 1.19190482226205
-2.27879902501315 -0.617277423060234 -6.21905546938031 6.555222749095 -1.14031401715391 -1.33678401393096 -0.312383942852136 -4.68260222160228 0.911627047941607 -1.59768693503027 -2.01340575827973 -0.136891428156031 -6.91773041588319 -5.96325160333366 -4.54041369848624 -1.6865144061827
-1.54389949134854 0.205471711185088 -3.21027326476591 -6.11223700694953 0.969162545330738 -0.205263245992621 -3.61254368447662 1.58874884148701 -3.76481520021186 1.11474466490629 -1.87038210968228 -2.89504545446816 2.51364684133889 -4.57243131149771 -4.29105976039504 -9.96430532457488
-0.533100584822061 -0.421103007185678 -1.43159787260967 1.61372100836055 -2.61887382268823 1.96397226540501 2.94307517083343 4.02334972153879 -0.246467166744978 -1.7973186990093 -4.42359710889618 -3.72993359369995 -2.95549164377188 1.43201510684237 1.34948646991281 -1.50323928153213
0.167901060309614 1.4219266795981 -13.3784028380201 0.63950920762196 0.229622338843729 0.558440219643763 -0.165231340591617 6.4667838691446 3.79275099236696 1.40363987228745 3.34006223676307 3.81862282075795 3.20598877145705 1.58824624927987 4.57192711443345 -0.61879972022734
0.326621555614104 0.896867066281863 -2.43794940155329 0.808534411874672 -2.23940939626905 -3.39436026982683 3.33161696473758 -0.584397089108363 0.793861311274274 0.857918118919995 -0.79125112427839 -7.90557113276201 -3.6114451045217 -0.910499629483839 1.71586504958777 -3.09899669871674
4.01817114890427 -1.36651418645429 3.27186604164771 -0.157371491450765 1.37743553074846 3.83603202538955 2.3986432137568 -3.46241845452646 1.68353864203199 1.78834546321585 0.178684861593731 0.783759241571896 1.54613657913036 3.55284476628647 -1.10997476907533 6.92506581267651
-2.39565711133262 2.43219361585233 -4.32371169761674 3.41446888532539 -1.33938309133541 -2.16767553856503 -1.62887163794412 2.22970364063645 -3.13748896492819 0.390369795927553 7.15817727215567 0.0295986034656885 3.64545748783969 2.40399671258717 -8.78525075783489 0.519104562382183
-1.7681396141124 -3.75652960592113 -2.52955567370127 -6.7694707364717 -1.49026992378287 -3.36321249464965 0.819639825601661 -2.67280936286872 -3.01388458735208 -2.72795750110566 -1.08706596309842 -0.0162381522068422 3.15269066453392 -2.73230332565804 -6.28185591475799 -6.92310680939291
-2.55378750405684 -0.499413357944948 -13.6594079261923 -0.672324486518699 -1.86532803804009 1.67716524299916 -1.83722593052057 6.49759113049521 -0.0968929388330757 4.5326921353127 0.447738621866846 -2.8208980347845 -2.58289007704824 5.08224608294242 -0.0922738272404697 3.33628255900348
1.28596925231436 0.186514955295431 4.39222165775526 3.87885823114226 -2.07894196494645 -0.100126519201729 -3.29582671582917 7.12886041957256 2.24696780927656 3.30621488775405 9.62159585017627 2.49020087560248 -0.364116493222316 0.699351768472647 2.97510894496385 3.58731874879386
-0.257969819837456 -1.99187517485456 -2.35626843263458 1.54866440865899 -1.70258225262232 -2.52106216432787 4.03302459745924 -2.35279644474622 -0.489839429115247 -3.78846929463814 2.57159566719402 -4.68674408437644 -3.72189914360332 0.634635741516171 -2.33277874748901 -3.37898583637717
3.6165958198824 1.4996002322065 -7.73560286428184 3.05977701071724 -1.92456353077299 -1.18766079826879 4.02935131433428 3.96979930194599 0.946108060580144 0.956512793220666 -0.358608302047993 -0.687011512035336 2.0127346172768 -0.509757982148755 1.97782530847168 3.70495653537782
-0.420336819161064 -2.88954473095005 -1.45905099924856 -1.49863760920414 -2.73668952080046 -0.0460477386439649 -3.21686237536994 2.25744791292462 1.13139301157863 -2.17698938129486 -1.04568996136516 0.311442217405341 -0.351957479109932 0.750563935463001 0.398363623315153 -6.02747870135756
-1.03537960821252 -1.6690642358092 -2.59449676901372 -4.45965815454812 -2.35306791146386 -0.438689856272337 0.646766613187 -2.22309110787653 -1.60472447464894 0.266427434616648 -1.96433706842063 -3.08963543640997 0.109126650609224 -0.137937535108414 3.8297563953828 -0.943510503634918
-2.10479161203697 -1.11681228504406 -3.82981469674443 -3.7261622304833 0.354235611745876 2.99692594109312 -0.892389230992936 5.77301298977617 -2.93276822414114 -0.262264252304897 0.328701038819012 2.19623018698456 -3.06762586963704 -1.21451999376952 -14.4890341725041 -0.985714478768455
1.39488477364643 4.29251510058749 3.21106900288062 4.93183255838418 4.98677596313874 -3.97841366705277 -0.527562384420667 0.769342122736451 -1.76353989367556 1.83418950000571 6.5292918571577 -0.161836446644854 -6.66281533841697 -0.887870320258897 1.7968790330636 5.0816508108344
5.25483113756073 3.81420214319925 3.96210842972204 2.40740452938029 -0.870990569686167 0.837571960253191 1.91637114257924 -2.84821940638784 0.928078489456927 1.73287872620236 4.85195613455659 6.24647143817259 4.01857725013929 -1.49413606521281 -1.41119131662705 1.09520888196929
-0.923383758940781 0.737381835302973 -8.92148342114624 -1.56512571908908 0.777978270645907 0.137422173210782 3.51610375312396 3.02124540069711 -2.09000348691983 4.99229944835549 0.707406440228549 1.24463664413891 2.11303448130397 1.65496424283831 -2.92612058094968 -1.85766887366392
4.08933285955008 4.09471843486485 3.77070454843403 0.664840781654172 -1.70353784426742 0.105772391329602 7.6469055581264 6.51045638288082 -1.24122241398547 2.75381168128067 -0.686784714801167 2.58717737315032 1.20922950848482 -1.18375155347921 4.50866130142055 0.588810507977632
-1.4348340589666 2.04725178724136 -17.3981912752978 1.2268099847133 -0.645265229313733 1.11937461114019 1.0319188015081 5.6137020602938 0.541938246504856 -1.03505676550669 -1.75441164487476 1.56964225095497 0.701738134886184 0.263473018346659 2.5143820450777 -0.634276668851999
-2.1701291302926 -1.3208934935821 -2.27018802600954 -6.72143508580639 -3.9036200718947 1.11620924668447 -2.78464213909287 0.887355087964397 -1.7993868652505 -0.204731903614162 0.655111041586615 1.41941076188498 1.62206940262445 -1.65958744000585 2.11093414947347 -0.868529117984441
-1.86574587912068 1.31970057281716 -4.07425276176109 -5.46268894128057 -1.55727373941176 -0.643864954302025 -6.78747679193822 -3.09774777488457 -1.4587394500618 -1.28416377169541 -2.0877272395482 0.847086356398378 -0.823407608961286 -2.0805301689372 -4.64394365750672 -4.67329595305771
-4.92131649777381 -0.961940291586642 2.2193853161037 3.50400019495822 7.24064124183036 -2.70818652074078 1.43662045935275 -0.489669482361974 2.41159174641259 3.81077133723254 1.56177561525832 -0.114054698173049 0.0255838431452189 4.19753045516984 1.72519805122632 4.97406923125564
4.35447230197752 0.10318223319104 -13.296815359612 0.0257415225395683 -0.679405900939583 -1.50459887214675 -0.120890785578435 3.54849539671143 -1.39140026233998 0.667136470854265 1.3954955373965 2.38290005325951 2.13599085258799 0.565730867707248 1.63298365208541 2.31956511029725
-2.10846375430142 0.543582182371464 -1.35564856683764 -3.53615025367671 -0.962790505786817 0.322162839133645 3.22935246305558 -1.91312913496674 -2.79764741239179 -0.0640876555271672 -4.56377262237832 -2.5705941721014 -2.12959917466208 -3.84257631039857 1.65547920774535 1.22733677743574
0.295668614100336 3.41269764785397 4.00991448436954 3.08879969906739 0.0672359795537978 1.78775962575599 1.14328647807127 3.95712980119576 3.51113556013401 1.68482365311071 1.77334636747082 3.379208546676 2.62896620435045 -4.71239473561965 0.767304707519908 5.03414181316129
1.50320158092391 2.6458112929924 2.89807312470831 7.08632885915329 0.586666579956767 1.15454162512311 0.26429905697495 4.42302994860446 3.97924845267753 1.81120442446302 -5.139861793765 3.95774106514719 5.7209196693693 2.64981718274452 -0.602004949142032 1.63557694899296
-4.30600083043937 0.728011706157835 -13.133474669119 3.37394821986235 0.0481252223572424 0.463867411186335 -0.545405968277 6.14411707228423 0.359093675469502 3.32059900168411 0.420197049504096 1.39183866547042 0.639553505621571 -1.75357736767779 0.117311529354863 2.6044739955533
2.288733830407 -5.55191647193277 -7.0411854919949 -4.29249187747426 -0.733555871489877 3.54856235285614 -2.01559471786961 3.67550585688987 -0.856617824673128 2.11172928806913 -0.277433176103329 -3.61282477871981 1.35279912388217 -2.26275543581687 -12.0247779297721 1.27958045992755
-1.99386385323144 -2.99355107784029 -2.38864968428691 -1.90610912211739 -3.19454105165243 -1.44244455738349 -0.578737782747518 0.0431943706419808 -1.23458953922739 0.529732483529465 -0.303536552066394 -3.44863644561765 -4.58586067364842 4.64179465998796 1.0810514058884 -5.9652903698259
6.10216344258976 0.51922557177532 1.6500572929755 2.54621390545927 -0.369967881128739 -1.10482576549565 1.28857385051006 2.49159247176935 3.55750473006391 5.64980629116709 5.14946688681028 -1.42116452456791 0.283716804460212 1.29415816512455 -0.266665164688871 -2.43248458543522
4.99447524448424 0.165692017617258 -11.281061763484 1.18983265375624 0.572733338906648 0.936055774116963 -0.269947376976009 2.92363904011896 -1.1911841061801 5.05219569243629 3.01408836917037 -2.51590376671828 -2.31624906797767 2.995003964264 0.603638433682838 -1.60570550823792
2.10354432730657 3.79905485321747 4.2704186486063 0.858018154826592 2.76136356386012 0.578151464892159 -2.56928592517541 3.29030811923951 0.876568045703187 3.1425545095816 3.09990821971428 4.29294381892632 -2.33795413655465 2.64269714092732 1.33745067790734 6.18732316755487
-2.73210604426864 -3.50866485060847 -3.16904210648003 0.327395836747502 -3.90434941432208 -2.67390350955069 -0.733915155752195 1.56052747899311 -2.81020675453316 -0.824151179632567 -2.48505668541217 -0.646793315855685 -1.45970053809991 -0.180088997378966 0.653821626327446 -2.54921715677561
1.19424057039876 1.03911338277995 2.74969269807505 -0.929715049445196 -1.74005945272291 1.98197676457688 3.5897622097158 1.93041034578601 0.752801785653286 1.73602212958331 -0.460398161018672 -2.21456007486398 4.08968279530156 -0.450018681845136 0.822607064865688 7.33293317178788
-0.837597452021355 0.439808036194869 2.65712531262786 4.12906669429398 7.65627884017939 0.330570335607867 -0.548430292651055 1.76947086775631 0.284950626275857 -1.9916816531428 -2.71696912328649 6.03079036155724 0.760852504332103 -3.7322733364937 -1.41492956612166 3.42889757733118
0.530541575717791 -0.958019923189362 -1.51771092768265 3.78210402626125 1.38827597398939 0.904148686946148 1.50895648377018 2.24920376112192 0.661223420426762 3.93853015627506 5.69777608203565 -5.9726642685103 0.532573248095036 1.68994063192012 -11.9269045033955 -1.74367626647053
-1.0182262459423 2.91506600619897 -6.67899473083061 2.77213260157516 -3.74528738980974 -2.68741052295962 3.55072885808343 4.28310793006626 0.550570209000368 -0.179453807749814 0.289817992190879 -8.11694203707816 -1.31692808297262 3.51522394188264 -9.23100026930148 2.32623236934043
-0.351440728502866 2.55700533952118 -0.668259475226301 -2.56475981756885 1.52883855581104 -0.522678178491897 1.68897046398452 1.97190990468376 -3.43003025536431 1.26279319279484 -1.13350553077812 -0.257346512029613 -0.304465946974776 -4.16023704032237 -15.0925309524242 3.18847498631943
-3.39500361831766 -0.858586803196653 -12.5680625571607 3.59233611627706 -1.59296206564754 -0.86011608881065 -1.59292820630046 3.18184910700092 -1.4810865459433 -2.86601801653629 1.7498125823637 3.74316017576094 -0.0901589202805998 1.15757657597332 3.25312283457791 -1.96378248499178
-1.02075188225386 -3.64155128468285 -4.82627154893379 -1.28982940575865 0.694595257321862 -1.25590262029074 -0.615445208655996 -4.93326770032807 -1.00968833153198 0.268519421605188 -1.7726279843446 -0.635297905385131 -1.74700456505305 -3.19379342754488 2.8346196821558 -4.95664915286052
-2.35093525572212 -1.62182157502022 3.10162382764632 1.52283390100697 0.961044119475606 0.644880945724512 -2.58128043471047 0.388174195069268 1.02468225246365 2.1378711563108 4.67740123902532 4.53026415912881 -1.8315889382048 3.72442391904024 2.96889063114374 3.50077168207153
-3.43953048935618 -1.87662612158874 -5.00039458067412 1.48323645005051 -4.51593540893165 0.719768366567219 0.300506031531463 -6.86401381005179 -2.73502469946736 -2.80806739475173 -0.376911775390139 -3.99377251760213 -1.44368997780137 0.850645721493676 0.0183405560027103 0.525101265016898
0.459623774397689 -3.39077419442341 -4.41153421948915 -2.79197691553558 0.928533987520553 1.23980684191495 -1.07277957661955 -3.79409508421278 0.703756649999081 0.156436735427338 -6.90144788772202 -1.38073038725116 -3.21311850703736 -2.2627720565259 0.120325052073513 0.629309262994374
-1.59635995114095 -2.98177453731614 -2.02276994209682 -0.490470721934255 -3.55635066690187 -0.0645175191135651 -1.88593115798624 -3.02470244535434 -6.64445051815245 -2.62328571183013 -2.37250043616576 -1.44321850458234 -0.502789873008706 -3.01494476900335 0.761457763323288 -0.171895865866956
1.9486697513648 -2.42620620749874 -1.37690600546557 -0.591134251687011 -1.13763812600321 1.54466587063788 -1.94170150873212 3.99607397440307 -2.29268918740024 -1.66704587395464 -4.77471792589494 -0.814027486491696 -2.51021409040376 0.584936498122881 1.53583100449086 -2.87567153275416
3.21631269473625 0.8093580216354 4.6744145999664 3.58722268531827 0.279815960712518 -1.27272067562943 3.87827375306703 1.06035519380236 -1.54899311722982 1.25327231935551 4.22915963501729 7.9114465611565 5.55093950172859 1.40633984923038 4.03784446144811 0.698226446601315
-1.09749075826384 -0.4894535241332 -5.65342405021516 0.0533367845410733 -1.22835404071716 1.118551908781 1.93622922657624 -2.30978912542909 -0.167807380934124 -4.17877262812682 -6.76172898903321 -1.68222927812755 -2.31761600308878 -4.67775221484229 1.58009865068784 -5.3931893389306
-3.09361504668865 -1.21827272295185 -4.57250736417407 -2.25715255104502 -2.21201677250423 1.54127538544393 -1.78086620011922 -2.80083445467944 -0.734527398238705 -2.6296019428246 -1.26849786489081 0.420972754457924 -0.567932837434681 2.93766039588206 2.2498617087388 -5.01288041194215
-2.65195740255651 1.21787875074045 3.31645318843562 2.18529385214018 0.378292708302539 -1.62422545068534 0.558888526723732 -0.581889316204239 1.49766830081969 3.24232083129639 3.23576144483496 5.13559298189101 4.86625453321305 3.90112039282151 -4.62780354798774 -0.00303459304858134
-3.03761243318315 2.42187087741604 -9.98580286669143 3.00623563205914 -0.0492935948799641 1.99014292902358 -2.69896006780466 1.12616440805205 -0.493365730209915 3.8457350453068 0.567674040727519 2.95936091474862 2.93845519245848 -3.00340469306504 3.68223821631787 1.75784953596805
-0.543827538483074 -8.51133819004188 -4.04595558214134 -2.8148749672378 -1.89033209802315 3.019300157153 0.101216718255812 -3.28744548104273 -1.54815507224905 -4.83764015930671 -0.388361660311588 -2.63274093015088 -2.1712777270492 -1.64231493098965 -0.00987819765618592 -2.00093020999487
2.32026943415092 3.32506985969789 -4.24867021591753 2.9777464235047 0.584052990766695 -1.49201941788241 -0.227230646755655 0.243509902414469 1.97369447865328 -0.23212158251067 0.846635064908584 -1.37603479053206 1.5408396799284 1.96330270141383 -15.9946022460554 -1.17669355234197
0.847106236832179 3.86792498450979 0.137228760783165 0.724685527457017 -1.73392603999379 -0.458802231271576 5.18602241389692 -0.443409575416307 1.91395375022613 2.14160246784302 1.9724527504787 3.23359646583154 1.39981838249137 -2.45184918737178 2.58687573622873 4.07935206084634
-0.962297731988984 -0.511937561013495 0.364714601882059 -3.80056503367023 -4.87430134893907 0.595817699539297 2.85888889119274 -0.899110653513717 -0.238826520690791 -3.02059895609855 -4.78854888235201 0.778158908944781 -0.568873689876575 -3.3284540879944 0.921844958115261 0.0759974803638541
2.35315805849227 3.47094987376568 -13.166847225012 -2.29974007673222 7.20234859106185 0.66056972686061 3.31411211443987 7.01526853465777 1.781433781579 -2.6825645443083 0.747823106800963 5.2232082013653 2.13173933675054 0.0774228088519596 0.259681893495032 1.09480605403149
-4.8934731466987 -0.374953098722604 -14.1518024826648 -1.75526974593506 -2.79447880518855 -2.28416224903638 0.289021023554169 2.83369228058885 2.26208118410333 5.90057784900264 1.3806414459306 4.92173880135999 0.818356087396769 -0.070435069916993 1.17009441797914 3.71905598737045
-3.71012609338449 4.04171917490808 -1.98714570067278 0.33812484737048 -4.39919555759169 0.0355172175087732 3.85302474922375 -3.43291417814923 -3.06578962722436 -1.20316677421395 -2.71114917919717 -1.56101457717309 -4.87004121705624 6.48348162409465 -2.433136733928 -1.87050263127154
1.80846434271595 0.616010283757991 -11.6026000498053 -1.302310040491 5.51366383476286 -1.25441097777362 -0.242855388417721 5.87512496068607 1.76941750424387 4.33466053272117 0.872381606098965 0.508439621254205 -1.50799574606867 0.825945603047131 1.38499520810136 1.37344517478196
0.330306781963941 4.65260101299488 -4.4269307296318 0.560637129736527 -2.14612518081317 1.82677723104719 0.606370528498905 7.43484813222211 -1.98740324138877 -0.602887693941072 -8.70861459860255 -1.83657448333441 2.88402129563254 3.18128003863889 -9.96158668002918 3.58821791110017
0.394199121001874 2.74562617966829 -4.1016747776481 1.06416304605715 1.05241755591627 1.67852842986036 0.728060672161944 1.33741066038269 5.36647658318455 0.300945527686963 4.64626504574451 -1.79463559719268 -0.13518936864446 -1.11294068448847 -14.9287715868174 3.22923787647683
5.74715606977847 -0.198199856144276 -11.6367232557441 0.917287555719611 0.77030809152235 -0.2051484463454 0.905801169174022 6.07100674543331 -1.5316995208877 0.55434236275622 2.14513770783506 3.23234287260416 0.730154878173988 1.27035112689629 1.44136626696555 3.61426681547807
-0.899961941104606 1.40932385302742 -1.98928387694125 -0.15063620830721 0.41208570309666 -0.396155618188628 0.730564388370788 8.4431894981394 5.11157812995504 -0.551906425708992 1.73365167778661 -3.12280691158306 1.10571584129423 3.28640303032972 -6.77628312475214 -4.46469914713548
10.6068932478935 -1.04837214243301 4.9359776199863 5.45457238464336 0.186066195814761 0.289622285635768 2.41493683717517 6.22899914577806 3.38579024643427 1.6750594843329 -0.306349155790594 2.8658250677557 0.812120595012184 0.406970303820276 1.17445765046123 1.78614372728298
2.73203719048227 -0.35517518739076 -0.381059976861003 1.32203502488027 0.196874549208431 -0.450796500397291 1.81148492888314 5.72472947773604 1.92222231572731 1.87000974841634 4.69276333844196 4.42822779999827 -0.203967207248771 0.118610523640284 -7.30394760956034 1.96936860515338
-0.818702929919227 -6.97584327487227 -3.41010839967033 -5.86222490940005 1.31722061042664 -1.34981951273959 -0.890714205076801 2.00931277050329 1.63000190670489 -2.10958237901667 -3.80141204457418 -1.59449038476868 1.61877121776612 -1.62987693624348 0.82161347829098 -2.30032727755682
0.358005389777435 1.25814905227246 2.3201470747076 -1.24326332199657 0.360732821141643 -0.940649294268776 -1.32305177186023 1.16448925093116 -0.383355284828051 -4.40105082874938 -1.1225720438682 0.85753063234535 -0.0826921068490578 1.65972492005186 -0.489512562475763 -2.88115446532905
-1.24252204277167 -1.58998340341654 -1.97200492226519 0.172791398141942 -2.80361150674474 -0.260934038693736 0.975562288705116 8.51792491326112 -4.09640272680162 -2.18092101176845 -2.26718120299885 -6.13579238635687 1.4341696167504 4.385630949071 -13.3640917220905 2.7659603825179
-0.563206237031532 1.18723332156376 -3.07552208168524 -0.307100378089397 3.11331274696415 4.34483285866927 -0.3215942898022 2.23284368151438 0.531271498752276 -0.111803037945156 -0.971038687495991 2.71607443728523 0.369290993357929 4.70125538011919 -11.9875427286725 1.62182639837843
-1.44948374352334 -4.34654292327289 -2.17276068015473 -4.03487411031775 -2.72183857695904 -1.45818429202768 -5.97338084910825 4.59491062547692 -1.2512568130414 0.21348008357493 0.827759544369793 0.524740719539983 -0.582396743416226 -3.53889040749387 -1.93796198336873 -1.36910828477877
0.647358455814006 0.744154164432647 -5.07607057935915 1.17103211950013 -3.15572914576408 1.81406041134908 3.67365431726982 3.70705705974298 -1.66712631229624 0.780877669264938 -0.895687598420237 -1.59096020964109 1.34122743461661 -1.26952855815244 -11.5941133438214 -0.0748449020901059
-3.15644576501332 0.358740046491041 -11.5483724512119 1.25442465376498 5.16478268754408 2.9831779847572 3.03481903927829 8.52027537135161 2.84470487504185 -0.929730303727445 3.93765190309812 4.41422169636006 0.862262771515216 -4.05671034044522 2.23841918732445 2.92985160510874
-1.77555039333511 -3.72556857137043 -2.46792502425643 -4.06554732180218 -0.769261718929149 -1.13651105620201 -1.16069647778757 -4.17996975882418 -5.79754386664762 -1.87774513498835 -8.97609351076361 -2.95272429800056 -4.45325769469845 3.98041515439839 -2.77253518861997 -2.43532147515902
0.425180813790258 -0.156478417768689 -3.55447247382718 -3.38360512739175 0.170695939130272 0.0354905559819485 0.561488664382201 2.25818636447727 0.16340075513822 0.209208544201292 2.591208875815 -1.69710247243625 1.59885536598471 0.469035790145926 -10.769110763185 -4.45188271096029
0.943900840624479 -1.46276300730154 2.15798409144318 2.26406152448826 2.68816224534589 -0.408963234509389 -1.35470200116049 0.368110132340431 2.37275367244352 1.22938414478454 4.75212905548226 2.01031739771043 3.57119405574727 4.69018501381485 2.1961503077397 2.90016728195835
1.89942397720406 4.33067506470182 -13.4150156247748 5.27784122793736 -2.50766744886131 3.76189331193542 1.50060017647721 3.90073895011458 2.26522360103877 1.87214209330149 0.839867706052746 -2.8872180274961 0.702258444217596 0.455962879340941 -3.27253475975954 2.61675318036544
0.943668665569161 6.30968149496565 -2.00564206473499 0.859809327886742 0.336182521071597 -4.41987713625712 -1.68772572072366 4.92747870548489 8.44595778539641 2.80015298073127 1.16844895322772 -5.80685314584333 0.285217166741995 0.334913188572439 -10.1409607563715 -0.487777995217511
3.61248068606194 -0.453279131436859 3.50429972601838 0.852763233345204 0.897484004076622 1.17848036462771 2.43291200400024 -5.5317709440704 0.300587751042201 2.00994269214281 -3.87173835903554 5.18579118488013 -0.907784209294227 -0.839107211924942 1.84365747835337 3.06061351019052
-5.82308940475731 4.37437378091365 -0.167278456317554 -0.534525283162499 1.78560265861322 -0.700489090335183 5.5821584380673 2.87896273907925 1.02530826187415 0.973469086054267 1.40081583404212 0.215436157010591 1.63920508650958 -0.921241925527655 0.768101116157217 9.20947446638836
0.859327567331632 0.166278118851596 -1.49446305531701 2.46332799824575 -0.780850325374032 1.89589018998827 0.874287109186976 3.26467016162373 0.969556254299375 2.19122962139963 -2.9808924689073 1.77800297690282 0.468726361688938 1.52845748488481 -16.299902388411 6.30169766403947
2.00410965793956 0.17396497359669 0.436688279538709 4.05852430438848 1.75843849577571 1.84337255530556 -1.93129683500854 0.324450607424589 -3.00474248189063 0.458303101893203 3.74325189979941 3.03013523892128 1.80932318703378 -2.91567377652013 2.41327987627651 1.70703887096843
-2.12916609311335 1.9438901788286 3.09379274551052 4.48265808462706 1.23801485371545 0.586262068159517 1.83303734504605 1.97612419305324 3.56458393408252 3.64476852310189 1.84725555067722 2.77317000043077 2.17587011567527 1.62336368042061 8.34387196445544 4.37692386549088
1.2330007971086 -1.08866137098435 -1.56562589038655 -5.86862748556096 -1.75653362965213 0.0243784452631565 6.03126595783055 0.774273292036021 -2.39938137376969 3.12346183406482 -5.74992075507587 2.66684073930708 -0.894598147164038 -1.08772737473911 3.47241577318029 -1.46943789395338
-2.40280175458028 -1.94055341518216 4.2855580226302 0.0751335019587005 3.31113120734873 2.00904925889593 5.29594730691177 -0.930956074278854 3.82355380175475 3.05600528607994 5.29895180492151 -1.87514080745113 3.05155507131781 -3.96340103007904 -0.0197601693966275 0.17578576161195
1.8921468343394 -0.773176003835217 -1.17930307941313 0.031813911287602 -2.46115575666588 -3.42257886401615 0.104629974146274 1.27713926243867 -1.64983966710415 -0.573307078176831 1.58771402634815 7.98174672871168 1.59707471673254 5.12884630534083 -9.20970651511591 3.04586794718847
1.05869988583693 1.04878883187197 5.01099860128608 3.48918997912836 -2.03829157364614 -0.064698598512091 2.03774500597179 -0.182317678437283 -0.503958273555795 1.00821349229516 1.8051054159829 5.29866224049741 -0.20074547432101 1.57222718844058 3.66919605271866 5.76194373676566
-2.22430545415671 -1.70280971659587 -4.4130561627358 -5.15053635882669 -2.71403862853259 4.92540600464743 0.273397995573944 0.844173537921528 4.55759297905067 -1.25916297970254 -3.45826590433719 0.618473147654689 -3.10623132681151 -1.32045839343774 -11.2286061471822 1.20412426079063
-0.341669425010617 1.00549638603022 0.892639838278506 2.41762090368935 2.02091171392663 0.734795671752172 1.1896811854766 1.25517359469563 2.10389022515534 4.64115941504474 5.47784204711861 3.78477583548062 -1.15059781671521 -0.911371696752143 -1.07329406052338 -1.84921580249508
-2.40725383699858 0.586027179747789 -2.01365615432774 -2.07630666694767 -0.89725162459726 -1.7800076924895 -5.35264533464206 0.489431497776323 -2.32520389790855 -0.290908195835237 -4.62234056864553 0.64192972013246 -0.197559998327137 -2.21929416172816 -3.45061117618487 -2.31622017547697
-2.4910939703166 -3.93281658001758 -3.59389149468074 -3.85271059689841 -3.21765907402474 -1.62496173628376 -4.28779129502206 0.100229198476683 -0.56246325242655 0.0633155718925713 -2.65632660482193 -5.34390184983592 -2.69270203556332 0.424647494220449 -1.14560362868169 -2.70910290436851
0.187781335694065 -2.01817855598139 -1.94955647046179 2.68309880672539 -2.87548248913574 -0.385033750860084 0.521528428851583 -2.13624809201879 -6.80759797294748 -2.76359030012587 -1.13372675226693 -3.68061097424471 -1.59355357294213 -1.50078912190726 0.134080868241413 0.96178386606736
0.732439454364667 -2.35735721687676 -5.40394671178081 -6.08693350091528 0.563292188046829 0.628045948428533 -1.21190950125461 3.40088369059213 -4.40264260660785 -0.843391471938841 0.657790011272673 5.12122253951279 0.770338035096184 1.04480695067474 -10.13394064772 8.65302100811417
-0.791585683441274 2.38126296475445 -9.25825693071018 3.29432600065659 3.19715889725221 0.905638358622632 3.69227242680176 4.30831156794273 1.9485298515063 -1.53737105403441 0.998926189383971 0.698178998775328 -2.58572322457091 1.33229876546261 0.788745846285567 2.73569540757527
2.03466454374875 1.60310735144952 -3.99042090065746 6.20611554257564 3.18576002756455 -0.740809835118894 -1.23273046745499 3.59181723252232 2.38265097272161 -0.111907943490721 -1.67522938864186 -1.60242826036654 -1.2838706380582 1.00643768501422 -9.43549382530365 3.5714481588833
8.50107699600562 1.8365447854565 -0.670731596563478 4.52330229650662 -1.60963110803737 3.86111358115107 4.29269913907361 6.06234753383175 2.2029828884022 0.00501037641069879 2.22268315502959 2.10041930781309 0.614990145938126 4.03240958670297 -2.38984110301957 0.0302562735527276
-0.692661060126348 -3.5950355616931 -3.79219374024026 -0.156944739589953 1.41333335514797 -0.847942411095677 -6.02725916828393 -4.37201578906991 -1.52491267621757 -2.46305388745851 -2.03557294190753 -1.23477606413785 0.373414728381426 -4.1490547211721 -3.66979772318374 -1.84016570963572
6.57677924209082 1.31211961165757 2.53893143782215 1.2630683028066 -1.42832727962681 1.13349506008079 2.71024646382241 -2.38335681508924 0.521429758485654 4.08368719333177 3.49528949082353 -0.347158303670438 -2.28530652113818 1.24846904543941 0.219404656418684 1.25887248220595
1.05421325374427 -4.15838057847339 -3.90346606883064 1.26687377396242 -2.95064267337576 -2.10860861165349 -2.89172564496134 2.31655726685 1.53413583018914 -2.39134168512398 -2.5318115582718 -1.3178756495346 -0.316724523389577 -0.804605595993 -11.5020060210246 1.5092497930229
1.50771153464882 3.83582819678057 -13.1335455059047 1.30394860102556 1.15134217650924 0.966079447769288 -3.2560197052992 2.83378180599172 2.37391542338041 0.757678789759713 -0.729266363842359 2.8433088575695 4.46041462703652 0.537440316766484 -1.95340436280855 0.453536593154337
-0.630400995085561 -0.106664195391342 -3.18750079012555 0.944277095526385 0.189935697292787 -0.749701216722679 0.950564006458431 2.12863464722171 -4.99396247026725 0.539736951354461 1.09490759553826 3.31142492280905 -3.63923024497656 -1.04918591430624 -12.2979174171856 1.19090477364388
-0.327575983567789 -5.7813848437133 -2.12637781997118 0.419593920510624 -3.05706842496829 -1.22633996554326 -1.12213209664167 -3.09113130008942 -1.40258372075033 -1.77541959219751 -1.0962990962735 -1.65538656447005 1.00789219932528 -0.390371700494204 0.42744631579742 0.287330369029117
-8.90714828639446 0.821826947554468 -14.0680918661671 2.23049037144633 6.51270889535837 1.60812960253793 -2.3421138830494 7.54816162715584 -0.0806936481769492 1.85137619872949 2.68697591506619 3.7271905331646 -1.14222397342718 0.375448867019364 -0.199987771183801 2.49837315149461
-0.39697606972128 -1.33674288178562 -3.32244100740105 -1.97076023516263 -0.148780529314879 -1.52661362051836 -1.38050572338868 -0.0338324828835439 1.25878995991098 -3.6593300712762 -1.48579591111936 -2.53486046451648 -1.96411070685587 -1.20534398351966 -2.4198569933062 -3.86735278335054
2.86355641997383 -2.20607533488992 -0.460460811874261 -5.78837085663271 0.717778317080268 -1.2120356719868 0.694030568323631 -2.43870844601234 -2.72935732808847 -3.10912633820434 -2.94594701582832 0.516408740380999 -2.43678480811567 2.13619216643564 -1.30286318101352 -4.26443577453149
-2.73176128515263 4.04085449752437 1.97191112078833 2.6175067067938 -1.7622626885017 1.10978298401179 2.17026307338694 1.7114502984982 0.850830075845736 -0.0138598504521883 1.69830448594688 5.95771214459484 0.846368285251713 0.547967726732418 4.23051090810267 2.58395839677744
0.964024410558321 2.16559287449973 -12.7771424911937 0.274898427427439 -2.66105658596807 0.624917837402199 1.94481341071552 4.72018438955558 1.66505788824753 0.598494127356705 2.68989159329059 4.00249557381193 5.00226841737996 1.86812967669082 -0.468692788822242 1.23709519847109
-0.882911617311212 0.076394843463905 -5.96260243282283 -0.258245223003452 -0.556654896786662 -1.13725631278638 -2.09358763909503 3.03611776966961 -4.58114056615569 -1.2085300133164 4.87561226187779 -0.65324489791269 -2.40512504097584 -2.19048684963062 -7.14403064504671 2.74491537697746
1.93652473597785 0.0702766368638881 3.41565026603964 3.34780742283438 5.58557842569472 -3.43034335597861 -0.767486463845176 0.906707107303906 2.22173457842413 0.897992335313087 2.78070613742002 3.4493906679749 -0.884468787095062 0.885981947023572 -5.37637563711992 -0.633162655213818
0.170118104427105 2.93323363157305 -3.63941090451831 -2.81533994101203 0.684437988395545 2.10200373641827 0.773236477508343 2.921957345928 -7.08681082067949 -0.45688652940038 -0.818998663069848 1.98874926651357 1.5351655366831 -1.75984706370926 -13.3810801280025 -0.0273083470255828
2.51973592789724 2.93083031796791 -3.43985393282721 2.93696630195987 1.02110375522851 2.67617788752923 -0.973265176318015 4.25799466680462 2.86599079815748 1.03360684973662 -2.7096092873731 3.73621065553834 -0.787431595529095 -4.40050449320013 -10.2520703292457 0.992554090309578
4.28591393510455 4.21348265811502 6.78548476940896 5.09715832448432 0.675141015596112 0.300772361774048 1.83293846694443 0.74519145472851 1.36965527221986 1.86605950722416 4.51351419515732 -3.91652020911173 -2.59663415844256 0.690270751052709 -1.62850652266743 3.94014268752441
-0.0628768440068504 0.554010816332323 -2.83439989684295 -2.28479640320923 -2.57998743572028 -2.58859276080187 2.35067011288085 3.2764609480319 -0.886087907046115 2.52660060635103 -2.52736186354848 0.289140611075233 -0.161345985429387 1.64343383282037 -9.00395280213394 0.227205419626542
0.0764882715279082 2.53971238003098 -3.56991439115043 1.34585764265968 1.31474440097745 0.272431905762528 0.886047853556074 6.92658081477083 -2.63337782957332 2.05705219877203 -3.82841472838424 -0.874280170308292 -0.448315296713977 -4.27192392444693 -9.47459886416456 -0.147926250568277
-1.70727581917363 -3.42386476330406 -1.01061213496834 -3.49281666012107 0.1131098498351 0.64692465661839 0.358634441089049 1.01495922680682 0.29804029637661 -4.38538907826608 -5.19858162818543 -2.20934086672874 -0.515035906612865 2.81243374941309 1.01123304165581 -3.71864246183409
2.52829253654382 0.0632026503450227 3.36269399138642 5.1058574126452 2.9941365619415 1.07865180978599 0.869360367602952 0.531737922326798 2.42239095054061 3.83648564850544 1.52088248687333 3.32652741527753 5.86553637624081 2.24059185673969 3.87023157953905 11.8969460977124
-4.19448265774336 2.64842357432026 -2.55934916471949 -1.52013755095539 -3.00420946829787 0.744221250114496 2.03129802078646 0.00873347510711064 -0.932870766399714 -2.324680276412 3.5150038311562 -2.56320848056445 0.584746431846911 -0.665073052851613 -1.87689735345955 -1.00066245869741
1.86192353602618 6.38543086093438 -1.36140724921409 4.60310439100362 0.364547320018568 -0.725721073721978 1.97757427891138 -2.04624608361262 2.03880375136282 0.156733779939094 5.85089678904444 4.97236607891242 2.54581041008968 1.33589877815621 1.31325491182634 2.73939752539159
4.84464931110171 6.45469546897756 3.53172445147783 2.93922643781682 2.17673757167769 -1.38908853333404 -3.32251709385071 2.59054237563951 -2.14551966230586 2.38128197671307 -1.47092427210167 0.832071335596911 3.15262799989449 -0.427853507316277 -4.24424629267841 3.3910765006993
-2.33171081046511 0.111207027108151 -2.25715189521023 -4.4807953288624 -0.586008868611314 1.13119193535805 0.645990066433465 4.64247988661492 -1.9597219755842 0.150653636070569 -3.32044828229389 -2.0528609883826 1.77913274577833 -0.778446808746514 -12.5885610705701 -1.63957656612305
-0.660080140746052 -4.20052035662584 -0.603553050586855 -2.56979157675803 -1.76799101268261 -0.955772963083369 1.27600130578175 0.513502330822304 -1.5987156513899 -0.226978946558041 -5.02036249017106 -1.91837285740801 -4.05022902351041 1.92184137428502 -3.27219215027305 -3.8126774119266
0.651410859247224 -1.49735521394285 -3.36206828470883 -3.01640288431213 -1.40811358909275 -0.646492061482188 2.83717480434865 0.311317674358161 -0.441870537050135 -0.172490391852469 -0.23402035544171 -2.69771672225154 -3.71622775663307 6.22433951004975 1.08219373328261 -5.68049885167084
-1.21877662256546 4.79253531522539 2.48568223632463 4.62860281234805 0.937394962013176 1.16871330557131 1.02402334812525 6.10092121688503 0.498622178527211 2.43362081321889 -1.6455028339434 3.2212723432912 1.34946887760637 -0.383998714025832 -1.45034020368921 1.35412255907409
2.77043579871115 0.231647140806885 -6.81610620863731 1.20156763658738 0.0654890204109053 -0.275011419369475 0.673666662015683 6.13851497991958 0.320140117455551 -1.02382212678299 0.399482251292742 2.80793331648441 1.45734756908147 0.282011751423137 -0.128983231666322 0.690663463060244
3.73349455631692 -0.568061033566715 0.919828101012103 2.54792811239876 -1.03151667838386 3.12874613674263 2.22920008114381 -1.53701397095329 1.35886187808817 1.4899636694233 2.09356929362711 0.272267974988882 3.2740755513961 -2.55945730382511 3.21117842011688 1.7908309581116
0.67725481669932 -2.18352501945385 -3.29939830668378 -3.68579874169973 -1.50399966873702 -0.115277370333251 -0.560406704612004 -3.73684962729478 -2.74661502100258 -3.13424974025173 -2.79637163344019 -4.67866962363584 -1.4690789539948 -0.0912465983991299 0.177317138218621 -1.75403056111378
-0.404994297888602 -0.704243192573053 -10.1807693897926 4.63756820623923 -0.723525401646658 -0.397911094220499 2.34240076368017 6.33724371520047 2.59789089304635 3.06701752493465 4.1369254422866 -0.0522043603856186 0.808465737423976 -2.71826121308003 -0.202754947219911 4.20482935359395
0.670578076574086 2.30040652781744 2.3304427203479 4.52193443098479 1.49389592179053 -1.97182250255588 -0.442798185667832 -1.80588801195633 0.0355248353342934 2.2872234989328 -4.6604411168145 1.31605433797365 2.03530764119197 2.12146155322475 3.8616147399566 7.1670708769304
0.191188760039146 1.19533775532729 1.36708207874233 2.13618117763543 -2.82102876021137 1.63837761535739 0.630000964253425 8.35416585164768 3.86671121117627 0.683553945156499 -1.66205788773733 7.60049294625046 1.60492086741353 0.517730407828609 0.196778375592283 2.68219377201612
4.75954560571035 0.0839594783033223 -2.5027341270453 -4.66533372711621 0.00435791654300532 2.68082683881476 2.73227579364099 9.2427547102189 0.958341717330325 2.30957936092636 -7.43235963315803 0.488598020035623 2.86011793304738 -0.219478535699873 -9.4160503068882 -5.38827279591171
-0.889858115303675 1.82843167402958 -3.76449194667509 5.11472195866263 -0.0191322572102546 2.839515975998 -0.366816748697586 1.72317513573276 -8.40903533498535 2.0496328884383 4.86175321894228 -3.89501695430311 1.31036633831851 -0.0129168813125673 -13.5369707633489 -1.59777857814042
-0.471902510018145 0.0971312213372961 -2.9999237132743 -3.88323333197505 -3.37066885404025 -2.30708548184239 -1.07088689917501 -0.868817063678772 -5.21207813953566 -0.775712140310965 1.14827234120171 -5.36257162831595 0.862849816680564 -5.83799728616134 0.960711148238143 -3.29920864547058
4.21517190354638 -3.3846988225818 -5.89244618911352 4.82223764988252 -1.9884941713655 -2.81128575837731 0.743168254747409 1.82320925540615 -4.93962806346062 0.145315813040876 1.38103200209647 2.66658270211862 -2.50728631744687 -3.72569320270583 -12.2954378891259 -1.75419535971551
-1.13796324220116 -0.55595371684661 2.55831141184829 0.941850913183802 4.83132000347997 0.0994320453458011 4.19854998855678 2.99702992525395 4.61130406220767 3.90837756297843 -0.5281899572996 -1.56434517278981 3.26341340370449 0.542573557028727 1.37193882479749 5.39230784207924
0.209416242954853 0.337786909954467 -0.571240970854558 -6.20046690077701 1.24746581258716 0.267253841107189 -2.74134547590227 1.69868683522632 -1.64595339976937 -4.96558084497766 -0.0187596975506472 -2.05298573616398 -0.0264116258543061 -3.32571191827001 2.11485095318742 -9.84731295271489
1.57896392801087 1.66453269744765 0.150132727778557 0.169843031026038 3.92020152504732 0.224479499696073 2.23967136219966 -1.4078886062025 1.80417154104799 1.02295288715763 -4.10345383856473 7.76965277426106 5.05199922732485 0.112031244135122 1.56793258473751 2.11656833065389
-1.87849211332989 0.25265405906558 -0.971203208796542 5.64035948995292 -1.23704919088158 1.10600835921379 -0.482543903355883 4.35879284736654 -4.96877438934085 -0.422278727392515 1.75748476257486 -0.797923217994324 -3.56392112551345 -4.53871941354695 -11.8914262006382 4.446818139997
-0.101586599144998 -2.32723521404552 -3.86123882859729 -2.84236852719642 -1.6106277287396 -0.0118744998425606 2.02676694027284 3.70320410736391 0.850817001517889 -2.64656465236444 -1.17435239010733 1.04766767360124 3.98817467847096 1.07724974822017 -9.91077773350315 2.62308048786359
-1.05958358930597 0.909062373935676 -3.33228020220048 -3.30502526708676 -0.205963894951592 0.913783448527644 0.679983828791038 -5.41664264472444 -0.703467879757227 -1.39165669782934 -1.31854638449239 -2.92584975443102 -2.31914113296115 -1.72620535974749 -1.90992432445335 -4.27472714868635
-0.289846026839339 -3.33861853829515 -5.58770296859888 -0.332430159418439 2.12328907037138 5.66685904086105 0.00181804584732642 0.485990230330747 -2.73748942216585 1.77040379004238 -2.12640278072759 -4.38402583233028 -1.75219265048501 0.947257419416254 -14.9446853866245 -3.69764232279658
-0.924483509857851 2.18850872508057 -10.6244959191656 0.829661121863387 5.905682916363 1.58917483357827 2.18292733740431 4.32527501082588 3.09532222147334 0.651613883318666 0.82817890375944 2.20468316171336 0.880637012444814 0.118490558972989 1.37153956968347 1.9726401796757
-3.064809036709 -1.38272354688626 -2.96626190129772 -4.09940211482042 1.2291370123002 -1.42092036749897 -1.1073345755871 -5.10343687638966 -3.4754526550054 -2.45198574990794 -1.7452158071629 0.340865314274547 -2.92568103454023 -10.3011384955916 -2.21311627894787 -4.38086796994381
0.157348149340846 1.5855463568476 0.217173052330661 3.14830022889258 -3.83988967207147 -1.17090442020351 -0.955228914764116 4.92112915316366 -0.840207192430125 -1.1322120158632 -4.17430356802426 5.62119231362219 3.42417271464553 -1.58092003631227 3.86247831561833 9.05328977877697
0.26277559013292 0.382506062194516 -4.17784655688183 0.656165654965145 -3.67847445792099 3.789219277327 -2.80377748927482 3.52161383717336 6.87948340693681 0.862113628741542 -0.548466904841834 -2.80614229115483 1.23766116149568 -2.18176880676352 -10.3980593372126 1.43930573809453
0.160572107120686 0.117961655498229 2.68066398768536 3.22249725452899 2.33795736012802 1.2477751747794 2.17581494248173 3.93211863820337 3.54966399382145 4.38173417932289 1.83998717193227 3.47992681654264 -3.56569496676335 -3.46318075744825 -2.68193518902803 0.0623735714981564
3.45968697294016 0.308502108957525 5.37317400873994 2.58830043666169 10.8701779766805 4.9253018236356 1.90010728000664 0.359252351118095 -1.18919382079576 -0.167696569823037 2.08574214555975 2.22117649271697 -5.1952038514135 1.76580283369615 4.07581796763259 8.44072334425905
2.63122724418291 1.22806427649481 -13.2081446002836 -1.35585838458531 0.444605721509087 -2.00841367788016 1.98348856605172 4.06495506955048 0.555410508435688 -4.82871944593026 1.03005350844868 3.96150711344897 5.02696074534037 0.592487816824378 3.84250531427802 0.0549004018715469
0.889919294357399 -1.09954206280318 -9.76074785088453 2.35062728559298 1.69945927705555 -0.486929500830749 -2.73456399911612 6.73956822081283 0.582211660560521 6.43689440138944 2.67123622525949 2.23474850548485 0.16929364760113 0.919493725464667 -1.59665560966443 2.41670853307894
4.09618773192633 2.86265828090281 -5.60608045316093 5.19137326479695 0.0774580634451997 0.343895978418484 -1.03739973419205 3.08521970222459 2.96253117509831 3.01105514870483 2.31850437384658 5.68855586568859 0.70297776379751 -1.8232693300881 -11.7404019811633 1.52447390338586
-0.408701863594976 -3.19773000067889 -2.93686623134802 -2.96772008918959 -1.15453249270345 -1.68545801161911 2.12227053373429 0.682180873476781 -3.49591455573659 -3.53814250262237 -2.52007005854191 -3.22829106115441 -0.460698827747342 -4.94042093691353 -1.80332921757551 0.0306729515848261
3.87487607567604 5.8643083846453 3.51352366636323 1.92142321350813 1.69874410505178 3.25124683982301 2.17662269964453 -0.747061079741375 1.36997490796433 0.848274508947505 0.639414629197564 1.79990988453111 1.25861650688183 2.14351123393438 0.973299760726714 -1.58858779895815
1.74350877388285 -1.9355763081471 -5.09646005039694 1.37543798847084 -1.16500038472957 -2.65282138624384 -2.25817844967239 4.56936954173182 -6.33852366747848 0.309717760814634 2.0905492302427 1.98370155447562 2.24222863394492 5.40818332410648 -10.2799772759535 4.13538014841609
3.26415517956807 2.26469094227277 -2.80079917503552 3.08279634057254 0.164525782511106 0.778749587582019 2.16255309545853 6.06475569697111 -5.24197508580714 1.61756957817223 3.80197209016607 -3.70928324468989 -0.18833181375851 -1.4932410013625 -12.477060606885 -0.536549438386792
-1.75918981780008 -0.341621432609236 -3.09467119203095 -2.54026133092941 -1.80807082306278 0.45149948968192 -2.7517878105998 -1.31697624511092 -0.706326181978852 -0.0697406919820591 0.976467987401795 -4.38001854525533 1.98189344352568 3.225482959907 0.0855198391799215 -0.880991170416262
-3.05069382318544 2.25580519414666 -6.54715607672389 -1.98346609113914 -2.77532663454609 -0.749939209687806 3.39088025679192 -5.10845944630813 -0.200949515365637 0.462332258179393 -1.39095286880326 -2.6054866387191 -0.884642920651263 -4.44287334873844 -4.35315997956154 -5.82278989797221
2.82823741240682 3.88993293848964 2.38488741679199 0.383009775707061 5.74739963789701 1.19548934201829 4.56993852796653 0.845594884451774 1.43474797827642 -1.41943944801105 2.51431303146135 1.85299980690563 0.887595639201796 0.339567343031022 3.33073383440418 7.9270950370363
-1.41257539813909 1.90697606230623 -4.04254650624961 4.05365242808391 1.44830531442867 5.10431594676025 5.19158352598908 3.52058664703407 3.77519881803861 1.40444678120544 1.93858608440623 1.0420640053433 2.31524458219764 4.63261808072488 -10.3512830751075 0.90742980030513
-1.67843494914205 1.98730019815221 -15.3909683194649 1.66666743284272 -3.30483698185588 -0.640856430496223 -0.511245110125048 6.75339854649929 2.76284478497949 5.09877380906935 0.129927974554979 -0.442631911478698 6.04895233501111 2.28665835072272 0.343319224584239 3.45431188391228
-0.234169203207108 1.23959597631831 7.24519442178921 5.96509373827069 0.858776792220452 1.33315378016737 0.391814932910979 -2.21223959875485 4.40478436709492 2.09845118212186 7.18467978713138 1.26482603132903 5.73286712061067 2.05977493935061 -1.15422309336426 1.58945740919712
-0.637972237601421 -2.31196291185206 -10.2643908741438 3.64631150008907 2.48971374469244 -0.251147096511535 1.31536356029335 2.07754442263737 -0.64299023925388 -0.0902548626225887 0.846104879388985 -0.810084696526664 2.03411632838272 1.39749876215067 0.438844355527367 -1.93644915234835
-0.0495276206404013 -0.00491140435890003 -11.047292330928 0.178708140141109 0.902109771523213 3.2076675578346 0.164205991433193 4.07814555321605 -1.39095174311903 -5.51914994907312 1.18017725891159 2.52215377594564 -2.18297700212644 1.44235972041606 -0.616324623358153 2.79336602352025
-0.0775330605337697 -1.27027203040669 -8.32105046885455 -1.92378973948968 0.879989752572866 1.2727460874375 -0.0398356641687211 3.95307101900957 -0.56898495274181 1.01815714092973 2.94023072614983 2.61052114228962 0.0463345121804797 -1.7780135486764 -0.681137682240193 -1.35956654387175
-4.03108349716563 -5.4675865333003 -3.22666333778484 -1.41318503294265 -5.77012541335697 -1.02477597521623 1.4522163294414 0.850965431364866 -4.39413478776356 0.448768947817919 -1.43802558044721 -4.45144479539489 -2.24921765177203 -3.53054968922503 -3.65197958482113 -2.90737022554952
-0.631647036956649 0.746887271999261 2.51046780643743 0.940315289943521 1.28345625844189 3.05000423927305 -3.0668845390933 -1.44235112957598 2.02572079480612 -1.13226421162926 -5.0487525851651 0.941936136268735 1.67279834971029 3.98487170448066 1.71239043267978 3.87642204767557
-0.890170559877547 -2.61005148609921 -2.71800551573039 -3.6481937496629 -2.12240102348745 -0.946569598675815 -1.86463184765913 -4.2681932940652 -1.86060993221058 -1.62167919841498 -2.17448539723515 -2.7594822390191 -1.63795220590584 1.9896319452829 -5.44873283473647 1.0297167121672
2.08305068643445 2.43983026049899 7.85444303353759 6.35045267985842 -3.07942228748646 0.12484271326449 3.17225058959773 0.70484715514874 2.31434814422665 3.9767485594534 2.04651634914921 2.34316143438467 5.34716028924912 -0.7170384811435 -4.14009469885008 2.4219967669483
-3.00809636682871 2.02033614964997 -12.1248319143206 3.04380700057165 -2.05925071708768 2.04328297241554 -0.433436656535291 5.33603105794248 -1.2126300951301 0.954145809995632 2.45133019714623 10.3112069454297 -0.907721893021004 1.02375933643943 -0.393745830514663 -2.37799439331171
-0.815550179682665 0.763234488634029 -4.01045026222521 -1.96600155423911 -2.69049214156995 0.495903661584384 -2.13478089994491 -1.288397542551 -2.24991710773057 -1.71356358534352 -1.45903252102836 -5.2690303040181 -2.10849733649507 4.1206714730672 -0.662731069425885 1.80053917664786
-1.13268015228707 -0.601640521087619 -6.35891705815195 -2.33030950212895 -2.1567600486062 1.75349149776648 -2.76139271733611 -0.0197886203146915 -2.70080744558962 -0.735309517579603 -2.64689990279545 -3.58440329100681 -0.327449278741642 -1.28953384495975 -1.43434477316621 -5.49184831340289
-0.959937488334588 -4.60115171178419 -3.12095045170594 -4.22071522472264 -3.57660851185535 0.74941784487997 0.0241800076656921 -0.524032335828256 -0.882210774055761 -2.64516068096104 -0.453814317610784 -2.15031134096151 0.658147116482195 -2.32137338185947 1.98805761773181 -6.19173864484346
1.89896924552506 1.71329528034325 1.94356964992465 0.485663379753114 -1.39238380601402 -0.603111933208335 2.42492793038838 5.90025760063585 -1.92591443307335 2.33658193415053 -0.432356670440412 2.18576118687999 -3.30935136422258 -1.6365702119486 3.57822300377835 3.6820119727789
-1.67802247472887 2.63578243878707 -5.91508566733665 -1.28886066628118 0.0948059715102443 0.201366698608093 4.22338699832348 2.71433007281113 -2.17038132112227 0.0944887018588977 -3.84744650971132 -2.1649487472711 0.168869404369944 1.69553146378275 -16.0603483815141 -2.67968354367609
-1.45606600833969 0.703268884049449 -4.4748249710246 -6.89975231408689 1.24885578042347 -0.887876331425257 0.251825818441366 -5.45206134812412 -0.60059122253778 -1.53564162596067 -5.45671758049212 -2.74649898518925 -3.76086611972871 -4.55729920900458 -1.5197703902143 -1.42016753576251
1.08493945895814 -3.72248888929668 -3.46884542069307 -4.20186154732403 -2.08015706497165 1.45924193574188 2.07610443342342 -2.75188435068547 -3.0420193821649 -1.57576651749842 0.373131675626898 -2.81960608856842 -1.53738326875441 -3.32476816664707 -2.66962999716614 -4.49837898985374
-0.533823099796529 -5.37092179909816 -2.54505482023611 -3.55105157225814 -1.76666786700906 -0.740681673490751 -0.758064315337045 -2.26111087633016 -3.24311382557052 -0.805048196526164 -2.30222755182264 1.13120709090527 -3.07605402248449 6.06644476157132 -3.54724412742398 -3.42721537284704
4.55161144784262 3.42666108333001 -3.81626587467242 10.6838813409183 -1.02973207344449 -2.01821940024145 2.28522181737907 -1.40806124683311 6.0289934344347 2.49460805614919 -0.963277645613469 10.0701123962132 -4.33652422058554 3.09253606841423 -16.6054285483556 -0.225558636643773
-0.878413387234465 1.83026363708195 -7.13306092613311 0.680821092060335 -0.40346464359804 1.78717723932032 3.9707388599123 1.42296174226241 1.00365603265811 5.0910520960558 -1.11549414457591 4.35660028792368 0.750202241728539 -1.51363818280052 1.87545435321171 4.52780769046603
-1.04297738671287 -1.33466579909196 -4.117234924742 -1.11431615246315 -3.15531730037487 0.845308191971241 1.23280839214308 3.79981842492186 6.12461044460381 0.330394260052954 -2.41119633343446 -4.87039957178601 3.24767689225525 1.7089048179664 -11.3023239519967 -7.61681836349517
4.45997269289634 3.82136277327663 2.62956935959413 1.0418234717852 -1.20936767925661 -2.27672948259177 -0.295659344469106 2.28764975852725 2.1692924933189 -1.19249372744108 -0.241376314045958 7.39558184086111 4.58658206687739 3.22362926252833 2.80516054919207 0.166484029410995
-0.992410605828591 0.838034645715076 -14.3099304275051 1.29759604911755 -5.72182209539715 0.77426271379972 -4.32392504609792 5.47380992246421 0.586335938072341 8.72761479707215 -0.639123224504061 1.08207625507998 -0.523716257324025 0.755378542369793 0.115322605008601 3.3146264632005
-3.11895633445476 6.0987311704027 2.17499740173756 2.50659480286171 4.97065388279509 0.226193394647805 -1.45884878612272 1.45520546622973 4.30898181355063 3.0518562008706 2.18288793277544 1.72069311571739 -2.79284648262113 0.865960466401809 0.856113397669408 9.31575885884128
2.07595953024299 1.24327635431048 -3.9324621962745 2.34060952035781 -1.64928228243852 0.382214083262431 0.15251242048116 7.52559430173646 3.71878548199564 -0.358277829562268 -4.92404439781549 2.37084853487039 -0.592399521281951 -0.87654641716744 -10.3506605184346 -1.22167108344695
-2.15256726971866 1.14388752343327 4.26162156971678 1.69581983595323 -0.57477405643437 0.987192535521139 1.75612177696411 3.68711865316251 0.779934532866794 2.80965919741512 -0.587205176432538 1.15144209428662 2.82958995787351 2.13597649979386 2.98494021854523 6.0787194141972
3.04026974413783 0.294014583574344 4.33582237018921 1.61689292759806 1.38252237799271 2.62851934065371 0.481516505223631 -0.459995334445093 1.68401808273587 1.91077080862006 5.84633350179514 4.23477496908074 1.82479072925787 1.19097794219503 0.422491671555777 2.57644548228272
-0.503505031431055 -1.71494228197725 -5.68469060899047 -0.544987133227228 0.460558505132875 0.558384287969844 2.11774972116245 2.34825152297793 -2.72578732296698 0.0490575586710851 3.94252108103926 2.19351395573985 0.441385312491593 -0.484486946958552 -14.106572801358 1.95239640748793
0.274280401222568 -1.44462695735995 -1.21928808212527 -1.29557422267092 2.11343862112748 -1.41515704620058 1.13375067339592 -1.4245990724841 -0.961841461238287 0.392643700512387 4.14517433684272 -2.91526639106966 -1.81197543244496 -0.503758219233808 -1.62440285535953 -3.38026776649153
1.87869479965672 -2.21414726079236 -10.1769685455144 3.33262443666648 -0.967062618399032 3.27285051706164 2.82143469399142 3.24952509457157 3.45643804881331 -7.3622072184713 0.73939246949488 -3.8809464136013 1.28123123569795 3.36906851816018 -1.88450007377979 0.517093683869136
-1.98129917142203 -0.37355923039581 -0.599129492828156 -0.477815022180859 -2.06989319283482 2.9308094314346 0.116428074475076 4.73888896843239 5.87976194116855 0.790115614898685 0.840052933107214 4.855025797918 -3.28499925074803 0.235192823585819 -10.7516977116604 1.58810342497512
-0.118768515996678 0.882298337061899 -0.704782084945347 6.46510694543533 5.02496915307006 -1.0397836782696 2.91318805402222 4.34544052187671 -0.789410563712401 -2.16694115615564 0.770573377524953 6.54575888014918 4.17599769949407 -0.883791798228834 -0.592469166050218 3.39213276858655
-2.46146598651845 -0.463818692424381 -0.151904721842271 -1.65633062101562 0.828137050069627 -0.519780286012817 -1.101004559142 -2.52971099857218 1.68590048265897 -2.13166241322665 -0.983939019328612 -6.11204429003376 -3.48878416406899 1.7008149795426 -1.48799857564758 -2.44086434813187
-3.10205313894887 0.106824325356914 -12.5635950465464 2.97885394660214 -3.8610084164598 -3.51832118869033 0.900827581909371 3.08134839276975 1.16136995325494 0.947478111990949 -0.310812701069214 0.975202632828572 1.07633519039318 3.0713127870588 0.458183709873942 1.68407162110095
-1.57419496810874 -2.3603996130766 -3.59336334408676 -1.46519699732544 0.0873194402604778 2.05722591768073 -2.97003974484863 -3.67971848445951 -1.67939751555325 -3.16620659828556 2.60979188089449 -4.55919405601667 -2.41583511005467 -0.411506725914716 -0.627668286877099 -5.24649074016221
-0.489328318490717 1.99631325166401 -5.00172281757758 4.42973553970608 -2.36989624441425 -0.00844654185868624 0.230886033671971 2.46883067221681 9.8813686232258 -0.690090005196228 -2.53866033707615 -3.48441611384709 1.13861183429876 2.20286049869616 -13.298835593841 1.92502427237569
-2.76265028427488 -2.96252380437943 -5.15815049120764 -1.86030982622924 -1.30245816774636 -3.05508519992081 1.06469741429889 -4.92312384014985 -0.400843743230803 -3.25877848721293 0.155665243770311 0.532301387872858 -1.03251767946854 -3.42365265830382 0.0691615436234837 -2.28429245768107
-0.821957077583491 -3.21975810414318 -2.05402479093349 1.62329210677442 -1.88188342770369 0.653481322027965 1.13547710709083 -2.20952458274351 -2.06500142580716 -3.44544497961387 1.70638642117228 -5.26023295244794 -0.974861585465518 7.26198949323474 0.11573552567329 -2.39967301069985
1.29457080619012 5.4544930686665 3.74284743955947 3.15854210344029 0.841354920143323 1.01563900608087 -1.21283837121284 2.8139692438878 2.54326578267316 0.706936918598846 -1.36806642714192 2.34829343695481 3.76070596128723 -2.23905334137054 1.21338681134403 4.02730987382638
1.73715123635072 -1.16160697596031 -0.785690749165061 -4.59663656754153 1.63378752367657 0.844940503258628 4.37222802121349 -4.18748618584655 0.26537302941749 -2.24217507451942 0.0343352260555991 1.03872259167421 -2.2324679197669 -1.74915934126739 -1.92742982185614 -6.70347125093109
-3.12302922340092 -2.29135613732599 -2.2574463333062 -6.39562200760792 -3.62517492367857 -1.4457870318094 1.54168155761092 -2.27693727978664 -2.64770372948769 -2.94939663732483 -2.66000526169799 -3.38779859342136 -0.783056581465185 -4.60272301490237 -2.0915844430215 -4.02284790453159
0.717281389878725 -0.254738614197008 0.139654072419532 -3.01300599905609 -2.21328187058455 0.433143854945142 -4.71646433531432 -2.10767052491208 -1.49798588876761 -0.908455763996452 0.167196527824393 -5.72886539972424 -2.33331151797397 0.0347921586584162 4.71979050868592 -2.82848405649612
-0.951833655071106 -1.19315276085942 -13.2603988601273 3.75769070170048 -5.98857994007734 -0.152695452182613 -3.91550481930077 5.29692747139818 2.1391338098558 0.711247151705568 -0.215119218279877 -0.157872638990096 2.63164254817889 0.163611042076601 -0.330895864600567 2.0272867553476
0.0065985790258789 7.95316180502024 3.52542864822004 2.84169212163697 2.89026884686323 -0.785908519641548 3.31531764133736 -0.792516630369496 1.48202083407874 3.16229618167432 4.4133273708634 -5.13952447473152 2.72395514120835 -1.1052754692531 -2.04229410531875 5.33071511644617
-2.01402144931614 -2.33913356474888 -5.09683753323674 1.07026217561145 -2.445876685486 0.220123218457274 -3.95778973163001 -4.5683927433071 -0.408454405635908 0.626732326860461 0.131268339042368 -1.96567342856794 1.99105742886723 0.754504933101853 -4.00118883913037 -1.30436453229039
-2.2266744337313 -4.08151596000451 -0.342392272590825 -3.15109653486909 0.759113518142162 -0.255649945323378 2.52676336759309 -0.47790280144399 -1.98914355408073 -0.600194049820421 1.20130349885914 0.715403470520715 1.74814470861166 1.32795283231505 -1.77994853889295 -1.88593572045084
2.9118020371068 1.38978951435684 -13.9083939132524 3.98809896657104 3.53090149910178 -0.923586985904258 -1.07608603489714 1.05006652953844 -0.165787326219556 0.870030866015011 -1.65406885236271 2.91176085309165 -1.86007020412838 0.637698170985832 -2.57420834152327 2.89357942993162
1.06061143710966 0.922539809481073 3.55330739486983 4.86942150440939 1.29161359992361 -0.0214530030606194 1.81161282160159 0.744958584338859 1.05842586943504 1.12060831729054 1.78019443283462 3.03007554121404 6.01451252864836 1.84869932991059 -0.665054820593137 3.28395532000262
1.30157361012294 -1.89870604103156 -2.9582038196945 -2.10003802006222 -2.66863801524671 1.38955848400101 5.54470697948525 -2.12791314508648 0.715977728453263 -2.31352619103151 0.613956589804604 0.613156456352693 -3.76961695106565 1.14725587298411 -2.73426909139014 -2.02513498285823
2.59468727255629 1.1513428050019 1.07262432111218 4.08800282566829 3.09327008889958 -1.16022516382306 -2.84523267906555 -1.44756444539493 1.5718891868464 -1.37451497283638 -0.251901549839769 1.78124980024361 1.3384458090612 2.05439392140371 0.828689187653767 8.31282948426544
1.26698628822823 3.28512956219024 -10.8911723778016 0.909393667971621 2.11591958398529 -0.700895128892729 1.01010800189171 3.63498774664077 -0.631626786931235 7.67857899700291 1.55033140225337 3.12735109755243 -1.82883454658963 2.85256073559903 0.0375755195869813 0.361536388341178
0.557174198608994 -0.972448704977275 -2.55370366476369 -1.18808356989163 1.31965119215939 -2.31583969593496 -5.63725564004269 -5.75626120740296 -1.06682216273566 -1.65637476814929 -3.21841029046515 -5.82480658215496 -5.15421650250473 -1.76132811698938 -5.37504325085613 -4.41028938937155
-0.677815455003735 0.921867647912035 -3.88840890401763 2.27795539989677 -2.95549699153926 -0.716173152941071 -0.617825386490058 4.73999707468473 1.52039097165547 -1.2319279304104 -6.84929197767105 3.19700400241873 -2.60304235556743 -0.530063832826448 -10.7251073429838 -2.88359182340091
-4.53051897287525 -3.10470433512223 -1.22128637547587 -2.0318031095312 0.319297210323686 -0.691734066463372 -3.30712463811508 -3.6147260245033 -3.51443287666493 -1.78100996094751 -3.31546062905706 -1.52664052449093 -1.42769436696201 2.21079038023099 -3.98909460833898 -3.50553786535907
0.340176656008217 -5.58469901759738 -4.14059015237516 -1.89394148874649 0.409230583318767 -1.29611444754236 -3.17626734974532 -3.77167450317898 -2.12781272695473 0.578572648923771 0.239894836525184 -4.9810869439186 0.546615679312958 -0.859081758016054 -3.16931468703041 1.27515616435379
-2.19265738522272 -0.833807939935098 -5.63840868488153 -2.10417248923535 -1.93273040667446 -3.00579461073607 -2.18831685204296 -1.11033011214017 -1.40203983241843 -3.00764178684057 -2.43209455025372 -2.46700526414187 -1.91347038342175 -3.89036196532107 -3.5874416321501 -2.85493907487222
2.51229515647514 1.98268515933337 -9.92735006706428 -0.404127716283405 -1.44385644301967 0.119604129978484 -2.42657354170235 4.75454696761845 -0.958262398311535 1.15212230901763 0.996697559797081 1.31822603386796 3.44422432087902 1.85378531278937 0.382407624577615 0.828813537333188
-2.00425392198338 -0.644255719379989 -4.95749108004879 -0.755203728071246 4.05334692680477 -2.35623723460879 0.858460974065214 4.31734901169598 1.4951151342581 4.88446323070887 2.51174847358091 -2.17806142712495 0.800615698145983 -0.725985613458275 0.317772124472028 0.190213317741128
0.876665940092889 -3.58611895969154 -0.268462222557464 -2.29156371728364 -1.43704982872218 0.37239096017358 3.28573552685475 3.51152985176875 -1.53754281060448 0.490763341313595 0.559665219619047 -4.18622174965155 -4.76453884170693 3.42888665343249 2.93068411778612 -0.208257463298205
-1.34707033889331 1.10649858887263 0.0914131663372917 -0.348701862913157 -1.54075154187693 -1.33175582724964 -3.71593988452756 0.497533211869418 -1.6478686669263 -1.17312539113142 -1.48333483394418 -2.50543232341456 -1.19252400836682 3.34592746062731 -1.15508530517926 -4.23714560331489
-0.0362686543208626 1.80784727209748 3.28897717154603 1.09387378947866 0.997896810315464 -1.03056393966745 -1.8652527073903 1.26613406859787 1.98479409287707 0.339762816280102 2.18565527066489 7.42041759556655 -0.549491290513581 1.8609568846152 1.19889857009059 -1.89742125190767
2.02924744640253 2.47204243242614 -12.915038877741 0.204658731748147 -0.347953721592621 -1.25957798694142 1.17771160160406 2.97455035252015 -1.55850113700383 -0.0327305492271524 3.28503430017395 -1.34192074346363 3.47889358071594 1.53062359736841 0.948946514829473 -1.31466698503504
-1.11515416151806 4.70331285053908 2.49935890444928 -1.82342159434486 0.322968897948135 -0.161679282065246 4.83615159153184 -2.1177050556874 6.54646890978699 1.49180725154634 0.740903670675706 5.02054624995353 -4.66272185115456 -0.620015433901984 0.749579892151863 2.78693461145954
0.0466426938809714 -6.62885717996935 -4.88110329364924 -2.8667082034049 -2.10438657188759 -1.75025267566898 -2.65763308305428 -0.637597786204504 -1.85049177423302 -3.91456314425642 -0.584184551286245 -1.97308049779423 2.49650642280398 -4.74931313175406 2.84116008456169 -2.41491465574665
4.86137911332102 0.0562031079831109 3.20669707227384 5.47173572068157 -1.42849473929684 -2.55555022718171 2.21910387469886 1.25214820810001 -0.524028105664373 -0.501406455497178 -2.15807001987654 9.27272941990452 0.654399322576759 0.409342093264826 -1.95217031553126 5.14275104522316
0.752955259596371 0.938479283090194 0.0407607315854381 3.2963292437586 2.37174451542078 0.397719770183518 0.499134901116919 1.12728001738094 -0.835936200079129 -3.33184806515848 -0.812362396101476 -0.907108274635625 1.45512875168926 -0.918462529940889 -11.1885915508078 -1.59860273178382
-1.9053150644153 3.64834917041518 1.78293054011961 0.885388210375955 -3.00476120022597 -0.61896798189198 -1.39866121510936 2.58792534520753 1.99495645520249 2.10819308378575 2.46917966223579 6.43444063888838 3.37198082945198 1.5620600029249 3.16854862380518 -0.595486144387175
-1.32429683321429 -1.92357286594098 -3.6221979585201 -3.61012049870677 0.0947545213812504 1.80502732025663 -1.53242257254762 5.66700027539093 -1.790136700785 0.666078482786856 -8.42205571193849 -1.40332000450025 1.70500208549887 0.491132575396556 -10.6715609532138 1.28303260500912
1.23468923291718 3.23849545264942 -9.76363318521645 4.24688829267389 -2.9359075592842 -2.14377996580729 -0.223614186016139 4.02196984085891 2.27642942563687 2.15351500501686 1.08835268838026 4.36618665818513 -1.11654718715146 -1.51019511918904 -0.155953700882534 2.23995401091601
3.34049229776364 0.64884192093596 -3.18361744993538 0.955618421922559 1.81196636435235 5.47421787298214 -1.13222069230335 -1.75288062872002 6.56278908333811 2.51428896991684 2.67518602084306 -0.324164436881 2.72793108712576 -5.73701727004895 -14.3619623211528 2.21015052432735
5.56384714434384 3.17120494616585 1.85147498974526 5.6973527662793 2.88934880439664 -0.339562764377184 1.55210301097824 0.981514930110712 -0.760214259069828 3.02482516860495 4.83516326843235 8.14084245918231 1.18163975941976 -0.219777315112811 -1.67856233865677 2.14925654769717
-1.63692140579195 -1.56919841646858 3.55207975867179 2.30958878679793 2.07659272234725 3.74392887395242 -3.0686322651261 -1.82287570510904 4.2493909526259 5.09620506099334 2.35052351134695 -0.524422386062649 1.29221682181113 3.60558861294338 1.21877252901052 1.65958534901718
7.0860110675131 2.81451789721847 0.023625516921145 2.75053808153149 0.970187901431217 -0.501557400346179 2.20051013723732 -1.13715385512939 4.30350880722668 1.31067067529437 -2.33523413765797 -1.5590861013592 3.05197342145353 -1.06590176075246 -1.72850294268107 6.27992215334567
3.2677925763743 3.97963144127422 3.15865047543777 3.50111964974904 5.69515532997773 -1.5765894007113 -3.70159558604352 6.36967447584639 0.591819953757044 -0.769096649309512 5.25208976609767 4.65217319281059 -3.8620258800544 0.750786507881565 -2.55899597532668 3.59557678470519
-0.331111552467789 3.77781211221514 1.04544454864064 0.833565750013921 1.54409740091832 0.87231981017584 -6.1050670840235 -7.13518940695923 4.23603834540867 3.61137401321133 2.15597923588252 -1.16926944119313 5.23321346342126 -1.39246239707793 -2.44289465875467 1.17232759413448
4.02034687524936 -1.30078365661135 1.08914560731094 1.06925447677721 6.55609034281089 -1.5291668407694 -1.96689458427913 4.00548566863232 0.914903046775318 -0.305448582386591 -0.365357684004966 6.49584446883053 -1.94817731480013 1.30133833416424 0.722993312154666 11.2287185455313
-0.417655453063253 1.10645487225319 -5.6969032473045 -2.32612643449118 -1.78351746901441 -1.03491559806395 2.70992533699616 -1.51471453504836 -4.01774699328849 -3.09401221056993 -0.0248925090713354 -4.67575357432333 -2.45571315880933 4.76242697645928 -0.360662320079499 -5.11063713128843
-1.88304281212187 1.62194440171364 -10.3182192842243 2.99769470242192 0.0211206462694843 -1.52106634151479 2.91867954301882 3.80584021796448 3.23479998337603 -0.0739710960758282 0.387038994122176 4.56341468082724 1.09707698775881 0.519987631675007 -0.160149791956359 2.35564935461919
1.30779277067157 2.67771989108743 -14.556977531995 0.0524191400576361 1.95562512117994 1.02454274773313 1.10045756743852 1.63315298020807 1.46364287225493 -2.90147406495658 1.58298104188577 2.24722426193093 2.69009541810716 0.566885980562236 2.03435515028789 -0.700047765497939
0.0991132857043897 0.133274946970538 -3.80510623599348 0.672798119025829 -0.378039552395156 -1.4125488937383 -4.91177541739745 0.704487051826469 1.18763282750612 0.362564881210158 6.15969726963136 4.42876473978517 -3.92450320223393 -0.966184051661478 -12.6412605737459 2.31054927364501
-1.91624209182035 -3.72987928031079 -5.26844255993076 -6.06602591157133 -2.0077901439478 1.55938121103468 -6.77056998740809 -3.43529484470328 0.426705658994796 -3.24738807888531 0.0864190554962581 -0.260826174426902 -1.89171073326611 3.92656014611396 3.71304576590154 -2.36819070859799
3.58519905427227 7.67426270635715 3.76260982720692 1.96564504171181 2.21772895673526 -1.26773571760601 -3.92608229286823 1.03147005934922 -1.05107204599111 1.50963701459551 0.582549185735457 8.16968116509739 3.04749998754691 -1.83487670334288 0.300019556159074 1.70749987758765
2.69779877968439 2.35710154012142 -14.7979276798457 0.532719128394194 0.121957374139888 2.34557924737499 1.81475283590914 3.5974813295182 0.574590047790064 -3.10844919091462 2.05256538835321 0.131131621258031 3.06210283188668 3.03824126142417 -0.128318828735481 0.403701012733464
1.99200260135371 5.15729890618886 -10.8618577198566 8.2535948374566 -0.858800854905982 -0.0607524214535232 2.57767590417382 1.35672760426602 -0.932174741058103 0.216517087254652 1.94869886296599 -4.98027460211138 -2.90351847664828 -3.9829853913092 -10.609362116082 -2.69154343547361
-0.285257564600546 0.440325656278839 -4.60985180607392 0.435188329799055 -4.55852492685018 -0.277448166923439 -0.973044582245177 3.23263813327051 -0.375687822658428 0.481298545235167 -5.40304279499989 -2.08152373127035 -1.65316130300073 -0.713617437091064 -10.7363493554523 -1.3653989615974
-1.45981298936162 -3.25981959778744 -0.721554742380234 -2.51649735337715 -6.11390668666358 -2.43595514086438 -7.55489176247011 -0.705907183981177 -0.704448769145579 -0.274828739114831 -2.34709693384198 -8.3309274109809 -3.30262964397234 4.45150760295321 -3.74048944477229 -1.20904048729506
-4.52479685446196 -2.38303538776506 -4.67507969893718 4.13808006171797 -3.29074977062616 -0.726373281666646 0.317669267439797 0.981934342860352 0.546287320454507 -1.33895339130458 -6.06663496271783 -1.94505397332705 -4.22285238875128 0.00635981235407385 0.0385026834256093 -2.16224248230671
-1.80743718087196 -6.47196752451655 -4.19338000919657 -3.93094931545006 0.56828347963166 -0.591317609212063 -3.45715448899215 -1.32041862004505 1.73557560950893 -0.144455658166656 -1.57711739529095 0.337879308984857 0.869440983916478 4.14886736836814 3.16632023597957 -1.72126565134318
-1.63417134182636 -5.55104083197773 -3.99287106621658 -8.05678012059499 0.979386695262257 -0.408316828027155 1.28016424749614 -1.22887837323825 -2.58412734603819 -2.07223092242655 -2.78659381922996 0.52996936430437 1.49622691781132 -1.5701690788826 -6.00851736035467 -4.58627469200899
1.78806238306547 -1.99620365225145 -2.92394758615993 -1.12485993583955 -0.0332951786193579 -1.28807151569472 0.506123011268064 0.57490852344038 -3.92146978304792 1.21077786723363 -4.73256179649175 -3.78860832290416 4.01954877737907 2.42470920279936 -10.9652497613281 0.769578481882354
-0.238378416021737 -0.0620879330572435 5.34201765146112 -0.479194037046139 0.390132743578876 -1.24673907304847 2.03624056080627 6.89231439837315 1.96914703127271 3.21527086583575 5.14876660495162 2.25277202649471 2.34473628374684 1.63145336394732 -4.78373371035594 2.74515847840858
-0.0303911181535657 5.41141245077444 2.02647412721845 6.69939172102296 2.94423313634933 -1.56072944623775 -5.85489023220923 1.88393532315575 2.07590344182448 1.37807919091026 1.55971914873782 4.22005525986322 3.0731788880471 -1.35885741841802 -0.978609236455744 3.60218931166998
-0.606468710903841 0.613596742197494 -11.4094646438022 -1.24327700125328 -2.19224146236224 1.51645552805783 -3.23260801684558 3.9983346456974 0.609908512127126 -1.91313706918872 1.48512687106325 2.61143168857246 -0.877942591103838 -3.52693942196318 -1.99372461072991 3.31101771083914
-1.43641036758329 -0.696871972221056 -10.5455024942671 2.76021251537129 2.29845388521619 1.32774577049384 -1.26563899304558 4.53988663559106 -0.299190627991493 3.78399784446223 1.58183108610947 -1.37828515365294 0.654058203762394 2.59366184015709 3.22381092452459 5.78513897501503
2.85809304983167 2.75862183673963 3.96225475011559 2.0801095090921 0.366367529927373 0.535953435950958 1.42120277341254 -1.79008948892415 1.34213357039195 3.13929155318177 3.35735157582412 1.72018697370522 4.09075422771998 -1.25067016729523 1.86017106782641 -3.18153433675135
-2.39309710542199 -1.21960310238321 -2.86416609023777 -0.248621687805382 -5.30318650858713 0.63757315011007 -2.91120645797002 -0.970870291710119 -0.590460745696461 -3.81370139160117 -1.00130111438976 -0.791145497757986 -1.97001797672284 0.718693727814866 -1.67759321957725 -6.01453352251338
-0.388275057863732 -4.66874944424443 -1.13074288924679 -1.71045482086347 -3.17833606778046 0.963888259262697 -4.42361407187816 -3.15157673987331 -3.47375004683246 -0.613286878332296 0.740381376321234 -5.08600391842151 -3.01454767116848 -3.87113588434793 -2.18322995082858 -8.07595459850839
-2.71758263470655 -6.08720952146959 -2.5217742318073 -2.05909293025431 1.36365287368247 -0.149754114939748 1.50975980190311 -0.637409912476983 -3.07110196464199 -0.57194152331433 -3.61447440395057 -3.04645339123436 -0.946186950082686 1.31768041264355 -2.67460101980445 -3.10729943494262
-1.98560006251975 3.63863920387306 2.75735369358457 0.593314706606687 -0.58478728619856 -0.354188208038371 0.177960668492546 2.23405625285318 -1.58810152568099 -0.523353196422992 1.24299618231748 2.76032269618251 8.11223077982524 1.73387761132805 2.42459031394342 3.54581519338536
-2.52025070431046 2.09435406237563 -11.1979193185916 4.50990502902623 -1.91331113174221 5.76301053878533 -1.04616072320862 -1.83563867958348 1.7253528173257 2.30284470297772 0.692630632357829 1.80393916522691 0.774413005933097 1.83910736788476 -0.940626049083242 2.63309781520302
-4.99168305672023 1.62584060839467 3.22979834823379 6.06488745703913 -1.96408892348929 0.134931732380172 -1.18588587036353 -0.214607585611495 0.255823067633848 1.68780220865734 -3.33824707635902 -0.984888909004526 -0.0815454095745534 -0.813983391142544 4.63884305000246 11.3683444659275
2.01168099792605 5.05373663721416 4.3642815756541 3.74837610766131 3.03742916461553 0.170320384402869 4.7262086508143 5.7530266241339 -0.254948869366129 1.63793413403315 0.532824924089613 2.04800485695989 3.22968072491853 -0.384763898107638 -1.01613610518471 4.41589551127515
5.78402193568137 -0.944431580878473 1.80809814817452 1.83079819387524 3.58611556574441 2.09663682460011 0.830703189269689 -2.18478942062177 0.947766790683042 3.24471588936539 4.81265484221414 5.29370787123718 4.42002720497073 0.132202196076325 -0.37833789294954 -0.626258385387649
-0.693489106207853 0.612936246502585 -1.64347404171958 -0.608966197723252 1.63262592178551 -0.807844425353263 -1.41477677118399 -1.8083782762757 -1.45252815356212 0.804099019819517 -0.169432973532288 -2.99776790744185 0.244694383441938 1.11370193758311 0.109623659498236 -5.89270752514552
-1.33423754288347 0.285111770171588 -3.3962996394818 -1.55400325409365 -1.23247265213951 -1.40488581908467 3.66710381797139 0.172616122800572 -0.85155282167405 -1.96085331989341 2.00943270588151 -1.87849693828299 0.120306734692069 -0.794469878309975 -1.06053890341987 -2.67987697830577
1.50881148082722 3.04013289555406 5.37370037456898 2.31716768814475 0.480518601942622 0.102732439408678 1.52977033783612 1.86295243886335 -0.213144106982968 1.90628850120121 0.278448283570495 9.520726605349 1.42580716485215 1.77901021586359 0.956054226387045 -3.86561755343325
-1.9597060205929 -2.45264212923819 -6.49752361271309 1.92678688998248 -3.37034396967283 -2.91132431446943 -2.35313209258758 -1.38664218271439 5.37869603796069 -0.910680859558605 1.24724729316112 4.59269374032858 -2.30580244121903 -5.17930508232573 -12.6475075978771 4.03432491524156
1.14832116426057 0.804977418700685 -3.59638678260618 5.08593147041656 3.50895220846628 -2.70340321159274 -3.55227985904966 3.88807407593381 5.75316617928569 -1.41640760655121 -1.3367629689309 -2.41181483337864 1.48924147499149 3.15104385104907 -13.4078610295772 1.5211251353457
4.63188194808736 1.82743017858349 -14.0722241022812 -1.23756764706265 2.15221543312393 -0.733845521117049 1.98971284538916 -0.12905666378371 0.450635722539676 0.975205024005165 -2.4582327221052 3.04701567475853 6.32094180877833 -0.251600420444112 0.594108453257386 -0.0824648586194523
1.40185658460771 -0.917979658546873 -17.66894038808 2.07702095172669 1.25663167749299 0.0713093892519599 0.492875044273796 6.63169618412091 1.85379723640833 6.7869914887842 -1.78631814368 1.89476342718378 -3.4430390544853 0.908624980105795 -1.72362358525395 2.11134567653991
0.0612654782667434 -2.05723842216813 -1.70694465701439 -3.07776098437481 -1.71291261453383 -1.96010746039453 0.965810736579253 -1.05434074736859 -2.78223823265148 -4.15582660407789 -3.60702100866671 -1.94454807644697 -4.28462890469079 0.590353266473557 0.587928519011695 -3.29154253392532
0.0812290696129407 0.585789463467672 4.73059703081586 -0.990478120867239 0.0443096657955333 -1.12804665538763 -1.40848239757081 1.45386443220833 -0.283429151655203 3.54326258992948 4.4402524033918 3.3592022133841 2.02062167341204 -0.535154124934907 -0.188563183436369 7.50753448359328
2.20564012105001 3.14468474064356 -9.34562903528221 0.573845237888787 -3.70690604606627 -3.43873546148739 6.20541082992318 4.12903001039208 1.62851414349976 0.671456457559553 -0.107670100444825 -1.62382029750967 -3.05821263561755 0.808912707101907 -0.684015972961104 1.95698165926962
1.23672104134399 0.388940275589936 -2.76943672628267 1.28142180826413 0.0680270451238502 2.02254292011133 3.0586410653796 3.92961779626387 3.31325501927428 1.87446939446332 -0.806617938876848 -0.433311950621711 -0.355867773151988 -1.87346718964284 -9.46554074268485 -2.83900099194435
-1.73729280231636 2.47499145262971 2.41401559534384 3.75059639309179 -0.441417414323252 -1.21114892257535 -2.72127757094352 0.429865730502966 3.14686430882453 2.41481579630305 -0.339125437869327 4.48975349807046 0.496346190361198 -0.023361003387945 -0.849110084201223 6.60725515612228
1.9946461010292 2.53201812235883 -9.13361602730918 -2.09798696694186 2.56213946077198 1.45268412813609 0.402775998627518 4.73404507241315 -1.68731510395163 0.246172822404247 2.70741558177491 2.61853859259709 1.20049433915195 -0.740852549810044 0.770485777544635 1.35616477160102
-2.08328488984068 1.18713517738767 -3.207559413515 -4.56447631133768 -1.54829305316458 -0.742772286096973 2.21957583977048 0.216736647039196 -4.05018022042734 -1.5252666379498 -1.59748659116738 -5.97362386356268 0.307409168329254 -5.2097603839031 -6.17547490473095 -3.0164946738567
3.92810345829557 4.36929849595377 0.710148546364843 2.7061404892348 -1.35028203452138 0.64449670202668 0.944534541642114 -0.317891388028024 1.04720126066009 1.78816263273498 1.05885674267796 2.14398412646796 3.3979053392616 0.745242728863112 -0.348524631893141 6.39593388237325
0.550881221088774 0.299848354647853 0.622106379273664 -6.00309657698075 -2.79510200204014 0.126814312024791 1.38183420461131 2.716788282332 -1.19743412446961 0.739292780292519 -2.62182584129012 -1.60099500723722 -2.52372363331014 -0.0108472545683688 1.64375739369272 0.407045868450172
3.07511558547583 3.44936105811446 1.12297086142554 3.16765184578807 -3.05515181111888 -0.19077967813027 0.530569812487461 1.30644410821183 -0.893844251882526 4.71274275588276 4.62553305249577 7.50043152140221 0.462582494354538 2.0464808113936 -1.60486460513492 0.153501025488533
2.88079070410634 2.88043760737215 4.86828271976234 4.42145865852956 3.51904387729326 0.801558265616993 0.17439811113425 0.678284380244414 1.58490906363535 3.982966055508 -2.81221036783572 6.68001552364661 4.33838858140637 -2.59790167706655 -2.07602035637771 6.1873110578711
-1.21683503071298 3.7637781770445 7.24320743246637 3.24917776772026 3.91865491234464 1.03159471351869 3.21097527670866 2.21412528868706 -0.743132975695317 4.06696204500016 0.261015474624013 -1.99457944749305 -2.99696060251116 2.64899460481769 2.88920597620071 8.6697901616806
2.16672056679528 1.68811659345577 -1.08122777736687 6.76263756783062 3.20395904417098 0.58136433952933 2.85365949456967 6.22403010040136 -2.19090760233472 2.25224519792454 1.16767394948258 2.99888264989341 1.71737708275929 -2.14383564762552 -14.5516250577501 -1.11259415027643
-1.02869727331892 0.470354513843575 -3.81655407956572 0.425601589846256 0.310609812271573 -3.34029298242914 -3.60760437032747 0.770593405784112 -2.25004274509384 -1.16461284136878 1.61699539982082 -2.42337485172984 -1.60941016029768 -3.7140946820677 -1.61777024979349 -5.14348752901863
0.438911945123783 -0.216470054660407 5.23477095613085 3.02007107226399 4.54084062979493 2.28964239399902 2.02725976907228 -2.64263409289925 -3.30477403364801 4.90438870940296 2.2663568587176 3.0393339265673 1.4795562287585 1.18157742572464 -0.433073921844017 1.0619641736825
1.17971860568438 3.72107740525502 -3.60975788955618 1.22309335332752 -1.06328723469207 -0.497822357714927 -3.8681409456308 1.4804806961895 1.32095634655508 0.127499097024475 0.265856576269255 4.09869740723515 0.351357751999384 4.12405931253781 -10.5231221318621 2.2276143365465
3.62811910844374 -2.46784515643037 1.85004174720893 4.26874252641994 3.9775131763157 -0.12805452986096 4.57700090507434 3.11262419874378 4.18224417300258 2.67623138031482 1.08472354055986 -1.04035021700779 1.05855558186944 -0.675109258724817 2.77699417689023 2.2150075551141
-3.99974931693025 0.596234084319413 -14.9451520485186 -0.666205200741827 -3.41672757207566 0.639938938896256 0.291892558840098 5.96310117449042 0.66046745589535 -1.74853112738622 1.65309895185295 -1.90084465550478 -1.589990802871 2.14332333796047 3.66430116715361 -3.38600415278231
1.83619690500186 -0.090692376160697 -8.10200651628287 -1.91012340302239 -1.08982106893008 4.30948325063606 -1.30665760104245 0.273827719501529 5.64356484347042 2.31379595963679 5.53953289686649 4.6294802594827 -2.99824660635793 0.159608181871068 -12.7264836676239 -2.98443849150598
1.29118938658756 1.39646917906166 -3.86707800147543 2.52094509830363 2.13811257309346 0.7364586882912 1.74516901365387 6.22614625492166 0.332123918100909 -1.46801158134727 2.87172263472059 1.10829073667549 4.15253616782499 -0.515397177697506 -18.38896522892 4.91236829198937
-1.97023641265262 -3.70061156302196 -3.83106790985093 0.0687874477651835 -1.57546445860994 -1.64790973703344 0.903084883386374 -4.22401763306225 0.547377496860449 -1.51691894237779 -2.83856245244069 -4.71993840658174 -0.394173550519475 -0.325401044313512 0.0528934757286509 -3.44989413094597
-1.55506087506741 -1.60983982298785 -3.17239926951355 3.99339570627909 -3.95579503111633 -1.8737040377668 3.67751616622649 0.111486864231315 -2.13713293291488 -4.79691757169247 -2.68811625409508 -5.17748353274366 -0.664793395780227 -1.99102198434457 2.29914991599497 -4.03431491126159
3.28618561472043 -0.252535215145715 -12.8420290452404 -0.223446986851194 0.757800971101838 2.0965119302102 0.22156091581891 5.95371555553039 -1.01820016716018 1.95316936506172 1.76256393225358 -0.576763751098098 0.392619654097581 -0.150053665194044 0.69874889127077 0.63777438520904
-0.620415526899505 -0.161093772499512 1.0538540595154 -1.76785033537 0.595186103350749 -2.43879903807747 5.27822086594749 2.12810523657369 -0.869048089484408 2.27661098331718 0.117290018003563 3.8172781909037 5.45663223192078 1.79284003443787 3.17615955927773 1.50218353441821
-0.875986005299588 0.567762898638652 -4.18353124184592 4.30923131561128 -0.160310146416351 0.404562031217788 -1.99041483886526 9.526800087585 -3.61217809887715 -0.112061803782477 2.44643886863179 -5.67910179493648 3.13074624759701 2.65156201937625 -14.6898518735971 -2.34587411316984
4.43647742131485 4.79841295300845 -4.37712655602065 0.398468215377361 -1.81465358566079 0.952039646844782 0.260683413634436 2.70642594721481 -3.42604447319586 3.02332051376466 2.75315909949377 0.110370171887425 2.54671276290206 2.76575932160943 -17.4477248544854 2.87834949343657
0.702857053353174 4.43074969974499 2.48431305267578 1.64847633900557 1.9261597014429 -0.289339686963653 -0.837454245504427 7.58826991049981 -1.14105748670373 2.75354894407561 -1.22975020943082 4.78974930605045 3.42179448919046 -2.07195923743753 0.64332199090845 7.91505007017209
4.01164350079921 5.57076766423749 6.76728269420398 2.94145924137238 0.456102249746489 -1.31494409499006 -0.861225586365135 -1.01599634214027 1.35000128781214 1.77393613680435 -1.38787287084583 6.6634151639218 0.819681819613575 2.20359620577769 -0.60281129478367 0.876638150530967
-1.8654264572175 -4.4105773979353 -0.344131857824764 0.678280056642224 -0.438941333318048 -1.74022758242332 -0.111338312914216 -3.79857694226797 0.161696572580305 -0.545493396045636 -5.0727581815292 -1.70512477325992 -1.59167058965874 -0.183800176951118 2.49210512366159 -3.14171077265431
0.256404691261092 2.37944563511873 -2.93378127607049 5.27131343562999 2.02903655850268 2.57481650831559 0.748344814610358 1.95339793064924 -4.01986415891697 0.547295973550534 1.42404688102588 -0.619615015330392 -0.0428192431493603 -0.272315755778047 -11.5307883007961 -0.00966133731001251
2.82463914082169 -2.85089274385154 -2.62557096363146 -0.691350145235223 2.38978678842733 5.06676653751786 1.24282178105455 2.58468057340682 2.18570382935997 2.67286859288558 -4.41306245608656 3.02505849445114 0.756401468556535 1.46291724219816 -10.2742056446084 5.8106935739106
-0.643180482756707 2.23307367525113 2.38833453189197 4.15780678055526 6.83412105982725 2.41567128134992 0.100729523766391 4.2730225803291 0.15371138920486 3.84563267018092 -0.514328000894295 4.95998440321124 4.00311759410551 1.42404170782435 -3.091344513945 2.60587284080473
0.175469774399162 -3.36534126146096 -0.708577445148824 -2.242733258763 -1.40100158413093 0.858800415890019 -0.355619616928314 -6.06307967220786 -0.701338578625176 -2.79174845315858 -5.27571052660101 3.34518850208677 -3.76681140369803 5.44666274472175 0.791356607500129 -1.73594630123743
-0.969879205903577 -4.37078441850441 -3.76069991732798 -1.9759762190764 -2.24242126267438 0.349489475758529 -9.85846323304841 -3.36829532921953 -0.680588532020532 -4.32335889322113 3.05979585666374 -8.47955895361711 1.91650688499154 -1.99329790456589 0.485496754198235 -3.97543956344762
2.35138395364633 -1.14700326208448 4.12303601654213 3.03390101991208 1.99584624056496 -0.279536742054027 1.29211065384045 7.68256572580514 0.0567521951439343 1.76068521201768 3.37962325530497 7.67316574827129 5.37884960483178 3.94914592729428 2.71935219503752 3.06957454744454
-4.31077093138589 2.00520680544557 -2.4162812614212 -3.25800239389904 -5.42013871204797 -0.918860496707855 -1.03062948796662 1.00703287827732 -0.243248581212389 -2.53968521446201 1.64493268134292 1.88882878305834 1.75968190348101 -0.212155674344076 -0.345866001670365 -1.02003786795855
-0.918088056121478 0.563818272823004 4.58896421915439 0.30651922691921 5.42461338004287 0.53845483330797 1.47034094897705 3.48119108407439 -0.0094874897422419 4.9648606762086 1.385376559431 3.36872891186031 -0.0690180246866097 0.407786036871482 -1.62701389479442 6.6972403520004
4.42010722762613 0.898638612584622 3.08468347224106 2.16384193937783 -1.35473351114117 1.60981535160296 4.90089044646868 -3.64703532212601 1.20597849232824 2.33144293167725 3.58278180933986 0.0682221789024897 3.22186365582415 0.386209911695593 1.2870089203987 -2.91782854370964
-3.99899369328085 -0.12294397829365 4.42640027014032 4.39602093903206 -1.93972520868129 -2.28542740561825 -0.739352590676531 3.45491473456222 -0.0575055074006099 4.53813182662658 2.88645918665205 -0.0870412673277401 2.02320964128888 -1.40282805236747 3.03978417549004 3.87710349435697
2.18800721551842 0.418471834882773 -3.75666694651108 2.94935009401612 0.775398035253184 -2.17728800130353 -0.895893824834035 2.49176434724766 -1.12378062815298 -3.41009691706281 -0.152313711400186 4.80153228223949 1.41947193551115 -2.71909554258219 -12.1134769434833 2.03284086354777
3.34407499690393 1.16676564862118 2.77268478480963 1.25380340823688 -0.00616350085256601 2.99661368143274 2.68623145834631 -2.79635396869385 3.75693669908688 3.00082288631554 0.565823754216417 -1.98560680608208 1.7727036016758 3.18178441559345 1.65168347539778 0.531115932423652
-0.874763599766374 0.205408802267132 -3.31375541179573 -1.05193914216415 -4.3810923282635 -1.39019935791283 -4.89347008830339 -3.13690236787894 -1.42521790889131 -0.278125927677018 -4.5273775497603 -5.93602251462547 -2.48676169430998 -1.55772444820782 0.76488079620821 -1.98370922439867
-1.42190232081079 0.0483732971430166 -11.3905391530196 -2.23337433292814 5.36009123198742 -1.77964390899797 0.291325551905347 1.11124133407591 2.35361225544159 6.51506213547018 0.837284295298 1.95369198829395 6.05348002747336 0.944243700654274 3.96178569927042 5.19689516294837
-4.80003283954571 1.03304171427682 -10.7496865133842 2.34616611912647 2.77380573809178 3.03636259253187 -0.450291230089625 5.49701002663954 2.34235142522755 -0.0137480538065684 0.550073337933075 0.63267234816746 6.30985073163571 1.1654763720383 -1.01765844404597 0.994144602850213
-2.43754772912876 1.48080931371483 1.4700353509089 3.34869973323288 2.8893500677981 3.85968743907332 -0.163406800455885 0.00909984201430025 5.69776780105466 4.1732290161391 -1.00805335431856 -1.50734966216136 4.77873503709146 3.40745892274124 0.161883189628598 6.62441039261063
-2.34837386519705 -1.66154732332852 -4.92059101826303 -4.24180707227432 -0.889699334075072 0.409175934524232 -1.31433675060653 -1.31693451866932 -3.1252437567102 -1.75124245381544 -5.47562165418763 -5.34635312426065 -0.270858363758331 -2.51780174553114 0.384445855227659 -0.887172001864857
-4.90753451223099 5.13356341906323 2.03186977187187 4.10074820923458 4.50377145363461 -0.164162680357424 6.02247179007988 6.88682544591645 0.790588203439258 1.90113739022478 3.04456847782435 2.7086018762254 3.83321245328653 0.12407405818405 1.97584821239893 6.8014592449809
-2.52630188937725 0.235046464644123 -16.0734408763906 -2.38859141023368 -4.55462768032141 1.50604499390605 2.22737796304671 5.42721079338266 -0.263908548332125 -2.07654517751576 -1.24320645019518 -1.83365101966483 1.43360845289739 -0.818537753079569 -1.03888546991126 -1.84292676961694
0.453410843889839 2.1934942747872 -4.15540239730712 -3.58693176787762 -2.0532051467909 -2.17598517467393 0.705521955284154 2.84001584019575 -2.88980757444772 -1.13764482001944 -0.396928944846884 -0.490346743599076 3.68705310120456 -0.559289829497132 -13.8685740233245 3.45134372858195
-2.37303133541828 6.65074272595929 2.7091411711334 4.92729760249377 3.2528899343542 -0.594946219831742 2.62118798394441 5.6193174098673 2.01378583928534 2.58735716159252 1.54116305546921 -3.16023567524605 9.09887814571117 0.0213625229417856 -2.61458105350665 5.34851518269442
0.369237667172281 -2.10125136573043 -2.13721524809807 -2.58566808705685 -0.087839185637572 -1.70027868290527 -3.91089859493259 3.4380008894716 -1.37639896856046 -2.82448565686406 -1.37415596891154 -3.50970148838554 1.12027266269966 -0.00540203851429927 -1.13745406632477 -0.591757618074297
3.82975891753794 2.04356514818991 -14.215241771276 -1.24449691533774 0.756566875461372 0.559794812150929 0.0253357011684154 2.89711221260042 3.06381979129772 7.55895604471188 0.3758240333232 -1.25477584341336 1.04831531252351 -0.254093504685073 -2.74579797444451 2.04903137986891
2.31737479448883 1.81210824107785 -2.66495387040978 7.93681015881748 0.132319399787724 1.91364893455465 -0.251178155579212 2.99696742279939 -3.15985947907342 2.48133656386979 3.74523446083904 -3.68528960533078 -0.040736298770743 -2.2172793412505 -12.9149173284544 -4.19889575556466
3.3776099105081 -1.33759762922093 -3.88943613845227 -1.20237506152717 -1.1586836229349 -0.832714636652296 0.534146408628772 -1.63441326189531 4.6063470808893 1.63897209177723 0.132218394754003 3.2774370485393 1.84115155381151 -5.05696388695511 -11.006759501727 -0.413641817455172
-2.43428035765578 -4.7480458583964 -4.21566792338299 1.04223237130125 -1.31678953598919 -0.557972076065936 0.856762104390768 -1.26086685473586 -1.46528286265179 -6.20201684409795 -1.75980994590964 -1.66554910646729 -1.2372779871886 -1.30800629991867 2.21649863912472 -3.24165544274012
-0.242618408939446 -3.38636441671863 -3.30510970515957 -5.69598325349357 -0.301779388013508 0.0928271300608031 -3.10144583553425 0.876876090771332 -2.49821543900003 -3.35625925292841 -3.12126356456503 0.477491148993766 0.954396018610971 6.14860069515887 -1.65396403499582 -5.54017598066249
3.59181180815466 3.99390048824557 0.548104040486611 3.93420534433804 1.60768380789305 0.372273476429863 2.81964591035435 1.03594517440312 2.88695350620667 -2.73436852093875 -4.41415816066172 4.73019639204152 1.11726614918593 0.460019351853941 -1.82518960915544 3.79377772550745
-3.78146440666359 6.21762774847809 1.77469260001269 3.68800638519428 -3.75983208731509 1.96748874774214 0.911371687265149 0.85840547701332 -0.015497126257767 2.03483202196472 -2.73143708616924 2.28809642073966 1.77167817645915 2.10635525711817 3.94643768652187 1.87343396192393
-3.29829202293937 4.80707000854749 3.8710673769512 2.8739281840724 -2.16367420755423 0.804131801234093 -1.16502635094307 9.39249862458976 5.45877764579449 0.815137237740909 0.241151854468301 2.66854410581834 3.30542709854208 2.97703833047141 1.52046004773139 6.08976115905879
6.47083689548348 0.00584271618644872 0.705705894237106 -0.611535478128526 -2.4213627027151 -0.304421015262901 3.25750132480776 3.15549942538321 1.03646213577376 1.65327929646767 4.44855480447663 3.21312832342711 4.97012490610147 2.24545928990216 2.47097638384632 -0.0646416110341845
-0.30607488511748 0.653992573039621 4.04178849200474 4.87411049512889 -1.62217143406305 1.42347379400775 -2.34523324038998 -3.20473148411914 -1.13424188264387 4.58414413309469 -3.10371675578951 7.75560707133742 -1.39663045237387 -0.463361535358768 -3.69195830460288 -1.79315329109644
-1.55414220744975 0.42230617659107 -4.2071479440683 -1.3610593367083 -2.27761140912139 -0.950216101739452 2.05178924341737 -1.95624837021166 -0.418732203794714 -3.28927985599699 5.28988906855033 -2.33977311907706 -4.00825675731347 -0.145962376234298 -0.445975645644362 -3.09327305609388
2.19200668316821 0.323999450909065 1.43275056598923 -0.748220360552735 0.547200931329106 0.591934596204622 2.50325339990906 1.30867649096821 1.93476228347101 3.04150061266101 2.15387791468484 3.25864514352808 4.76075841406034 -0.478564738522628 6.48275225368049 -1.81987069555999
-2.16092564078197 0.101073805266909 -15.6768070510354 4.01205325822553 1.75208190451234 -3.51913791797176 -2.10600045738022 9.46707081469978 1.81846686205223 1.18422718318022 1.61016990394932 2.58921604662891 3.42941600875801 0.570456039776064 0.138547789206591 -0.297922944648931
1.1065252271578 3.48775845142437 -2.88549098329395 0.696749674560434 -3.71789992860819 2.88674181735492 0.516852807717179 3.44671469860454 -3.25337723534523 -0.247155787202059 -3.90094053982716 5.40289236921541 0.657428142352593 -2.06667652084824 -11.115261963393 -3.77265907008544
2.54553657239502 2.58436455013051 -14.0725686749567 -0.0603858611689694 1.90904895010662 3.20288019642104 -2.55954011692011 6.97519905047205 1.01166792949194 3.90455001012584 1.17120482027578 -0.540808974504369 0.111700475282685 2.7532646563657 -0.405330667269259 4.10403665904329
-1.38050534141607 -3.48780258997225 -5.56928420124887 -1.64530611367998 -5.0268471655724 -2.7554259624029 -1.98098268722226 -1.76935157402748 0.0210732486806584 -0.171918206150206 -0.0462239323272871 -3.71333287218356 -3.52028517651408 1.13689226250534 1.13725251452809 2.29175304686401
-1.60974707958083 -6.58164313731175 -3.41861595314744 -4.99506673293864 -0.506519412627564 -1.01990972816347 -0.718471873218274 -1.89460764125751 -1.63974647055907 -3.90423356156637 -1.93098155367592 -3.65663140217245 -1.76281372870655 1.33156584910935 -2.20851572302567 1.11132211651062
0.944319064607333 1.37596357559917 -10.5566758005459 1.51689511599342 5.55209894019627 3.07880231971635 1.72023188281217 5.2662618885498 2.89352387372929 -1.83950929046248 0.278689238571173 1.61923180478459 -1.28986969749793 1.22164629862454 -1.57181741601686 3.12572663140089
7.34078788552713 2.51591135903366 0.781859543929209 1.47015566478269 4.33801150720313 2.92378038090029 1.74229424602308 -2.18260961275371 0.579639425075695 0.662428341488143 -5.27650944779782 3.14297450260574 2.00906624671457 -3.58165135259668 0.956646415575072 1.74120424854327
-2.11707811516388 0.969715191933405 -5.95173495847588 -0.47517974484708 2.92234637927929 2.73569978197253 -1.62306689007204 7.34451523792603 3.8773831147187 1.39525620095252 0.721297815520172 0.453354315858477 1.67121637206671 0.12394434742552 -12.587707175275 -2.62323154667929
-1.17664118048901 1.72234582867127 -12.326012520842 4.48858081786817 -0.941118184823797 -0.432412619318315 -2.41292762588315 4.76591603413123 0.963692597246168 -3.47966134929066 1.92016273717736 2.58384445916326 -1.57901623771792 0.728649683500141 3.23576115767186 -1.15094006785136
1.33252173693858 1.87283238823902 -13.1890550541946 1.60515610648417 -2.95065067663762 1.84674685281498 1.23741889196986 7.76841253310823 3.4152525188151 -1.55287900976356 -0.659461379539971 3.01953959171764 3.10773617082943 0.771799010827751 -0.206384218933202 1.66183373182398
-3.91085477937026 1.55542112066871 -13.0668151308799 2.40833412201852 2.78928826983535 7.63909064530837 4.16844505928531 2.43746517549184 1.40675527509014 -0.0222393033505521 3.2302798460744 2.75879606945814 4.61101086312298 0.714611269320765 1.63592669351065 1.02132245013609
-2.23827235303696 3.6653989041079 2.51699170218664 1.39531419831481 4.69701877381313 -0.480860055357167 -1.49215244517038 6.61506578725187 3.6335477283416 1.24756464450591 -3.53896075725681 4.11058609450603 1.41751094628285 2.21409051968313 -0.0229380873482151 3.94393005887692
-2.78218328352797 -1.95147872122222 -4.48751418820707 1.66582965094009 -2.14268459266551 -2.86553267460456 1.53862088116981 1.07865648375202 -2.1099146846764 0.782767288829653 1.46333526579354 2.60052456520459 -0.986748291630547 2.91309050718759 -9.05243426411475 5.83240472179756
2.07478978738594 1.3230690334364 -2.60974684606475 -0.935146841870744 0.204146034686826 1.43550103675504 3.33498252937098 -0.54367933650062 4.06331578743419 -0.303052036142394 0.422709765785683 -0.496646255812371 1.76780743063702 -1.85450812664251 -12.1668288324078 4.21094688914084
-0.66193287501038 3.52426403260612 4.75590213907935 5.35491427352198 4.96306231727426 1.26530582924044 -0.548263558619684 5.9602622576563 -0.717934260428741 0.297395341501195 -2.49459030870764 6.85412859848461 4.66864489623444 -0.972866593741874 2.51501773282601 8.64492510041486
-0.683074659369632 -3.38594738924866 -4.11291696851342 -5.97419815880913 -3.27876529915411 -0.953517248228899 1.1713558144941 -2.5599739583075 -0.983379109199892 2.86463008267983 -0.274886449522729 0.190589423777618 -3.02676388623728 -1.22345065921884 -5.43817241689603 -6.06055371570663
-0.151190019910915 -1.37263789099806 -1.7938063610922 -0.0766639863181786 -0.803970767571621 -0.380850300590459 2.42560402970596 -1.28145074182 -1.57486926871545 -1.70706668398228 0.138404541941889 -2.26574974326644 -0.45075358484777 0.803968758877432 1.66314641450009 -4.83886332736498
-1.19663373888562 2.1335698573808 -3.60261950380571 2.17599178609585 -1.28741949692335 3.21546675867867 0.0756531372160467 0.957847221901035 0.151423261989539 0.825353642763051 5.4847019015094 -2.63876498842712 0.667247493911681 -2.26343796466306 -12.3583530732593 5.02768447790101
1.50403034843254 2.82073502909294 5.47275366837508 -3.65626204989798 4.89092205699864 3.24723193827343 0.811940764073302 -3.39998479921759 2.32368447485998 3.44608275840632 2.67436081375682 -3.24758114931878 0.499813890837209 -1.85830493131595 -0.101608078182377 5.71970940734157
-0.534712075743808 -0.348025565045533 -7.79438174434182 -0.307759981396478 -6.61428767376305 -5.69325400667817 1.84509228671073 6.72140112391109 -0.300636445269703 -1.08532021916811 1.40087498014004 2.43501248782162 1.73335927224462 1.38514310321509 2.08772845481104 0.723377231138184
0.326920258150305 -2.29833268448952 -3.32664501266375 -3.82408937328965 -1.20380412859149 -2.16723123676098 -0.22630838714913 -3.21881888679099 -0.0889796489399355 -2.99482906442452 0.190801717745486 -3.67032611805327 -3.12159863127633 1.91339962236466 -0.876007284187463 -1.45963679420193
-2.30184584691608 -1.53196455138528 -2.71578805784941 0.490093130316099 0.122817045507484 2.98091863937684 7.16948277487972 -1.62316660660405 -1.66886598118798 -0.715099640033888 0.915403805036243 -4.89711652878026 0.467738961819442 0.905365801541025 -0.3929892403507 5.25571797036007
5.52424463208643 0.140227950706437 1.68015478533846 9.12720165566955 1.86183339633581 0.992106110756626 -0.595514588634119 7.66485728682812 -0.729199766252784 2.0180684594841 -0.151001849368823 2.18992757436845 6.37129664214814 -0.609360207453762 3.73636006997609 0.69826904734754
6.22814260072937 1.12454611729794 -13.18150743036 -0.28199094183778 2.39262236019799 3.98608657752662 -3.16506507209417 5.18697573497418 -2.58378805268262 -3.5387743107508 1.89575822681142 -0.383829345755528 -1.62680669750413 0.779624972302966 0.350262654445475 0.734225114250098
1.13646718272417 -2.36002104554864 0.762399036202475 2.18575933424784 -1.26546746248149 1.47382410286789 0.123171942211836 -0.52522825541779 0.348881506036907 0.591231441152916 0.999254956421511 -1.62225533951012 1.25941544930931 1.40772890883294 -2.42974538735178 -1.39771230387037
0.208206350557997 1.9571965491402 4.98738540914471 1.09923377707745 -0.302025156935307 3.63120806095173 3.15762057599314 5.31282800945196 1.08210031611179 0.382274734286179 -1.33469656293486 0.535613639989998 -0.569025185228671 0.155042528564357 0.663961999280154 5.2126733299366
3.28817858808178 0.665643409153386 2.36365891284339 1.4289338164886 4.97771050094205 0.897432233504199 3.27857179907322 -5.27296578819684 2.84563762811932 5.47807252367807 1.78962749887828 0.673059810576774 -0.610406682414217 1.86763843829676 -1.35900519616918 9.8280749895412
3.34843136343595 2.20091161124907 1.55566114361138 0.876254882786526 3.09641780835246 -1.25598275669457 -3.71263870701821 0.0884969262792803 0.360607017678978 3.67237694573805 4.12478880739953 2.71933966407872 4.1644975957965 -2.24009638270108 -1.72764569812678 -1.8838054806996
-2.04385401891046 2.63290408169541 0.807114801480726 3.81433925302776 3.27406728425407 -0.396242981021737 -0.547761858705126 -0.117150578190131 2.62666162267608 0.322396038762462 -0.414817067004317 5.65289888752218 -0.135425301386302 3.00590967929122 -1.55769306082671 3.34408988210233
1.74938205598311 -3.28869804592446 -8.26757141261943 -5.26430614658099 -0.225414434460066 -1.13288403036152 -1.34946666116141 -1.61205745593394 0.0114125713006916 -1.69368988296688 -2.37758049202375 1.62552893874863 1.83249068989878 6.66686684758596 -14.1222309835812 3.47864278065576
-1.73544322401932 -5.07091680915069 -5.83587137120371 -0.631095910824626 1.56538280149687 -1.79602633715418 -1.58669122757311 -2.51528808889084 -2.67158118462082 0.0622031596668791 0.398090403201965 -2.2519651897051 -5.67708111388872 -2.24876193281522 2.56805564107204 -2.12193963621955
1.51905526118134 4.55016987467816 3.81192319874383 4.61013497126 4.18939198870704 -1.44274406088015 4.56510412255718 5.56713064097479 1.83409749104707 0.704845383348738 0.530100210453211 3.35371492173357 3.2639738092954 3.95866469030946 1.12534134286655 3.58166848264969
-3.27224005639841 -5.87865142892284 -2.99437458155357 -5.72022391146898 -4.87241421209498 -1.95614168764419 -3.6621717438964 -1.93691749966639 -2.42771647723393 -1.65513301851809 -2.74475432961161 -3.72084785132111 -1.25701986623491 -0.0404216317102662 0.828717361044906 -3.03422666213242
1.07309012469908 0.57574012971104 -9.92240215238823 0.908127935255217 5.06533154613852 0.791398631841333 -0.609005580416563 3.48508689313418 -0.946683844897329 2.52609358290779 0.971927906187535 0.172004884167662 1.56364869042296 -0.061616147343782 0.0479976456580994 0.904248011975903
-2.80009290466174 -2.0991155264861 -0.140465904955046 -2.68505971797113 1.52612997214025 0.0704170744516985 0.0633918237696733 2.2717278206512 -1.32945625668958 -6.03882652293157 -1.97167361349152 -0.451934920439449 -0.320703334581572 5.33931308632772 -2.87105711389944 -1.91775549891726
4.25873140831232 -0.870380179062619 -14.2273844433941 2.46087306297861 -2.94723191267311 0.124700610382502 -4.92230415256986 3.53053329583699 1.29607485726553 3.28199776632068 0.23647327294225 -1.58613240699314 4.26037582815246 -1.9952253302693 -0.35810675308146 1.97727690844884
0.488227849853322 -4.50408879299627 -4.23442403940433 -0.640132047953231 0.315045608072242 0.184105450979629 -1.56822423902717 -2.17632324629951 1.55206747596097 -4.90798678069669 -2.08099691973388 -3.12473695771144 0.0487285421381072 4.57747090755741 -1.22530524649044 -3.57938753551258
-3.36420052206548 3.41834126580167 -12.8621727054899 1.93881152779286 2.01428877321056 -1.9280498054121 -0.82779850105427 3.08275139346144 2.35720659890131 2.8712008287573 1.50249448674445 2.89049433320078 2.13636581588769 3.77018981925585 2.80910826521597 2.58541237531318
0.322378921608447 -0.757420253700083 -3.04792681652953 -6.14520737086503 1.88940122189392 -0.65362632609923 -1.9077363836285 -1.1842380608476 -2.7135398244788 -4.23334042324958 1.25999014645143 -0.258777903858137 -2.91817036112687 0.0746287617456898 -3.67017065905085 1.01829975780459
-0.622136012971974 -2.53393766377903 -1.55291980279608 -1.29169159742699 2.40269159512883 1.59085678581699 2.32971020206607 -2.22924181077446 -1.74883204310924 -3.33848152012858 -3.97939924678325 -4.35141783360773 -4.04206238278 -1.84859937103021 0.324312514252545 0.595821226886932
1.12366886849987 0.32163417782319 -13.3870330325365 -0.867152839187722 0.0394900663887845 0.912361334957101 0.55102172311438 2.47892289734635 0.0823623360140627 1.08320035263958 -0.0863883919470293 7.05165922019694 0.97355942163485 4.95860181104919 1.424273949535 1.57545858178721
-2.20831897815927 -1.7370642481323 3.91379011826802 0.982884296125826 3.90771242353028 -1.4093084342109 -2.83331163998091 2.75982899729333 1.13852388332435 2.4560606426805 -2.03031625376857 4.09406806432672 1.76751122334101 -5.21291733440728 0.752678801547305 -0.554853268380224
-0.200545555670164 6.14038134991911 3.01173992409809 2.61584081386526 4.16202665300376 1.93875306052336 1.49860652488131 3.75759033414716 2.01493882793283 4.40141469537431 4.28448432398318 1.45242406818573 -1.30513109543962 0.819163247283868 -3.96121221228335 1.69352845136269
-5.97768697106588 0.738296777740941 -11.4496896841804 1.29734647508743 0.0122843931107149 2.64233768617792 3.12058682114446 4.22551195573728 3.60087584022547 5.20708648298986 -0.980603325093261 -0.304364744913909 -2.08314828656818 0.856370449384305 0.375168150144866 2.68291869496028
-1.86303782512471 0.174831283902539 3.52584714291479 10.4824792101623 -0.352485788028416 0.871359676400248 -1.27500525695233 4.68397107173727 3.36442562357028 0.876257774353662 -3.88561813039366 5.98914912832886 6.6824796866928 3.79859936698161 0.22016423549822 0.43987729637476
2.17076201830622 2.87679147132696 4.00272404389433 1.50493690309079 2.75303507860349 0.980280405136254 -2.19592800128029 -4.01417278379125 1.05033789379746 -0.744763444338499 0.870140910788983 6.08284136874423 -0.0522902385626061 1.39810955777048 -2.52068382986631 2.69612957987787
-0.505878016896758 5.80813103376064 4.55006590477953 4.00792616084036 4.98516171717398 1.76062065644356 -1.44512842108444 -0.656167980852967 1.31541096559883 3.50762910446014 1.74187132444968 5.1473093133349 1.11989738481168 8.21337553249791 1.71136814116556 1.60062962280319
-2.90200911999121 -2.59345368282929 -2.33443910856862 -5.66810856375866 -4.63233929630668 3.54981946606209 -1.31649549955351 -0.279042406192715 -3.42733630039283 -0.687751646610248 -2.4097433174546 -1.07948877557471 3.28629428399607 -0.394060385814191 -0.272355002829842 -0.119277591510646
0.862065692542588 -1.86655063716422 -3.70338808509894 -5.96846884079494 -2.10399007071978 -0.46512584117423 -1.75284259391122 -2.04305033992097 -2.92311952018793 -0.466995341047927 0.627522575686206 -2.64467469554808 0.0475124222570051 1.58670838986088 -0.187327095472539 -2.70844419286804
1.82579609361121 5.88096554255144 1.22035335933011 1.27661226302816 1.70903032807905 0.216201538898173 4.47679787291538 1.39761848816372 -0.511755123415951 2.02866959857452 -1.30222989944074 4.246027202233 0.430210598992905 2.13279094274661 1.02955917027639 1.97516487485653
-0.0882958591192561 -0.895039225821068 -3.65229728216755 -0.15304440943305 2.52456069850421 2.786798619811 -6.52755729012284 0.172404155652429 2.87006234679742 0.837743781128236 5.0572013523227 0.871799582783509 -1.56173541464121 -0.961493871852751 -10.7465090401482 1.10729562611548
-0.628265587837804 0.48182311823632 1.48169376346942 2.66171404886149 5.56160395976318 2.8457283885382 -1.5606447786981 2.77433139009601 0.44919647735466 4.38290643966733 5.13676834383081 3.11515315966746 1.6109416793129 3.85211713246297 -4.06302029426234 1.02951407360519
0.34638421221016 -0.71072257151605 -3.92347605526821 3.38931818334658 -1.61957186626475 -1.28794176310593 -0.287723503494687 5.52271708131005 -3.67715974428284 -1.11586577879386 1.39318592253282 3.73052319680992 -0.138551456012869 0.299194919400658 -9.82865578830422 6.84676143233573
-5.39264209685353 1.96074499767548 3.67744700174735 5.86655116209109 -0.714850297863277 -1.4945024197581 4.48320508273714 6.81165233430516 0.761433321711476 1.03837820918439 5.27067480668 3.37620303882529 -3.3688854637192 0.149061394539837 1.82523018712734 5.13284950190046
2.5640603521687 2.80754866747961 -4.24429874290079 -1.82054364438034 -0.810069860006357 2.27013230982863 0.884971668512933 2.03211321422684 2.29050999343952 1.14720348230182 -7.23685348156936 1.22087237457849 -0.0486681294213708 4.18807039584098 -10.4884649391762 4.91146936665403
-1.52901101888531 0.324158747273794 -3.23584094833457 -2.07899160381732 -1.84275770220184 1.80955142271419 4.60453450218698 -4.34630500825613 -0.90307113198706 -1.12688462437974 -1.08607009158677 -2.96850694724736 -0.209857584867019 -5.09404231295727 -1.19947981703866 -1.9190982001919
-4.63281840229262 -2.22919809148638 2.19908812064441 2.97334372370269 9.1279490352593 1.22523676862337 4.36680839654332 2.35862400597799 1.64998699063882 4.43250163209244 -0.0665014846799576 2.77468126933364 1.08685542679377 1.88481031515337 -1.44461899372014 8.11844178963998
2.34261249965039 -0.738881239129417 -10.9083299012896 5.8992956903062 -4.68986943575349 -2.16301953728327 -0.31094300953801 3.1286878706086 2.68400808256372 3.4413853941589 0.61992042042415 3.72960700962919 1.56897094419229 3.16828867822597 0.853348906824129 2.20578640589689
4.76829705192846 -0.897438652462321 4.99145499986108 0.643961387494162 3.15711178669611 -1.40293678803982 0.682593200591675 5.05552729015077 6.97340601908787 3.38874485225921 -1.30760968541967 3.18626783956662 -1.25086027945523 4.07340159662985 3.34077364565714 -2.46357244493818
1.18512779059715 1.20794636925852 -5.2333077462257 0.966126187361476 0.667127880120671 2.59197389103553 1.49456251698433 4.69079812602077 -1.18901522291813 1.65520220214829 -0.0170608701435635 -1.52061946599573 4.69966498661137 0.553491643755595 -9.71058571359815 1.29185707544854
0.245114129739642 4.02733422052987 1.67148544426755 0.343387618704458 2.83933262880353 -0.161918808886745 2.59201640968167 -1.2777558147212 2.40395360249548 1.57823273012794 -1.71307858336741 2.31833053715797 -1.90135585954436 2.63349375745875 0.967709648233143 7.70654655158851
-1.88174453993438 2.34628107929768 -9.8828384082918 3.61167888557821 -1.52288295628362 2.37266800018998 -1.32973168649686 2.97336217492678 -2.11605171402169 -0.60101223316739 -1.57089755372207 5.39985902006161 3.57298986749967 -0.248906655357506 -0.263802547027448 1.79170898331652
1.46121568406594 1.88578264546018 -3.72964681254828 -3.6090824568415 0.753054515777149 1.9246255704532 2.30118051475949 4.32875639684298 -0.144357584391412 1.20893485578927 1.62928825851632 7.19806925302822 0.370430919996101 2.33437902160524 -9.14224236610989 -2.17044200721829
-1.81141318178454 -0.926338841637708 -0.0708218234874072 0.182021531876517 -4.48263063722712 -0.00326986978900279 4.41101169825725 -0.822038624925602 -0.952232348510023 2.80987098389948 0.722850308048894 0.274480720754427 -2.06147424737849 2.39740975946366 0.340856418995232 -4.084311947556
-0.151319115230534 5.301520613891 -3.33041929177392 -1.48659210532054 0.849703267079723 -2.15074254552373 -0.0112323415560453 6.3573577075434 -4.68100504025676 0.0907107365008191 5.38918089759359 -2.27994767559229 0.00290301169911372 -2.80248988558694 -7.7608846027077 -1.00105766451372
2.36084180232749 0.656001227177967 -3.86832570557904 -3.64302409699973 -0.313234174980054 -2.01684095113515 1.75736461812897 1.60714037364216 8.33586296153699 1.39184741916943 -4.42266331138476 -2.08962642749257 0.541257372864884 0.549012437509461 -13.0905049031084 -1.17339315528291
4.18052695135452 -5.94226202384579 2.41709964862031 1.07820784358574 -1.14276892226939 2.20426662138036 -2.38292912247084 1.15441225860075 3.07804288213963 1.6226780749079 -0.454383993271097 4.91688545143682 2.95925765202019 1.60223839932527 2.21427023448302 4.37359672628251
4.72409150681111 1.18110062158157 6.48205071337746 4.72773667846496 -2.32675689220723 0.896553809746153 -2.66412323279383 3.82965007324647 -0.437828266090785 1.0182001905927 0.329870389686269 2.40678808637403 1.7212424727148 0.372962832558806 1.51471263609208 5.61459098829742
-0.668908187130728 -1.36527887515475 -0.129934331668814 -2.41703084366105 -3.10053950661612 -2.33512313682136 -2.74011636920253 0.427029972359769 -2.29537281961296 0.215778815019675 -0.95348987739152 -1.93624708900492 -0.331109942243656 -0.612403080192927 4.79118565810418 -3.41356220034028
0.354940965916942 -2.20826995903753 1.73662933599132 2.62169410690673 1.78954697612674 -0.0247302290462024 -5.83530065755833 0.997143164378106 2.10504638581615 1.12289158549958 -2.4468072043441 6.22262914106004 1.78217743929614 -3.60040419505082 -0.725076236369368 0.787455192886278
0.113954149047677 -0.797304321379105 -5.5716182715487 5.11851193462042 3.92352542985386 -2.39220087711632 -3.21465274342188 0.781595155722556 -4.25367665707796 1.06750383609245 2.83713323532529 4.28357690588886 0.212225518707207 0.706547426305765 -13.9380976743948 -2.20206612584158
3.37600682546053 4.0971178079516 4.61924190481344 2.10612868479811 0.840507574697463 0.389452888008958 -0.111717255698676 2.04387511292732 3.01628450066018 4.67142467298614 0.0246187974402323 -0.812195412837685 4.9248431286625 1.60064660943591 -0.922418117734529 1.54605511888864
7.93860228255141 4.98830933433559 3.32364661729042 -1.12666632812331 -0.206168069579762 -2.18957848294023 -2.04631184612978 -0.0409458143381884 3.07388444814744 3.17829919180902 5.50393646678843 3.71731632489046 -0.632479088727483 -1.99884746894756 0.194064222314486 5.69249489434291
-1.00727919903086 1.22237560047366 -1.23324946037981 0.154430182493462 0.957348404759962 1.07745755209971 3.35897485350236 1.30812086864186 3.76850638007561 0.668615483252329 -4.14709310290119 -4.55274685575211 -2.84424437953001 0.186322640753751 -11.7259168666722 -0.824590001660251
-4.12936906795589 -4.06219011614197 -2.86066671949839 -0.24802163691068 -1.67918449333068 -3.74917122205273 -5.54045949528578 -4.57694966504284 -1.62024032423041 0.704240386633176 -4.45215015843797 -1.94975934947566 -2.78051372551414 -4.3399864727981 -3.45824044549272 -1.60231953498834
5.6239402707539 0.232339243547416 4.02916833781589 5.9399879383836 5.70539698543782 2.92320884876999 0.394982300781961 6.9822194998405 3.09241312309699 1.31225212496024 3.47747412152631 2.35087291863386 3.25884622270193 -0.850306024501799 3.8115343696134 3.4407581640192
1.89650376773059 -2.24357683705226 -4.70638058433158 -0.718905750584027 3.42057573053393 3.36753019238031 1.7140688889232 6.61604017453716 -3.77353995207057 2.1021751893192 6.6299001812323 1.80157424786083 -0.329227245931365 -1.40555922433783 -15.0866382196249 1.62159359980236
0.554043448348266 3.1163641707066 4.60511951555172 3.48095115799304 4.00899472005067 0.644705866641906 -4.68482144644029 -0.258754138186508 3.53138362563684 0.573725913124131 1.46528662022014 5.40869060985779 -0.222404831629776 -1.52991590809125 2.64405761387472 4.71994092051452
2.21187714121059 -0.958758650781807 -2.86524739726327 3.23925011561402 -1.40711568749736 1.08288482500808 1.15415825602124 2.16254751322861 3.75076799243106 2.34433006873742 2.8433408512838 -3.45555009119144 1.67441524471898 0.196383180243262 -17.1719182714428 5.90057481566819
0.764431532428852 -6.47211446159093 -0.899918666560741 -1.45713404163244 2.16823948770198 -1.79288006649125 5.19776636534659 -3.47298103623812 0.207133254135369 -3.87951327584 -5.18313475190595 -5.54426528577844 -3.81201283912615 -2.82311516391068 -0.928461478598328 -6.95822536143453
1.72688593883232 -1.85027661547946 -10.8463842747462 0.0711159859488404 1.65791034591145 -1.48722369578252 2.18637216992018 7.94635839102285 2.07330484270663 3.43997169051459 -0.0374266182026204 3.65726187424528 4.26677240609851 -3.27534932192737 1.01303703260022 0.462354250534791
-1.69893045379283 0.906289913860607 -7.89661801945931 -2.06264312785941 -2.43248834237293 0.00700137522399252 2.61884349061962 2.46932131287973 -1.39771677944316 0.0235121590689973 1.93379390500264 2.24737742881229 0.890358730008765 -2.212997704481 -11.7616222776653 1.48565487568473
5.16984587185291 2.14748936411067 -6.45336061555433 -0.543102234405283 0.261188724805815 1.46601648827531 0.605124643211906 1.5540601949641 1.03010803767879 -1.42059206921947 0.454647981051075 2.506827165056 1.01464905918218 -0.244273445002495 1.86960327526721 -2.16538086793378
-3.48936416497825 -3.45846516049033 -1.73317466184036 -2.51778033827977 -0.791286632496478 0.588752989071549 -3.63353621864727 -1.25776978409928 1.25810298729314 -3.3530294355911 -2.26855015801104 0.205327073924129 -0.10259744005547 -3.79671045257406 -2.11056829626842 -2.20042983353745
-3.10029898341737 0.858105048463748 -2.75660227291763 0.130805090237929 -2.56616031500872 -2.28563591950469 1.69899676079044 -3.07426394032023 -1.81598514531027 -0.714525365051621 -3.84503873803545 -2.56184368784624 2.37780127913883 -4.0605653064516 -1.62547119877078 -6.18268324721443
-5.27191853748882 0.263553211100048 4.2724205188669 0.0733607126207327 1.27882759783767 -1.98999825477842 -0.743309337608154 -2.85821944856467 3.47493431502633 3.04315053772227 1.73562075948049 1.28344357370313 4.38680706599657 0.653861728526149 6.72748684069769 1.34366982082072
1.3144808022459 1.72304904553697 -1.80488891777223 0.90396620352983 -0.146403805495546 -4.84344047065571 -2.05225758279358 4.3576552227618 -6.49758646925132 1.63082075845018 -0.635145315708655 1.05422497790792 1.36669358422533 3.03667572046046 -10.2257024455688 4.47611506476448
3.49535433087473 4.61316874280968 1.3698809385518 0.468808961857407 2.14651959327281 -1.20969464808777 -4.08365817338286 4.27260856580266 2.77614301675425 4.50508920742233 -1.06086347938901 -0.0867288769683969 5.81789926618247 1.09425931310538 0.899347306786351 3.47412037623506
-1.21482866825307 2.83517195692152 -3.79831101641114 2.3985629686582 0.159297983517999 1.63982991414021 -1.06997112183351 3.0637965913745 6.16856553632076 1.42514082717696 2.33125459297196 1.7800947562718 -1.35357962319367 -3.87642548305537 -11.8340337763081 -1.71611297033669
4.18938109914499 -2.93266010125575 2.17965707769483 5.61613206725334 1.62079056265202 0.675210845890126 0.923983614875066 -0.0200306792851799 2.88312157990725 -0.515129683585084 2.82857368944473 7.37626121038718 1.63084803563766 4.40725542761611 -0.984147401305775 5.40302883921473
0.272431808555405 2.60387640687981 -1.56577433414286 2.85922618536869 0.856639247939021 0.241698004234342 -2.58298461411623 4.05597050500682 -7.29319491935892 1.28642533166177 2.77505869830798 -4.4938634290935 0.0875180736192695 5.64184426977681 -14.178347736877 0.644285657458374
-2.9355063832072 0.437057651269818 -12.8291698159059 -0.0427259360320154 4.31932641708697 -0.829354898159134 -0.330733585204016 6.13609910588568 2.45953857078857 -4.15024553826887 0.00075447233671111 0.176075339947009 -0.426593407554715 0.619911964977289 0.0959510986413345 2.00083825733134
0.606813638715514 3.01707445065354 -2.01615427783369 -8.10714997038845 -2.13742961543618 -1.85115882820958 2.68519934649907 -3.56118511472482 -1.97314496624974 -1.58709593445925 -3.7421966424661 -6.62232785665242 1.06192207149161 -2.12498483532317 0.188680954014206 -2.76893917737325
-0.544895105041877 2.11312768344311 3.79099267531383 2.28420131281211 4.6936549274914 3.10716599485335 5.7884684975151 0.480323008259701 0.00731277017970711 2.90146745817496 2.71523748603748 3.84226718949333 -0.725948658417489 -0.539246808282109 2.38618283558164 6.04509003430489
-0.00633925544664032 1.17810967935903 -2.33953190936056 -2.31580422144907 -0.732129462411188 -0.0128915815630905 -0.0200166835434998 0.802598559139978 -3.29587159266843 -0.172830753774133 -2.10002283362179 0.732251557153135 -0.631618613829199 -0.36378610179598 -17.9770271434286 4.06673873398596
0.269833211297133 1.49633590685806 4.0240073691788 0.520170970231139 -1.25557088017525 1.29811461047279 -2.07924915687617 4.48462002404295 2.81388986878382 3.66883641441589 3.52227509057895 1.59851919756328 2.07710498986982 6.91359099314071 2.42773017514071 1.12572286718521
-0.21032628880837 -1.5997232743688 -3.74501281349145 -0.978803743544144 -1.85550128149098 1.95809084715999 -3.12263604465294 4.21217497173723 -1.14433559774994 1.52054630763642 5.99689072877786 3.65703035551195 -1.50516080626301 -2.98678292719106 -12.5241181595867 -4.45124490418774
1.53681935267836 1.05121184117713 3.98445284166549 1.17632655317707 5.55534455571737 -2.21352534386895 -3.57887899075195 4.00395887446157 -3.41591167173528 2.70706121266929 -1.95208068207756 0.744784603229119 0.286762327100057 3.50062622347586 0.784557924965669 4.6276760310978
-2.62163946035663 2.08442829501312 -9.19439990022088 4.82030127910311 -4.24641528632332 -2.89559383962093 -0.471790604680209 6.83543778309984 0.340472631701265 5.0909152228212 2.86652633521389 1.5880222544081 3.85360332007827 -2.93129614612978 0.357348171130424 2.54506477132182
3.85286768843078 1.13871058366008 -4.77501306812785 4.20442107439614 -1.04402673639174 4.92577718291532 3.37384853558569 -1.5000138264431 -3.02404178813669 -0.249939351920828 0.574437531473978 3.79287657631836 -1.52431844374738 -1.22750264538915 -13.4696508292098 0.703902122750202
-0.846140150691503 -1.64156633883218 -3.75610696797739 -5.79508934533198 -3.60822819529357 -1.81232289834515 -4.45851798241433 -6.8369304310263 -3.15488303819348 -3.16208223616383 -0.541331101378074 1.86518676703107 -3.20476095516412 -1.47743208588707 3.48602470173012 -0.733470365962057
0.780758804315502 -0.851784522197724 0.481694655829527 1.67772007973047 2.78946915242461 0.880368486247089 0.833185422644138 -2.4579051052913 4.58072089567299 1.517716655086 6.11299330663331 4.35388323344187 0.728717212197364 2.12802447955535 -1.06028370965434 2.77608464110751
0.918033647470327 5.34530045762964 -1.40621893681732 -3.47708556789899 -0.774536050226632 -1.93150415548184 1.89750810731162 4.28583465060242 -2.64071631952274 -1.80413769862117 4.57955145065209 -2.76286089745211 6.37328476406174 -5.62546651524791 -8.64835616614473 -0.414857007395285
-0.925165677625312 4.05298078373802 -7.97750070235236 2.0199048048552 0.226541568543596 -1.06288761129024 -0.962385646678656 2.33324121898393 1.42480242202053 1.67937047851585 2.68778494910923 2.5681556279364 0.499932384562098 0.206353988149249 -13.536389855244 1.68710327953263
-1.24277011760595 -4.12745499730827 -2.06873623754138 -4.91609534704488 -2.35448550320644 -0.0380631924625694 -3.3687520428224 -4.52334534578946 -2.47213611949256 -1.72430931260797 -3.13969025626321 -1.49429390871665 0.716132822257715 -3.81534691310782 -0.791516847967276 -7.6193082727864
-0.323780304040304 1.53729436714757 -3.68162197068693 -7.24617018240594 -0.562831018808983 0.428375395927933 -3.63378250686472 -3.91431060350742 -3.17655272383516 -1.00118166510551 -1.76332808787882 -3.43013756907364 -1.79681795363812 -2.66431911919409 -2.36108297466162 -0.409005479985182
3.42878421045426 4.02782131664702 4.27038282619492 -0.0983958399742177 0.85396543284552 -1.43128360788775 -0.739376114159381 -0.343882731290403 2.06930911603119 -0.0594880693849911 -0.392006505812799 0.976330900438387 1.13126910962537 -0.161278069783718 -3.49504719886416 -1.87651377380319
-0.891974579921611 -3.75246400915086 -2.5700774931623 -1.76437879582555 -0.014505563768763 0.354946213960895 4.24520512199469 2.89882874045431 -3.61307225667123 -3.11069647078214 -1.72789782314303 -1.85179174592309 -0.254978427944109 -2.54161633970382 -0.957181187741905 -5.12045463938053
0.0838170910827905 -0.325324226315907 -4.40055265720456 -1.83209846578826 2.03481708779993 3.36103777267353 2.63290627841972 4.65178940223926 1.63322286680899 0.359218767878923 0.674925806604021 -0.768886499383353 0.0660348033171385 0.459127536094833 -11.7089271565986 1.68170611268674
-2.6463880844033 2.01535546566635 3.60988149865844 3.08291502911024 -0.746890768054871 4.15602955618728 -0.422455778149333 1.51454695722124 1.95831775035629 1.32501157974077 5.25790634093662 -0.885430387645493 6.23328503827758 3.08550693169504 -2.37144889644255 0.900208915421677
1.78707532271895 1.81385896701169 -19.3129982039929 -2.67943576626743 4.71458659459334 0.197449370502587 -1.53035618513064 5.40054596243235 -0.0809122287677535 -0.00609359450240721 0.0513870809396505 0.97765936030939 1.05367933492822 2.8956873861794 -2.82552879903334 2.11161925465249
-0.712203677857453 2.61431970102004 -1.71780691855369 3.99868783273164 -0.130229748398806 0.0621777805710697 1.04810073140878 3.54380864806929 -0.675396793042817 0.716591671371808 0.131950364002106 4.28949648190283 0.43710565673819 -0.95373590791932 0.0744555659534983 2.86894140917287
3.02449756988299 -2.84795592820769 -3.40392563228562 -0.199143159184153 1.4943597963746 -1.70678078645129 2.06135215518734 3.13809012272012 1.26078571203236 -3.99692964518268 5.61927535559976 4.92698185111588 4.20892148338404 0.502478706536123 -9.41347329199995 -7.37517745077025
0.315177235505633 -2.63546420356248 -0.366056884227508 -0.365535778640574 -1.74563280465698 0.297081719187973 -1.36382691625391 -1.98669922321074 -3.99859243660989 -0.107176562261274 -5.27196162318748 -3.46875002977629 -3.62280143168511 -4.22605226794604 2.82595709105797 -7.96327403893736
-3.651606207649 2.09390961303459 -14.3542257255189 2.50117197127997 -8.70452158325784 4.63934597124579 2.32243759153007 0.610492783477657 -0.121475638179951 0.583246722886076 3.52457434168943 -0.450691131377142 3.75929883217596 2.98404840166505 0.0578975191717592 0.977474090579095
-0.516835812901053 0.0562535575075178 2.00976707175373 6.73323007109562 4.62329695107631 3.85504916694919 2.07605633214192 -1.75238114275495 -1.4354949089751 1.74001070587771 -1.80254010536636 3.62049776469965 1.88523838168856 2.97265049381453 3.88825105996565 3.3000909635844
-2.59886476273361 -3.51873408669735 -0.260312839555175 -2.49227125435543 -2.73636193299816 0.0556840998356954 -2.44136977206238 2.0555793833704 -0.479011523553114 -1.72068026597893 -1.32939146029847 -3.84274787753907 -0.28999330341608 2.35068264511636 -0.65820999196058 -1.47127352470177
-0.369534321481951 4.10093023397487 -10.4721039742543 2.95205474073629 3.13028420472419 3.83946982144592 0.532481255489176 3.42166917248974 -1.60455757578944 -0.997952830064578 0.934426583016209 -1.78497417446216 4.14982868218968 0.691865096829388 -3.22312245243341 4.30267200830745
2.77541639973158 0.464747876367666 -6.29160471186282 0.727967206667673 -0.0762121232310469 2.73954672427498 0.037985624880321 0.374524232013218 -5.19536217349215 -2.08321043400786 6.70715638542615 2.02113619900602 1.30879944020833 3.30139508636254 -14.9564326536538 4.1243620252195
1.29109541922492 5.20745414303147 2.5655446729002 2.51623335241531 2.2788952846377 -2.81515607997659 0.249703803124634 3.1907176274035 1.14682150851006 0.966302978130339 -2.7726864792018 5.07762786169144 0.00969065807521752 -3.91345027476003 -10.7977952243131 -2.47054405556568
0.230992247030171 -1.44066090548483 -2.63257944743055 6.3695656162054 -0.405504082547002 -5.65754975394052 2.71872732666687 4.1344901989335 2.98544248963519 1.525679603174 -4.03363437900731 5.08454962291596 2.07169707611074 2.36783037478465 -11.9443420126995 4.63042581967417
3.75964909199813 2.91781293466988 -9.32252531568904 4.18507505429206 2.68160605492877 -1.53112239688795 -0.927522397283029 3.59843180738931 0.921531948312007 5.02318110462381 2.03210928249918 -2.58368288082299 5.04727480644686 0.160531407913813 -0.354753088736998 2.14746954593591
1.48187647120508 -0.810641801715567 -9.86150657159713 0.762120214228362 -0.940742254062286 -0.977209454610775 -1.37759280055604 7.1421892461787 0.770880719534753 -2.89834560821404 1.32989835898973 -0.925774512539207 -2.47659306660792 2.32137227054934 -0.885378473394752 -0.865483847595848
9.25906955938793 1.64572431551436 -12.9222327120118 1.62529061476793 -4.34969266961315 0.839895393594773 2.78363672042177 2.45478837173425 -1.31068785656797 -4.31724278197025 0.353001267397885 -2.33134423684798 1.76687652491121 -0.942047898842915 2.17489654408498 -1.06541233387905
7.22154280115707 8.33957750466581 4.02256639667262 -1.24006141355712 -0.0237845870733293 0.556369232494862 6.60757520717396 0.251219017734849 3.57908668313095 1.66883656947788 2.34271107906687 -3.23601586249905 -1.06287162000782 -0.281339059523798 1.24738447390656 9.14838237970343
-2.05337367888301 -1.80649212680827 -1.83886099946927 0.549517144401207 -2.41672900808768 -1.72331960406325 -1.58082609417122 -2.67140273195066 -1.73135493111281 -3.66852813269353 0.0517029034721748 -5.80623996408958 -1.26741246063997 -1.87755392353387 -3.372752270751 -2.87401895481991
-0.569486251351294 2.02025033516363 -0.870037960666926 3.30807713820843 -0.311853140923565 -1.65427285134412 0.985119932588427 5.08480859856802 -3.28259024575253 -0.299517423300357 1.31537195043874 9.51160719227697 4.46587946248235 -4.71806082779124 -11.1622459954208 0.562309667928893
-1.51195830182734 7.00281628785079 0.734162251012452 1.68637314015776 1.23419971961261 0.890051794435376 0.756836172308885 2.55473020757336 0.235963063435459 -0.107289752546725 -5.29613459706714 1.20969099490253 5.81270708759405 -1.82125299439401 0.428941145259557 3.67931978237942
-2.64147629586819 0.167573619867571 -0.745119561296111 -3.80696668768728 -5.95725897704383 -0.801473362898605 -1.00754528882483 -1.36177363417314 -0.50822216714143 -1.51473264952171 -1.90996875027288 -3.22010706928498 0.449584902020553 -1.15126901776399 0.371955454928138 -0.175820179219679
-1.98264551540038 -4.35380958969491 -5.52616281423847 5.0397850826796 0.884325522918799 -0.460325924937846 -4.88848724612793 -4.28613380443079 -0.405320186918864 1.14082439225815 -4.35889253465861 -4.31773716643391 -4.6322217981657 1.44704523834443 -3.35070867304524 -1.05850967458948
-0.223580026361932 -0.333374127579128 -0.530915720774304 -4.09713730890518 -4.73128067161 0.078166488380867 -3.7890170710387 -1.35585315400665 -0.106928065089204 -3.56403216060733 -5.58085847145914 -3.77992568511832 -3.23580146746774 -1.97480994797839 0.200109128344684 -3.85213167757514
2.62035768816387 -0.397674114518152 -3.94198001093819 4.09000822528984 0.873109337848708 -0.797050882135578 0.957868053627009 1.61426385143196 4.45921352273261 -0.480122459672391 0.657960177378346 0.811359237718388 2.62230052268874 0.243692138134113 -11.8379040676529 8.99722266664326
-0.511594739639406 -0.20517616652077 3.97554453529541 2.66390029273008 0.0859074085408142 -0.592632525339467 -0.214703023465204 -0.895999622052229 1.78929350751759 2.23918142058809 4.90185663614159 7.72443651300424 -0.948771016384081 1.72220151431913 -1.60466348374723 -3.1719704193929
-3.23696094189346 -0.629819491454987 -1.07258900945601 1.26797381391914 1.99611843451629 1.01474063142359 0.680426052528366 4.18447081353473 2.85324648099708 4.15965854664024 -0.662470105562519 1.99184732349247 5.77610943708029 -1.92470377550315 -4.26145628736068 4.190710366369
-1.66882026188956 1.1229660594649 -5.45945061194598 4.93627868516848 4.77940831035243 -0.781464633757408 -1.68773349406561 -5.78514492368329 -2.79084844890962 1.14757622222764 -1.9736176474354 -2.07026464478903 0.770211738527593 0.672922057869279 -9.68897224070503 7.79468325059961
2.13686218518494 2.97419602193354 1.56619113246382 3.83614675662013 5.41325865704893 -0.0750332180881409 -0.806695528402739 4.44950459960083 1.3738038451481 4.19439111779298 2.98240893586957 0.978455021245441 3.30534882946888 -3.37979017848318 -1.48532702263853 4.25917942110926
4.33640671638383 -0.795077862656679 -10.9235032997306 2.67996422443558 3.22814478262046 1.42011025331854 -2.54401298920175 5.44055908914183 1.27962450207121 1.46222096767129 -0.29930313302239 4.29216065325763 -1.52953635741871 0.423800205680694 0.409798283550254 -0.800745721154028
2.11186731863475 1.0279060650754 3.79398016106978 -2.29371290602147 0.188728052041478 0.40523920259917 3.85337812340294 -2.2615850595452 -2.35619273228712 0.841163361817192 3.31798819444672 6.99410840977402 -1.41353264547875 -0.91916361271281 2.49149908820898 2.61966538846233
-1.1392571747236 1.83980993020179 2.34708639907854 1.52347100875319 0.583850311733154 -1.072205404782 11.0385882562661 -1.36764002405623 0.825908594461557 0.338167402989528 3.26107557632726 4.79645335703602 1.85913970412405 -1.03715420407141 -0.484064224913985 2.56436359408109
2.60214483850329 -0.699098075298344 -1.01188768863712 -5.25937229253062 0.696039152262309 2.92700673913274 2.13641283588651 1.75550136038159 4.41103554432204 1.22125504219942 1.62288950578545 0.60960179731089 0.942421242853286 -1.97244586152472 -10.7945658086363 0.469839986565972
-0.250906901693301 1.39743454540686 3.70436726274011 -0.67293811017203 -1.98143462692656 -0.245254387038259 4.67330404551709 0.554426573250754 0.179086169064588 2.58082960766201 4.59968408457963 9.45453124756443 -1.72208166972532 4.58687744875589 1.0517701865729 2.42035096617803
0.544134601662667 -0.0136732816531575 1.90437565206354 3.00931092885352 -0.29239762775928 0.212041991529114 6.7389410340577 4.24507902878393 1.22554574824276 1.58903679360591 -2.4261254791027 3.49490511791525 2.30113013688605 4.56367423276947 -1.35183906700667 6.75558357932164
-1.18383652198046 0.403836513586878 -3.66926640154162 -2.00486940875754 -2.43252077989237 0.151802860841344 -2.84963024283556 -4.28869175315413 -1.8995320665519 -1.50870979266945 2.48167585283025 -2.39725546454119 -3.87964047746304 -4.20098226930343 -1.49575193853583 -5.78519614050265
2.25892867576474 0.897828176012385 -0.762324979918084 -6.47677274872433 0.181613856891736 2.74284714744364 2.34990047696296 2.35333137959404 -1.13560645538072 0.10246108101162 1.96603772062467 -1.29585073601886 -1.01757433270385 -5.80611067510855 -14.1511754949602 1.57450026763573
3.37350448517145 0.0751669627827956 3.79831625079667 1.46471222780327 4.59965446455608 1.0504787161493 -2.00416684715088 0.674580560814227 3.44829052919718 3.67597088227457 -3.06200327190694 2.81586701237657 2.36012425104429 0.0780450744526188 -1.53772094624737 5.25593947826715
3.88827852233865 0.847053266060028 1.86564302817605 4.48721201100322 -0.965260977220543 0.195493048230519 5.65572345475489 -2.41481174578952 2.00271223052684 3.21013177814688 -2.09898343145077 4.0714051588429 0.565639444814998 1.42815460200475 0.585435985011619 2.26452711063889
-1.37664182239267 -2.76067358246352 -4.54853925147794 -1.72903794318694 -3.94075741047857 -1.02107897379571 0.794490137797741 -3.76790800842926 -2.17374095690736 -4.16505282406054 -3.8836159956025 -3.83325609612222 -4.06516139891852 0.307700616910442 2.14703847143867 -3.19359439873674
-1.07521389698812 -2.57478750649253 -2.67557809213112 -0.146847127597344 -0.610252436127199 1.24495442468354 4.7956030858204 -1.66060917935666 -2.17388475985337 -0.604453141202964 -1.06853708011972 1.67206868836328 0.199367229610568 -2.85605970791577 0.693097894939462 -2.03376520151739
0.514244148522628 1.76475176263459 -3.17040352392434 -4.1753706058984 -0.16814785915652 0.722226844999364 0.222949126374054 3.30041043127666 2.93500876194317 -0.0499949290791205 3.83002422220098 4.51526502296126 -3.83990832451724 -1.11180680923866 -13.6431263765456 -0.967660226876772
-1.42555420483469 1.73336165336061 3.60063750963321 4.1424975468496 2.72437150446018 -0.196929336216771 0.155036575727177 4.4233114024182 4.00705968630861 2.81507447839886 0.216495466954014 -0.16764849644118 0.738333896423667 0.176069952772833 -1.8067018917288 6.30906441847483
-2.98746421497062 -1.91642245102477 -1.37878325923162 -0.16745286077147 -4.00940049450873 0.905188301611674 -1.13755995419339 0.980782117503432 -2.59993589915317 0.885122705749832 0.142666235005821 -3.61730933156201 -1.2730891167048 -0.4591801766521 2.29470477204879 -6.4838226490165
-1.60213217713052 -0.734581693415284 -2.78095419510186 -2.49378528323187 -2.93364843008863 -2.62861399305849 0.91049640420094 -6.80883682414532 -2.21941691583877 -2.67551090289344 0.101212564229892 -3.10103457500422 -2.95811198768034 -2.18742820138765 -2.12550930928031 -6.84004591275275
-1.0133735724405 -1.53683696509035 -3.29203180318716 -1.14350020671387 1.61301254161319 -0.994689073653006 0.147321037120375 2.66183571958137 3.82305711962024 0.624282100156234 5.55218382765652 -3.05169137356226 -0.317713311875064 -0.771173750578824 -10.5887340582941 4.20085465589947
1.94529999471831 -0.803996642672496 -1.51483451672147 6.36272728983732 2.35896465343537 0.290313465265339 1.91559713054885 2.13542956094008 -7.51374473323175 -0.706822929619923 5.62919068858819 4.90092252058071 -2.08016757760953 -0.845650574018602 -11.6461534054596 0.0108230893479569
0.571335297090444 1.44610391738279 -0.547309349641852 0.394029658280826 -5.82320411681363 2.89408827043137 3.73427581230887 3.24473965189812 3.17545757449235 -0.547796292856978 -6.77774486390733 -0.411236917722981 -1.54910925689637 -0.0255129411172614 -12.7210618076057 -2.25973528691356
-2.543458063569 3.60873399711186 3.33442164847958 2.05842828455371 1.54948971865596 0.207734233574793 -1.24947488542329 2.05012473263084 3.85710863508308 1.8144703456823 -1.33104453150147 8.38832993726437 5.32761261307745 1.02485880630755 4.26862792883047 4.04659115388172
-3.16728034753136 -0.647573724912531 -0.504230717432944 -1.09990981601317 -1.50759046744026 0.985890316843943 -1.53250576871023 -0.790146528168105 0.173350096700951 -0.230177364064869 2.14735494245637 -3.8468832852844 -0.154025354818397 -1.93437705339559 -2.12553117663223 -2.58908416691172
5.29519720189766 0.527807615615609 3.14711258595113 6.99798541485017 5.80870354848612 0.822852296762092 1.86026167304679 2.69593547941064 0.807815828275081 4.9445306352925 -1.12018426415775 3.52356697501252 3.95662754451203 0.749361576898838 1.22526452340336 2.30741198570832
0.313926763983635 0.0449720006199085 -4.83374471359235 0.740963402854471 0.0337855059090106 2.97625779077607 -3.23370509881971 -0.0108665850177441 2.6319951434774 -2.00074875052449 -2.18345362092931 4.54839905654075 2.43781831200627 -3.10310590593529 -12.4923647681706 8.43844071201418
3.3867562787146 2.51416091563015 -9.03150390408162 3.19192952041348 -1.69761135493251 -0.068477688673345 -0.408524469275276 4.61858227560665 3.08497356153126 4.66756924473767 1.65302466281767 -2.49339748566078 -1.26592633790396 -2.04501649284318 0.243699027721398 2.26869153680792
-1.88434129895947 -2.26319674632028 -0.574045897951249 -5.90965990276726 -3.49305799112412 -0.27808153889079 -3.22381929404218 0.263395792187456 -1.73368405025855 -1.68526511759683 -5.17519460898245 -4.76248967081886 -1.36536830278496 2.77790323987394 1.57582391617084 -0.737459685973474
2.27164163429171 -0.323478684232794 -10.9725805248265 2.54828834089442 -2.1133048300022 2.01659599359112 -0.847566592348321 4.30604677195479 1.23439833324078 -7.05511054382876 1.58130975580539 -0.0368556267836275 4.3258127551987 1.95835071144415 0.744254423726964 1.29342135169335
-1.59212948582169 3.21327959974779 2.78732030986628 -1.67273717303525 2.96688747716419 0.0708500251345506 0.406884241936479 1.42994962513378 0.965207315301041 2.91317776003129 -0.939084073830011 4.38477969734476 3.0166314555525 1.97822741166886 -1.49050654097244 2.23122017748005
-2.50874543198 4.76516507956111 3.07007318610056 0.685244327542428 0.96396031738098 0.366567219851052 0.0150852867767619 3.07398170931204 1.63887947094705 2.29525812722743 -0.49153553780521 8.47141324858781 0.337559857646318 -1.60461537689657 -0.855283495277485 4.34597424816669
-0.986102810277575 2.22116942538197 -0.0475331883354237 -14.5001506391872 -2.93700919275249 0.143538006320872 -2.57827935633776 -4.14372813370121 0.515576429451776 -2.11156364630587 -2.92389084770285 -2.32411592400298 -0.883848035343785 -3.9216485369581 0.705816856807726 0.165499474540054
-2.10538480258481 -1.87400646518586 -1.87451643807873 -3.30536135056166 -1.59359792889346 2.18719412972535 0.327666682903968 -2.45865933656058 -0.700219032583929 -4.25853355748052 -1.63515993567626 -2.06365460235518 -4.7537719267952 -3.70660181909152 -0.553382086994947 -1.42984202055756
-0.0635401950986333 2.44184186314618 -2.44187309876586 5.20457527652272 2.62931291751761 5.04426539602497 0.791434723050112 6.14695715906408 -0.275500277895431 0.161143895002492 -3.85972725929001 4.2293890520479 -3.05570638607944 8.49333928300912 -16.1799580700214 4.21860322507676
-0.600878716117832 -3.05739770103207 -2.8855751103871 -2.45816285571643 0.897089623232571 -0.635351535697925 -1.1825190776056 5.65476695364746 1.96527086953951 -0.0348092022490346 4.03305311106068 3.19474636667283 -5.69943024869463 -5.30827355796136 -9.59341611068868 5.92422561842211
-1.21033257563591 -0.405527946741318 3.97506453941092 2.41467845953777 2.3110340463694 1.57575071238407 4.25769055640904 -0.454655041916644 2.88781170769275 0.757605225353955 4.09328141385283 2.98183916032929 -2.11381544502464 -2.7881413871304 2.36575381532234 1.36294854710235
-0.961394787366188 -0.35739543775435 -3.21900268360442 0.0307146370942186 -4.97158751219012 2.1435493279627 0.0119417381828955 7.97958462598406 -4.30034659738664 1.88628176425246 -5.08694637314275 4.60419008331789 -1.80927027642464 -1.95987003186075 -9.54388236160408 -3.07121400889623
-0.377386591072371 0.321092707971432 -2.33239979972417 -7.49271047756875 -1.08559296131908 -1.27462269974669 3.7375258174736 0.440851076171857 -1.76858482954568 -1.51684789038491 0.903198244391766 -0.273665420050842 -1.09065858819203 0.0782804089265128 5.06872792036423 -4.37406841207126
0.174785942777251 -1.55515084117517 -3.10971398231404 1.28290879311154 0.558120807002448 -2.29469075940893 0.664480594669034 1.44269826117045 -6.27982095880235 -2.41156568971019 -3.37692528857048 -0.769629521603477 -2.45624386075815 2.09775016786585 -9.03581982386865 -5.75873572232551
1.90364986020019 0.164426082385155 4.82852320086714 2.20834389789327 3.24897243773138 4.07680570091453 7.45417208153793 4.44976603965321 2.38377484077344 -0.878413651239556 1.80802879452587 1.28466196812106 3.3935892898779 -3.86835645512219 0.777579340876085 3.14658274662472
-0.135409896060578 -4.65902028389548 -2.1950881062777 -7.05768568004277 -1.12266766949064 -0.214654272996337 -5.63767874746708 0.842503801801083 0.249670091391121 -2.27770444784492 -0.648246506054919 -3.70046538783037 -0.012675166246727 0.797812173539013 -0.601678322903648 -5.3047629012563
-4.21545742356319 4.07410549157945 -7.5848320869705 0.182320392545537 0.532501539662042 -1.61424228889508 2.61966680374322 0.243215405761301 2.15558643067901 4.48794244631013 0.240030261819754 2.38566627904502 0.0494317567631333 -1.43083349238095 -14.0397582123927 4.96362030984309
1.58536002852749 -2.82517570196247 1.58721099775081 3.68980483963827 4.20354904078996 -3.08980402109984 2.97237067218277 7.79764904336234 -2.47647225894783 1.5472321342317 7.15298590824063 1.71501680373459 3.61083682885151 -0.583677049227613 4.50947794536091 3.45172628083624
1.72143036126156 0.616912452517377 4.16761845927549 -0.333269347276367 0.646746020761519 5.02925794599813 2.59878083575594 -2.12770572148671 4.03651092742751 1.94322595327024 2.6437201445922 2.00587534577852 1.60681305096174 3.47977808128293 0.462876709636073 0.342618245899979
-0.772909995321159 4.39719630934615 2.18404714584316 -0.00883406192813441 -1.14696351402038 -0.470316735572277 1.46834292658992 2.4215190960345 1.56437094966077 1.28231828599153 -4.56040094350454 4.36241624606642 3.18206342109083 0.201944705974946 3.78821715845076 1.2938220239106
0.674561243506104 -0.960747715175623 -1.64260539437103 -3.5074117707718 2.02054071162237 -2.87508778428841 2.71226415932914 10.2152945636166 3.77299722992191 1.56338604537486 -1.82561351495277 -0.248760368735686 0.295650867910565 2.88803887958414 -14.1006777101571 2.90321331457735
6.30835665105981 -0.285070481337976 -8.1557691040991 4.12145318979879 -0.0865937587279425 -1.53906713258792 0.718160148838414 7.51421978531689 -0.260955601087287 -2.96901640033108 -1.63694016222383 -1.68874716091844 -1.15685537710441 0.0461989538739323 -3.68703041408821 -1.46531909646242
1.10900899334369 -1.31249792547824 -0.989211170389895 1.19061391267459 -0.40609680119693 -0.832034133866455 5.04370711918194 -0.559197343629795 -1.14029181957071 -3.98081745320268 1.54372478213446 -3.46239774155025 1.49077429195602 -5.46358115323257 3.3289480107212 -3.69993420694143
-2.44079522039695 3.2446552530776 -3.35682446674337 -5.75709168238494 -1.18435922893649 1.07897387425788 1.49666299985357 3.82569600293993 -3.14618415249596 0.700242919052602 -4.19561437411638 2.29275455814894 2.84920053517332 0.012577900602752 -9.73594818506423 5.80979729962857
-1.64973723236632 -0.444082006058869 -3.0034159487751 -2.4013288499895 -3.35457856668888 -0.270489096704437 -3.48171434228673 0.238146675504384 1.41191155133116 -2.40153724477107 -1.08337244508285 -2.65660566355936 5.2852756009503 4.95904104632353 -1.24904210522456 -0.227074606421167
-2.18873851295534 -1.10950879695947 -4.90180784461513 -3.54175642242345 -1.49016433129994 0.804385876037602 -0.460911294230222 -2.76482285965812 -0.764372018215359 -2.87938336044791 -4.14269317714187 -4.8692578910841 -0.6201061875041 1.6555893287877 -1.24037401743959 -2.75556643688813
3.71663670665139 1.90033638983861 -0.133940040974879 4.06788436281533 -1.04153771182718 -2.07184926477073 -0.346065588413135 -0.656596193200461 3.19873691313097 3.92543696331801 1.74324042736822 2.86120327107028 2.39336836207177 0.402819964368413 -1.10942865457621 4.13060608275537
1.4896223836905 3.85953409106401 3.63839217940114 5.70403671118832 -0.552467837407807 2.03764696105229 2.78748504060659 0.994267986344197 1.51993411042512 2.17226623459475 3.89372849256769 3.8373908577653 -2.29032340192064 1.59011945310613 4.90590723355625 2.95114008853892
4.27807053718333 5.35542849819606 -0.917890992395103 -1.01905951475748 2.13746168915379 -0.0341042753183846 1.00035523222501 0.526657953407777 -5.38029095026245 -0.567352886566702 5.87041330840813 7.31288101157064 -0.966681691315985 0.317300845739159 -10.6417375130983 -0.10868004942423
1.82143824001592 -1.29880236050878 -2.38164869610802 1.40911162985379 -0.00388154019679865 1.60553378822613 1.21979112888368 7.16037364359174 13.6258222207317 0.81182587432226 -2.25206137367564 -0.294393667280723 -2.40872213597538 -2.88280245501215 -14.5196108019291 -2.961181626464
0.402599695509031 -4.14455881374529 -2.74884448573345 -6.64755865166038 2.46575174894515 0.118906169345088 2.94776293555635 1.87604512593701 0.84913847163948 -3.75164761674726 -3.68231687481342 0.598196862395045 -0.880797161775485 2.59607970494319 -1.41419171468438 -3.44412120242961
4.00655323086295 1.19091431985071 -2.93176899526204 -3.25160315116252 4.99718438037424 -0.229945696463359 -0.730960821190143 1.43154574321856 -0.542470944344437 -0.265969042482078 -0.00793957513686694 1.32223209134057 1.95015601376009 1.94135145547173 -12.6812428276487 -2.51583505202382
3.91423726786535 2.59077636850616 2.68852734004078 9.39233749677599 2.2817376097941 -1.78977328587666 -3.54711267481698 6.36749681223117 1.11930198826919 2.41020771962867 -0.70292373788358 1.3254349438086 -4.93367359550488 -1.63955710814103 1.30505366226895 2.94198527854602
-1.82667285461663 -0.740256902660952 -5.668206434025 -3.93157614853051 -0.884684499482923 -0.176699122233864 -4.4203046053233 -1.94371242628759 1.52935878004264 -4.87087548317146 -7.3044964413366 -1.73372444247683 -3.06254960280024 -1.45596004941758 -2.15068236556804 -5.21925007475443
-0.0128545094822625 -2.88861041775315 -5.4423462575438 -5.08153762721905 -1.92435239418622 -1.61502864194307 3.74769681674067 -2.25293681259637 -2.3702978082961 -0.227066872826338 -1.89075392166084 -2.55718287322013 0.16349457586993 -2.49918176183174 0.207515988665903 2.68154573039594
-3.29862861634794 0.495393188094701 2.82334298285673 1.96992417827722 -1.2802918761805 -0.891207383112628 2.70550496851517 0.985350421156019 0.499460700295324 4.91361544428261 2.68118342695696 3.98107983876746 2.43415613169477 -0.596443610888567 5.39052300813105 5.90013175432787
-1.50838202735337 -2.09448297614383 -9.31547265131999 5.64314017660481 2.79993594300441 -4.01514302471034 -2.81005467685455 7.1818665710469 2.59368985430729 -2.01200131823333 1.52435576213705 1.61862239591838 3.24513444077765 2.4974656514239 -5.06361845948288 2.56423477970036
2.50984721405225 0.881866664713009 4.55731571659078 3.33546687786595 -0.683109054615751 -1.07945337167499 -3.06475369111737 5.49296692028963 2.04966155597252 2.96156332919931 1.59539635345045 2.2948502815352 4.20085000216877 -6.36510313494621 -3.20201351461847 -1.543191590146
-0.426798442207616 0.0972868182150981 -12.5381554316063 1.29252776856371 1.71534641594768 -3.73771463787544 -4.35351517476704 -2.96269319648427 1.10875972333895 -0.0256474888487652 -1.20421631487624 1.73241989032326 1.23300305461977 0.955136376156944 2.26508038159138 5.31340242489164
1.85968082125247 -4.25941947651763 -3.37773924112988 0.00450346993819339 0.509885915223475 -0.0449394549395432 -1.68421221253276 -2.38228368061749 -2.12572703910321 -3.38671050371332 -1.26861387610236 -0.977904524134696 -3.10206735044169 -3.68241979545606 0.251886981094697 -1.47800055329963
1.29365322253323 2.65571833828543 -4.84550878737106 -2.64424766804476 -0.857174597574467 -1.19264840964739 -3.66359436403889 0.709764865959111 -1.26919961853083 -3.86515164793129 -0.713128112177335 1.93105898230812 2.34622520307447 -0.57225260049346 -2.38656966185512 -3.7960259800202
-3.41890667631334 -2.79482799709915 -2.98554259663184 -2.70031681818153 -0.730526703279377 1.65008286643303 -5.49192088725153 -4.0782614055883 0.209296943568982 -3.89191695496204 -0.27576908814571 -5.57244607727383 -2.51101012252816 -1.37667499731258 -3.26818678451801 -8.64706045269649
-0.517782044556506 5.53948353816426 3.17338554876548 0.365019406932867 1.26564881126439 -0.156610484067912 0.323077955271916 -1.6690132164665 2.764256714091 2.19275102025138 -3.76167991277585 4.27039459582756 1.26207439403281 1.39633327246095 -0.0416906320153684 -2.40591349654294
-2.31205235206884 -0.839834040248984 -4.85440903473904 -4.8128641583487 1.94642176429379 0.141556781235115 2.50884908641548 -0.0488838679561541 4.35250550560298 1.23232626847272 2.9612441863645 3.55400307574491 -0.281509497173922 0.762879840822235 -13.0145737987898 1.25402809056283
1.09861685862187 -1.19207427966243 -1.97788410645248 0.239647960017187 -1.21315055777067 -3.74449369260105 8.66012622083369 -1.52446142710468 -0.531919729222266 -1.65750351449784 0.400458794263813 -4.96234467147017 -2.46395399709626 0.321327161328694 -2.87165166655522 0.00575493154872841
2.57835422982042 0.119975263560663 -13.3814657496424 0.916373376325681 -5.50015535581353 1.50344061951292 1.22978311501312 6.45298463163834 3.41005232736611 -3.44990641581827 -0.651675267601482 -1.36613489708068 2.35537276189752 0.323383863511403 1.82708371062764 3.65953393382556
-2.75577221951664 1.74241017299621 -2.15583243233806 -2.21201600031161 0.562589585644504 2.2685782691141 0.781390183052052 0.528876420071677 1.28052679535906 -0.63755087833738 2.59781573006624 0.719611276766283 2.60182574061285 -0.30670335363948 -13.8304282834774 -0.41230951467112
1.94561315700525 -3.24175974076727 -1.49243063331364 2.23981285757638 -1.48150489596183 0.662721977051978 -0.709373811864752 1.29843840505461 -1.09507257252905 0.48394862164414 0.0703407760401553 0.852088098684615 2.55185099189755 1.51834061470176 -10.2772641642733 -5.76574065769713
-0.415906035456189 -2.73728449408705 -4.13485928493998 -8.56731866177213 -2.63808199163782 -1.54592404239929 3.01430632577547 -3.80595240090026 -1.82190184982925 -1.89160293636893 -3.07829606749742 -0.524683724285008 -4.25678181313773 -3.13885349212032 -0.477397749911367 -0.402096692238747
3.98215571097842 1.00287373747162 -10.3514075131216 -0.742328288411448 -4.65304094720502 0.144759217212128 -2.89803264678879 6.75419702642125 0.358222597778541 1.14941956977771 1.4846837070078 3.81934195102521 -0.636265489317416 -0.68516155633589 -1.75286030793413 -1.21968493475209
-0.543302627912281 -1.87545101208864 -4.14751147039977 -1.69805366422933 -1.35047332125945 -0.991623437812891 0.305511520640048 -2.87797310296669 -1.12138100442911 -1.10991420669841 -2.72442659374773 -1.02347248915455 -4.62283463984045 2.12655562395957 2.34257040273229 -2.612298819439
-4.89311776136592 0.626570777014533 -10.9222364801093 0.513038489039438 -1.10653934406155 -3.10784926729201 0.442100019696172 6.94185631417219 0.607452439510137 -2.16763431992669 1.82776796102243 1.97050041370579 4.06735782953555 0.614663390542739 3.32269257043115 1.2015340421596
5.24498000145401 0.0345140664179167 2.08831205334078 1.63525091452066 1.72656429514573 -1.19113834008042 -1.76176456518293 -3.50161754732532 -2.64181749490375 2.58746157209086 1.44604591122282 4.20183958709509 0.776338351623401 0.609568829361642 0.34837614296281 6.1436066784654
7.02867672776624 0.904379445478325 -11.6508359527173 -0.525670646548605 -5.09118029718953 2.50268456598044 3.99640887916915 1.89946031966745 -0.260613358400864 -3.49765109533622 -0.644955995823928 4.67747092382429 1.5101616166417 5.20795916506496 1.27435765214103 1.55199454911071
-3.18076681271182 1.06294332927191 -0.236801173176098 1.87387712260264 -0.798439503416604 -0.628436156647865 -3.70504437713107 0.0209822360968497 -1.1941643433639 -0.910483993047579 -7.48539282239317 -2.46011953157864 0.321398408855557 -1.22092455581954 -3.56832180606185 -8.97688089092068
2.00973781472924 2.0899296475996 -3.16479065119369 6.76996512341681 -2.15317955071545 -1.6930465641698 1.02522325719383 2.9198893928762 -0.734810782669861 1.99402076527762 1.38025556323869 2.27244252210274 -1.56868340683275 5.22375404072381 -13.2938086874981 2.19791884886524
-0.826526758854442 -0.0816033452669283 -11.7492082146656 -1.28769385796755 -1.61718554103835 3.23524648013046 0.307513131344762 4.96407696474283 0.813836758426587 1.90963768408025 0.0490774169775523 1.05845221174965 4.84761188992763 2.71005726505106 0.20983936162674 2.06621397377679
-1.97046494867868 0.623071493526485 2.83965906229303 1.26048930932415 -2.5821289692161 -0.199480206596792 3.08936905685418 3.39458648613056 1.62438886147607 1.87697855198349 2.78523905611803 2.15604421838106 3.1946624657544 3.55438363165548 2.56296932628724 4.92097229398662
-3.18333699180946 -0.983785344291462 -2.0977335895283 0.0242979070013707 -5.27359281642972 -0.756887468129347 -0.052832980007317 -2.06904930475569 -4.93916401288912 -2.85414378138856 -3.94355663673136 -1.01240081399939 0.837393650475923 -0.983451859682667 -4.165498784922 -1.28627629232021
-3.11210623419889 -0.676315161834785 -2.04062106797467 -2.10034780469901 -0.973245068211932 1.13918600220265 -0.9528977030219 -3.3863418943509 -3.41543781247521 -0.142151858163389 -1.69230638550874 -2.00181503634925 -0.0774743497702437 6.24568112967671 1.43654386314696 -0.767805717051749
2.03856902582793 4.41174106146701 3.93237379458189 3.70475489475281 -0.851422204345429 1.43726739960664 -1.32376494873145 1.95338965779774 3.1075432089957 0.374323842469378 2.18423677391592 0.96080084857312 3.1412460227841 -0.462444937294053 2.25605821776627 5.34431136637538
-4.54086717812185 2.72068748592903 -3.16349307686467 1.52679428978191 1.28276611232476 -1.22421911592216 -1.15316263231391 3.79142191940071 -3.19771091583812 0.0892092024210587 -3.77739627221782 1.90780897350673 3.35700642840515 -2.59964310159391 -11.2398883809991 0.431614201883897
-2.55001058239574 -2.27077191434913 -4.49622526963986 -6.11759215857938 -2.75717106031315 -0.875800346978708 -4.83337437603369 -0.458778820696414 -1.34085865784826 -2.37487687574661 -1.50920636402743 -5.04468213889852 -3.37783349323585 -4.65182846650274 -0.684521685470097 -0.181060283676744
-0.293198058006307 4.14089336364096 5.10333836103451 5.65080937665971 4.45898533727792 0.719940684535205 -1.84151662784069 2.95888934279135 -0.176041492688958 -1.46982077469145 -4.32694342209376 -0.610838963425675 3.44323734796742 -3.02319233406596 2.68689334359213 3.31247364288764
0.753798775242406 1.25819250289996 2.21207492886002 0.746964078846539 -4.72969852526478 -0.410630745578315 -0.993023857833367 -0.532907901160315 6.02213286269261 2.28405910100061 3.4867528638497 3.53158128170393 0.481160888071015 -3.20208495770772 -0.24478470895722 5.5781336818312
0.362533501213063 0.424793212137774 5.08975273880508 3.41427583990569 1.62744168551136 0.525977794271877 -1.8963225881628 1.25358317473383 1.15565602022505 1.22134077747968 3.44021979598978 2.36288070844914 -2.73117553124913 4.5753142966208 -1.23118032312007 0.786363849679026
1.38309265895416 0.234143076810768 0.465137568949046 4.05398977443906 1.66113034547722 -3.61095054055295 -1.0023021876727 5.31215310471402 2.90071912790256 6.17380946474631 -1.72600066222437 2.25830252612581 -1.47399273185605 -1.80731471393421 2.5060358714208 4.38999617769363
-2.08527008186122 1.95743868937215 -0.585014808670116 3.04046374691322 0.675221089311158 -3.1578437425673 -1.99811753490125 7.21786666683458 7.62363209166845 -0.253952311536035 -3.20311237008421 -1.59210767079747 0.327225012330446 1.3996378985454 -12.7312914353049 -2.16941510962902
-1.0310680483962 6.02018261818875 1.96412274011191 2.05007517945244 1.64023163118145 3.1079533538671 0.649854477196414 -2.72605260358567 -0.131922408074464 -2.25245332919533 -3.39394027936871 0.794307740144192 -3.1314961239744 0.625178617177849 3.1494016586415 6.40602130476315
0.360066912596371 -0.00390458359233259 -13.4885691877765 -1.87084829952163 1.63073651044429 -0.95866654028445 -0.924840651902447 4.40621049676907 -0.4217841207475 1.27028285940352 2.25403128177088 -0.820131054381314 -3.59796395530528 -1.15781802505598 0.275776144108589 -0.919556691088447
-2.59056363237464 1.91198551109873 -12.3513299445573 -1.13886217159364 -2.30242616844963 -1.8759922140419 3.03400594786414 3.13939180277081 0.615064368704788 -0.703342270119733 -1.27998784845544 -0.180715724484124 3.47667212339058 -0.200055771942558 -1.11244039011241 1.66874292070744
0.111303483356372 -1.09002776472075 4.72934215906262 2.81432822756821 -1.39213090823055 0.246137835937835 -0.73975582387371 2.56668084853161 -0.363099386796489 3.31124590326043 2.42779608794273 3.26108628895064 3.07431205253529 1.7280955780416 4.2701248083695 7.89981583269311
-0.947824340629914 -4.73063026106532 -3.13784199558052 -4.90649099512838 -4.53023286611164 2.66562189652887 -0.26025120457957 -0.520305311951908 -1.4968919018965 -2.62584664820357 -2.13614661139976 -1.33884815523973 -2.18451698382543 -1.99567813798622 -2.00008257478288 -3.27057172423184
0.653228715311706 3.02945351492874 1.40526441734196 3.04414718098401 1.90003985947838 1.70647771781502 2.50832376900271 1.40597934090239 2.84376426373354 1.60325155002042 4.35021014250436 2.02765005006708 0.671124309095272 0.509340167283928 0.994239243233419 -0.256074520756615
0.419498777827443 -0.192805299569174 -2.77774300156831 -4.87783515303317 -2.83441023897237 0.050209183587192 -2.5065091343845 -0.69731840459187 -2.74409491611312 -4.78069298604509 -0.968663384455568 -0.17355178755103 -3.60070925936383 0.719022362629776 -0.149074648504685 -1.19097771752157
-1.08743823829816 -2.494437665173 -4.14320019367433 -0.835901185846568 -2.60177727573721 0.491263244180477 -2.52654905220251 -2.2694540481028 0.670399571889355 -2.11174056361514 -1.25745346424812 -5.48602182237615 -2.53847272660058 -2.24263452482346 -1.24712793877238 -5.48051116225699
-1.52444143132346 1.18128606768412 -7.55630883885711 -0.97219294404724 -7.40533707574889 0.0913397560095228 1.57756527041247 2.81999927824336 4.67183804189178 1.0502597149083 0.164496081321027 0.826373957041592 0.764509962191066 -0.871794681727095 1.75044060156907 4.32867593475798
-1.98363815600854 7.37637352271135 7.30626738523971 -1.03766303604603 -5.2009821079063 1.41485819819502 -2.13067207273041 3.72243426010364 3.51304597927959 4.48575577222161 0.737209965278774 -0.54285524429525 5.55335916224706 4.07649849833391 3.86276246009272 -1.1452921732963
-1.41227797154762 -2.89249270960376 -4.89433840897789 -1.45759911438498 -0.859059036769715 0.936798491358558 1.13064782336092 -3.51200588068586 -1.74097742854978 -3.04706000570009 -3.36121492056812 -6.0790218443997 -2.38471833808029 -2.98481629372963 -0.249465478741188 -5.90744634344423
-0.600052776501811 -0.744529360052794 2.65548132600004 5.91956480544248 1.0089564540841 -1.98521990586786 5.1327863509016 4.41301363130311 4.29799631393515 0.242894255846327 1.19696665243565 0.210167663788162 3.65688582440349 -2.33781134679781 -3.04947277663862 3.5789208869612
-0.19504166041893 -0.395990845235452 -1.11267683676932 1.40250935301157 -1.60022175407219 -1.54539623768322 0.206093575693249 1.70913371493512 2.93308245548347 -0.735466687019131 1.30245614437476 -3.82896927762431 1.35031404649802 -2.12729214175249 -12.5652463868902 4.17292241864931
-3.16583549473677 2.9227668370808 -9.87193782310365 -0.0507956994731651 -0.403330472522844 0.366833218634113 -0.515824220884234 4.42346664768041 1.24712789243639 4.39200350213543 1.576502367658 1.94194663034 -5.1107304530188 -2.14469628268905 1.29462348139178 4.34062480828128
-1.74487062854553 -0.408270117769336 1.95679683164874 -0.668909789117422 1.53328747486244 2.012379842246 1.39469303599402 4.21074873516272 2.88374505059553 2.24807519150339 -2.1326637157652 -1.62538906251046 -0.785955325500991 -1.94009424438399 1.2874028365203 3.48671022226609
-2.43030317659189 -1.45151153389716 -5.04145331753181 -1.01331582414418 -0.471825661043122 1.3739951324372 -0.13171687431068 -1.42361260255013 -3.37946405495401 0.960886699962131 -2.58986176224463 -2.33286145956722 -0.909589857740815 -2.2263219560574 -15.6395753189531 5.04166266425165
-3.4813931994656 -3.00315239536119 -2.52247001392047 -5.40911026624331 -0.0304583393384383 -0.711388520309948 -3.61734258005177 -2.20205649252819 -0.305330881203105 -5.80505283499672 0.309969759999834 -1.07991272189781 -2.77894575412131 0.278433354852884 -1.00085307921775 -2.64920665968827
-2.11783653405245 1.22420945847396 -1.38058086091066 -2.44759594493413 -0.96501527032053 -2.14204248767214 0.119841014888028 -0.0293169439071679 -0.618491064913027 -0.83805403516463 -4.80627165198874 0.0921754619490507 -0.62600243945695 0.999218600667155 -2.21579239357303 -4.71426085408403
1.92569784117597 1.08353493618336 -6.29329326884747 -0.821706836261055 -0.991969633140858 -0.0291271845580348 -0.658768438870131 -1.54243853382709 1.46711344013961 -1.14337315863908 7.92406669534398 1.39909391340544 1.40161057000051 -3.72842628829053 -15.41886702581 3.05922701450556
0.694447098614238 4.19310478040986 3.37457440459227 3.10420673563313 0.764500796949025 2.05863475194983 0.390775803515783 2.65231532568252 0.563795223813095 -0.361294418958523 3.06282810173666 -0.647512122784573 -2.81105671535347 4.22052264093372 -2.16092737085594 1.21245548146516
5.18522591494891 0.638002761283042 3.20417547331512 0.487723173057723 -2.50160353807431 -3.14834943130808 -1.33003102479461 4.52074968109689 5.20150501350301 0.970421435051737 3.36158003868666 5.02018671431993 -0.854693649971713 -1.39842040145849 3.15620511890265 5.9619807836292
-1.70518787606364 -5.30164962253562 -4.7907280686643 -4.88369712811547 0.77422161991744 -0.561050796328506 -0.121846204567448 -2.96331010903175 -1.09225189629934 -4.41974729308351 -4.03399784915191 -3.9596275366001 -3.05933873292447 -2.00207673625535 -3.42408513868538 -6.3662760576854
3.76362042039731 -0.941127848919059 -6.56379470716149 0.169371153545071 1.4385782492972 4.35250895578707 -0.411992884797705 2.42367894523403 1.70250167767233 -0.217427022924621 -4.72402606226161 -4.43298595872962 1.80220817827482 -3.0984300215802 -13.8094682132575 3.1796796389042
-1.8207656059054 2.73755753986336 -10.4413380504016 3.01896257270898 1.0712145577549 0.723426394044883 2.41807390094558 9.94564601547257 3.01535804764518 4.91111107168519 0.518608623641767 2.28898798599253 -3.58806130476837 2.42595126934391 -0.261137493182606 0.97364266466761
-0.182315915588014 -1.6258267890166 -1.32296980835005 -6.67184680645104 0.380784254326743 -0.285816880255608 3.83532817010948 -1.98710383018842 -1.83322163634547 0.50221608553796 2.57831976085113 -3.89334495223025 -1.84554064971211 -2.97516887937844 -3.16283929033506 -1.24309531969991
-0.844976035937141 2.3013928294206 -12.7379043847831 5.62831301699275 3.42080558201926 -1.56946255312978 -1.44814343603789 5.15552868809011 4.1587173499644 4.32634569898639 1.21756856461308 0.964139623667159 1.45780896933167 -0.076053492849078 0.4781761756825 2.15333834845081
1.34109631662055 4.71996660385947 2.3876635371383 3.1772046128969 -2.26277197329033 0.794958508554076 -4.89348821206941 3.89839996163073 -1.51196273957 1.7667261275438 1.10493574853523 1.51830258714629 1.87517029543179 -0.447418372807991 1.73112390963019 1.22832024770866
0.294864362717228 -2.29756815716905 -1.94029142196554 0.683945151959415 -3.30613670500817 -1.7689180896888 3.68891777972443 0.0975480013771524 -3.26377947610428 -0.991275620394727 -2.18988759399174 0.721019431225341 -2.20896345563653 -1.3027373707611 -3.74940297887544 -1.43568680892593
0.462776132231103 3.21317165709434 -5.82901039615331 -4.64129908506519 -2.07549576359557 1.79199144893995 0.888199587238415 5.67699740378838 -3.18352548100424 1.81738191214092 -3.2453102452364 4.22776188529842 -1.89012630655377 2.84261672187654 -9.26005564364054 4.02868363591977
-1.41292298961995 -2.92550266333074 -5.13226066560212 -2.55469945306534 0.358886508561228 2.09504584386867 1.73800690387489 -1.05006174036207 -2.40260468224298 -0.304968014248543 -7.39095480597211 -5.13775808834409 1.51207177342842 -3.52210659847489 3.46920383352116 -0.450200860124266
-5.45080434756169 -0.688182011409246 -5.22232763619804 1.28704048920394 -1.47940512301164 3.66772441949981 2.17250336913684 3.12471213982658 -0.322717951202053 0.929720272656895 4.3744070957565 3.8411955843407 1.88706938989713 2.97966630102926 -10.1012791854021 3.22065721110876
2.24378667780468 3.16638557295849 1.86843183939357 -0.403613026319421 -1.41523209217972 -0.515434307938647 -1.89083509251391 -0.819430927866923 2.83602147489649 1.01369185377666 7.31376679967356 0.286083027139339 1.94694206649854 -0.714007307916999 2.35463883342871 2.13424577105849
6.43794778029314 0.135715800742888 -11.3179838782758 2.07830126894003 0.368682742793054 1.33834333153383 -0.366411967204034 4.03620670808456 -0.559945209399232 0.0239828185335389 -0.0534790077234525 2.61537819608802 4.94131185880809 1.18935814985678 0.827665249038843 0.03568371216441
-2.03147803234353 -0.617894596098031 -1.81517461653068 -1.34473863779639 -0.670475566852303 -0.429270521245924 3.77583619896207 -1.57666694773193 -0.123497521865552 -1.41374411526321 -2.70450619561987 -0.27802104052628 0.468966233777139 3.80857505892867 1.35232680172371 -2.61681828096144
1.64059128773895 3.06281412327882 -3.17774558438517 5.97331101336694 -0.550429694026651 -0.608176050579421 -1.06550426374575 1.09916574238485 2.679299159958 -1.72238157722976 -1.81437020409313 0.170199704924221 -0.967170981477261 0.25314409172249 -13.8630164462773 -6.96832019533706
-0.19402408630805 1.26328906781812 -6.48063380538275 -0.468408777736699 -1.56890375806668 -0.257233792136585 -3.92607045764486 -5.02380728041613 -5.29456322660135 -2.19063837813668 -1.60756793480332 -3.68936272514898 -2.55731080251284 4.41561160148483 -0.530157376985618 -0.53850327194145
0.814207065052178 -0.495319365244311 -0.808700537931382 6.2813475954935 1.07598792318065 -5.37526736211227 -0.942690795537714 1.40096877430789 -0.256591235523744 2.82400360786397 -3.75821052197425 3.09181453793526 0.636903288759445 -0.589126936587351 -12.2490010051767 5.39293655522121
-2.40220371561711 1.01802324617955 -1.97918509107242 -4.05841351795002 0.181407919876977 -2.98167881478404 1.54846773941154 -4.51619075514047 -1.69827097536006 0.903619583525743 -0.743370828468398 -0.158566572252394 2.64909474038829 -1.29286214495524 -2.3189765107732 -3.64478482958889
-0.570106463109284 0.788380438835363 -1.46800401009727 -7.78890356604147 0.549375112415133 -1.01273733602305 -0.091609926117776 -3.64248964365592 -0.230449276345135 -2.18394888044564 -2.55685450820315 -3.01254254114843 0.412898856918763 0.949767914539606 -2.24646968967403 -4.25725150602263
1.85696063163104 4.84060655697372 -2.19319267973179 -0.610000926749762 0.220872858774102 3.48347899836824 -3.28686628381165 5.50514299253621 3.2087538181433 0.391846786450738 4.19761055277801 8.73762110088831 -5.82404128165852 3.01825049706524 -10.0901916909713 0.734209245534918
-0.0098640667988743 1.51675785925816 2.73047148945293 4.79354620153613 -1.99249622425038 1.82483146010973 -0.197473461489385 0.176249999808642 -1.16180241767918 2.15632627678508 6.23395255388142 4.52198995174638 1.71713094104062 -0.491445589808357 -1.74122533642272 7.07593915610509
1.35546851249655 0.406611827087452 -4.56722463128958 1.54760212934893 -3.21922995883503 -2.79414951764784 -0.492916200670929 2.63302914031843 -4.84342144335489 -0.301555952858943 0.310382597576065 -1.42501937102142 -1.54177298756538 -3.5693969970034 -14.6673378961998 3.1752004508934
2.38724069729439 0.77825805233616 -3.79953856840537 -6.00496278184696 1.92427782864483 -2.08754328341039 -1.19828220387505 4.46048318254269 1.98620367788374 0.654004695769856 -1.51336057719296 -3.60544134278144 3.67289187532717 1.31663375290581 -8.74468121557887 2.75177034413013
0.237371808468473 -0.405425486033609 -6.20306920322913 3.62190069165582 2.56577292810353 -0.727270054538122 3.03554727924463 3.57619319593892 4.83878341983454 0.0087861378855304 2.46002816374103 -0.588845401600156 -2.58542456664807 0.661466745952868 -13.652020029902 -2.44222597544193
0.165819623585465 0.423034354992401 -2.96290247243809 -5.45849348712245 -0.0046656063552169 2.1252245154327 0.0664698761848864 2.39981230074014 -6.91686194256764 1.9763632954414 7.51672421758662 -0.95426180550664 0.198010394868117 1.67237215268579 -15.3330236532488 -2.5563966441374
2.22884004139979 0.882949043782133 2.99850636598237 1.54587125076674 4.54398991939215 0.645575497526698 2.01553265987649 2.01487998163291 -1.23450106873472 1.10333743431033 1.7458452569147 7.65403077877655 -1.44606096739724 1.02527403926508 0.687411451065179 2.58594504403517
-1.80324029865349 -3.75278093531411 -2.53414824616539 -5.08601793240566 0.0955588555808065 -0.907484163738513 -1.80513565517102 -1.81665096534482 -2.22901498823786 -3.32004314743322 -1.91811424852658 -0.116532751984822 -0.886448984971187 -3.32621021161156 -6.04225393088964 -2.57569915612655
-0.623515517729195 0.980200984398234 -15.1857060349759 -1.17857910892248 4.53800110515155 -6.26183197023244 1.52752280732605 7.64707773929768 2.42261640657055 -1.12271535397496 1.03656016961858 1.96923834506564 0.378813622905506 -0.587108814895913 -1.42688438485894 8.3695112454936
-0.980442728714362 1.05800462336416 -4.09979706008845 -1.27814022046373 -2.65917235113315 -1.66371286688217 2.10976741567243 -5.50280618214276 -1.76133271990843 -1.83099278121719 -2.78925849072706 -8.61836094210478 0.330666401876695 -4.90651066116559 -3.81148514085759 3.47132509850443
1.98344050416332 3.81378329370742 2.58293900148866 3.24405139568291 -3.77885738534743 -0.0880269026306951 4.30509662238685 4.99138370053653 0.144928488807489 -1.15878788788182 0.949020842014622 1.31083259075061 3.74519688276638 1.37180685159435 0.178388750484806 0.537937792034044
3.42456595250695 3.48815938250083 1.33458685349235 3.77449150923339 -1.63539982128097 -0.550264900223859 -0.400670082014626 5.91198241966228 1.68004903199746 3.78238236531234 5.53027671716169 0.844817681182814 7.40394807777992 1.22964300837816 -3.6938105063329 6.29746025294924
4.82269759502294 2.315535742962 1.28147341326951 2.62473961222308 1.0399935853003 4.2386158519569 -1.22737444214906 -0.821714988184333 4.26372908345352 -0.590424598809799 1.39942500345635 5.05856428431511 2.88738225421005 -2.84473789273207 -0.101674684078855 1.16469008040881
2.84818280424596 3.58899709771187 -6.36839657435661 2.1339814385115 0.0937487170439373 -0.4227877195744 -2.24911522039608 2.46578499892585 3.14560619338455 -0.214697047393092 1.68861290653322 2.43829205939444 -0.374319486443979 1.02053981752177 -0.335171280771023 3.20183981734114
-0.634084448112694 -1.82080498835258 -4.28208374185641 7.24904605966414 -1.62946690194841 1.72775104988645 -5.20502736797075 3.47180733553195 -1.37953692164689 0.507106633255013 2.97535513205858 0.468038820500902 3.21695931868705 -2.86130992131783 -7.95186702347955 4.06356369473686
2.8971566675255 1.00312903159028 2.17862079817921 3.42034190681504 3.86550427213932 -2.17941451542148 2.82887911750459 0.322115470284045 0.462980899910626 -0.451923926372831 3.42654019878121 3.13277423377565 4.79846465870665 -5.1826591381461 -0.071655694061721 1.89790972271476
-0.578362982983953 0.374799924246563 -9.33514315153578 0.969280709026525 3.69111638655904 -0.311174445180092 -0.370462317263784 5.83851325858238 1.57172251396442 2.41690153263494 -0.0306194878433604 1.71631724133094 2.81643845461891 0.529826718104843 2.80569597465493 5.01558568777621
1.49676028261549 2.0107781221591 -1.50191093672551 0.031330456322085 -0.442622974420326 -1.14739509701234 -0.176928148205804 0.773297023984214 0.797723999214941 1.65816058622289 6.61027453699099 -0.168896164583243 2.55781428135514 0.802294926567626 -13.6403371036372 4.37183355915328
0.230949670182035 5.77564956041972 2.57988823779954 5.68612362440017 -3.52579726156072 4.54632128288211 4.26432241103271 -3.68298364769799 3.42949631791557 2.82518515345965 2.11092650661066 -1.95519255628578 -1.12825309464724 5.10651121345261 -3.22008266404193 -0.630793942133328
-4.70367685141498 1.3539604822682 -2.04333666648759 3.00142393469361 -2.85468318178876 1.78152924550347 0.98372017486946 -2.49079290288494 -1.34412171542628 -4.19178038911377 -4.09628087791378 -0.08398752528303 -1.85638579824724 -1.13797498175326 -2.65449674949272 -1.7278206069122
-1.25196569677575 -6.03742661215339 0.0538729728520733 -0.316515904706788 -2.20656224628724 -3.29774099418849 -2.36958669078059 -3.45757222185432 1.15595641313269 -2.83306642931865 1.20665995553153 -1.50541518691 -2.2758819105677 1.12206399881824 2.46408683941578 -1.22398696467289
0.55456416932181 -1.71498240585791 -1.07702271428783 0.533181461700936 -3.03339888472485 0.0893348110332227 -0.26691299992948 -0.800548046881923 -4.71787793976597 -2.31703994738411 2.8469564585485 -3.01355708410362 0.802528912025972 1.05803721207559 -3.93886176681129 -5.4487925691122
8.3657216764349 0.970290347970054 4.53556227869541 3.00129085382843 -0.777381976373818 0.317109803458091 7.18045881828157 3.02675639679438 2.52154082234455 0.185173139349398 2.35518276316777 3.97413534244899 0.599868220590013 2.57264362987245 -1.66079859340282 10.0799329057711
-2.04932991856164 2.83918971857169 -0.945757200849409 -0.75916307501603 -1.37924500719152 -3.74425373020682 -0.510811012803875 4.08348215556074 4.89654102743165 1.78763616712755 -0.829889398077873 -2.20440207717497 1.97179663915002 -0.902542890888055 -12.6051506370623 -1.30744068359426
4.60858387595285 1.54156618347586 -4.00623125482552 2.52488095276325 0.694988888133494 2.20532285230313 -0.401161313154782 0.811797441420726 -2.38800381061702 0.282192688546221 -5.12725369088191 5.67657302832358 2.73008745257098 -1.11571401372188 -13.6307348899782 5.46717432063553
-1.3647275574285 -3.92273677925402 0.71120012694113 -2.72469257384178 -0.401576581770513 -1.62962419057571 -1.01370985881086 -0.882004852444419 -4.85452453894432 0.685600974196894 -4.90784825076653 -1.71214675524478 -1.42229012676492 -0.68546956976258 -2.17863870089916 -3.13189795774605
-2.04979612315657 0.705629811730097 -4.19441438733118 -0.495663815756155 -0.35416784093899 -0.0877813899752947 1.83353184595766 -1.40582289834718 1.41778767809393 1.55960061582889 -1.47223584100012 -3.34927761195413 1.03524416154721 1.58323653074888 -13.3754402957509 5.35443560616342
4.96079186510182 3.75000960386638 -5.36680538671767 6.90689526557469 -0.196231324179058 -2.95320683309554 5.71061476080375 5.90912416459656 -6.1047209757992 2.28052871176259 0.352807207147473 5.46860593861178 -1.40956774083963 5.20499787849168 -13.9345024310036 0.984871310401804
-2.90901652706325 0.042866233975539 -2.01722734414994 3.43098149127755 -0.0296594402319175 -1.97234459416279 -0.692522757927796 4.87764289784109 -4.53018479692547 2.94825763982362 -1.69549998916121 -5.96792041936062 -0.195618232497478 4.85677565727604 -8.67371757101547 5.92711318296412
4.55765332831775 0.960482492126748 2.55107443644679 -0.88956707980557 -1.67016125471569 0.559055338960006 0.903455060450805 0.861781709040251 0.717648922933416 2.48067941343241 3.62676192274758 5.57119228173487 0.394598761168816 1.80202291185535 0.1564729550482 2.37111077383332
-0.14501145887631 -6.88863080582474 -2.43207085190722 -4.39098422964169 -0.833207659104785 -0.0914762870800942 0.930055214842922 0.980889372349555 -2.9575565950975 -1.58428828722413 -8.53977053169227 -2.61676775917686 -2.29648755325556 -5.00149715790063 2.10172046852302 -3.41166081763733
0.0814193286500493 1.23265870781677 1.56323365363108 1.89982768077892 -1.06765783496727 -0.409094196277558 3.05590565710765 8.47307638011789 4.85511171892985 0.487762412673759 0.743957159053712 3.42309151748227 7.31663614814059 1.08581039187532 0.440388351969124 2.49786120105041
-1.98081690934541 -0.729721713927189 -10.0997621208797 1.770209807 2.481609293256 -1.40340086029 -3.35748599313491 2.83497897583444 -0.752138984186541 2.25118691254333 0.224108953044935 1.7983215770114 -0.283661293080901 1.8522439239217 2.34556745691647 0.987148523794962
-1.4066897955343 -0.482240812620307 -1.86216624053339 -5.73696449981659 -2.58499398038632 0.875910083860215 2.85145314798619 -4.59909696603045 -0.879340193202623 -3.5290870207308 0.494221096346385 1.61109369090601 -5.94082342283719 -2.50500359862172 -1.88226045476625 -2.98426645226671
6.63873744377802 4.55283296921954 1.2903003131985 -2.3760098748042 -1.28231492714711 3.6640259607211 3.4476232095911 2.34473794455913 3.52171555223159 2.1699120152776 5.32162380538407 1.01868793992358 -0.777024648462952 -2.13072881571656 1.98288603743715 1.27641110436434
-0.693450712577337 3.4422764038216 -3.35709305473257 1.09680741996911 -2.48725139601439 1.25322814634566 0.411870358741223 3.1692849225134 -3.07678709267938 -3.9247276235013 -0.4404993272955 -2.14229952511659 -0.72276775241644 2.33126102053918 -2.05163941050612 -7.82649389961944
1.94863965444067 6.1772047899358 -3.09700993101599 4.26288078127575 -0.504067281851642 -1.40940797883712 3.45681710207274 4.80810778178959 -0.709523454791502 1.27129055453668 2.46703226621779 -3.12787617196754 1.42641071883605 0.974283541894421 -10.4237070545822 -4.1668108448893
-2.729707728298 0.53441638408205 -14.6506769524068 4.86955331573082 1.78177244763799 1.65773210474481 -2.41926347280199 4.89041167178406 1.54815137390862 2.41106922308238 0.510947419109117 2.06654268067033 -0.694124653334649 -1.26776894706979 1.89042125838863 2.62151005464607
0.066611576477571 4.51178177018078 3.84037843946354 1.06162372955199 3.37597061459684 -0.68681061421063 4.47686612315038 3.43190158058645 2.41691009339082 1.08017936604076 2.14219810247652 5.10215469532797 0.284129205752689 3.154349985624 2.02972164959428 -2.81110206710736
-1.63103442144858 -1.35719235036963 -5.21427313249064 -8.14362561570553 -3.25320358566401 1.55171938191432 -2.61103527457789 -2.11712040726466 -2.22585546757707 0.824428345325419 -0.348155902765891 -2.08084718482998 -4.11111403643689 0.703253297464548 1.30035307627123 -0.563578813608939
-0.115290285086414 -3.09609096584113 -3.20016058547109 -1.53939542914798 -3.845050863631 -1.08659631973881 -2.40245611199313 -0.75385483499868 -2.66396134496159 -2.79699199734871 0.429323910794418 -0.846706331609831 -3.07114425790866 3.49885955128556 -3.69345323139816 -5.33116729880582
-2.10312285866759 1.86996988135418 -6.89317710382993 3.75530574782909 -0.803938687046805 -4.99641330949271 -4.32662556176553 4.57976444829451 4.64303240175994 4.27037690526332 -2.06626311542992 6.12722260938653 -0.455744039255593 -3.48229205469964 -11.8494202696202 0.119199548244447
2.54283469972564 1.4907632707935 -2.65482302787749 -0.693656862904407 -2.17893681554966 -0.104830076102897 -2.56694005277341 -1.72712113484372 3.91780553244189 -0.993692274463169 0.124278913376142 3.77908826862964 -0.168064465080238 -3.725122073458 -13.2743406014656 -7.43899442302925
2.21474929312209 1.13794033597295 -16.9818009891703 -0.265320735953493 -0.827486947652136 -2.49555419982208 -0.900965740188423 3.1325094430422 -0.490346520029276 3.07903206604237 2.42029065169459 5.40916898904271 -2.23415569301335 -3.55735985458586 -2.8452953434329 4.08443169353345
-0.71579015671756 -2.71642715364309 -3.12705915849727 -1.59296909259719 0.388606766744436 -0.340381630833698 -0.55542296003572 -2.54222385992815 -0.0115894699734826 -4.67836279075772 -0.0190313766870316 -2.08182314076927 1.72397383631368 5.09152475001811 1.42187872074456 -0.076039633632726
-1.50665322086596 -4.81234158875095 -4.39642232237587 -2.03349358362148 1.00022363925223 -1.46227657270794 -7.60080215645304 -6.04852817553513 -3.14608430413074 -0.86124896258962 -2.71696996807324 -3.68600550878201 -0.814870202840846 0.765074190341809 2.48520911769753 -3.79761803839984
-1.52097594371582 5.7226514830525 -0.0352484689545025 6.36627817760498 0.998839522411949 3.06143758098462 1.55706573483382 3.96605370616358 1.34890226313616 0.0178051023031129 -1.22770440348741 4.43734585297009 -2.64987698793814 -1.35236941729103 -0.461369822634215 9.83381261282317
-0.0727313714360425 -0.201893512233384 -0.9054152788477 -2.77502556242872 2.39234529099274 -2.95089154023896 -1.43952772281792 7.09926133548548 2.12695017668638 -1.33770175293047 1.2609354600227 0.266995978854155 -0.941921613241419 -1.68475999824869 -9.90223406941454 1.90718966744838
2.08202810735651 1.85657619933122 -3.45149341116522 1.63631591488477 -2.05763263083712 -2.88715033317699 -0.498001667359084 3.86695806157766 2.47924596885167 2.99423014426632 -2.15444714665 2.68387078743697 0.463732578039816 0.617126984788253 -10.6757724809126 -0.106213575131889
-2.24799934043986 4.7430873766691 2.73815420686039 -1.0319565290523 -1.90290781338769 -0.944064482941958 -1.28960177635398 3.41654750115508 0.498602370317184 1.70893908297954 7.8660937502576 9.21330461919513 -4.11865057762621 -1.32600015356584 7.76795661707492 5.41847406035902
-2.18323896040002 6.16784605972782 1.94326591147716 3.48243716123323 3.12772933638463 2.04452713815882 -3.83133181215361 -0.584870508757214 -0.842665693472274 -0.207551972122383 7.26652057964299 3.6157036421127 -1.33334054218622 0.39968307020319 -0.860698836997967 2.98595486587628
6.6485149933554 2.95479703058085 0.899984115244432 -0.335131717187861 4.02691370911748 2.39149262431579 -0.0820720037948037 1.19398718514576 0.599470482506361 2.15752517558979 -0.345954819486062 2.74943323504911 -1.05527964635895 -0.7539188324274 4.34274838695069 1.17996218970384
1.44282345701983 3.44270662179324 -0.914722141201262 1.54519357948302 -1.74382151234465 2.85168826194166 1.88185881743293 1.96147870880808 6.34897504989582 -0.495594724083513 -0.15924699085554 -2.84877371025999 2.24928622587354 2.55538907787996 -17.1234174439826 -0.139361679183105
3.80558105306923 -0.712115369699965 2.22639740680745 0.89440449074586 1.55241579626876 2.39577273792085 3.99289992056085 1.13022457033017 3.06843036205731 3.32935018437317 1.59346081360451 3.59980079268658 1.8358574339501 0.24893062196374 1.56556317294427 -1.3698377441828
0.831155898118773 -3.61941326933782 -1.46693707948725 -0.304941202445513 -3.71540792991254 -1.9754402603131 -1.49506286374586 -0.200235722642334 -3.66714347765633 -1.47023510039469 1.80369075153502 -3.14015051164893 -2.72417616231887 0.524255691567268 2.60578424423062 -8.77324726478873
2.96363279195231 7.3889704894793 3.26389593759772 0.361134016232726 5.08666787918497 3.38254023614786 0.510108130434951 4.13031886691453 6.27282424987428 4.02518065807501 -0.742906315220822 0.898154286214772 3.60230533256565 -1.42918294968099 -1.76066110334688 2.9115677541119
-2.25143990183857 -3.92589646604449 -3.60819129759897 -2.27788112229252 -1.95417735545827 -0.381525249636084 -0.401516330960463 -2.00169988775901 -2.00058757057062 0.270033439902461 -1.72242084103885 -4.22313814333507 -2.1920329146746 1.66455034954863 -1.77243677601457 -6.01138681605006
4.12968128148988 2.54630922452878 1.91437895400616 3.34113362454154 -3.21717807663911 -0.783795648887382 4.11326766128602 4.84245729126613 2.25749924223225 -1.65697887114892 -4.71684173418595 4.86562578958108 2.05501316340863 1.63576399213108 2.92683013973664 5.81524951934699
-0.824424506054124 0.27061053259666 -3.86988669850376 -2.61178147941314 -0.739489437103456 -4.61808430891754 0.474671507306755 -2.33892069918043 -0.69977885569443 -5.33179882218617 -0.628103464681512 -2.78042689122683 -4.10765675049881 3.1464036748914 3.78076094578481 -3.61029328038999
1.13472863765983 -1.38524794857681 1.49625687271176 6.87810866553901 0.216091151338346 0.865412477505387 1.10440039857476 4.27451418846792 -0.102283359156161 0.0728714883443762 -0.420877767515887 6.38116762621316 -0.530035142150948 0.667128118296509 -1.43439575254585 3.1930856795324
0.567332891767317 1.17931828679054 -6.14780209145306 -0.542385316993169 -7.63612840234511 -3.1673319952132 0.0951800598917885 3.44431883719837 2.25521367928796 1.88218381764855 0.653531326575327 -0.34621091801336 -0.602453487598288 1.58218851408108 -12.4798195303664 1.0540401320286
5.28512299421238 5.75723509287538 2.4768428504934 3.66378420503745 1.02614856766822 2.55066708148426 -3.69942433627359 1.10597969229764 4.00874970860436 0.272114888887149 -0.973844081865483 3.26246302716336 -2.52507061225857 0.360759070944248 2.7543829444483 3.02098499000262
1.92752501332193 1.8416961314839 -10.3540544672005 3.85106851758582 3.10412843362713 3.33991280759421 -1.13295593671836 5.75004367887159 1.69611076247397 1.50376558557372 -0.315394196077887 -6.12354078844994 4.06893600419006 -0.511848145727499 1.11697918521283 2.14880141365388
-1.39372740384289 1.43433890351284 -3.27219951947577 1.63059147577246 -3.03828624741322 1.50535889010417 1.3325293598053 -1.82634877685723 -2.70296085126512 0.570236798113937 5.51524898479092 -2.63850716025171 0.102410291014606 -1.84262365967466 -11.6190406708452 3.52096657525992
-1.52805027288987 -0.680627288690195 -1.97169446427246 -2.04480474252569 1.28175297023179 1.33119705558488 -7.34990684269549 0.274744896131005 -0.584545408044191 0.426590747713043 -0.518516286625515 -3.13923779423069 -0.782782015742916 -0.296165614848062 -3.28285542766495 -2.87320908706698
-2.84844520346458 2.26366999858398 1.90885877350739 0.0657858668061841 -0.57944341126566 0.473790829658965 -2.16427322640013 5.49631402246411 3.94927618172008 3.04097432197647 -2.10639926782859 2.43192862960093 7.62589231129084 4.67423347446956 2.3693103931204 3.13893347230207
-0.688905830338085 -1.42076311220046 -1.74470810988656 -0.659476544733043 -1.2666856595132 -2.84313429622499 4.5952398084396 -1.1230147999351 -0.636381735154234 -0.559716961167424 -1.32329414384106 -3.94213576056004 0.409389819605654 -2.8888487140244 -0.769261427942962 -1.58735657893409
2.81435498827546 1.73958098053061 2.95036784693334 -3.38285944575821 3.8996156129158 -2.13428310772978e-05 3.84580826057339 -2.59130836027106 -1.16019576872713 3.68742282363715 0.9406463675517 0.605240130507362 6.59853912711878 2.73984972931863 2.08950246192704 2.04552612382562
1.16010755914798 -0.238488599662762 -10.6521268192651 1.21589362911634 3.22875958800674 3.54088262540488 -0.140022911473546 2.9191311835777 2.44234747898731 0.0508734535576876 3.53077224374315 2.36671692121356 -2.28001424239704 0.490665763161902 3.09950926368196 0.97336610107586
-0.47088311520494 1.36755073559415 -7.06808915190118 0.870658427175744 -3.56515606320396 -1.0620489222868 -2.89425713684042 3.49690028534895 -4.31159316687777 1.58946409759541 0.874625063178642 1.58400020053551 -4.09222539530186 -0.40905394651111 2.09557957773719 -0.537871274933492
0.50983409175494 -0.563670903885089 0.242336482005726 2.38307888313197 2.33936730980192 0.704778893804185 3.61961338728426 3.80020024601067 7.41050054690394 1.23866381823973 -3.25002798800942 -2.7185176540171 -0.280108297529208 0.250590132646091 -12.728581122169 -1.09816614031031
-1.19755149438955 -1.33252123322564 -3.34146754128014 -6.24469147391858 -0.449458298379928 -1.7717666584898 -6.824483337644 -4.02495120288434 -3.96338719324324 -3.7423999906148 -5.82518876248424 -1.96464273407596 4.11835147038734 -2.71960880553707 1.31125017625634 -0.654387991069555
-1.79553983201283 1.08220307753256 -4.07074957994472 4.81681037000655 4.99590479335197 2.30905523890602 -6.0315266475622 1.02527682072072 0.956357765289462 1.02053505083183 -0.0677036302513357 -3.27169334601514 4.87926779395764 -1.28530304515511 -0.450628743634586 1.93444133206783
5.85426943149009 0.186450824504483 2.64735818752078 4.03711973088048 4.96989661939285 2.02918312558998 0.496030720105208 -3.18176361833818 3.7327484958361 4.3488226139679 4.05463473555684 1.41630910050446 2.07249719964316 -2.18709266140199 -1.37475544961846 4.85161231855573
-2.43601030452404 0.897696778673033 -9.92024263899598 -3.14801480462665 1.30744379403808 1.05282650179546 1.78079068851473 4.07991841792181 -3.58273201179029 -0.809853177405084 1.48563699147022 3.12181594076879 -2.80677088172925 0.640215598065679 -1.56680514905694 1.36301547227802
-1.94583560849121 -1.54505589790456 3.98685497487022 3.33646922590628 -0.741091116149023 -1.54263531554385 7.26990327420123 1.26679994188408 -1.26874963245054 4.33848858826543 1.49315756614478 3.85915060739217 2.94247097465227 0.442479254587534 0.868264741603897 0.166807416314002
0.868188621441689 -3.2812474876071 -6.22868109144819 -1.83762023091728 1.93392177984907 -0.596501577364158 -0.175550063838179 -4.86572259844879 -0.18042504866266 1.28352153283383 -9.14885754978139 -0.126282858300238 -2.15443908106883 2.09602088097172 1.60760600039802 -6.47496021577308
-2.34118432768897 0.641605468384167 -4.98423838648771 -1.90190051838457 -2.51414961378123 -1.40221926084607 2.79644781560201 -1.3955048318983 -1.8067543736554 -3.47248511121932 -0.293494948660146 -3.65402378662652 -0.16860461573013 3.8726424989836 -1.83041164369937 -3.62354996411232
-2.89624874218425 -0.931681011039663 -13.8851502959046 -0.387714256534218 2.74225281134222 -0.511734118800488 -3.73137084143363 0.36304302833013 0.197424093151532 4.69383368154111 -0.0728458398968622 0.280574745731267 0.669023745325954 -1.0504219200695 1.73293933719879 0.555069670599207
0.51994869422271 -0.770076049714168 -4.54616826020841 0.288662725250535 0.697866187198874 2.10162638308682 0.309019309625049 3.65790334026095 0.787276481311845 0.784405128815188 1.93910893648223 -2.83731910227644 3.9872262253015 -2.0687050977061 -14.2342193105265 -1.75231930297443
-0.300473526250258 1.00355702874356 -1.44842450714047 2.00003268789648 1.04474449546604 -3.63043157865535 -3.31574684101247 1.34995551191123 -3.65291546724241 2.97048025193609 2.77990049400212 2.28394744963584 2.13386916088611 -1.57936919362826 -13.0335070126498 4.71540390242126
-0.814198284631695 0.504699262294068 -1.77396146966197 4.33425721560373 -3.13130154196672 2.31400596959253 2.16268576867667 -0.611248498453546 0.308977537449639 -1.30708386202047 3.35206264663116 1.01353697764779 -4.007172424756 4.13282068457737 -4.22806841268632 -1.73796632686739
0.931876395904139 1.83393525084798 -12.9768632627738 2.28834485650999 4.42837332825926 1.24452484117429 0.393046472539085 6.6351661849964 2.00130830103037 0.424110334884266 0.693068064917047 -1.18098887402087 0.770193584649187 -2.30776538442519 -0.00410944478728797 1.37856138996544
-0.662564165513878 1.95251393290715 -7.80059311548648 2.81930846470749 2.23889780391637 4.17397640573741 -1.88090522904762 0.879267377254005 0.794018838621116 0.87234828013054 3.73312337173403 1.07534361139818 -4.18181008267857 -4.86446085863548 -10.0803253340713 -0.437909151155293
1.53222424551186 7.17646645028436 -0.711180904996014 3.25429041965165 2.52536981131907 -2.55983196374393 -0.13732549694808 3.79946241462206 -2.03990678457442 4.65548587704575 -2.31581745237945 0.341707918766557 1.41560418098401 -0.832453589839623 1.91002092713997 5.74211614695483
0.892207577846353 2.43196926073331 3.86466803997764 4.15784363769229 2.4640744733601 0.728105596918741 2.13070630793495 3.9904234697575 4.29848166708792 6.44652581029473 3.25197564188954 1.40894784016613 2.57058594668225 2.33551735659049 3.34973775814235 -3.60953287537664
2.28419657613859 -3.30616599332641 3.76599780229179 1.55740028275786 3.2421578905004 -2.45596665935159 5.45162589430405 2.15832741742238 2.7277744230265 2.08744623821827 2.35594680621275 1.05587649336632 3.67876743018497 -0.978177130510025 -1.49719497111992 4.95416505962075
4.49619662375469 5.99563019889284 1.18238816336073 -6.55317008877802 -0.195051331139672 1.36933106275702 0.689009828897993 -0.322546149139433 5.99511997297532 0.465115115118813 5.7040650767172 0.783897645354309 0.858400749567674 4.19114564999307 0.191073112865904 -0.675483109875876
1.08211464168928 0.596653850401089 5.77309078490477 5.71744831856797 6.45591509110705 -0.424512706834381 0.843809671316245 3.13935711105707 1.48445606700882 1.767104453096 1.84699131113189 2.32980683145099 1.20820476257968 2.47270537826547 0.271968401548833 6.532351660136
2.50154694613574 2.4532135634076 3.29842069542505 3.95734567492333 1.91696780549941 -1.33671752882035 0.45011586733802 0.376521203255901 2.79809024392645 3.2460098241163 5.36744998663913 10.6565170104571 -0.359876414197779 0.486038724223193 -2.54540375671269 2.26769501337204
4.43054991609888 0.232017942070926 -14.0674922745351 -1.18912612861865 2.37580698604552 0.216043864736932 1.70654809099008 5.42745709205491 1.47110271190959 2.88555656094659 0.816213408140467 4.94512308325251 -0.0673932436457245 3.07509852342893 -0.205172327550047 3.37344997630348
-1.23169618601068 1.76160113916915 0.227769536980583 5.49398225878075 3.31427806929742 -1.06568707712748 -2.05296581463599 1.57914871675344 1.26689283873335 -0.0814904188492706 6.98730078517363 -5.29966527237507 1.44933225761058 0.283725818520163 -8.49123544122994 -0.687959451540609
0.00141161232460801 -1.21798718010156 -6.40966166701859 5.30229256349702 -3.39856987078726 -0.772730512473636 1.32263784563497 -0.203793173998241 -0.326481267033477 0.260683026513014 1.37651066724066 2.59974450152731 6.32597769921553 -4.17975785000726 -11.2859231050546 2.1316490880889
-0.466956390369715 2.17367486190209 -1.87774809751603 7.4889593947407 1.53217629361948 -2.93152446293757 1.75661407324535 6.38224747478176 2.75366058912274 0.374000305957708 -4.51758976915816 0.436861799843026 2.79639641753207 0.767813817842897 -8.38753018933376 6.802256263828
-1.59393377776407 -2.03565346355376 -2.1058542357414 -1.01976817364275 -6.43726828342947 0.961003113588628 -3.1664316567018 -5.10540538020237 -2.7870307271462 -1.08280045246236 2.09878068414129 -6.15954105159672 -2.7934410319964 0.349924199094898 0.0926073876753762 -2.18735573332403
-1.88698074869197 -5.09255580226529 -1.99946067651543 2.56221736366279 -2.02585111692669 -0.385081850744821 1.51461817254292 2.18076229606274 -0.575063854649579 -1.75026112457792 -3.86612860072047 -3.02582575884158 0.419287769577704 -3.61107845435209 -1.61711711908277 -2.49134336047939
2.66336303846483 -2.45968911906419 -10.8650072067159 4.95366227303682 2.68110800998854 2.63626956943136 1.47811259808327 4.81967655298256 -0.665709803592347 -2.60258679893871 1.2996757726088 2.01606078039436 -4.92507002089341 1.54092910270082 -0.28640471272589 0.84538085498561
4.01117295601868 1.20630548235766 -5.63805602612444 -2.01063450220728 -1.81378649096922 0.98371550880062 2.09923000682669 2.37192291749902 -4.19912203450354 0.693867301210919 4.18397156588043 3.7625042192862 1.067119323659 4.93268427001134 -13.0159157012259 4.53591208870295
-0.024398828547472 1.37261538184851 -0.88638339940281 0.00205072060194322 3.52736807671561 0.388103216854446 -1.86919350691127 7.04610318360606 -1.89517775543519 1.68324074313698 0.701570058634349 1.54843643779031 3.3359029664762 -0.579684097224258 -15.5265288481991 -7.5792448372064
1.86678861226952 5.45677823125743 4.33455674595775 -0.0789012671793818 0.190855338795799 2.61017744500695 2.52925898419352 -4.08642361808622 1.4853404434169 3.01696181728876 -3.88739549806471 3.89002532261174 3.37014301084763 3.74507108516841 1.03220802041083 1.55914385779011
-3.32371388246092 0.683977612627268 3.57847750395149 -0.309836030127567 3.22615648750941 1.12832247578764 -1.60039563941146 2.99925072039031 1.32032543662997 3.18287241661301 2.48755143235954 -0.00584831690177356 4.04238839477603 0.905251840629438 2.87503355231049 3.05815632409436
-1.86293692692275 0.613325936028516 -13.5659874419899 0.958234130916853 -0.84673010157714 -2.47533949809214 1.22669072775298 4.89841680243381 -0.396149978197674 -5.52234971507172 -0.283824397708753 1.50114450996291 1.32640939121272 1.08803648393334 -0.291688745132533 4.4979851399206
1.02438167528144 2.29479737646126 -7.72204643427105 0.31308555720702 1.72822560385817 -2.22103501248753 2.01040210730775 -2.4556035837478 2.76359212572534 0.0958717436120529 5.40428425919125 2.41096268901634 1.34075798019084 -0.0833419516791009 -12.9273771161288 2.16112170036594
2.7389860931495 1.72830681156857 2.73721008721352 -3.28135454931455 -4.19056253858412 3.21383864592505 1.69124252897118 -0.114840834137536 -0.25292382804093 0.556660483778163 1.08921491909286 6.1185691674264 -0.9457185178666 0.81517723895047 -5.1881073725735 0.939767136649412
-0.561829417257375 0.777234689967968 4.22859189210681 0.431634686479527 3.06707482603744 0.0105613824849708 1.33947483256551 -0.356835206072076 0.311404707946724 5.18468025523871 -0.0247989350346556 3.16447310862998 -1.28884048543885 -2.14604963811947 -2.41392267842677 -0.261683068101715
4.40923237373757 6.04853170912138 2.11556809691128 3.98452564622703 -3.31805897096014 -0.672290138506493 2.77304255981995 4.89489828737318 -0.357312659515178 2.51342583564725 3.4099891117375 5.85262873003635 0.505138416492859 1.31141496519169 2.81467813943332 -0.0499180491375353
-0.290352103544628 2.94288736130873 4.84893237492325 0.286424053751107 4.83603136953843 0.548645922132167 -0.129817965220564 3.62106290618537 2.66555042573342 1.17542201416108 2.79927518430246 10.0389732621996 -2.59248995109046 -1.90928675660899 2.0269425917258 2.0207070246329
-0.115174671895938 3.14444495112246 -12.858347904587 2.57096657705955 6.35524731320745 3.777092139686 -0.822368830520502 7.22621505460295 1.00888872677606 -3.41010060071398 1.78129971592334 5.54155675206634 1.17184755005711 2.05214508335276 2.14723266836684 5.11752185193801
5.14882295028069 1.75645436509613 2.58306865130968 -1.26185555071428 -0.953146895533487 1.1748342476239 0.0947673483707037 1.1781590086232 1.50191295247725 2.12701340719976 3.1253328270927 1.63611185028867 1.95868181900954 5.34366697046462 -0.920914078000241 2.07303549568969
-0.860681178079438 5.41600726592969 4.458276538059 -1.75709137269917 4.21880336248846 -1.65985154127111 -0.261937983976257 6.41070141848052 1.27152961074904 3.62990631875833 5.88605350435707 4.293053624944 -0.224243679655488 -2.31393419764866 -1.60594142838064 2.32199518441089
6.01279830637814 -1.08423206821232 6.14440638212621 1.66126277091474 -2.56227067475161 -1.8276921454328 2.66824211877244 -0.288563094475308 3.67756161855789 3.7207898479178 -0.587676317169892 7.18074939511245 -1.39390935329283 -0.0886264941401969 -1.6319654560219 0.236999652956228
1.79829997369251 0.551777344400463 1.31747873963559 6.17249960665149 5.22467093623436 0.855312002748692 -2.79439906219277 2.24792680056801 4.64784693700686 1.59231736622418 -0.904089947673485 2.8760760746345 1.90780792063582 -0.605856038570823 7.17159387913325 4.24507650943953
3.94080545009748 -0.199160547009969 -11.3881904913317 0.991157349487469 -0.0435581342694188 -1.56704066231265 1.47176628657526 1.73678448390769 1.4277527460774 -3.32667131798394 0.804165730055191 1.93804753707538 3.89610322147436 1.43750796799641 -1.10154216315574 2.79858120811767
-1.40185782057751 4.91303783279255 5.58116065377265 -0.979773713077939 -3.30200457869494 4.07935922807084 0.92548396527827 -0.603383387056866 -0.520138621923585 -0.295215981513508 1.99718059185881 1.64872343634042 -0.492683621109693 2.20568417793309 -1.89979261104807 -0.957910516878666
-0.661292063882493 2.94996648926542 -10.0309715301836 0.0844954078860649 0.0455387863602096 -4.2180722637286 3.2545414915474 4.07321973907492 0.0230238789193689 -2.86906392541257 0.674850494617912 -0.487752084816435 2.32816728266612 1.09617126448809 1.6836990067887 3.1296402453915
1.27934625373573 -0.407184432155175 -10.4012309593762 1.13014895003969 -3.61077631924049 1.406124218143 -1.30662695073302 3.16225735702692 0.148410844018683 -1.09028967032681 -0.281515222855395 2.73290909474994 -1.16218877043734 2.77503051971131 -0.0920652136849255 1.55895266415658
0.769386621763954 -4.67297312844072 -0.842483742877363 -5.68461282560952 -1.01976686317049 0.597217268196025 -2.1286548545705 -1.20805359206748 1.71050805979963 -3.76235081811253 -0.344526170055538 -3.09384113499351 -2.59753728527876 -1.97136157443132 1.47270039645566 -2.51774424161328
-3.59757315897346 1.3644753885458 -0.946991995050443 -2.26345853400132 -1.98575462765667 -0.693056926305326 -0.924656246238641 -1.79668659833985 -2.08717789582392 -1.21372824272158 -2.64138815553353 -3.85155691500802 -0.294778347063887 0.986565717713158 -0.101590025793375 -6.54463535783537
0.105859592018005 -0.269419184622179 -4.56693857717707 -7.50371123621059 -3.87093816731461 -2.22021889099332 -2.45215053811751 0.373346481789435 -1.73023624068067 -2.24545643945269 1.49689349016334 -1.58338184071039 4.01728525071386 2.68603716248271 -0.486892869225705 -2.54321644177678
1.5619855781803 0.0689203233561941 1.10240263483934 5.56965060348249 -2.08646330576058 1.16660360781733 8.11322995948887 -1.04750688994934 2.33691802119627 3.66773758857597 -0.527749863842182 1.50849835123017 4.22883724797647 3.068560739967 1.96392987566609 6.51833752440881
2.77456505528073 1.05929615513481 1.37848480968558 1.21546254201187 0.371503259472086 0.681142066438905 1.42599013512005 5.13273202492135 1.24586144125552 3.671697931595 1.47810035793067 4.68530886175559 0.724882153735562 0.903783607826404 -2.78091624886926 -1.61381867216435
0.623098349931545 0.664058194965908 0.504393707781028 2.8900088745872 3.56048807852776 -0.275744814351326 3.20783770431385 6.06588249017972 -1.11152358974151 -0.657259953967005 3.64245140875971 4.58379689135997 -0.0989527239427133 -1.04984622193535 -0.609213216225901 2.7134527931128
0.376902708496928 0.446793737628615 -13.5873604697548 3.13487834175089 -1.36136118330445 -0.0890496827107231 -0.272847211856993 8.16553480781613 1.8422527692677 -0.0834530313984847 2.52708648232629 8.36779583645042 1.84362232020379 1.76543284275166 -3.27518522647651 0.954619074796083
0.16722303803575 6.89185543772582 3.92484348014044 0.691740397580485 0.669574782004005 -0.981005643928226 4.62012567026071 3.25743557098573 2.98928850052246 0.55520638013534 1.94979815094271 4.58926249853499 -1.19587642235881 1.46580107136786 0.969014932091711 6.01293250136658
0.735942287459725 1.9542643532681 3.32672523494361 1.28897008337118 0.563556524654532 0.0555297136123709 3.30585158369502 3.99893599902827 -1.41884253627213 5.08288505698148 2.22848384682375 3.77170004142666 7.74378427295475 0.947843214674247 -1.59709664533558 4.42502705603039
0.785394001941799 -3.89458176250035 -1.36602580996894 -7.43242443183273 -4.00108723465847 -0.631957337833554 -1.31381861521955 -3.43480675601121 -1.10105729250652 -2.1897554271347 -4.41385973432084 -2.67826125030174 -0.134816055072158 0.899383973291827 -1.82595463587636 -4.85397623410769
0.915069017683112 2.23435996422593 -8.77609043597697 2.22152278445909 -1.94798238068549 1.59318826337019 0.445383954459446 0.970059576477877 2.67537315950342 1.41196428673715 1.6624441464828 -0.268941156006749 -5.09094032054779 0.478100231574634 -2.10333505027943 1.77323741298768
3.60022252901417 -0.298402413862991 -5.3656807422882 0.00953385202737422 -1.74883038770254 2.22625915895492 -1.12187468704879 6.37187253294066 -2.29040296800625 1.41225177739917 0.324450583811061 0.618304855839043 2.65227744222866 -0.93538633322184 -12.3733047204995 0.509033619550832
5.20908686870421 -1.21386278806085 -10.2404194306923 3.49825403361326 9.06002828251646 2.92125062407612 2.73774382495735 3.40446274846531 -0.0227112462312186 -0.05571903098052 0.812513135322384 0.854721461210617 -1.19133553715742 -0.170512829360157 2.97385432541521 4.20491544222029
4.59060358906561 1.22135307780487 -8.99494104301405 2.49774864250902 0.668183797047187 -1.32900091467253 1.22654639926603 7.70290665435719 1.3902415782493 4.65766866107828 -1.18480644189885 0.757891316610503 0.206407367220433 -0.00771116711673148 -1.67719559606208 3.26196118269172
-1.1097388082959 3.42600180312189 -5.43638451003554 7.23243707622576 -0.880667113224226 1.40599605707307 1.53955332172524 4.16462688023459 -10.6910526860579 1.60957467093676 -0.460975513241572 -3.55514019822567 -4.39648966710457 4.01818055661399 -11.3467545710535 0.419364925293187
4.30505699691659 3.31881780448438 4.11824187612614 4.55024763589622 3.38025292474361 -1.92814116906169 2.41694219184747 5.32436416209813 2.96056119871428 2.26401959473135 -1.4689024543475 1.56572676515985 1.78280861068754 -0.219359118338441 0.432933218338584 -1.73610090884908
-3.05258816375738 -4.03038313349438 -1.97884868452 1.0000145287721 0.318639994910712 -0.524779925149114 1.56947512088167 2.23163278437099 -2.07893900273037 -2.03779628664188 -2.44472545127218 -7.63381808389438 0.136631141383655 -1.92310424799534 3.61501082329535 -2.47985170707235
2.84595893655302 -0.933538411369735 -12.5943619291095 1.09872173702881 1.45010882027293 -0.266218950954258 -2.41857444564711 5.21008603659624 1.06703513019582 6.04013710476464 0.590780375631782 1.34761908131249 -0.0045951270385719 0.498911368711617 -1.27197673804214 0.764998609653062
0.368014421669147 -1.04785036633424 -3.07354438748813 -3.00587781659092 0.425596884533621 -2.38762789945671 -1.11937837009463 0.223143306577357 -2.04102980504273 -1.76828893181572 -2.56987813847594 -0.28569685799598 2.4966584660106 0.141970511441957 -5.05116520042999 -3.29008426392151
-1.86390015297704 -0.894255228320563 -3.80972919783122 -0.596261747800539 -5.80354257037434 -0.857150297176318 -1.81740374678485 -2.43157531358585 -2.33291375377971 -1.57439817789104 0.0711146178725144 -2.28765625180003 -5.26127309322057 2.949403729226 0.973958036976825 -6.30440433219799
-1.9116052226513 -3.25776803507311 -2.98324152288102 1.24978084946136 -1.72825472821529 -1.50648617301148 0.17546453101974 1.25353773104508 0.754875291288934 -3.55198092008837 -2.89059371861773 -1.18210749533541 -2.33550628420891 -6.5463705098067 3.0725064950477 -1.18831534364665
3.06109098119782 -1.02978205370364 3.89220555856624 3.25937489538661 -0.324957549241979 0.161749067972751 -2.83072514883637 -2.31753955128474 1.13928800340118 1.66182919267285 5.17828833913634 0.492452778321489 -1.76071967296228 1.44240313330529 3.84973736861837 5.72232889780657
1.00808784633539 2.187490957922 -0.236491126625604 -2.94540803931892 0.32665543573876 -4.07883688367561 -0.448839814150656 3.10774562163205 -1.42971011385016 0.467183359619966 1.82412312609349 7.71384369437929 -1.69164985447866 -1.98838365634455 -13.9967571898738 -0.0861364985438386
-1.47346070776501 -3.83827493415542 -3.31322547570377 -0.37513507320956 -1.31258585483547 -0.323968883378113 3.9841265987866 1.29236522292316 -0.40904625353682 -0.453249554293226 -2.11123019162512 -3.72308062168484 0.282984627159869 -3.82657714900946 -3.68004686044467 -2.34305803229377
5.57865911199172 0.0560079235547881 -7.30156037318761 -1.36791223743092 5.41872549134698 -3.16264439918318 -4.56744136482027 1.83528752713166 4.22266557216603 -0.521919788936905 0.185690704405331 -0.238678902097357 -1.77845858487705 -0.4975714552833 0.43629867361376 1.59794122917616
-1.53873210864076 -2.77120514306685 -4.29021722677681 -2.73527946034203 -1.21351310846867 -1.12470795028407 2.82354609316959 -2.17497808823649 -0.23728193479857 -2.76524577092348 -2.28348077135446 -6.40098946084772 -6.433962216622 -3.02557029579978 -1.25487024497737 -8.22718635795007
3.61273223459902 2.11148715093294 -6.04429242615933 -2.19783311959406 3.19674264824958 -0.0440843864493115 3.02271138655476 8.41962164569371 2.57510252609844 0.656528060612025 4.03534778631553 0.74870747993703 0.739734206330262 -3.74887478406998 -3.15333708326458 2.61002175601869
1.13492729421999 0.634459059952805 -11.0264136954482 2.65717278959643 2.16590274936611 2.97590876461095 4.87169411842029 5.31428707905228 -0.0913470792109916 -3.92801641344672 0.11762019786952 1.22823330084838 3.10944266064649 -0.881168304092311 -0.242617685339686 -1.21363052802826
-1.74699996418506 -0.666923140168207 -3.94265413294283 -6.17934839649246 -2.8480872682898 -0.368214216229758 -1.78879285600609 0.105647471133428 -0.916827182881313 -2.94910250366585 -7.90503514026349 -3.97183049149118 -1.65065828400114 -1.1859198633368 3.48649479450028 -5.07302118933887
0.866780328576896 2.88926394711598 3.01783464294676 1.01017110804518 9.2211466049067 0.542565790746113 0.141169460557706 -4.03403098416888 3.92349650207122 1.0407126143741 0.777567833325131 6.22008870495691 -0.232263916302071 -1.07453964445163 -1.02429824877911 4.93322541286081
1.15922206271553 2.55954565247259 -11.1493530012626 -0.213154570476996 3.43711167843701 -0.72970523550104 -2.86879704842841 4.57939952014917 1.59229037983107 8.47927057241398 0.954684986901268 1.09770381348271 -2.97583771605582 -0.284556464161305 0.128418420553789 1.75942852076196
-0.654238775898151 -2.40895294107581 -3.39556223181643 -0.665636719794084 -2.17076697800807 -0.0732758932580803 0.980022932577885 -2.03356511933206 -1.41762634834218 -0.731594412677288 -5.0213623023452 -1.7539820219834 -0.488518433287378 -1.13692377187716 0.991019886846501 -3.46183521504947
2.64650769023061 -0.132635967066529 -7.02100339949257 1.48283961219129 -0.542837050792952 2.05420794588113 -0.795786830614786 1.96039480252691 4.25281235754064 -0.962321748214251 0.0216329216887199 5.56966577880619 -2.00264724837943 -3.24237062811152 -10.0055820517463 -0.182557940339897
-1.00968678469063 1.27487567388101 -3.30292456349008 -2.15828426640887 -1.54258033884278 -3.78965513962011 0.169768123829548 -2.11286647106829 -0.895588992900861 -0.657867991883349 -5.73941377431503 -2.57395099985549 0.738541938834568 2.6797103168288 -0.619856767597384 -0.850337913931263
0.874402994876707 1.92026211870854 2.19337014676997 1.37080393862641 -0.681694553863189 -1.15439878733698 2.4978514057387 2.54018740118563 1.06564043523991 -0.637216491000669 -0.424149320621896 2.42024592407125 -3.09285979501061 -0.0210621956265569 -3.13824520306435 0.859138072471639
1.40777389989309 1.61136873562886 -13.8251635481641 -0.205483385387542 3.35145391792872 0.481780233842758 4.69599743493157 5.22713877243867 2.06084801284089 -3.21232218547865 1.0124877999531 3.72971325715545 0.104217088264888 0.0659614141514606 -0.933633444008388 3.06724579110629
1.90876917652921 0.108153852971236 -2.4797780844329 -1.30419037836971 0.674903777885691 -1.42679258562345 0.959855899499208 0.0864796942432382 -0.967555982357119 -7.41223642991231 -4.69300098694678 -1.50895756092209 -1.63358923622508 -0.783793403353874 -5.15589727294601 -3.12523271692812
4.77509093781306 3.35956885727638 2.42607334158605 6.01690362921739 0.592740686821917 -2.51443613897603 -1.84336232780512 7.33778626453563 -1.29910381119322 0.946357113642171 5.1923863190932 3.22795908136374 -4.25505666298287 -2.45228614161099 4.22339187119673 4.63743408663751
1.53611077617922 1.33110989383424 1.35733635572464 2.78666674572113 3.82707255375589 0.391055087339191 -2.9700648921752 -2.40118784880535 1.20521160176639 1.62041062967529 4.98231783259345 1.5121075403898 1.47980031908355 5.31340674864036 0.683309806449417 3.54458496757146
4.07556356811808 5.14227062722306e-05 2.07720031999282 4.41084453375586 0.445234023319722 -0.245174940023542 -1.28200588006944 -1.90397071268835 -1.71095934484324 0.309654880718957 1.81349160656816 2.35793231580217 1.8033254410189 2.63334145995325 1.41041914321814 4.47407026173633
1.77749226060152 -2.97724678173363 -1.65951438648467 0.212517537282151 -0.963556127949338 -5.75096202121125 1.42844541957729 5.12716579894263 10.08919961588 1.37693668155281 6.7438336176527 -0.73250814987125 -0.721649036050337 -1.97797585602043 -14.7117038664538 5.45979845503348
-0.162300387533165 2.68345575682701 3.48272069904172 5.86931593643833 1.99451047389478 2.11863295327223 1.70819769915065 4.38239644820561 -0.717804332214695 1.46418769532749 4.29670515483455 1.74279302677486 0.452028938806774 1.51243712398053 -3.28270927133032 3.566049614925
-0.495245475226701 -4.05699788379338 -0.0230740246787215 -1.75720993611394 -1.56045796125391 0.940490996278325 -1.5711712990466 3.37405138829064 -3.82314052470622 -1.14433280134102 -3.44513157616225 1.89511707254217 0.404666056917669 -1.82542279261911 -6.45920759828154 -6.42893120693627
1.67822249775473 1.23152519601999 -4.76173382928857 -0.43694246727417 0.882035409040918 -4.23659867765883 4.16459158172754 6.55473393761819 -2.61719998086524 -0.215370350361487 2.2895278142163 2.86109865244201 5.68265972391018 1.8267920372105 -11.1210540668916 -3.25486879008152
-1.46524295758784 -1.73900332715666 -3.59575969397507 -1.16445251992794 -1.8874386904219 0.256922329015976 7.19318170339147 -2.80163372988796 -0.755788881000898 -2.25581564045351 -1.71638687935264 -2.10832860176053 -3.3904001926267 0.767281556728414 0.109783897695152 -1.82931077358676
0.282693184000862 2.48781684788666 1.53583902223596 0.542176219000161 1.90967755402204 3.17643659001181 1.92731050473105 1.12871325693512 -0.217496085660315 5.08951743840893 -1.55574089248244 3.57689744674725 5.27108332789449 -0.599468400697262 3.29106840599455 4.15427071164593
-1.60078254262044 0.390712978001877 -0.57581773095968 -2.917733166239 -0.316094688882126 1.08173862354079 -3.68738921595198 -4.01814574268884 -3.29753606454151 -1.89345212307602 -2.55219332484917 -1.17464904786172 -1.50714027523785 0.277077690558569 -3.06254362832046 -3.08092602304095
-1.36951351308122 -2.67278290042994 -5.29853548689348 -0.0323749107364661 -3.83958576780674 -0.834505993577818 -5.98771352376457 -4.59862830159485 -1.47247074683873 -3.58326592396943 -6.24214897424268 -1.99283646950613 -2.29506788855069 -1.72815069296343 -1.59502774325047 -7.68890597518603
-1.14526152222644 -0.125051081431117 -4.14765736068498 1.86240112463126 -4.46909085729415 0.554154656262519 2.48360353528895 0.83180166017779 -2.46739174426571 -4.58384395005261 -2.60366539703108 -3.94488310099234 -3.11191327768984 -1.67802857132236 0.213454510717068 -2.44041375455255
1.66330006871483 2.6935157407059 -5.58587127458704 -3.71858496459549 1.18055067442363 2.28391415278452 3.98214944940723 2.24441280631848 3.94461358728581 0.416925759328776 -6.59271745036704 0.715723713333686 4.00120791071295 9.06603746955354 -11.5528134751684 -0.180320155985309
-1.90539446642788 -0.00633952307317198 -1.09115585759028 2.91707035938627 4.27660483967834 -0.386028396038837 0.0859259360133521 3.9373573069644 -1.39996697890582 -0.927440096803914 -0.867167043549276 2.30789048273488 3.38307890669683 0.581193787171992 -1.8357280005695 3.82498374590106
-2.52918967827186 -2.72574989713486 -4.06938237714542 -0.314696754802971 -0.097688187332255 1.63448242179404 -0.873918362754144 0.997354766428951 -2.22211160544711 -4.60670606490402 -3.77560081434323 -2.65915059042483 -5.26494035603806 0.445047301974274 -1.60173156539115 -0.333911502275254
1.23137316458721 3.13280887355623 -2.21716077606935 2.20555311493134 0.356100175226837 1.93526494855075 -1.51143550629492 4.16464101365156 -5.60115871736672 1.15728273711567 4.17822477494373 4.14967427884834 -4.20949246381173 1.7136596621155 -13.910898352202 -2.29650634034922
0.355512359273209 2.93611522047944 3.76569989060159 5.7379534176686 4.431948556737 -1.70582828737629 3.06766327912573 7.14064601735621 -1.16712453501537 4.2599443034645 1.02426179179043 4.26114561190076 -3.18886893776251 -3.37798900715706 4.39236757719687 -2.85620037124054
1.1052618039939 2.00946207250415 4.37464167167843 2.79394235442506 1.43082035205598 0.00503688337756003 -0.377428590046951 2.31600251402085 2.01876374739893 0.516236193617336 0.1650847035488 3.74272253007528 1.23994251021341 2.13048242814963 -0.514264127119572 3.12374786674549
0.104154519471864 5.80492814631288 -8.7954620618786 -0.716175367923679 -2.22707771623111 -2.18413977797513 2.6211997343319 1.01912782017504 -0.292080951754864 2.28414071920621 0.491415392866684 2.1884716300408 2.21794196004498 3.235043058405 -0.809109308343989 0.632497586745678
-0.0560509190038594 -3.34898775159776 -1.14827049636079 -0.37876467121402 -2.28997529631076 -1.52160473926974 3.57986285730101 -1.00737573946965 -0.129624599785626 1.95582539766731 1.71598048743304 -6.3438304144047 -0.745512939467934 -2.71029334198292 0.5007824484442 -2.00252010593782
3.54782722898273 -0.913356822889876 3.74517269609521 -0.0207745567448874 0.984071198428595 0.689014242103386 -3.28248955691821 -1.18497957423772 -1.68215743885952 2.75738520079496 3.27887291468928 2.50925596766749 -1.51247958196806 -0.590298392750969 7.32311446662895 2.19378813206887
3.23816718611003 -0.300120954828754 0.0125114661848946 0.574593051952994 6.31871716450223 4.60782617643817 2.90869874320814 -4.31979925229801 -0.322799700119691 1.26425171065327 1.48863193338099 0.00516315634071951 3.75858916780108 -5.59956561918793 6.68989896033271 2.62532460892376
-2.23443898279558 3.29026543951283 -14.4190210826683 -1.24689297509137 -2.70521769150628 5.42242199400166 3.21174075255546 5.07246595380177 1.023076853196 -5.96503725625868 -0.182726225380142 -0.181628740374051 2.89490054649535 1.30740767528622 2.28471536264103 1.34558756376123
2.22995399631732 4.62133136093085 -6.43492508338137 -0.00241754462557775 0.0658005531370675 -0.803593849569613 1.73887784196776 4.89898794509563 1.34099108981008 -1.9340840056825 -10.7197421081999 2.18809381273282 0.713948266047276 -3.51888090793243 -17.2768625069063 -2.13735392368502
6.60501950522437 2.87518641965944 3.45828039443034 2.72243728731631 2.97928056935527 -0.258985211802965 -1.28030870837179 1.96339873584683 3.64820220805717 2.03785902424673 -0.137732997540485 4.13240981990844 -0.949714819963787 -3.34690825400314 -0.210455557371314 1.60870455501074
1.00216693205326 -0.748573697958812 -3.28949810382765 -0.128889521137728 -1.52402586107604 -0.204057503842438 1.46332976681473 5.35732695016927 7.32350423082131 -0.00878316190049555 2.64065561484228 -2.44691672489397 0.355542195478966 0.785068267346783 -9.2351035937383 1.04797700804806
0.81996152628193 1.37180497601022 -7.20635285724114 3.05409863457495 -2.16336631653902 -3.7102401611082 -3.3984954861541 2.01963845905492 -0.143125856264928 -4.72355646263332 1.97959254663087 2.91151005157748 2.57181035306705 -1.41857018712781 1.19088313752807 3.03259088971454
4.34680944153678 2.09639437992797 2.22713191999233 2.98293306283323 3.5041753120606 -1.01569182101529 1.00938986581802 4.38569566907303 2.65971320446096 0.364780152251834 2.34838976541849 6.13361620441527 -0.775433888410183 -3.46172886908995 -2.25180823941954 2.41731394270062
4.37714102455722 1.17190989164251 -8.85155922874805 1.194318384357 2.12648453903166 -0.100089059390265 4.91635335095239 6.93840774813362 1.34842425982617 -0.510837090424938 1.4011910467252 -1.61251351829558 3.1764078494397 2.16909168354384 1.20244182479326 1.46364894748234
1.01632209357725 -2.31816518249687 -3.94569271400761 -1.71884789375782 -4.03638670826768 -1.17826583358464 1.10707654821277 -2.63568049715483 -1.93190119092823 -0.227724898076071 0.312823315189805 -4.6359400404231 -0.539615139652426 0.304356700070988 0.70705120189237 -2.40042049596769
-1.21307316206003 1.41767302420302 -1.08533293456281 -7.32861960765861 -3.11167281869271 -0.346966412720008 -2.12881775816868 1.24168773679119 -1.19057026818173 -2.78470048315851 -1.51906268448982 1.12900775249782 2.45669056094915 3.14127712861115 -1.44055647734415 -1.07441695289632
0.758003242496418 0.363236713350411 3.52945450557283 0.218097913365339 6.01639252919016 0.776862847438057 0.116045032914339 1.67872461357982 3.16944539251532 2.8151218466138 1.55509984484601 -1.58942328762466 1.08599805003268 3.41283648219643 2.50272149648242 1.05147274515874
-1.85005257499497 -0.244995437785148 -15.7383503279429 1.74779623816322 4.19015041981053 2.30197010235925 -3.51321187858257 4.04206443027398 -0.335711242165452 2.79516600287848 -0.324945814685794 -2.57784944843119 -0.22589878538855 0.051189660219455 -1.09938866420082 3.54242899762538
-1.15718422859889 -4.41056445093261 -3.55001303494466 -6.88367734624244 -1.07369711810932 -0.670503392665415 -2.08670370003763 2.04539403534452 -0.280160802216585 -1.93065200724145 -4.51373392895561 -1.37259481951831 0.724280353990007 -1.21556806287826 -3.3485169303384 -3.09449729869616
-1.69180742198167 -7.38041358166443 -2.54499239435964 -3.67915754184096 -3.48397641771427 -1.25055153425164 2.91928952011717 2.41128773574177 0.0762668400563558 -2.72113912822614 -4.05883974014572 -1.20523577336017 -1.45398581549479 1.64919551170521 -3.27702542411274 1.35111152046583
3.28770901484599 -0.826200495322718 -10.2885172024772 1.79345186744345 -0.693210709499073 2.13211653259626 0.566487991794948 1.47015930276165 3.09121899681855 0.0730688660762976 0.388889365042234 0.486315891548281 4.46459594937566 1.37521793615527 2.769410774872 0.205763855838313
-1.79106305768902 -3.41518021937142 -2.00589208910289 -0.771544370309038 0.654700561606257 -4.00993602946128 -3.99048395346779 -3.73668847992464 -0.831595687507521 -2.69461874457877 -1.43281496907837 -0.733922925034011 -0.90004469617092 -3.62711934385457 -4.86528936049525 -3.33089510304756
4.54210727450447 0.833357931745904 0.883595153499053 1.45693379630503 2.38544383433152 -0.546441798810029 2.86540399835424 2.63217029983902 2.2876296266947 4.83217835492066 5.01349984125294 1.91416680626219 0.313114842566977 -0.361985139533924 -3.85592911546991 3.88768820164326
-0.917176202088984 2.59610465722531 0.273580525800848 1.40027700824799 2.06769116234186 0.638944118225574 3.90446985068962 -0.076653406465504 2.55898729339494 -0.953613423008293 -1.07921825718681 5.4676850362137 0.320733058977288 1.45221960812346 2.2941323361385 7.21541291296407
-2.1199060768146 -1.11045137466133 -2.30976551007615 -4.25825317656621 0.491161877945224 -0.282455044073458 -2.37596512855843 -3.92138767726715 -0.939726964073957 -1.01991006326294 -5.11822965988028 -4.67201179612193 -2.87093706096252 -1.73033754923392 -0.392831293794139 -6.36059486128953
8.34076966496958 2.25505612382991 -5.90649293692458 1.82528096490632 8.03548117417071 5.184354357144 -0.889554296798894 4.25374456166136 -2.12674534293848 -1.43488527500032 0.928518928113844 1.25121660497757 0.854986183304121 -1.48335201315004 -1.42507736640584 1.43744624701181
-0.205182794085209 1.2333915629987 0.769031604699524 1.65738401319662 4.04031274626402 0.913614260396675 1.66949585898706 1.27314104348662 3.29268296349794 3.82468610055674 -0.0412120711375479 4.94946825091682 -0.681088257021791 -1.13302038806877 0.00490507392686634 2.12512786356781
-1.74799627610647 -2.42799484140504 -2.61055505690871 -7.61894658408932 -0.661376196664407 -0.550079624430405 1.17022895524651 -1.68650817584561 -1.04217110730048 -4.22403128113728 1.03761494389643 0.495526611701469 -2.86188957972073 -2.50196056006761 -2.36659946791634 -10.1236855778832
-1.75842856548665 -2.15009489441426 -2.1013535120165 -4.83681704835914 -0.0433809172197777 0.199334268072331 -4.75841867870853 -6.47218560524251 -1.83758574058285 -7.44208897323674 -2.06318738395418 -6.20868929335024 -2.69055675249956 1.21761955599338 -4.08234014448875 -4.05548795417015
1.86752350770407 -1.59311455544808 -8.35179390851935 1.82519964485401 -1.2060960372264 -2.98210439917588 2.44411721562856 3.73722441806176 -2.05111532600575 -0.69432849774039 1.50878611529247 5.34035551155827 1.81242182516235 0.92857770453603 -5.76543090536144 0.758243313911687
0.422280302368812 1.10715051140566 -11.1069356934421 2.63296542563529 -2.95956935333967 -0.410766449198326 0.617821860687517 5.49743004905531 1.94031785118538 3.37167880610324 1.32997247055874 1.45456652138734 4.1568866629393 -0.956254747487287 -1.63933863579225 1.08328229385105
-0.444618159191265 -2.12432164214675 -2.96231341821278 -6.54287890009021 -1.82875631030068 0.0571664285393524 -1.65433014110808 -1.85451496878326 -1.3971861007748 -3.11282290429155 -4.25976935646819 -1.03954266525972 -0.442046289601741 0.465226732214464 3.85694459631848 -7.0574902879299
3.01520867352315 3.71168881559776 -3.54099634961959 1.15986908582227 0.492967909518418 2.62341632122367 -1.476586444517 5.88779181864772 -1.3325013778416 3.17300926615562 9.47938414080143 -0.268250701070467 2.90559762625812 3.32710857338592 -10.5020144920757 -3.96600952187899
-1.22876711227589 5.05851813183332 2.31477343921757 1.13652059864462 -1.71999056181572 -3.95593979305686 2.47286827207355 -5.441956086586 5.46628980376715 -0.387729740489969 0.449565902472298 5.8311728545724 2.07913526165417 0.935337674417553 1.71060326804151 2.92936741806347
2.47458694418444 1.52509752690945 1.61983653102699 3.68263725046855 -0.728136818828496 -0.734546178827978 -0.430887635640415 1.73651845389442 1.07844940370274 4.03264536053154 -2.26011841921265 5.21017503157544 1.25504994458481 0.840313196156243 0.513930758197931 1.36657333439425
-1.81348204036482 -6.24282630321452 -4.99067896159404 -1.85484416872992 0.109469306683133 -2.61894590946038 -3.47797943715425 -4.07005903868817 -0.585084355394124 -3.23411232558112 1.70376862340613 -3.93678533079079 -2.92321696082151 0.314973298368597 1.99987711059873 -0.232039290735607
-2.39848997748598 0.791631174916189 -4.08461149915742 -2.99791973847767 -3.02492789403129 -0.0756154438158791 -2.57708571539083 0.415539103449805 -5.7580623036965 -1.46655119528043 -2.12359405011057 -4.83693910812118 -4.81179657103225 -0.316612209053845 -2.18505775392227 -3.98667582804447
-4.28784018558627 -2.47837111156679 -1.03421265735685 -1.66678341106299 0.29139281090558 0.622659012492403 2.7494143043465 -0.265362933068171 -0.342058415941146 -0.935727231599696 2.40449954209361 -3.74629846826131 1.01775031097119 -7.01068329347993 0.00135685323762724 -1.70835632521445
-1.68956723345602 -1.82409837169091 -2.72576817111066 -6.97839507087878 -1.1914557752239 -1.64268070751815 1.51568633282426 -0.707105370588935 0.200087679887273 -3.96533935191521 -4.35355155180577 -3.86381921308341 -1.0084955103114 -0.976158773024813 -0.679830643911295 -0.153902455596
-4.40645026202469 1.04995200141801 -14.3867443418205 1.03252903709351 -3.91583007268161 1.34046822406167 -1.15368669692518 7.61599074330046 2.28173499351558 -3.24707966570465 1.22008764613877 1.52891789416166 3.74349316994882 1.09333118145958 -0.564748104879386 2.83809661206832
-1.74465186210317 -2.32759524275942 -2.42002157695128 -5.19321662720882 -0.147341344833885 1.12451427558048 -1.48555162002269 -1.39052773303941 -0.33595574308281 0.557859401725154 -2.09139931233679 -3.64893585145982 0.40589926585167 0.733001648236043 -1.69682449463494 0.327928691165299
5.28923077773595 4.54453013622277 3.6693371858642 0.704961685804031 3.99694579634862 2.58081907278284 7.20788573127207 -4.1955510709958 4.7277339147693 1.27807558428886 0.0106611358057263 5.01188542195624 -0.910944184016315 -2.66126872577899 -1.65016532470829 4.59197912046132
0.375047285544624 1.38787529635451 -4.54321273859264 1.85653431195665 1.7619501550971 5.85624467593065 0.413623751396067 1.49823007244861 2.13779141421143 -0.455794914851687 1.04884326819648 -2.56909421903595 3.48684795755785 -0.857708259404573 -12.2486919881538 2.29208384723581
4.74178877882551 2.59678557384273 -6.16788354189933 2.32538426241387 2.26603330316301 4.36125358509887 2.87204494311701 4.88206355253575 2.44346886047771 0.471617732357241 1.86650493336253 4.52976196821985 2.3210707618342 -3.03166388250125 -0.114576275780964 2.89994961230671
1.58960150141708 3.33372394659718 -5.63490939347165 0.630560127569684 0.731115798449237 0.345272422807997 0.773703945659447 1.56472710262552 5.98974634160894 0.577568232960498 0.939214269402538 0.143726623170732 3.23051928033697 0.356881118173298 -12.1316806352609 4.3267581205055
-2.22235319946936 -5.64096020177652 -4.98384150667829 -0.184266269397923 -0.517621820755434 0.479892669465383 -4.74355720630432 -5.63439472445507 -0.940805709231414 -5.16432174801674 -2.78935305084828 -2.24678548082731 -2.73320921414783 1.13150241618463 -3.4810674469481 -1.350509140721
0.298900770298519 1.25961441344278 -11.6340499770314 1.66845828512424 -3.59085851784513 -0.401970182376461 -5.15849528572254 6.39164742205518 2.38791625508262 -3.05974415230483 1.73610833970644 2.58273001289252 -0.284892258829828 0.673495739012739 -1.32361458835193 1.3687901493115
7.64478255843943 -3.03289477523615 -0.0534824128706477 2.37653247240803 -2.20887955726572 4.45432151211086 -4.39123633028646 0.294033566920212 0.142748697392563 1.8690610329669 10.0880202400676 4.79733112993256 2.17952156253684 -0.897160193296535 1.36704983081075 1.43637100879968
-1.495336267878 0.305150669525983 -2.04115896801004 -3.91888330471685 -1.83681466708106 -0.18096157575581 0.49929346294165 -2.95058903251238 0.805295312241372 -0.777520404358015 -4.31531208457158 -1.69139728864617 3.21392725833886 -0.946098549253773 -1.49006510297707 -2.5549550680633
-1.44133330276478 -2.63797857605471 -1.17549731013538 -5.45910557743098 -4.79415922598808 -1.7629233385765 -2.43615783630141 -3.17830075343652 0.0591769617027675 -1.03277631704596 -2.93041488339554 0.602141393419457 -0.822564742987138 -0.854025443785724 0.671356798505547 -2.47665612801294
-0.113822650931431 -3.60639970133968 -4.18221373162404 -3.34579761103364 -1.10309479245424 -1.80013489737475 1.31425248066442 -2.90251920561885 -1.02324173446982 -2.02040187938653 -1.10895067169046 -0.776549823605868 -1.46241138377499 -0.757200575859917 -2.50544437252901 -7.33607803483727
5.23808422460462 -3.8127728703787 -12.9904627904643 3.46186435468383 -1.47511021560514 -2.21393515715044 0.912533177713167 5.88349618064565 -0.179659811808811 -0.794896836014052 1.46443777027007 5.84979968976634 2.39191135652668 3.44079212850202 1.85170584783399 -2.19855943523523
3.48851868533181 -2.39744305262508 -10.6174579805493 3.97828596266265 -4.21798750778222 -1.3769074350786 -0.88314294244038 4.74468092089906 0.183150253175066 2.86223409232778 0.533457410240781 1.03027060139942 4.22324047726597 -1.7553790607401 1.82150785695194 0.478067352326477
-5.46947658898967 1.34580701362789 2.26638656223584 2.58107169708265 -0.826458186941933 3.02919873630144 0.94117867044558 3.07854356423022 1.2281633568464 0.198238930075045 3.69907541266521 3.03326172839079 -0.686977136726063 -1.028274337706 -2.37629802019618 4.05165908110431
-2.76923985095636 -3.78077282601306 0.414482525532397 -4.64051236767467 -0.283902004998728 -1.50191979383972 1.70867884625131 0.66936515035584 -2.03427645459438 -2.01298202738209 -3.52768867233455 -3.01293687230584 0.65978595500758 -1.09478056576641 0.669396282813016 -3.35122792823004
-0.231523481161821 -5.74872044261956 -2.21190699577007 -5.20124170936892 -2.31583823665504 -2.67075126607647 1.08245779319493 -3.81972169429621 -1.7226425662149 -1.11942316586753 -0.574033799346079 -5.28221269976942 -0.873698999001687 -0.606743686877195 -2.39148691183441 -0.0282318871231011
6.38024566755819 3.37604919905964 0.80296712215337 -1.07707807084699 5.17721343369961 0.686330385355564 2.76879205871444 -0.62071552445987 0.27898283951439 0.797571574499606 3.00172528263821 4.78277545957022 0.351995140498027 3.7013046384032 2.77122904719849 5.09355874236422
0.664147264614378 -2.57439550371226 -3.89266810455106 -3.30745529967171 -2.10319473174961 -0.145958195633662 -3.0200500191411 -2.56322103316428 0.231551401896766 -4.05829724715381 -5.59923592488506 -2.0297379985088 -2.91696347777514 2.70375421425309 -3.11938976363975 -1.71637893556043
1.58657777905853 2.41470873660131 1.61022422114178 -2.06047409654822 0.924079297820593 0.43229038917058 2.13555615507854 -4.52453400574052 1.7260342516676 5.74559393855587 -0.0329697950163403 2.85293816823566 4.11343323860256 -1.83293527580517 2.03076565346582 2.55202184795147
3.69153495932073 0.450958807220071 -13.216929156263 6.10319305797095 0.0226289925052316 -1.04030373815114 3.03462653642266 2.49867497066992 1.16546956695402 1.27369508610846 0.457109367663523 1.18206690715672 0.300360204442109 -1.56408309996733 2.27963866481706 3.1649406831992
-0.690395968858228 -4.89287232907998 -4.01098632216209 -3.35501377257609 -1.03578965117791 -0.909229664319067 -1.50022465961221 0.855307179878189 1.62366775294186 1.38669637179089 -0.525035909808808 -5.45975804911986 -0.401792039214211 -2.17015395127948 -2.09326512088069 0.152171655268941
-0.250266540498932 -2.22610608537129 -1.51946586867431 0.563060169577399 -2.22724984491635 -1.83172490039694 -1.5926873407505 0.49752001848819 -1.29090427741878 -3.10641670101723 -1.18903189324124 -5.59193426710462 -3.18919183616301 6.67382221333062 -0.155003755171913 -2.87360126181301
-4.14717558341243 5.61470201889468 4.398183648817 1.9773901730889 3.08945522513376 -0.60812538109683 -1.14653834643719 3.25825845374754 3.27124675930034 0.728673744103971 0.22294174639595 2.99614990822097 3.34997623763511 -0.222306140309128 1.75959963847427 5.05057652205802
0.0232917591992696 3.22924109092894 5.08629260780672 1.39223505491592 -0.851691246836508 0.659635452361433 -1.69819665013835 3.55583296769798 -0.246748147927904 -0.51636763921963 -1.21595832921885 3.94502372692826 0.289006668544157 2.02842173293937 -2.04346227213468 2.12588461308496
3.45980719415013 0.462399421106299 3.93307402479928 2.7224223167836 3.35438315879916 -1.54276554925997 -1.02455547821224 -1.92535602154939 2.35335311234805 0.95553304960675 2.40887090665076 -6.30645042675295 2.10910857190032 2.37534100549849 1.38011215542332 6.82728235173667
-4.15697087063985 -2.00443948075839 -2.22525705751892 -2.26478742861459 -1.53280750058465 0.252467713386528 2.24176134286762 -0.798101375752586 -2.37090414792586 -5.1008411855547 1.06952164859695 -1.92540145318349 -1.88603406308321 0.886745546816233 -4.58351181348495 -3.46643194948932
4.61193751145161 2.78818635576061 1.91690036012799 3.12540127929923 2.21627692071796 0.43676564723066 -4.44447012061778 3.16551462768068 0.680985549062916 2.45963608919939 1.90474870642097 2.38674467189477 -1.6396801114314 2.4618402333149 -2.32214569426581 5.76644531481152
3.30890873692484 -2.46322833414083 3.13057145737798 1.82883277744141 0.879900560945421 -4.4325005399556 2.56493324122725 0.346595036947895 -0.563877593796013 2.66489304043379 -0.624824089399376 0.631806702648213 -2.59297712467643 -0.341061515315107 -4.75700549809493 6.21045549560222
-1.20226438413347 -5.64522329545102 -0.0516154312337265 -2.06159271229821 -2.13559894087203 0.631045739331226 -0.375908292555209 -0.419398221443172 -3.63661845684204 -2.06774843046543 2.2060667133627 -0.0446933668369103 0.462198404801014 4.5331081868678 -0.307171022140307 -4.59320087916069
-0.323005483119771 3.39093359261738 -2.06207889779122 -3.26225749703214 -0.879210579887442 0.972829868221063 -0.270857192981753 -2.56766445053015 -0.338952235459356 3.54414114022758 8.47885105073475 3.1697929690446 -0.401930690653475 -4.25983664159818 -7.50430854019557 4.61106194290256
3.04377476437945 1.13811727466177 -5.60327867789105 4.85167404963403 0.442544465701696 -1.3043637980179 -2.80602635488672 0.627179915998259 4.31635530513324 1.22296663311321 -2.81294527338232 3.03287944531703 -0.0318439116282784 -2.84379560973183 -10.8619903802334 3.02781639991875
7.98781067902913 0.46010148747439 -7.2100629377914 0.00343360628459144 7.92722212310303 5.37478332468774 1.19812250052876 1.36979449480502 2.28984412394845 1.8239879988747 2.39312230749585 -3.54467038642231 -1.0576522153214 2.66227510021573 0.56097942113019 2.04549294115577
1.20503673023986 2.83081411068054 -12.2813863242843 -1.03181538815545 0.756124852279717 -2.6043190658734 -2.07854831765038 2.77919467778416 -1.31554134857196 2.90710454437314 1.55637939653007 -1.42831203249907 3.41786821576569 2.25463251417654 0.0576967000127626 4.89601523027643
-0.861347945376023 -1.40309885320525 -16.8997232077632 -3.2440220459245 0.569426597843867 4.18738267112986 0.443226529315834 3.7119402007286 3.19368617120774 1.01371742836209 1.6450548009454 3.05877946672416 3.47837421259188 -2.26913387500722 -1.40335416580338 5.70050216616699
5.10471352070604 0.215304864389239 1.81100747811744 6.92402375211388 5.79033976060638 -0.791709300081272 1.25945248968212 3.86570287869006 1.22724789135491 2.17548648170297 3.56895776732256 0.207419081911108 1.40685229287652 -0.375269905996685 2.76945333562842 5.64634695814402
-1.93715951201434 -1.89682697878064 -2.20725825145718 -6.56797118040579 -3.44274148655906 1.03259559768416 0.88811219365834 -1.12228919898971 -2.56632729473679 0.932116890104953 0.852846557287389 -3.07324018884446 -3.20177809855471 2.74761076200247 3.0696745421697 -1.5521510794087
-0.267408064213488 -2.62512021956629 -3.98479565104234 -2.05277106304138 -2.2308266110675 0.0774338681716539 -1.20995652900404 -2.29775982061467 -0.678546172637806 -4.31233938334018 3.56820546958256 -4.15477923308389 -1.85301015802793 0.814512733405944 -1.89062904165128 -2.84764631827344
-3.52130233651228 -1.26421185062108 -3.58935224682028 -2.97989168680925 0.289950230401604 -1.2746921289549 1.56247109073047 5.76851819347289 -5.1543947048773 1.23932321866627 -0.92929205351044 -3.25846263026813 -2.6954471115227 3.40512161362942 -9.26884381240757 3.96699140027707
-0.605398728921598 -0.458803653501601 -3.47726859300998 8.12881428898587 -1.09890460489642 -0.639993467842725 -1.5530004271702 4.8788890448824 -2.87627920887943 1.79137004755117 -0.90057159461201 3.33483964485361 0.930584985332056 0.0523533894617489 -10.3368164817112 -0.216563489112941
4.44056082755026 2.64822567451766 -16.1366297342631 1.1161664401334 3.64561580945434 1.39728563547832 -2.58807781762317 7.19735406385418 -0.518830655975715 1.70606516297991 4.01784649044788 -1.09728039735154 -0.0655644257429733 1.071459437297 2.07053407101937 -2.15827087446123
-3.53751572142296 0.314357234503253 -4.17111769985229 -5.19516186708992 -2.7781799566775 -0.61195804820985 -3.58879664070525 -3.96396547436079 -3.84375157606534 -6.34795495903635 -4.42819384355329 -4.29125726050023 -1.12930882207121 -3.69132185621457 0.387917981095616 -1.05992220716815
-1.40765833020886 -3.22254259738742 -3.64805975481044 -1.90270314900165 -0.629596142330176 2.54763559804452 0.327993973913339 -1.21773411357926 -2.34482550717276 4.86593063378095 -2.55091428701193 -5.92899233252464 0.571497856122355 2.41712432083669 2.10805376959613 -0.843335403299535
0.617258823821723 2.79352136682511 2.49361002388269 2.00448943191734 1.79970962977311 -2.11967702087132 3.86413818907849 3.96115867287442 -0.931746351051076 1.92478462594508 4.09672152925834 1.97600347091295 2.89949913511218 1.59938941543966 3.04808735531159 4.9042390906115
3.72481886029468 4.57060063752096 4.23359397782939 2.59332102916123 1.63623849998407 -0.314114861447184 -2.78675397462481 -5.28439053011117 1.24962969536075 1.24471685280257 -2.71891426615505 1.2291748694983 -0.0517879789560733 2.55305628949075 -0.0194903759060913 2.17208714333147
-4.7325998686803 -1.95550637178313 -2.09151432305061 -3.6470147805222 0.622757785625687 -0.390428701347087 1.30411366339283 -3.29420678832643 -0.230856170593211 -6.11864497173235 -1.9040096636375 -2.12169154964945 1.71464911138949 -0.323643712167564 -1.64763078827802 -4.25410237511501
2.58305710592385 2.10777795812999 1.559521733103 -0.351430290193515 5.86153358591423 1.43954742262073 1.26812397086684 -3.00147347048073 0.209956314920584 -0.609322978161007 5.49188810366485 5.05051850919273 1.04988349233965 6.54775744557195 -0.70455265944892 4.92036112090592
-1.21682019560744 -0.31498716873845 -16.3944497743188 -1.39668005283491 4.92916085884479 -1.03910228819264 1.21038719667574 3.12651921703111 0.898426369188444 -3.66870271162457 -0.9464449708519 3.65213598253867 6.90953527005186 -2.84164818397673 2.91934548808599 2.95572062974266
-1.55678173771634 2.28960393530298 1.34087215980664 5.51366343821839 2.51913941358579 0.669072065224017 1.43138697896316 4.6713514890943 -3.08524782198169 0.449409811775043 1.58353426351663 0.745259411416259 3.32015538355681 2.31754089273157 -11.7322775340473 -3.45364671956578
1.72799328246064 -4.2166809580453 -4.62466398955704 -1.02174355961195 -0.531282934845483 -2.89187873539882 -8.3358810005105 -6.61674696081928 -0.729649861500242 -2.45535173206974 -1.22755441945549 -4.16627705318257 -3.13709098638848 -0.342035479550341 2.18269015503413 -7.7792202942006
-1.78964541652682 -1.81950657452957 -4.31005283507347 -4.37938511242871 -0.12033824603134 -1.09034077813887 2.32576960731731 0.554853373439567 -2.4025856290695 -5.11237235443122 -1.70847993859512 -0.61467007253018 1.42980986183748 -0.112007816091051 0.891179633155875 -2.08266487844055
0.670220958329599 -2.50906472822323 -11.8699745973239 0.685171326350117 5.20688942866329 -4.0746006811304 1.895715183606 6.13673054481507 0.473627519733439 -4.23694769676864 -2.38233864058294 2.57004010996324 -1.90248090909653 1.39438794127057 -1.64944542479667 2.47335822451906
-2.18346559389261 0.713183421903104 -2.32785302232657 -3.85899205777396 -3.28301063176788 -2.02152307963469 -0.559654764553871 -3.2329479808752 -2.98722257030588 -1.28384103175965 -2.15764321699407 -0.361204691225897 1.36180712980737 1.88716338598275 -5.99492136116625 -1.76582431117983
-2.99302276808115 7.17417599433519 1.65075044497172 3.24582013339607 4.23645812221477 0.988019671281211 -1.39461019297203 -4.59527656140223 4.19006578829537 1.39098944290495 1.25900734010802 -2.67063205059747 0.452344162403347 -0.487604593550946 2.23806006878057 5.03275951156725
-2.48224267634355 -0.203001657851985 0.689278575531838 -2.42266305782256 -1.26141277655608 -0.98077740699723 -3.0396095767335 -0.980883607545383 -3.01160210259477 -3.36284943917633 -2.80553596420252 0.156541104651582 -0.368391238702852 3.66494425817512 -0.708687431517319 -8.08630787652944
1.70472489478574 1.62584800413624 -13.7296111527161 4.63506045602155 -1.88231061255119 0.459708335900825 -1.25665729941364 1.72974946666893 1.19600327567892 2.78001109000633 1.3789652917361 1.4450827577323 2.79510895968503 0.934135988482276 1.2989863630472 2.69722180909639
-1.03053386611175 -2.86780732046634 -4.91686281792392 0.909096055893837 -3.69823264552614 -1.29886630742488 -1.63079288720088 -2.95814218014773 -0.328175665496102 -2.97118135822367 -3.29840535784959 1.35838831191758 -4.03082874394765 4.77049584303609 -2.18590040138965 -3.41835283687828
1.01336963253063 -1.60504076551173 -5.56714447321228 -1.84137858869624 -2.21509339483706 3.90388319398992 -1.9749270382407 5.45094468484822 0.301379531651585 -0.661779450065954 -5.96750864928795 1.51258239952146 0.461684511107008 4.0263928439551 -13.3843264091807 0.166394400150802
1.53204642751578 1.28715507671037 -3.91832174822042 0.614589128864311 1.23277014488266 0.0988722405827049 -1.86733867410864 8.14202499289566 -3.65002456315243 3.472554702142 0.985574872827259 -5.40102158531473 -0.550058309236052 1.14238030516531 -11.3873826708674 2.56374617865775
-0.549525956477574 3.43946211709992 0.716062570503368 0.177839517180166 -2.17147140570951 0.893843065864649 -0.738280321762053 2.32466603139423 4.63396799679273 4.65568335024877 4.35331364773474 -0.948466185381345 1.68425193850238 -2.76280133438174 -3.0409478558948 4.4631941488154
-3.67932593187875 -2.685492677877 -2.22389846135321 -1.44860419449747 -1.67663251764917 -0.589597448915306 3.54335629391353 0.0710853638580078 -4.4305210371183 -3.236718616019 -3.77544182655524 -3.76703873381925 -3.11076523580801 -2.73949143614364 -0.315440156453923 -0.344080900735939
-0.908344727773335 -1.65815015776066 -4.39853557054424 -3.66664871876826 -2.27954893624971 -0.0651449042014234 -1.81712968255984 -0.337869237242272 -1.75263283766621 -1.18288081267442 0.392732611384595 1.12801603108674 -0.91711046246497 -1.71111857211988 -0.154421536630461 -5.87408774906223
-1.96551393686367 -4.53481524858376 -4.72662146214352 1.46729997274211 -0.808004198643417 -0.992169658833254 1.13778288213599 -2.39988221861983 -0.236205128883097 -5.68087365452501 -1.90312081224772 -3.68876553648613 -3.24102711971785 -0.51502797428791 -1.22336612352271 -1.91277162944314
-2.79694823271556 -4.22470624069631 -2.42383766428071 -1.18405162266354 -8.66565554552159 -2.48861549833385 -0.679621336304814 1.75572180380413 -2.95154369323975 -3.33607086563542 2.11403558496357 -3.73951237955927 0.297282825033493 -0.444490272253369 -6.4728236479426 -5.39712549861312
-2.4640601564642 -2.76967988086666 -4.23204520537845 -0.0233533230742604 1.643616305862 -1.02215570021774 -0.796340443249188 -3.46755448515424 -2.21882228217757 -0.553496487677261 1.11641716035883 0.917351678866344 -3.39719654248053 5.85813582031741 2.74679822001594 -0.912656596269025
1.53685812838759 1.37063301874239 1.9151442051188 6.0838678590205 2.08642514723132 0.138895016331498 6.02644163329652 3.93143742157723 6.50864867907252 3.66548769907679 1.52982118320633 0.145553051297302 0.606580251059849 -0.894002301444742 2.94060865445702 5.52803363938511
-1.82503305454658 -2.57639621071804 -4.3651959570436 -4.95803595954269 -0.172697353054687 1.53137686940189 1.53575583481033 -2.37558187821694 -0.763371915647484 0.103851861736195 -2.421277627668 -1.30687192645222 -0.499046650985985 -2.32210814714534 0.463093449276985 -1.40824859997557
-1.56494257649584 3.13133212950806 -1.77022468803546 -2.79234673784007 2.21969885238578 1.17512191852133 -0.410568548876784 5.65217402760327 2.3247364772763 4.39487382568422 -3.0395157383258 4.8592027033915 2.14637688738375 9.08800433483196 -13.9990161063586 -5.73939735305703
0.22729031880222 0.662795336130915 -10.3285064509545 1.19132166355918 -1.15218293831367 0.442525023920422 0.0389871235253713 6.2693026231636 -0.258574866973733 1.84261755555576 0.628861586787001 3.37621992540222 -0.926296559004611 -0.4936450618873 -0.895821711415973 -1.08840151548361
0.893707031153308 4.32557587876045 -6.7909367988126 1.5298244211573 -1.67579856828477 -5.26776547462989 2.01672531102746 8.33919494055274 -2.46806897520598 3.55480965285512 -3.31090999139396 1.02621927571427 4.03144226822937 -3.58529082906561 -12.692769182372 0.20159903275597
2.16021009815703 -1.20169971375007 3.08400812294953 4.67856228237549 1.38782614254745 1.3630848300256 3.71476185454134 -0.512192160759755 5.05990475377623 -2.8907078966394 1.26162510260767 6.1278226337727 0.840425253925247 -0.178492482554309 0.888907379563824 5.51789926659327
-1.23944572447706 -2.02470813517336 -4.79924455700414 -1.07217443591632 0.0435574928704721 1.38239759304438 -0.936384924249885 1.18662571447204 -0.456880780744388 0.319971651246952 -1.51668037048302 -0.950047355142325 -1.59265341885322 0.979594374428929 1.02792524068806 -4.27934995580757
-2.31933303801063 -5.77988858275264 -3.04087508139427 -2.11405941808166 -1.68718446885447 -0.295373270996395 1.55580918860787 -5.64748250749868 -1.39661032840106 -3.48559059113658 -2.45680619008493 -1.06908933765418 0.0835831109446834 2.08108707767745 -0.914860630236797 -5.09285935450569
1.41847614374236 1.96572786400012 -8.83010280338333 2.43926301639754 4.05135750420815 0.553620944434154 3.85327118299218 5.5311018167171 0.461616670528613 2.65064763087446 1.86223675628468 -6.64964789381613 1.24988328269572 1.91146571522985 -2.65481060546904 -0.699652784566724
0.0954500842722892 -6.74480975914774 -4.88659371634314 -0.053004968797862 -2.28531757418433 -0.775447123147682 -2.36091289759898 -3.40561404785332 -1.37999769511767 -2.80824384876596 -7.02203877331947 -2.92894798594706 2.25394833134974 -0.56821689655387 2.03584445531979 1.04189611523454
-1.26621690618368 -3.77937890146974 -3.04321289944548 1.37504918040403 0.843349511304147 0.217436484644464 -2.19041945465019 -5.6701504433645 -2.13530943019984 -1.55930088553821 -5.63353494440029 0.0588852920435547 -3.62462797139247 2.58878444920608 -6.59141240480281 0.46872825266983
1.97129201135693 1.62983712965901 2.34252201385589 -0.52416523317159 3.72627299424052 -0.971063738964531 3.18695525835321 -2.72424268955089 0.74117168313896 0.296114902984476 4.11624012754146 5.31369400938957 3.04735768984915 1.91705348098551 1.24337758375035 -2.50480481859273
0.219334882350231 -1.11601208006994 -3.92628005887869 -4.09302959232937 -1.79802828908739 0.699401348439116 -0.661378811117893 -1.57030688266348 -1.22101468291427 -4.4310517463502 -3.53097009242514 -2.29941798884394 -0.576980163861181 3.64862236906721 2.05509907619637 -8.52800295659173
3.23555304967874 2.99596825875762 1.255168116275 4.43798814790058 2.53743596186291 0.619313687673781 0.656687472388968 5.7886634218306 4.00949393150146 4.76408285532746 1.2244744951515 1.68707019171836 2.52127548187849 -0.677722208097442 6.20771971358307 7.37004336580469
-3.11152148546416 -1.04165593304294 -4.67912932832547 -5.16496842833644 0.390124882216643 -0.0793267378170325 2.23746676256957 -1.83399517436273 1.15160766230902 0.116091692031414 -4.08573670597359 -2.24673425643805 -3.66660345714528 -5.83978442244382 -4.07523431632872 -0.0408404182954571
-0.723238115046301 -3.65175632663869 -1.97862749920816 -3.64071593408907 -0.234137750056869 -0.657262936304949 -4.2487215368772 -1.82354320333537 -3.72434528527071 -2.69235082342314 -3.34003870005643 0.531378251087228 -3.65204803386423 0.105987776307524 0.102612472496168 -6.72482057435032
1.1839790603828 2.21331430196812 -9.18749192173625 3.12105534212213 1.97821581395218 -0.449153170232957 2.02465462511385 1.44562914577107 0.940511449950048 -4.42468658840315 0.340180137303448 -0.298241560515041 0.506481913895037 1.21213572371866 -1.54746145227549 -2.01387545796101
-3.10457126547763 -1.62206949100349 -0.319735856488236 -6.43405995903429 -1.35462299198982 -0.00327142667103991 6.51771400789743 -4.06481397618977 -2.14010390396423 -3.11574796465247 -0.611198639414028 -6.42077735761879 -2.67957174933333 -0.621139066459847 -1.20802712096706 -4.11686062461072
-0.618729007809314 -3.95821070066392 -2.83117887821334 -3.98944172287313 -1.27306911717989 -1.52120168246271 1.55635366374105 -0.248059629160486 -2.16662138200479 -4.91945759265418 0.0768848717889743 -3.01815915169759 0.15664716048348 -1.79092828647304 -4.82169450410856 1.11662495919065
-0.204093797891111 2.31955224380907 -13.8349601463979 2.32340564059342 4.85166593850541 2.3704141315353 -1.14872679367689 4.58178436877227 -0.0854471803670882 -2.79843080221648 -0.831651648609446 1.41479255307186 4.31425536108636 1.33177953915527 -0.256136557844733 5.53779269374419
-0.909653069736892 -1.98497544059956 -3.63862789621049 -0.206597894879568 -0.921340161708055 1.0338381319756 -0.987188714691994 -0.888233990322685 -5.92977805924436 -3.4606686731794 -1.92218759875665 -3.31151577483544 -2.83118403480107 1.76304046377509 0.960445953061759 -7.30397892382191
-1.08717474862 4.60408334208533 1.48724347664795 1.3672056311348 4.7611636403381 -0.770936022428834 -2.30031883056234 -1.26887105736546 3.8366939682994 1.33949806319702 -1.14490587404304 1.40842412147551 0.218417684331463 0.43551073776783 -3.00872838282509 1.2709447828273
-1.11342278095644 -1.61745608076006 -1.86867047136978 -0.291582987402602 4.70107902866174 -0.617032147771003 -1.5059311695126 -4.465068229173 0.219419954971813 -1.71402867563789 0.15469430097884 -0.866023830866965 -3.39345213782642 -2.22605458580658 -1.03115221771943 -5.08849107746434
0.166113422984229 0.761453378315538 2.60253243004538 3.55282459880643 3.98551021429541 -2.56127474179329 1.83703103569211 4.90750361254646 1.37981804947797 1.54066177359744 6.23305288515905 -1.47577379432422 0.118798377118533 2.66625305716093 0.206871742183127 -0.942323612148169
5.39054943010773 1.88576745146362 2.21709284144987 2.66997997006351 3.54399495832685 2.74939330062913 3.49363162044463 3.42911685556896 0.534586588270854 0.535184072783091 6.42568805494767 0.945566041144271 4.15860557455872 1.70705555727933 3.62059044030605 4.57368259590836
-2.28107979741459 -1.08340348280587 -3.03621921121626 -8.28628050450076 -1.92316661202392 -0.810449055859106 1.39252764723142 -3.47233451525707 -1.51653490189818 -1.95130222641527 -0.653563856574638 -4.44345988686366 -3.72024615856662 -2.52054046995677 -2.04436493329451 -3.79450416603685
1.58156353161958 3.09373962748992 -13.7867367213233 5.36998521869959 -5.89796550152426 2.24896846744191 -0.0801975366230338 4.98328682792078 0.349195554200573 1.16965522225672 3.29827536936768 -4.37640539257558 5.00879532245834 4.00405483778011 3.00298202650778 0.926924901297896
-1.35375490791178 1.66329794709375 3.45146040820212 2.17455815303721 2.20580818718748 -0.607452207616935 -3.47319882628558 1.14292477274095 2.96442597460268 -0.793479818653978 3.7669762069796 2.820197513065 2.42672785064069 -2.22942030048976 1.03531651046708 2.10918824544687
-1.6346341976695 -4.14287931481646 -5.75999481991457 -4.61822382576618 -0.966233793088424 -0.919711810805325 -0.629392226052916 -3.64434673869889 -1.47965273086504 -1.35829829793571 3.31164183375906 -7.44913093674083 -3.21435621389687 0.947562611880224 -1.52952568463323 -3.40218477247137
-3.43710347787686 -4.77521352248546 -3.44015511617905 0.479931181148996 -2.02339040413448 0.695582553702295 -1.03841398564968 -1.35178538105357 -2.35587979874038 -0.722490940027108 -3.82843202386013 -3.18869895795055 0.570052947523407 0.683342577382258 -2.79402437254771 -3.8018725959786
1.06439739258978 0.771178604186369 -7.10731015593265 0.982619468856412 0.811410426816016 -0.451387259941859 8.58095915827884 2.71177820674651 -5.34564951506807 -1.1733893101766 1.87373195740883 -5.64899185817977 -0.208735195162404 0.417846580950725 -12.5714934330229 8.76141715781983
1.9927854043192 0.905328735603095 3.09137675352361 6.17920985823852 3.75149789696762 -0.694772788929864 0.768970948266075 0.310586301550034 3.62001126140307 0.231465901494181 3.22487770798965 0.846095420340955 6.06379009259992 2.70599727218762 0.944123264748723 9.90310657979072
-1.96892154530809 -3.13037988612404 -2.31196694615521 -4.4200297790591 0.00662095481820213 -1.11621830626434 1.64048096275991 -0.835443369209818 -0.481531072945992 -1.14456642164227 -1.69867524208207 -0.591018058657419 -3.98462148325386 -3.88916238251715 -2.63003508562277 -1.35653048537125
-1.60432595236488 -6.15932887319937 -1.17645963490095 -0.915556837228812 -0.404095843039715 -0.528618323531652 -0.484962414505484 0.223736574519043 -1.43459313920347 -1.71833381020613 -3.45729250527676 -2.46195822712094 -5.88504167444284 -0.284101709783341 -2.85813931569202 -3.35774635481338
-2.59083869666385 5.56635069539308 3.37439606880696 7.4460021416434 1.65574142225188 0.206365479213224 0.0631184806187272 4.80950465107501 2.53615660579146 1.9658310424446 -0.728785706197051 3.12740916747616 -3.40662810977818 -0.862284773311291 -0.892159850326482 5.18585713463062
-0.250666546849893 -0.942405137267396 -2.1815759488559 1.22090012023129 -4.42380780264765 -0.207366688161064 0.243382037005824 -1.80707717334668 -2.72249876463066 -3.67705087731756 1.10394399441691 -0.021602486534432 -2.77221756451949 2.84723834637572 4.10429488395274 2.01794511113032
0.950673780572078 1.2319937172542 -4.30833576952818 -3.33836196066403 3.86362017754073 -3.07919490318748 1.72683058634043 4.03216641802781 10.0829005852337 1.27473191162911 -5.63127299734068 2.75513126117246 0.544451249252256 2.25832144374248 -9.42531960567163 0.465026380982309
-0.727358183931134 -1.10623668949227 -5.06992277739073 5.54042111919483 -1.44543670726899 -1.84700654222573 -3.46744334892277 -0.790032058533062 6.58931445355576 0.569066848931217 -2.744675946492 5.37528569704746 -3.24768277327796 -0.847222134749227 -9.05722726422143 -3.49174192462475
2.29076498247433 -1.37481391574148 1.46343968346321 2.21243178381256 4.38165840404526 -2.24420210165708 2.59702848935533 4.57478727741405 2.23984404887505 0.253897682026628 -0.661601430187645 6.43856576843314 -1.91335285626909 1.9443373832592 0.182463139933409 -0.0493666115160654
-1.37069139753176 4.09594568467739 3.02233266677288 3.97117098553285 1.56281520203914 2.32148967634036 -1.37298770455947 4.02023734469194 -0.0895491423639945 1.63119030090801 3.97812210721184 3.80826390504492 5.45128344562008 3.20572505224704 3.5091061483382 4.79251118774045
-1.19724031832631 1.74129184036531 1.25982759299933 6.82364135849069 -4.13967051966135 0.347766903913496 -0.361545594043949 2.74805634009522 3.34026841192507 1.13137342316655 1.82018266987461 2.76234532887691 0.989911396993327 -0.337623324507298 -1.28233046256035 5.83654078999886
-5.3862439730065 -3.96389086059943 -3.49978799422885 -3.40972865422808 -2.27308860741929 -0.304236570761671 0.1935428518764 -0.30754052027176 -2.07297146540437 -2.59876306395875 -4.52957384589868 -3.85035935586594 -3.51379153763942 0.630999035973456 0.0280343169679531 0.317637104130733
1.72420761708538 -2.28218510510973 3.39456857050918 3.35659351616659 2.7553362191107 1.20618825089953 1.244337096792 0.539550050770856 3.2123966789389 3.43754786850159 -0.79335141724992 2.84939366137301 1.4616765779563 4.54463835708109 -2.83911656695244 4.14045504769716
-1.14039059544505 2.50513850613076 -14.1944105873778 2.11642211082302 -4.86399286351559 4.44910450331323 2.26595903573745 3.50465458257797 2.3649474480163 4.05233181133957 -1.12747986305651 -0.991430236976176 3.98758810562205 3.8996932086847 -0.292398600461915 1.10214927785243
-2.86917379882248 -2.78169407473374 -1.54546576566747 -1.34735401175999 -2.03816671581599 0.221675124409699 -1.96849196016292 -1.42904147697809 -1.79490228065757 -1.625824988643 -2.20319697813458 -0.536269600716396 -3.31214047873652 -2.61346717492687 1.8287544240023 -4.27132750641833
-0.276091364652536 -0.115269986127783 -11.3349516106172 1.46467854518167 2.70842493935514 0.80714362578882 -0.116232173440672 5.3660778185128 0.0611938740179074 -0.813253029325193 1.01266512336999 -0.218026145722005 -2.14410817816883 0.839758679756166 -0.204767481756407 -2.11957645360588
3.97458721546369 1.48002267116133 -2.68962105805121 11.8725139534933 0.804750112281402 1.44083652928208 -3.70135519509891 3.09609095257816 9.0789372884989 0.292116864155249 -3.29081097767358 -5.10699958208967 3.3189240077603 0.911755829367252 -15.5861126322066 0.671279273974155
5.55670459126429 0.0980178864333681 -14.3076872897178 0.846696227743447 -0.520073336851491 1.56802218453562 1.20182047867357 -1.16081421266757 -0.995072341877288 4.48533744190805 -0.781258581467923 1.01203239980808 4.01463685449048 -0.0358374354159921 1.29346291121134 0.00163697377640082
-0.970611653164885 0.67315666116014 -8.45511000168906 2.19189388490567 4.51759122707974 -0.728152740464048 -0.595458073044209 3.56205451980946 0.366452550242295 -1.89645828918025 -0.532533139125941 5.97430698865463 3.9509031022127 2.45308396960986 -0.102691228191366 0.670223970831938
4.97406393982824 -0.0605270831072122 4.05080074204091 -0.176849867088757 -2.21053001939909 0.255235830102537 -0.898517013158516 5.13037718402965 0.776578408659056 3.09013075273593 1.78029450739142 2.4927619718926 2.2632114361169 1.20815055229072 2.16219529539977 0.748470240880644
-3.36778035965346 2.63352570544773 -11.7229581850918 0.478454372627332 -4.56529271110619 1.03495893911346 0.992250729606113 9.07553455375447 0.371587531153103 2.16721625042603 1.41069167448726 0.576907269485341 2.58642094704141 -1.90633124844662 -1.66873008166616 1.55903641754296
-1.01124414610111 2.61874995609818 -4.55885892386346 -0.775361139309591 2.78101186620231 -5.6625563432744 0.0226866859933248 -1.34753443859657 2.53511517973547 -0.144578832498897 3.67931155584472 7.97311455191971 -1.52044686352941 -1.89865632369955 -13.3858512019907 1.54565238701325
6.21466219562963 -0.185558345805358 -9.03811447638012 2.59236735431648 -4.29523219271331 -0.0794727517246409 -0.793782038965567 3.28430594097997 3.01190655251535 3.73966035570141 1.06126811664394 -2.22860118471704 -4.36635159739755 -0.9988729684011 2.29277879632216 3.159961686094
9.7263540943955 2.7348417889424 -12.2927246146621 -2.60016745062156 4.5471545832235 -1.05340110910597 4.20664911187904 7.25315098008509 2.49208133220727 4.29367565423927 -1.34246872272124 -1.90889076314764 0.798246886807112 -0.638559831424784 2.61321700875767 1.89345003139613
-0.453379504561506 -0.266483419236051 -16.3737611162952 0.121365944441331 0.631138662313126 0.185175902614388 -1.32706829453056 3.68759566060015 0.877550168024285 0.767562621720148 -2.15748826192685 1.28104536011831 5.87403853942597 -0.828083596706959 0.960486155013038 2.35195360717696
4.21845978335616 3.46489299985716 2.55801635499097 3.8800686174714 -4.36643247308015 1.04571636484066 -0.206569920330767 3.47429393598309 -0.140902862707593 -1.70007138302785 1.72397361907371 1.7546031332849 -0.561819593560036 -3.52914013445843 0.205102682191003 -0.214917767896492
4.80294826375528 -0.214433652665298 -10.0013376244808 4.14056408410616 5.48913380095213 -1.99734684635435 0.316766582994943 5.89383398201534 -0.00311734774158967 0.772264651201484 0.409236972257206 -1.12610561994837 1.30991514468277 2.03704535191959 -0.429425199217522 -0.563147959092193
1.09850004389852 2.16629749718215 3.84098342230028 -0.0926719283825017 5.13009488751371 2.78986513476838 0.443286166234045 -2.22672778276161 5.52393034947522 3.95853335765658 -2.98140409774673 -2.72485525001022 2.53368662105179 2.52212097605983 -2.51570037075087 4.63388911715907
-0.558741658443743 3.75845846793848 -16.5884467619673 1.69210626280208 0.709105041460371 -1.22299998587844 -0.377504978467293 6.14563181300942 -0.853342493732895 4.08203209189218 1.10199373177175 1.08713990077275 -1.71045681860519 2.44961348561991 -0.859633166076188 5.40641704315475
-2.44643482865299 2.21404864521659 -3.48734695324645 -5.56402701967894 0.547351961997327 -0.814389749352756 0.0443646267555504 0.914957677115543 0.527760539263558 -0.993526502396485 -6.25505102521342 -0.489316939288698 0.347938635580779 -3.42139115863977 -1.42346643087734 -0.467496266539364
2.67590758004713 2.38744885156208 5.44288553515418 2.61773017494695 6.06981447402892 -2.03765756052485 -2.32292378063209 -2.32467625452999 -1.16699148372924 -0.815804000794331 5.3022852686822 8.20914931754312 -1.43594479523812 2.14007557557928 3.34377152715949 3.50041755853377
0.782695636005505 0.648319464715942 -2.7928040039624 8.28662849070643 1.58690906190146 -0.91589228924739 1.87244678807183 3.35913586060497 1.10739312147177 2.66200371913446 0.191716848645479 0.312586199391446 -0.477216857300786 -2.43966176664194 -14.5935961651603 5.70974060163779
3.79371782744935 0.259235615102335 -11.7124463245583 3.00227844445056 4.96377892104509 -1.56187882956933 -4.36731188226427 2.99246227815302 -0.0307698333531503 -0.17539647764363 0.964277567171319 0.110392172336792 1.12035710024288 -1.84732434330686 2.16370748995588 -0.299007202727683
2.68193082241594 0.454372574771974 -15.5284407646377 -1.98988254208835 -1.59766886278406 2.23371538762931 -1.69042221654255 0.885231245656142 1.98956700681254 3.28730061177501 -0.0419974445698618 1.79150291237317 0.599413851938544 1.97560378902594 0.32170552956878 2.8154328898249
-4.10377020203919 3.86582461419523 -8.5950320499693 4.99651188859185 -1.33057224312204 -1.24755645408241 -2.64904792049563 6.24066582466905 1.57197340575518 0.672216169408712 0.712920639816187 -0.43072564317675 -0.687085393076611 2.52543774083915 0.971335199271768 0.312594705621779
-3.00026870192147 -0.486289378181304 -5.40146919058838 -4.33552220056291 -1.49548199513118 -1.63187451455077 1.84400610729675 7.0494995359767 0.553900564742815 0.897006551617855 -7.02333441424843 -1.15677709641552 -0.211213625796921 -1.44141738223504 -14.52586583642 -5.60418457159273
2.87039049073826 -1.2633654415022 4.23863575740826 4.50645266352138 5.01369085339554 -2.65339738899709 1.64264681496431 5.46811784987085 0.456736358068556 3.65691014351036 -1.50633270828104 7.70260119550025 5.99314134261941 0.136069784008518 1.94675419295146 2.49936718567184
-0.000109831806101357 1.69770118154492 -14.3155316846928 2.2339292256409 2.27850531711809 4.11513348342959 3.99166543036592 7.05765702568077 1.17804398984642 -0.658786037885197 3.54161687312677 -0.254922738940797 -4.45999220392238 1.08390541469051 -1.35285266130726 1.3697783375385
1.70026136400703 0.292375914364734 -4.38722510945825 2.58038220559233 -0.463666324301557 -2.78673776380709 -0.213831203410733 -0.56040308116959 -0.352253197819354 2.38555061763247 2.08173166691433 -4.10994055801335 -1.36430523003981 -3.07152195481041 -14.6010921020398 -0.668627039010229
