x1 x2 x3 x4 x5 x6 x7 x8 x9 x10 x11 x12 x13 x14 x15 x16
0.716330339362987 -3.41083826793273 7.94524792098032 20.2986467833851 -1.61313081047755 4.50143181474995 5.76951798267136 -1.12842198451045 1.36666931702725 0.517310025581876 -1.35626235782145 -1.61965176198494 -23.5676193806887 1.04152224758826 -4.29771867547544 7.20075648316892
5.8666159859943 -6.41612939941596 4.03192063807029 11.3675928087485 3.06093935541006 0.657769577648052 -1.11685741494093 -6.10621193759966 -23.0064795758918 -1.63170220428579 -6.99833837686589 -0.906936585291909 0.454769740744209 4.84539373589828 -0.574013466521911 -0.945171115405299
4.54913614434614 -5.00483676447499 3.57032311593801 13.2687934416009 0.75936529448891 8.68384781399064 5.52019348249384 -2.26687346623082 -1.45073601971617 1.91981440585812 -24.2354895145273 -1.49597752456758 5.67374772032794 -0.00336543907876319 7.21482744610094 10.4524038012271
2.06930514557762 -2.60914083999851 -2.06538000016422 20.9034609647433 0.850212580560941 3.21035385431483 3.8147526715591 -2.02161588021462 -0.114023408692854 0.355597771681865 -2.58137049900766 -1.91626301580567 3.52920481271533 -24.7649413557978 -0.0637153141667453 8.34334985923164
3.67487111092232 -8.63710913727217 9.79333765811605 12.9744955932617 -1.64673186853179 1.89518086006682 1.80857375688881 4.34941555186637 -1.26464778802622 6.77673728088323 -20.9058328743362 2.35165797115277 0.365376234284902 2.47899798847141 -1.2456678515688 3.73549998629703
4.87214156349872 -1.67138012269095 9.31885690997989 19.0891478536157 -2.18984904900308 2.32979434837099 1.70174323143794 -3.17764947456805 -3.70516159854018 -0.838604307566834 -4.19171112911578 -5.64931668341459 -18.4548491181475 3.22679902274548 2.13324310334404 8.5695261891204
4.10118142469841 -9.6234178564061 3.88566517944003 11.6195686817538 1.15581382993086 -0.98727865167316 2.20709195002842 -2.02844110572459 1.39296450669899 -19.2139513111867 1.35270219802354 -3.80669619614339 4.14394139675188 2.34867585349199 -5.6015111133111 4.34575470054988
7.07847532560719 -3.89751899680149 -15.9788149571323 22.5915179337341 1.67044439757479 -3.56448849992036 -0.745975917657197 0.74920011393522 -0.703379823962944 3.97368061878718 -6.65158527025749 -0.923343020591165 4.7268976123652 2.52281547719122 1.30615476355971 6.00590124585656
-1.08120864052358 -8.27953294327028 2.01411063592556 14.6056880594806 -4.06221885914293 2.57780368915605 2.60539045449979 -2.61169540063503 1.86926570663632 0.259312753609288 -1.47294540611956 -3.95204199630409 8.91215922993642 -19.6630653052651 -0.648569040980257 4.96801977969248
8.30352277095274 -1.07428873431687 8.833515979725 21.6892150709264 -1.00551485911118 1.8881484485934 5.0804529857003 -1.04563693970546 -1.05669689388815 0.928925708843458 -8.28820990481102 -0.444842441741578 3.09081883812812 -0.107836960229733 -0.556333606811828 -17.0109273988638
7.39528900753982 -0.209940319270908 6.58770061737108 21.3304083056131 5.31514060914591 -0.324569720247766 -16.6497161921683 -0.869970033646578 -1.21426520266414 4.22874606199905 -4.80568922989851 -2.94954014879707 10.2259126704223 4.53360382361534 -1.36635282822372 7.34250860005647
4.77820362124583 -2.14356451753406 2.11315682474945 13.5162051306388 -0.541605200296535 1.14713131826806 5.53559038295504 -2.8812102386388 -0.136841629185118 3.54050977190452 -1.45643975790573 -1.54095979874917 -19.02617198074 1.14623150673271 -3.32116941551994 5.62812275558818
2.97175234661507 -4.89181991072725 2.89771717399756 12.2484429649998 -24.1702773430805 0.0543250149691965 2.19836162720405 -2.50820699201726 -2.30249549740451 1.58623345300244 -3.30053635507228 -2.02579066451592 -1.02158898050097 -2.47920936135667 -0.0742746032796291 1.0212599185859
7.6231778218744 -1.31326120155978 5.22281009031918 20.1162606079641 1.1488489107344 1.19529681975357 -0.143956148729628 -6.31020011910499 -6.28738974923691 2.89752867461045 -3.50668201824855 -0.524737755397799 -24.1865599657617 1.7018316946994 1.81672705638501 4.55236296963641
5.51058284747183 -3.89520172002082 3.82102467292997 12.1957060535078 1.73950843567153 -1.41326669563786 7.81147608832296 0.93702904178974 3.86552730926309 1.3423715416365 -4.22118112733548 -23.1824336006724 6.09192113328294 5.77750918203291 -2.07775072070228 -0.203711303998223
5.65075191176087 -2.25782333828455 5.31042918908781 13.7122199504374 -5.55868059285537 0.585093249884832 -2.00738222968282 -0.497373413608126 -0.28060753669125 0.0596990940807123 -6.81478611681923 -3.06240815981667 -1.66139137889029 1.55495377299999 -26.3968534132092 7.2954508263677
-10.9374952416915 -7.18556704519233 -10.9475513560979 2.13317307063545 -4.61597022429133 -10.4241166625411 -7.14616829411716 -2.60655716375179 3.88274936425538 -2.9718059959082 -11.1724221844546 -0.966731514314027 -1.77387434368768 -3.71867147604327 -2.91142776800293 -8.96349864470076
2.80834780263343 -4.4056577697716 2.21615651548019 17.9592427786046 1.90004636861394 6.3543243623904 5.33589675727593 -0.904214540917315 -3.94601984843284 4.50251250836621 -24.4994213329497 -2.26249397833446 6.62632887775437 -0.0220061810599796 6.00581578205827 3.52939043677028
8.96970829597857 -5.28962724633865 0.243933756883947 9.47943952866643 -0.747839799355663 -0.588742212985616 1.45546988576478 -3.01491309414971 -6.45743567229363 0.738228735082334 -2.85255682015124 -2.77922211249358 5.06004890868901 3.48615839546381 -24.1751980541584 7.56624133453519
3.22356552107435 -4.79145395365943 1.5107371509903 13.0076661579622 -25.8973468948673 1.11737685278775 3.27682544023416 -3.40414578784073 -1.82973778978299 -1.59994281295376 -3.59551362816283 -5.7540052757579 3.87113229647159 -0.344151754997116 -0.390415765288241 5.41690839430816
7.74489650362925 -7.5870656344176 2.46148352161569 15.28234597432 2.82572163141725 -1.94320228760052 0.0573179143662058 -6.37075976532448 -22.1645800734446 0.605810522870774 -4.7743424968819 -7.58319741998992 1.45387735374044 4.76865185465399 -5.00443289155057 0.330118077856159
5.89632858572187 -4.22350687865384 6.4820831808495 8.35701881823933 -1.48681516331552 6.34044359340302 2.53107108910242 -0.508994850348665 0.556825239977861 1.14336598089572 -25.0005337312196 1.32814855281351 -0.620773018662226 3.18567977827012 -3.09576500894171 8.14628238175164
-5.50166825062309 -15.1412492381241 -4.7504637326431 3.29714903073598 2.4350743520906 -5.964372383498 -1.44403723764227 -1.24494778530146 1.78216873621446 -2.3129043477572 -3.20588235218277 -1.72902441959281 -8.4931575604445 2.55711544039074 2.03549043224229 -5.18368833436014
7.85253039029246 -24.5282980955369 3.4812797716216 13.1505403142463 -3.24964970192549 4.26458743352315 6.7762456195015 1.26671280352695 3.54234564364215 0.537598960504715 -0.0314363796848225 -0.0709166273623365 -0.880270816752454 4.43584729240184 -2.68971223886924 1.42246476915179
12.3178286487926 -6.7495972351459 1.87469577359701 15.5265237097313 1.79060577615334 0.293876732207413 4.24940890633482 0.906936557025241 -0.125011203841114 -0.984458853224068 -2.9011312517578 -6.44618904875851 2.8546844267516 -27.5952792481906 -1.01889568079362 3.24591763807861
4.00864001770552 -11.9986065112166 1.68477216879603 13.6343012434532 -1.48217179730825 1.04233970452963 -1.79313423654905 -4.44515436011818 -24.4158075952399 -3.83964621000265 1.6495168482709 -1.65586823041272 2.65586577309603 1.99199578603286 -0.021136737464732 3.80021439262025
4.24635851254587 -25.16951682392 4.73578857210073 10.6176863817675 2.05132008756886 6.56030794972333 2.90108722465224 -0.0705565874560437 3.68659073030208 3.78220788595151 -1.69651500241591 0.353049474903522 3.83113068117811 2.03819193643259 3.69604241038417 -1.50879468097357
7.05046387304852 -0.2501992176386 2.40752411422413 21.8130601653031 -0.561693450108573 0.613214035842302 4.98468616029162 2.36644568481329 -1.92061067018841 2.25450245976173 -4.25175529156324 -3.53185886727125 3.48851978021745 0.926318670446098 -0.282203044556156 -20.6324415091196
5.43480174481156 -5.1278012228069 2.80626156493872 21.4449338694767 2.74562147870035 0.441153902214601 -22.5639608948002 0.853103591268264 1.11673485568093 2.79194108023699 -4.81732262808258 0.735587247609636 3.73137641875335 2.09107130010396 0.672042229815266 4.74389456218569
7.83444067548119 -23.251596758923 6.70331293285371 8.73610205775143 5.27121651081307 5.96259747351743 3.00285577093304 2.9068766558933 -1.18905119938263 8.70576744542072 4.21623048590616 0.947511301150934 3.60545122891476 2.39826434957727 4.34439848471342 1.07936670956922
4.3522036816312 -4.71595537694147 8.73394483680282 12.299366628349 0.742346076830198 -1.53692363907311 1.35686902863918 3.2908527920736 0.151320785340901 -27.2850232094294 -3.55839616431123 -2.49545976990972 6.748038910875 4.6495058259601 -3.86628286381165 2.60253433342857
10.0564011973783 -5.76948346570941 -1.05534268249171 8.98496310080693 -1.20897277363548 5.12246305151186 0.525201073454132 -4.12407070293973 1.29757126400897 -0.389909830061103 -24.2578544628152 0.949427426709862 5.1930739529781 4.1929298360399 6.99093226225473 5.98243853819407
6.17116856297205 -8.16018489047187 9.30721901390272 13.7740508982851 2.34965774023182 0.083453769445274 7.70839284278187 -0.0831246616779002 0.0434677230418359 -1.80587426965084 -4.60232511700916 -2.90468182788833 7.48069849541088 3.17292567551293 -24.7828276316497 5.95439079508083
2.34729328207277 -5.11132330668437 7.22270224131057 16.7572492137713 2.56991251164291 -0.509724856051082 -19.9212959987362 1.64870736178766 1.09702009372605 3.77115391979159 -2.78929921252859 -5.08558789091916 4.91067431982048 5.38095266799602 6.85834232876445 10.476187460035
3.72454674134428 -25.1448563287267 4.81986119983332 11.3855196641645 -4.3331059283353 2.02175081493642 2.70874490806927 3.33190172132577 2.15733026150411 8.08012663273812 4.43199024549603 -1.4563139205482 -0.536784451264302 2.45836395693424 1.58432567024261 1.16513171328006
5.93645469899874 -5.87549878677009 3.56191022884201 20.4723024601647 0.132363459293933 5.52996492111409 1.78161791683502 -0.86221134754107 -3.16165621031156 1.14334115331264 4.35138373111944 -7.18180667312882 2.13579913674217 -3.07530200990439 -1.77096172238104 -18.7749420737647
4.76346497435004 -0.0778338508349283 3.96872530386214 23.1497827644817 0.552556445686047 1.16491028536745 3.47078402537224 -0.716189419325011 0.242348095915637 -0.92324539607368 0.247468237125671 -6.10899109181245 3.68396198255265 2.59901038239625 2.33957267955879 -16.2682787174206
6.78435700350911 -3.79838627497103 4.71259665382686 18.6427019099031 5.52151513741529 -23.6841126864401 9.93459658799847 -0.317517574261249 4.94159517675696 8.11951677458442 -2.26766553761135 2.72383648780596 3.05504829286724 3.35516284861477 5.68828687526992 5.12012165833959
-3.87992567495257 -1.81921820237562 -7.60446065174099 -2.17189077771469 2.96501031387452 -7.04643452566186 -9.95865555499343 -0.463706718826396 7.05892686441918 1.29052368724537 -0.821740535258765 0.391172709445667 -1.9289755291552 -2.91125350417311 -2.51924143649424 -1.58019451642595
2.24260409939266 -26.7214511054134 4.30930305291334 13.2089266708031 -0.83631905077121 6.58770952781959 4.28535579762845 0.903179713280204 0.072932963062876 -0.965449413991855 2.12150273533847 4.82687205866268 3.50055529221432 0.687617878029983 4.44514388002877 3.79963479914339
8.61116935157108 -7.0234630716303 0.887345695570772 9.7643428380609 2.88050720407789 1.2443422166892 3.17515857128028 -29.7718221920693 0.290959849595868 2.87151721142909 -5.72466945083832 -2.68410170924412 3.4617072319398 -6.47537297483982 -0.987254090876532 7.15451626118524
1.27804305315931 -4.82906123507136 1.60855687895681 13.1325981613504 0.294473980712157 3.650412877139 2.06760464229181 -2.74123380857052 1.68442859376175 -26.0613125203379 -1.21300210046478 -4.46913546564575 2.38314467556414 1.82274215447029 -1.53716605822821 5.15650701500886
5.61262268871177 -2.34150531782515 4.78238900204904 12.4913511194956 1.97322745977104 -0.158965044862658 -19.7603090502348 0.35893539062831 -3.13193048404583 4.0582230891922 -3.89227558848302 -3.68155339221914 7.74918720678969 -1.25043175737409 -1.87534139163372 10.7201394731893
1.57620506787863 -9.97288444830514 2.47431523173732 15.208587038013 -20.024559150557 -0.132674034191071 3.13602950829445 -2.99938012306939 0.934038691299128 -3.66107347000783 -2.4148457631529 -0.850130539592285 -1.36990663521162 -0.621043790735373 0.132302955902416 -0.988239962216992
6.79196247445105 -3.88153597001579 2.10571728504282 16.412428709446 -3.005459253143 1.01652093649554 2.22588894102422 -1.63040984714668 1.11225427695796 -2.48891993141261 -1.52359898567576 -6.44833394275563 -18.0216195933902 -2.09003781276557 0.149307795973757 7.14336678464392
6.953623769277 -0.754662163536869 1.66446702562456 21.9105687734108 3.21907296516541 1.94801464944294 4.00182025905578 -2.32430314586696 -4.71243236622212 -1.38368224463417 -2.60695425749993 -3.98297986509149 2.37120881997861 -20.3470453013786 -1.1556046858389 1.69472704655907
2.47171692530951 -3.23441769993214 2.16109316331098 15.0190953834859 -0.686538301237404 -0.758093305574925 2.3186756346424 -2.97510924363054 2.72888116910504 -2.79168280058474 -2.57147247680671 -2.01372010001377 -17.618890216325 -1.7482039632653 1.7506421541183 5.17442027998416
7.61941151499759 0.725545145101805 8.21962324762264 19.2677094612361 -1.4446733674513 -1.78460597629445 2.77897529034135 -0.287764827424528 1.10537603260063 -3.41460655131404 -1.5522751889677 0.588373863932717 3.65189693006294 -0.109800640270977 0.537977171015781 -17.5248628510454
5.07741035501716 -5.29892806450796 0.833223676266182 6.98165842368512 1.4841703620532 4.36280178602063 2.18155869407921 0.498842185422903 2.79000110852029 2.55714404561749 -27.3874808693759 0.067904735978154 -2.26982509248801 3.71301083770886 2.16608606504087 7.31237361024516
5.46945134831285 -5.45215807908752 2.90852346470122 13.0270383602106 0.10714642520538 1.98800152216973 -1.44973558330578 0.131604382611447 2.741668532233 -24.2767986345512 -1.78274904424956 -7.24039018945589 5.19539939938165 0.154663890277199 -0.7564775767828 2.8907997968315
-0.614297421453485 -12.0876602264746 4.07445925527847 12.2542030522524 2.53257907533546 3.24135665450667 0.605124623757269 0.0818616098668937 -3.35238203905663 3.89785396624399 -27.6707826973657 2.86766927186462 0.780055973711831 2.97970181153626 -1.30449490664389 3.992367697755
1.71712456043689 -3.90376435356185 1.09049045172572 12.0270421288185 -2.15764778661123 3.06244689178842 0.867171907991431 4.1039443295901 -25.9736476381045 -2.46805873921537 -1.4458838653947 -4.14173058334574 5.07536871749767 5.45456327566186 -2.04095536689204 5.38507692643053
3.8686607089938 -0.810187268853399 -1.91357789973388 15.1223818513004 -2.89766247235561 2.37255133682272 -6.574520909165 -22.8980109319236 0.183803840707214 -2.78480056900176 -4.35307220545287 0.919876316437681 3.59459890433938 5.5973382881793 5.2849149607683 5.6214809266705
0.792350965004025 -2.33199721519087 5.62033955172941 13.1575395895426 -4.33370969273841 0.710868441309687 1.13604078802104 -2.74598172083279 1.6303721813843 -1.78497229800063 -1.76633613509965 -3.32883806449145 4.39720104351989 -17.1309793235047 0.609459858850051 1.01112817271785
6.96674369978347 -0.733223215454587 8.74765476064276 17.3771325770888 -1.22912047470114 4.91956992396165 3.40714341529866 -1.78094439512001 -3.39714743836898 -3.49896869036091 -1.6274408533272 -3.12583649351225 6.07203914293021 0.947954401997683 0.0697515521864969 -18.3072293240613
3.61443583209279 -1.81172547389581 8.03316325961046 20.04466618176 -3.94383955045574 0.766285926210416 4.78448610208535 -0.72585566216011 -1.35231267825472 -3.56037643294732 -3.31675721444961 -3.4033766272074 3.22957989414769 -29.1627226493697 -0.779945306792325 4.38323710140265
12.0581414835218 -4.40127473507985 2.78607257542211 14.7575059382653 0.193668443636667 -0.440670648950907 1.27996719989549 -3.47204907999311 1.77427276011594 -4.90677494930164 -0.604693664638392 -2.93906670887313 -19.5274229442747 -1.0558823886351 -1.17549515995143 6.54122668727559
6.36236935260748 -3.20737308341447 3.53230467730672 16.0001335955459 0.811254603537346 -0.847222621469422 -21.1897890058463 2.6171533736382 0.936659243541455 1.46814200891791 -3.85367831211439 -4.28572439967864 1.89328139088408 9.16695270619893 5.23715383982699 5.59632489866633
5.27442767654326 -4.79993477601154 5.85464204342745 15.4846576723442 -1.79717757311089 1.72976888112826 0.948666565965492 -1.16981383402411 -1.26600832730972 6.99765662204681 -0.734603414856973 -1.05304765344657 3.38948294354882 0.130618004839459 1.40564465423359 -16.8921319521675
5.4493458714826 -24.2709694634905 5.18625210306539 12.5197042204335 -0.400119525426256 5.27527563724422 5.70081035403246 0.245204298543678 1.67640115629995 -3.85187539157837 -3.74984959996467 0.343206832340856 -0.35777703463605 2.13543050597146 1.0361907508316 -1.12466222118724
2.00796738026437 8.9407066419318 8.69100397319305 -0.76925003685181 1.35716848423866 6.79592136634618 4.93537038870716 0.405439731276087 0.298324786638586 -1.08054663527735 0.296206733062315 -0.334861604186284 3.92881712825959 1.87900621855958 1.70499044466997 3.61786962231426
8.18530283137978 -1.68720845844517 1.32411392612561 6.76183089495774 -2.47290886888172 1.02482532091166 6.08756178662613 -22.2750202588279 -2.54068371429908 4.3516912887634 -4.24916856077212 -2.7772258872249 3.59473319848436 -1.76693991007539 -1.35955758518978 4.10559284540616
-0.120420219839851 -3.55136241861855 0.836477611162076 9.03590238374527 3.33739875240804 -3.87607409980798 0.645233230574203 -2.85906592191788 -28.2142013049596 2.72697780400948 -7.27608218474227 -5.48655534263572 4.81603696501372 3.26364497561359 -0.429636787266259 8.48121652054229
6.99354128051553 -6.87370255768483 1.28389193770175 4.73207735174913 -1.98944736887199 0.014547861188758 3.48332074219007 0.829783888625139 3.45520405145563 -0.727775589850026 -25.0660218695101 2.59544179171019 4.64827579925396 1.7352364305366 -2.84481393229903 5.51640036977567
4.44465332900563 0.499715535596265 0.784047267297151 16.8939594308739 -3.28167143715699 -2.3096655188845 2.44237243305336 -4.09647183757151 -2.5372296522663 -0.200646299838631 -0.885031001826327 -2.60324829160607 5.0544477544095 -29.37357395794 -4.11664486256773 3.0143421339896
1.71070124796293 -7.86572861515594 4.11440620096355 13.2730645390794 1.83855869588918 -0.742738286922451 4.89279583785468 1.48930506188036 1.52442075895734 2.10503137588458 -2.70835970072633 -21.7069807692169 -0.1860917717521 7.65558333355282 -1.73798024771729 7.25177541915554
7.59846677184799 -7.31417452610152 3.61755749695523 18.289833849545 -0.835807310751835 -2.3957971475988 -23.0238600324636 1.20944865120123 -0.301305347683906 9.76058209142852 -1.80812941811216 -1.6019210787702 8.01471763186669 0.3820871640671 7.55887861448184 9.49612680563273
5.82343051472376 -3.93116894746419 1.74638819758223 11.7503527395684 -0.324979399818497 0.424792683330367 -5.09467534183351 -26.9836480054867 0.312119866055995 4.93388341364582 -4.54587473818291 -2.03288260754282 4.03999397106056 3.55806039865661 -0.776510600998798 1.27320778075629
6.22089967716746 -7.42628201412018 -20.3493530577758 22.1584891580569 0.997057021009176 3.08057987928442 1.16175169904113 0.508500119067274 0.645709661410573 -0.0763235327852652 -6.13468012530493 -2.46258053214656 10.2677081334334 0.994461849712327 0.613697880832498 6.0270615988958
11.2283259593843 -3.0611573272066 -18.3936234463067 17.574076864529 3.76277523574446 6.20752960129219 -2.15520961606034 -1.60154281006441 1.65509884720422 -7.68808243810162 -0.23123977562922 -4.93331341257585 1.5820802221886 3.89105896258925 -2.54011966069874 2.49195111227243
3.19083821949262 -9.93392853961425 4.58665706227037 15.1886968500801 -2.8513169401118 -0.700814144643417 11.4156210701709 -26.0719515704838 3.43239270133152 -2.88558687583539 -0.827865558884128 -3.95152919546457 9.20708063659612 -1.47766240190624 1.55590545972607 5.71893325879026
6.37203949606443 -23.1858285692125 6.1432754952864 10.0114252942367 1.72281021823355 5.468755230341 7.95421974218454 -0.641706020222643 -0.752052063736669 -1.26271143197658 0.514130898578937 -2.62132466641619 5.44593587995784 -3.0406827616987 3.15446714674128 6.96850153749084
3.7143626095269 -6.46684941257943 2.97054563344419 12.4182574387022 -22.4779511979764 3.00482236661434 1.70223281043532 -3.34691799324777 -0.265137726825416 -0.125326436026452 -4.53184906102925 -3.82807529074519 7.6703332557321 3.35257755241819 -4.51567337135038 3.35792334419249
4.59261885039255 -11.8371313790236 1.40360267467999 13.1777132705718 -27.3438482910703 -2.64747462909551 -2.11677352132606 -5.1104365936019 1.81653227347399 -0.588048482222427 -6.10398879263872 -1.68828820226245 0.753246222979984 7.54454652119711 -2.29441763881064 8.28540748980242
5.97357910096513 -5.05172021628826 1.44739458662321 13.0728729108214 -0.699723280662261 0.471728071690664 3.54085656082155 0.719040670222168 -0.0964122119759009 -24.2648104551902 0.455309901272941 -5.26120872066513 7.78254066178808 0.0239136724390381 -2.07295777329419 6.69837204607098
-5.79623629365574 -9.53905439739122 -9.81249211645292 4.7332649582433 1.70342889564916 -10.461500953086 -3.61672519454277 2.54185690821733 4.68246219271549 -8.69516028903826 1.04987497206556 6.06690896825326 -1.44368259376994 -2.11513838263964 -3.86200494912885 -4.60525257124559
2.35384280918992 -8.15086436735542 2.96381939557955 10.833420744263 -24.2132543680008 -0.372039958808993 -1.18447616626024 -2.42006145761406 -0.254901429000526 0.560694921939293 -5.16309030384074 -0.427025022828752 4.62481369276488 -4.18476206217895 1.148600711258 -0.107751312743404
2.39706202180965 -8.28281694972876 2.55903320353685 9.98734739545071 -21.8473647670932 -1.33405567638985 0.379013983694209 -0.96104319913955 -5.9758776490029 -2.09911690812045 -3.62683174321679 -3.80693042706469 4.15253183504036 -5.07559456736499 -6.48135764864769 3.14466695175239
6.16362956423766 4.11816335671325 7.26020078606007 1.77650422962865 1.96310790868767 10.5652297358494 2.82357645411778 1.48584572596539 -6.03062875018768 1.83924730236194 6.28013728608469 2.91584664616466 6.23835414678224 1.58223878654158 3.46692804252883 4.77426571975766
5.88036302632898 -0.422519467798641 3.12179836862678 17.5703360989666 -0.79147140359542 0.752128131534348 4.08158127834566 2.19775986413031 -1.69776521062237 4.38924492776313 -0.834817339099883 -2.30891292865368 1.58663427937461 -0.166420318467641 -1.74190578209085 -15.8486932368674
-5.08510250604361 -3.63599118630017 -4.43735754403508 0.978916851902103 2.25372367431391 -9.87580211064507 -1.02949966436972 -1.38668774131809 -5.29286270005311 -3.98683842321047 -8.48494824897316 -1.16699643316457 -13.126135143615 0.923615958661908 -1.82926802147165 -6.51780984653634
1.18845616558302 1.16724665457448 5.35614483911555 13.5904703748721 -1.3491358661027 -1.37913702156023 1.42818772273771 0.718669346476833 -3.80754528761674 -4.57313146148906 -5.42770047230217 -3.45424704995685 2.41495262098184 -20.2452374573874 0.56236651113048 6.56545848562694
6.6847859537721 -9.5706930981542 3.33440724077076 13.9663984558145 -1.44675078310764 -0.369464936684615 2.29818097993175 0.397062192527202 2.7737208484593 4.39322862231816 -2.38899709864021 -30.9351292636147 8.55291279157307 1.27710206687189 -0.86294604871363 3.01923397671037
5.50462695942919 8.05952737059329 2.79182289825867 -2.76877736619299 2.84276570480757 9.47498837157374 4.95467784408071 2.3044703930266 -0.242576446084942 2.3026228090861 4.74166483218686 0.610203899398429 3.33019062539163 4.03412872404317 -1.37957004067778 7.94409296733779
3.38222959380608 -4.90228275431933 6.97609080314788 13.2769333803644 -4.44937893692646 -18.7703985209356 6.38037966291409 0.486474909849781 0.43204996642513 0.738647997924773 -1.43309690389798 -2.0628210092899 6.99708261107733 1.48730230614255 2.33534288744674 3.95001123250926
7.33955441325313 -4.14917902532603 2.25290987789803 12.022163326863 -2.05641112610485 0.366333007521643 1.60468118265056 -24.5202461061837 -0.543369325685556 0.810596800435978 -3.55532875683274 -0.365197505920625 3.72987083285074 5.6199094531897 3.17735073360289 1.80319719725603
2.06681177269835 -7.73306203802037 6.21096956512978 12.2672991912972 4.31109772176774 -1.94301646100144 3.69479573462705 -4.17761137226823 0.234441769067749 5.22562718929589 -0.846668906392683 -0.65229072727802 3.55196416692092 1.94434848015647 -25.7903137239977 3.85387816911759
5.54469654934603 -4.01264218794894 2.43971097720768 10.8446371735878 -25.1209091745194 -1.76339659799028 -0.0952382925868496 -4.35599317954433 -4.67688790776957 -3.0238721821773 -5.23793896430507 -3.63350781733108 6.9358827613293 1.8853433519424 2.06331364881053 7.88578353766461
4.2759850793234 -4.74404891526637 -2.48839403359251 12.204381348125 1.3470837146314 -1.35389869223808 -0.959196948520174 1.37761343061223 -22.1903814457595 -2.3975051625057 -0.0237912022581321 -0.699249078638203 2.01368113826152 3.50611250764476 -6.85773515478673 3.91272940196857
9.53428044182833 -1.79363584764771 2.20542458793276 15.8135109963264 -0.437328894543335 -0.968399621422097 3.14857629466161 0.950157616565275 6.52856468185958 -1.93696413208566 -4.82155787647097 0.512390342337103 2.30727815833857 0.166273479841311 -0.957661499248 -22.871430181578
7.21663831782797 0.34693505858146 8.95552442744585 18.1298037559754 1.52560665855297 2.22856392770385 -20.9603493928954 0.975741599427451 -0.375448437245039 5.31387930898132 -5.55291223253914 -5.29806726996731 4.05699470719436 7.61414536154289 3.270668664771 1.59220658092826
0.333859896548478 -9.23002669865999 9.21252007733205 10.5726392468985 0.611677067524045 2.96449385752907 -1.25586808144602 -25.9525180032165 -1.66796691928108 -0.411214124979737 -4.12939765352869 -2.320309063679 5.0641025064495 0.85361533744484 0.710024872391145 2.18068294581044
1.96204364681175 -26.3184162138841 3.69155805052639 12.4234340355347 7.07511822250979 5.44116752807707 6.07814051524655 -5.36834888316086 0.392057332173166 4.4619263462702 10.5584754394529 1.51783382417455 6.71387222290799 9.02898233466693 1.11365115154114 7.20145959860157
7.8899189239402 -2.64518535347371 6.60980609986 13.5956797829836 -1.6500939979202 0.645923153698946 4.12268624801925 -0.18290110322347 3.97636474453889 -19.5663087382608 -2.916285684181 -1.89140625207553 2.10413248754755 4.33587623344731 -3.38609743311032 5.83647144688471
3.94043837711338 -7.43349565248563 5.91336192940758 12.0764410280274 1.95301920087969 -1.64896807033497 -1.37782896076201 -1.44699923348493 2.19668294980423 -22.5156705292941 -5.08195561827124 -8.90661759194547 -1.30676694710461 1.43428739802996 -1.69432006097179 6.4314907299271
4.00510592266658 -8.15865407985498 5.74649618350914 11.4653191415929 0.167129712435974 -2.01299089677551 -1.66529736986864 -27.9075610316503 0.471251072366125 5.34642021031489 -5.58908694807424 -11.2497584380847 6.35580596099438 1.9768304822762 -2.48288394536302 3.22459848622749
13.6852435102224 0.830088087144137 -18.1387026629284 20.2062606539875 -1.8419995353678 0.437744063455186 -0.364016322312807 -5.90153351098342 0.0477292819504274 4.459233752631 -1.13538185878032 -5.64691712659722 6.45346042562073 1.73403556601972 -3.72419836341922 6.75733697253973
4.66800434036019 -2.64095919445125 3.49508126949354 23.1786914857408 -2.02021831833464 1.15346423652899 1.75178895767778 -4.06426974911587 1.95808527661355 -1.1987182676394 2.14380651307877 -3.42570631572872 4.96591041939622 4.22246675027881 -0.0103498824815187 -15.782457281761
4.69647611877809 -2.19332069555549 2.98331249445992 14.3476608718623 -27.858222600321 -2.06006953807779 -1.62003194664152 -0.581416996653626 -1.89931336578439 -3.74457764523468 -1.24858730343888 -2.38806621909086 0.858480673449382 -0.199856871967046 -8.10343602705859 1.92167672791401
4.26113095751605 -9.124464182955 8.36588708693707 12.0682085518084 0.415043368814816 -19.9217578461119 10.4793163395279 2.3615430086198 -0.480323998297034 3.25164355516012 -2.39223008743723 4.99547824979507 7.27145271566461 6.26894186349295 7.24688109387525 3.00600202145534
4.98401690818397 -4.95253602288391 4.28981664435509 14.9696632848132 -1.60910063927658 2.86202381799533 3.04460189761814 -4.58259267807169 0.323332288372784 -15.4897997409237 -0.581368134306084 -3.36558253462244 3.47113819387403 2.53659913502776 2.85452146147888 1.9624850977943
4.61079053136616 -6.16766901675119 3.30885441927362 17.6664488536974 -23.8038070442633 -0.583531378574447 -1.96753968923252 -1.70349395376378 -0.0478508463732286 0.679670987605752 -9.35021306703385 -4.10869042142738 -2.95721129911767 2.97954924895987 1.14267573129143 5.24737919070783
9.99519423436925 -5.95727022018478 -1.39933752549257 14.2584741285518 -0.761566619384378 -0.785419932965747 -2.24835913833824 -4.5241028568893 1.76530974749953 -2.16190055095175 -4.59796823120687 1.41537857331927 3.15080641312926 0.299335733519566 -24.3974280586968 4.74651161943292
7.36656412027382 -2.95904823451835 3.14600730908842 13.95029074103 1.09574957932709 -3.78533774108595 -5.80302553115023 -25.0216324728093 -2.01972229427519 0.663306520302417 -2.91032799334228 -6.65906839498587 6.60887317960764 2.06251016239537 1.9251204729699 5.4877534404811
1.68114095567762 -29.0421627493524 6.48868792151013 12.6459823379351 2.99160833338994 3.1309719912911 6.4393223151418 0.566647457543224 1.52837624333083 -4.84154598325647 -2.07475337921504 2.49733789489145 3.70175606572281 -0.905285479759591 -4.67606582125833 2.5505712831214
-2.46142374913409 -1.22715413815532 3.91234465978129 13.549145197128 0.97951697175624 -2.51397390092345 -7.71389294985585 -23.1956922203795 -0.734000178009833 1.70075954207503 -5.42744365881823 -3.80564555539157 6.87073830055582 2.21309419808525 0.0713952510666698 4.7130091718354
5.23195707386865 -3.56939701190553 3.80231368572535 14.7712836859628 -26.8979779986642 -0.685334308847552 -0.411275840674602 -2.32622412155639 1.81735433585648 -0.0567676766068805 -7.26007778819884 -5.41839490742489 3.89780007229055 4.90257676082984 0.763890551784844 4.53163236171708
8.43724127987175 6.10505786118295 5.4903227874681 -1.7763108093653 2.08886222782494 8.04453173575501 3.55979092850596 2.03454001334384 1.02519049027564 -2.78227705428157 8.55829105412551 0.464705605785555 5.9496542016826 1.98057474111564 0.416873211045468 6.15621055017604
5.64931893597645 -9.29820261994477 5.39140591194882 15.1118961658928 -23.8212289987365 -1.78814703853964 1.69497809678415 -3.18293183484405 -3.82760278230158 2.05485559158714 -5.61928754601588 -3.39027220844708 -2.93792214957538 -3.36882919822517 -0.966125588826265 2.04094112316727
6.69468949263591 -5.93036799072458 4.47417533617811 11.638320870663 -0.95520730992268 -3.18698551000602 -2.44185382121111 -2.18696414786543 0.902370101692693 2.22790523481424 -2.1936429675102 -0.741235019127199 -1.30399432533901 1.49653771288773 -25.0303707564317 9.08306284760243
9.90977881678925 4.23942475485353 2.87803517963098 0.925443119072163 -1.17849468432771 6.64719625356318 4.263617704591 0.58044810508087 -3.04033233901902 3.21571966885829 6.58657250449979 -0.710503691207786 0.805010617296226 2.30229142645559 3.87734222722932 9.5747729710535
3.02687813049497 -4.17502030988326 0.72965973371075 10.7719687044667 1.78420432971583 6.05151071543448 4.09836249445513 0.381146613043593 -1.34416807751914 1.92817205752647 -22.7855376670442 0.064568262819236 -1.25341265598513 2.13571783569126 3.86234590354811 4.6878100678991
3.2083119815727 -1.67844111349481 5.26018289445697 18.9187231514862 0.275942920749166 1.34920385170257 3.58049128288205 -1.00325832358117 2.83428233020497 0.611102978000498 -4.14408702138087 -1.16163816891928 -23.6707701917858 2.34987312941762 -0.610876326173925 6.3942068958096
4.30714000919511 -7.55621501064771 13.6324991271972 20.4558426195355 0.937889322925684 1.67115782945381 -19.0290314999703 -1.14233024120993 -1.83194498617816 4.26320349339087 -1.89077932951468 -4.03418517940942 3.06198854686359 1.77076523224915 -0.997529605866573 4.81408511493588
1.58663823148559 -0.717633854916425 5.99640577602675 20.6668848198456 0.295553378138395 0.930573042949145 5.12295563876475 -1.8557837922239 -1.95231161701774 -2.48062387629239 -0.680212610573371 -3.28618535393568 4.85557590539836 -16.8409991346759 -2.97018181913394 3.1887290324437
9.03990070654005 6.85071004404258 7.09324352060921 3.03521866710475 -0.538779815469926 5.70390188314572 6.81647412099414 0.698156418923581 0.000952823303617234 2.88058345696587 0.802507534872388 1.62225017398051 3.22869700862678 1.86357498997026 2.6753973501956 8.4803728565975
7.02875081781955 -2.44667354478851 3.77685388034985 21.2292579591745 0.955582691784194 2.6597973491638 4.26012403692706 0.759644268138635 -0.190861370455055 -3.75515933903449 -2.2478924868947 -4.79989253811451 2.38454544257639 -1.0667332068535 -1.55834783435546 -25.5675017021784
9.7647610870359 -7.99580876131954 9.18190580118911 10.4018193741015 -2.25429501218897 -0.987940572600947 -1.89349447794861 -2.66171434036154 1.36139866548927 5.18119239207881 -7.10890128992094 -7.63448014294437 -0.336010084034113 -0.222109423504847 -26.1786638394673 1.35522725069568
6.45284224245112 -8.5924612064664 2.03028141189574 19.2356192793408 0.315278826089315 3.61269097938155 -19.5846058670519 2.24866472851583 -5.31543554149254 -2.97782712520983 0.628376121531646 -3.22932747101442 7.53094416408359 0.946482286674855 3.90567341540091 5.20518265656404
4.96668778568869 -3.58377755621952 3.52290657711376 16.9130360284369 -0.0604077089283417 0.296678273124384 3.29607512149566 1.12838043367771 -5.34047911028955 -0.156252236172648 -3.71690008271718 -2.5353982769711 -18.5302625107113 0.252527217038254 -4.12460942761157 6.53838072922413
10.2542892342737 -1.18139472519398 -18.9926004619937 19.6373766455585 0.452748965810393 1.83668053401177 4.34235044581035 0.209595089429682 0.153329583137407 3.27193488095185 0.475789300314444 0.357190101067414 5.10868895936663 3.16964264321709 -6.29069024755443 5.9636958778396
6.01851622558711 -1.7443949459045 7.32339022444551 14.6974829209632 0.9869353687854 -21.0053531900175 4.76052327069909 2.53791329449825 -1.7727551355485 2.61119152167763 -2.24001073333291 -3.46039444474142 5.0579635795929 1.84995571610741 0.349571364144431 8.09432528016119
5.29387313877993 -5.97130796092263 4.70893971576538 13.9296662834665 0.185570571996943 1.1673185270203 3.93771829898004 0.411096554293898 6.65894955522003 -18.2381196379306 -3.28305993899532 -2.87395433276572 3.13579711962742 -1.90754071584477 -2.74172543044701 3.53556209146631
4.80820665627421 -7.69884868385165 3.2323193598882 16.130858026729 -1.33941740813273 -1.99684491685154 2.32616649054334 -3.11182683053783 -2.71020931728209 0.942378036546922 -1.64514391877067 -2.48183018602156 10.9945814558934 -21.859730641555 0.68166591877321 5.54931621063168
8.07606071187185 -1.24065215033591 0.105047678155332 23.5474030968179 -0.934975292026302 0.264878442264146 4.49605200402361 -2.17312382494319 -4.95074818689909 -4.91612345844988 -0.185683026905917 -6.09616620102148 4.56625560803636 2.87285736478594 -1.33337238014702 -14.6404355446444
4.94604156822461 -3.37104193716835 8.98363889085855 17.2912658453878 0.0577317826842021 0.662695589380245 -22.6628823013066 2.21894771320347 -0.129394135754532 2.91653370324885 -7.52985998812237 -4.25413785676589 6.19467872411494 -3.62001290886794 1.34942828647481 5.37857070431474
4.35008824409288 -22.8089152235872 5.7494966036222 10.8417233879913 2.83440459304804 5.0535721611445 8.4481258398899 -2.99112401065288 2.2253482118649 2.49908201594746 4.51874564515814 1.68954152935512 1.94208378368748 2.32629431765895 1.75851965053127 4.67346112666013
2.98816955934101 -6.09870292380666 -1.00212652770286 18.0852124328246 -0.488293712618271 2.11283068167933 -2.01815071614803 -25.8104603162958 -1.35186889183309 -4.46528742600598 -2.8038449500491 0.651723812004398 8.67578125988505 -6.76036897618615 -1.85916091379771 2.72133998982312
1.97906331776434 -6.07204840905956 3.52141789301593 9.32128448150204 -23.6371884444626 -3.72389344126324 -0.460106864132429 -2.25053063712711 0.0760475475561819 0.920047376422858 1.32884498662309 -1.69598744580891 1.55251009895117 -2.6537594121682 -0.63962394543437 5.77025270896702
6.12211259996386 -4.50572678117946 5.3131639274457 13.3563386901928 -1.64408032154303 8.36435994948176 0.233806444435861 1.47006983933265 -1.7479343127348 0.315469339412738 -26.4755932050826 1.04454015383702 4.74487233097573 3.92842224061926 2.24658863019001 -0.286927395348599
3.46180038146319 -7.34907299471508 3.14835882626707 10.8986179697647 -22.2551946343286 -1.00169134446405 5.73638739170829 -3.3592306059667 -3.00258223288392 -3.01945274950831 -4.19050372225523 -1.55215453270327 4.16430784351835 5.50934573962231 -3.77930787292286 4.34978218948448
4.57369927641965 -0.939548252821147 0.505326849176987 13.3709609771062 -0.161029388522282 -0.0732558860513173 -0.339054521774561 -1.23641418822121 4.10183703187195 2.06306917893839 -6.17239214949804 -3.68166668803964 4.02593898170106 0.174940938456663 -27.4860117949719 2.25565428797095
-0.907946723386143 -7.09724177243561 8.08723463866635 11.9608892735717 -2.08591189488553 5.57985967954435 1.10919627204797 -3.1205516073647 1.36255059597527 4.53427272794602 -23.9665901969978 4.70387011214132 -1.24985489742727 1.80132361440187 -0.711097934148925 0.33074211313782
9.72791655435667 -3.05150194524758 4.98803865905233 16.0410530992958 -3.71663263366687 1.8244356364607 4.24550873398893 -2.56989778845006 4.90095569445157 0.817958159089188 -4.12400425333629 -4.18460154244494 -21.8935494754525 -1.248954861913 2.11062379246722 5.12739139719251
6.12615889835186 -25.6018096238617 6.68899573460433 11.277398488116 2.755279105347 8.27372081839958 3.66820470241123 -2.13977542882425 3.1165457787909 3.73060707540004 2.95811397209528 1.32592542662084 3.42250365249904 2.89494696156368 3.38730299502176 -0.536512383672287
4.95249500380577 -4.82441279636454 3.47749296282154 13.2837085552716 -6.31482364756531 -3.6976902463881 0.674170338828924 -2.01158664181581 -2.27892352860724 -0.931898456944299 -2.76088689896199 -5.59426415993844 7.58703686090137 -20.4507325474082 -3.14407438942656 1.25401286320401
5.17219074602377 -4.15084384735695 4.50604731038775 18.2434519265141 2.51747643194516 7.31171026357348 -22.9077110791889 2.27172428569903 2.73888244963571 1.88939541085972 -2.97086690909747 -1.00435394327768 5.19504679284201 -0.481701875547121 -4.46016610529897 4.0628806789643
-2.77699355348489 -10.9584979565458 -6.17646825815684 1.08189380160814 -0.0882138062755273 -4.40417107234078 -6.73127589013106 3.31489516303854 5.45152041988426 3.23427760378547 -6.3874310354526 -1.48954091914809 -6.71053900704974 -7.91608462883853 -2.26986721285116 -0.886476084823394
7.88930417728335 -0.88596192755946 8.06888358501727 18.1337796650418 1.57951565792472 5.00941137442725 0.06517991533953 3.14342420607126 -6.62711458097 -0.304199622616836 -3.72837921213906 -3.12092578157061 2.76288994386611 3.56148254620077 -0.931494069738262 -15.5527854881277
2.50352532856348 -9.78255557105291 2.40403459740042 8.6623692570732 1.24771643764335 -4.67025846796001 1.12453667821959 -1.60525144777428 0.94836153937056 2.29751667381119 -4.40169478031693 -26.8418724396985 7.5665636226929 -1.44999254829953 -1.94282531742785 3.5298060539807
3.68782863785519 -3.75728000403178 7.42080184294507 18.02983041411 -0.791863606910467 1.9511930361796 3.7625058533002 -2.78936217834587 -3.37146693189603 -3.60195159400424 -2.29723877180742 -2.82721592898955 -16.4786181329195 1.79656715005231 4.31315261316945 4.58013613615649
5.34144425438772 -7.0699154981454 2.32815835215759 11.0478947829086 -0.456136943813393 4.19054572576262 3.87929877775152 7.08000762504902 -1.64577951791411 2.39778273790144 -23.0787433742244 0.33774972629031 5.00807497412853 2.04923282092091 -0.412179725514764 2.69446800791056
4.09609764459167 -4.32604102857465 0.0815369797174093 12.0635932359251 1.13315183159354 0.724445155575774 -9.251273028273 -22.6875854667695 0.706400250098404 -1.24028663372248 -1.96255484261195 -5.85206069964848 4.69580728790208 3.13553251132837 1.85868129377663 5.00090762345105
2.87464226183966 -5.75376071308404 -0.400579732646077 10.3920680024253 2.09311210446498 9.22475323958074 2.01862578510048 -0.22804542609813 0.512960730303688 0.841056638671846 -26.0418532673674 0.53619319372227 4.99127325909199 2.86746853013365 3.52852652697549 7.22671450424396
3.03221510449614 -6.27487280244382 1.14336120184272 12.6792182666302 -27.1631687320668 -1.79674733945803 1.0683208340152 -1.14171023110957 -5.32206778302128 -1.49568113950508 -1.52858751477288 -5.73835432378691 3.56540576247461 4.31709749459133 -0.218750672486842 6.96693507202044
-4.52223512584724 -11.5792126690054 -12.2108612261762 2.6183348535556 -2.28580642244157 -11.1405623264354 -9.73875143021861 -0.859830098377308 -5.93568702232657 -1.07327656497522 -1.79084121321682 -4.14774206404484 -3.29042623310015 3.14532772958877 -3.25150224842439 -6.24084491386169
6.73969905634722 -4.1575005355994 5.756060650837 20.9026465494586 -1.48251693705347 3.47219753189695 2.17853040521242 -2.82623463443524 0.785066027715566 -5.45518861945725 1.09783386052779 -4.56641206890501 -21.9194230515434 0.435718365109958 3.92141384951387 4.69327808153697
2.93373988328675 -3.12899372274892 2.43847068016421 12.2775099514727 -0.691040706314687 0.285072560972468 0.692500437702407 -2.52515712354492 2.88924656218666 -29.6334474597219 -4.25779170012055 -2.68925302929531 3.6965294294358 0.346550957326966 -1.10870963969637 4.64818050135611
2.96884239546009 -8.14560041367934 4.16218220915973 7.35588936707994 -0.0658372546377737 -2.12089393661032 -0.7823797038778 -22.6726079564576 -2.94873337324805 5.6549547236621 -1.90578497396959 -4.46020033372646 -3.4309632009397 2.25440581492922 3.83705579457165 2.84304025926805
6.82268588180229 -7.78772607266525 5.04908226112337 12.3597841379326 0.41229966653856 -0.507002647699552 1.1488199376235 3.20764889570594 -1.47495918423188 1.31737180527665 -2.07746843186761 -25.8846084043807 -1.18908628017927 0.921068113940472 -0.916127441402129 4.26013618196379
3.81830280242135 -3.68260578494792 1.52225429080545 12.8440855667861 0.960182502406361 1.26694897491365 -0.450571964830182 -22.2942824130858 -1.11636947458153 1.6824578849579 -4.66794340126758 -4.78533740639455 5.84817885150713 4.66676916243797 2.23094139684529 2.14035006132847
6.99594040844705 -7.47134491666252 9.10438597129962 12.5426418589966 2.08463692889077 -2.19244495599214 2.79810075627074 -5.98469301234951 4.78116421110357 -26.5334751340887 -6.29585848387146 -1.6269648994024 1.19480776567387 2.1721707500416 -1.00309269164684 3.52818749577787
3.47450571334086 -6.60597494890248 2.74427123872552 11.6542032066135 1.26021282610435 3.8543772023756 3.30463088151956 5.24139191033723 -0.310461067873311 -2.33401311803736 -26.2653446623579 1.51261766639197 6.65937422422693 -0.0669521878497807 4.48292276757363 11.3124256651462
1.91766828760124 -3.61029130302945 2.53654657400484 20.277290488472 -2.54513613766586 -0.431204847812132 3.80520609254922 -0.308513251841357 -5.21060160079734 1.03237312107288 -2.98583122432868 -3.9365475436784 -16.2857485206704 -1.73979821663554 -2.33547356511692 6.87637496596828
11.616263891294 -1.1813507170995 -17.3211718773226 16.9155723065435 -0.87612352862333 1.10373857844962 3.78050614563435 -1.67963493918153 2.32591883836949 -1.65850934575582 0.563202572771381 0.813548094874815 8.87523051847523 1.46048934831045 0.19776373543324 10.6770339356992
7.85660226847339 -1.27533067824012 3.25951440766362 5.79916838076155 -0.379875284413599 -3.18453986704107 5.32457824461373 -22.9947337100618 -5.10693093319071 4.00148998323874 -2.70094000894382 -4.87526641493084 -5.86924330607633 -2.87617568750708 4.77760667712428 1.2761583487122
9.53732147005825 -8.37140596973668 7.99531052703983 13.1793074831642 2.78787998622407 -3.04147967863246 -0.0532275927030743 -25.361302113574 2.76311423140508 8.62854452225521 -3.20223707334429 -5.40794268332553 -0.975954452707801 1.81232738455488 5.22227539692861 4.34147919419632
4.43389883291482 -6.56074672120591 0.376820497811628 7.26171059032329 1.21358234937978 1.03316993658236 3.35188972373887 -0.811888094165928 -2.57361424038019 5.51140118329996 -26.8603032635121 1.43608974772219 6.54936083163994 -1.42361701170114 1.53387750436707 1.66386010632392
1.45255133730618 -4.66935593041848 2.91006428378657 12.1750399058956 -0.626024568387984 -0.397048234107679 2.27335109251088 -6.83827130881163 1.1621590946997 -25.2152744707384 -2.98463044713541 -2.48695212469018 6.55953994531377 2.29770315117502 1.60985962436376 4.36552854942681
6.18801274345163 -7.11267866733508 6.69190840565049 11.2075338619511 0.0806329841611507 0.516411494890731 -0.774870149114526 0.740081293873716 3.61202696407395 4.42339432122125 -2.76076342465663 -2.04355528578598 2.8615443591149 3.3757605631342 -22.8004335532781 4.58622794228435
-4.93650459434595 -4.88674087585401 -5.68660140710586 -1.33039510428185 4.27612696946038 -7.77152605733542 -11.6902100424143 -1.27362051863917 -1.58413690521599 0.604824568590996 -0.445670509230523 -3.07375150924218 -5.3430343720204 -8.42471451468087 -3.42460328190489 -12.9564200541257
-6.40956370772356 -11.2646518871313 -6.93322417225054 2.53166485643368 -2.7221015947894 -5.35799964764793 -7.010236505357 -4.26308414058525 -1.93373372111009 1.57836235384836 -8.88910667911887 0.628392104130804 -5.8903694002854 8.51641950508666 -1.92985735303484 -7.72416407271918
4.87478878449474 1.38941847346607 6.78001147807065 17.6353105173264 -3.68586341441957 5.81124552891627 2.38789975299628 -4.26057283931465 -0.00613897187377543 5.24937054595328 -4.46236022248577 -8.24521383190854 5.10780906719527 4.41441786018859 0.49185631080903 -17.2073886696215
4.76928571337162 -21.9340785611297 4.90161925645578 10.1400119299664 -2.95584647546952 0.975953284931862 1.91308231427652 -2.00409951347419 -2.5076127604873 5.83985779841122 0.840976120950222 2.62518097985132 7.90125710976904 4.22628043553946 0.10514126033018 4.81344500402035
6.88761785473112 -1.52378145173905 0.273431168782897 18.1886069122243 0.245045440251186 1.7298276632263 2.23398559096481 0.783956637529837 -2.44683024038233 0.0572003399154555 -6.17183519026884 -7.70963111699124 4.46132546191924 -0.115462788803837 -2.99472750309179 -17.5220784279016
-10.5944878199816 -7.29508116712156 -9.8181719013474 -2.40940603709407 -0.938818307381221 -10.6164410480478 -7.21397771111062 0.758482346705358 -6.69809122678144 -6.66046696127532 -5.0452261233695 -8.51507522653698 -2.36557828901434 -4.34587909409798 -3.38947490945563 -7.45421958073269
5.91745129709723 -28.1101373742697 4.68750638857488 11.7689318357371 -3.65954578209252 1.5058063060537 0.803203338721088 3.55865386405503 -1.3840585830218 1.18515041713708 6.94248561349949 -0.366741434131667 -0.491210525299253 1.63435186970238 -2.52147581737419 2.12204757695321
10.5760565016938 -3.65936745186412 5.71898979313569 14.1895446800518 -0.748789517738852 0.91006053820915 4.47157070763434 -0.467273915636863 -0.223646813273035 -0.635816759575367 -8.51131931260946 -2.09817337235491 -17.3653875575741 0.440027412541445 -0.520644018247395 6.23601778245854
10.3983573894705 -7.46365671566329 2.17218053677335 5.76676756662872 4.57678429939137 -0.437953151436088 -0.587488311998972 -21.2583410567462 -1.39481062884659 1.4123757062374 -5.87304574744614 -8.72626352410552 0.26005141580888 1.87187321979486 2.7142016886484 5.3443797594377
8.04344724801257 -3.5302867692484 5.2317618786815 20.1219402857733 0.691965258646232 5.01520430228909 4.68969430928232 -0.632168609062461 -2.40586369291009 -5.38718540004892 -3.32979091653742 -6.56855703961948 3.58913657855491 7.98706324297234 -0.538238831058617 -20.365208502138
-4.65160307257472 -8.59088164913184 -5.49068817774991 -1.04495459897069 -4.80834075550389 -5.9529207808281 -6.01172803616239 4.75041462273442 -4.62139140120151 -2.23586258951966 0.983695190436044 -4.37608319903722 -6.79054532428104 -3.11802018777623 -6.15559208939947 -2.64492602437191
6.84886346781055 -3.51122767827604 8.55208702469512 19.917656936009 -2.01575924811203 3.9354851109853 2.97572596974445 -5.67305723530279 -1.55396674729933 -6.51623091644241 1.28491269140397 -6.97295772508038 4.81317390119336 0.917679881010443 0.65305385051244 -19.5118504236046
4.67859982103554 -6.89349191567512 3.91269768346189 14.0357133066619 0.898380600766159 -3.93001123765856 1.96507160735276 -0.225996219874875 2.33766025372359 -2.03432097575292 -5.81749054123242 -21.6432553564653 2.21132310450446 1.28913192002403 2.17938873147223 -1.98935642605784
-9.82897673401438 -9.01002788307218 -9.5553590152175 -1.99478606920193 4.35337300492387 -9.53713300069482 -7.96012402256252 -2.64596770332982 -4.30732911027042 -4.00354705179396 -5.39966840508104 3.91553719525764 -8.15555484263777 -8.95946568351357 1.81897473299778 -9.42724171818486
6.32976430246838 -5.39963321562775 1.34801764349032 13.5137993528634 -0.384735226255796 -3.24322058169739 -3.49639156501113 -0.811662305067078 -1.89993681356336 5.35016340279168 -2.81226056414483 -1.8467156926357 2.06100481529368 -0.074855902101902 -24.8917739199644 0.272466261466083
7.61890012074968 -2.40460531412503 3.9206301231305 16.8159951356435 2.19899625654523 -2.05312270913272 1.99361740106069 -3.07714773283868 0.887991930742545 -0.751801100249676 -1.08882822770448 -2.74730093388348 4.47706005697817 0.178598425233761 -19.9298041306273 3.93026557337305
4.83375325609281 -1.47525135405147 1.18199871164434 10.8058685736917 -2.45679962907566 0.128741076242911 -0.0763922085730124 -1.27383209977674 -22.4699954232271 -2.67773727199189 -2.10018907776061 -2.12888413206581 2.18846564408761 4.70279512387169 -2.64694325519503 2.82285861012106
5.97217428678445 -3.94476603193903 0.831653975996987 15.8775134363695 -2.21812109878694 2.38740003333741 1.26075209883074 -1.27545649836515 -2.4858105214295 -1.50714049819176 -3.22313769946436 -3.68341509960235 7.1186118276767 -24.7297209305677 0.171665208016619 2.09622425085335
7.27084753812451 -2.42120838187612 4.78063753063962 18.7940183521968 -2.88474652889104 1.59029109652449 2.91807985131475 1.13310603949148 -4.02391652908494 -2.53717584543263 -4.27098701041579 -3.64963434127072 -22.7952232777871 -4.17899902622611 1.78261855462469 5.25350909245547
9.44264400801742 -2.22349712365321 5.57622789857584 17.596860876044 0.731624830180612 3.57931100134432 3.8386671295064 -1.84773209989263 -0.790828959982761 -2.3663833210515 -2.61032142512681 -2.47438623568152 -18.5167388951482 5.4038154142868 -1.90020172358988 3.74547510029174
6.13643787606542 -26.6287876508769 2.66262786125192 10.6424639362495 0.739423085995515 1.97304945537093 5.47935207716836 -0.0576398869298933 -1.8626276825549 7.20539927691626 4.10639675634148 -1.40157577646417 1.7115018975293 -1.68981780168008 -1.56169320824198 1.51608197938157
9.2307597030322 -2.14987152335134 8.91971055267048 15.697745788246 -1.32494617788578 -0.685223569951847 -19.4433502199611 -1.65127867414605 -1.0159654515858 0.393458318877647 -4.53057586801598 -4.03934861636414 7.21186919728664 4.6154297097513 6.50955494619191 6.17051547625433
2.67142305623268 -5.95865988703541 -21.1315712448529 21.5969450640934 -0.0722020719663259 8.18570888871974 0.711505299421463 2.22375892749285 2.04027509356059 -0.420659489582132 -10.5410004693489 -0.112292747926455 8.39345568133883 2.88568161466901 4.94215552831729 6.02679999070256
8.11554982670136 -4.06731775221526 9.17244448900775 16.3010415783183 -1.66232203316846 3.20223093639155 3.23011312788666 -0.979296973691656 1.27018583719511 -4.04172318279541 -2.6196223315877 -3.53849851345082 1.5964089265449 -23.4726592291738 -2.04777260902028 7.30697240139086
2.94952184605734 -2.74842720918121 -20.2100338029117 17.5069503901586 2.83599021518255 5.54586804635566 7.18098826653811 -2.4476734590216 2.14174402724476 -3.23796512907144 -5.55035499494728 -4.28587711431877 1.62004491026999 3.64932739390094 -2.33156007521105 7.20942877583889
9.27120907342441 -3.21273443842626 6.11546003707996 15.9878085837238 3.73189188783605 -0.887160915070764 1.54324320620925 -0.392320849541882 3.7412308825029 -0.364199317480954 -3.37543795746926 -5.89933514522868 1.81000216400765 -23.8678472620302 -1.14327337462933 3.20026661273123
4.56034369479733 -7.17263176686533 3.92915686744142 13.8231375610196 3.25445718300552 -3.66148130631563 0.134106789663419 -22.7442258638651 0.471150437757876 0.528782772911029 -1.71295587855266 -3.67583839183761 2.19268348007427 2.68476532257174 -1.13088907303438 6.24414618496839
-0.961424893506332 -2.36334836234517 1.78733215567962 16.6593112035289 -1.8652432034238 3.7925158332171 3.86013882065815 2.54011203117773 -3.80601775386695 8.97888153239516 -22.8784856910244 0.595264516995294 1.60614142306864 0.562742551864506 0.569029281076931 1.67170164857418
5.80438120327699 -1.99577236593841 3.44488064862254 15.3982504307799 -0.06184681678903 -0.31303177261196 2.62466819167107 -3.73971701430658 -3.8883285403847 -0.397089584616406 -5.9075962177873 -3.03238400187487 -24.8629093991201 2.37529494315147 1.26003869038846 4.99304200037669
-1.69402525963869 -9.00363871105289 6.91449927207078 12.6000734109844 2.25065564325008 2.89405523192388 5.82083184507056 -1.50455708604696 3.06227792317852 3.44654201227701 -4.27141456385682 -3.98713459860706 1.93976241407974 4.17661131338687 -22.7186563317495 8.72780452916733
6.21860532450174 -4.40603115937332 5.49706264856393 13.6966392258469 -25.1686125104761 -1.32167971193515 -1.81788946653779 -1.63314978561443 -2.99573201407866 -0.0500022512562877 -9.55035038408171 -3.26885453274834 0.812854750587316 1.00268091994553 0.0573506754652382 8.72093914659703
4.18587923739591 -3.02737075907457 4.18849979875057 7.57328169686967 0.155777232182948 1.2156397932985 5.67614140465044 -22.8257148888135 -1.02289196210374 3.56285585642568 -1.04409991577516 -5.73028127826044 5.67282842669452 1.33611606750803 2.63281184286637 4.92852548350347
2.16971348062956 -5.07591958882898 -1.69555496253486 11.7752410190583 -22.2756417167556 -2.18562738477546 3.45993366711913 -1.78316468716487 -3.46378869878834 -0.242845267853871 -6.39449496134476 -2.14521209222332 2.66444333370108 0.401592334509563 -4.65406853521735 8.81937342646462
1.54329115791648 -2.99986371408643 2.30365553558259 6.8549261032039 -0.646721326214769 -0.393179294240208 6.81471963134332 -20.8079129423199 -4.19076570716475 1.23124797168564 -4.76892145474786 -3.21443934802242 8.21772039866253 1.72949889806559 -0.965491113049118 6.36010245954055
7.93507526108383 -1.75880743400581 3.88213849629974 21.6550391362105 0.38709701844982 4.12578997413988 3.11596059717635 -0.521811571611167 -0.400383980076581 -3.79856149498051 -3.81782333323695 -4.78341516808004 2.56645042814271 1.61479006410689 0.600270136410738 -21.6894992685769
4.04967428314417 -4.34241866826282 5.93521949295048 14.5360011898221 2.55714164845212 0.882275020611538 -0.229948974428562 3.17906157899642 1.524988340222 -25.9043504934194 -3.51834127922784 -9.39481735610394 1.40123240324765 -0.4078631276038 -4.81942747714269 4.42022006856845
2.96923862332312 -6.78678547496923 5.93409862499214 13.3806568348408 -6.93230834771875 -18.4316033597222 7.58882785469191 -0.329896945812511 2.03179960748045 2.83094703409759 -5.41709685098801 1.618015423951 4.99832235083852 2.20172329759852 2.64746963250295 4.74892715877664
7.64322833333482 -2.53975848046264 7.18993141371464 24.8016112768562 -1.68970183260252 4.63607642624146 4.66754987881516 -4.91355406222925 4.11083477510596 -2.74422144614613 -2.36670030343872 -7.05395549263501 5.38092943399883 1.35380661661391 -1.0134954657426 -14.051086984428
2.36636520858218 -1.86535378626565 0.679427600907722 22.1914517763494 -2.53979689484002 2.75486734462344 2.46731564412493 -2.06425325157844 4.78589470063185 -1.63379342245232 1.77448103494485 -5.89449394317448 -22.5492465351011 -1.36189056080152 0.553715941867302 4.42794650572036
3.52961197816407 -29.7953281458753 1.84102044652214 12.1030665832217 2.62666954560008 1.37529522196781 2.88337508151782 0.558341477559418 2.02731399427311 6.14926645062496 0.420760718411184 3.93680363867196 0.846138210010615 3.95859180175733 4.02548925747415 2.05396617265082
1.77041574425217 -26.4809199178461 1.64609299225823 11.8981497844041 0.731909274353815 7.33085697697381 6.20770595058884 -0.487055865257383 -2.17742192573537 0.53869499828536 2.31804109171209 0.91725030128835 0.570086018801202 4.41521993237963 3.5987223224925 3.69190685757017
9.73616892202579 6.59305800664747 5.54074280688155 0.683677865623321 1.57490910214367 7.59155051417832 8.04969378323644 0.86090937417297 0.66048326914515 1.00078578538795 2.88953564785797 1.5879149028074 2.57352925107247 5.54123558946054 1.27282267350148 5.55736462814997
7.61919256699079 -3.27617210371527 6.40369176570251 13.7721896117922 -3.60438054277765 2.30167129393472 1.61848986811885 -2.06035365176051 -1.67634807031093 2.43960012851093 -4.63412933348443 -2.5348158512948 -20.3484809403669 -3.11072169714989 3.26891941868232 6.44638546907232
0.739235082549718 -3.6442530957469 -1.87959773020957 7.47060318522693 1.10468980314374 2.64676614565096 1.93743749043431 -20.8599105703858 -5.94088623660081 7.26072661267296 -5.05711230442857 -4.31674718789423 1.69433862398091 9.18521958220149 0.398427583335551 6.52608125709741
5.61768261607334 5.36415260932197 -19.2128097773504 21.7174929116384 4.64510896711926 0.592484061002118 1.10220777003986 -2.14695177100498 -1.39701217477349 -1.4844652807453 -5.58218736782078 -2.56356907511153 4.43033397898554 5.70724694708871 2.970596390664 12.3680350011635
-4.6995352202885 -7.74240637823626 -8.96001907836003 -7.20339481205667 -5.85679691512276 -6.1847212872198 -4.73909327718221 1.87058519349884 -2.53869812732538 -0.99555009435326 -6.20357653820271 1.23481506643216 0.248303793418905 -8.0762127477924 -0.88917338375855 -3.59028471974603
2.63019520695247 -26.4717341035755 5.56066246976768 11.3474870677786 -4.65520666554512 6.19610037919614 7.91025255243186 0.443172048877112 0.993333312434642 3.58562476253894 8.98880167079078 2.11964423690797 -0.670760469443908 -1.62132798758522 1.90114900462106 -4.80687136581307
10.0456941990146 6.52273756403726 7.34619879418919 -0.90444598629717 -1.55720566276693 5.21589737812508 6.35809573839264 -0.76753693517508 3.18932616865598 -2.11638502097242 4.27529281447799 1.52898408852533 2.86076137407477 4.61534081801735 3.45721123138189 8.81587818632564
-4.5097992896478 -6.80562411168787 4.12115766204213 10.2791090543579 -0.134933462990655 -0.64385608194093 1.25107024443894 -23.4093617558348 0.186579893304667 6.07851940582785 -0.709122350616574 -6.84009027704929 6.4846187126062 0.733944307083315 -0.529841095208111 0.861993644213888
7.61442543943969 -1.89871736442412 3.46388756473696 20.6389390679971 -0.766441984713689 5.44043840680578 3.61930840264442 -2.67851024958198 -3.33609247379999 -0.565833160942975 -2.67742536904745 -4.65373764401204 -15.9366622774975 -1.73482305652177 -6.39174096207293 5.45422165688241
5.7403344588497 -0.436913343245066 4.3762808313149 18.3788785500119 -1.64795832133585 6.74435564011688 3.43403668743829 -5.32331921661181 1.31430778746928 3.06863885308418 -1.65931349737803 -1.87115118286639 1.79957619864056 -3.43947699401085 -2.94609806526402 -16.9842135281082
4.12096093739859 -9.42516563054494 5.81147808487482 15.9902155083988 -1.23112676200891 1.69019657823995 2.58173741965426 -2.18330465608297 1.462930690472 -4.91383537793184 -4.12589311453653 -1.60534383924311 11.7357119581035 -32.7014693628033 0.377951631054953 8.42434100139152
1.94827511025082 -10.1147270534127 0.891053497232384 13.1516465588855 -1.15411890472324 -0.159404697333988 -0.623230493330218 -1.91529288564111 -1.94439882784337 -4.04064402157925 -21.8649188302025 3.01897208770995 3.0680623029358 3.0049821473617 0.30129808133744 1.61148069075031
6.57105104419619 -3.35437630267388 4.36934239205305 14.6416574384949 0.857406942719039 -1.7130839016658 2.23538152154529 -2.29599123445113 2.49956877407953 -18.4329084085957 0.26825669884215 -0.96026194538533 2.77921137116321 1.05502259144949 -0.824497601895365 6.22540407150312
8.03960091403964 -7.24609377227607 7.62016597565844 21.3659122175779 -3.63114406817656 -20.7414348894353 -0.181289114578568 -4.34650500489192 0.513361218208743 0.658180171861921 -2.71876513568071 -0.823253754201555 2.21045835862459 2.1920823136368 -0.337652956380725 0.171628078160539
3.50789890128055 -4.23977203396663 1.65905275619091 14.3724882572689 0.78215775828626 4.35574919415821 4.16564460715432 0.888936884193694 -4.81472680647317 -2.3407906442498 -28.2707637149583 2.10964592864134 5.12927976850967 2.27790328158489 3.749565290673 6.15838890084154
7.31456009271264 -4.87106343640668 5.40554809486993 10.3874937887497 -0.0496919658031708 1.13920690608057 0.73422934045996 1.61336177377735 1.88744908087903 4.12097719210901 -5.99454703785941 -27.5092726567216 0.916825185259914 9.1090685591249 0.678940057942475 7.22411854545401
7.40136730204924 -7.03997848436309 3.91281277804138 10.6718633001453 1.3751131276723 2.63403610109706 -1.8072957505394 -0.0719678648022315 -26.6529071037796 -2.92509770766939 -3.74232357152416 -6.43154573907398 5.66842726745101 1.30534352784599 0.251793101212366 6.41785183757449
4.54592102830696 7.80479047266943 2.95974195878727 -0.724253965545405 1.27084309662534 5.06512021393777 4.73384096754234 -1.02958155823401 -1.48737984565238 1.03499923536825 2.29975999130264 -4.50666499781137 5.7950296817905 4.77326009109144 5.84873913715596 10.7013674245117
2.72587033617358 -25.3150609387817 2.45188410836296 12.3550922309183 -1.5648618875791 2.62399532064498 1.3105435674034 -0.373276460681843 -2.69185635228151 -2.0091025080257 2.08112908639259 1.07930009962377 0.732757713857434 0.606420419971351 -3.40721366455296 1.27890982666111
5.69444548619423 -7.69731342083009 -21.1866743873155 15.0689555415724 0.794501228339404 -7.40011731603884 2.79047239017051 -3.67024294182572 1.78767009815859 2.07293157626835 0.68095781789852 -2.55914907749652 6.47818912006268 3.93465843113436 -0.681322976350995 8.36587217243148
2.96236087726345 -5.92102582306577 4.45402980384204 10.2604491308274 0.960391271769012 -4.27881635780792 -0.425066950272649 0.655667599064031 -3.3889282738965 2.62256311986545 -5.7090476124928 -32.027035108219 11.5244232439014 -3.26900877912886 0.309873249863014 3.20327288487374
10.4347745817351 -4.03933620267287 1.98923149425289 17.1943029129035 0.0302065179127062 -1.26532465363087 -0.771037520057019 -2.00110159834342 -4.94418406683923 -0.955070468227851 -1.32437547531889 -4.76416290169116 6.29446262549238 -28.5001528615463 -4.06025371241608 5.49288814811685
5.91826917971453 -6.7749312768575 5.20496935784496 5.32213278551944 -1.96738555388816 6.2789432940338 -0.722385890349008 2.03431481819526 2.29376303716179 -1.6860493672559 -25.3429142474075 4.38448876152881 1.82652323387115 1.19357255670976 -5.51213693559263 -1.75609077897321
2.71768611980267 -24.7621357592131 4.84310639560331 12.2935846325572 3.18153689156565 3.14251703530601 6.90758465543729 4.22506057884387 -2.09645596507949 7.87529513282669 1.73324059795746 -0.947738252953598 3.36845087067701 0.568449592873262 -1.18361687135552 7.79564386314862
0.936019853558559 -3.38577269091925 3.40980882836623 12.4238054141437 -24.3105827493944 0.223085145714165 1.20397023877181 -6.74809851985814 -0.79749763903864 0.325055788772238 -0.238178305708415 -5.54232578841467 5.11281629814034 -2.17150005508895 -3.60341399973107 10.7500621013529
5.20262459740663 -4.7326030221383 8.55296370728715 19.4601430710292 -0.695472430718777 -25.2973206959677 7.09603671414335 -1.371174336555 1.97463985377016 6.28013535315609 -2.29450475534948 4.83173702173026 4.90601944346815 1.56506398313169 5.30139976551485 1.90447636312701
4.44041747597993 -3.75446879686052 8.79089365318963 16.1637952282883 -0.907444681235986 0.679051515757528 1.30164485416621 1.3264779752843 1.88662603839376 -3.00170368611528 -2.18347252672068 -4.19265349912829 -20.443228200079 1.98214240168519 -2.65032900083312 6.81234598355056
4.3753908475391 -1.87421208231244 -0.104123159652666 15.635875836207 0.757273777691002 0.928578652546973 1.582145058211 -1.14785061689183 4.33181131133171 0.632413731045257 -0.790920711738128 0.402301722405641 -22.7235708279406 0.257692228188461 -3.79521111547081 4.32296147078246
4.23231416832586 -8.52911356658796 9.62383180319077 11.3981653098177 -2.78850863154438 -0.166378255434966 2.71156562256022 -26.1710464516543 -0.529820555287395 3.39499521970354 -3.24095094725939 -1.87700805128723 7.38181818781407 5.96406876640334 0.447466050306889 2.0296576446582
5.24155402686564 2.51333105577989 1.11969741309177 12.2372359131315 -25.965837932068 -0.105242485331011 4.73450529007892 -3.66197245568742 0.548615878589376 -2.48357428204392 -6.80149436953786 -4.69345480182845 0.175886085933485 0.50728081158596 -1.90456877623247 -1.46015087941229
9.29855163947464 7.00387445051176 5.99944078672466 -1.68993633656691 -0.247827499210393 6.42413279487378 4.91552064672172 -0.232074203386001 -2.08417722441242 2.6307365475087 3.39678085759691 0.574713183422001 7.91209205023438 0.385728730187124 0.0888107983602175 3.8817196791394
5.53400990096976 -6.92721492139457 7.94278215809772 19.0210367695586 -4.44749699431228 -1.8241412993845 -20.1582501203967 1.65612438508392 3.52286964321763 0.174117260373613 -1.16090848828649 -0.802440619998922 1.68550521712499 -1.05751507130613 2.01042008660296 7.88849485285004
8.44892161478365 -8.52003521101027 1.40825001461954 9.54804655931089 1.84502508337206 -0.105393494997858 3.20825495704771 -0.0498741128163667 -6.89083061406791 -1.39291011149638 -4.61534285007306 -27.4336279596253 -2.06092232049119 2.02548257227294 -1.56253918600276 2.63715625451609
1.34569614361568 -6.86448730912078 3.82043634475479 12.142667259423 -1.05929180483871 -3.06127685442739 1.90038878969215 2.37885919365399 2.96354217773024 -0.774172940375892 -4.30173528402419 -31.9557004572424 1.66904648745011 10.2107206542266 2.84757909175532 0.259992782107722
2.07354110237932 -6.95314374532115 0.691282058950411 11.4569175951803 0.428976681505456 1.64597800326901 -1.88913030063207 -2.48096647565805 -25.7872244686942 -5.29929893464869 -5.57264599443433 -1.36057953592444 4.68535922586517 1.93179972797724 -0.511045046288066 6.05349457770039
7.2369011933927 -2.00873048816183 1.20650103703212 19.6623937248231 3.59880587778883 3.15056999058678 -20.1484360530628 0.735874208483473 -3.94456325242052 2.99873863286523 -0.231058936371676 -2.42905858721818 1.50781318864386 0.429653817359573 0.0728956120920294 6.45791759578765
2.93492824960415 -28.8798969239648 6.10305581201442 12.0806152537284 3.5506494861426 6.85769583088409 3.27542400309479 1.07088027027428 0.272446577794239 0.0242947395083943 0.154920404246143 -0.335695749392143 1.35875180880486 2.35905486164732 -2.74463894098451 5.66701478442277
11.4620361256158 -0.740412323885302 -26.0015554114367 19.3688952413094 3.1180333107596 -0.967359921111688 6.58191168348765 -4.09382204635209 -0.818940313597773 -0.971532488438544 -5.39551462548448 1.6196133823616 4.77809435179153 5.64260796217592 -4.09641070512873 5.31436206495623
7.56649033496358 -5.29447070030567 5.58257655901303 17.2835605703694 -0.90711006338304 0.277143736827765 2.29396136310676 -1.16015956656635 3.89928638930736 0.377803784807287 0.328645955970587 -3.96480553998595 -24.2024304204271 3.91397359378504 7.43190433386371 6.25436383188636
5.3894923475214 4.11119351224855 9.79008136026213 -0.443431616354536 1.57118641068038 10.2900626085187 7.57071985479114 1.98413131607298 -4.84484278945578 2.86020435236022 2.6394512404746 5.91750474909385 3.53030131581605 1.07225804302231 2.77729733969543 6.49868656614961
4.96087401110965 -7.92084687360701 0.944579195539853 13.4709105638079 -23.5189624702138 -2.40997538256803 6.8836327005891 -1.07909483933763 -2.61467346123737 -0.406672298559846 -6.12652153457312 -3.54365166964682 7.173569502753 -1.69238087657457 0.634797966974342 4.62369814879703
2.42974692695417 -6.4250823773151 7.9750847630953 10.6199283648598 0.319158510271 8.18452763985704 6.06596538950837 -2.20472434254351 -1.20648318226777 5.17152564554385 -24.7262809822056 -1.18851260691523 3.70123162547119 2.12921425259091 5.00615214533386 -3.8935965339363
3.73359480163485 -6.72048928228822 4.33376053554291 7.27267692381617 0.817495442836847 -3.15192463029892 5.98429397588945 -22.5378161304313 -7.05060709918697 2.58668918613569 -5.36164825374188 -0.410647659821249 4.9921372075975 2.15771654578475 3.93548722309297 1.42586414847281
4.08195092505746 -6.11409882083237 2.47781898751067 11.0010348944302 -26.129266667054 0.316953906324607 -0.703841771991279 -3.34292020429204 -1.3539243231788 1.02636221051158 -0.355245261866269 -3.51907598369948 2.93660125511908 6.96979470683675 -4.96193620853007 3.73630570502064
-9.14659157881884 -7.88683160590538 -8.94631252282898 3.83710482871309 -2.97763890270686 -5.72834116028235 -1.99789013732675 -6.30362344627108 8.40400836518907 1.29200883127649 -3.82531960201531 0.247775014921854 -9.22109326414444 -1.52673885788182 -0.541822778032636 -8.78837172857147
6.33199689682961 -3.32773846997432 5.77276047765742 21.1311264611077 1.40966203352908 0.402499953867796 -21.6667158793921 0.379440859116451 2.44583500168291 2.58685170080263 -1.10127402482944 -2.29422463165051 2.52802860779168 1.9853558307121 5.07500236510537 7.22870694994828
6.23796271930102 -4.18425221258371 5.05659636104392 13.2268144020748 0.251356329258143 0.483415849250903 0.813394725887767 0.432847894524034 -0.847989570608966 0.912923777077084 -2.49826530730342 0.850883634785881 0.811116776945387 -16.6031734040781 -0.875438068607236 3.30548866640084
5.29871073653005 -4.14494476573956 1.06091069455269 9.59015316733216 -4.90636693066642 0.146928733620915 -0.200137788960752 -4.22846235438838 1.49920897719351 0.286650032262881 -1.62627404933643 -6.87076717306123 2.87839460374245 -23.7766683055361 -0.800550815699948 5.9963785479543
8.14560627565574 -1.91421552540859 5.13921664096888 18.0713861301458 -0.761828668614104 3.31410728558809 6.31708162248736 -3.78808479565774 3.29678143190122 2.75051944339245 -3.63534348903818 0.0902751973482685 4.52024513460564 0.86770520053655 1.926131802054 -13.2343650523687
8.23547959433331 -2.16231548196056 -17.6047275067917 21.395034783055 -2.0008269024307 7.74806743289248 -2.37479797992417 -1.95814180422613 2.24979666676223 3.81754129631277 -5.26045538403913 -3.24094307190994 9.53764936217087 4.13989701036048 2.04920990820013 5.64972279545367
4.25579058557546 -3.60626448013602 4.67346967340704 15.0831863320846 3.39080575929389 -0.968527874639207 1.07529198279746 -2.18460207956587 -0.0648159059116327 2.95735863507975 -0.226767264043697 -2.81821000057647 3.41201683997843 5.63043146338429 -28.8429779194353 10.0061784027341
5.18827510330583 -4.69467715726839 6.31069731607273 13.5767976909194 2.4001883641189 0.798303590454705 -0.583760946932622 -2.84950852397867 -1.88864925773484 2.32028190369681 -3.01595359464791 -4.7609283248859 0.12540592106358 -0.0293414909352636 -23.3402254239501 5.94192560803187
-2.79511825672995 -8.52537104756951 -8.76394447936887 -0.615627509949084 -0.21232152468621 -6.48376975413546 -6.43331623112701 1.73447600225185 -8.35043849245423 -5.54978284826131 0.243319037958628 -1.43076718678209 -4.04488202417451 -5.57952454332397 -1.19170518648407 -3.11925534619298
3.29655451586989 -7.59188547047361 1.12106202259758 9.91883457221602 -0.284877344968735 -2.76201546280608 3.71552968446211 -0.150513548836507 0.143778536007438 0.840750796545324 -4.95286720618665 -26.2706386085355 1.14777856489902 4.55334859444343 1.89074814365748 1.63954743386705
6.5126409062355 -9.16861711093633 7.80285458475135 10.4236050473418 -1.0811330390861 3.17116255283522 6.42825307316014 -21.6281006836657 -0.587486360044873 -0.562655920578259 -2.94270820341381 -2.63438708267238 5.67780267275536 -10.0809883616146 -0.480196408767944 4.56073047235471
4.45409273358341 -26.2083477805716 3.77543357276378 11.0734128352314 2.82139594566916 9.41255407798651 1.37548343873147 -1.07371266001426 -0.561283116107334 3.77051911684478 2.05856814154832 0.123228815736588 5.78708631703518 -1.20445794232789 1.03993811410346 3.31105716565718
3.25460304902159 -23.8470915770762 1.98179008124431 11.5596759640728 1.93372743761366 5.2595173944061 -0.521741812660836 -2.57411914056161 -1.67326362597076 1.97963282696933 6.447983983792 3.10608327116827 4.9829966245194 3.1856370524545 2.8429556243597 -1.65073804980144
7.05818604699722 -3.46986855945758 6.39594322469479 8.95678130666299 -4.43376967903408 -1.23419740151454 1.22596878691895 -23.553292884642 -0.640997319719701 1.60648914066513 -4.59598586122819 -6.10767691126536 5.17540975350007 5.60565096502552 1.70314011827091 4.97354843756153
8.55100079550416 0.97548694612824 3.57307133304325 16.4335082620083 -1.51220947994269 6.55651791936596 5.96800693810451 0.0932894682657708 -0.765656601433359 -0.854686585981552 2.66242733844321 -0.228491669584171 3.92201317509693 3.36540053356288 -0.309049123699803 -14.1656273228739
6.05087334437385 -6.46553141581314 -0.334818755610808 14.1407901055973 1.30054132783159 1.97882487694291 4.45743462822947 -3.13471527638015 0.74577737852077 0.715648283296459 -23.3357833642483 -0.900976066472328 4.48894605863254 -1.20066534676816 1.91777786001154 5.52179742371306
3.75681775932384 -26.0783134406905 5.55055408809074 10.7423216325758 5.49870916845817 1.73262826251955 3.50066856804067 -0.361367262604235 0.6625037640914 -6.10491074845406 7.30013936202478 3.91851873674486 2.95108228023285 4.94841221327433 1.77284688385714 5.38762597708141
5.23488387533755 -7.3128652427502 2.54364652723192 18.8402600904573 -1.78611955890132 -6.47687976481267 5.4834134707771 -5.31441092126447 -26.5981317463065 -2.28221310765968 -3.01232549607224 -7.95704366649256 5.50393898243245 1.13739966317175 -0.800698205298954 1.49428431369717
3.60741933462163 -5.23481743225512 0.961540650827394 13.9692214628579 -1.52426004906576 2.0209554935261 2.37846440325835 -2.45510964435705 -24.8576945657035 -3.27522355670193 2.50999720235761 1.31969997321914 1.47825961413644 1.84820740315981 -1.80149224444258 5.27270604619904
6.339681037333 -4.35646360538656 -1.0856697479091 17.3462077410444 -2.022209475635 0.854271176940585 0.835201041084744 -2.63581954361222 -2.21134427504837 1.16683440395468 -5.51232474301518 -6.20279916457328 2.41566126053461 -29.5646668363175 -0.0740439323918938 0.935222127639082
3.46090224102148 -0.355534767447985 4.13874624197834 12.0878019590676 -0.975728986084907 -0.949195612903552 -0.483996383464629 -4.13227013731891 -2.9287099520801 -22.8068453857305 -4.14721462522019 -5.06374177158881 3.00471543491257 2.62680741313748 -0.171163573557247 3.13481330394654
7.18878008168043 -0.110263695122295 3.13788456849001 9.4744661616039 0.472427769860206 -4.31034688630467 1.54470428854739 -0.0858201089203572 1.48635161146949 0.906975937898915 -4.78476099945238 0.115391451857243 3.56129733614557 1.13868780298117 -21.4861457396437 6.1793506151555
6.06957358023079 -28.5196060713905 4.04611539616577 14.7045659138202 0.128211317234895 5.40771606861 5.49132051962087 1.64151239668378 -0.638522508254626 4.96481603130856 -1.33384492741641 1.54144051715879 2.66762395213645 -1.29967772814408 -1.67840374381319 6.79458498221379
4.47066481262808 -6.07823341037606 1.44336569752356 16.1536548751131 -0.11234592185187 2.39869133381367 1.82320068587832 0.00241610108697365 -5.45744235025249 1.24936102007781 -2.96280314588019 -4.98930314417381 4.7961357982556 -19.1481494351131 -0.0889552803639307 8.2538037894771
6.91723497643195 -3.35288276782239 5.55853913103395 16.0459821800361 2.19029074415242 0.482174368324739 -21.2670709362765 -0.73675850981022 -3.00183659334077 2.49148349429218 -3.11663224016596 -5.97753215252294 0.409450259900773 2.6464524252849 2.51075173323435 3.65480324900866
0.255915609185371 -2.45968853389862 3.95360468231614 9.53902697501803 1.10925874963542 0.54017420686625 -2.34601981821106 -1.30279564734467 -1.56573234789274 -20.4069044058092 -5.40087531185854 -2.66061304138334 3.20393098081658 3.22089850891069 -3.69530061987529 3.98284194932557
-0.490194406543924 0.348707427842221 1.8025851728286 12.7650489902258 1.00196431089632 2.85756884105169 -5.07914179547572 -27.3380990710915 -0.0612709463159858 6.52183805790485 -3.51672320969698 0.577194955498532 8.67760989496884 -5.31776514556497 0.595500159976976 0.842895193062619
4.39660588397696 -31.2796822201011 2.9238497652386 13.9851273505393 -5.93349025846899 1.00338965326835 -0.297025174714584 0.45766197017363 0.988993910663987 0.321491612449438 -2.06143041034498 3.6097326388491 4.00563952181782 7.48144621573392 2.50156512811748 6.73675211791167
4.37757307459933 -3.67252888179135 2.76315146536902 10.6159184376557 -1.39728542991082 14.3168227603034 7.69013779946251 -3.51535555626184 0.185017897256178 0.40295644456092 -26.0429756719378 -0.466802621861027 4.30907203087986 2.55421203308997 4.66933070168557 6.5970468884277
3.6523646333445 -5.11553946258405 -3.00740280596544 17.3098290983091 0.33263698768793 1.28299429235767 3.64310404172827 -1.07604038248105 -0.355833291184309 0.642420878940978 1.14195874687714 -2.06631648189729 -0.201813424420326 -24.9232912434035 -0.664488880880599 1.90727830304477
5.63496728816719 -6.53051625525441 0.219337474908804 10.7003798742697 0.379893079811462 -0.423444725693548 -4.03648766729938 -20.2243631682743 -2.7818544188084 -0.177704465927109 -4.79005063013028 -0.845472461910608 -2.39479961332984 0.399126963023475 1.72757668137755 3.39549179353674
6.02633102363385 -3.98390608426732 5.91274720493984 17.9073905106225 -1.97954682392289 -1.29243206263599 1.62684341511841 -4.7995823530866 -1.01342573345289 -2.15030042054383 -4.03295456112872 -2.97327016267745 -13.0077926382552 2.83470722152301 1.31144658952582 4.83303808428061
3.65472654488411 -2.77952381758441 4.97212537202959 11.0440758619049 2.11541859261529 -0.628296081668459 -0.429941440291722 -2.17296404536921 -1.6584825214748 -30.5137758893355 -3.98621538959367 -4.41171574419098 2.73514888913724 2.54239791132224 -2.33195687056343 7.57033741477539
5.87014274941937 -0.995647719971905 6.20632658408876 15.1404972825062 -1.93001303803622 3.07274043285622 1.09527006677369 -1.51411968730523 0.604682842751743 -0.680103239962374 -6.18210050844673 -0.67640184982136 -21.9707383993688 -0.606687260907932 -2.21108776858255 5.89284482189677
1.13110664701554 -3.4201091004386 1.82510365803412 12.8429804358022 -0.998399658425028 -3.41710617270517 2.94769744712945 2.5650748466258 0.284698237366264 -2.70978258844574 -26.5140335630854 3.54411308402429 4.5739793878157 4.93348735799236 -5.89944505837005 2.2965736177714
-0.55103643763419 -5.93467627034485 3.00054315994769 5.83579276450311 1.40357628981209 4.60760936429598 6.15774275272439 0.0661583309490241 2.91647852059743 1.54565858452463 -5.86729234787177 -30.8069033650421 -1.56177298361721 4.7394827863999 2.72852225828708 4.90544546127688
0.235980587906407 -3.8692634348065 0.15111817113158 16.7824278805166 0.743509192417345 0.157616039556613 1.12849141123521 0.875599777135266 -3.82096184381657 -0.802973988830526 -4.05157744128509 -3.22164557357748 1.7460421446813 -22.3173441097264 2.08902424171829 7.43227567769268
4.85808697406736 -1.9859044355206 1.40867440872588 14.0112629372238 1.35437645181844 3.52708026605651 1.25043699911162 -0.0702678319722676 -8.18633259658369 -0.784644769284783 -4.6628563359829 -2.99571662413239 5.33301128609082 -24.9151610799576 0.660080892205665 5.34514747053513
5.50640560808717 -2.86124091060317 2.11176398764694 13.2543463147786 -22.5279440193605 -4.21617534339909 3.46625152815017 -0.959210988520816 -0.434546644224058 5.24137655525024 -3.75348307702809 -5.80215119843304 5.93934226767484 1.28276811619795 -0.355651703896759 7.56266158877227
7.3535260587362 7.12503553095324 12.5084826209926 -1.86805346439713 -3.76693406565325 7.39253275443612 6.08303584858479 0.155634751907485 -0.762088462862764 8.17708833528272 2.69637001956363 0.74227927807061 9.00729581667585 -1.49040141201485 2.01034523181572 5.43412028384557
5.85135449310295 5.34557460838878 7.02652244377108 3.78071680659175 -2.51551041539669 11.4917475448605 5.17739833493927 -1.16881445328655 -0.747128276981712 -1.42998723378969 2.72181981300755 3.8841919503266 1.87777454882972 0.273100444435977 -2.2107516472684 8.35961831792168
8.3172749164962 -3.31275468513764 4.37880529248759 23.8251595422975 -1.59254164345168 2.10109136822131 1.94574689480104 1.96390256774719 -1.92895030351207 -4.81436556119784 -3.95303234714384 -0.693443114187538 3.87784714193867 1.50621548708 -0.678656609946277 -19.7571420184314
4.14986857731852 -10.9563370773169 4.2027811381451 16.4378512777209 0.550923357094153 -6.00287557158707 0.278181018572507 0.139936590191412 1.80813790482859 5.61210361433314 -7.46304735397303 -22.9898212215355 0.324264142747033 1.54935116911296 -0.269843772499594 1.55414880536947
10.152912100874 -4.19307651104338 5.48120787550805 15.4255099767847 -4.49115854738762 -0.291919289343016 2.28112376360149 0.0802193111901159 -0.803303401906411 -0.203901388640132 -3.48777860059282 -2.22584781579698 -0.910553954135191 -21.7356118516081 -2.60224848090657 6.61245261656635
3.39921301792207 -1.15863841846076 6.31493445123162 19.0087340163435 -0.483885806461131 -23.1825029944407 3.24580482420281 3.31925155471548 -2.53825465345183 -2.76244310373496 -3.03870735396287 0.124376947480099 7.69937968669969 3.39897138813081 -1.09022981161145 1.09890544362109
4.53384025245446 0.111270614672868 1.64131705537536 16.3915795913008 -2.93563466317404 1.7421112363866 4.1750934863477 -2.01540302752177 1.02547138697142 -0.991966662352497 -2.20195623847069 -2.68687878452785 9.46533834946248 -27.63214704152 -0.657203544805544 3.03148356293852
3.62280411690713 -6.08329227805208 11.174294216642 11.0845779992965 -1.30630852033163 6.55118990610735 9.2184812404602 -1.06862250202347 -2.06018267904188 1.08166578485171 -24.5088453771589 -1.50474412963059 3.19408394255682 2.11480737259363 0.627723574008826 6.75945583669314
7.00301607311003 -1.82730273787149 2.89014745233102 12.1035050366732 -0.057546496505834 -1.51755996005397 -0.804241559785408 -21.2142146638205 -4.52547075462434 -0.205873899744642 -3.54661604423198 -0.0752175777461765 -1.18710611809324 2.22062301747654 5.71644522287083 5.1755776529519
4.97766649192924 -6.43817336175027 3.90965538530913 14.6009120350868 3.87912582697834 -0.403256333616899 1.01451645423167 -1.53616347852979 3.85315934337779 -26.2159201526955 -5.73201997156343 -4.09752409686156 2.50088712035423 -1.22041818227502 -1.27158242570443 -0.00203924769071673
7.44132647326544 0.283233118962625 2.50817312802915 16.2613724167339 -0.195789409508789 -2.76816069517625 3.5879921439104 0.186090194482847 -0.277444950613551 -0.0695245552350517 -1.88742765549085 0.0816900745472533 4.13149546853888 6.19771160492275 -0.817865011100559 -19.6056463821868
4.63708718087157 -4.02463160628545 1.40596290425631 9.49522108929147 0.324348309702779 0.635890931656285 6.26643101763513 0.0307364213837654 2.05285811629397 1.07778899420963 -3.56777935855207 -26.2220624590774 -1.0313208260797 2.32064878458264 -0.512171034218805 -1.65180463153905
6.70481215885435 -7.4859574395769 5.52428664652881 11.4117421042175 -4.02712973331544 -1.53960613940698 -0.85377075177999 1.08546689560514 1.45099774593262 1.00861831904535 -2.03555239569936 -6.15917561957718 0.399601789360571 2.94252008037156 -26.6755811653953 6.16439965993306
7.41025916182129 4.84180868129786 5.7108492470346 -4.02460801606827 0.943498716763857 8.67124795691806 5.87428446889605 -1.42901539383108 -1.40686650784369 6.78305133697269 3.5121617456513 -1.86398142229931 1.7249710275774 3.95063611427492 2.84170762904379 4.3583135264999
0.910500036104415 -25.5871067514406 3.67842237381705 11.1994295103344 3.35674888456823 5.60987859189014 1.99345477571059 1.27904351773424 0.94647494540432 -5.05511023552531 3.4645600656492 1.33585759963187 7.75550250963841 3.63498384338619 0.24073160400001 7.30951640722751
7.89657175420248 -9.5546922043666 7.80514836491912 16.1602439507212 0.834453955376799 -22.8695760527473 4.37185965516884 0.318530772239295 -0.33262095970614 2.75105452925768 -0.0901296417518687 6.68731024797114 1.93811117426719 0.967054017485662 0.745465218682987 1.8578907309675
2.5602106419267 -4.72377153831953 0.257644204323119 14.3077296212748 -5.52123587750513 -17.4263775581266 6.05216545888454 0.240318637680608 2.1124827219557 -1.04600762745278 -2.30769950005574 0.284076993296642 0.641889782999964 6.01676892696781 2.62002401310463 8.99154977975232
-0.598636251823661 -13.7972503223907 1.43658717135194 14.6145830011683 2.82311032219468 -2.36472217738566 -0.724498176767221 -18.8268255363116 -2.60186175113022 0.576668245300897 -3.95684482530732 -0.194639037905957 1.74422749600644 1.99481431691163 3.00513849739272 3.90451842690388
6.6773894047095 -1.92005411696511 4.60996498610095 13.5256809309757 1.96493468746969 -0.321176171512204 1.63670558818778 -1.98095874681287 1.06316559931114 -29.7090242567623 -3.44570376462262 -0.188297078512825 3.80786022329171 3.26545258782069 -4.8590288224259 7.43593030375658
-7.51780081311212 -14.1583893095245 -13.6585570877178 2.68272851229232 0.0979450448740974 -5.68508582725778 -6.81973776611838 -4.17088436360995 -4.00671990023974 -0.449634481967523 -0.319076600879748 -1.68252548221118 2.02613950593871 -5.68253665830116 3.48034652414089 -7.58496741357826
5.01650319133913 -9.22725772901429 3.6153790354056 16.2781033213341 -2.36389817711975 -2.7630027826482 0.0333790872655891 0.675729039185726 -0.0481413867626001 1.69854716207266 -0.808176519494972 -3.69524465986381 3.63364305066859 3.24497035469604 -23.4965218251103 3.14441017447268
7.92436499016294 -5.45918847416866 2.74191161249815 21.562213547151 -0.887839221881399 2.14644318201535 3.64377229052125 2.62610138419219 1.09267556890791 -0.916635802763687 -6.40419805868207 -7.11833788362215 4.80923872226239 -0.18731982559821 1.15701023140082 -19.9578837840139
2.63686482555966 -4.74650104361871 2.28486959423663 12.328885726533 1.4624193756182 -4.02055273886712 2.79320596809261 -5.00010909591646 1.19348239934311 3.66442532441543 -6.69590300786084 3.07587692090646 6.25830054118036 0.653064964236807 -24.4439741555075 8.65627954812352
2.36589196235166 -11.2466573635632 5.90520344541215 6.43699378858707 -0.470068533230688 4.1658961337176 7.08334106317223 0.213405290055316 5.9644609635459 2.15661749449042 -28.7040178922471 0.163351065323288 2.51789844696229 -0.762935644905856 -0.0117119584399679 8.43920185187281
5.12783808712164 1.41815168456327 -0.5339789457226 16.0901621926822 -5.46909494107798 4.25408147766307 1.25178355780701 -2.59253005503558 -0.58685314467488 -1.53969307556771 -5.98415544432225 -2.45495982245484 1.83786322800099 -25.7258284500401 -0.348553171425788 9.59237541669127
9.9453816922922 -1.3933379989155 -20.471787815422 19.3701066851757 -2.51364922794895 7.84540522941337 2.08768705744217 -4.81367263912608 3.24039210905296 0.750664716169313 -4.14110861205938 -0.947524857721325 5.17352730956314 2.49289290428523 -3.64529594428235 3.68197447581151
2.34668559045276 -1.22281600034089 -15.7264492330579 19.8493416430106 -0.772612595933565 2.58374476675073 -1.66010267818924 -3.80068457230743 0.478526113328594 1.68823215965407 2.98105427356183 -7.34945374139964 5.31749424844501 1.53604848645371 0.960394530153208 8.34148275208659
7.60899580807062 -0.990507358101662 9.12623029345374 13.2785169918552 2.82575703746568 -0.720443210970901 -18.6933312356939 1.37703701982739 -0.0585806817549973 6.0558486271271 -4.8748611734518 -1.05685467974665 1.3432688089608 6.82670965466909 -0.11485281532291 7.17042679947686
2.06700058113266 -5.31989829536242 7.08608663710152 11.6589559694048 -1.94062782623393 -2.11715298470657 1.10834640377214 -3.75912111718005 -2.13751441606336 -19.8461604316105 -4.37950416082606 -7.02090509875554 2.08506713712569 4.21281107816469 -2.34610867141864 3.66402201491875
7.32001593176401 -0.680237853775038 4.17611661011149 21.1470717815559 -0.197947034880202 0.666293202527621 3.11381498163135 -1.80653400424822 3.58038584419285 -3.31858779210127 -5.29876139044164 -4.6955658613107 3.53269638351897 2.85437220970698 1.74179242986953 -19.4080150417296
4.52918564071814 -5.97753024046456 10.2419809062669 12.9549733627758 0.860118176090892 0.395479129421628 1.66165554173298 -2.53039295831995 -2.1192112042424 -24.4885042053991 -1.89968267107301 -4.54573353461545 4.28655391457065 1.67304727902793 -0.0836128368116165 0.884658762155792
10.1703802321102 -2.60515425130299 1.4743793045976 12.8313854575507 -3.05172085426963 -1.05084563297575 1.62145588787152 -1.16844552669408 -4.33760744115344 1.66492882687917 -1.20343316253689 -0.083549986255115 6.431859072419 -23.8996533750947 -1.47179920840849 5.57090431368038
2.66846075683239 -4.92767428149553 6.72036730839907 13.5883380808286 1.51694161631109 -0.637891876267235 3.73221115191966 -26.14151319405 -2.67599262325547 4.47363139168853 -3.45355157941455 -5.81276587264167 8.77758994890449 4.26241190291532 0.800234851871204 3.17824442602663
4.74838735032918 -8.72231339305179 11.257271828512 17.7409351787903 1.12495209308051 1.05967875953561 -22.5691751079087 1.22566961363571 -2.00751530544638 5.2646137133541 -2.55405944865788 -3.40061340511275 4.30736816314205 10.1295425425448 4.54052042104739 4.80378555013
5.14528357259836 -6.47217457728327 3.27504626109601 14.9288692321556 -25.3429726185364 -1.32381797679903 4.01721736729582 -3.16011141076993 -0.91313522900631 -0.892258836162233 -6.56954422214387 -3.05771743912992 0.224281818387964 0.0989575463281098 -4.37846960640355 4.63302782036533
6.20464277708293 -3.73012196424147 -1.05460566569894 16.1575407066705 -2.5460711581643 1.10310613584412 2.65088738297169 -1.24995949086066 -0.0356626433222613 -1.17752083869481 -5.30054335003865 -2.53235415652599 6.23913281261255 -23.7374021857311 0.173700084308355 5.08395289855092
6.58395091479231 -6.13479695572075 4.95606489216575 9.6205665455747 0.893352585305218 -0.763253602211988 4.64284619158866 3.71474846745385 -1.46347419781513 4.0902114960846 -5.26753142430012 -23.4724219602493 1.86408670591837 1.36308105529415 5.2000543621055 3.14861902921786
6.98450911277923 -5.45059452580982 5.7023334274995 17.0920198309626 3.86176492840607 2.34017000032988 -22.2603012628038 1.18486925842537 0.0349372492009774 1.48688711222123 -3.79818784235521 -2.38369902819847 0.246805606207724 -2.60931373482624 1.41159009404445 9.63190815653978
6.48906179901143 -10.3105405948816 2.89345147183301 18.4346474382432 2.78241036342564 -20.1226368970276 2.26262694109017 0.881696904836466 -2.33915202741196 4.40350834247227 -3.29243910583484 -4.5522639727269 3.49116863685886 2.11201424236571 -3.75665042795211 11.4669753533578
5.88667350599388 5.03246988587976 6.43648133726314 0.0681339967536456 6.28852555186156 10.6871627519975 5.83586447909609 0.345701146610932 -5.29862229720208 8.43999748074012 1.77629351464596 3.40668622865262 3.210827438756 5.54633359439411 0.654945027993054 4.25502400492955
4.42330601477602 -4.36101005388002 2.75668097906839 14.1148716523175 0.0982677053979928 -3.98228195787771 5.03591454428077 -20.655890992636 1.23852506145415 -5.87493424749319 -2.24253990274345 -1.1156533269338 6.00278527310265 5.4652718410113 -1.63878522352391 7.3316890405692
2.84428455350441 -6.12091525544687 5.01571440097946 12.9852325782286 -1.30953249576448 -2.42169185471866 2.15075921703281 0.987672024756995 3.65684985639633 -20.7593986810241 -4.57615636466335 -9.38916125822824 1.87582014391723 1.23114191401595 -0.422198331778451 5.39958484436493
5.76661989508522 -3.91918123468591 8.1593147845993 14.1779728973889 -0.204544652002539 -3.32790360425629 1.01934058977391 1.63268526083576 1.4124696171783 -25.2259104920042 -3.71503843257724 -4.83758959977569 3.6263201491542 0.548967375191236 1.83588734614346 0.267093495481322
6.55549931926101 -3.00575136087777 -0.49132435216293 16.4661533238757 -8.73493287731676 -1.76151098332177 1.14204606061568 -0.836068646309498 -2.45715393424249 0.0927236042053036 -3.82775166733624 -3.60510063760683 1.3224377527762 -22.8059585304973 -0.0569299474280678 4.6196902057485
-4.42674090233932 -2.08343637236249 5.82778456174785 14.0481247071493 1.12139023113784 -0.198870018662817 0.00602663419440103 -24.4023072676898 4.48567819661964 1.26936894995779 -8.57848107729359 -0.59903272972174 0.078792771659701 -2.04273760773228 0.359060650793478 2.70866138056419
0.508706985046421 -5.43302368635916 1.11954420177922 5.16800741248824 2.9193351607014 6.49837022945247 8.07012178800899 3.1632798566808 2.07327907279574 -0.450987704800904 -25.1908481628338 2.61154222280148 3.69798665758298 1.55981925312547 -0.993671177141598 -1.27526488079958
1.42534084412976 0.477905382799515 1.36556368988409 11.6710454321457 -27.843219841861 -2.24045267790891 -3.28127454395049 -0.329971078334981 -0.928775946802796 0.569591442904678 -1.69715846300482 -3.51703792039592 1.19951198078602 1.3187558141141 -3.680448121593 3.92375412621695
6.01340454462955 -5.07867613676749 5.71718549574947 21.0555173342345 0.716304468576218 -2.02462615300599 2.06455054344617 -3.15007857073875 2.35197694996635 4.67329144917695 -2.130163375415 -2.84483046882076 2.80778471338692 1.7421675802911 -2.90953929698786 -22.259093373288
4.64224820507668 -25.4119797982782 0.427171870972717 12.6027205173656 -0.260696865136648 3.07621535375208 1.68536177412005 1.77759669454488 2.95556158572047 4.5070644982741 3.92574701306778 0.185414137653161 7.50387804216162 -2.11988225524611 -0.0303148926283123 3.19717924536022
1.55098562167224 -2.70273073552168 3.93761738903707 9.7606156717779 -1.39943890902224 0.981094006829681 -1.24014143132516 2.93279524440065 3.36043376604694 2.53960572267673 -7.64103900075299 -30.1523087584054 2.76009833532846 3.67325775557316 3.0803585387466 0.64854279480815
-4.76202119962384 -2.07762707499158 -5.52939933632824 -3.2804760339529 -3.7740048348088 -10.6978649505548 -9.18278928788537 -0.415353964922026 -6.34130914604005 -0.380910750117828 -8.25806881145564 -1.11098221904775 -12.4657417680509 -7.13155770256883 -4.03804325781818 -9.72560127508692
3.31644701504335 -4.70790548364354 8.76815547559348 14.8039302838812 0.548582660387308 1.25309954409547 1.00530851838113 -2.66739567932815 -2.89714595548909 -23.0169861550694 -4.07161490864312 1.24705283851452 5.38096249490201 5.75258308582873 -4.0830254753715 3.29337624004129
6.85267146599126 -3.86384305580117 2.22504485020267 11.9494919138989 -5.18258466312903 -0.324638153976953 2.68585601146537 -1.60241402371564 -2.39080337022483 2.80202169122629 0.906542533212285 -2.98615446669148 4.86545804403218 -25.1648316750657 0.984482321540386 4.00719523342037
2.83191192059851 10.4438728320012 5.07247526559514 -0.0838841585476623 -3.72879909230128 7.56036572262896 5.83895364756706 2.44717786533053 0.10201106898267 3.47517396300783 7.35810393897088 3.66433450582657 6.42340804021577 3.50788716874078 -0.226320036015097 6.09095925430635
2.03479899944287 -6.47823739725313 -0.404880168628753 17.1399801595197 -0.388841363566902 -0.362718601916377 -1.586727663603 -0.167866836263062 -31.0480499292437 -4.25823319953553 -7.63318360108709 -7.90986847277813 7.31822280090874 -0.989141109897883 -6.82133079317332 8.6661859731915
8.04246659055051 -2.62078962645043 5.33817068865812 18.6929114782567 0.600012342211732 7.01291828120995 2.4207890310482 -0.0423362799470388 -1.87623413232559 1.98608836482373 -9.18357784712839 1.61898565388104 4.19464232912147 1.1932799285794 -0.833711338288766 -17.162575557863
10.0264111727891 -1.11954189103522 4.28687183044696 7.14210692737175 -1.14353197827467 -2.65566710929549 5.12938884905747 -28.560512069899 -0.86008810138595 -1.98784271517353 -5.48509551806742 -0.0874208607900684 -3.26162405432269 5.42808657122651 1.0815507967945 5.87036033739893
-0.714670013305027 -7.84282703684676 2.75279762073611 12.9478118761558 0.61496199349012 7.40979473664197 -0.421292047477113 4.1876751243177 0.898559123566907 -0.456145704435129 -23.5400731666542 0.0968402418923998 4.92063298976753 1.53204398467866 2.88424410915351 2.88623844494824
6.54486395405222 -2.83594523386498 9.00830397740675 15.3296569127743 0.387038697908807 4.93137182087672 -19.4523347466443 1.14302602718246 1.23007577408108 1.41863857192158 -1.27714624070155 2.16181349569121 3.41396178651512 2.10919859704087 -2.95946826183032 2.21382525880601
5.12596859536186 -2.86803416787317 8.33128077821994 13.7478481122005 -1.11355684291434 -20.1096559215055 10.0942303332912 0.544050696136607 -1.11171890257409 3.31126620421075 -0.670198158323337 2.22943770942721 2.81888163364437 8.78635261243427 -2.21434550947177 6.83332375785484
6.70109956568967 -30.8190568495043 5.64792494533967 12.1678278370044 1.83839251773809 2.81479440230878 5.72126167092978 -2.9788380294576 0.271322091676484 -0.260396689692605 3.42132174590669 -0.125444368055622 -0.171748411723739 2.45224301608507 -1.04079414482135 6.98020888683443
-3.17649557956004 -6.82846303631912 -5.28394016598408 1.75875546797265 2.32592431124706 -9.31235786866633 -6.6587881041638 -4.17322860932152 -0.58236329725673 -5.15907004955941 -5.0695950009927 -2.58806927878016 -8.75858453146145 -8.15406827207178 -7.96262590733164 -5.42603635841501
5.71393204283685 -0.336375378897348 -17.5624679997712 21.9596539350891 -2.07917561576759 6.847414109488 1.93727020091286 -1.21660603679541 -0.315678261633385 -1.88265831695626 -0.688638065466418 -11.3619482327235 6.56331349529519 4.15611252314631 -3.22157902569462 6.69672260624322
-3.48845224080785 -5.5603319581222 -7.32305646331038 1.40419636247353 2.23059756439987 -6.40595606521348 -6.17276024838335 -1.45375281984778 0.281089630178752 -5.42359814793412 -3.55120931290921 -4.89461903358824 -4.52032189929323 0.699541621348123 -4.01666664887775 -0.529036448420493
4.23371279547144 -4.52293350340864 -0.103672527483901 10.9502376157995 -1.60824936864695 1.82928724483278 -1.83211182450805 -8.99599212890001 -27.5261471335939 -1.15887719869978 -7.79124338779178 -8.5551150237129 5.47231471280559 1.68090271127386 0.142469530173253 6.75697807939733
5.1285128038994 -1.05311518042105 6.4672130041662 16.1879003931659 -3.1518377423468 0.930928971775621 2.51576225186075 1.03555617612024 -3.38462684391766 1.66277118887266 -2.276356420146 -1.81080305475107 -26.4594549148968 2.25840453999941 -1.30849311782927 7.85594510670151
-0.099856849952495 -4.27803485895833 7.8030602366576 10.543198338741 -5.57842898199722 1.53669081930208 5.86332761520932 -3.44939725008277 1.46440394211398 3.57953032947822 -6.07858440179499 -6.67981997393667 7.24760266181372 1.57437039648562 -22.9584867623934 2.21421013969614
7.5839688852774 -3.35013612426221 1.44755650365102 14.7011529749586 -3.23280257132361 0.627282636604198 1.93005822776529 -1.21791800672633 3.36327572528168 0.284012012654161 -1.16644743338675 -0.81320961262531 -0.00771325135921686 -21.7856199924364 -1.71954910279075 6.32488357912312
-6.67327759021707 -1.09904232575244 -3.17284636892211 -3.49383220037047 3.67600863187864 -8.25748207729314 -8.29593618074793 -1.65071427001046 5.74099382142806 3.13110247995571 -7.15701175631423 -5.19563514367312 -1.47397771156462 -3.78420144454364 -1.765848508078 0.750192266803193
1.53336031093328 1.54369543006582 1.84417586523032 20.0625047708933 0.926559664999385 -20.5326224257251 11.7421309527754 0.120888638198544 1.92606472777127 2.13099429264304 -5.16723418998691 2.74255118156223 1.90873936650543 1.62856046407155 7.39155681543216 7.95405784995106
4.89431287002466 -4.70538022433864 5.41702105666173 12.9224102141265 -1.48620895475665 -23.1015318144741 4.04881460643677 2.33866212077373 2.81119637183035 2.7402991871279 -0.935812831435199 1.70425734477775 0.897405188379806 4.03381838449185 1.52469647637394 5.37314872760153
4.69961055857191 -4.99645871372435 0.621542816161585 10.2397225981489 -0.807481439515066 -0.501679887441113 3.17777503919398 2.19016468870172 -2.07303888715543 5.93671044598619 -4.31478330974376 -4.97218415807406 3.62889606110801 2.48382150257898 -22.1823762677496 7.21535290648412
5.02895869460242 -3.27945033940173 7.79900237930101 14.1598982680533 -1.36103777081125 3.21800192930636 0.470304018895202 -2.98597310793489 0.308953060250191 -25.2853665023912 -4.58270637463949 -4.27270448130485 5.62132631975451 1.91114655691785 -0.949059424202842 7.49604096367936
4.65045772202074 -2.28998321463085 2.10151819410691 17.2693534641103 -4.01477215842287 1.27096188597914 1.50262681828351 -1.79126359789168 -1.91304925572659 0.54910868264172 -2.69404274789518 -6.43026421898935 5.39419348590269 -20.5140545101027 -3.21547251899332 6.32064513904596
7.32152540891321 -2.32436622280187 5.01784023474462 18.3504201907579 -0.0108253732990566 2.53583615835958 5.05388716657763 1.29051498796504 -1.02266782576264 5.66814626411987 -2.13820107801618 -0.590961686263266 3.51457926530218 2.49495942270717 0.220739920156038 -16.8873132981842
8.97476633648898 0.195856595495036 1.29103205782158 13.7365008036689 -0.113594812247889 2.34473479553865 3.46274698484591 -2.79212627488278 3.25503535341002 1.1739758243053 -0.685790546569162 -2.8644865040934 -12.4352228850832 0.584751989333843 -2.33409967521873 8.04727100925606
3.20668932563158 -5.20049648871275 5.84656226029175 13.8245107736591 -1.1479362344452 -0.121998340249415 3.64524878412192 -25.886331414792 -0.413923420854038 -1.42518869155396 -4.1904039999678 -1.35964254528725 -3.21390409955535 0.28601722051554 4.37910132341465 0.874610092527727
9.25034146304959 -4.50642638810624 8.89441900088977 17.6179413399002 -0.521069502780573 1.07915041483792 1.83941981536647 0.21243150373725 0.854281387149143 2.21082090329549 -1.1873335682873 -2.53337798367826 -20.2181609686862 9.39926812595345 1.79458423139556 6.22063664282792
0.260115822320614 -6.62206167635703 6.18254312900734 8.24433028312075 -2.29466902196307 -4.09584612313302 6.23501858648243 -22.0892380015717 0.950223560915078 0.482895074247128 -5.93030743364034 0.050444264026472 2.5250035196032 8.71326146419657 -0.595478704333483 4.66822965422125
4.03733257011299 6.81175870032637 5.97170179988948 -1.60543602752621 3.61229981911195 8.38361319236607 4.80614340380925 1.28952696894427 0.675432350970806 -2.11885011554195 7.13410166499309 -0.0482617759423982 7.65504134247157 1.69383876334227 2.5611753815744 7.52775039756542
5.50423148315869 -8.0432069161692 -1.41738014739983 14.2686825151536 4.22432596199486 -1.24768723718153 1.4426223272664 -0.233279839210983 -1.57894457498759 -1.27641043893905 -6.03778505548473 0.483088857235829 2.47219675208497 0.0309510597081704 -26.362963037548 4.49587916186872
2.82045720513932 -2.40962861027596 5.20757809584681 19.3767985293952 -1.10517608168212 2.59717730292774 4.36330666434655 -2.33111001254196 -2.36389140065313 -1.99504718565717 -1.12164500308779 -3.11105479910143 -17.5472531738573 -0.492908011021898 -6.08959710592011 6.4365159466135
5.29931187594164 -7.35057846275792 4.14229135882907 10.6258555248105 -1.56601011990867 -0.974232476497332 -3.00024002894709 -6.3801672063975 -2.81590219406589 0.321292478391584 -3.92870150637261 -7.55194740318723 1.47767014033709 2.88139259915024 -26.527696439877 3.11096308969426
2.24965004994736 -27.9051414071642 5.14701654728455 8.92956097104494 -2.69240582707781 10.6629212825183 3.26144554157342 0.775126669280523 1.43341882524937 4.67945799517672 -5.16615933608417 3.42587026853935 3.52578032664768 5.0035102537496 5.98540138719581 6.13138200897564
4.39689206936186 -10.1921309442592 9.37396804582673 12.5063571380837 4.47266652346137 -2.34018011099754 -19.6569321528833 2.69069300929422 -1.74920823681391 -1.003892049403 -3.41565634617358 -4.97893433913303 6.47422076787284 1.84178748125671 3.01757940902445 7.84601623280265
8.45724662908783 -11.4664138872419 2.2121968659422 12.6495877543553 1.15740902796298 -2.30726593410655 -1.1501282620894 -23.2232655400493 -0.181121750780087 -2.46575669953015 -4.39949520743936 -1.00327733283786 -2.61220689291034 0.496445769190814 -0.642530267569936 4.77512414479441
3.85551171275455 -0.953795847020302 1.15060831052531 14.1804414990299 -3.55100617776283 -0.285826328465033 2.54593832203733 -1.24375132299172 -2.17891487553727 -1.79956480847536 -3.33029225894687 -2.01976824332401 8.89939273828142 -20.8250382820513 0.415478879871212 4.05720596651259
-5.49203201252406 -4.90109204234101 -2.90549510982169 -2.02056708107639 -1.07121523103222 -7.19610076824371 -8.76955727203965 -5.25089771395365 0.772328610706379 1.04698633558279 -6.40022407413558 0.421951208666251 -3.03165047806499 1.47626160165164 -2.97741987703803 -2.23016900093875
3.72274258707534 -4.80941673015002 5.91903500988311 17.8563857408597 5.09573873387961 1.76320446891129 3.51602721001165 -1.78583556329614 -2.33819543613786 -1.67638113690913 -3.38388303855935 -3.24058074060774 2.91761455472017 -28.0699236384631 1.53614704722395 8.6222486241959
7.30101318378604 -1.86603211318112 7.80165009976473 22.0455210637097 -1.48483350671289 -0.959101562660976 4.33456596746048 -6.96752918034993 -2.31180236358533 -1.06773109413504 -0.8385262239773 2.89425561989879 3.47781094542336 -0.803142725632176 -2.10440615562455 -16.1360575631596
4.49804284374403 -2.95407138826293 3.71444127509659 15.4852987974885 -2.55243626302547 -2.66084296891959 -1.6669600976075 -4.22473465877832 3.87997306745164 -18.9170627984206 -3.7344935939817 -1.36342437077188 -1.24439010633646 1.48540928204212 -5.36738866892388 3.77659544726664
5.41545409114485 -2.06676030283006 4.00503805799848 11.5138831093166 -0.0417616750500875 0.358110154116312 -1.97901909568655 -4.08444222464316 0.168316833600613 -23.4303452234389 -5.67885638350002 -6.66332105294015 1.72344835638607 5.20544332511266 3.81626619512822 3.18578925683574
2.59130766888429 -4.33535548275059 3.83992481868404 12.5061700899899 1.53434564828699 1.46682532334538 -1.93638225985872 -1.06710906083191 0.8527038846535 5.95547326358142 -3.95775774493397 -8.63876961879671 -0.402687865651699 1.76195756863962 -27.8351790825698 5.49185342748988
2.39184737516291 -25.9625517196995 1.72783967142234 12.9226239271662 0.0700680925547959 2.92004534955881 0.799009833323501 2.4480121665986 0.944697884577971 4.99201638732781 7.41077287523039 3.31317392517394 3.35434636759294 1.93056966126093 -2.81249498895682 6.03298965947321
1.31785028368676 -6.54170279525911 6.84643566192444 11.9963616785757 0.255933374188843 0.328171607055634 -1.96354263420761 -29.7031845973528 -0.0109571358997898 8.06752290771894 -2.4968233196132 -3.06619883507985 9.74936489086552 -0.848152222364797 -1.27130884616874 6.22185697855261
4.71359633304452 -5.45740747696965 5.20898354120515 18.0162922370819 -0.0183279850745317 0.57750417658647 1.04606887101155 -2.58870271082035 -2.17038805202414 -1.18564280195107 -4.24589769667677 -4.01574977599998 -16.9818652057988 0.583687750487028 -0.169320519014382 5.83100092458386
2.41515750571588 -5.0959939392995 5.56110010857465 19.2841393058446 0.154858491387763 0.0523849406108078 0.411590086745273 -2.07646605339682 -1.79098649489667 -0.715593867864568 -2.92807849165455 -1.54957813618203 1.39292934975049 -26.3502253472723 -1.79182206555294 3.76550164572233
7.25573752495315 -5.20923275535019 6.39274150426261 25.0025086887743 -1.83665687115464 6.53014735785515 3.90819150532037 -7.5479800157334 0.536775801930318 -1.87387744686814 -1.4884047738674 0.174386565619418 4.4691892788611 1.96254686691322 0.254962401409618 -19.3144449131598
5.85602616906333 -0.148893697701308 7.19900266958978 12.6526113989961 -0.0794838113999344 1.31702400959516 -20.8425663529582 2.1011332260522 2.59665721969726 2.72373250565553 -3.64142793152358 -2.06405280632979 5.49450317926904 2.65620513357091 0.0243675422235288 6.9594088997732
6.29037440920437 -1.30740980062139 4.40978843195831 18.9227339560879 0.910102467147016 -23.7135126319146 11.1890504673838 3.82120930521908 1.37041358834661 2.96872825305167 -4.45395110032015 0.125575323785325 3.79491257142241 3.28485574269178 6.95564369401714 4.72761843894662
5.08902555001409 -5.44913404439023 8.62153833260498 14.0359411854572 -0.99530014960389 1.05671661223449 -23.5721076569665 1.7885289370962 -2.50948399052823 1.94731967007091 0.051434448932695 -2.16980802571493 2.37843021260783 -0.395851457296784 5.07265190805621 1.8658565055748
7.84578647748842 -7.00181196730532 6.03353502034706 7.10705332375794 1.1550594310259 0.473153831273215 3.70905953672196 -27.1375672291681 -3.16476995450032 2.64180258523554 -4.25188334843032 -7.95579966046413 -0.310079741668594 -3.02420954145175 0.352035736521862 2.41851872544413
0.924202149161744 -3.11921110844798 2.14115530114121 16.4563982309491 4.92884384363198 -0.696426953899519 2.16895761405888 -25.1480776742791 8.10558383261676 1.68086287628392 -1.65408416601373 -2.95761050601268 1.1639175704157 3.13599518932707 3.43801993961285 5.26814632981093
7.70843989014245 0.957928365218324 4.16197875958576 18.4427190501905 -1.63504458519834 1.8416018772481 5.27019276391385 -2.16393657868934 -2.5966245823037 1.76055505890805 3.66836940484643 -5.52077613538328 4.71156812399518 1.26497821413909 -0.952766718210787 -17.938630543733
8.49925761752344 -3.355845524328 2.18549356459261 10.283292437997 -25.1688293826743 2.58321349664581 -0.63912236336843 -1.15750591024372 -4.25582775798642 0.513471520774669 -2.57126974977225 -7.19981207449241 3.71590920769637 -0.655610890290253 -5.12012008624807 2.84980262467515
11.8084546775755 -6.70909477823096 3.64599093409611 14.1323709207687 5.73668509802079 -1.89500385349081 1.59244764008215 -2.67488982645447 -3.7912769495016 0.0615283735145937 -2.45812310948248 -7.1328504257969 7.85400709503931 2.32935479659047 -26.995497100694 4.79862988368606
6.47425341912362 -5.67539908795917 5.32072659194126 22.1176561697885 0.609134236066195 3.07108606491855 -21.2491576685015 1.04702195599371 1.21378880735225 2.74683272314032 -1.9283499842041 -0.779469593515357 4.35793652705709 2.62447804034371 4.89731099704446 2.54135720448996
-2.19692638481858 -6.37136977019297 -0.542942581660174 8.72813235299183 0.170794276998626 -1.8336427842504 4.99782127793235 -27.4196617958465 -3.4007853327363 2.57925593436035 -8.60535431132567 -2.78825352106785 5.30131292220551 3.37594974035202 1.95179126046728 0.107911398519357
4.37829777140553 -5.2678267984505 5.46514901518545 11.9815338810948 -5.11671484233176 0.847555844298595 -1.54167808390576 -2.13528314690877 -1.64135060643006 -3.25875897327393 -2.54414043955074 -5.50003162204157 3.89331483227366 -24.4116626579128 1.84963290257413 1.79350680507139
7.62859104029868 -5.78918436973064 2.09918423564877 12.0092807809862 -1.71419235604794 -1.98853662881623 -0.313709730348195 -1.84742746072307 3.39068844489782 0.08452926234673 -4.6459216505897 -8.74891722709497 -0.330528567415047 2.22196179853368 -26.4440812099547 7.31831121724837
1.98702625841234 -9.44122964537071 4.97892641498287 11.9092395646793 0.833628606732803 -0.914943599287174 3.58437333003699 -0.855892674969121 -0.248701850024185 5.33028124903454 -3.26820346224218 -25.6359356695134 4.28870004292244 3.67447286119181 -0.698879377828503 -2.04678546297379
6.65920565394735 -28.4015076799479 3.32124955811412 11.6863214762953 4.73587048154209 7.4346055274468 5.22997331401847 0.929127381336305 -1.07038722975603 1.52012146752685 5.22912286896634 1.86890326233824 -0.803994671471733 -0.555212619693151 0.137381047958079 2.07015466503059
3.3891672488166 -3.6138301915008 7.43406739189297 14.9263505562737 2.89326804379136 -21.6742088760869 2.7023510856567 -1.70890813619479 1.95701408173224 4.98802168266486 -4.61902651990132 3.06565638491271 10.5126513352706 -1.00384912046168 -0.499511839067339 1.18319489804654
3.29070012205161 -3.97470189708281 6.16968054357631 16.8117913481056 -2.17216469005011 1.8284334921367 4.08323764605984 -2.84620004768262 -6.37892223215949 -0.96541512077565 -3.02908708707757 -2.5592753421231 -19.8643682032034 6.37591636809239 3.61490332496884 4.09326620184742
2.37038723868005 -0.675576169693547 8.64690958679216 12.0237851046786 -1.30036976155076 -0.000547701806218548 2.40912887977768 -3.26156615718767 1.10990230693444 -18.3522725451844 -1.09884964970898 -3.88545180543161 5.02972885193823 4.17309835389453 -2.36636472172097 5.28095331118852
6.68329215921613 -3.16141951499918 10.8296552582526 18.376086104936 2.20215470890786 -1.49021917122913 -21.2536026644293 0.131134623375345 -2.2037675977637 -6.05532341803598 -6.46233121158427 -3.38960511514767 8.29844504473833 3.28356220306264 -2.66852844082089 5.30278269858901
10.6055305588699 -2.36313921637825 -23.5892523813178 15.8130849139466 0.24532862638495 7.38190766273456 5.01976172432532 -1.23574683324162 0.812645149695225 -12.3206012200101 -4.53050513288591 -0.977908778944489 9.41739412205555 5.31631065825319 2.19090039863811 4.89676054894675
5.44422379995695 -24.5656703000821 3.22653532972981 12.2277323364705 5.98925066670707 7.299984195129 7.06255994974751 2.6525195874276 -1.38331755977381 -2.80520210331563 1.17239923786425 -0.702097327021114 2.09025122917834 0.777724932763897 1.71987649865123 -0.382521370491785
2.09949112509966 -19.578305012822 4.99575753008672 11.5078778297224 -6.86627869780532 4.32544414273671 4.03977454969839 3.24995798692408 -3.56170211698845 2.58023625761265 3.93719024237611 -0.645200149702164 3.1960834043997 3.43659037971983 -1.95754054386668 3.57176218971031
-0.703751352384931 -5.55227478462383 9.75177082593454 11.8720893141486 4.49260910161787 1.04570627114546 0.0328874986325199 -2.64078637234277 2.07315811423839 -3.06511764399711 -2.48277934804711 -3.14632562525903 2.33008741968555 1.9433298340835 -23.9222520047487 0.48039124871738
2.95177126430257 -9.97313066935814 2.80516969125973 7.84286733336653 -0.520684491953643 -1.99846221914269 6.58193029676962 1.9238729050959 -0.0342255253305078 1.43243188507773 -7.33464114341952 -26.3936140392284 2.97890013114899 2.1072964929445 -6.43537440382523 -1.46238349708963
10.0213154158487 -2.11925935506954 -0.330851280030142 10.6518964929415 -0.4323564132365 0.558030334278395 3.70494443073956 -27.8060981254333 2.99903608871768 1.68804337986135 1.79052738904118 0.0218270863859029 -0.398205265387259 1.52859158028713 -2.20656675483023 4.47715318553112
10.8168772501418 -5.258565420662 3.07564648428762 11.8803402316532 -0.169992321297197 -1.57057752313119 1.22444107704279 -22.4410704704793 -0.107378951058683 0.871748923053246 -5.06399066939133 -3.72167256501372 1.32370782981186 -0.545667415863959 4.06368980095443 6.45662210513332
6.72157629699688 -5.41960380021981 5.5004815357071 11.523341530942 1.19967502350982 0.0460895829882655 0.0755733161026182 -4.92489251423727 -0.604255039507034 -24.5914994925543 -1.42447165442095 -6.48821773196905 2.08572305449527 3.59437357697174 -1.59382854916636 -2.27842248598945
3.11492588305085 -2.73286124243676 1.32255231263632 11.2689084556287 -0.821945505828188 1.62612629130007 -0.258198811215535 -1.09328582141224 -0.305780346005373 -2.30559797200746 -2.87648201647623 -5.00953254780141 1.81166104819001 -23.9764893122827 0.490830014683656 1.24055104274584
4.51780571065544 -2.47961144544377 7.36206467792173 17.6040588872819 -3.59551534425395 -0.708811668720434 -19.9555672521734 2.57156856420042 0.263906642419131 0.242288750721227 -2.81600831951189 -3.89806374979872 7.19639442772231 -2.71715577561387 0.500670336853789 7.08053749772239
3.76580620676885 -22.8817461545665 6.89588928394077 9.87302518237808 -1.67800512515373 4.550028405383 3.03189563488618 0.933665255031193 1.43712827766471 7.14891221093569 0.566674012674005 1.4248980301862 2.2446198584959 0.497788940749057 2.77137738063763 2.73944748438755
4.61580072163535 6.53285546943556 4.25775120412555 0.314919793053221 0.996096151305457 3.9751518260692 6.71198705082857 0.498243142649749 -0.718973033162638 2.1222760594632 1.3644134418314 1.78330829740279 6.63032457174835 4.36868857378857 0.805191344339575 4.35035772298296
5.54898586972606 -26.0827590767218 3.66785547635433 14.7724567433012 1.11382072919084 6.73115015530222 5.14966092189152 -0.00612724322447133 1.0340514994278 2.04496923530219 0.0129307705134005 -0.769556526457142 2.22048716083022 3.01378644709649 2.16768878893088 5.38101389784156
4.36806917261295 -2.30230460082925 8.92620005668473 14.076985738253 -0.896946597617667 2.17740975085163 0.380617628338006 -6.74875540610337 3.88156625499658 -26.4957807055081 -6.54997878953646 1.20229985744782 3.58774243473659 6.70393807543165 0.807135242649116 8.38432106611216
5.94578955646802 -5.49051692987382 4.31766214513708 20.3972722838608 -1.94131684823187 3.88855340927053 4.37032108703809 -1.79248896426536 -5.64036268276736 0.743632675885509 -2.08134767470393 -3.07750885989376 3.32176274817825 2.89079151822777 -0.090956801968542 -15.7807339788225
5.44649440598704 -0.32489444002381 3.07344715395084 13.674311952905 1.85075977412785 -17.9024306533625 8.07545677699294 1.80605714717639 -0.0634469441341721 5.18700075517956 -3.56254201495472 -3.59406266249436 4.68824714153417 1.88880214513376 -0.0649456018074397 8.82968149090302
7.17817365031832 1.295509213402 3.39645125829277 25.0229382172993 -0.595088912030531 7.18257658812822 2.71497626368026 -4.86914156978065 -4.39337326642144 1.29380919070421 -4.97260976743269 -2.34436452386878 4.36314521653558 5.19506112933562 -0.684349739793787 -22.7240096585769
6.50942183636805 1.07589201822552 1.92796202521485 16.4054315878922 -0.72499034833072 2.82612436199807 3.44413443966993 -4.39724518851108 -1.14475683014544 -1.39249607913934 -6.9554211300594 -2.25156347400369 4.10734527923776 -27.1429855632512 0.703129325129524 6.97443875701691
7.57442848169625 -1.87554064511255 -1.38768214694822 12.7385337046937 -3.6817348867144 -0.132163869875917 -0.496771689616602 -3.50882326445928 3.85667781427697 5.60526446336938 -5.92170776786343 -3.82218350527402 -2.01282858794397 2.15911922547815 -22.2717393298064 3.77817776201273
5.76899495747015 -1.74289591247354 7.33314281498527 16.0732590846366 -4.67099103048742 0.988073742764018 3.30509763870027 -3.64354724319826 -4.44145367195365 -0.358707153558662 -5.66822849156922 0.480682531372707 3.98915500911548 -27.2830671451645 -1.47437354017256 6.76828374173521
7.5953030871019 -6.2951490473232 0.958351960802909 13.2237842857534 -24.9910282126319 2.14692299512154 3.12899446900672 -3.1216723189947 -0.881387483832562 3.58156844096318 -2.47390454877951 -2.18019900191187 -0.768600007098352 2.54071947377683 -0.980241362792083 5.92242127739522
5.42310799559692 5.84090973221554 -20.8893251032473 22.4923110611735 1.80148641971291 2.24420129399189 1.9721615434005 -3.50927637606819 -0.519198167129961 0.203682996412043 -7.58318454781423 -3.95209304609374 6.6518106335214 1.3152492196623 -1.37970213859429 2.16900262454467
2.47383457712635 -3.61358014187554 9.83230690325387 11.7824582847273 -2.28657432102271 -1.64340340469255 -0.204539641672746 -3.22803671607375 0.0210625036691923 6.56413213219557 -2.79456091463025 -6.76867118097267 -1.10060323856433 2.6470650547538 -22.4757385802688 2.58107229855305
9.38107442124477 -9.6842028261482 2.58858278261641 14.4169330572968 -0.0214313878527601 1.36406756191703 1.67513824141534 -2.35719443061594 -2.66109241785472 -1.86028383284477 -0.997840494739072 -4.77690905656131 6.9341966711517 -20.8805744395966 -0.753107634992336 1.88682487332699
4.04431211028314 -27.6025219273791 7.10049250395948 10.4257733326037 -2.38245552283911 2.01098421611283 1.60897739777809 -0.00673404612012907 -1.38983137488059 0.555503352940784 5.42597312739841 2.58992322646862 -2.93487155759686 3.37010345870189 1.89668933412654 0.449748150548328
5.79305959297843 -6.17155361441805 3.09707989875267 8.66114560665916 -0.0306385205380363 2.89938439832941 7.89704754456574 0.0707441800608767 -1.76355322407902 0.0473326416802133 -8.8990922495476 -24.947900636834 2.03196184345227 0.977758068729193 -0.648898500195622 2.54345872828678
6.12798418335924 -4.18158125831581 -0.267039831228711 9.74674876395389 1.14593500588627 -18.4689836080526 9.06481589613936 1.80841494253338 1.22223373946948 -1.05036738845105 -1.4714850582908 2.2156028025072 3.30072987211552 2.94136575604902 -3.14759907947242 4.811586508114
10.9421319538587 7.8601527980511 7.51058063914437 -1.84721745624248 1.35701850216672 5.63168773854148 7.52014325247633 -0.452181185086741 1.51789415909171 3.03833736136138 3.47668895309521 4.27024919067342 5.26265458247792 9.72013186828511 3.51163600703144 2.77176969852413
6.0607523488592 -0.0269437772209944 6.9443996029511 19.3583251788108 2.44102849000296 6.04090801924497 -19.6633564396085 0.171268744982065 0.210324608269442 2.84597788657591 -0.580434221178691 0.501686818158882 1.48930223605123 3.93014052413072 1.44832310753223 3.58386028922195
5.99267468359441 0.996787854744743 4.59526263816611 18.8591056748652 -3.18973026837095 -0.422239527754657 -21.9172157013686 3.63448598100419 3.60038403247609 -0.316863859184143 -5.59912052164757 1.86822266024106 1.46373822763103 7.62577278132968 1.69368852236048 11.5861614104077
5.58314636764538 -5.14692028634981 -0.181390199438929 14.5464724735546 2.4690779472177 -2.21743284198754 -0.105256694249173 -1.90530620992879 0.935311187355803 -27.5525131767806 -6.19955705916009 -2.84928462686357 0.0873951558138115 -1.38235942927514 -5.36271377428933 7.38250631221426
6.09456201162213 -0.164470078323499 4.17157181737152 22.8350442043846 -1.02499359151936 6.64828903385128 2.67123674525125 -7.6040639894572 -1.04752505382029 -8.4237649730837 -2.41361087650325 -5.09724190378785 1.5602053334106 7.57234939155719 1.2731809675653 -22.6497927122622
1.83412644853185 4.03421543602757 5.72244442989051 0.566846257862885 1.55415530038877 9.04716411359658 8.40070713669153 3.96313577211452 0.907334679656061 -0.85330238273891 -2.70457565258508 3.96686101918965 5.05739438286739 4.83520313086994 1.65798689260549 4.99526700415255
6.08876711286547 -1.05946216725538 5.92960538730309 14.9404435433519 -0.425696110846311 2.04425407036171 2.80393606938971 -4.64209867606291 -1.68169081026997 -2.95138652983376 -0.198673577013149 0.87399355466678 6.16027237743374 -25.3914392582025 -1.39157291529658 2.90146992376265
6.29691855042153 -2.85017019939004 11.1821069612113 14.3628976200459 4.76946038300641 3.76617280854762 -20.9607579672326 1.78331782563756 0.370219855609594 -1.36594423489501 -1.88436606882543 -1.50304555479561 -0.210921755860123 6.58579391077338 0.168604521801326 6.74516515692387
8.14933391436435 3.28182229123121 -14.9641337958875 19.8514609978149 2.50165872158665 5.44631666625384 11.1280128156767 -4.25375238930833 1.02458367336688 -3.28339235113699 0.69507778758363 3.64797859495945 8.30673451693944 7.60608811403267 0.658279004230229 9.40239340934594
5.53551648271006 -4.04811371144623 -20.5181565090121 25.2215189093529 3.22210597652316 2.17965626589095 0.292993343295877 -4.3005422021098 2.09996017159191 -6.98652486213143 -2.02907707615018 -5.80787025726919 8.58145547265734 4.79774950505794 5.96993951033166 10.1321791610672
6.78306687997627 -9.74788598949078 -3.98621028500995 13.3357624214568 -25.5409482368242 1.5028559621956 0.487538813932425 -2.42816272252998 -1.27714390631165 -0.96217124709037 -6.60791015375665 -2.08316506263698 7.53781654017391 -6.46031775409728 -0.948824730703594 2.76813159964677
-0.0417551708178241 10.1967827317026 5.50725441400635 3.94670296706829 0.965041722069193 8.37367096614552 5.27054795923423 1.5560981875494 3.37388822997342 1.8781579697494 5.77276681916373 -1.07439378482968 10.002991370346 5.12708224350626 0.628135881181958 6.28428668128344
10.7975742489998 7.11829978116674 1.15236009462444 1.70263317182328 -2.93121079576313 6.47551316479147 5.22471285918322 0.267323284574547 1.22070177810946 5.6327163970659 4.86610733925464 -2.12230312636046 3.35854929321961 7.08757379567437 2.72255598466713 8.95994939380761
5.90425665224037 -8.56928738695514 2.5765852604875 15.1052620275155 -25.8000487058278 -6.10063890323406 -0.58644422225371 -2.2510976363819 0.964337113306614 -0.137262201040877 0.0719141682824813 -4.68947635236821 3.05824221946299 4.35131703465589 -3.92706436201337 4.72727646501376
3.19001869282831 -4.83967447251325 -0.952015698155855 8.67392119493305 2.26691693280302 1.17967110473958 2.38211229068337 -2.58420732511348 -23.7721309786672 -2.65093796646735 -2.18362656358667 -4.53909948300181 1.70942484826035 2.01015528219533 2.78671303531076 1.42746361919496
3.78823412934262 -3.38425777563042 3.27000975905839 10.3151103923477 3.06865122514328 -0.18818625161746 1.46685586379244 -1.60975726298888 1.20507539692104 -27.5508047628099 -2.41178027180075 -5.61679490184089 1.50556474037102 5.49992481229412 -2.95191428925043 3.54840616669464
6.26692790171333 -5.82102095207113 2.47473057366631 9.06634083535397 0.451224621072763 0.119292459823638 1.21800219421446 -24.8891950752723 -3.29809965263756 6.71181709597836 -7.20494166276208 -1.01167978677931 8.80784243089994 0.538040892138211 6.39381430991685 6.83581171072447
3.54954978536097 -1.48313498589122 3.60052028338303 13.8253626117478 -24.62394358207 -0.32426452024825 0.673016041561701 -0.389210666259857 -2.30019062280581 -0.245006877518394 -3.32141983823407 -3.9848994440921 2.75947285661253 0.828834173691904 0.9185490624734 -3.05315187010404
7.42681375529388 -1.16325780594212 6.21655898343867 11.9468850998498 2.54020437087717 1.44081554220635 1.0850443958899 -1.98157642155092 0.950786720602873 -0.843817683522249 -2.22239724481913 -3.63326490572663 3.2573279588984 -20.9949474880379 -3.87806562405507 4.72071930570765
4.95999614598944 -5.59281937408374 6.97776076297787 21.4451682147783 1.32051050183045 -20.981122680211 7.92576160920118 0.368149071878882 6.08398982740659 2.64748888016939 -3.68445274180518 8.89942289389785 8.52953934464124 3.38668353504603 -4.22199300451174 1.04761482448735
5.78587682053876 -5.35064139985381 6.39029214406632 17.5627160925442 -2.79597673519428 4.50266739007276 -16.8785950964683 1.06181523047337 0.0063521478878461 0.84353834946821 -1.10541955321358 -4.0665477797394 3.5048866606324 4.97283712100988 -1.60088374922388 10.0091760144104
9.36903315207972 6.7683302405105 7.38551781900871 1.38305879817754 5.32760394154293 8.12355136286206 6.88326137520782 1.44001434506478 0.232405532821037 6.16432699463055 1.53570475870996 2.07876186222313 5.87663321640193 5.68992210728401 3.71618322576422 6.98645014382351
-8.71862097094772 -12.6505320903897 -6.60191344050657 0.78255660259609 6.02144371346549 -8.48728328487569 -0.381271927396959 -2.05030500627662 -5.72725819804106 -2.65660630681136 -6.61905396895405 -3.66363006297634 -1.59315422304102 -4.98045332954653 -2.71946297235246 -9.8942098453998
2.6016744152901 -8.10031773321553 3.05469534315454 8.25456794252064 1.29864375368955 -4.2782860664274 5.29848185039722 -0.677091686766766 3.64618579354962 -0.129907892792607 -2.13508876552522 -27.1753562856976 -1.0350472857038 5.32782887408707 2.08619982257604 5.30502923806766
3.99367998424286 -5.93864969397863 5.53669302336369 17.4219236253013 -4.54341572639599 0.312637737993239 1.58968945252699 1.60053523361672 -0.348291494243823 1.14063979728144 -2.05697630127598 -3.79963896781061 0.319152720502705 -19.2470541481119 1.01844470015804 4.92404851042945
4.57910465736993 -8.81064923767637 1.82467582141413 11.9656588871506 1.84292608984031 0.724970510395744 3.24665142271408 2.92612113496843 -5.158694388935 4.0601392655307 -7.10752489147906 -28.5477738909699 -0.372796460513888 5.30243126477691 5.52355754148229 0.65860652168202
2.80907544200161 -4.01634868401773 6.70483623449582 12.4049506754132 2.17813724291232 -3.50126134024932 0.925880083591885 0.690142116638633 2.36770166724431 -23.6061574692993 -4.84342444681227 -6.98291414992957 3.25943431012943 0.895525722862077 -1.61004643421469 3.79427448526906
5.25009995251375 5.66711421086652 7.28108341709344 -2.18234802718587 -1.10577550832569 8.62605037086948 6.42430976549382 0.0819698520358514 -0.79798047587942 0.863442021417244 7.0566709501482 1.87717204722859 6.88293751398624 3.15261992862486 1.14449286716327 9.31139000100653
4.39628989101077 -5.44513517575562 4.37931578060873 13.4641361553204 2.40895238299152 1.08411987330884 -8.0199185052665 -29.7007325885516 0.391162482655 4.68850664732976 -3.95306118061795 1.09813744845447 4.70673742228123 -0.193771377495737 0.0984485658750927 7.81422155674134
5.15244616488798 -6.32175678339691 5.12327611326834 17.7738229236112 2.8412477215157 0.727773234396895 -19.163435114494 0.878206589178947 2.87859606094543 1.03183283662315 3.65014347577059 -3.73483549394756 6.25932876948099 4.54039761038503 4.72760807829885 8.44568534007442
0.587661897526752 -3.66874687028726 8.83977645348273 14.3644860402709 -2.27346906554983 -0.517461637927954 1.64301463529983 5.43004877654741 -1.23544220072503 -2.3174912499104 -25.0201685692799 0.266674636257171 3.98842830341272 2.46359312729822 5.08192359379238 5.52799673586068
5.19398244895362 -6.35784703640123 1.88331156693597 12.4917210845281 2.55003049428627 -2.49547192909879 -1.30648675709521 -0.995571448023489 -1.20755284600741 2.91423711865121 -8.11122925966326 -0.638697968914711 3.65048150565014 0.209474528178971 -27.8392040763931 5.12147457271489
6.93181572470602 -2.32371248048118 1.82949863975639 19.1578030245994 -0.192744362252033 -1.52880297873517 6.1743482692312 1.45568961343084 -4.82226712391897 5.14723489521374 -5.32946350273453 1.15310940771386 2.47123660872764 -0.0849579183794107 -1.06208741763186 -16.8964975974488
7.19846539021203 1.05769324560719 6.22895701156943 -0.11893872555554 -2.05200090623271 5.34798253823396 6.51237649809794 1.69210798675384 -1.57248004520803 5.65331246205912 3.71277110166373 0.631378260893271 9.50535025047718 4.44969929873415 0.605275668124215 4.88616877219312
6.22650784957725 -0.534521715466219 2.27053099886945 21.4275674687074 -1.60323779606782 -2.57608289946699 1.53049096354295 -4.17174066535771 -2.43792132202408 -8.44863650709098 -0.212715605799635 -4.67932045717468 4.67086334069213 1.94748354604347 -1.22327968696083 -16.0596760628957
2.01399410439319 -2.96939307085783 4.32113813114265 4.97817027591404 0.720790552847467 0.587827032129547 4.96227573370468 0.414733412185138 0.126406886525896 3.78503606210385 -22.7007906070044 1.81610992310266 2.12662848301503 3.34873980882733 1.00373701785723 5.75021598476455
5.23609362363817 -2.75104970937056 7.44635373528107 18.7852562329897 -0.912396908872185 -0.707758712395832 3.0128866274763 -2.39419032451206 -4.23498887031813 0.685525853010079 -4.26696473665671 -2.68795417127073 -22.2480308443134 0.816654414199552 -2.77945731143113 6.78890314934081
5.09186058124881 -4.72810557610384 0.10161457655143 8.94066268090625 -2.41396039660369 4.02702361752032 2.77588372428401 4.4029947053808 -26.163349438829 -0.685060157195103 -7.53269750034049 -1.99697536479694 1.60925864036939 3.93230690197495 0.276737625603664 6.83214371604493
4.07952987124826 -5.48434106302372 2.17082294811939 14.4303991128061 0.523431247976942 -4.3575855624961 0.273668065947892 1.67762070856897 1.86254799073139 -23.0206872923719 -5.273209355535 -5.06783148026236 2.51214380207944 1.57623497450969 2.41924648488621 5.94590449509547
2.99321492451375 -1.12893127660476 3.90885988240363 7.82691936211812 -1.64364307374508 0.685625572681505 5.86482057724692 2.84153055919388 2.21943243782805 2.04319078935608 -8.43512322786236 -23.1071387344324 7.85054040915194 4.15033563633782 -3.12068695634568 4.9275041101813
3.11012970251841 -1.47477452910021 1.50888412075067 11.6856197349522 -26.5251589039449 -0.987641337022988 2.7475395079575 -5.15249505965751 -2.46990633375222 -0.403531753449376 -5.77147665289525 -2.72018787922168 1.84078633687171 4.84144851189758 -2.86350611017143 2.56963477344713
3.85931013028935 0.139155235479726 8.09016044888265 19.165075537197 0.683012256731536 4.31131730225048 4.73844737334902 -0.843593961841141 -4.48403315783507 0.586449635077212 0.144426491600303 3.91533398642448 5.42097647683122 0.674162351857968 -2.40217095493346 -23.7399608822643
2.50620879043887 -4.06645578574384 6.90866479165053 13.6334152339945 0.400910591864276 -2.03118794669606 -1.65709190419059 -4.27877818464698 3.82567959895752 -26.8559950316303 -0.770706682150795 -5.37273097507533 1.76330618831382 -1.32500290055167 -4.23768618069604 0.210383926541631
6.86024342487746 -4.05703801337521 3.48917280958706 15.8203429022228 0.823163860938405 1.3506344327625 -0.61282594779813 -0.67238455448195 -0.365065595903171 -23.1620388891804 -2.55376307373473 1.74570140783167 4.98210224409242 0.525509274441309 -1.1072015904403 4.40893309467525
4.8033329906953 -2.18509092588951 0.73697665692333 14.2310133162501 -4.32794054837227 0.682996006298543 2.04490517511376 -2.82666174438473 -0.415237722938016 -0.216325260504889 -3.06732941932801 -1.06316526874526 1.56072690289637 -19.2830576356929 -1.11165373343577 8.36219947731048
4.35586807004202 -3.40611766247648 5.09100780393493 15.240170763869 0.122979277686397 3.64232493556474 -21.2820569528365 3.62738385784535 -1.72201895733232 0.00759932641904904 -0.624249621954977 -3.1998826498625 1.84425749896909 -1.41432146817739 1.19992970344175 4.3296276499151
1.87731634900275 -7.42768708659832 5.54155129951951 9.66594362191184 1.99698794418757 -4.70201443145215 -1.13426011324198 -27.5609380919863 -1.59000353429413 1.69520531702792 0.753481954802603 -2.25774285496269 -5.23872495065095 7.53936713681872 -0.558064346628779 0.852342238227534
3.39801299134663 -7.35004888918753 1.89597254936324 7.44537817364656 0.848150794174748 -3.7407712545948 2.37247442269602 -4.82829680896329 3.77448455845003 -1.80342944584529 -1.41345766905293 -26.437832158429 1.22394769353805 0.614468071870973 -2.52178987171289 5.65850370157792
4.25354841657071 -7.34475756707618 9.3382423332696 11.9461343302494 -1.88750248785399 2.50267840898528 -17.8842930864632 3.39820461109678 4.17577741074251 2.19911173115794 -4.19562206617623 -2.69191750513951 5.22362743649499 6.02805510300802 -1.25844220455563 5.8097729202014
4.00284653504418 -6.03563030525339 4.26472675215557 13.9609041665094 -23.3489294460677 1.9487163099191 2.12299577279098 -2.11381370067011 -5.66257817704798 1.40531092684711 -2.51114820187968 -5.17648447376268 2.75354794044159 5.87007005654505 -3.59512096047942 5.79027199303478
8.41687903325623 -5.56376561009123 6.08017021420991 15.1292402759637 0.542678741947197 2.86118864288263 3.70710567415653 -1.72952887780212 1.19507168885643 1.95761730887185 -3.24308495084724 -3.77938085817532 -17.6923060151643 4.35182916515216 -1.61026974290075 7.2360844503878
4.23108787872873 -6.59394868125591 1.25030690493983 12.7286993428315 -0.154389405083968 7.75525334333953 5.46103342677963 -1.7845579201442 -1.66019082975395 0.143411487116577 -25.795031533718 0.387948429222559 7.18371186277896 -0.686074439601261 -6.65599643991191 3.72777095712413
2.24860816178358 -6.4314869212442 1.78512142467436 9.99157562134465 2.30146485817384 -1.85310640675525 4.30590398016104 -22.4847827448446 -1.38734121791254 4.30723344996512 -5.77222140800676 -4.75265395423187 -0.177636837858351 2.77620559094075 2.90586036154899 4.51370322500133
8.68349180898874 -10.0514935254639 1.94455198910827 14.0970358795907 1.05600909386602 0.0689076557134727 -3.12420278261685 3.26340080316114 0.691493770366205 2.14845469318407 -3.441620305626 -2.37876221396416 4.74628391557356 -0.0201678577296529 -27.692960115048 1.09743728612337
2.47941661108109 -1.86768475672086 4.77320431008483 13.840959416931 -3.46228813112146 -0.289152131162323 2.09251566894418 -2.93686313738472 -6.11274246594437 -0.334293867594723 -5.83234980335008 -3.2524145338346 7.54991495098673 -17.9616868039153 -2.39445411654118 7.83570443935473
11.6819219337703 -7.48197892985109 -21.119026163962 15.4416024490078 -1.43797184831641 7.57122934637934 10.961955283395 -1.70116415697313 2.02582913069386 -1.71680237102161 -3.65806583741296 -3.7105148627767 9.15031486975325 2.60702496401918 -0.927784675786983 3.07462497887161
5.84511707180527 -4.21737432606033 3.56280726936003 15.8217260784965 3.53326390018013 -2.73115906554785 1.55757127705746 -0.349942704903021 -5.88246678423956 -0.264526128245422 -5.06162944781347 -6.10301497405234 2.88978846825158 -26.0735988914146 -2.334096917018 5.74029638492456
3.47003956099551 -4.38369916929526 -0.477489372134622 10.6325499871809 0.60189595621156 1.89511970243658 0.834485221998334 -1.72609403917091 0.862660583264982 1.95508167151924 -1.87540280434405 -2.31481980531542 7.2562909168252 -21.2274595433048 1.55058573274152 2.97925472121096
8.93235115253127 -0.595607908327873 6.18173839504068 21.3619780568576 2.92496358343037 0.867328046179459 -16.2362536084323 -0.694343609360606 2.72538415648608 3.78523300464565 -3.49550149045899 -1.8200404104421 7.13048009698067 4.98046776639875 -1.38825647781883 4.45418337629816
3.06443760778771 -32.0272223311831 8.06712555468315 14.2258294359941 5.26050119782912 4.26739448171474 5.45104822255723 -0.885556630139581 0.0112887637275949 1.78448417771207 0.80532748082986 0.845486144605942 3.52849248998408 2.42984106470317 3.26162742581116 5.97278804033774
4.7798114604656 -3.00406008371028 -18.458654824552 22.0973600648687 2.19118646801862 3.19110629570437 11.3938419765712 -0.847890568202696 0.844916460075864 -10.9471179735148 -4.06119274752767 -2.05806935574085 9.27947799100658 7.17682879463908 5.93302745042271 8.76391321967095
3.17541057776526 -1.898653337043 1.45563691549281 13.4935488650232 -25.2499902831967 -4.1629751557497 0.647712014019585 -1.66970720515531 0.351008623866679 3.13710175493479 -5.33840275407164 -1.87907687538246 2.56926989269599 2.2967719314095 -5.5027134482929 3.08220348322409
15.5667287488492 -2.41093965980212 7.17536977577069 21.4053151648813 -2.16769840961825 0.304877861898076 1.80581472879059 -2.07466698010122 -7.07810750078123 -6.2894265118013 -0.820777177503671 -3.41201523842207 -20.2159297311568 -0.409128067486851 -0.369122249397182 5.4690308376062
0.71322767998148 -3.38446675161239 0.901738630145213 13.4518144994597 -0.0376844841247672 -0.430065509828559 0.440218723684323 -18.9011893557251 -1.54538406691237 2.24933194095274 -2.65114692806584 -1.08241301371403 1.98869259980828 2.58546610184915 0.837779364504393 3.17843843003555
8.2331975364681 0.360033656576904 4.27546668933541 23.5883768194207 -1.25633667813557 6.44569201181436 4.03573020895485 2.25460064429753 0.591025642508981 2.37642636131675 -0.946587295064478 1.38344821820043 6.25743046359869 -0.454213056516897 -1.69920283100567 -19.6564391384341
4.44574910566456 -8.95049841590608 4.58369739885851 11.4752872162629 0.272925303946681 -1.52320725153775 0.60812766378541 2.60662320110147 1.32904707748286 -1.65626084567823 -9.277043178557 -29.8487273331352 5.11517365824317 3.63751551520665 0.276266382954605 12.6019425788596
2.77337253599776 -6.08499371969494 5.47012683049057 17.4056819056634 -1.98260009266348 -0.545702540378145 2.84988165326837 -2.48496728178051 -0.769018857378266 -22.728823716462 -4.92662477216657 -2.43315009137816 2.81308483705567 1.89536399932717 -0.374081451845282 3.56156172637766
3.7689029405043 -12.9370590862322 4.4851790623291 13.3604636802916 -0.446915175380453 0.74988998938246 2.92681432761833 -24.7796172727355 -0.244738261134258 -3.51050751285852 -7.61182467690588 1.25210674541426 0.91852545409302 2.66192708534328 1.59045514003579 3.67104210914954
5.39901540888226 -5.50043419165537 2.44305912376184 12.6698556621521 2.02709396224489 -3.70058593607067 0.314290294069141 -17.1193402946989 1.67114699770125 1.89269038544579 -6.4501347353573 -6.1800613490968 1.14706313298781 -6.5580172713367 2.03137414358131 1.66553226110536
2.99287153320874 -2.54675687300725 0.416490481054727 10.6520081151036 -27.2643066556883 2.01456419877746 -0.936971323284069 -2.70240743960611 -1.90540909030514 -1.48957858458981 0.589769435163292 -5.18359954729721 3.8229051559975 4.82796985426321 -1.20480881330398 2.87148205765775
2.30571428022186 -7.11082009343178 0.743920446163029 21.1004030425864 0.926562675077746 1.66745211506963 2.65476359684949 -2.67048351518316 -1.52500785808392 -1.35831549208991 -5.87055466005667 -4.08336173012964 4.02416257930992 -28.2305367874028 2.04172058678349 4.22438851958145
6.68035571315124 1.12875505097712 3.31722143503174 21.821570060036 -1.25626614981931 -1.11699049216918 0.968104524548592 -3.97122068724583 2.03296150012886 1.14030237390817 -3.07592667904678 -3.07949451883296 3.38922509314565 -4.31941190427485 -0.124920618168628 -18.6466497326475
9.75515195192481 -5.95156823478253 2.58852828400613 13.8538208586769 -1.52204571028343 1.69974023133081 0.573193239500052 -0.944604004970678 -0.0688292230178871 -2.00200730059801 -26.7182185853778 -0.693169259228463 -0.662300098845265 4.56668904537622 -0.641600704096762 1.34523808426031
6.20987225117747 -25.4744107024149 5.01368493846803 9.85633731742174 -0.727880935155501 5.30105471698794 6.37419562900231 0.855102147162336 0.17975069452024 8.07460936043003 5.84049605573466 4.7562200411897 5.58442215120555 3.7042063741103 -0.53651774292688 1.68530721290814
7.95366019899359 -2.73632077642462 1.61204342120053 9.68056403161538 7.5817537279165 -26.0667830186335 6.15063617411928 3.93446546591653 -1.518043505852 2.14204005829176 -2.0587372931496 2.05274913358885 6.67228950529904 1.75669278494296 2.24027799593615 9.66385662281953
5.9976674353287 -6.51161230279885 3.75935392407991 15.8713494557272 0.364780221854594 5.27268759195023 -21.0569374903678 3.29263882846234 -2.38823573419131 1.43060139989475 -6.17699756102614 -1.57277574971967 4.11668184912041 2.96998661220048 5.67734665419373 2.22599135395643
5.26099389466904 -2.56016493678685 2.47577814134069 17.5797608498831 -2.52880959469527 0.160983400842526 4.23149760264435 -3.13441130272352 -3.15588343502152 -2.5248642541474 -3.65558911541755 -0.894186931294705 2.91339674400797 -20.1805849785103 1.18632366016566 5.18775998047436
5.02128940427813 -3.09048233998975 3.14750972788418 16.902181394737 -0.808841595517545 0.909534953406888 3.84452552135135 0.301527412206472 -2.41140610602252 -2.36227864319898 -5.34909832244171 -2.75604963825868 -24.9232789640614 1.24783982655197 1.94474383914428 5.78880111078465
4.7773712546094 -5.99835099298614 1.25638567085125 17.8152811971355 1.25493587750893 -8.98243828867956 3.30733815292552 1.82809977212308 -24.3244713222752 1.66837705234635 -2.29702985772022 -4.66286947704965 3.51570793218422 1.68771465186444 -3.56654303195323 -1.28340190237947
8.39864956980243 -4.1443042510076 5.67187073657494 20.1610235884474 -2.40304205932561 -0.0988388165047793 2.85711568662675 -3.08960798671937 -2.47158713195596 -2.90542133401839 -2.77207862558149 -3.24687981354066 2.08990761884616 -23.2179638353616 -2.3841611007664 5.0758843999376
6.47757614981545 0.182865117785253 6.50399311261935 22.5228679422326 -1.73944960430801 -3.37931662798881 3.27247462168154 -1.72889890352015 1.80746263563137 -3.78849725000999 2.18091711745429 -2.0763227307178 4.29404688726415 2.27069177367576 1.37800923571505 -18.6567851653402
3.2732362601422 -5.22524823295737 2.10274739327356 11.871353838463 2.16708681742053 5.75884419997174 -1.27517719633569 0.896999563175255 0.447715571656564 -1.81245439455794 -28.3860227240559 0.64998726632794 -1.74987625642343 2.2962641765174 -3.01166352212766 2.65526661143614
2.22170250891196 -8.42067671914836 0.39454573019463 4.82736233012944 -1.36082378262225 -0.335132716412638 -0.109684975077909 -0.829174430292236 -5.83230124131703 0.38474689795909 -7.42581075114947 -23.7623813808867 0.710653153347451 0.0992613496768109 2.71750522791299 3.45332866083056
4.25916434338451 -6.81794870607179 2.11348095683849 14.7770277783113 3.48969987892087 -1.15023744262779 -4.69819602984886 3.35910765612555 -22.5419425141557 3.85862625406347 -5.59526264810537 0.303370886712379 4.87771052297207 4.22803953237012 -4.40941914675629 6.12400449779765
-6.63469223851123 -4.08052619902283 -8.83527020151758 -2.65162244310529 3.64893660069609 -3.49496134137619 -3.33009953668195 -0.92029693302295 -4.6735973127549 -4.89883356075217 -5.15014469848558 1.25991612368558 -8.90120633843495 -3.24180449099609 -1.3204706054309 -6.11604847936615
5.17529835982062 -5.44642902757633 5.00900357122304 9.9413833545766 0.295073196780397 9.15048316600071 -2.66395883678004 3.24144586143082 2.25568775572471 3.20119391628658 -26.4203030758687 1.59767710143213 1.21575613654611 2.28378352735488 -1.32162420809908 1.26450449591205
6.60969651059514 3.97063007609788 6.87476905003668 1.85016687246338 3.41993428820234 4.44201080991959 5.82000644884435 1.76040144019809 1.44271920612955 4.08923392597883 5.21578681250112 -0.0257090873912764 2.62799336069305 0.650149372354667 4.75872617043906 4.04015137981669
2.54094749570195 -4.73148909099147 2.81043800439537 9.42152344889451 0.749665249407797 -1.31027443664067 1.74800518550284 -2.2658489125429 3.00771988487251 -0.118075361343098 0.22623615975967 -27.7190660496913 4.81869979464825 6.98046045532713 -1.19039048555392 1.56805593249152
10.2462167663393 -12.0542608767791 4.31802472927067 12.3927461130243 -0.795976842130209 0.752286208111779 -1.20100024301833 -24.4439548999418 4.25655133655525 5.16713584669342 -2.21791165509867 -5.60247051039436 5.56694885437074 5.13010638332174 0.171767464958998 4.35084218344301
7.96208568162497 -7.91858624179819 2.0854356671362 11.7863888392464 0.468154432424048 4.48608240116257 -0.126162459873728 -2.08929386260623 -2.54143056490782 2.97363177456019 -4.85052742476775 -0.929245976829457 2.90550858958205 3.1550034074341 -27.2340790076928 4.02245824801274
4.0223296865231 -6.5561171701675 2.84522888770748 16.9490080353491 -5.43656259923822 2.84331054848468 0.53797735364099 -2.69142119291827 2.18692099457991 1.72724851463935 0.95074970794411 -1.53342727185943 4.25052489915181 -22.6707398529138 -2.67399291682195 4.16125872764314
7.70993789517365 -1.86881590904691 3.796830676898 12.7798288735805 -0.0203356908604004 -0.282155683802497 4.40865372177553 -3.89028482515389 -0.108822421158662 0.344434564386854 -1.83892838628554 -3.9141785591324 4.33169125877639 -23.0245234358535 0.420937981011071 6.52752972665058
5.28952708349627 -5.57139812034286 2.05272994333658 14.6920588874648 -23.3850261924002 -0.781256605547252 -0.917324881889877 0.106753883144593 -0.847887714311739 -1.7679901885464 -3.99222745880399 -4.27743875423647 1.61047821133047 1.92853243262922 -1.20899972128562 5.26444465347188
8.48189850949172 6.07694853884794 11.816725649393 -3.8485905208519 -1.03008595196025 4.53606511105129 5.15398273190569 2.27171311379949 -1.67000454662635 4.49075525528281 2.68901910394134 6.15475089059009 7.23703699791376 0.0994805226478079 1.65578901994063 5.86258235390678
1.21934168050369 -3.61344011001637 3.12519458480798 10.8051355408213 -1.26595053651913 2.45458753765095 -3.15328941320027 -0.263157112146286 2.23036628250588 -1.50337324342767 -11.959732278209 -30.2173198878846 -0.0905600515989446 6.39767643946447 0.353932340141802 7.91307124439316
7.80675731117024 -6.38061954340168 5.35649440924333 13.6362051747738 1.29984923075155 1.27591001309842 -19.9674795568208 0.788797922486706 3.14995943822833 6.94539452731234 -4.33479758826383 -3.11997979295815 2.95914959092123 -0.700345790844032 3.69250376574103 6.25994467685937
6.8340152203392 3.25748796189329 7.93099721391249 -0.724599557329378 -5.35216932882587 10.3444918814652 6.25112957297826 0.916034645789477 5.23053889137607 3.40265881406573 5.05396537010365 -1.39415760779819 1.41194409601483 2.79593902103685 3.83352196712539 0.148353432305025
7.27641971042421 -4.70429387229886 5.28674650231905 22.2924506642103 -2.2805660291069 0.926906004879046 3.4684226362146 -1.80517917525569 0.1830977715387 -2.65549665438648 1.24877057038572 -4.03687793314439 -20.8225751292027 -1.68376891449844 -4.05361017148953 6.67555960664359
6.22943603145614 -6.83367085335022 4.21355559997231 19.6583471601412 6.482510611315 4.34264618797198 -15.6034481752704 -0.459168417611647 -1.20437633482626 5.34486486382304 0.51167839076241 -4.9635571968645 6.80785051668399 4.39342619957556 -2.12125197422519 5.29212602791634
-1.05551924492599 -11.2180658570363 3.54051982166992 16.125394673375 2.04786587325733 -2.68850775513128 1.73353073528871 -23.3579506476675 1.04402710013603 5.99620298897862 -4.37295848528281 -4.00642070467746 2.05923175155898 4.26626261139433 0.0374781332649063 3.09013988750927
5.94991922031827 -2.91268653480805 5.26774961048376 7.67558012712141 1.06633674184647 3.02005193169449 5.7725769495009 1.30936370498319 1.50416816811965 -0.249604536666876 -26.8161894499424 1.31414456239038 -0.241498617649002 1.86808425723328 -0.946242444767773 -1.14019002177633
3.98102399747899 -8.50765515735297 3.05990312095731 10.8338201641335 2.51493071967878 -5.98792430339053 4.95349566194276 0.853837911957126 -3.82778527656302 3.02648188616923 -3.51272989810616 -24.7785920043515 5.06608184663786 3.15000137514015 3.13716059523177 5.27691212569542
5.46389050514607 4.56479885475498 5.4655356732928 2.44182959857159 2.49320476063412 1.91161867404724 4.79247864760115 0.401054505375538 3.06632647097723 7.53128261521068 3.75534589529645 -0.639763241139211 1.01322437589759 3.19819410934426 1.90935040785773 1.0063346862492
-10.7321902326442 -7.18488700510471 -7.23354228183299 -4.60969671357664 -0.601733575332266 -6.29432339152414 -12.0700099724095 2.68037249017866 -6.50886122195662 5.29854224362268 -6.72066925164082 -2.90590788565399 -1.65201970631626 -5.38794932630652 -4.37748065226232 -9.09250427735707
5.8712687893312 -7.93210309115662 6.34775677536257 13.2973338696969 -0.984471816997693 -3.09874429931643 -0.0957864365672547 -1.91335613426994 -1.31690108413882 -19.7963425291933 0.0679336592296149 0.430066599805571 4.69583211749156 5.04528912354686 0.567784802016088 7.69209150903918
7.35644611010165 -6.31401848690582 -1.58590625662995 10.3098333336168 -27.9979386097909 -3.47794493598875 4.19584742330183 -3.91314661696739 -4.39520163399215 -1.00093363186128 -3.74938649930215 -5.30313371183458 7.57089825927371 4.06802224470383 -3.37939142053522 3.86453867454825
6.64122301172187 -2.02069470275347 4.05929985880926 11.2797933074794 -1.02532996769601 0.283956800517552 0.603435384538711 -1.97259073340526 2.01653196842247 -2.91578597698546 -3.86064748257117 -3.31674184327641 6.14176214533631 -20.1765844054597 -2.23009559375761 4.14531541214328
8.62375159745991 -1.44480398199647 2.01556413893886 22.3503781175998 1.71685207430231 3.64992514055733 -20.5409846333138 -0.823466848645652 -1.01713870817592 6.5093268548458 -10.5613062992324 -7.77615997730316 7.68258497486478 1.0452892862075 1.35214157088457 2.21634040362861
7.24463032847098 -1.05574902577428 1.55217542963488 22.3414925100557 -1.02740384074142 1.45699909497726 2.73771524607909 -0.914980777363966 -2.84914385224661 -5.92257927596996 -6.43922409870404 -4.18298631034118 2.96094871975211 -0.0477321255814671 1.00663382483206 -18.4675771119319
6.89675127713587 -0.485095792294323 5.33790420690462 17.8734158195251 2.03591874928606 1.59141645910977 -19.6586617756087 2.46051337566452 0.471918933835357 4.9213374178481 -9.04124382008097 -4.09442773156523 4.32035773405581 0.752540354845877 2.04544223654635 4.08138503733896
9.90990194932395 -2.88887296181314 1.75995065652063 19.4239467133469 -3.43305581626914 1.84997144398419 4.16399709810281 -0.967684056571163 0.655037907074479 -1.68884438765838 0.522724819408078 -2.82744485521331 -12.830557140967 -0.354987770537865 -2.0451750302662 5.14786410367956
-5.72399090162902 -5.3601696975432 -6.49384051110229 -1.14158378490606 -3.18541621750751 -4.06807688062743 -5.7159527331449 -4.07084554014381 -7.08152917930205 1.46801744682305 -6.15028271419352 -1.66360881961385 -5.88878993486273 2.55507836403531 -3.24157503430261 -7.05355944032009
4.41993013265505 -6.13822255586465 -14.1085495224542 19.7444697199528 0.964268838514302 3.47848794479797 0.861528660013867 -2.24632263906311 0.843297754001487 -3.1136905616278 -3.23848847685051 -1.76191454364594 4.17771388746056 1.36205901687333 -5.85750680090531 10.89139435772
4.5190459996657 -8.51847044011567 2.29859231577889 11.4361861829384 -0.393271999235517 -1.76864920588866 2.92265957549542 -1.35013274648095 -2.45102108171322 -5.3799505076148 -7.2704391538495 -29.0397701656797 3.35515079139801 -4.09947108643306 2.30101733632201 2.19202937187495
4.40092741665595 -4.72576966803797 2.54866742597905 13.0252066975966 -21.4593642769093 -1.18390535696949 -0.107632178926596 -1.22118846861114 -1.34917757898189 -2.11972346827101 -5.21420132379044 -3.15574140048318 4.41017952339168 -3.17964584837762 1.15167271813706 2.99596550704715
8.16702151296229 3.49151547790204 6.83335401441656 -3.04932849552558 3.53351015142162 6.08971854227178 4.11754449099844 -1.42957058085601 2.99894837398554 0.34949604976816 3.81710800976372 -3.3887914218957 7.16743882324333 1.44586819697486 4.39046765839249 3.50143669281533
1.80709996174994 -4.21018908140705 6.98805066442452 12.2939762309915 1.28356019843799 6.10753938915477 3.01566497934919 -2.59412880297028 -1.812826056025 3.20326554310948 -2.33571199094257 -1.46029688149281 1.55706455945294 2.54536868240533 -26.652963948163 3.905672660677
5.17863027864939 -2.213291593024 4.30343981677102 14.8638557707708 1.30077225873985 3.29374258255662 6.84917936342367 1.5615177978803 -0.69775546216207 -29.1368123542434 -7.96285416933559 4.1036612436735 3.36644476954477 1.42789843025706 0.968013397973262 7.88382612858812
-3.91341858430232 -10.6817987494922 -0.210281284958897 2.33680431727796 1.19523111293541 -9.29543253126379 -4.82540498385569 -3.5454333762598 -5.32212413147361 -4.84529093270521 -3.92823183731057 -2.04131701935176 -4.34645448292127 -0.320724900721158 -1.7464057010755 2.42754680872424
1.73973994519467 -6.88247231340484 2.4860090342 12.1167038504351 -23.4059683922215 -0.225753034219866 1.20789523938804 -2.14581519011967 -1.79175610815139 -0.62958852965036 -1.44098773945716 -4.41523078464287 7.31256104011648 3.56973668644546 1.65595997706779 3.96335177045494
8.10095843316609 -4.85927594336605 -2.73898174378724 9.6449280213358 -3.24025878086785 1.15137625715152 0.738747211072297 -23.0356736879872 -5.26261431535593 10.6002146937885 -3.65967367510716 -3.95492799500352 7.81879127402645 0.343124546462439 -0.430737255853653 2.89815063454014
3.26717361660388 -7.27955732982545 6.09506430072192 16.5210053971693 0.109545841882822 -0.307458271358328 4.33487015708775 -8.56439956155912 -22.7403260787323 -3.40159149782303 -8.06988711692931 -2.27211982506335 3.69024715569824 1.31451079005816 -0.309386571319989 5.45005333797807
-3.39373725859368 -7.32288215568282 -11.0609898195404 -4.74679044210931 -2.30108754758747 -11.6530648605638 -6.61420489884464 -1.45896798136822 -5.74448564014257 4.65924849463083 -7.52852209184627 -5.29668923138365 -4.57182342342674 -10.8334758750402 -0.306333992284351 -4.43372491971085
4.5542951872203 -5.82865317506301 4.22360519495781 8.68373874506171 -0.359869317978843 6.86447227468795 0.295642484168421 1.57709975875017 2.03164984631804 3.33968185372662 -3.878339041732 -27.8422117932595 3.83524926546151 -0.311219304494844 3.93501928693344 3.75195561667119
-0.787964467941923 -8.45609613348648 3.51431305560648 15.7296637761935 -0.325678547792763 -2.29569818131386 0.788544910047502 2.53648858703929 4.72930129466232 -2.32737592555017 -5.64962062025113 -24.3315013584793 4.55624810773251 -1.4120198559976 3.2086792684642 1.51805837805772
3.49334646194407 -34.3445581964305 2.96083652565657 10.3984998386664 4.34357043046828 7.89014932426824 7.45717490542841 2.9551486805378 0.326831307040534 -0.59944090573546 4.02842206690389 -0.217445250175215 4.59453163461562 -0.760131195193687 6.09289655002512 5.07759954331343
8.34518350124996 -0.864221500353779 5.97372859550065 20.367275898118 2.90490309586231 -21.0812090800866 7.67638468514091 0.377867620090567 -0.374488546865987 6.23356238387368 -1.94374288640965 2.45715057318336 0.358569177876059 5.62145021113375 -0.27354986593642 4.54530196180899
4.75434272663357 0.164423512199837 3.33815391809131 12.773909229025 -25.0028097652534 -0.997501238649561 -4.08675189996867 -3.92106113962557 -2.02571543693537 0.330993218073293 -5.68353837517539 -2.60442822165363 4.6515355034748 0.295859883387167 2.39713539057697 4.62648814230288
3.92785366355134 -4.98092526684978 6.51594909849626 16.1744730892085 -6.32691154824395 -0.822544056615346 1.31010148515749 -2.89853384751591 -1.19714284450827 -0.0859045020245661 -5.08432034688157 -2.08496062507063 3.35103140310608 -21.9850216349443 -1.66021745900528 6.87033160598117
3.12576215656933 -5.11372301542671 2.53801652856703 16.6409405851069 1.43441817475267 2.55918935553481 1.60317539545222 -1.64150749750245 0.364763350656559 -18.027992358911 -3.16042805481437 -4.44971589217494 2.608027956358 4.56082856736962 -0.311234227859217 0.581871166821302
9.78711523586496 -5.42130843065229 -0.38164349325706 10.3277263995525 0.992688752549735 -0.029625544054053 7.24916368654815 -23.9046319395631 -1.82560457520228 2.21041564309129 -5.96154628719011 -8.15802893032466 6.6600585091012 0.544254653296131 3.86118566593306 3.2392818077301
5.28492741148159 -8.2749504935896 7.37659427031064 16.3991520738792 6.11886916777867 3.87912714593425 -19.9493967165671 2.35743236109404 -1.64958474431773 2.55071188281616 -4.27102217407508 -3.27649394531975 -0.556374087261979 0.588959560302473 5.67971554230162 6.04758834031745
4.78724918829146 -6.25414346333429 1.56734244719499 7.80108538112966 2.52124584636898 -0.129311282425703 3.61154077575644 -2.94492708156408 -3.29221887941077 -0.662440975765653 -4.46085589491051 1.16669631963 5.96776803702128 0.619408395002202 -19.1499017453233 2.15078679589896
1.55914355943507 3.6653576246147 -18.8871945379637 18.9170714389827 1.88127369321041 -2.20979672618505 9.3425156365632 0.587062809575818 0.417102778768703 3.89332296669669 0.888763034330625 -6.99561863359607 5.77870375363397 5.82975642751834 0.99240562093727 5.1298513276539
5.63114681105374 -3.43863204316366 6.95453251617173 27.2801747366052 -4.0443328143961 5.48925538244456 4.60021461675973 -3.50422043693235 1.11964343557013 4.0945107082846 2.15954322745757 -5.77963538512246 3.70884254694003 1.1849192461293 -0.0381007510900958 -15.8309934841531
5.38293200343809 -5.16795078726664 6.52516323949111 17.1382217106581 2.41310538945161 1.31634043643957 3.79059530969512 -7.73462866774418 0.233376028487457 -23.2945783585998 -4.88067189517567 -2.17124947423067 3.94936761427798 1.88904249766524 -2.18126687675192 2.89615440726047
8.95887643011008 -6.65408594623337 -20.4402549814786 17.8945137651065 -3.47952895794617 2.98712139350627 1.48315259392711 -2.11024748827188 1.71422838822938 0.914379383817347 -0.908885103566959 -0.960860346371894 9.88053409671424 1.56788855178465 -7.74864207665832 11.7037035876509
-3.0115143985055 0.344295591620082 -11.8143622074512 -1.30215599284646 -1.28211863992635 -6.6944257476061 -4.97949233898968 1.50478995823407 -2.26387221668 -2.02645597489529 -6.67769105646895 -2.38995529830001 -3.44146460166855 -0.29326120424224 -5.88442581617116 -5.20522902017936
5.18369634839266 -3.46096884060355 6.98067541609418 14.5680264257498 -1.50784874157487 -0.791642316220081 -1.20304006306626 -6.22654427521306 -2.09472964911689 -4.88332610983581 -1.95642695140659 -2.14682350229645 -16.3851307829129 2.12908794355385 0.820067977890988 5.64909157995249
-1.38633746198976 -4.23866540934548 6.99491031017315 14.6036618357347 -2.85549297778099 0.16717558104212 -2.38865645481149 -2.34631867873391 -4.568854389713 2.26689246693283 -5.54386685776632 -1.62411619533416 8.85364778667988 2.12547620121239 -23.5629558616875 6.25105231393368
10.7068635838488 -4.91914553342071 0.222624285800016 10.2429673250481 -0.337142798150535 -2.94743363888307 1.17215596623444 -25.1567713815697 1.63268738950672 2.57260073467865 -7.71223322964985 -6.23683887327295 -1.81330227756203 6.32248695066209 1.55489906631851 7.83543898950274
2.91534203010553 -23.1170999407142 3.82849276765554 13.1428907614874 0.558003657729365 7.63462656292575 4.60319269222064 2.76160372468268 2.42205146714999 5.88054478271516 -0.656817945743349 0.816222309589926 3.25756622633286 3.39339965842978 -2.99351482193331 -0.640573274613649
3.25868716477007 -2.31195731089105 1.18715521831232 12.9796785396712 -25.3462585217198 1.5915182564979 -5.58138873545967 -3.8261903928035 -2.8563074325342 -4.68240394314971 0.714506786519599 -1.46616071683366 5.18409618306047 0.39621764927776 -0.791666925037242 0.979771947354761
6.69859249635175 -3.22787255551872 7.21814439233157 14.9374918288022 3.37940528451358 1.34201302377464 -3.31534584981071 -0.164465142174799 -4.63833681624721 -0.979685260570823 -5.57566924371157 2.20079382645797 1.35773296794102 1.48344030186002 -24.9509452544278 8.95205178104325
1.19906247876479 -31.3278602294068 6.86400020880194 11.863628724515 2.42572087375216 1.85559810332672 4.60139632982238 -0.93717947432447 -1.36308139432561 5.48767027446984 5.92438005273176 0.492444591336344 5.60975440356576 0.0415519585112574 3.04649694047221 5.23687306486608
3.34463979677742 -2.89181744102166 2.94063030529211 6.34266634483836 1.39115946498702 4.26747726112727 5.58592331525864 -1.50788871281734 1.28891817653701 3.74183474473026 -5.87192759374228 -28.2228450917128 5.42037944455566 0.808675620448353 0.164742267058543 6.28418906699292
5.53170335128436 -1.45842253860664 5.98149775058649 21.3941863377639 0.758012155742431 2.47329769164867 2.05450658337821 -2.11393592672373 -4.54492730415935 -3.69589857545962 -2.30704231663547 -3.03981988679092 -16.5456279759018 0.0143887502269013 -2.48489386892817 7.91362135261205
6.91371665069226 0.320280363221829 3.84454543678883 14.2647637103808 8.35901110366348 4.08027934098452 -24.0608537380721 0.268535491025958 1.5776599444647 6.53567330524917 -4.67420370942848 -4.35497624756273 8.57092639863124 1.73047991844048 5.67486523628136 -1.8623371016146
10.3932301261097 -5.75528254646991 -20.6408711815389 20.5218000957152 -0.00681804808669972 -0.563541963776744 -2.18580596214228 2.08339567000712 1.46727762138721 -1.65827753393046 -2.09016680361821 -6.67481981638043 6.85762101932702 5.85162365348741 -1.29834710739577 10.269541362499
-4.93653586136892 -9.98431943372184 -8.27391660800437 1.86760766127041 -0.585940754063101 -8.66657829097645 -7.36635552326935 -5.79019924051572 7.74527710796476 -1.68241618843473 -1.97525612090536 -2.09081040633108 -7.73378832799654 -2.26191255600303 -0.88238015472296 -2.09456094535695
3.5116442401352 -27.1390004352739 4.69998253819573 13.9157050148874 -0.163600461084318 6.64470574907184 5.15907928151563 1.44592196980724 2.02230604724419 1.48043359231819 2.5099344738664 1.92873175638124 3.42242470497731 0.535956046137544 3.31613225322282 4.26785820938679
4.96912246015242 -5.20083444914115 0.91765642458094 5.04335541779545 3.36599520405689 6.15873807635875 0.872814671124178 4.89824502167692 3.67093024581491 2.28963174817041 -26.04046511629 4.33103763770547 0.407095874803063 -0.319468845186652 0.792972354938743 8.47630717827718
7.19658886938342 -1.69055514561741 13.0100575262381 15.4795884192124 2.20896588082096 -23.6312302348902 6.63677441839069 1.69594915128882 -4.79647981563907 2.82917620795498 3.93739504672042 2.22003960019077 6.24236020967762 2.88136981439353 8.3376497056836 3.83682222647678
3.49526241500158 -2.34699855142073 6.48338954823242 10.0602518477731 2.09458908281654 -1.66823900996818 1.56774604093883 -1.48449003508864 -3.22571280374529 2.28929872977683 -2.90771857230627 -1.34959818426795 8.68586106510576 -16.364762454085 -3.15725747802678 7.0252505186628
7.76883647135666 -6.2567979905972 3.22067933820136 14.3039402003998 0.882721733983208 1.18988585849761 2.67777024275493 -1.51987083423213 -3.47778362492452 1.27114154592926 -4.75634302935709 -4.79145693258171 2.4347359488707 0.969926769632444 -26.2168097866633 2.19779468996582
-4.82206372284695 -9.51800224181343 -6.98306887224025 2.44779038109133 3.88178515107815 -8.43489415156995 -4.58154299899542 4.16881695248167 0.461504797988304 0.515106823462522 -11.4286504126991 1.20838077811608 -1.8931954181481 -5.5316102148331 -0.625066338495064 -10.3106653671977
1.75119450804395 -2.14493331515014 2.08653628098159 13.2960168802829 -2.15345101824101 3.67850272039878 1.47554757101727 1.57559203541474 0.436149535756043 5.13930551719067 -2.58685385045811 -6.28713755666023 5.07072253118972 1.63157124220141 -25.6311420289444 7.47552063266289
7.83097196989013 -6.16668096828503 3.43570962041799 10.7917383016656 2.38251128913228 -23.416402545516 4.20678104955195 2.63892499544073 0.264862347260642 2.48224207030621 -2.76734040950389 2.35284915950666 5.34921548722908 2.83870441358871 0.530586093722039 2.64300613176319
7.93820096222555 -4.32406757568284 1.59455358754326 21.7851658435268 -0.563877740179086 1.84403804547989 6.92063353635757 -1.00047269624374 -5.16641036465492 -5.12828579792171 -0.3256540513456 -4.03455390161425 5.48610410816156 -2.70916156715355 0.300417770373289 -15.6754035754476
3.58544549204673 -9.51342739351765 -0.863933468954044 11.5183339551627 1.80343651483438 -0.608356319383812 8.30272890711512 -24.3320025177184 -0.795435631224934 -1.57688408545522 -5.88914074087722 -6.77508462760051 3.7553214289304 5.37121559272799 -4.11534149181612 6.57847701011179
4.06640341388016 -5.68939672360359 5.27568914710237 15.5759687049959 1.10998029003574 -3.13187479443658 -1.0241576996524 -2.77660190442224 -0.0788369744020285 -1.09571527388526 -4.78630303324118 -3.83756178527153 3.67046468086734 0.694881305342582 -25.3739257446804 4.54864394634865
-4.68016415373977 -6.31643683976022 -4.53591532030511 -0.971476527324355 1.01786996053755 -3.75609947947893 -3.70352382473832 1.62026251402128 0.218577098742987 -7.5094069279407 2.09780191703034 0.63832081491078 -2.15826433995432 -4.55351378331095 -4.24924971490887 -3.13801647877156
6.22115880235236 0.0854588449614249 2.48044714733484 19.9546239317064 0.181586589354548 -2.40650534487537 -17.5227428235413 4.13346264107043 -0.207266417437569 8.10404273380576 -0.489131638077477 -0.811445116550166 7.02179872720001 2.43899752411692 -0.549270593225797 2.72012436444737
7.7777947462526 -4.65712907584333 2.79807141801334 18.2570797890998 -1.71502285398049 1.86600322674786 -1.29132275524574 2.06241423440626 -0.977808545447147 -3.24798567281974 1.53123531248007 2.54079220911514 2.31401205540488 3.75992428323186 -2.03806199605036 -16.9404464597584
6.07886903164911 -0.189213061418207 2.57162156535303 17.0938388530724 -1.77384969142222 4.26629831923968 -14.7476518444097 4.23689332491553 1.55015681880341 4.72172327861576 -3.81631663536896 -6.15955686742755 2.52872705569412 3.69853651909126 6.98145691163688 1.67680734198364
5.07158117984032 -6.24469323270214 6.19167245346349 13.9284397195204 4.18192272070392 -23.4296915593328 5.72809252506739 4.82879311484708 3.08081442470697 2.00050475336859 -1.64971740242566 4.58464533720419 3.19815229720709 2.0524057870583 -0.02966589808885 8.37651858537623
5.35356117204572 -8.6597516135532 5.6436496714746 9.63162366174957 0.14043703483597 1.2938949472584 1.91300311095422 -0.0703041170785959 -2.42111962155887 6.42805088434519 -24.8734126116973 2.80348920073722 4.49225418739818 1.29645064867729 7.36839362627393 1.95624797261185
8.07193592624735 -4.75856691417467 6.09562001634183 10.3458814553688 0.568202394549648 2.13314726742534 1.69614897767218 -1.72435776917896 0.404280918367845 -3.31433881908257 -6.03122067209508 -1.39243931490879 2.49251754888621 -24.3207030781485 -3.30334354707073 5.3736402860594
6.14090666615996 0.304312856548408 1.84612588452147 11.6276355668655 -24.5907826900412 0.459177309728285 5.78053132936861 -1.30760659847361 -0.807782620287604 4.88945517777948 -5.53901825855763 -4.61960256930803 2.23175776903579 -1.65396794090625 -0.824531925865227 4.18492194945147
3.46636370613282 6.08357948956633 6.32551012026639 -0.663394613883556 1.30463009463782 7.70516836279129 3.81467560428784 0.42966599066486 2.82072822484639 0.264616408819851 5.67988971344537 2.26538284776185 5.20728865988014 -0.649592016251991 -1.09434552548625 0.680243342768701
1.72752650171349 -3.78555567625993 2.46389214389903 21.6635487482196 -1.0371242668191 2.79119180605792 3.23259587012592 -4.41633239980826 -2.02598769901324 -4.00309184049724 1.91096052770299 -2.67514466706201 -21.4246077019668 -1.69922084721313 3.46672335233491 7.39147211116391
5.20511234811781 -21.3502265874028 5.74021509512192 11.2851414918932 -1.31884028203982 8.73330500249088 3.12985566230347 1.4381499351864 -1.24244737438351 0.443929698862475 -1.17401169664995 1.17293042072733 9.15978437164828 2.49261479531574 3.35866686341785 6.69558353605865
-6.4110228154357 -6.23404723316188 -4.86192107414036 -5.31464323814135 -3.64473867369744 -6.62950114918751 -5.45268690806077 0.650236279313364 8.35372089928106 -0.771738003725434 0.250535586680001 -6.0447301129066 -3.33788465476378 -7.3627841792101 -1.79410913089368 -5.0234434194468
5.24673986657509 -6.40184561772998 2.62285979465607 15.8099680747589 -23.7084950013493 -2.82458995570371 -1.96170869738811 -3.00330473479782 -3.05649185118799 -2.52671867282442 -0.456760981102477 -3.16812558969959 0.766361639123941 0.16102417346145 -2.44595922219017 0.432149232861779
9.01194036995587 0.573399032060902 0.581494597440177 18.4559088470467 -1.55684636254497 6.4597630771869 3.78634765496823 -3.60191185132462 -0.481347638036237 4.80103678799691 -2.40190424072422 -2.30110439892802 3.57801665978704 4.74288736387594 -1.13426513351697 -20.4422316466628
-1.77477813380294 -7.61752554505782 1.86150219354524 11.6224865269591 3.96296449211845 -3.54775184264115 3.05429940181621 -22.4789886467586 0.370099163273194 -0.401101908877609 -2.05675192257198 -6.02229728357957 3.05942953886587 1.77366098082964 0.278233838364187 5.14711321941947
5.1605196912918 -4.58224475414613 5.5075728553835 15.9050802183727 5.80145093820096 -0.986095041130804 5.41989013933851 -3.50477804052829 2.58777166905369 0.85037329096163 -0.519964553608266 -2.41008712715951 7.16029432392291 2.17993043477145 -24.429423174768 5.25809279700509
3.8385549494573 -5.46957861499746 -1.82483941264896 6.07218197064408 -2.15555967345805 5.17232107479682 -0.554171551312217 -1.378146671926 -1.71052188599272 -2.0382806501039 -25.2855910255759 -1.42699352067707 2.7384941843754 -1.31867814097491 -3.46135520777658 5.7584511265645
4.31329040529862 9.29888620958953 5.5831408368055 0.41823566167481 0.896493858257371 7.44204479422111 6.38110070835015 1.86621967311869 3.79183661219444 7.13160813819496 5.89354579902546 2.29640335560366 3.19996953924025 2.64369503749567 -0.520715160628077 8.53532224900701
3.24961971717184 -7.12214807299825 6.15644749027979 14.3792065379655 5.2999443028132 -22.3120333151848 -0.0465961960134607 4.04542138246389 2.35613520365864 2.73903421854484 -4.15953935078631 1.33109630004832 8.60446470709285 5.4435538965931 5.40821180689873 -0.77174417779171
5.08900483976872 -6.5389327400436 4.36260940283446 9.25557994685282 -1.75063278394765 -1.36384912921469 9.23972006354719 2.12637996300588 4.08807575814824 1.59133657485495 -4.94770250661979 -27.4834623173443 3.20842431291321 -1.89260284021114 -0.596002206232499 3.67525824764356
14.2525324904308 -2.43952908515422 -20.9451007531645 19.8955735225928 3.30052913857333 5.09997784586381 1.44299178902065 -4.43467399430257 1.93620345544838 -5.26960019259912 -3.05110405049847 -11.2749128415396 7.76076149408226 1.10642281930001 3.54707574279281 9.59617949978914
3.65772026161195 -22.2821858600107 -1.48186642934875 8.83442892012802 -1.54478538180204 3.11068099151925 3.101532194022 -0.855017632364183 0.322793798307432 -5.01221192760856 2.07197730752445 0.283648815650589 3.78452561491675 1.65267729381864 2.6300325168361 -3.00124505342157
0.642186787616104 -3.18752375357927 0.860259222296262 7.8937436224112 -22.0597014885934 -0.659912299260041 0.846628257801675 -1.69365457038885 -0.352224497565263 -2.21211912620761 -1.82508925790666 -2.55870908120564 4.46080209912589 0.103655011326257 -0.992976755319457 3.81929756548781
4.83064464263978 -6.93294088336714 4.70588888358033 12.3857209860131 2.11496319081534 1.32236396726645 0.105058050431359 -4.08993351726357 1.92798135816976 1.33964255681768 -2.16916468207363 -3.49319390527446 5.447640451803 4.86397156802382 -24.4606529768913 7.04858577712012
3.45726186231946 -5.16759858425855 3.20356235816021 11.8242491650653 2.48024477542568 2.71831798815108 -0.248152885280578 -5.19092554854964 1.3796314365183 1.85926836363117 -6.21813788658986 -5.02927713174631 3.76504787194425 2.81638137125615 -22.7344148748598 -0.392330752708603
3.87998939181599 -6.47550977371697 8.51564409260229 12.7793969920446 2.06285555093473 2.80526814070833 3.42549687962917 2.31176972972157 1.67650013004235 4.61518602782443 -25.9893466271745 1.64078754030356 5.90739979408041 -2.34428568520904 -0.197231767117927 4.01914425273377
2.92681543440627 -8.10910753350384 6.26649893251388 14.7336372361575 2.01058443882107 -4.80995375192582 -0.076462035758391 0.39303796204635 0.0928301779665298 2.15938043759954 -3.73856309597532 -3.71860707511139 -4.56677161343288 1.6201156100114 -27.6251230724037 2.50831577135157
3.02706292871509 -6.56058466232094 1.0489998240054 10.681188662886 -22.3946134573173 -0.11025234123969 1.28367614984927 -1.89953140225103 -1.8991118839977 -1.91118290783616 -0.162248395531722 -3.39299399965318 7.66761843492298 -0.919068867533733 -2.78833108036275 -0.463833471564279
-0.481271990693512 -10.6131819515255 3.88815221961856 12.452362460541 0.177919754317718 -4.36488685841943 6.57844708390616 2.83620743351355 2.54822007114539 2.05060086931988 -6.33394794756938 -29.2139206835866 3.68992195441911 -0.920038402437191 7.96291270868896 5.84711800559264
11.9067748003693 -4.62613703603691 4.76218715062661 14.6819715085878 -0.733049533465754 -0.148696982256813 5.08838177957227 -0.110130355837389 -1.12243248931045 0.213846699914364 -8.11310422486921 -0.387417204179726 -18.2919808833789 9.25734086990632 -0.727548909426074 5.68652109467519
5.37559206579312 7.26726094209834 9.85816304610923 -0.129486999103049 -1.83504718452166 3.14330677612855 7.77399912494989 0.708266787885722 1.70408304840598 -3.31614889980948 2.89812296496518 1.56198628037168 1.37578177249781 1.80534096433426 1.17101987726461 9.28736663452761
6.43077039477358 0.841261561225707 -20.3592574413351 16.5478335715766 -0.50765491690069 -2.28920358759373 4.52496872326565 1.15096933669815 0.711207780367598 2.86568128794445 -1.7847631034087 0.171706453757439 6.42280157879291 2.19183691787219 -1.75555327805603 4.60116777256935
5.48780859188727 2.49451167117666 7.80599654663092 19.3986511985708 3.89148357507213 0.526728853687714 -21.3149247245177 -0.265676146190185 -0.248964166018008 2.45808284046576 -1.35667744067987 -3.24753966038484 1.66098991733343 6.78451075147948 0.740827576332462 5.48248000305386
6.86284646943716 10.0887463214642 8.02058409156112 2.81014110927432 2.46098400823085 7.97889802116043 6.01398410819549 3.93066090062169 -1.27288493504026 4.43480537206307 6.93040420949448 -2.37934215068843 5.15001074221858 3.85792781186804 2.42719784965408 10.4065589338459
1.6157476789739 -5.3607953191806 -0.0645542685611367 11.1102032989229 1.97432720980568 0.473737009192545 -2.99503363227008 -0.831979737216086 -20.3568948748631 9.32159176960687 -2.56440989911699 -2.45691167488113 1.29467618030678 3.41847452990745 -1.68619983889536 5.91666327175123
7.34544885459272 5.51430631074365 9.68635048159475 -0.112538556553114 2.58001592537198 3.67088198355271 5.80881677172474 -0.105339048530093 0.502037399314283 3.59498824807517 5.5420870952113 -0.267442648454409 4.56778065953401 2.3226450470402 4.81517230739102 8.31738143916005
-8.42834272835426 -13.0774633361213 -13.3012675708216 0.906274826844607 -0.0528443930350727 -6.11631879385974 -3.86625342944961 1.87721133921659 -9.30871998854717 -9.08184061040133 -0.200327338871091 -2.57547938767368 -4.60134915593564 -1.83509530220845 -2.70382908365836 -3.50379395488493
3.85396437328311 -5.1179938751374 4.90986764680063 12.669770632548 0.444590093498276 1.00952889953731 -4.04116570189777 0.410525224107845 -1.02036626071557 -1.07316587719654 0.388203188584073 -5.7920882624116 7.66285557973639 1.653624463158 -23.6073468027463 12.0160589546374
5.67398360008868 -25.2214319916999 5.95572406134661 16.2763311561363 -0.895627468394219 5.25366781442035 4.22088653300625 -1.16214221765292 1.14494009515505 3.95882102680042 0.0598668260054493 3.30886620728211 1.79705342231257 3.77893428677648 1.48690469549625 6.16643766667046
1.46251870258541 -9.76407528998593 -1.58532806533135 12.8473978054112 0.27052304641322 -1.39724903956912 0.455507730684741 0.408108168754806 -30.2304755536068 1.42490037419045 -5.92460689672931 -5.32352482160992 0.312376163038932 -1.59080800476556 -0.400981655025298 8.43677436419661
3.87424173224359 -9.20964907795035 1.91548475636111 17.8070503381798 3.17216471603333 1.99082699841213 6.87424426716982 3.75572761520233 0.169505961543565 4.08145145173087 -20.9515824692659 2.08382978131686 7.0986490164168 5.57963037842452 1.55267865760754 -0.100436574178794
6.92208258877129 -1.01205901221799 9.42127693272505 15.7090999132229 -2.6495056759265 4.99038690913065 3.70744479140103 0.661202817196773 -0.502237875323267 -0.846747675267768 -1.89635018033326 0.222674887177808 6.11019076893947 2.87654140931872 0.664666510478101 -22.4960057722729
5.38929693743269 -2.90154560151795 3.44628835109923 15.2998746514732 -2.62932592781723 0.484408039451263 -13.6046583989522 2.21670563046986 3.96392042911348 -1.93499332308624 -3.39511168715026 -7.53644460603615 7.5992659168615 7.84045090512192 0.473385284107137 7.49917213487818
9.07100318483779 -3.91916388679315 6.33870160963686 14.1392492517898 3.72648940827494 -20.4980241150142 9.88394098922598 -1.49151132161633 2.85944349089236 0.898728542506864 -2.74984510976848 -0.020243615209133 2.58442289398445 1.11086796610921 1.33858165309121 3.27120513737061
7.86700057661441 -3.54238334916625 1.92398299204976 16.1276161558717 -3.21039464032242 -0.456909336609372 0.341445878244984 -1.93055011093973 -3.10433340359788 -2.49592956231568 -5.51080282476952 -3.60851688747149 7.57447503380613 -18.5071238537839 -0.969721016193127 4.83085942283118
6.30461261215249 -7.6620937649181 6.6185720822214 11.8914029133893 -0.797281500814901 3.54365684792301 2.56334322933402 -1.86592384314794 -0.0733366217873369 -0.216458025512307 -26.9078669381637 2.88320759461755 -1.18414792556707 0.874561685030647 -3.04324532635805 -1.99089042078295
8.29210315235891 -8.20221237202132 -22.1665517127304 22.3876185422113 3.43125667008543 -0.0292179278018065 4.40706531969267 2.38899691209447 1.61877692782602 -8.26330709221524 -4.84016842291403 -6.00248593055679 4.96109668531644 8.04071351788092 -4.0254195880761 1.37103669757123
-6.69163417984069 -4.28424787520137 -5.00898530228684 0.807205118150045 -4.66315222110653 -1.7676257776652 -4.00907031680486 -5.79199582436929 -1.59530123919502 6.19656345417175 1.94224629474533 -0.564081552572987 -7.57676922430871 0.778052508560089 0.607672131473713 -1.41404167872073
-5.1115053120522 -11.0292080712969 -4.01316788381248 -4.36811114874178 -0.522407140168463 -11.7891313238697 -8.66868846569183 0.422358430625583 1.51438244995906 -3.16575523481849 -2.24752594606087 -0.588716541157986 -1.04054772799961 0.473486830817877 -6.55247436167722 -3.53121778496547
4.41772913599215 -4.65738640598985 5.90680735100638 17.6009699890843 1.51276813482419 -19.3163032075807 7.57450982490481 -0.530355010176962 -2.53955964424661 0.132916679142288 -5.05214691701304 3.36508760113203 6.74587020464348 3.66534038211406 1.60132274017848 12.085452544616
0.313709951028996 -2.8650498647831 4.95710687022105 13.5317377175912 -4.74247528654873 3.55655980911426 3.36434275381367 -1.3080850203574 -2.97189920687242 1.85837513662848 -26.524663237532 0.503687442927541 2.73238320672351 0.0383305757620815 2.856752071535 7.05800738174035
3.98218829287003 -4.10713351780687 -2.70861772587194 10.7963435868599 -22.863706720062 -2.59113900791386 5.9423262264829 -2.18982653689936 -2.82121943300297 1.07220121944296 -5.42784911998656 -4.35377661602303 7.86182866814421 5.16393716530631 1.04767446656171 2.79851248573831
10.92060868763 -4.75217472586443 3.60873324910384 11.70525151864 1.97332450648474 0.598916062213078 1.07516037690402 -4.50727566402184 3.08409523283032 -2.26814776882715 -0.673363222243632 -0.753106820849493 3.32741660113518 -20.3566704755403 4.28433379717393 4.24235891859911
8.14745335563842 8.74660375941106 6.49566837922561 -2.25890221111299 -6.29677815103429 5.06804156779606 5.22740488843584 1.94082623730802 0.90630554177589 3.60784457955053 2.85224530305884 0.836873001428049 7.70942702510953 5.80322041734657 4.16732744992665 8.95278622278282
2.45378769736907 -2.01430998160697 3.06620638216832 10.2878686584808 3.08084001393805 0.0873676237011389 0.64097517890435 1.14620352939393 -4.17749878325436 -26.8169868483458 -1.04409227688323 -0.945943174592874 2.56055870922965 5.21184804146215 -2.73728547461694 1.47155915522879
3.22897198294838 -28.5069039093229 4.00678601574305 8.80518538134341 -1.11347521942389 5.4052405772952 7.32984258627074 -2.1239020909873 0.613277046733386 1.05033876243523 6.83301885517335 -0.670469291913849 5.09376291114378 2.27597200984137 2.46741006696882 7.72212725516172
10.1190983856158 -4.45472682630248 7.71392849246295 22.8916317981009 1.41769247113307 -20.5407505100323 7.10929461061133 -1.04227203227379 -1.56763854365971 -0.93711558106208 -2.37980219080581 0.824528626650614 7.25773980740485 1.99004946996611 3.62927916185558 3.90065837886822
2.62378272331568 -2.81308652254248 3.77998109107096 15.6845478758055 2.96867533986523 -0.674624437385086 2.57826628745795 -3.35159876243186 -6.72333848439749 -0.0965700997311003 -5.65468683689969 -5.66496740219782 -1.27082465369741 -25.6648129036927 3.86327926148943 5.47190716015853
4.54268884709768 -5.3819635832857 1.1322965644017 10.5071514350408 -25.7950014829883 0.321411998896992 0.0735455287428094 0.0280931215587188 -2.88482289739656 -0.160553754283027 -6.92300699744957 -2.44331373202246 -1.66408924030943 -3.08164582488432 -0.976510584490034 6.19847455151353
5.9353072722534 -1.98189458732221 4.9046570550072 17.3083368036204 1.38454760983797 1.34131308120653 1.3471364075977 -3.7483579895908 1.32990382049072 3.98323703182186 -3.18314785554635 -1.59111104647467 -0.225305774930957 1.75340900754837 -1.14045470879854 -22.3796752324274
4.83442708767142 -3.8480255127666 6.0252922299004 14.7684987994656 0.414109658256673 -0.673260648267165 0.937245399794222 -1.4450646874392 0.904607480735442 0.858963002179845 -4.93682601215823 -5.48329418882921 4.44186835948489 -28.1715873718921 -0.758129104804329 5.66432694685574
5.10819961215281 -23.9729003218603 2.53032684076368 11.4540762272552 2.61240004041369 4.66535352008927 4.13040185552655 1.05896524284406 -2.45976047682638 2.30361080033227 3.30958649478064 2.02180951347593 0.793956501244286 0.514019893292942 5.89107954571199 6.98284854605911
-7.25905473108036 -7.00877110434785 -3.40211494200387 -2.50568603700365 -2.45688922029981 -6.71654414457493 -5.0937348768054 1.66112709900967 -13.1630478645296 -3.43499506721332 4.47412222905242 0.066244212531605 -6.69459560980935 0.436328363032167 -3.50706918939148 -6.31447346739051
3.51540956577885 -6.25051384053478 5.55989631571646 14.396803775678 0.746132028305141 -1.75669813785825 -21.9071412596139 -0.0114953381738445 1.196459210338 3.14390694566879 -4.21250986234893 -3.22672751517998 3.63508709629113 2.76887608545571 -1.59231628929977 6.80411325810094
4.98262096714284 -7.9544958020109 3.53726929204988 15.1268830119869 1.57092008880438 -0.553525673857352 1.00331983090002 -1.63303691291316 -3.58911689463354 -0.442604298862087 -1.05332844295642 -2.39962289013783 2.38662921355616 -26.9111129284002 1.78540087947207 10.2248198800342
5.206503925737 1.69456298088145 6.6986297356376 20.982513899155 -1.66358956437206 1.89080852115209 4.77589182983958 -1.91211857819473 0.324000005594486 -3.28387239880313 -0.74525067416553 -1.74519525816795 3.96346061975586 0.623470570130855 -3.5228787079148 -15.9933743789869
6.32568085459754 -1.79262449661258 9.2167315265665 19.8991717983053 2.98176605830162 4.34949869307911 -17.8286321616243 -0.0216175688725533 3.17179652679149 1.36774646476319 1.71338312162557 -3.05428859999968 10.1099687243753 2.81614532604808 -0.353103122823456 3.19805382490176
4.73621857377417 0.509830780279639 -0.122637365993588 17.4293288655896 1.43680501991445 -0.156738617553174 0.286480318633118 -0.290425567857881 0.821865980455581 -26.9415751223199 -4.14104886150976 -4.16204712068825 5.6878825715398 0.825430686449432 0.847939099664986 5.59441185135195
4.42492790360882 -6.7968961799901 3.79426016224729 15.8085459890739 -26.8672183659898 1.53444637841589 1.75282946590707 -2.32762818217843 -1.33893613427702 2.89578681714455 -6.3324925705829 -2.93414037619327 0.667325237954013 -3.49170663437166 1.78650339042737 2.40135426871512
4.91675407113576 -3.91074786375719 4.51817914586606 12.3614605282441 2.62668667087077 -4.69398133325278 0.0859141602554329 -21.6394151040239 0.304904974337384 -7.08100184074481 -1.31028419080714 -5.13643143509776 1.82202697144383 -2.80179976488506 -0.0106324159394913 5.05248711301564
1.56733196257535 -5.60791551934311 1.7169832274571 13.5265287592182 -0.191702204981335 4.61897967078184 3.64870773969761 -3.46948678405144 -6.0149560788801 5.02039759096602 -27.6185660158566 0.0202191342812238 -0.344731184576424 0.148404706459036 -1.43236128804448 3.33580854669032
5.59499619556803 -6.89023870190349 2.14038992877592 14.8152216973101 -23.7466040149588 3.37063262677999 2.15762251251586 0.0220297747966516 -0.603031691238161 -2.07292063611401 -4.8472019757505 -2.32994341992572 2.49654145222276 -0.00842455524563679 -6.21764886468679 9.12479706510315
3.24529863828005 -0.40647316688015 5.00477677179101 12.1782095998418 1.00247969291727 -0.910442684523523 2.43866435598718 -4.27574194688918 0.0751634449416791 -22.3470364135585 -3.20770259745599 1.93017707856842 5.31955954566338 0.981633321841537 -3.75710742814156 6.12297021941824
-0.417786986359703 -6.50559144588722 2.72173316283414 8.26382083113582 -0.230349439328758 0.640510618855816 3.7208824400559 1.21794227616783 0.250576464882372 3.05577816341158 -2.88825726323128 -25.4503850125219 2.4326259469075 -2.07560751865269 1.2772634594217 0.452656705043536
4.27715540541256 -2.18224527205812 4.30740853931703 13.3985403238553 2.86880725917156 1.3296959077916 1.00920201145926 0.777028588534381 -0.844865291680099 -3.27229742155596 -0.957502537306017 -5.42873973943624 3.30044322345757 -23.8783241421472 -1.88177690935772 6.48936065820684
-1.74391223873479 -6.85310452365469 5.80888845925842 16.9419131143912 -0.0585170181884149 -0.968879310900313 4.60359307771074 -0.390559363819568 -0.959773402160377 4.14217323876267 -7.75671060872948 -24.7228801324721 -1.63801687436346 4.22705447286744 2.85240373214099 8.92695888648907
10.9493672932737 -4.62725381758637 10.4229571967911 19.5371733224596 0.0652842609424429 4.22018842961068 4.20046690225807 -2.99806346824668 -3.46808865648228 -0.53784857041572 -7.7601529335913 -4.77150595526171 -19.7585364014387 4.85538772958122 0.157995400198515 5.79039696126494
3.83381726759136 -1.31979185145491 7.67271992140976 11.559662407131 1.28393663858057 -0.229128534119044 -1.39772506256902 -2.70411774939361 0.630959712373707 3.27635749157186 -2.71587804481927 -0.613692723695427 5.04981413493055 3.05459719682934 -26.1277686300393 3.59729684910703
5.80969850536958 -6.01673286296495 4.88557184731551 14.4152416710918 0.424558950549808 -2.51375782594676 -0.111500149421377 -9.55507896894955 -0.0468826248159431 -24.7479246482889 -1.73091387434899 0.631509167153316 2.24203954504764 5.50067206286259 1.51245428471844 4.72624157071706
0.382573193131066 -8.90061616137605 6.00263025184301 15.7802836811484 2.9338223745225 -3.47771599963583 7.06410931968586 -0.587672521362455 0.0730256003604102 3.64450873832849 -1.47114956451959 -3.6758802054149 4.16872050111872 5.68473860005581 -25.7875136926665 -0.798693506238063
8.01797165342028 -1.36816138869029 5.33903048297982 21.8452747983733 -0.51353634288528 -0.266188547765968 5.13006366723165 -1.74387499147374 1.32740638688221 -4.63039916743869 0.115886042787601 1.09507621715186 4.03534474089025 1.07391029153921 -0.258367184787575 -15.2054522575211
5.9611983195982 -3.28115289831144 2.89984019261054 12.3675883892685 -1.14441734773839 1.0628047983469 2.44348441093913 -3.71635288234258 0.508359063950011 -21.5873179717087 -4.26229263001953 -1.24131220754055 5.63912729766531 7.30972648017156 -1.38024034872013 2.9085336452774
1.48334259269446 -3.23102822521987 1.80036151096401 12.6066450938235 1.40900242615473 -1.73774510520795 1.25986585188849 0.5709737873545 -0.421913307991679 -23.665531158806 -3.58954887425344 -0.465112581090516 2.57847700572165 2.25428555961843 -2.87707489283086 5.55971715388946
7.65646155282916 0.769414471258557 5.40378772910251 21.1632912377617 -3.2953307779515 7.38956312316903 3.14260307571424 1.12619680591233 0.460869226367369 -6.29335138904931 -1.54333220675967 -0.405636255124231 3.06856614461512 0.0119256840924986 -0.644495015313227 -16.7044567901033
14.2150349677631 -2.39492018565141 6.36745730070013 14.3556985619927 -2.32535423082719 6.24017836140804 -12.2496361619089 -24.5160643904557 6.48683821021607 5.71314938884066 -6.7603555351737 -4.15844059560436 4.6353772484279 3.61853171912333 1.55735887328437 3.22424896539321
1.37200033065212 -4.38751861062025 1.34509287205656 9.01416106356528 -24.2097473678483 1.60297784052122 1.8740801711501 -1.18440504308685 -0.906330105066088 -0.94705152587286 -4.27160003490259 -3.6958471129439 3.34559620460347 -1.70612096634617 -3.46011803970215 1.61008992490468
6.07178110315288 -1.92640760307489 -19.4256758149617 20.7854749983966 1.46892052016836 1.29946663697215 -1.22245973405084 -1.45013475369276 -1.56823520740575 0.703997669598725 -6.52564446776427 1.51003439617171 9.10351255613402 7.82790278211629 1.10262832922328 13.343353261063
0.319559736392913 -4.49360186254797 5.31808908240209 13.2709185693579 1.63978123775309 -6.52848064910881 6.64555947425447 -0.979322268460284 2.58348163418089 0.7445902318593 -2.91200726474792 -22.8980508193098 5.73836600798078 5.43472851907242 1.96682782029776 4.59062837364249
11.1893699771507 -4.20549153077859 2.27827840999076 21.957221338825 -2.64559090419504 3.31719034466857 4.17212350777839 -3.64144305931054 -1.71332697602957 -0.915265219500313 -2.35112805123567 -2.35285557584801 1.67262494864579 -26.4766244092578 -0.0737573259520465 4.71368248050123
2.20468337932455 -3.07354133934282 5.28182244284293 11.604954420977 -1.88025598674304 -1.26304643043534 3.32302581190513 -0.754184706518352 -2.08825386018126 -28.2636373048455 -0.476573626138062 0.630047517399299 2.77086080724772 1.93988863176961 -0.689363704179746 7.36844997398083
5.32681138101387 0.469653173056328 1.88804228580689 11.2640035545196 1.6003255331759 2.79532123718035 -16.8396762121894 0.923321427899483 -0.499286333194052 1.16050405107403 -0.412147966780935 -3.16630514481316 3.28940496472877 5.15582241179486 1.02571471138304 2.56804161898174
7.77246934151336 11.4171054131904 1.8129556694263 -0.672998112012382 -2.23463262534641 5.45142695721098 6.42535552587105 0.965743438742422 0.418817727262576 0.592978567432637 5.27413468377624 3.27448646651241 8.03926450476002 0.437167417128217 2.14111117451519 3.75826552420151
4.79311012706537 -25.1240684898183 6.31278113279191 12.7887243631125 -2.60702059323446 3.54098284199223 1.83789417710579 3.02776777223801 -0.506629770233753 2.08563510581626 3.12038239953913 0.588824193524518 10.6796180274878 2.37162211403353 1.35929344282412 4.39960408760006
2.78041670547081 -3.88203588331094 5.66359579980961 13.0252693070542 1.93249854348633 0.395644462764735 -0.223130840291603 -2.3465503576307 -2.29725643143278 -30.7338463152276 -7.97032495069298 -5.29989213432837 6.78098435263598 2.88633663371681 1.03624122581113 4.31489230904165
6.36772222477516 -5.71400798851926 4.88704108461883 14.6367364612834 -21.5052348070723 2.11880107551659 -3.85025514159524 -2.68054300694383 -2.87556121649722 -2.70717809410074 -8.80737571245509 -0.39259282431353 1.66466225782444 3.37248527290949 -2.07406192825827 8.05555461807011
4.59672355898903 -5.44067178119023 5.49273589234651 15.3286697666502 1.1922335272651 -2.27144608704651 3.78936917606744 -1.92824720922982 3.12647625038742 -22.9056984862623 -1.44167998399668 -0.301544939031439 2.85547412544062 1.39152205839103 0.208623948695895 2.71980384609528
4.30386200127063 -3.44452568170076 -0.0367381678364573 17.8940781258363 -0.42683245433017 -0.447668388115656 3.18772362172953 -1.77617106824453 -3.0875150228732 2.08317418969639 -1.38911795445311 -1.57069492916738 -16.0526155148004 -2.41529541144375 0.494494633916259 5.0749469380807
6.00221648955968 6.79777842421412 9.87504372054629 -3.12121110177236 3.15882731527316 4.02376688297841 4.28406077870786 0.285131130711049 3.0493729422435 -3.20703371902333 6.86822014268159 4.25685891882363 1.1630502699173 9.92551738359374 3.42736797299392 3.4320613324436
6.62077756175711 -3.82078102254904 5.91965740354814 8.77490917855232 0.432780185735077 -0.9140466314012 -2.70732947523497 -7.84010754885835 6.43971130331425 -25.331937741194 -2.97684328227882 -4.34021426835849 4.00511791725464 2.6559325199107 -2.27717842053276 0.889395634472217
6.9799608377899 -4.66316816513457 -19.2056978703148 17.5223117435878 2.02853212575936 0.334612790374093 -2.27201642925412 -2.77786170493969 2.30212998572472 4.05968641704928 -3.00306714270583 -3.65956302482029 2.69116421523318 5.06642788123843 2.5049684607485 10.694418118269
3.35647987087896 -26.6923584186033 1.0913085895879 8.39758895053893 -4.08737532614992 3.8347609249946 4.65654225403584 1.37834091726105 0.10135447708384 -2.69908664067519 -0.960577729337048 0.047927844426492 0.83040724506127 -2.83788527036392 0.339697616136859 2.72512407109984
8.1519997478844 -3.23019191649761 4.86473678410956 12.4830456738106 1.46863693167913 -0.374143843015153 1.8009993343919 -4.69015929291857 1.93992529393653 1.60152148419381 -3.29114791698981 -1.05630084180407 3.971591157029 -19.368716274717 -0.554494898200155 3.87510726923098
4.80349981872099 -2.76534457272696 5.01913212746833 10.0702674164575 1.11071044559791 0.127925129215698 0.15519826651655 0.783970024253856 -0.698353918781094 -17.8302306513219 -3.63794166664714 -2.19729543475517 1.91639606826577 4.02825065260425 0.578787157795467 7.35249084805338
7.46452454237017 2.44126865454787 7.97735429120694 24.8291819569115 -2.86537653975754 1.99877908034531 5.25754995622143 -2.46191362933563 -1.80582572584852 4.71553248717454 -5.90616565536243 -2.70822882179455 4.56713353181068 7.68908663803625 -2.8395661160984 -21.2345094633671
7.7599870969823 -8.10273967173817 9.14286237827213 17.7407783217084 6.3236855234624 -0.0827482195530596 -17.7880454208115 4.99032426007609 -1.79971022756865 5.1185120138951 -2.49279225384156 -2.0711890395023 5.62405351206981 7.24629284209289 0.655419662676862 7.7158556898119
1.74512379874698 -3.37670918512282 0.245525808483732 8.95133327983938 -0.568596416110919 2.396820509268 -1.99664160280628 -28.0238607714049 0.28744604246793 6.21772417286543 -6.8698671267717 -2.54520848063013 -0.101901979411362 1.44439225608451 3.78072978110333 4.38488899643197
4.61477528587009 -2.51429185377607 4.08443239030587 13.5814234507789 1.00336815271611 1.01578043300209 4.87103744588755 -3.43104718418921 3.49757679662273 -23.5502384413882 -2.54486743396978 2.63287072390898 7.24121374982112 5.89987217018801 3.86797199218601 6.30478053170846
9.88792309528257 -3.30834776677759 -18.3182889083046 21.9333371122734 1.31798272889342 -2.93654085081852 -8.48489944751582 -5.05827473918505 0.626467879990571 -2.99240109086557 -2.54407824419308 -2.66573082397463 4.43304589119788 3.63885482643465 -3.11652793027322 6.63113336133512
5.70763874467702 -1.79430542264967 6.27093500503724 18.4075668689091 -1.3962230116509 2.2384425919128 3.691104969324 3.5399834808419 -2.87839599187811 -3.05105485353095 -5.83415463749887 -3.52273104272769 1.06709343187784 6.37878618542198 -1.1551872678067 -19.1299276543724
5.33506393777195 -5.16547833530244 3.395403462401 8.75785795494894 -26.701436176633 -3.23700773694418 1.22458851227717 -3.2105569358511 -0.861110432398022 -2.3163079140366 -3.88351551708595 -2.24122795065126 5.63538839404371 -2.45252643290122 0.189250099244444 0.0896227110007852
10.9903161487561 -5.57238595543834 -21.196744129712 20.5068719066398 0.366843780892584 -1.63860229741024 8.12361518590179 2.58022688348026 1.06720602560187 1.60238212826738 -0.0988747383484396 -6.30812381942596 1.45015971170683 3.64677332814959 -0.767874252107039 7.34746672925751
7.23402392718736 -3.16626188567196 2.33911458380584 12.3239898855944 -1.77051822801826 1.33824706651623 2.73421595831148 -0.598521083663383 0.939000496731285 2.01005538332367 -30.146742413964 2.11450925045343 4.52178625053802 2.73954474167019 2.56645089487221 5.89922989884116
7.39386233074215 -1.28858988783467 6.15810616662656 21.748238501409 -2.06868484560372 3.856300738908 2.99379119134097 -1.8214618805358 0.867721609373609 -1.13940868111347 -1.64074124644335 -3.57031169157182 7.746459753267 2.40200718335739 -1.13509431804203 -18.8748421965183
0.759584395205725 -4.13464493986837 0.637251893970844 8.41964230835767 -23.7205643976701 -1.52077864353904 8.62743985675898 -3.69890224140433 -2.95199487657798 -4.88667552108705 -2.29156930966013 -5.4727374502557 6.3012891120087 0.052078521069705 -0.788055738125008 4.51598552328774
3.24092114877924 -6.44894330357009 1.34793583707293 11.6068968298716 1.08933264361634 -5.29662869482749 -2.99730546822207 -6.85743059737911 1.84558247888725 -22.8325703458883 -1.19223653332776 -0.312270508043737 2.3761266639291 4.81567267493881 -2.03630029921485 4.68237256914134
2.67446389283923 -5.46126450170829 5.32850435343947 17.0984883635122 -3.52103860682482 2.97530109375926 0.837092939114316 -5.18355403014769 -3.91995949833626 -1.1652354546086 -1.87452572360404 -7.11415788678356 6.12740949284833 -27.2354133113802 -1.00417948590328 2.54237140503201
7.26752029119385 -4.2130500121197 -0.099737390558273 15.2932271976528 -0.403854305713121 2.57288091766824 4.48326384724682 -1.27693502035355 -1.86051123857787 -3.47355271818752 -5.508316798002 -1.649610549636 -17.0765721140806 7.23890389628179 -3.29258897418015 4.61798386601256
4.57060009195932 0.581365758903623 6.1596716730804 14.4014815669499 1.57804885510651 2.02151531933 -19.6397833379742 1.15250086047665 -0.610867243506312 1.5232004615323 -2.82935193941858 -1.57296491020841 6.46578841079724 12.588281487168 2.1224530066646 4.51944364694195
5.45756037185974 -2.57958735039796 -17.5877612137384 21.4977751706251 2.46020319766857 4.26825944650952 -2.06007574363505 -4.12785914691402 1.16010878871431 2.43307194258943 -8.99022446983335 -1.38989006786548 0.352484332691348 4.83821135393576 -1.87546866130288 1.448016668352
4.34521014953417 -2.90341484310114 -2.57444290799599 17.8765573890732 2.78072729245981 1.74467593654408 1.05940316594575 -1.83498443471039 1.1879685091029 0.237035825362269 -0.647287623488693 -3.11626459357065 4.67442024651598 -18.7957554296882 -1.63048241740708 6.95096088828686
8.99089033634023 8.68972189370611 5.3251749650161 -0.796308863658097 0.819869040624476 10.33418152975 9.49081698571461 1.27147822069146 -1.52523962363868 2.21843351091591 3.37387571198872 5.23559744583707 5.08545484718892 -1.11629786767569 2.14450800785126 5.94655749160728
-0.54303917722847 -3.20537528087216 4.64266753822397 12.5111464349717 -1.34991252767867 -4.69133084716342 -3.43800239060996 0.202226473073146 3.18928338668299 1.11476707726154 -5.03163656053032 -2.82936007631044 11.6280378589483 1.26324322968509 -22.3798605061579 0.279283296708964
1.94405914012867 -4.45641142442955 4.14511786874184 8.72736420064265 -0.0850105230018132 -4.2874834476723 1.89233252905529 -22.0103391311337 4.35241847049857 1.22341562266085 -4.80551466695152 -8.48431141904165 0.209754522993431 4.23474574486072 -1.74275638835357 2.84270041327512
5.7681788816381 -1.83007535527551 5.06733169460029 13.5842674122065 -5.51717151117194 1.47967416785854 -23.7453430548028 -0.18390476676596 -2.59430491919672 4.12729864323973 0.843065821225822 -2.4509880781306 2.44955709445926 5.8012581430686 1.26041831492157 4.61157658683332
4.54582676605098 -5.38777712823624 0.6152904756138 10.5560389472572 4.26423562844716 -3.78308717688584 -3.50343318255454 -24.3978439585874 1.79126381283878 -0.500810170553432 -8.28197819853431 0.180453506074419 1.92697081154357 1.13070282063401 -2.24228068134191 5.40139612452583
3.26486945100542 -5.87130631650288 2.57998803520127 12.4960839691024 0.558944270906211 1.73254665424116 3.9350861762894 -0.14672789772879 -1.0781006460031 3.66202584984919 -7.19188765485419 -23.4427158714138 1.13945632662098 1.21893704991403 -1.79942503138941 -1.00074922521888
12.2182996138581 -4.05204879748509 2.70462636374207 19.2354872797751 -2.45273794712722 0.923904339084486 4.09149795562667 -4.94339522343093 -1.61883583570612 -2.73206495706514 -1.93800930666934 -3.8398886599797 -24.4475292104656 1.1216652809922 0.721324615776744 5.52772537575329
6.30907359325591 1.50314126747251 4.93627413960631 17.7316877437628 1.20843846551331 -5.62793287588748 -19.828243030005 5.13390969160712 4.11500486271467 0.614493824372858 -3.37725203663518 -3.5986832817562 5.6327019724483 3.72479598444798 2.31104981181991 5.70436483254093
7.4413443711465 -4.72043304523664 2.09645840855825 25.5607373945614 -2.4869819798293 4.2054676465346 5.05903101247487 -0.961894085309868 -3.40490197482623 -1.9897740536802 3.43990698296639 -4.29705185782619 3.44476614090462 -0.293867150905303 0.776893810797791 -17.0770216380896
5.43623755198936 -24.012752753467 7.66604911301679 10.3389204786784 4.40367478336665 5.29109794504468 6.54936284720963 1.79753047971853 -0.877946711481734 1.00718360719593 -1.21936696859481 1.20514188131879 6.32939376090806 4.81995855172255 0.0558897764810999 -0.878519719189118
4.30741240762992 -3.76577306172844 4.42045997186694 16.9135159502603 -2.35385865432737 -18.4752906836744 7.36530346203828 0.233964752057938 2.22125802169133 6.61488989585165 -6.02293629369788 3.69304802089996 1.92969735495185 1.37886947913437 1.19208978175084 9.33578430774227
4.84700834865051 -1.26995253851866 4.66213799893543 21.4214630863137 -2.57807429663674 0.304270540076596 6.53417302106007 -0.574206372084152 0.355066391519528 -0.178843452733084 -6.42227182928798 -3.42263120407679 3.9077224523395 -3.51988621161959 0.0506671929174985 -13.7065425105389
4.24913844642033 -4.57070151008613 4.15231111631294 12.3221253475082 -1.14161029614169 0.0930074693782068 4.92063519199012 1.2611177637734 0.477341560240266 3.49641743104414 -6.84882615386601 -22.9344985636025 2.52368254247333 -1.33161865545438 0.211781346950841 4.7179578115492
3.24887996573324 -2.83686458576953 5.75899937705952 10.2997963853952 -2.37905910006068 2.00282181186971 4.40954395746839 0.864552038546306 4.57605674687835 3.61235503005247 -2.96311609280311 -24.6843749816471 3.1371523873356 1.06075038485706 -0.280339682720955 2.85492897838827
7.05606446903824 -28.2561676777647 2.13446399106531 10.692332892909 1.18183858045806 4.55876057520398 4.78602866145255 4.01618900879263 -0.417723926022321 1.86676285158807 -0.548111502876857 3.34146182476966 4.36708694839585 -2.57579774529711 0.107827471092323 3.08908062802333
8.32022570001873 -0.996054516156755 3.46628217022894 17.7083835238381 -1.55336363479562 3.31995718071088 3.37520076129932 -2.01540659040191 -1.60880153651019 2.04631184575704 -1.97608325112465 -2.30860955078832 -21.642988766266 -1.48996861867609 0.961498046078456 6.27082947755225
4.25587807590126 1.94648369832761 6.98768898361328 14.4758187400581 -1.59517423714681 -17.9107499193878 -1.15270042981902 8.27556461813219 6.31293898899809 3.27018887978362 0.512596055339216 0.257824473858929 -2.11179260106254 -2.61104002176096 3.832883294222 4.64592230197507
0.755918240101518 -6.96246878291737 1.39814525552029 4.39445725955047 -0.295900260179185 5.17614550513031 7.27192341039205 -2.32188637104588 0.096000484367754 4.30917079632305 -26.750460290611 3.39841366830556 -0.902196399461573 -0.543950951220154 7.76677899160798 6.96173677857439
5.32765491752019 -6.07162738678956 5.22293350565859 16.5019399243438 -1.15093281760745 0.162624043170846 1.08679482547891 0.109661813646684 0.170895065027034 -25.5985001014241 -0.232479737598448 -5.39442324928017 3.86836433415131 1.5569834915102 2.94267920701704 5.89157900385228
4.45852693348022 -2.55074313280271 2.05433839867028 20.0414836266015 0.0759652261339026 0.310948238597351 2.20938736549472 1.92450323090977 -0.163935820991674 -2.38840511909442 -5.77697461076428 -4.02397225043381 5.21565661349857 1.61659341938059 -1.15008653024937 -15.6821417887083
8.19702886896491 -0.267145477419152 -20.9161311104855 20.6286362874877 2.79753921819618 4.2361256131363 0.188687728142586 -3.57611863845861 0.740742539204258 5.7562818881151 0.384467495623541 -7.85819620311358 6.12661414756608 5.00730120274739 -3.56339170701314 8.28364978701888
3.07926623267669 -8.43408395902002 3.13501355325476 9.22605337065265 2.67755902077586 -5.53856509243233 -1.61118143978286 -1.2271601822412 -0.638739674944229 -1.89850660204773 -1.24972041202854 -27.1953376729079 -0.250669432692573 5.86686986062364 3.37712465587171 2.24961488733862
5.62939790035188 -32.5803914409261 3.62232324531775 11.4389247421746 2.88158250550578 7.75571699033962 8.20056805869337 6.49298722664785 2.62197850843425 0.35435423705146 0.988250127434291 0.153923216857666 -0.307610583573267 5.46242465889997 0.449374533639991 7.77664289623215
7.13661651841578 -6.21342224056656 6.27859571841265 19.3669445045602 -1.35429671735632 4.35561873411944 3.79955504622739 -5.75576800957884 -0.100578833381081 6.41390075014588 -4.28570235433652 -0.0888136709256133 2.85425374651896 1.4919046091231 -2.06098430699245 -21.9917790422708
2.74313396828594 -21.718438568967 2.87555682736946 10.3226460990733 0.0177981538908158 2.97385080107451 2.98716852672955 0.116501837404397 -0.581231686738606 0.382888562940096 -1.93062147313776 1.57965806684756 3.84354702057069 2.52819234202493 0.984496937016749 4.96096312374957
2.51219575044789 -1.61841150337927 -0.367615032835388 17.2085308003688 1.7741458812774 -0.0154665941068088 1.92066169942093 0.527644406558363 -1.96053240790265 1.86351037619177 -0.864269696667524 -5.98410603396628 0.914759725383936 -23.7540415925394 -1.89429854031362 6.95248013045497
3.11134897130765 8.31974143571876 6.68674375817955 1.52496205034973 8.32374146517792 12.0862690347483 8.11672784730461 0.437230863530495 0.0029809746996502 0.399331406040153 5.16147389851665 0.377438710406663 9.33734096603505 -1.59405979852684 5.18350251180098 8.80525491769638
3.63784894796949 -5.05963314933249 4.97603222288126 10.459159014802 0.999702161797483 0.872882679589896 -0.529123579347644 -1.88812648555916 0.306447538028654 -23.1993500104693 -3.33800897957447 -2.30652068765613 4.21956691650426 0.968321797766595 -5.44866946049605 4.74167091360317
5.51109193409119 0.0115044681709224 2.8201017832088 15.6441974191012 -0.67113779557092 -0.45851096790823 -22.0638506058378 2.19376038756539 1.54603859571036 6.75147351159598 -1.93921691635445 -0.18427257291789 8.15205687210694 6.07621672628488 -0.857637602920071 3.43339641556974
5.02981500247979 8.10591923284294 8.48386411080223 -0.497414144876478 -0.778930344459331 10.0275646143304 4.60458630898147 -0.284513265915144 0.0477202806556308 1.13277265371463 6.8753522558166 -0.171795086863924 4.4780665358096 1.51044382478673 1.59994225055741 6.9400477434167
4.54639884936185 -6.77784675561131 7.5853307216866 14.799060699311 -3.56978542537838 1.49926437055398 1.02419045272403 -2.15114998785137 -0.0191091924470035 -1.53758743325628 -4.34886969206093 -3.98979121792453 -1.98409402243922 -28.4912165375301 0.877957051447803 9.19153653403247
5.81447605499682 -2.02917286813311 10.1408903794041 14.6032556538308 0.821684765696285 2.74184003767662 -19.2857334612888 0.688843602079744 -2.14310402040672 4.40941243214088 1.17795957730355 -3.25543134125157 8.21724818295037 8.19701729424551 -0.976501511876527 8.72720602765984
4.78094559243456 -26.4937074613959 4.16724868178003 10.4517069533058 2.56188234997214 3.44879472717627 4.19148041222309 -0.15897976486798 0.849198566345043 3.02966861933029 3.35288243011998 1.17949526237389 3.0215561490034 0.376421480390557 2.15820197904333 0.668510774569443
2.88154740791154 -1.59183867064996 9.39551253270733 20.5793685811565 -1.17147950236936 0.797986237699369 -0.351912666642347 -2.42036827690333 1.66837104982841 1.83857085491515 -4.51479089366665 -3.37438522701735 -17.4861061463845 -1.50387077027299 -3.35549986544071 5.01761272982845
6.98005942429431 5.72313426575289 8.77892592807159 -1.35946147167861 1.05514911342178 6.91836675800364 6.4587200657307 1.59163522936592 -0.176945610033793 2.12418425205716 2.81020052453852 2.05281449203995 4.90239392354144 5.53718472252685 1.94571388396593 8.09291936465314
-6.42545246745912 -4.8979776395045 -11.8574056098481 -2.51710547501998 -4.34047860544112 -3.42393051399194 -6.6031520254518 -4.35738055059479 -7.80744498145632 -2.58403500063453 -1.93610180653093 -3.16855653647026 -3.51698122601218 0.260252349034272 -3.30721017382764 -11.5730055577615
0.139427523654436 5.36229436553893 5.99494074787498 0.396914836962574 2.56555445272947 -0.693042314597087 5.45670547607375 0.971500882338198 2.91018743102565 -0.482819521378491 8.61817753505599 -3.32795805054515 9.69666943919448 4.36729913953575 -0.71887108290183 1.7657165951338
5.37874106526928 -3.34314373019519 7.2912016684842 20.4553848855115 -2.3560063970882 3.04403574052768 3.74502785102133 -4.34026460384469 -2.27522657749029 2.42771859708767 -5.10318895021712 -3.47835820161251 -24.0698037621504 2.09672298281211 -2.16050567604489 5.60710255810484
-6.02926080389713 -3.68072461599791 -10.4524166011833 -5.17362059817963 -1.59833279425623 -2.37170041550661 -3.74008803433998 2.16084302755714 6.58477020991322 -0.0953566958664176 -2.16024608117108 -4.10324502607682 -5.63592335195258 -3.24390817910165 2.15025666876225 -10.2913110628388
-2.27798492373661 -7.69649209808388 7.67176423534978 9.11411881151871 2.89225247092289 -4.2483850931008 6.58847743631803 -23.4338066586327 1.9062909317378 3.3176825405722 -2.51931222900047 -8.04046908345997 0.195246437208489 1.82280467965773 -3.08342825074616 0.407031702768654
7.53670884491496 -7.18935763793993 3.61497432377827 18.3169801822768 -4.25579419631454 0.14967523958172 3.60105841348137 -1.83252088375479 -4.08963118984477 0.485082483550113 -3.86931914093532 -2.712653483389 6.50179389843744 -18.0066419246134 -4.3147676062829 5.32666625395595
3.28281958312446 -8.84152154613359 2.45069545394669 12.2709378285827 -25.9621785062357 -3.26750413780226 2.20787826657951 1.67910000534282 -1.85246382814644 -2.3078233632955 -2.37793611260807 -3.54226728511301 3.14019134989623 -0.909084680158069 3.29163741342863 1.4619050810164
2.27748568830774 -7.44698925335817 10.0407435295459 15.7331355409064 2.9687789869657 3.75558638131521 5.04002154030567 -2.12725833300392 4.07122499985719 2.04196187507988 -4.1108515529966 -6.62543310741035 2.59048693664437 -0.00134306896549852 -27.4037086732747 3.55978232983083
4.67643428735352 -23.4922582426877 4.96414831613074 10.4420362671037 3.79552975113913 3.6718136962167 2.9491147968836 3.36357094593436 1.44057526127896 3.98717657523924 4.18320213392628 0.434715862952287 5.29663534855171 3.68359677693126 0.495338198514994 0.39027705887501
9.62263574687831 -1.13562510173179 5.59480614175918 13.0425716471919 -0.102487285098791 -17.0688087306279 3.93096754945721 0.840942854117471 -0.874343141488499 3.90897292350692 -4.61047890519992 -1.2432625430273 1.29048974498287 0.769111107066369 4.95751551719003 7.28624367718934
3.40569078620123 -24.3730582034949 6.30878961377288 10.2630213685494 -4.47792604117262 3.36592297521271 1.41364112707679 1.07783739308485 -2.17755721628182 2.03723761464649 4.2602202004759 -0.775799416036227 7.02908741678081 -2.11174912172803 0.642782158398968 7.83455406043089
6.7293512108103 -3.83531099078941 6.8713958286252 13.7884741739966 1.26424766707542 -3.29772815746525 -21.5823477622659 -0.154486310147058 2.12129326332489 6.64903684694232 -3.70734247030799 -2.53556314715018 3.85614437893498 6.86258026084547 5.79797385208364 2.78040905493608
6.56308708265503 0.441297630469471 3.07967360495 17.9732097427331 0.918117242519552 -0.865308108081286 -20.8801138859257 1.3242325921115 1.35731877128932 -0.685077562471401 -3.40458599236709 -0.79477069295108 4.76346845792912 1.40685699262858 6.9989280165133 4.63979602160582
-0.236215807679682 -9.21725273003478 0.400014151594993 11.9559081877538 2.7992973381952 1.17904733391501 -0.722980108455124 -6.46621987573325 -29.7050762572429 5.33109227981309 -4.90204740090079 -4.12207026929881 2.60950562894272 0.141881534362244 -1.25634230860922 0.983933835835476
4.37209447773849 3.43913684987759 9.98468739827967 14.7171752926071 3.7128768675799 4.0453810024844 -18.978279065779 -0.00771456519884683 4.96715830374877 0.291812128875527 -3.32398869666088 -3.06798028704496 8.04938856149356 0.117151030760589 -0.913091018902167 6.66101794685272
1.77137854477434 -7.17570408951972 5.85796117841771 18.1976780107417 -0.0597698106497045 -0.538883669019172 1.93277348564433 3.17961862104327 7.34996590533949 -0.208828968107342 -1.41558056909923 -21.3371862319513 2.89116501369666 6.0877585095596 -3.17638725819946 1.46242015731491
2.378841214499 -2.49789915136276 3.39875395748867 15.4349669086671 0.133912155527095 4.31730324285021 0.0389837914437453 -1.97719980162738 3.84119191241708 -24.8334102613829 -2.4800071772399 -4.00476505212215 1.82410094151164 3.38311236284448 -6.15524662802677 4.59482031902575
4.86662651267867 -7.93451363049609 -3.19891986479356 14.0562456340666 -2.68828725179262 -7.11748449508006 2.99551186980295 -4.43410632675535 -25.134421808512 -1.69664513570397 4.48976764222232 -3.37984560391882 1.26770384063325 0.170634076460924 -3.69729494593609 8.78285254480684
6.49519308606303 -4.45872344422715 5.83015518067483 18.5567330366117 -3.21042066142586 1.80450578644914 2.84710949482165 -4.59316614115049 0.501434488385993 -3.61520117978975 -2.92936633934227 -7.07339437876253 7.10562959298761 -22.4018248309559 -0.632108013632146 4.90131156071916
3.57286347620622 -5.33655028349541 2.15068282693211 13.0288458690499 1.76710750616374 2.54462586566433 -0.359183122224023 -5.32450396203079 -6.20984052811931 -20.7932551649844 -5.24170832405022 -4.84137350072931 0.821409728722231 1.43337740446803 -1.92215044787623 6.93114523561749
6.96003131095473 -5.66657479249185 0.929993202982928 11.8846995104051 2.25197660756424 -0.944685244555665 3.01024885874518 -26.8474475816133 -3.71161459693955 -0.978350781810115 -2.90054983076114 -4.06378149893035 8.17034866837205 3.02775279366071 1.34285539113642 5.99240438660788
3.99801245519832 -25.1645494108639 1.41724355084688 9.2682743529198 -1.72843337506536 6.85804787838968 0.203911012699215 -0.0403709926334291 -2.3994313474556 -4.48723519866822 9.22773886411047 -0.0563567187663112 5.4857319935491 -0.800328603159414 2.75480880564397 2.21975627688596
3.20205158701006 -24.8077800182687 5.67749362607683 10.7376256527905 -1.11439687105203 1.85347301531687 2.33545389806629 -4.60702395845187 1.63688236279437 -3.95550264569681 6.9082089365363 0.419300066423928 0.545688498992658 0.782268296153708 0.8623268256044 5.81724686823098
0.00117789219043063 -23.2881125643241 1.1728732473614 12.1233169644927 2.0155632173491 3.05576030460117 3.09193537943175 -1.75012268300113 -0.204245030822591 -2.84361562616102 11.2071590916529 4.20671011130351 0.251825566330632 4.64623029447854 3.49083076400637 1.40738771351584
2.32670879819055 -8.07733004591705 4.45923129324244 13.8247255693739 -24.4141006427731 -3.18826725468372 2.47262237111392 -2.46526125349882 0.0131741229094178 -0.121601134602849 -2.28337015835167 -2.78179939633031 0.989579160128349 5.4620490196236 -1.52445440297805 3.69572158687503
-4.65024309479236 -7.22808515232292 -6.22929249626097 1.3437065277785 -6.86259690279191 -6.57353659209168 -7.99725073826465 2.20845280206047 -4.02470658505002 1.85763091766964 -2.12742382403341 -6.28929401431957 -0.429502182972779 -8.38415242122817 -0.22365924956529 -1.72586691578621
7.03709970769643 -4.32609164168838 7.0697065006057 19.4879944486687 -0.707787807520277 -22.6568873150766 10.5806323947487 2.38827200165125 -6.65533271587525 5.58453966339026 -1.40778598569677 0.82132911871681 1.63224453452605 2.59002739612846 1.67830027070893 6.94288328148411
6.60519224183397 -7.56659698487308 2.04046422117403 16.9123411040168 0.641799887387033 0.677165166748215 -0.470243714945723 2.84198651991972 -29.1815080338075 2.56624320069011 -4.51370144116378 0.485933285475633 2.66084696400636 2.18470593897322 -2.78323956695245 1.32670979891091
8.24817106795726 -1.86991996085654 3.87356428760892 19.6262463198267 -2.80285346504432 2.59618555832791 2.85600170899312 -2.13855663574357 -2.22164694562542 -2.70961503436783 -6.10952042154092 -2.74278497406152 -23.0522029231597 -1.79621001087987 0.859631211147286 4.13464222459132
1.72462550903131 -6.57692711037964 2.01672254580029 11.0279195862485 2.75869510268451 -0.831898909467689 2.10011301381957 0.479614383541381 2.56036963527527 3.18319230634187 -6.84119337003077 -5.55062703949913 -0.753885127573721 2.73461269619493 -22.2521790940083 3.79323062888615
3.29607781540972 -4.00142387272499 2.61276056695183 9.73473925578452 -0.330392364665278 -3.55770587789035 -1.20459790222286 -25.6271802790802 0.296950873618112 1.64601994510438 -5.39889970812179 -1.32535297649328 3.47721976068018 1.51847056878575 -0.477020044073713 4.55805732581077
4.8196449989184 -9.01686967487728 0.811729954149334 16.1125324316587 -23.9698479362395 1.7747888689846 -2.49820965327677 -2.07253027754252 -0.631743015642877 -0.728035945161289 -1.02308807243349 -1.8938802978176 5.56228063041207 2.40466464754749 -0.49377941680248 5.72040881766667
2.72094705163732 -6.25212320033479 1.00726829025368 16.6643467752174 -22.5859979455821 -0.98694435099667 -2.62111520434058 -4.42036882856284 0.572221958575095 -1.60594119341005 -6.49146189416053 -3.66308399315489 4.45679519613038 -0.18021239491128 -7.39907743864677 4.79278595153826
4.17502039948267 -4.74182251316975 2.16039995314465 12.9573030282406 0.51636237213709 0.368003507262433 1.97609498244454 -26.1510796975858 -0.887960636962727 -5.41074777173397 -4.74821614251493 -2.22316198952931 0.373100182442778 -2.28831408101939 1.1651864270487 1.21235449609572
7.72156882796833 -0.626705768268275 2.55128527568019 16.9060383616147 -0.704800447508439 2.10287272768052 2.68357291408838 0.353179687328404 -2.48625373137694 4.55749033596995 -4.60594458969488 -2.51646943613402 -24.0762705893102 1.28548585515152 -1.16353922823996 9.09623277229382
5.4928893774045 -1.49610210166 7.076712018362 19.1147334193536 -0.828388559066896 3.67285822651879 5.40948880712832 -2.24615875884364 -0.506828725303603 -2.75707776223694 -2.57457779365274 -2.76888490903486 6.14110091095149 -2.771115520331 -0.263017180289449 -13.4175035093138
1.96776543393546 6.37149725752216 8.26634053678562 -0.222105253746682 -1.29922933556235 6.18436710178379 6.83313641606474 2.41704192623423 1.86262688997988 2.20010563308208 6.89766116783401 -3.00396283910349 10.027485492686 2.80972633206697 3.52024688335301 4.0817095177022
9.532550738978 -0.260133648230644 -19.2013750237988 18.9682090591823 -1.4909302887528 -5.80917841363824 6.06910879505306 -3.16570478809704 0.684673952284226 -3.65278798594162 -7.58221864314182 -2.70292822669856 6.40256539296545 5.37169953082968 0.560559100270033 8.55937775518423
7.54061056225183 -4.60382401543769 4.38909519751707 14.7638010574053 -0.208492035714885 -0.738566504797387 3.65111123437088 -0.429510560115016 -2.1268145724199 -18.8879937123076 -4.32403946989291 -4.3595590646755 1.62440738150782 4.76408732977631 -1.03052797139154 7.71411745718754
4.15904571887898 0.0118373447335438 5.94987522298194 20.4912550679553 -1.73463869745875 2.61882981741683 2.13696820395526 -1.33833699651888 -0.228506974628642 1.55432898488999 -0.394402732747903 -3.53302732100124 -20.6644818141882 -1.52652296276133 -1.39737424113809 8.59754924425476
0.719031480641846 -5.0281470572295 -0.921655066043755 13.1303778675799 2.0293203977988 2.68951501154807 1.44667484145089 4.58189468182791 -0.0282679716357755 1.30189385384829 -25.2081015768138 4.12220812858716 2.38881780666888 -0.550266159197736 -4.65661384500699 1.2686647163792
2.36448415463868 -5.32109870467168 5.62848171084846 15.5790156657971 -1.76631059873822 0.817573463027935 2.42023181298647 -3.56141093718517 -2.05544513122455 -2.65803603538565 -1.16901757405752 -2.77728710059555 -19.6229393353114 2.66941534867456 3.93235120002506 3.83337153406905
2.4594137938713 -2.13768975352624 6.82444826889515 14.6831105148909 -1.24775090415379 2.181049309967 5.74479140438878 2.46994178634028 -25.2982901306664 -3.80148266670841 -2.03218527020474 -4.54045868649026 5.39387163723 -0.90048676481447 -0.718014228506525 1.45003601343744
-6.61671983082359 -6.10393383895114 -8.19636336530026 2.43460353427345 -1.41072425168318 -5.59632929065002 -1.78551941462196 -0.949996428989629 -6.49839757029995 -2.85753952626613 -3.9569080096568 0.207914412858279 -9.67899042038259 -0.826226847973695 -1.81864131965253 -1.1833712958351
10.9555241050137 -1.26640517768051 3.21389246947661 14.4535001745748 -0.0997052155432363 3.89832955515426 3.29666608299149 -3.99150423940814 3.74245754283325 -0.641516540756418 -3.98541486235307 -2.10784906268827 1.80980534100111 -19.2947407685912 -1.6239173693083 7.52912766763476
7.7089462981077 -2.6360707815269 -3.03391203044466 11.9096823210349 -3.79669696862316 1.08810980383606 0.521814597853177 -2.04698480049045 -2.09295384612102 -1.61796692145642 -2.70901327841049 -2.42488612199288 4.35753250891092 -19.7600513401035 1.05764783051102 3.36803386571444
2.36656291209379 -11.7264374164232 4.34718147085689 9.21645007341382 4.83395506869958 6.29031762459178 6.51660416561998 1.27218125980256 2.15054641970671 2.48248747926274 -24.4819768242495 2.42869584122434 0.272550875155725 1.48885606936088 0.966844477311941 2.77537547905283
-0.294523743754886 -4.23464191979571 2.53877259966593 10.4363623260872 0.176436057510415 -1.52239734099976 8.21586411760194 -30.9316324601573 -3.86515794954158 2.57075442612897 -3.74742920694852 -8.41766510860849 4.59572065428926 3.81207529966274 6.78743053530597 6.79804862617585
4.45689959038586 -6.33307578015243 3.83266493661028 10.4433427064928 -0.10653906788541 -1.25772543225215 6.88604633613254 0.28004491745391 0.854822822983392 -0.66974462853926 -5.76036079873354 -22.1273427011231 -1.94523300059263 0.276520938803063 -6.03077188860982 -1.48179582099558
-2.06055730887425 -8.20375590172412 -3.9933114833036 0.889068447035339 2.42432395060697 -11.3136900469341 -3.45654963588618 -0.878763084330993 3.31662066909406 -4.18533546103743 -12.708823211903 -0.206572597680901 -6.5596316860882 -2.563160040164 -0.29922811910212 -11.143747301985
2.5934739866029 -8.11500090411936 3.72863546215796 9.85961131892734 1.26117350406581 1.64889594462774 -2.0025954291044 2.52419520537327 -23.309273875505 -4.39948684733662 -7.36435586548862 2.28151115038053 6.38116734887294 2.6931999463572 -2.12238096721042 5.75273724733738
8.20036145787949 -1.43960856730192 4.08988695380709 19.6484087445496 1.0962069881338 2.0566913022 1.65136129185592 -1.36950015440309 -5.27379922771912 7.57929786004769 -1.91243958650137 -4.96989202197929 5.06216409015392 -0.229850487886894 1.08617320593038 -16.9815975933543
3.93883981353312 6.98047237706633 1.52185398133659 -2.04195546056327 -0.863582050600399 4.40222301237676 5.49010415309903 0.865214842531112 1.60536892255281 -1.16832444488629 1.64750871936633 4.87532562886196 5.62563185341094 0.553350182424959 2.9356990517834 7.45229645201392
1.07514511742755 -8.06042519146851 0.606260343135184 12.3006402819809 -2.23567259678964 1.63169595447407 2.53853478378073 3.68114740832531 -0.925837180727495 1.41585619507212 -24.9818649999501 0.50968526315646 1.00884442058264 -1.04039182839967 1.05043564092288 3.11432935620515
4.13813286676384 -26.0733682732475 4.69593911239218 8.47444686382844 0.371104926491393 5.58437822799045 8.09545712681413 2.54601733664388 -0.660416047278596 -2.3486288833141 2.65525571946964 -0.105950948544921 0.872403932094571 2.6409420838057 0.534304243431483 8.83842369461604
7.39146682815826 -5.06049842070027 6.03869667263992 10.1680710887469 -1.12588145439764 -1.76945687943413 1.56895591268698 -1.8232364512982 -0.245561232514037 2.57513250164031 -4.00931922732094 -3.78072733010869 4.669878096487 4.43953614938851 -26.5006435389472 4.82413727933785
10.0624227455825 -3.38110339740896 10.4111477402458 15.5770071291385 0.645959035031992 4.49080279466779 2.59227086862154 -3.40612374900372 -4.08984705630231 4.3183958358352 -24.3663028050595 -3.08703609439446 7.4148683756053 -1.46946648325388 6.62826209921859 3.90066240858679
8.28144830299884 -1.11620683065929 7.17062742460886 14.9726913253142 -2.8579574524691 0.718754082483612 3.18296545142778 -0.28536064361437 -1.07293485298745 0.620683649147447 -6.18652286406479 -2.87843030310309 -15.4826709738068 0.679172674231292 0.637051523713053 8.41701722608479
6.43387652254206 -2.66694658648359 4.44803420945363 17.6246517395556 1.92593917071728 0.517295491194469 -24.3382719820188 2.28025144981128 2.02265153489507 3.52068891874704 -1.28603717373073 -5.63262251292617 5.22676348253677 4.86141536272291 1.2909106285337 6.99136528367653
7.78719652253082 -5.52734173473467 6.90051431564457 17.3888157130707 -1.96388555160364 -20.1487692485826 12.3849387321508 0.394440577080896 -0.773445867894858 1.02292239939449 -2.63036440509522 1.04375848763627 4.47923203561036 3.55609696349526 1.96330883364564 9.5500561892504
9.34083919410526 -5.23714542770232 2.77373688945446 17.5389545681295 -1.97883498814309 0.548825734239907 3.28751056893747 -2.02919026291522 4.35869099810504 0.0531510119590169 0.237303800243342 -1.8740666766062 -19.807175579845 4.28975748238526 -1.11983320692752 5.03592365191082
7.98157016821598 -1.84738600193504 4.41561254799541 23.1073097179913 -0.450591969523507 2.23282947773525 2.35031006138168 -2.96144640209039 -4.43481151880093 -3.09851615421733 -4.06369652759131 -4.21573494860867 -25.3850776577358 2.87570819148311 -1.39349696757049 6.96582432386116
1.38123639378566 -0.873632232263222 3.48337511409297 17.1167984421455 0.117281823519417 1.05978098714058 1.02648460523927 -3.16863716438893 -2.84325814011986 0.559491051444072 -1.70904280319308 -2.65403203158672 -19.5423590186911 1.38343436316203 -6.84316260397005 5.76561306273335
5.1125581259629 -1.09886941303437 -17.915532272761 19.6422809893101 -1.07755022839065 2.40581157909025 2.57156829115135 0.111848785584761 0.753265332399443 -3.56931840233512 3.50681939704443 -3.72619181254936 0.906567183819508 3.88026661099516 0.553761459927768 4.87105865585804
5.60866765368265 -4.13260262279925 7.86170892106224 16.1222092998819 -2.42029874094134 -1.0056533466463 4.65046336974487 -2.8992341458029 -3.01848514970469 -1.80042404778987 -2.28248919933788 -1.6467439750063 -26.4087375832932 -2.43399337378007 3.00162554809838 6.13236392535801
4.7240972647148 -5.92362174444492 6.83538902229284 12.9026385234368 0.647383404501688 0.810241910410197 1.39137569726204 -6.17687825409975 2.79485161602698 -21.5846020126751 -4.17426431995389 -0.669054041319976 6.76624720990496 4.43967971243372 0.152093555604815 4.75516507704517
3.23594539637404 -8.04134058045464 3.65712871426869 12.5823699607368 0.767852778668308 -0.508138050465289 -1.66440046842419 -4.64350945400058 0.593776385467906 -1.64841815788817 -6.29468394330101 -5.4859868994429 3.00657494714291 0.784297333637831 -25.1102628003117 3.71781401770951
5.05420024383581 -6.28545361166825 5.29676464555759 11.812485971914 -1.8864264472643 1.24624443688981 -0.366975086114081 -5.26490059015197 5.75715947681033 -21.5749322416845 -1.87467654343087 -10.670256020552 6.90341141484449 2.27683012339365 -3.73524676077349 2.74499352708122
4.73262533537888 1.29153535643081 2.92002665554902 14.4259823676536 -23.3481367473927 -0.628476181788347 0.000658668454146749 -3.8849695401329 -1.06554723218069 -0.255489105879215 -0.882899218552591 -1.87190478925015 0.633951161336471 -2.08864204899843 -6.41215764077834 -0.396117701827889
3.30816637565972 -7.34423902297316 4.77797816129874 8.35432311541192 2.33102703389555 4.38156755740689 4.34261289845244 0.803970489474676 -0.928491992292374 5.26159976434413 -24.7409401264356 -0.935706201619059 1.34098096382298 0.0994364639014396 2.27258078070366 4.78026734007008
0.837647880349697 -6.13103353735898 3.31031347854085 9.8647167378571 -24.3306617110565 0.53391551512996 4.31057829045835 -0.924972012953925 -3.7109035213283 2.22452027303319 -6.1550386005746 -1.38592528738309 -0.314042563213752 3.74043597561776 -0.424972160611781 0.759038226534417
-1.20385361758129 -4.61984673375303 2.7355050417314 19.7530151182363 -1.27061565545259 2.36360503605295 6.61942571363366 -3.62809431605894 -1.76214599957183 0.51646382382013 -4.49339734757783 -2.31309388013659 -18.9881927647907 -1.39208833317941 6.83166500986908 7.50139621577982
8.26949697683681 -1.96680319203769 3.56791638248283 6.2522225708085 0.761227732740678 -0.659254095204921 3.70960854436499 -22.2145829289923 -1.50065001563328 -7.95619605786124 -8.4548552376736 -3.08049446781267 0.830679697430862 3.99833814987287 1.90163898251415 3.69338151719444
4.16935844901901 -0.565358676566673 0.155892869574195 19.9705344524128 -0.0178352144912965 0.609628592357986 3.77602855488064 -0.223303025341315 -0.734988361416097 2.12937791788888 0.192569886367241 -3.55150889998543 -18.990427127311 -0.800112614500947 -3.4220188099934 7.75282945444099
4.73159411635683 -27.8209897052802 3.37933813991803 10.7302190105148 -4.54053176881803 7.10344032646712 2.26058918791452 0.683832897434802 1.44491359972549 3.11131608191657 4.88367380909621 0.888953914800384 2.55315606531685 -1.18600714245183 5.53103083341043 3.95111985343334
-4.39624112188747 -6.12678206232754 -5.02685993868888 -3.25456158460499 3.83286210237352 -7.87600235837041 -6.99901530921705 -2.65173103032495 -2.26742187250266 3.24772298104081 -8.07738402867718 2.10519121434402 -2.04407114511185 2.32550631373527 -3.17165532305026 -5.10003348649421
4.25219179755289 -5.05170579272646 8.4969920374009 6.296142184985 3.05197468840435 1.76411511101388 3.73888809216592 0.482521651551771 0.036265229665955 7.31012035769353 -26.0745593510287 -0.101847588868936 4.03218887421182 2.41751112454624 4.60830104409344 1.6721899196213
4.5223610130644 -25.1342498828288 6.95191066651646 12.3888034082968 -0.961850486732304 1.75935607840667 1.29646695888782 1.85114443047541 1.00581893160128 5.71658530797619 2.94602804189716 1.21778489255285 4.26652118491233 1.53325302754037 4.22675939774724 8.50534498031498
3.88760287303422 -3.4403134969338 0.287492608935477 12.7623401526664 1.90255186690117 -2.27271515813137 3.51000203104905 -1.13020815055534 -1.2302298428029 -22.1738522481079 -5.11928531867752 -6.77301772419324 4.2701698883367 -0.156652348177273 -2.10160914436584 6.18084038992858
3.05749243505977 -6.02886356909778 3.48041114648365 13.1474056328721 -23.1462068272232 0.218073158976741 -0.0589012828005141 -4.09465863902092 -0.144854721531519 -2.76712112503483 -6.56799629922137 -2.24898405559735 5.85507647589783 6.56615995044217 1.27444929603107 3.94126799885325
5.53160082290525 -26.792235172137 3.98496107243067 12.4465594115874 5.4051213389029 2.98164129299122 1.80755505280728 -1.2466587188336 1.06875766153461 -7.04140827531721 0.516777545244006 3.14887389389794 0.328851442743658 -0.948465170669065 3.10224210731917 7.58720188557838
7.08593937448438 -0.442205366216757 0.885261129409517 19.7778916366064 -1.02676462121793 1.41863171915573 3.19137042189497 -4.12857986456131 -4.1822928246406 -6.25093651083546 -6.01825422000712 -4.24026598206837 2.82527748881414 5.62076309126703 0.484574578547508 -19.7984844767586
1.79993851984594 -3.94391350182186 4.52580949439151 12.232709869994 0.418287671909159 -1.36210366650541 -0.65726650079659 -27.784881270224 -0.0265563208885142 -0.93708047213485 -2.32273528801886 -3.74506462920052 11.1019563474894 4.57352607116059 1.29545056727353 3.32846925841184
1.85759847244224 -2.74011423041236 7.78391651675937 17.9563965665457 -1.83170434926467 1.98031574657007 2.6538480554922 -4.06820594184004 -0.294959151448719 4.33297418446601 -1.83693397953246 -2.32596072756481 -17.1597067197134 -0.0717026074570699 -0.220064190283981 6.67963510116655
2.96002207878659 -1.14904560890023 -0.254397265655367 11.066182813031 3.55602376072098 -4.35608763718166 1.63470540657023 3.56525559458822 -2.88849276778744 -29.15343725644 -3.56930416882653 -4.74788430900823 5.25003649989847 -0.382144472763249 -1.84306678075125 5.35427312949515
6.34277948307592 -1.39043835190988 6.07414308850635 25.2538596705801 -2.28236443269401 0.00927203521256947 7.71311885070347 -2.83058705726422 0.0250587502432018 0.752869645142358 -1.3678980808712 -0.602861006666322 6.37890875901578 3.81833117261403 0.368352546598952 -15.1660053638924
1.93773149721254 -1.2598687921262 -1.94534057673557 11.9855312638242 -5.38046226098567 -0.968092257547471 1.15797105409313 -1.75943108863387 -4.81813675882543 -0.917533764553354 -3.26257602421127 -3.27386421779078 4.57226696840692 -20.8673018686627 0.416256848849158 2.53639705240331
3.55834758856208 -6.60780136433207 -0.180453909380737 14.5592604063127 0.804684694233466 0.41521056980244 3.06303024509065 0.171672717303005 -22.4966978538659 -0.989594721336124 -14.6051604022608 -2.59614638231841 1.18047313860951 4.28280462810906 -6.13546847137655 1.33154647307425
2.9154206248947 8.51119048637845 7.73298356906081 1.10332249579289 1.10636178388832 10.8840851500306 5.65912872353142 1.38239681969621 -0.686102078404826 0.440771323601542 3.9063942395444 1.5092649221205 2.01679179580244 1.00118146048394 2.11731955252536 4.5416568779306
4.50487402485358 -6.31207861889461 1.18180792102006 14.9447090235622 -25.1450508531804 1.06457004048381 5.04608898854705 -6.24964760073636 -0.28743294639545 -2.02731640484342 -6.26094495270155 -3.86178528769796 3.9383656633808 -1.01688609350833 4.32141738102822 2.92118122264047
6.6132380143318 -5.66753255650927 3.1804127138529 11.6120212250372 -23.6639321462499 0.116401080465638 -0.592543131298612 -3.07322890857921 -2.5208883683717 -3.70486409422751 -6.54259286910076 -3.19879020705167 6.48484550216113 4.98166415507738 -5.46005276861568 3.35435625908508
3.18714683933099 -5.88656723389816 0.902406222123473 14.8496159205888 1.22535835645126 6.35658008889952 0.990505792798589 6.032479812265 -0.348902015377842 2.53032836176294 -23.3532306425222 0.724057318489897 1.30070879088155 3.21097287704673 1.91416008791013 1.49009911698438
3.38864242007731 -4.98981246722676 2.71476940904699 17.0103024043836 1.24580550974549 -2.0637880637329 2.61916470754951 -20.7977909615842 2.1121050817598 1.74333441190922 -2.59683475869604 -3.33787416890573 8.89653978906574 5.66513496930219 1.43187143069503 5.06098063972824
5.93304245331487 -1.60362018627167 5.74083676086991 9.33041992255305 2.30287827094546 7.34077129832249 4.43027197304834 -1.24020004567192 -2.91978178271392 1.20133994638754 -22.8579338149722 0.603055454399011 3.54257151112283 4.60837188276998 -1.63030249760704 4.63907704836532
5.23476779426201 1.33424073934681 3.65964436676167 19.2806955727351 1.07533407729122 2.88016677925958 -18.8296752414061 -1.24019397399901 0.333184480504607 2.74199150728733 -3.94053666694289 -2.26073411904279 0.501379166272837 3.9580387780251 -3.46484765312901 7.96529474798516
3.91802550091281 -7.67799552121128 4.14560847888478 13.3068161890083 -22.379664603812 -5.04677702799832 2.6377462090042 -2.20597085436178 -3.66317284465534 -0.468159035948917 -4.65389986091199 -2.05675479172516 2.70540969397513 5.4896602267865 -1.72595482322189 3.86655703823021
2.24103177537583 -3.04310640875323 2.4972286263398 9.67478083888162 -3.34743628644593 3.09068631673725 3.60690694755193 0.266805979504503 -25.4214713080862 -1.65101198665146 -4.64365641025143 -5.3834991173005 0.571465934122207 0.751866114439969 -3.1510830296122 7.03241396743692
3.43674017743579 -28.6337570176649 3.98834004634103 13.2562018728531 0.713303329731266 5.93842493270614 5.14620647783367 2.76744609845289 -1.39525731679172 11.4617330137508 4.17897233969688 1.01229664016328 4.83110808419459 2.33132960496485 -0.339278738965143 -0.510620392192228
6.10818964364478 -5.65015543885937 3.22732392476985 9.7625275744546 0.855417480610497 -1.59537117031426 -0.601459345002509 1.15606161654494 1.91383534865743 4.57675000638744 -8.36611071002888 -24.9277846657434 5.35524772099946 2.06377385065863 1.77716704758571 5.98923807036153
8.22870699147447 -1.44348413591112 7.84916439154682 19.7745310443191 -0.988635848127692 -2.00444583886599 2.76279723274254 -2.44980599468637 -5.31077269945373 0.202814395770005 0.325861402548214 -7.91076710428591 1.44306423063255 2.78134264714381 0.512298060238518 -17.7014707891459
7.33742142338747 -3.118284236101 1.01012594569857 23.9639902304182 -1.16941110250336 2.66985412513918 4.26157590391218 -2.12827699188139 1.74739491117914 -0.0135132818622102 -2.72188082897817 -5.01446132497 4.42295883568636 -0.275179949003854 0.574273957898889 -17.2645367027294
0.784526476350929 -6.53918883251482 1.94360497812585 7.67371547674143 0.0671514540295454 -7.5214893132336 2.56482896950778 6.41545143775699 -4.39428759578379 1.55138688084916 -1.69574390543118 -24.0228255054771 2.99430183456979 4.31286612373457 0.639035802432312 4.38869317423638
7.34024424895937 -1.00172300399706 0.746778465957317 20.3532977804644 -1.93558666013646 1.76565532196223 3.47580474858261 -2.14274081982282 -0.583786047931322 -1.26842188516781 -2.25659631092306 -2.09046107554592 -21.5427869414259 -6.66857462148305 -4.43448744674514 7.57278333165518
2.12835235430698 -5.39360918368241 0.831491427336812 7.42567206028451 -2.45731989012877 5.08347156619057 4.15148536764223 -1.38491283904554 -3.28015790747934 -0.173473448053084 -21.8574463262972 -0.464675390840893 4.25357663016831 0.941979135298505 4.76417537780512 2.56775171008682
7.69459098532381 0.897617676983324 3.6163558180849 22.7322831318805 -3.0579945319095 7.61549736251234 2.92616064648881 -2.41907698499805 0.441675964471652 0.076749598357041 -4.75949112987309 -2.91669290158946 4.3057660067347 -0.352003926930695 0.34133329322483 -17.8983047603855
6.7155092763673 9.16860149339954 7.63857405227401 0.84269265162372 -1.93572896980174 5.95448650184805 6.14935515201086 0.898190241918598 -0.0916518295474165 2.58932634076507 3.87010456181772 2.9538857152278 -0.319806380497237 3.125173517988 -1.83477908131952 9.98447601038982
7.66616094362601 -3.77315463482118 2.83337847341569 19.6708387303114 -1.22768960181575 3.19490705099024 4.51124159971609 -1.28354575475778 -3.80043699910221 -2.10313826405319 -0.574275837410046 -2.53021990636076 -20.6829172048994 -0.547377409369145 -1.04719038761015 4.56720624172713
-7.47386021245276 -8.81577245915365 -6.41358251152157 1.83681934079798 -0.56504307712093 -2.49530181695154 -8.17210500593995 -2.75750754566311 -0.603370577583191 -0.84671525258184 -7.34710927742403 0.305534350433486 -7.32636534436505 -0.294553755117241 -1.83643856051524 -1.97149561661684
9.01073069211694 -1.51022936246805 5.90348660516477 11.4031510417686 5.24037512284439 -26.773427338754 2.39061929865975 3.28603309350788 -0.772468231863 1.93205427089898 -0.418085511734933 4.18179447833997 6.9091814918657 4.5621826416961 9.09576885056474 2.9522231764796
6.8540053446049 -8.13409168598333 3.76312850503326 15.8199940510082 0.535881115285065 1.40889248091532 -3.15072133082372 -25.1746893074098 -2.08778554203705 2.0929569284221 -4.40362723714712 -5.00920967679064 4.41628737067476 -1.43779916470755 2.10388000754604 3.2094563822683
5.40252579197575 -4.84738043508348 3.65453478325766 14.7483866378169 1.16643484197016 -0.206480973541577 1.38965313098993 1.2483327362697 1.57411924381087 -25.8032851868499 -7.31917014307217 -2.94854427671637 4.56041032281751 1.94307360298202 -2.83268465069671 7.68484912522389
3.23515739357489 -19.4997927545212 3.55975940679884 12.3223667118942 4.01763599575492 1.56698189008137 3.97818391257061 -0.00939298824650636 0.232625028268472 8.17286300879753 5.41306209813092 1.52156801012149 0.440158214831084 -0.425611844203345 3.0704442151875 5.45932066062551
7.0045589072287 -5.46435089353055 2.34633286903046 20.0169123331892 -1.23796752172436 -2.50611467116926 1.29061550897125 0.859458625588804 -8.63143130025311 -4.68207194504601 0.591179654624695 3.20781366997819 2.66440301800411 -1.39791486461671 -1.33861720514504 -18.113368036546
6.33727517276853 -22.449660834485 4.90296483592436 11.036636172881 1.94598955722186 7.74329813291753 3.72461067285766 3.7510465234929 1.19914878018711 -1.60241320177565 -0.377846809303769 1.17636983055494 6.14635660528941 3.12612275443844 -2.54898232482308 8.53806054321992
1.5209740579153 -23.2386884860973 4.23988778232079 9.59828979272438 0.635013239941125 2.66121215853893 4.49321624101751 1.44042077330919 -0.952894462048603 0.28189361872695 2.38836797966885 -0.380091203126029 1.66877859425722 0.616258200593448 1.00146626924785 5.22539811179244
3.98366380223827 -1.21399393613818 3.8611620692865 16.2696022262616 -1.92371925172792 0.341866634555295 6.98482017205037 0.399924772671587 -2.77150276170138 -0.681099826125427 0.0111168895202343 0.517442193147338 -26.0190296520667 2.06295242132787 2.21751052367334 8.66261548428066
4.20946379458496 -7.2459527932786 3.76909365057007 9.87656883130161 -23.3401256452986 1.00632125325381 1.82293109289901 -3.6372803383379 -0.428575960166029 -4.52116795338019 -2.16378851136789 -3.65790447899694 4.29517006275631 8.16330841388955 1.75434747288752 2.82130494540665
9.57309847055609 0.0352155500281386 6.91328792142212 18.8691245254798 -1.58938677799141 5.84162403199375 3.66765354035754 -2.14413992225175 -1.20459848993286 -1.10263190436765 -6.11290772551552 -2.78450094129457 6.42418096922061 -0.456456326357754 0.648918196267613 -17.4649170096199
9.90869343645695 6.20976262169339 7.33635454985567 -0.984475581395025 0.486162768882544 8.04259629448821 7.15958756701382 0.151765691444715 -0.71993577008268 -0.524724706583742 5.0113796290022 4.00623653976259 9.36480377327014 0.0938777134344941 2.63096089870728 0.956553689203005
6.15142459201207 -6.31622902357094 6.40915751982479 19.7967825467031 -0.454317135497934 1.46353338562159 -17.0383213728569 1.4763443371651 -0.00197562249291672 -1.05166880609066 -2.62785027061744 -3.25339322038029 5.67367812357854 3.36012783144327 4.1949046460758 2.97996496047049
3.27279839384396 -5.58187052068482 2.40189075521437 14.4658669088447 -0.0905413019132509 -1.05166092767014 2.23682410615182 0.0631042358860165 -6.31774039563364 -26.3258226699522 -2.8772473055716 -2.20420850828957 1.67791194109801 5.16789335167255 -0.00885432226925675 3.52498950056594
4.21577593802383 -5.89183217009736 7.43622485920183 14.6514283138014 1.53106220712047 -3.99859841879065 1.89419420079234 -2.04189604181361 3.96408149255122 -24.5527245459799 -1.27225413590515 -2.01381998678022 2.588941301171 2.92172443789196 -6.98751347661284 5.11426702142973
11.8181049701506 -7.22678274599372 2.69141499225051 14.0610494082798 -1.89826591010361 -0.253088329758061 2.8394636724753 -1.96045427699434 -1.4803409757903 0.53342634394587 -3.01883609182351 -3.25352932909859 10.0395923074949 -22.831527844672 -2.41007129472376 5.92609453417795
3.38011760868876 -3.89836701888377 4.65859632277505 14.7164934003769 0.979848473900847 2.16081523243141 4.45855414958463 -2.35730411272755 3.04059701387551 -20.0874538098348 -2.93645697681522 -1.06175061531899 4.9551478081822 1.66501050163612 -5.77784905942359 8.53235019875157
5.51787800586738 5.59665535354063 6.444227490682 -2.80020082795288 1.34963693163806 8.13436037556289 3.72939679784819 0.576207020519038 -0.736122545268776 0.722864776075284 -0.221373043813466 2.63880087372048 9.27517855457828 2.21961872577768 2.07920715727195 3.73361660713823
9.25921640702048 -5.34095747427095 3.19428486206987 17.9968892639798 0.455363811727495 -3.56332041065694 4.94602951155555 -4.02155081077734 -2.16370661248316 0.788915241403786 -6.36306042271609 -4.58904407137617 6.31362479784597 -25.8341100033282 1.00173065097822 5.54293705621337
-5.4372854867635 -0.578946861590781 -6.68144010872085 2.25571142694259 1.58061982937765 -2.66240599852416 -8.50639948068195 3.03034401446469 -5.62108788074519 0.800437741314392 -5.2397605248257 -2.65306246746435 -5.16002122597079 -5.78719379111862 2.62370873667204 -2.38919986346845
5.29073465613997 -0.483001231255938 4.50744185402066 15.2063230996879 5.13788805953633 3.25365500061846 -18.0864841586496 2.82849938471554 3.34168415648929 3.04322840090139 -3.23633076735108 -3.28759281241012 8.59936882058516 4.56469150131719 2.33576125136552 3.61350882631124
5.09438889825283 -22.5153148821761 3.89184579274238 10.9792924793207 0.472795172966992 2.67771223596012 4.27671518218657 3.05359065383815 0.739724235466863 -4.29308625191338 -0.447458432526975 4.42283826259212 -3.14113570797074 -4.7049560365959 4.10089808359116 -0.238820862370885
8.90941915927406 -2.48742355668001 6.37225936470883 13.8169181278214 0.892826292900577 -17.3814352799986 3.60226660122753 0.933842705803669 6.58916962545133 -3.27891023983744 -2.19253875599827 2.93409817692724 3.24908844133585 1.9406800962557 3.11997565505706 4.21979889318392
5.77689843382186 -3.20324471140651 4.12944048245872 15.2544414874016 0.838990249778974 -0.21529906596341 -18.953258554953 1.6627630430302 -4.76828752036606 -1.85235930908556 -7.53980758524811 -2.11439098016423 9.70067157178562 4.07104747753854 2.99454194539157 9.42638098208541
5.23084138067608 -6.26522145816444 5.9326766088762 11.4890155991765 3.07210487081688 4.54902592695109 -0.769770786892546 0.714831642363215 2.86333343296528 1.35759194696379 -22.4856691637556 1.44269394451887 0.86979420326975 -0.111539842427097 3.88604490031215 1.78861992855379
6.06320304017644 -1.71726398356554 12.9232750208219 12.6031172244569 1.62438080360468 -19.5376218874503 6.87759954968375 -1.67203600347897 3.58897588786149 4.71760596160087 -5.04168410963755 7.10034409805532 3.41012021633591 5.78954263734013 6.17389464800136 2.38689775271624
7.22416705906253 -5.03668405101913 4.3201835468162 12.3643770449304 0.362081820301121 -23.1486759519541 3.73033724338418 2.05670357314302 1.00270368251468 6.57665980784572 -2.06149771429069 0.0521168112543486 3.75791295166103 5.1525466030779 1.06885469785773 6.34687970729682
-3.96256396950194 -5.33772332211133 -9.67793758253679 3.17694721765517 -5.11014127304575 -8.10432666291245 -6.10764496794635 -0.707303937915505 0.86123368430179 -3.11788976093226 -0.971643542224664 4.7500285950793 -3.59104461626154 -4.84721932971394 0.137667240950754 -8.68751725174754
-0.79132380865607 -8.60636061874166 1.18319421942079 7.93169535344294 -3.30281426063764 3.60214583158797 5.70818592413379 0.746400029309295 1.40890064389206 -0.295171382201592 -24.1419048232973 -0.720055013398951 3.71795123762924 3.32812558252885 3.89864950327484 11.9003220939859
9.77850079607376 -4.97243246258884 5.30846014405644 16.6587110530934 -3.70145437710488 -1.52839847097856 1.63616492550598 -4.93628301405474 0.786260671508952 -3.32397314161669 -6.97982165177823 -1.95311882046818 4.51016641515246 -21.0408703021858 0.782676766873381 2.2793788731553
16.0803733524361 -0.882245627552974 -18.9937894993488 17.1843010198771 -0.424023390238068 1.01021200170149 5.42191761459151 0.176145859885872 1.0799364490593 -6.71401109697842 -3.88831914333743 -5.19774066940552 4.64299077158108 0.389811296498076 -1.62057908409828 9.88715404366707
1.63944749106094 -4.29381715898767 -1.31305210669585 10.5490652152366 -24.9196759450426 0.89716549870732 2.17447803328933 -4.10293800179717 -1.83928437678866 0.20414025521838 -4.10679591900912 -1.58024360935134 2.56289934491873 7.37994499011113 -3.94467202892356 -4.13638301244274
8.26979884680661 -3.88000790216557 7.65747595570801 16.8507488453794 -0.592974248289876 -0.696893451601727 1.53795418640988 -3.57869324323695 -2.4750955343702 0.41006591642754 -1.87657029146948 0.96478161299245 5.32978011258853 -25.9166538974349 -1.09444500141654 4.08464771036949
6.33860850916371 -5.12659107728173 4.01730046781642 21.2794816009926 -1.44348175086594 4.40195058381308 3.96998868184058 -2.06086356395427 -2.38648434011356 -2.38600409786975 1.50269985728968 -6.40043260939826 4.8611119816774 1.75988540109299 0.92536314278177 -18.0010481891952
1.99144745799492 -30.0823115429677 4.44933109132795 12.9652250578789 -0.381585747608496 6.66731400089914 9.0421050010952 1.9749804748932 0.512080110887693 4.24531765187958 3.85913275339357 1.36506125121631 1.05418546815575 2.62349674526945 -2.38854018385392 4.19495183155476
2.10419799326843 -7.64893015191915 -2.26060875106724 9.97472600452835 1.15509823584378 -2.18355908281839 6.36556338279463 -23.1666324815772 0.81774745211422 4.56506408349662 -3.3729296245108 -5.19339876709844 11.0290045966414 1.59225750560146 -1.66162320823554 2.66898468855503
3.93046558228269 -5.7636783995766 3.56763799310381 13.4543441133923 -1.73730223273091 -2.82133142930478 2.51479193570138 -0.790637825163142 -5.41617331118177 -23.378236567678 -1.98455825734575 1.64757917052348 5.14919768158208 1.94595522720361 -3.16679773189746 1.43811543671856
4.70005757015729 -5.44003263091854 3.93602332216811 14.0203916699417 -20.6177330596568 -1.45526706959734 -3.94265001209489 -2.13740278647396 -1.29307206401949 -4.65226035691274 -3.14854216707878 -2.70516846154541 3.89384261651942 0.814885748870587 -5.0808586990223 3.72789953642912
2.54895749574728 8.13475680010951 7.74967138666382 -1.16304093668765 0.76720563752775 4.43858572374202 3.97268312950432 1.65934944671021 -0.844406557661841 -5.49920985721949 9.37836561366709 1.91112224498911 2.35714498866162 3.04502770915779 -0.111868381446303 4.64649112055998
2.90434599621766 -3.22890036040832 4.0662387236162 17.8657284285398 -4.68254956574029 1.87605661316497 1.59376322275264 -4.57615989216036 -2.87122144122253 1.66487690017113 -4.07647416126014 -3.52417364106752 0.49486418749348 -26.0283371173791 -4.17863617938894 4.85189516023642
7.58828940909112 -4.6383063031727 3.64729337913588 16.5996555404367 -0.664088880000234 -1.00017044723524 0.505132564297225 -5.11047917226482 0.39466370754824 -24.3058056806642 -5.59661570405054 -3.50147883029312 0.795004650562753 3.53155620075998 -0.124739101346342 2.59225780151878
6.8809286670377 11.145445772874 7.66689909948969 -2.08769819114045 4.82820116087337 8.50601778158371 4.19855981259868 -0.454149734651635 0.987187893451934 3.25798886262942 0.339753076260337 -1.80888548625223 -0.665943580773627 4.39998121494593 2.5606182822685 2.27430636252427
1.83273860076609 -10.9903401240737 4.41074529484836 14.1407121468034 2.02486206197717 -1.96403070172554 0.766618576633862 -24.7196879131008 1.73678388622957 2.7893484223324 -3.04505837820581 -9.52175449203051 3.98375645476556 10.5742882121483 1.19653351279045 5.95145705380608
4.57860507632219 -26.7748076832127 5.67120537340359 9.47669085396243 0.44813347735798 6.97894517457401 4.62079952984441 0.736633846093453 -1.12338616001083 3.02034397954453 -1.13713040532161 2.28784272250977 4.25194250554434 3.75869095224767 4.24206644681456 -2.14618666623749
5.85937928482735 -5.87983077249144 1.93333475585694 6.39105338506299 -0.836997935349744 -5.88522008068966 2.72966232844181 -1.04353848711064 3.0944388462302 0.911884735287442 -8.04750695893945 -24.2278775863621 2.15525915683312 -5.56952678944116 -1.40229094759146 2.98670195951064
4.94636059296101 -3.64299364954582 -0.115032007303457 14.7974257793573 2.33443149446895 -0.508667359246047 0.395754798235953 -4.50830799283842 -16.8045097561491 -0.828189457665346 -5.03649079747607 -1.78290001442533 6.07691005122014 8.43904393803058 -2.50836398908882 -0.226857931245287
-6.82449739405229 -10.0679793289538 -8.62045270892648 -2.25178638974723 -4.31619146630892 -9.25820333767519 -7.23139677549472 -6.1130327485446 1.56982539319157 -5.01370158473141 -8.30332521225735 -0.892811889160996 -6.64558055480258 -13.8900047858775 -3.93150928164448 -7.25210245525476
7.58740600397121 -4.89266862287438 4.91837156306175 16.3179513130874 -0.108161269474891 2.33257829653587 3.92432937093856 -0.888340799263817 5.64510585854352 -21.3847804149884 -3.52492841385024 -1.63013862843178 6.40950028802505 4.2718972705914 -0.859935526466068 3.85863971471251
9.42831797441743 -6.70123995336204 -15.7229319434194 21.7185609198992 0.0913646675158525 -3.86162068481399 -2.21923951930253 -4.59661474197046 -0.523957131246096 0.981123665872839 -3.7046427875851 0.75244571214356 4.05376773845576 0.826961362236858 1.22142473980212 7.79441476035147
2.45723301505962 -1.78404908997886 3.79321568327684 9.22442516687057 -4.5321442459333 -0.193126854890191 -1.83758100261142 0.00204476633015149 -1.81161572171299 3.61838740801042 -1.93028151494867 -3.75286951614518 0.20057690212777 1.72429203510321 -21.3813728541678 2.38123388939007
4.44287524750212 -6.89482059357733 1.12726165167355 14.4401567487414 -25.3131168832548 1.47505399384134 2.34790702490042 -3.90589581864989 -3.20948102036102 -1.55306452875691 -3.16150378923728 -3.40822460376534 1.29392786963885 -3.02521508931051 -6.14801390023824 9.27286433173729
4.46025808927463 -2.60745141650667 3.93195924508452 18.2254210693168 1.28961568627405 0.686563754733286 -20.0002000491338 -1.46358701508149 -0.382291398351236 -2.92619903588506 0.110918224085801 -5.11454439200246 4.02452389113763 4.12935527714411 -0.377882439544887 4.32612569571588
-4.7004166803943 -7.14492870120773 -3.75761090960534 -0.562270059966211 -1.17205761551068 -10.9080420734771 -5.32484037512742 1.7426960457905 0.271310013854112 3.61591027253473 -4.53657746881687 -0.790671283639708 -10.5277902004765 2.17825673144193 -0.98405286560284 -6.99611644958993
7.06542787539174 10.8103975739102 11.0979625362255 1.26471331504847 1.21801138947567 9.16104010928816 6.64000521566501 1.07481101427057 1.70878587224121 4.11126527179546 3.8626681961534 6.66701105046882 7.51218672048876 1.50716827108675 1.14779837856179 6.80650280723014
5.95518750906188 -1.34369911349722 9.47809656202426 20.3634881791601 4.22054516092415 -4.08516431728196 -22.040299341644 0.327874010879535 0.447471664821735 4.39527504500447 1.24429377661142 0.659634232255137 6.32400796885378 4.12273045636488 1.40803353281536 5.88600480885394
4.96073724443517 -1.5063839051124 3.99978001345139 21.9269127478164 1.45118940666858 2.65637011679012 -23.247124970126 0.679344712504405 -0.534950752988867 1.00460606180431 -0.567840920739001 -3.77427130455285 5.27965131891323 0.862882751297325 2.03110738043374 3.54615913019342
5.53703307466913 -2.46436261535359 8.26081795304658 21.7958996599337 -3.58039502654921 -4.56081056433662 1.69592837566974 -5.56201662598206 -3.06620537538573 -0.697337382462048 -1.62727661674318 -3.692097973652 3.46516482385253 1.64786416308383 -1.44525576703706 -12.5756415922714
5.46726510223829 -3.1751295702141 5.69039845874217 18.2095166071801 -2.72715513919594 1.0750113205087 5.6151471408344 -3.83815967176523 -0.773176733883467 1.81507044153929 1.50549935396834 -3.78539306220637 -23.8237113354431 2.19462835823895 4.89163179416123 6.27221128738546
8.58589469930152 -1.94816414127935 4.89999432953576 21.6904719581904 -3.45908593508125 3.60106937262811 2.49521325740573 -5.60489666507506 -5.73506419301397 -2.50654715238322 -0.898428640133663 -6.72518496810015 -16.4908919429166 4.52168346945374 -0.517778153250565 4.73203048800366
-2.96485973659695 -5.10639101046636 -13.8717164344514 -3.18972060792464 4.23616226335688 -4.84970137434127 -5.79618825861155 -4.69453362479835 -0.781682364268563 1.79639410187676 -8.75334924725771 -1.85123967759791 -6.66550625837556 -2.42160400781048 -3.99916002314884 -6.82757787455851
3.49100385154559 -7.76212011374455 3.01064904362004 7.78714740074082 0.396186729987838 -6.2226358549738 4.00704828718829 4.97121263110067 -3.78675348428494 4.97603254824981 -0.00741737986339963 -25.6081407211921 6.97402240145144 -3.33175290347084 1.52117473660973 7.29922808951521
8.11580001861461 -5.41810297673128 2.19112243031958 13.3133437303139 -1.54346742597587 1.13848457103548 2.49588189225724 -5.00468848850427 -3.11778623492955 2.74507334540324 -0.211815099367387 -3.16106062437521 -25.2718893113035 3.19809960863387 -0.303500589771103 4.42228694328628
3.73775166300742 -25.3942430292516 3.73816503015523 9.16333769596744 3.78488575613689 9.9453740067275 8.18138416228364 3.75528783974139 -0.918793573936809 3.31673291183867 3.3864072175261 1.11445621440101 0.941339168462417 -1.94384631962752 0.840486339446562 4.43574467915191
7.38641714185515 -2.71262768438792 3.07742657142989 20.6403688248029 -2.9332055583739 2.30311620318218 3.7124147136498 -1.22362117328986 0.00842930294011635 -4.44485831749996 -4.33112392856401 -3.82347505909449 4.0836094550288 -0.887063320043132 -1.45646729710678 -17.1716399285034
1.11509681043814 -8.46133439009214 4.14292939236367 16.4069511192514 2.0968357555133 -0.63914895850077 0.309036325585422 -29.7120230538358 5.41346111959752 9.41894852827439 -1.82309632973798 -3.68647151600448 6.66804416173063 0.962569703831461 -0.726271000434886 3.76266327502544
1.09095417657078 -6.72783094162392 4.48543837026588 20.1463205420328 -1.41729570506184 5.99577015150997 1.97260187319212 -3.05647450564403 -4.49238918436359 -1.30949113577441 -24.7642571724056 -0.245909474415503 3.09380386666041 -0.883364153267921 9.95322575665273 7.78724528189513
4.00615494581986 5.22658849465239 5.81358376472881 1.38633171418843 -2.01881148566698 8.0037394421706 5.78642355747575 0.282526317197714 2.19672575921374 1.68050043623828 4.35638140047616 2.01211760678152 2.7064681254737 5.69044082223056 0.602015672266394 -1.8801522393388
3.9419032392326 -24.153836069386 4.53913564417685 11.7365308473778 0.524793872366893 7.7541135915109 3.7772624279296 -0.0671531385902908 1.12639509028849 2.53698597796138 5.17580457799752 -2.52536149891369 3.65794822629651 -2.77196144216503 6.07590031166889 4.58825835930469
7.8265066794122 -5.90118296917314 9.91889802532494 20.5090415367827 4.46256008799977 2.68765739598985 -20.6054437879681 1.85331937203007 -0.101571490899148 4.03132372145587 -2.42791915633506 -5.13430529940338 7.01742939908384 2.25260966786369 3.89156202524384 5.36103926091619
5.66295540828744 -9.28850216669362 3.39768959512024 9.56722972662164 1.39638463763076 -7.00147212256993 4.21763842195557 1.86355975847381 0.0614254291600912 -2.2651992845387 -2.5818705732565 -28.4665802250665 3.68088399338506 5.18950167524991 2.32622903624263 0.802941205273643
-9.01639171946951 -5.29336014419543 -8.30356735939999 2.07001499952419 -4.60831925812448 -2.56512797448356 -10.6963383045306 -3.12132809593863 -5.40561578151097 -1.20339328498282 4.43275088405391 -3.40204273981574 -7.31074592923926 -7.74327202672089 -4.8162498209561 -2.91884531318269
13.6921269487668 1.10937750709696 4.37380881836429 20.0902687354254 -2.9848906292886 1.11144796770524 5.10853166553382 -3.22174006703864 -1.62964119909955 -0.628358675258038 -4.03808296243801 -0.902328988760596 3.9993015295114 -23.5740993271992 -2.04899014219434 4.34458520480298
0.137138838015278 -1.48285928536714 3.02593626698497 11.8257878269336 0.0423170621653063 5.29872177743747 5.31423571179639 -26.6868868472893 4.68448684590263 0.0293609444508729 -2.87009404437474 -0.983573187490696 11.8513141714294 2.7177293287745 -1.15977832170708 4.38939853184291
7.64692484645008 -5.95669559379412 7.99441442191088 21.6258697752629 -5.36072761505199 1.97304332401622 -19.423033263377 1.40970211901151 1.56009411527682 4.22772315906995 -6.68633356322357 -3.43603645110564 1.93696124076742 5.20369889881768 2.08644307902214 6.31203710365912
0.268638477545248 -10.8167824506985 1.61420248432161 7.83376324252043 -27.9356404036721 -1.03115902039302 2.00978933631149 0.120056587372956 -0.601052654888407 -1.70640762935163 -5.63164757615399 -3.9994306866622 3.02882784619222 -4.24355796780971 -2.12165892542764 1.94152768535216
7.9942711351803 0.477830448050466 7.64008934479585 20.2281789432069 -1.08950092579685 2.57373399458593 2.71493262636479 1.42603472037426 -3.9945586390754 0.599590798542784 -2.27598231785426 1.94418305248096 3.69943245728373 2.58611525342947 -0.3476374367561 -19.7321239785347
2.65827635163385 -24.1591260329167 1.62796014222772 14.3593621170542 -0.805159440347912 7.5510215464851 5.72254135603824 1.08353863247958 1.49985293193841 0.676106954605261 -1.29593474006153 0.450294012114339 -1.38111409146569 0.749196851802978 2.60577105203328 5.13521322712563
7.89584589720813 -9.27537619589059 3.23658657244298 8.05576701551084 2.06037054513773 -6.35812315619131 7.56124909921503 -1.76504602520355 -2.39758407165749 -0.197406939228757 -5.51288623796575 -19.5514351482284 0.42697607868619 6.00804935259669 -1.10676685730458 -0.281201831293678
4.92557513149253 -4.07877128831794 8.20320290055589 15.5495546640083 2.52148507598062 0.946288607212105 -0.567362938353054 -2.43700098308783 0.389625816109839 -23.2492284148795 -2.79614178799655 -8.75293700087276 2.9884386198502 5.89224728907392 -0.423768331425153 1.63966668399877
8.28778812422915 1.66400435270406 -15.6189948826107 21.3109319276804 -5.22048616896649 5.14568486505451 4.06611490634898 -1.09240425054684 1.12289456592944 2.21728764635166 -2.0881892230603 3.47023057070529 3.74367546259914 -1.79411111282204 0.930655762389236 4.24767933199489
6.96376669062908 -4.64431279295972 -0.242229079514213 17.132141128513 -0.23658048206074 -1.28148838922838 10.3561082121833 4.85615432172012 0.357201476762434 -1.32096794174925 -23.3959376023867 0.271085485749382 2.41571602204183 3.55722801556613 -0.663518691946355 2.8620152547902
0.873062445178101 -3.49884359277967 4.13998920069585 14.6978701466498 -3.1733651742262 1.56493468750367 -0.927454980642872 -0.350774450325 -5.76065863257124 -2.32252865545351 -1.88470638209311 -3.84495058550835 8.18479774880545 -18.7680341160827 0.798354735568599 6.83840819296989
6.4502533404345 -10.7072832387251 1.41548075334077 15.8812110560263 1.87677605434278 -17.4596624965688 5.50891052992854 1.1570694248199 -5.5077134319794 3.72659740633713 -2.86337509792212 -2.2352712003682 8.08136303314231 5.41933043911525 4.79143706894093 2.93847025277544
0.715323781983065 -6.15277279680057 0.713711168972196 7.75554100951597 -1.19867145350464 3.66154495083698 3.27433957229619 -3.90083789246138 -27.5428180719677 -1.05297028397813 -1.73463228494369 -1.29349707238193 1.50198333375493 -0.133080788468468 -3.63332986238456 7.87905181228946
8.09867856092797 -4.34516641736081 4.61286593926084 16.2792861740052 -3.62946267465694 -1.87938904142283 0.270297136503778 -3.1384443723014 -3.38735823396236 -1.96490911988299 -2.79567077232739 -3.74470324627963 2.35834541890972 -30.0262847088327 -1.7471177304423 2.69213289004243
4.91038705209579 -1.53904587572749 5.83187756453071 21.2992064915294 -1.14140302810004 7.97735021469781 4.53416038665393 -0.0196066533369075 0.277122379369951 1.33900731327646 -1.51193672156151 0.934994206781407 5.07595265711828 1.60010087705838 0.986366075195406 -21.5793340285393
3.71451775852957 -3.31492476529122 3.46303321882083 18.6473109349589 -4.82273222297198 0.925236002236671 1.88787547215264 -2.67334227838909 1.40563471181353 0.00599709081068789 -3.37459662675241 -6.8689524243234 7.62903899969078 -21.5709360241251 -2.80931776547371 6.02923220695881
5.66626577529847 -9.65290266492562 6.84705630084212 20.1681476932314 -0.0868464052341312 -0.281557348296677 -19.8044169208657 1.51301265968833 0.0936444377069509 -1.17561246848494 -3.63573624050652 -0.12223465229326 8.05347754144163 4.28835434331114 -0.12242721785018 3.30631034906268
6.61624028098501 -32.035899861015 2.53360801499671 13.9603932456245 6.45230059118089 6.3500004040206 8.76726380671808 3.01675423808298 -0.183256968617783 1.26794628850963 -2.25744259072142 1.16166457442635 5.80010941950972 4.87822202281237 5.14073846319303 4.86447927743607
7.22861542659623 -28.0868881352067 5.41914143325166 12.0446914543691 0.324027763455254 2.10520742263643 2.54720607309362 -0.424130534955449 2.77219837904271 6.24768484041127 -0.186611445302156 -0.16619560935319 1.11408558927214 1.33311582375204 4.06096775122761 -1.12774093680411
3.1865347617554 -12.0966274656309 4.29303521088554 13.8274129177948 -25.3072000055301 -4.25944658062698 1.16933885338489 -0.68628128433499 -6.02751716453646 -5.04194818763758 -2.11950868928208 -3.71472721454611 3.42518941262344 8.61570769994449 8.4670353203371 4.52211298095471
0.928466429195483 1.00080787952295 3.3429072661532 6.88590922330734 -26.3995230404141 1.58209603281726 1.37944361717676 2.07763860027721 -1.59070977367326 -2.20092241983271 -7.89894512624595 -1.86881556442736 5.92574986608245 3.64854857508205 -3.77904053059531 3.7572783709299
4.75034758241992 -5.18451135601665 1.18796794776649 11.0517497697065 4.04836933122948 4.96822326843075 -1.18924574615506 -4.62671534848889 -27.3461920021054 0.661141961924124 -12.6131495388851 -1.85649825093992 3.57426830653485 -3.09840830249008 -1.80630417559017 4.83430744929845
3.65760521852487 -4.01101024747004 4.73274523291091 15.6984538118001 -4.77299327253415 3.08157693765233 -1.24064036238057 -2.06978875315124 0.467547584912697 -1.90470689803225 -2.42271081345239 -5.1413357815714 8.67253085796478 -30.982036535728 0.657557028421477 4.22846557262871
4.02845490026724 -27.3474776111137 1.80680160035089 10.3834189448427 -4.7027582500186 3.91979007600989 1.15831558130726 1.81582484518243 -0.733776256829888 2.04407454447261 4.43914490696356 5.12242210765635 3.97426977125424 1.5785819803307 0.228329117710508 -0.955436396442869
4.02644632311136 -5.80951594507784 8.82073471494163 10.3256406024015 1.41114253692749 -2.61184068059938 4.4731912084049 -0.716486157979758 -0.459172347789158 -1.87071842375747 -4.72062135842881 -3.08698549041824 0.0882407857200138 1.8199933018293 -21.9701251441897 4.62156302087432
6.103206554995 -1.71532673662219 5.27717823875277 19.0614075621551 1.01196728322251 4.77429294979821 -16.5191876735987 2.00589933791534 1.5897866011304 2.52581943456881 -8.914395028221 -3.38480149613924 1.00594926463083 6.06810010583883 3.4129418863742 9.24302192617078
10.4845831464111 -1.71615175652902 -20.2193870964525 21.3068617472656 1.13197040345467 2.52647312668343 5.16611067573 -2.83039534946176 2.08669702862704 -4.83998202213242 -1.47078716724378 -0.327390789147208 3.0483843152646 2.73955381413313 -0.623273992020528 10.9196647383035
5.55432138579253 -9.9744172271417 2.03139400656799 13.3165092702236 -24.7453337329444 -5.21797812888599 1.11166023532133 -3.40875911061068 -3.39905113892821 -2.14860666051933 0.480271790615676 -4.53618301488007 2.07368888372822 -0.292550926779573 -2.38663791698388 7.09457342924034
4.1173168149986 -7.97785540150061 -21.633831447753 15.4915044264965 3.34933226924794 8.49558583109711 7.9475900123969 -0.741119380973893 3.15305653362427 -7.7237397737341 -3.13165616066233 -8.89936651528584 4.2336610425608 4.84128404255727 -0.774261060166448 5.9743494786467
6.36149422947557 0.890197936408256 -18.1211679333307 16.4794820102336 7.58950019660668 0.594725659482512 11.627813022722 -2.78061112506138 -0.68138761877417 1.75064015892736 -3.03386712919625 -0.35734374241982 6.44328179009256 3.2347244991686 5.38138700596059 4.99515664178613
2.40166439085829 -19.0127289038117 3.85176667183875 11.8351605726163 -0.928872870565132 2.68032986799219 0.847050429900604 0.329605742664134 0.537177195767021 3.89547715835983 -1.95504927238429 0.910280256009138 4.16257194218518 3.07910443717228 3.8771485284468 6.18834395981312
-3.31033500599887 -2.31368160705481 -1.82112557781278 -1.97127966361248 -1.94648119288203 -11.3989426618682 -5.16767841458445 -1.48868875167773 -4.95523213689058 -3.03942035609371 -3.63400299236406 -5.1822387093855 -10.201831862754 -1.12441737904736 -3.81916479650731 -0.186530594620055
7.23054374518869 -1.84054522738336 6.4137241572134 17.0224551318999 -1.72539046070442 3.1879670789422 2.64522218410942 -3.4587326676868 -2.31894290067115 -1.45203924092137 -2.17601602344194 -3.52372483301311 -17.8898114445747 1.02555930677228 3.24533185166483 6.42550470236167
6.08620369282268 -6.24820372392287 3.22494507120995 5.15442615438134 3.00966243286031 0.928482445969293 4.19943844828938 -0.0980474361680549 0.959495646146089 5.62611223846107 -26.3305181743927 1.09693776886541 0.93818810812081 0.732366833792882 2.01460489696111 2.09920395640818
8.58192110165025 -7.344269252795 10.9149614721698 17.7458359253832 4.5017078674787 4.08305366240773 -16.5419101770022 1.01725393659933 -2.59744217500042 6.91285691581551 -1.75519850293622 -4.05540393836353 5.99064208025188 7.45618909671873 -0.622992726252582 6.51406805199035
5.93449412228371 -24.6991492315224 3.11618569403102 10.4908268127561 4.98532975402798 -0.270429107156541 3.78115618694241 1.27644856991025 1.69724221160994 0.339428495442198 4.94671437086196 2.36587081166994 4.05302419754285 6.58316025433352 1.77849091862975 2.23177196261429
-9.36440596162003 -6.75838643219669 -8.18732820290798 4.53735823194982 2.54159983956658 -8.9029387271605 -4.81979126040329 -3.42623634272333 -2.82055304149505 -3.54376794128291 -1.62502248626943 -6.6592019887208 -9.02328609083859 0.353952748896541 -5.66139598698 -7.15083080959987
3.48592532039873 -8.06864291494213 2.72521686243137 8.10387131775208 3.42135927119975 -3.90549855750457 2.20792172753436 2.29829371178673 2.23389332939443 0.998708306279997 -25.0252029413267 2.95166932746806 5.46304297604234 -0.54557155776137 1.85439503307119 -3.33430834383836
3.44942266864731 -1.80178797044433 3.09125813459759 9.65774321866631 -0.236228841605167 -3.26014149583284 5.59659512622602 -0.599133376849655 3.21362385619462 1.49339803017052 -0.410884423821545 -28.4870164097026 7.12574849706541 5.02349400322873 1.2434118615604 -0.16911259035817
3.46711261359834 -9.78461647326281 -1.12782447742001 14.8232109294187 1.26252263715979 -1.22486005110497 -2.35213552131674 -6.80898632280519 -28.2433339712354 -2.38632253717874 -1.17862717149903 -7.00951179420099 7.50936498291299 0.411461120338668 -5.58100054543318 -0.6366133209834
3.12415458341105 -10.8252095419901 4.67902504308659 11.2148751704937 -25.2771936122795 2.40443407179931 2.32669603923956 -1.98764433226473 -3.46659824194205 -2.65831270373815 -1.94556005329679 -4.64089484472423 1.89081010764831 9.4660509813002 -4.44906829314416 5.31773162709626
2.81159847245108 -26.4353854522244 5.20179848995168 15.1175101174389 1.11539428381435 3.12616293623013 1.09265190271303 1.96927154741812 1.14690074298813 1.1309583695859 -0.827205714722268 1.50939954733044 6.77523707678175 3.34696732660019 0.541198962860271 3.02008853543114
1.9285839133433 -4.07429179869231 -0.439641460116089 8.80504169156838 -2.12205342944036 5.64406476824803 6.43346833689311 -1.22803004091615 -24.490062281605 0.668724016689724 -0.318368694070312 -0.0220451888718953 4.41487418694786 0.737979933515235 -4.26456432284272 4.6645569862536
5.38047652500325 -0.602353790076655 -17.7467992904837 20.4092132309414 -1.2341652008232 5.49971578296325 -6.03297952418821 -1.56721588061362 1.89939903641512 -0.981535936926319 -7.42555214263498 -0.318970781538677 6.24215472036297 -0.450589678161727 -6.02586885343003 8.7929454204536
1.20069583343985 -4.6888936001025 -1.67564020704608 13.2622678298377 -0.115057167666907 1.07837698480667 -2.07469530403206 -8.67635565348114 -21.7321904639065 -3.31178961462475 -2.06752891633029 -4.69410336795075 3.45313895299581 0.433403712695024 0.782840337240199 2.74025100134713
9.05183903258687 -8.67734177527385 9.42216589315339 12.8486703207244 -2.91296456452694 -22.276020757154 10.5723197893712 0.408266532491279 -1.1813465543266 3.20878050618687 -0.731116822291897 2.43697126325085 6.13233936512248 5.36752234871816 1.95129567531321 7.26435906768977
6.40072648901708 -5.66893918148829 7.36658190465704 12.0479446110151 2.16528190527169 -0.893128493434942 1.64240939655198 -3.13332185571653 -2.69667925135416 0.829797063916678 -4.62448176293009 -6.74123122015021 4.05885153010102 -0.3484711713781 -26.2253932199806 1.53505154814997
4.71690666633611 -2.6005230195326 6.58176542046005 14.7391504144731 -1.67182534581319 -23.201670694896 2.93120871482583 -0.637019882475621 7.45542123518048 1.52077408007899 -3.6353503373376 1.30650928972441 2.55581101901097 3.48502077099482 -0.318065936913198 1.09172315166799
-10.9913833754164 -4.03768919720438 -1.6900753595198 -1.89882513614508 -4.28252070172977 -7.8276030454406 -9.1542720832847 2.55149515629157 -4.94000646401359 -0.93545836752692 -0.66780043102037 -4.26279381893264 -7.65285368010361 -6.04716319434959 0.0360731832324861 -6.60021857632303
1.67629212559763 -8.30375278804511 4.82911418536902 12.3283399963802 2.83108182825416 -5.01328770856766 5.81873718978211 -2.14055023892389 1.24298965337263 -0.0313859351810222 -5.53949836145893 -24.9562155616828 -3.89937129442162 3.59928461730527 2.52681791123661 -3.88019054029423
2.01459732209172 -4.15759135180746 1.38790475948206 14.832189380321 -4.76298370514211 -1.90899892481954 1.54727431314547 -1.5777113625172 1.26070743388794 0.938459196848865 -4.03792137338422 -5.35687371454729 8.1545717150869 -26.6699265275523 -2.24558227790813 2.34602828761432
-7.02981744152137 -4.09673356033696 -2.83169203812846 -0.315424657546382 -3.27160293862583 -4.80668566735961 -11.0787226866827 -5.14632382761995 6.44074034401167 0.531737861173596 -8.91081826096077 -1.16769034963236 -2.43691870482892 -7.74068215072755 -5.291316102931 -7.46819804635283
7.46789059262275 -1.51593420877363 1.64401540438355 12.8023384147168 -25.2072069887134 0.339880644853602 3.16891675012962 -0.185813259888775 -1.81570702697768 2.4921019142436 -4.33625162200105 -1.40294258625529 1.21650162017342 4.05645528749935 -4.76316833226849 -1.55746293632794
10.0700230269911 -2.17228617912723 3.11838089101964 20.5810783828538 -2.26205868690778 2.56211751149808 -0.447746168226463 -1.20772788059887 -2.33183207783147 0.650994614369123 -6.28860758483716 -5.08163522590698 -19.7171859283072 2.4251592682597 3.09053433337166 4.03160956740788
4.23049667896853 -11.7795111324927 4.51039238100425 10.1329954767675 -2.05681226836623 1.58361790423358 1.84873643265082 -1.03609768731531 0.754935142257811 -1.67311357764301 -3.54724774796839 -24.0120866590002 5.3695724570808 2.38675134860672 2.62332904456518 6.08293961682153
3.40412930331297 -0.492541316484555 -0.220225837636463 9.28484004451286 -0.105375034105151 -1.10647096306567 2.75139373522568 -25.3291969889403 0.527727272791319 0.176071173516939 -4.86004352424776 -9.9552201389384 3.73866672800553 3.52836193276171 -0.656214754720176 3.95504774211303
7.11026332962617 -6.54705876359951 12.2329902777413 12.2228458583794 -1.23463384193425 -1.63949143762812 -0.660113276741287 -29.2647683079342 1.44170932039976 0.575881354097389 -1.31912546683564 -2.82795033755993 0.483799045928966 1.38821312716573 3.13412274943987 4.23365058581484
2.41880170691721 -4.01751002187494 0.609146031996177 20.0119159635218 2.89044921213059 1.2051256960591 4.81247308435374 -2.70210924587395 -3.25497918929561 -1.47775090337143 -3.76473934558607 -3.15898772597741 5.17085648482308 -25.5619955018637 0.976231322438027 2.57795337076971
6.25064164590142 -4.25702855195649 2.29299463873747 14.0905707681604 -0.890114163139767 -0.422328042899978 -1.69340451362569 0.267370481115393 1.29385116069022 -22.4659451878181 -6.19182582617873 -3.80241517868154 0.0362818993981389 -2.56305857285198 -0.683036311970526 5.80414751709086
2.81119666524123 -0.170714364259472 2.82768485686659 10.2019369083094 -1.69963888666213 -0.915667837092617 0.503332332819698 -20.6859482963415 2.74631162233472 1.89809633044132 -4.72723590577227 3.5651346970606 0.962447406526664 1.35654283132404 -5.50545207557645 2.82502462683584
-7.2428902554492 -6.65966938724093 -2.56413660731855 -0.453787983564833 -6.19803514897142 -1.11531913791863 -6.66818328857274 -3.09180306359677 5.66331563393285 -0.923739953675566 -0.724737960346236 -3.48034982863332 -6.56336214911176 2.817257393668 0.682217059629146 -6.7745548635495
9.75665072575838 1.14575408672787 -19.8717917569881 16.251189901761 2.42447661259469 5.78752965736403 10.393708802933 -7.18369574257101 -2.23845878825541 -2.06892012969875 0.7261569984563 -2.09265519655784 3.19502025178697 5.28008218068586 0.528571342558021 11.9861425469526
7.11709371463241 5.20312642878611 7.52471598078995 -0.640087018045448 5.19135470416714 4.85745679976216 6.36011673927409 -2.03087920689241 2.23728820613683 2.1410001979868 3.6001830537789 0.397324618146323 0.54482869150393 5.423790536978 -1.97470116750675 4.64258784222644
0.98468352772585 -10.5138825405677 3.14826792217459 11.8407263313254 1.3531689338802 -0.145256254242754 -1.04530937895852 4.62527589972215 -0.889296917604629 3.33862767970426 -0.0674524393517357 -24.8680564722032 1.07189229821682 -1.46349063902077 7.56994107363241 4.27624740195705
4.46564580503163 0.292631169875889 5.10010612675036 16.1162220792133 2.17470782247051 -20.4191507556473 9.29027057242343 1.41949364434851 -1.21050677561074 0.285594417037736 -4.35009761113562 -3.54546904324627 4.64253513837021 3.15805981898685 5.43198589000709 2.97114133901335
9.04744779345746 -3.21578333097461 7.86974087747377 21.0967001876805 -0.567103698016624 1.23512800025599 2.78639185370657 -1.5274351910896 0.18908150308784 2.27366361615351 -0.733013642722567 -3.57783212211074 -18.2336087533841 4.12490781220111 -2.27968386637553 6.31587706645655
3.97193948063189 -4.80455835736399 -19.9933794778021 21.975313405117 2.90816872067902 2.49460414533835 1.72799055679807 -4.37304839673538 3.62634057794933 6.99773166562922 -0.306037027542988 -1.40971438680414 5.78492520285479 4.09495923287783 0.0392750517051165 3.20993004438652
-6.15648798324024 -8.21485558913901 -9.05126075134008 -2.9804645996092 2.89935813705179 -7.20704015693173 -3.99460664084067 2.75527516990293 3.06743089369216 -0.535592649348608 -0.418787248366216 -0.64117432251624 -8.41113613017306 -0.850919715246167 -1.7955441544673 -3.26568244774897
5.06289298556906 -10.5602611482599 3.62664039330071 15.5975051753638 -1.38220184231093 1.49835038427097 1.65554469282643 -4.61232159992801 -3.97231393035898 -22.5069198791256 -5.12801478312155 -2.5589528921303 7.32082136693427 4.64125717280634 -0.127589484580259 1.63996944011982
-0.462617614115532 -3.99935423750356 8.41243184409183 16.6661674513023 -1.55235978327543 1.17445867446755 1.59332873477357 -2.24371611607429 3.12238853321017 -2.13132011876137 -2.92524136286411 -4.37377487904058 7.73438438797105 3.58493484822084 -24.869082908267 2.9641262402769
3.09171044265534 -3.39940560934989 4.9445024171152 12.7383953272223 -0.363477840756267 0.696432429487117 0.166972671770734 -1.47830331376591 0.887394019742537 -21.5622002174458 -3.46794940237764 -5.574550255087 3.63013665408492 3.94218600580479 2.64619068260577 3.1794887342245
4.5630945533922 -5.85200796672818 5.09423793074195 15.0427829210989 0.975069255437551 -2.86330545641784 0.299358979217407 -0.133470149517096 0.234392720733136 -0.140773845864681 -9.67292187347803 -23.1829467613206 2.05012625054325 1.42965187920787 4.53595677762992 1.81671793819944
7.74953054114211 -2.42686380506678 6.82248890039753 14.9473097237309 -1.05540613723522 -21.8511592317108 6.92097199590944 1.31527199600534 3.11921689286325 4.89749983130584 -3.53831102796678 2.65786694888288 2.20389235504951 -0.00279281131789721 8.61899992322058 -0.36131789784539
8.09516102529557 -4.03722994119659 1.81412588666164 20.5203128209272 0.235782216976985 8.96222690994442 4.12845761256381 -4.5703449666282 0.429024500518197 -1.52428154156892 -5.86910607151484 -2.76096234819372 6.80841451784705 5.02788398792438 -2.3384157700816 -23.3437932699811
7.67030842669677 -1.99855756854296 6.11608372957224 22.7082199491388 -2.3292925684112 6.98512092261197 4.55074717389879 -4.39280829871053 -0.213821990557927 -0.851947642480244 -3.11027856971317 -3.09125908916831 2.9685609673074 2.34255274026334 -0.0289441939076309 -21.5271485496776
12.4103320330488 -1.74277103066182 0.504043772130337 15.4844381688334 -1.06054516233701 -1.78471961724582 1.6024186588112 -2.93664121761362 3.47117490759854 -1.42599574285938 -1.57552406606776 -1.44627287286036 -25.6631883480008 0.473793093735253 1.35748780896954 7.5456443696323
7.22733375539809 -7.67460480405483 2.9938998321969 13.1922266359764 0.50018856595489 -0.631178819052654 -4.55981488945 -3.59473621745396 -27.1904848609735 -1.13058115473975 -8.24202150501678 -4.91569417486946 3.37847551056676 3.10090397721047 0.953599882263249 4.45910324249093
3.08089640052689 -7.99454838252737 -1.44036873222948 15.4591535432447 -25.6938221066387 -2.48007423924022 2.90065165147028 -4.29620334209696 -3.89655775809581 -0.72876454030173 -2.80969745523399 -3.48473678328219 1.96362382782586 1.61102291585725 -1.5095398336924 3.72535822531102
3.87874081837586 -5.10320792892803 7.14321644301689 16.6472059486698 -6.26860924687178 2.14333063801576 3.97656187540887 -3.096334341805 -1.27063179250005 -2.09955805661055 -9.41689575040402 -6.90386073636467 7.46119058546092 -22.6489584289096 -1.5992755884968 0.948492589282881
-4.58538923698351 -6.47366387951638 -1.60748305910133 1.16188287232624 -2.89018953129086 -7.46027496244846 -6.4200335459534 -0.973180974104344 5.92512282686342 -1.07415939077072 -1.21979763465956 1.86326397209835 -5.17393191704476 -2.41168621248307 0.318595139985006 -6.32290111461197
3.38621889580232 -21.8539269256443 3.90178356954982 11.1182768122156 2.00890934191095 2.14263097969787 1.23828034733051 -1.64603214008675 0.151526382899774 3.67880125264614 5.92116996771804 0.173250854094594 1.27282966738842 -0.634908770004026 6.25468220377781 1.74504395156469
6.82283512861366 -22.0890810487475 5.92040178530922 15.4921649718992 0.504749069134442 3.84389727841522 1.42703338863089 -3.90909684575536 -2.34969522126428 4.12441269454824 3.00493131530994 1.30807665482937 1.0849181197504 4.25778104323065 2.35396142510585 1.56114424206379
9.94090772438653 -4.67770957719494 6.05978470297707 15.8755695559324 2.47779803707952 -3.03351304891846 2.69274467736724 -2.83446980362554 -1.66261863691529 0.324231204310223 -4.36476332401843 -3.61995328201156 3.81887570531974 3.28783578019729 -24.9511321080643 1.89422989360018
2.81113684364598 -3.90288074201046 -0.112679567346412 12.8274801444757 1.44565101115509 -3.24621275631499 0.613343191195307 -22.3927021722512 0.500616688885061 1.60349815263431 -0.73933687579046 -2.42847386337634 4.09440981379725 5.58596873141114 0.488729237498236 -4.22729441682201
9.11806923417896 -3.52084248868415 -18.8725779536857 14.8731523975677 0.0483668247946527 9.53054157296337 2.31340871237761 -3.40287694935973 2.39838297880438 -10.2449626073984 -4.54033571193198 0.334086333165487 6.73927856748642 2.11367438272796 -1.57337250047475 9.56009649785755
6.58131349126193 -1.63320301272329 -0.686485847714793 23.908706124233 -1.56459221402281 0.902144232356652 2.11737571823192 -3.67996656085045 -3.13698800500183 -7.36602464560019 5.10234497508556 -5.09265640317205 1.19602958861848 -0.894051653694818 -0.810870263953623 -14.5100216497017
5.58802182023373 -1.0350343052505 5.45214421978676 19.5233424347592 -0.0273294506237537 2.59563574366476 -21.5715803496194 2.57374500494869 3.60662036801172 4.04742229321552 -4.70154028788336 -3.42173212530141 4.4872266132451 4.39883692994183 -1.72271120894543 6.94254926302776
8.4765773511526 -7.17101301733444 3.65955678630186 20.0599321154991 0.863725096518294 0.522999504098713 1.65525966843975 -1.81673917507657 -4.50282471098912 -2.41453384778943 -4.2660906032757 0.931254161038602 2.3367507551073 4.36025510940309 0.305101668890771 -19.7117792952137
4.19036314707767 -19.9978047404133 2.82828031446353 12.9939826727128 -0.64817153496604 3.42844267420436 9.3073399093046 0.434706866849709 0.946570276373509 1.20178106744396 -3.06185373258858 0.592188023628745 3.6421095072487 5.2593440966334 0.805416193713549 10.327634262292
15.0253596056325 -9.29138280530266 -0.882162004862798 15.3678144912401 2.26403761154881 -0.674210419005222 -7.62003411498477 -24.3069730874891 3.73114019007483 10.7563942527455 -0.949804521624807 -4.42637712054224 0.0987292875002059 1.03954995827189 3.18424157766853 5.00689702002256
6.25291723182524 -1.78076627386898 11.8492080921956 22.240309228441 -2.65508524589718 4.93075316982712 8.5157299102722 0.905522281990237 2.13313172181585 -4.05583026156069 -3.45457615026252 -1.87341185990736 2.99866753000563 0.119615660451033 3.6045229335938 -16.089996764532
1.71015956197504 -6.20006788188846 2.12458803623628 8.79279338676459 -0.436965080961856 3.23434310705935 1.75856216264038 -4.48179643303527 -26.5591812671752 2.99448072062828 -5.00707790322919 0.656366244516367 0.164050286606625 4.59196958999539 -0.113070704615513 -1.99152634387591
3.84828158453827 -25.6736226117848 3.96261918400984 8.67066317540028 0.454556769799481 4.83546574635079 1.74122292550351 1.58552804219227 0.315551275732819 -1.39454598298696 0.807095825018518 2.19082862448577 4.00808203904837 1.27118669149705 3.48473348112086 4.1162864674212
3.08960843670941 -6.92015723108085 2.21604271528195 13.791079723954 -21.9103667631962 0.200336828343298 -6.02320536996073 -2.94093225649526 -1.83470231811097 -0.367564086231983 0.964674628449742 -1.1138840335766 6.48840836743325 3.07084003629894 0.773478236195173 4.14678137623219
4.79075639378008 -1.42915938993377 6.35583973464263 14.6820474301849 2.05842835400743 5.28757368306583 3.73482879425809 -0.481383239924708 4.48622887939229 3.12546115375062 -6.16525887845986 -0.23622597780918 0.921599415787325 4.399571540607 -27.7230000257418 6.08574864375622
5.16575123994796 -5.87842013313108 4.21156556200186 11.4064187752348 -25.462491170053 -4.48027723956683 2.77516111571054 -3.88435240913866 -0.740714010677013 -0.942106280577092 -5.94730847218606 -1.97193057238152 3.07283978985796 5.69774985613435 -1.0846124972654 5.63531580837856
3.82555252210677 1.33513367273348 8.82646504215555 12.3188155830522 -4.02040691986083 0.934730976870126 2.78128852255451 -1.06322409181592 -3.06762455852655 -0.775857823008802 -3.85715960057936 -2.97000679443067 4.23375011517364 -21.2805200999209 1.14402046399572 7.43926970096176
3.70535331389738 -27.918920451755 4.58097627030933 12.9887577976861 0.540024927844873 2.87888769703391 1.3003075466758 2.5167915952042 -0.933974555205954 6.11317218503006 0.119647168415095 -1.55444520689695 0.333632015584595 1.71804902400478 -0.151454986846726 8.3445447424758
6.59679832554731 1.75538656249776 9.03634690724158 15.8785958917036 2.78964518540974 -0.21479523081175 -19.7891186386046 4.21184671952158 3.67812990394519 0.275592187965857 -4.82343034920515 -4.76180129753987 6.36582021318519 -3.63056368970149 5.09191655207547 5.14101884280645
2.47422758280995 -3.84830199940678 4.53569181447005 11.8137996212599 0.427008359032074 -0.442938151123527 2.3847294769988 1.51553947838425 -2.72810663251783 -22.4932627845119 -0.886070118692735 -6.01232984903574 0.544932217434047 3.6450575670039 -0.155848632190329 5.30127490104659
6.23535022703769 4.77282994732601 5.36575272185517 16.2103640608675 1.06471267991804 -24.4058486359482 9.64947609178232 2.62151672411633 1.01481490707605 -2.49794162474478 -2.71711715545048 1.40472247736625 8.83094873114037 5.94698829950715 0.683539609013395 4.67544782649978
9.85997568769715 -4.37988430742658 5.92456419923544 16.4690775177111 -0.228013187269102 1.31785115090828 3.01506316794369 -3.7633884569103 -2.14572440706463 0.289383783820744 3.03860311540474 -4.95978853230436 -12.7007468358315 4.48933360074426 0.57480247130806 6.21239453610118
7.25886745670444 -2.25811278672006 3.04600013891266 16.6674246768054 -7.4229218594602 2.15058180015448 -0.153190470674942 -0.932589566706564 -1.25355202805999 -0.29987676938451 -4.13159531651812 -3.20390822115875 2.43465783737987 -19.3172127776052 -1.68295894706949 5.95568658043291
6.51213639257535 -23.5878296454428 5.69470433318576 13.0326557026106 1.97448986575835 4.04059083419348 2.00157856831873 1.87852766772616 0.702151426125448 5.70868084968322 -0.0014378313122867 4.42132081698344 0.889776406108022 1.69025064830596 2.62908985806935 0.323169180687718
5.75721459672761 -3.4994550710398 2.81342526580542 11.5438640477749 -0.826016293380677 2.49109457802151 -0.0220177994794092 -1.23880517019248 -0.326951715415833 0.129577659140287 -0.812927962118056 -0.456925112473705 4.73474895999535 4.02118048061397 -16.0914365100634 8.36169457667952
5.37987643491413 -8.5325241566017 3.16984015835461 10.3076359234153 -27.4933935989811 -1.34937157056803 1.73144266701493 -0.951550553467022 -3.18821739771322 -1.76264690207309 -6.63566566536094 -4.20579060614809 2.54022542050324 7.95535564908423 -4.42478796593189 0.041530897079074
0.18596257356268 -4.72431610427629 2.4503205323631 19.88098555204 -2.40458400146642 -2.50318916453906 2.71120383170422 0.84302091399156 3.29877595911969 0.816236767868748 -3.86772434302615 -4.78174071371458 1.41453928886913 -22.4194100664446 -1.46058908686649 4.51427225207895
5.25764976758071 -7.38130934978503 10.3186129160991 8.38751248842911 0.00431713485036223 0.764796063556534 2.28173322556232 -23.9798422215367 0.590347156778689 1.33713105230401 -2.19257740416188 -3.00128035158794 3.7861514205096 7.92793367425691 1.65452338238118 2.4520302804789
3.60251358589342 -24.2976979381664 3.85924757648193 13.4562770848982 3.36050787739072 8.01242146493617 7.57626326481423 1.52742054976204 -2.53297965283882 -0.259399007916249 2.9709092984078 3.50258778302225 3.97920001686425 6.99381844805024 0.0930957503077077 4.75169460458633
3.53944359441285 8.4559151855346 4.77527073582521 1.92000975078836 -1.69519099701794 4.86447887035915 7.90795881265812 1.53358160200287 -1.74053399299856 2.5241448054337 3.38600436180394 -1.40840934893657 9.113333975668 5.93458005837123 5.04076740875058 1.99319130626615
4.90491492925927 -28.2802977363528 4.87115414771478 13.3339660918491 -4.52029554855336 4.58698182464342 1.3425495720138 2.65061093319614 0.453629067616597 3.20642761440874 5.49815471865835 2.72757237539466 0.837154359587703 -1.11482893508409 1.98640746647283 -1.44672252297335
6.52443723783772 -0.828125001245795 -13.2914674809047 23.2553900418008 0.146981788997943 2.93461194286801 5.95793522058763 -7.05125229084505 1.93489657414887 9.50816116882629 1.6088279542383 -0.920256590646307 5.74066766200033 3.58351744154625 -7.33558827073046 3.58687926891573
-0.723242664712191 -5.92684720924326 3.85526773057345 10.1210383498363 -0.235271974374886 -2.0768571894978 3.34407520401589 -1.15057839537556 -1.20315779654161 -1.40216530256242 -2.40802968859465 -25.5923240797199 5.99762478882698 2.08641054367444 -1.32526444231046 2.6240984710187
3.06735937985384 -7.33131357784721 4.4941317350817 9.30181672598369 -0.226404325778967 -1.29797293493702 7.32701259442221 -22.8695088497173 -2.53794592043458 -1.28456409023332 -6.84972311829025 -4.95431533593877 4.06863161070619 -0.656487694328576 -0.711049741371191 1.81137308650524
4.40418717161984 -5.82140776476928 2.6600029941934 13.6362645620899 0.110889236471919 -2.32831607340097 -0.634547818465462 -4.59889371508248 2.85487883485973 -22.7388517606923 -3.94054297639277 -4.81299737836504 2.02928578730559 2.02183232985682 -3.61997331207487 4.5318614001458
3.52429186792784 -1.66534608408789 3.50605508653765 13.1280478069951 -25.8659495677796 -0.334574229182104 1.47875728281537 -1.95335553692157 0.0826006865513755 -2.36068940085958 -5.76859485189761 -4.0478641932498 5.11095137413064 2.75343485629265 -3.97802634063933 2.21835477898117
3.36256913210006 -11.0875679567051 3.62333903259149 14.6081477186555 0.0857202309122007 -3.40768047057942 -1.60468904401804 -3.93720823502962 1.0336304739363 4.99231075219803 -1.8111195103925 -4.02831416909735 5.37987999392289 1.94858628847844 -28.3690165076953 2.01866088855548
9.81509744121608 0.141605560684037 3.11654440022025 20.6384839466544 -1.69244753249387 2.49958762833027 3.27000341310849 -2.37234425926759 -4.28623459378459 1.02511407617539 -4.80447196808408 -2.93252072377522 -15.3999383859131 -0.0277300304314234 1.12221163703846 5.12746094996572
4.88288858458601 6.25450524580256 8.30655132227253 -0.13418764103657 1.91649188663272 10.1829633695278 9.30705536579525 0.408896127446246 7.90720848092316 2.52165810969277 3.58281516320439 0.352724178537575 4.57785211969953 1.08730980843733 4.79284329322291 7.09592955557263
5.52786649413397 10.0647405641364 10.3634905308867 1.07989156261358 -1.11496798789564 7.21050835680652 4.57985125326033 2.15102479206444 -0.270800826469296 5.38977720747442 2.60756016001168 -0.937001175828998 7.62537274488478 5.6912269333326 1.80135635096507 4.68878533955055
7.6248624521566 -7.96364075019237 3.06106039979409 12.1569526979196 0.567160133717646 0.205465855505417 -1.21851829358921 -24.1043493619295 1.83048523415106 1.50638793557844 -3.23907069014461 -6.14503009494972 4.25604869647323 0.62572974628432 5.86972537613143 3.12852541470445
7.14765948209752 -2.20667807474764 4.0032295367196 14.5288637574456 -0.773098412034817 -1.7419551160152 4.25225889234077 -1.66837718831932 5.77433817525779 -21.8961084190294 0.728272943880341 -2.98512384571176 4.00283610330728 0.539681744150496 -0.328968570443229 1.44046846005533
9.71570609216301 -3.61455622463291 -0.275425726704659 17.3980519357862 -1.3899470539097 1.2648832412365 3.30588762331925 -3.56669216459759 -1.70170074260445 -1.01130402328258 -3.53188065064073 -3.13190003401878 0.663058368303931 -22.2249656180749 1.20429068773074 6.14622186053981
10.8035927881589 -2.78453694096751 4.54768423847726 19.0702035171797 -2.89800267425933 1.12734900355383 3.45054347267059 -3.52529085674266 2.6403341308905 0.635163941763525 -5.67685533383184 -5.68020536135435 -22.5248745263135 -0.0956615680913384 -1.01364009323715 7.28179920653992
6.40123621548304 -2.83897066171063 7.86537412920022 20.2174969191836 -1.65168763742065 8.98781655685789 3.98506853187899 -2.57434511453334 -3.34359697041561 -0.0990814096255433 -0.735471561521133 -3.45845899517247 3.78340220835723 6.74120283090866 1.0430137380448 -16.7794337650596
5.7805518452211 -0.577217016948526 3.41151667925076 15.6193187050775 -0.477299980909992 11.1998705333354 2.63570936997498 -3.4164928061846 0.634420139073451 -1.30568723844967 -2.27763865488128 -2.682138022726 2.67770019319979 1.32678519845978 -2.40488992732755 -19.2628362010924
7.62748992810775 0.280795891255095 1.47060634165629 18.6136406604547 -1.06625226072921 2.1617088912958 3.17401280348295 1.32005481451167 3.05774888396797 3.59910374818806 -4.57033129023906 -1.31659109673407 3.33637181089217 -1.37463556656287 2.83398463145119 -19.2562086457047
3.69959014761417 9.38087287131435 8.74129598224323 3.84541012976715 1.17473885401776 5.87972009334728 5.55024854418092 0.144230515528543 5.15999157639456 1.54243913682836 3.9817759966318 7.55796436909026 3.84775352473671 6.50176447803057 3.4009539412217 3.09010204789259
4.22257915783506 -6.27066802856449 2.7715569685151 13.4296128847408 -23.0289475400567 -0.141727375079438 1.44026370639019 -3.88040981163897 -2.7303379072168 2.6673310833115 -7.28513669668691 -3.95582436837298 0.0548343008504979 -1.6045080036931 -2.66288738520821 3.2829183812975
9.82264259955293 -7.20716228579554 11.7120940082002 15.0474503765027 10.8676443859867 -19.3493341848743 4.76297257077364 3.02677287694539 -2.27872537125293 3.03617455942939 -2.22709471246197 7.22668237143039 -2.30716597858127 2.07791485100884 1.32261220140903 -1.67182725050413
6.13158302170235 -9.91919286160866 -2.02889018918684 12.4949630725394 -7.68118322390158 -3.31432020128815 0.810677644015064 -1.12722368563745 -3.7283618409163 2.9108424275452 -4.64507171313855 -3.94173498655812 3.75258525237443 -22.7349353508823 -1.43341240017053 3.45751461832605
-4.59227169799272 -10.09699460074 0.657619662429264 -4.34843241524879 0.913701791535791 -3.17153074380397 -7.54801468175628 -3.52058050624373 1.30009548557688 -0.0239735450632526 0.230357427994353 -0.774973119334704 -5.39187789538865 -0.655722512944565 -2.89540226526595 -5.09507691258694
2.99802909964558 -4.50534415188579 3.13608603044121 12.6303965979528 -27.3585071440944 1.19143941866779 1.23513684049852 -4.51752240903389 -4.19706784908945 0.160145032157057 -3.66767475654655 -4.70716268472914 4.3598466136207 0.913029135080495 -3.34289885682781 2.44333459848482
3.18019086617753 -32.9185284705307 5.77091767234423 14.7218069452408 2.60227794241176 6.17045466421448 3.3591477445038 0.196335494565825 -0.0708865439021856 2.47028483453172 2.49672792670134 3.89706250281826 2.92806107300583 2.65345602455332 6.65581884277146 7.47968359093589
6.47156238522655 -0.428610827751699 3.2023291708289 17.298540933586 3.11361188503439 2.23747571645185 4.29699050093129 -1.81505755474803 -1.6606914228764 -3.61540223420494 -4.75825226462729 0.088235082420796 3.99705711129292 -23.7206540001842 -0.0240404363434694 6.09000331045061
5.08791449204763 -5.64741060882917 2.06208583713977 18.7185038709769 -2.00634467585204 1.56572302067505 2.41182222807639 -0.0311059570598129 0.137056125031602 3.24380547743774 3.78416552998814 -2.21488641014367 2.41890534319527 0.216286525597485 0.522143004321474 -21.8268461187672
2.54568679104703 -5.35462508905744 11.3501270587126 12.1010265759979 2.92128394275231 3.8333408934372 2.02568857202002 0.860122143486573 0.120177546118009 3.17059961346736 -3.69222858660442 -1.91606601322824 4.07303416765795 5.21481023720073 -23.2086332679354 5.91695808412635
0.747362469914025 -3.66880710488468 11.2318362087736 12.418479594654 0.786748439224771 2.99803594992749 1.1311320920255 -24.4415553753563 3.32719960714399 -0.657568634650528 -2.40971141539795 -1.00929179661268 2.96629589711112 -2.9114592667691 -0.639662814452233 3.57682061035339
5.70082348361211 -1.46428209542296 6.91106435520992 17.8793124007775 -3.74589978762835 -1.24132332687034 -18.5582585685645 1.41251466427584 1.79713559541264 -1.38527683322583 -2.35827214422223 -1.16294212482742 5.96808990804046 4.35085325726878 0.0869540451764719 4.70811941908192
-1.41308579127217 -4.83441038571585 2.58742464613119 19.4821256538478 -3.0705308831493 0.269917246849287 1.57898485511011 0.38361300007351 -3.53939549398321 -0.770743152051616 -4.9435492881157 -0.974322576835891 -19.4729554160235 8.11205088508805 -4.57777529834693 5.85737862153058
7.05488069757012 7.10729820085956 9.43378360070218 3.89915339518363 1.5771908066209 9.52746521181054 7.17709597864179 1.36324860348807 0.34211292273232 -0.0718911650820946 5.19357232953708 -0.065777755741999 4.37348765119258 6.08307751166662 1.56619590100397 0.517031953754677
3.70471513956367 -6.91203316869203 1.72764969776118 8.58573262684286 0.68717156407901 -1.87033100432073 6.98636196595899 0.76700121243036 2.14053255091394 3.13335040482005 -2.88584801108463 -25.2193001016085 3.69517643639713 0.561773597109977 2.84448569682648 4.97420835614138
6.33503199989357 -3.62553119939206 6.17168617247269 14.5229467377064 5.34401497606784 -20.3864686083345 4.79759692607215 -0.868968178304614 -0.139905476031138 2.31476602423714 1.67003488191829 -0.662052024215342 1.06852964852552 1.47651936753922 -1.96025100209517 5.74093062291925
-0.476575061804994 -2.65514202456197 1.67380376900256 13.9514474681886 -2.7433142788385 5.82642428618519 8.45402504204811 2.36180834389202 -1.04258040368809 1.16612223400004 -20.8532758657268 -0.420199164769661 -2.32560185012189 1.63363489951858 2.35067264338524 10.6903010400748
3.33295574061144 -6.05556116000724 3.48688386008791 15.2811615872491 -0.564650313315826 1.64366878830451 -1.03959331353981 -3.07095336320255 -0.993639181191875 -0.0565601760710162 -3.74462480634192 -2.52274898672324 -1.35710691508084 1.38371957962623 -19.7813448381238 8.27539572250114
7.28669323999769 -2.09929323091928 2.02781059331698 19.2298866871836 -0.300136094555225 6.42677122395724 2.12908030067171 -4.94574438313597 -0.365148299266943 2.31239599083834 3.81759245225512 -1.46810772867623 3.87469799159795 2.26899819582636 -1.29208244060213 -18.9135348487272
7.12292191509208 -4.53993033008558 5.63024576846223 17.5544257701137 0.450550500045986 1.51669852448429 3.9866176867542 -1.77472314660705 -2.66866438280749 -1.30750288676424 -4.80896240125096 -3.57002038368741 6.33303824217989 -25.5002453333593 -2.29310730001753 3.64655183774246
3.73373364753971 -3.41858247796127 -20.9173032670501 18.466446539462 3.07547359178412 6.2120157641578 6.02220168161759 -5.57605894777263 0.0673449623238321 -1.25847393758413 1.28542849708534 -6.6909034228481 3.28182773153936 6.06991884820084 -7.74191260268201 10.2188371131489
2.2802490614622 -6.2223578901834 3.85539234678179 8.561518146753 -0.956871591381039 -2.63301690854704 3.61192392690464 -27.7969134828519 -0.801518058389637 4.26926593831977 -2.90553304743523 -3.00110489271097 -0.89270841387443 -0.333038103671874 6.75860697901964 3.49682370892237
4.23010810030662 -24.7469770074378 5.50516922053412 8.60433917355013 -1.43726931205833 3.23208017585171 2.74964870399421 -1.40269032205827 0.962045498550073 -1.69810373719896 6.73815622872291 1.20898348690946 5.05222247513333 1.60301022223347 2.50348491947817 9.57440556152415
9.70155110789524 -6.75754363349365 2.30400302858155 7.98572178128513 -3.28097312042224 10.1708556658134 0.568864242467723 -3.40769813376703 -0.751097004645273 2.67472718990204 -27.2739373811933 -0.629323668411535 4.43309110066691 2.76379396175393 4.73568436512416 5.06369730933628
4.27022779953971 -4.32860402822964 8.21200608627943 13.4328175682576 -0.784893038302742 1.86943084543493 -21.9452846199042 0.645732452112508 -3.07659755765193 2.13050372702025 -4.43788190859442 -1.15769866017711 10.0126632686875 2.37042944952207 2.8600032068681 8.96014072730099
6.772241486028 -3.54692255210685 6.35024592181439 13.675445107856 1.95586408432194 -3.58209297389844 1.10522253003471 -1.75627735652826 1.67306055412883 -2.17542241698977 -1.69550654784955 -5.20287315171313 3.69233742781775 2.28757221324628 -23.9934163072172 7.60500361218567
6.12924987773258 -6.67616288050089 8.4852694328791 18.9495310246267 -0.239969742345339 -22.5012336465797 3.995308968971 0.274914943183427 0.574462218048421 0.826199329850333 -3.6378406037134 -3.85490318706344 4.44894457892813 4.31001166656693 6.14077314352084 9.24301278995619
4.16252237975846 -3.09235855732192 0.212910811610641 13.6680351397467 -24.5983516689008 0.522924457500818 -0.906857587429333 -0.328529143808523 1.52537023182119 2.99166143193945 -0.505731585009357 -7.35697466420573 2.39344461168084 0.962220329944992 4.86548552107367 8.96635031990436
6.07488452809889 -3.86020343588878 2.86335012211622 18.9742348714342 0.385764797503823 -18.1692609960462 8.55860186801448 -5.11121583813953 -6.3192384027321 1.02656261755256 -1.71828021994982 1.10899086930799 5.68525419137503 4.11931029914195 -4.42841525240733 5.63195020240345
2.28089089385621 5.06884879083773 8.7784029386827 1.20964175465573 -3.08765567898505 9.39913121774374 8.4912416730285 1.09446634065636 4.94142566948479 2.94578441772829 3.17843518321725 1.67078845778189 -2.32240797149712 3.04203994726638 -2.55615465429013 8.731737354862
6.00979761603976 -5.57099293149621 4.79005575421985 18.7196921950985 6.03141767619886 -19.0636754585987 3.30836359493273 3.39802272507999 -1.28577611356061 3.82750761193809 -2.83997887982548 1.85694007451663 9.24557008537032 3.6300135271103 1.73643564395519 9.30418071490026
5.96034081432204 -5.74759615235351 10.8804753606946 14.2069852517681 5.47015708413609 1.62721776748525 -19.8803350584151 0.81126550072925 -2.51464024706358 2.99769399398301 -2.41843851077397 -1.34278039946693 6.66202570357933 -0.299068386350874 1.14500592213842 -0.82579146776289
2.35438109777669 -4.89570346044407 2.68827791827599 9.93524730286785 -27.2693516469755 1.27915950591954 4.67411731077068 -3.71784393619598 -1.84642119116252 -2.62698364448472 -3.27646715521328 -3.65948494126578 1.43782565527848 4.78137257136713 1.17919305062842 0.744378678839539
2.6290025349137 -5.33140217480507 -17.7384512030239 18.7889352180567 -0.114513734756514 -0.989492659017359 -0.307587276254551 -2.31179467145182 1.04067908509782 4.6950613232281 -4.07328847584876 -1.52358190998501 2.75366917200723 1.09858679084797 -3.25008890362832 3.59104894801163
-5.06465022852171 0.220981495143197 -6.20356762548132 6.50902592925783 -2.45787629361787 -12.4888459622508 0.0413001986121255 -1.34600825329545 -1.31352856089986 -3.94081431330012 -2.88503244454233 0.13088592703669 6.66987491074566 -2.68837899659824 2.06131222139897 -1.45799965554042
1.58024141985016 -4.4226655687425 -1.03766653045303 9.18170286541652 1.92087940374397 5.94869304705673 4.40182345632407 -3.29627288086977 0.734609363170142 3.08174655313761 -23.4647972317342 0.0560542082660085 2.97567999080417 1.03395269885721 2.2397745009747 5.51394903066011
10.8239363474567 -3.11602292625101 12.363824256725 14.58197090531 2.63294807691886 -1.75401783758141 2.74656543038698 -0.991159326296693 -2.92387289844378 3.34090533671977 -5.26011909480936 -0.315853165735753 3.15135843120185 2.08409819282216 -20.2193513996763 2.25950795838985
6.45083415935782 0.129937785441297 6.95903881406429 15.402007370877 2.09768325703871 -25.0139498629948 9.71044242264546 2.47770717614808 -1.04060499463851 1.23975172441584 -2.90141811615401 4.48606618772829 4.14402980159472 3.10526785354562 4.06950610103328 2.94125090143487
7.44456797081579 -4.19193191533659 2.76272993993931 11.8219182965446 2.04492823332925 -6.08303298559809 0.92726197559378 2.2098566612339 1.73890966518054 2.5906008444254 -6.11927659701027 -29.4394639611639 4.88800931884286 4.20118623179275 3.22307539897742 9.97707846586418
7.42054959023208 -2.92810265550059 4.26380851964823 16.9093916423069 2.0552825796096 -16.6521044153934 7.3195116382027 1.58760183431122 0.122846877649222 4.60673214486644 -5.43366282287177 0.207366503038837 4.14218223920775 5.15037493978174 1.58404542822032 3.12012255226921
-1.46252207320375 -1.91013926683713 3.509891500954 11.5398785375951 3.12299037208873 -4.00266487302483 -0.278791130677393 -26.2077989070442 0.533543247194045 -0.25323747188885 -2.33094413591467 -4.2013895032844 -1.43163181038516 -4.24918064839879 3.9850268699841 1.62580990681216
5.51089268012479 -6.01738125829019 2.37950132660846 13.0295750243688 1.24786357704172 -4.52819249434372 -0.469654108991165 -2.67758167729129 2.71300927848002 -23.2865494492137 -4.07096160348995 -5.8478791837845 1.99020479989384 2.76217963535013 -0.793596986323791 4.21367148115275
-3.88531379509368 -5.67451138673776 -5.17276545735189 -0.995360360138935 -6.97825942052609 -7.7177389983901 -6.7745480351927 -5.06217769890167 -15.7040677059786 -7.38261989071149 -14.3977339062725 8.67533717192509 -10.2177257627934 -3.330706786711 -0.504651737460968 -2.79159330512934
3.06475118793246 -20.8322557637219 3.55449635850042 7.32589766954821 -4.07584514079631 5.17907680816268 -1.91696760273941 -0.175576702223665 3.68711381573153 1.97078072640794 6.30070289421772 0.935301472951238 1.67033347381436 1.10472218750248 1.82154461326647 5.46145211630986
11.6427600386259 -5.55144714081647 -0.0112709412442236 9.65932163298962 0.0574161281379993 -1.93771509205916 2.29590680905762 -26.7362602790292 -3.71750601411019 1.64766253080023 -2.53765131790902 0.363588866801413 5.79260965429242 -3.58940108932942 -0.784218211215572 6.90645268431159
-0.597362160041683 -5.22961372242772 1.93555653685215 14.6397918074849 0.95094509172398 -1.730161842057 -3.4678335895311 -2.73346925403988 -21.281522562818 -2.08597462123648 -1.08042305050118 -3.75537742084731 3.45760597644704 1.35074876327681 3.09783970018602 3.52255316491537
4.57782628815952 -7.43688282370205 2.29241796796745 12.1401592943936 2.15751622343678 -1.75514631127268 -5.10445249286012 -21.1368828490108 -1.04776440621363 -1.06109107700337 -4.38645397619845 -1.50129279209536 0.252272954954784 -8.92064453763038 1.76180144823986 4.06842924215909
5.36756489489526 -5.99401817769439 2.60011395196304 16.3460817995308 -1.09125681121854 -0.46481431608459 -21.4037561735871 3.53026168621329 0.549682085073301 1.28448446263628 -2.61710059779901 -3.15125016038096 4.32810124939349 -4.30598328231375 2.19320515977861 2.84467217734612
2.2066688823301 -3.65878569448442 1.79104785677797 11.814289805699 -0.557032810806187 0.274810571429542 -2.36989477606605 -1.76660230669565 -26.0237685529547 2.76469353387163 -9.88169796150197 -6.4264934802276 0.310147417943377 2.04810582284438 -2.7890801543759 3.54608587177106
3.14733167649584 -8.78521808330519 -2.60111408777979 14.598385612086 2.53090099035935 0.400216015888473 -1.38707831967013 -27.5050196939954 1.07725974792474 -1.67530092606513 -7.63919256586508 -1.28134900491352 6.42174340218494 7.28142401133933 2.54138026160744 4.07590296044839
2.02284108258348 -8.7665978726266 4.40939314850973 11.0434433002546 2.26524319119981 -4.84189104440547 3.64509122103397 -0.806592386624227 0.218516443016449 -2.54016170694677 -5.96171227374 -27.8665801719627 4.43406385648244 0.200421572902846 7.25516803055691 5.10689870795234
6.90764810728698 -5.84727693164178 3.51039158892374 8.4720272877552 2.89081398965519 1.95883251520268 7.05359272570177 -2.7558910911503 -25.2405322692697 3.35820947000443 5.71815024807919 -5.00319303288887 1.72893591249 -0.296827319970166 -3.74802818132366 -3.62209770023594
3.8975831028102 -2.04051687950355 0.784734114920616 15.854989472707 -2.34477603407559 -17.7297084920905 5.89465417129068 1.79986756914164 5.75853305128736 6.58902504907294 -2.36609359104816 -1.77514872525634 0.492925582163793 2.390247959967 -4.58370139388581 9.35051192860403
7.36304602865328 -7.99376429595279 8.40705484808908 15.1077885484065 1.52905537269598 -19.6825055194499 9.33955730901111 2.88977365770202 2.90627011725667 -1.99024202650473 -3.3109633426777 -0.342574760450096 7.14195485897823 -1.3555054584469 -1.60350431129059 5.9494046843261
4.34783389792846 -6.58052648832394 2.50471876679466 12.9916036277327 -26.9667535112273 -0.159471478304335 3.35392433583475 -4.58381687555362 -4.14795328882126 0.867424764078009 -2.48173396497663 -2.7275834490805 2.22615452850897 6.85012698180944 0.107759996123848 1.0600689502347
4.24419769599335 -12.0782718443975 1.9311087756178 11.6052331345576 2.85940098055062 1.15422697454378 -5.27373748653281 -24.3089918135129 3.13946692687143 6.27531617434128 -1.18195890357517 -5.31818663519459 0.616126274086341 6.12663854819008 -0.67562620791401 5.0576150696416
8.79423882714555 4.69819427700836 8.57189424536258 -4.17428614750861 -1.06188942824496 2.82521723191449 6.48751377119759 0.443012336094499 -0.616684032795605 -0.227297209554972 8.10974990371637 2.36933849911674 8.5567943077638 1.98900683309025 -0.44769659563299 5.32986873348014
2.44354507334184 -2.94855881861264 6.38835487102587 7.32596683236153 3.16055955186019 -4.18418977987772 -4.03596405916984 -26.2495511005956 4.91494570028503 8.01150810069375 -3.28680861246098 -6.0837892451115 0.959252931058303 -1.33011858025958 6.99163448856226 4.67195458843013
8.24316036669078 -3.59639827901734 6.94084263819854 20.2565829996455 -1.44335635528517 2.88603715315363 5.16561085955329 -1.72185826426794 -4.27188293670158 -4.97899459722933 3.28872681434168 -4.99426828093596 4.87111191570068 3.08142178793015 -1.46156336618921 -16.9728766337952
7.38391539335174 5.09325997217642 7.11782044529882 -1.8739353851809 3.83659477412283 9.34686357510202 5.27864791626006 1.11950928219524 2.09974185749231 -1.72380953387062 5.30601739713457 -0.202144211440294 -0.773968325305688 -0.768910377891711 1.9114780116118 1.40315775615625
4.47379016407592 -3.0994807271067 3.24475346259396 9.92290490480474 1.73883797142968 6.2404896899151 6.0492242617186 2.5178735528805 3.49284871842404 0.65596012165721 -24.6083600286698 0.0938575127984774 5.67070264133518 1.17694489697174 -1.08091670426199 2.6580294088479
9.46838750824794 -0.538704854621464 -17.8665977225772 15.5184661409849 2.11003423224989 -3.2252862530137 3.89555429070457 0.466038066497016 3.27750714385462 2.17698597816527 -2.80256972781257 -0.870672245350206 5.79089878897041 5.5223055482011 0.904348990669823 7.50862906821617
2.38454918816269 4.48442401223372 7.36728794625069 -3.80410103895842 -1.5522835098889 8.25130391054301 3.6867455853588 -1.31272265539395 -1.05375290449641 -0.500281170399738 4.07693749082952 -1.28614574720658 4.83405927611875 3.51709894766292 6.23511295851652 6.02034342886506
5.28952756519253 -30.0873691194012 3.88843820987953 16.6462950129831 2.33964092095502 4.71852884900349 3.30496023096549 0.497251509376456 1.99688879311344 1.87650748685455 -2.43641045854145 0.949658322326894 2.98834219349064 2.65793480953199 2.27752368050325 5.14698010126774
4.74058376849605 -6.61791776708711 0.651706078505992 13.8068357921881 -22.0245126874312 -1.96691205627707 -2.74344062207645 -2.71351551868734 -2.89193062436276 -4.20449363946892 -2.220061129878 -2.37680739409221 4.668062251252 -3.17183043196738 -3.37792395254255 3.06195087735636
8.67727923144943 5.72594915023018 8.9470972682692 0.162134989656261 2.02804740458481 7.54265721337301 5.84545044695217 -2.26863134051891 -0.512568114935025 -0.809168752505462 6.3029822047343 6.66089590801806 6.60780034267758 9.10716386075246 -1.18213795761508 5.98719007137424
4.91039663050051 -4.28637783289058 -0.0881404273752198 14.3601563192532 0.505291034825148 5.01341747451745 5.74507599176715 -27.3925444749136 5.01158686706985 3.10679960221142 -5.48023883463109 2.96957448597823 9.84368027937283 5.82873616375036 2.20578618185712 2.93160393004631
2.51451531978044 -6.88840508360447 6.19836559352009 14.1124062006506 1.15928405489082 -3.05472780247017 0.124350935683945 -26.7244938572543 0.454740631295193 0.996008331272099 -3.0562586733678 -7.05296446957119 5.45054868842093 -4.12403177525319 1.12352528526976 3.21739696810583
2.19303979676633 -5.60873296813287 1.8103282811332 16.7660697669105 0.513579430088934 -2.53775867026942 3.92697287541624 -3.7611388086777 -27.7320180336653 1.81837765819334 -2.01538444789468 -1.64440044188078 2.42623704493718 2.33275526190155 -1.16834636859888 4.38296545709135
6.18734270283535 -1.67118547075992 12.6741436516791 18.033531858911 6.72618496174261 1.19480011832791 -18.9001247504544 -0.588529042209565 2.99725714171748 0.308548556271756 -1.08927682707751 -1.30385227832148 5.00392716338971 3.46463355463418 0.309118066538004 6.75392939169854
4.25926533798919 -10.084731764039 5.83756307689049 12.7203177002848 0.407380801814783 0.414108451637362 -3.81822014117911 -24.3421564800747 2.353360545026 -3.55420602506595 -2.28922457762445 1.14866791203903 2.61523026494523 3.21147540938171 6.83187492789395 2.74416010332372
6.61653082247897 6.20842954716691 9.08434167138077 -2.5207345893671 -4.53219039357688 4.23127663225404 6.21701192445851 0.156644838063724 1.65779958424329 6.24084080402411 1.13169326981589 1.7417976141188 5.88683863683214 4.7504582904843 6.796154541009 6.62300913893033
5.64557087954396 -4.0428894780184 5.17687242868997 21.517693401666 -0.545189780562278 0.652973443504596 2.14271738038703 -4.05147996820964 -5.93274683728192 -2.17992868693674 -5.81363141581263 -2.90983535634872 -16.9674198934443 1.25880174408157 -2.7782207857151 4.91946333762532
5.0793212772104 -6.69271639534765 0.740235560792866 13.2077855555552 -26.9754959655737 -3.81939094583812 -2.06284640792881 2.12399562586271 -5.66046848275833 1.77577286683839 -2.23648560044473 -3.2943130170486 4.99836367497014 -2.56201454039502 1.42383260357892 9.7451954707921
1.43551366519276 -6.20674083747079 6.16125049271491 15.5354318423281 -3.48557117386125 0.829178154088783 0.654820953239185 -4.64060447516665 0.434495704060533 -3.09688567453327 -2.2992629846816 -2.86150866521151 9.64383201099852 -25.8093576779913 -0.923431897887654 4.3958540728211
6.14046131190617 -1.30849440160708 -2.97078623809027 11.2836547822389 -0.46440912446904 -1.38542889979524 -3.16395965483175 0.568408726352962 -0.561064197876561 2.05563208063416 -4.45303751116612 -3.16827597061319 -0.9830770411516 -0.754031231552638 -28.5614357453114 6.09898475106317
4.1774599088961 2.39078579922594 8.78857608671228 15.7974207243078 8.31515437109597 5.47033337433467 -22.0336208536203 -1.91289196669897 -2.01137321081877 0.280475575329993 0.145713262213178 -4.39200176726782 4.224916935493 -2.88780167814364 2.08908738539034 4.74430736250393
7.67289271755072 -26.0914000858653 3.48015270961789 16.1765310025825 5.17965347335644 3.10656308961987 7.15940304143815 4.29532714641426 0.246377830910895 1.50965612646877 -3.07781804051925 3.48884539841308 2.52925770718851 1.57659484727269 0.307818928601764 9.52192823979757
7.75122459075974 -5.60219670274146 7.57666484543508 9.69123867015027 1.89740981042585 -1.11185796760879 -0.4277575224249 -3.37047025722807 1.24623813069512 -27.3949729495966 -2.38960330319443 0.953877009574619 5.27420770636098 4.37551599890349 -0.437511120639909 3.43123102905831
-7.95955597737685 -7.58238504541736 -7.23353905562667 -5.17174911636014 -2.23365232477779 -13.2465333964434 -7.81570651416628 -3.69103813792342 -6.59724212580296 -4.21871354951884 -6.7624194316405 2.94575639190025 -7.15507239747068 -8.33629334507017 -7.33738041690023 -9.88576936020106
6.80255183532414 -0.460410595978182 5.43241011719825 18.0235244446407 -2.05934478398898 0.74028624270651 1.80564441559707 -1.27337536989047 -1.66122208719139 2.98196266050422 -1.13201113799141 -4.4133033292259 -13.7875966710672 5.23932304459137 -4.43800544874458 6.1041257154237
6.81963378263687 -5.97970271731518 5.68982155918456 14.9211893214664 1.16325997306278 3.76314809264627 -2.28316218637641 1.69000252015763 -1.91458134091674 1.7906009043364 -6.79599662791109 -0.661453697426411 2.61487729900925 0.3949995161738 -3.21437620070837 -20.7924667209183
3.92700052849528 -4.351439977334 4.11400694039554 10.2778126235357 0.288161764737327 2.46459883631895 1.35101501427488 3.63548281108721 -1.12770866118627 0.988319646255232 -8.44633911355188 -27.8509733914566 5.09330801950432 2.85332495090207 3.93931445318897 -5.66327367910178
3.19076272038674 -28.6881540737784 5.99424498620758 18.6908858680641 3.72395761095727 1.62822199699697 3.3325722314003 2.45659474596795 -0.650874096029147 4.63149210267058 -3.58381152179865 2.64748344955827 7.98892502326415 -0.408643805667551 0.405118028064058 5.43507172408856
-5.8221555391093 2.65157256318049 -4.61243601929307 3.22806180073618 -3.28350924820964 -2.82451479030807 -2.11801584753818 -5.92341520374673 3.933512330898 -2.5799942572649 -3.21911284559645 -2.62326318682758 -7.68932164111849 -3.21754812638252 1.19622414988751 -9.12128459943283
8.71165638951259 -2.38562750394967 2.69095588651491 16.7035147842929 -2.24569528146935 2.32621927939699 4.31930331808093 -1.12081084544114 -1.98630825906067 1.14689980437538 -6.13764110574932 -2.14713156539056 -14.4817382151531 4.56607674491421 -1.2838255805124 4.99988370251996
6.343917662687 -3.19327420336251 11.8148355043183 15.3335664564116 0.594300388328791 0.343154159882576 4.02128339062944 -1.31655634225274 0.365602468135736 -0.435796471591887 -6.14213441909504 3.74112758264782 2.73479871759797 2.94556469070028 -25.6279244337402 5.04495026729017
4.46563711175546 -2.97690761474853 1.74349683098299 6.8027863080288 2.23177458190664 -6.18703278548661 2.60376907294496 1.50639741740752 -0.333392789734104 2.02954436437841 -1.49601669363673 -31.9366290232179 2.63892400324054 -3.83518166219709 1.80311035313908 3.26369309002128
7.01053532163628 2.89193543497558 4.17536199372758 2.14782118850565 0.310498795494945 9.39471417336186 5.17385598110635 2.86966087496674 3.45724480239101 0.574057953088172 3.62983037629194 5.97201658398388 3.8490155391579 4.97987328019627 2.9024623458643 5.82887769480495
5.23153193109343 -24.9031549640055 7.61559696690536 12.9483664651294 -1.5055914550588 2.9210484884526 5.55636586505927 0.667347997001655 -1.28676626484295 2.34586698111214 2.12423121905709 2.63572582846781 1.19152766139256 2.83725639158803 5.07440955982402 -1.65925023498081
0.801572816658724 -4.67182295177749 4.68733144018816 13.2556152504606 4.22365366710941 0.0366539095534199 1.05134208417588 -2.98710921939044 -4.04511336869056 0.448386383184246 -2.97148557882981 -1.34247858932844 8.37319113831292 -26.3262381631008 -1.09229988991812 3.96521130791181
1.70374736147976 -6.1427761497318 3.12636420234263 11.8705448173939 -1.87491576523431 0.656384803617091 1.79193093051052 -1.55927981139428 0.833389359492018 -17.2753714172251 -2.03091244652014 -2.16040870604657 5.3472112893855 -1.417469574371 -1.51798575826852 4.4636384444187
3.0784590154116 -7.23912240071909 1.54799212843654 13.7985084849329 0.58414636209154 -1.94394529252714 2.83879838105306 -20.9855014871777 -3.11947857412043 0.0487427532850782 -4.14917239830795 -0.641951724613712 5.934921534258 11.0807454428103 0.725128626210512 4.31628918787334
4.98375040365894 -4.27862224717996 4.88344183838565 11.0986675239065 -0.0907811047337093 3.7747411054693 4.06992782419815 -0.0234588468859588 1.33279913416622 0.965565896330708 -24.6868349582281 2.77151191821175 5.35039455513835 1.41091341836539 -1.81833758298652 4.54552924037981
-5.8058760963969 -9.16766457446993 -4.86267357409384 0.214565191653619 -4.80482616938606 -4.07311017108015 -5.31531330316681 -0.546815920140622 4.80214193654152 -3.19550109671067 -4.66111744422603 -2.26188704468787 -7.98976741535175 -4.54541449142379 -1.89784629493994 -3.85015311363097
4.41728179934361 0.258772575900815 0.465642856188579 16.2083624071546 4.38217424321318 0.514198612516371 5.53901215392487 -1.68057281598247 0.755688244607762 -0.210323141396906 -2.47249636832079 -1.70824300249216 4.67862601204871 1.40592384643138 -25.2757388171681 9.34173301693767
2.72059715836763 -7.67888758803439 0.863496157717218 17.0934217390932 -25.4500652361459 1.23371512685075 0.318002069456714 -2.92984436213481 -2.43193418810101 -3.3559387523485 -3.1812258658915 -3.67980130812827 1.14046288230495 -0.757210756834357 -0.433402557598823 1.25759647591989
3.20714604664543 -7.92522464702265 5.27109785083061 11.5090753915768 -0.269094059397584 -4.69599381305343 -1.66106550016876 -19.9043466188264 6.07627234481234 7.22976435620539 -2.39191983457512 -0.329705964552168 -3.59866678341814 7.88914787652495 -0.126877982958842 2.07080074315804
4.19646658572593 -5.31099900170873 5.79181145644655 13.9946856285511 -1.55937783552451 3.7158386954904 7.2128884544771 -1.09604781200259 -1.68053512687003 -0.668863740667748 -25.0769439940229 1.98967943390457 5.49423949324267 5.55260031001857 -3.12643884784554 4.51921590182744
-1.92600730654286 -7.78865536384784 -0.550007326917474 15.3837392664942 0.451951359704832 -2.88905423114073 2.49700905083265 -22.7122105633743 2.30882510628955 2.93038594131482 -4.06214670229708 -0.326870653276485 1.70781515192731 -0.817288587052087 1.80795335279325 5.31309072719888
-0.861761502069991 -1.11523266200942 5.54117408861426 10.3764156039169 -0.899694086082431 -2.71580370178277 4.7389030791915 1.13086564849499 0.55434270519866 -0.359022344407907 -28.4586959609758 0.946887011285787 -4.85706728783533 2.64356030544276 5.75805486015049 2.1400963340463
5.01777951008295 -7.4443015472087 7.0276399930585 14.5303002908724 2.34241745843873 -2.762383863825 -16.8674480632324 -0.79226319460952 3.4238041998251 3.41486958788865 -1.62295225754814 -3.52951415734344 2.33775624935264 8.90797483091727 1.95704264389102 8.6130928625739
8.26275514503411 -2.78824844498423 6.70963884812372 23.9519198058911 -1.11955176875005 0.469078074408404 5.12083106760716 -1.77466513886661 -1.6011507864256 -0.290098827024434 -6.18097462448081 -5.56443597422933 2.88274500670444 0.475052436681792 -1.60192637340263 -23.4914210289899
8.28140847799566 -4.44140297455543 5.07035860228913 14.1997127551055 1.63143321283942 0.972834883498612 -0.319769992964457 -3.80055065511132 -1.58978056873968 1.58700236299337 -1.51918266118846 -4.6324507773647 7.70753533478484 -17.965477330495 -3.67846727173625 3.66756355997086
5.86548199086759 -8.07746310501964 6.96365256210962 15.0842538913677 0.419022390731843 2.40705795740013 0.668509925015247 -20.2304418897702 5.78227537736853 0.77679863740349 -1.81470616089624 3.99254249967136 10.716304478841 1.14917950748148 1.39538195467104 7.97424396331775
3.28364949836002 -25.2168615522064 5.4117656566699 14.4187976487807 1.79652293004659 4.51702221235232 0.2460739058207 3.06693421841833 -0.532633886026973 3.61024927142376 5.7163609945551 2.55842997970636 -1.73938149387701 2.15923445126644 5.70077776958423 -2.4093920987348
-3.46702235945265 -7.01457290646844 -3.66864433055237 0.614044095096946 -8.70209144348222 -6.89756528069116 -8.9461717596158 -0.689195346380139 -1.28688248801351 -0.0952072734428766 -6.01115203282698 0.955359545924302 -8.46654393919029 5.29832853391092 -1.32453200714958 -6.00291182680607
1.7646529403374 -3.08107758213791 4.49384398260616 12.4077759437726 -1.20161945424395 -2.70798494850666 -1.54010950235206 1.16033916396499 -28.334565237848 0.317766902884775 -2.56101973768986 -4.66403615951935 2.96074612526388 1.03681565664928 0.312758215031758 6.16287007665947
8.14026867604323 -1.27973384546175 2.89388405566456 17.858117164 0.345512598902701 -0.596442733591813 3.76785279817118 -2.57710188937697 -1.11514037448102 3.96992331138461 -6.51493527900238 -3.29952370049653 -21.3804194845193 1.76986528631084 2.48041566199157 7.15767898306285
0.661528804293574 -9.72762505823641 6.78668827549263 12.9546496306344 -0.0778351054616602 -2.47138344612571 2.92914323685386 -3.06836641173254 -2.00722403007273 -25.5410149627228 -2.31541945931607 -3.4076925598043 2.74422558021279 0.593349114738619 -3.61321065052466 3.64969550935541
5.67980832142756 -3.24846154422163 8.74082545123074 16.5311899632804 -1.89895008225483 1.93971731559204 -18.88102683519 -0.260321874914906 -0.474734834041755 0.58941154096966 -4.35247972454413 -4.12098728773059 4.47193397634181 -3.33871765368926 1.07800860885202 7.74486980647435
12.3983820085706 -4.96944680437671 -17.828918171067 22.0895149480724 4.52720908379466 -4.998088358132 -0.821881377458373 -2.37667622312974 2.69982287579712 -7.11756011342524 -6.35425563239711 4.2465312524361 11.9243749459402 5.09167355504128 -1.33687174073905 9.32869448229357
0.577771774944906 -6.54312486301685 3.51659429033172 10.5347501014646 0.893580473749551 -0.809207991929407 1.5600789185269 -2.42955128866645 2.05993345918945 1.43221340745053 -5.14510245106955 -30.3957994176033 3.41245721860043 -0.679178801154838 2.87133287935667 4.9417593273744
7.62238485999399 -5.34041701717555 -1.57332258497665 18.3189113486732 -1.51747269389949 1.21021296298437 1.90111665486615 -3.79185328813139 1.56220695260099 -1.8812254978844 -7.05272614896202 -2.36633964855838 6.10454315199362 -19.0516362978459 -1.33794608014199 4.16823820544849
6.45703551428378 -7.32832574492663 2.25197424411763 18.3091657009393 -1.03679330029488 6.47835786980978 -20.8829217468563 0.478904580277083 0.414194825118908 5.11421764931995 -3.90123976866147 -0.985719926620387 2.46439468969387 1.81960289254781 3.36855627826937 7.13193441701298
3.12147152047221 -3.05832375364071 -1.86863421764471 11.6416100773654 2.97875896908365 -4.81944483365996 1.049984491353 -4.68869135831821 -29.3196982746092 -6.08760145537004 -1.10664891598549 -5.06873651405482 1.61229025814757 2.09981930014941 -4.04870426607989 3.62230162956636
6.1666890024258 -4.93711407636 5.76886872616613 16.7010691515914 1.24517745470606 3.45884669216301 0.907430925197185 -1.51329626585353 -0.558036705992207 -0.515392304887596 -2.78939359575956 -3.49772432389095 4.83637023671484 -23.2127140762751 0.0903680486114973 9.22796254663132
5.01645564614044 -21.5704579629641 4.66818867945044 12.1087970554367 1.92164862375146 3.29386301010489 5.73563898193861 2.34236099077528 2.50393786143869 0.636462293201969 -2.06995721919768 2.99082327029674 3.30734080588329 -0.973674300968958 4.33453989932254 1.63100692091325
-6.07213611851919 -6.26549780844957 -7.38108234876358 -6.66993387806636 -3.81268757440651 -9.4824603452675 -1.0830171521055 -2.66958866790531 0.899174919918911 -4.88874883098848 -5.06321572158072 -3.90493482221385 -5.41145742461699 -5.10476252333408 -7.58242674405829 -8.56440062952118
8.53170772240651 1.00389109076456 9.30880882487086 20.0690577907215 -1.31674909242977 2.59469640366749 4.40246462665757 -2.37389082294264 -5.51626210475134 2.25174613133327 -1.18953550650312 -5.91700967356911 3.38373474880597 4.07423769415748 0.880279742371988 -21.0631243262194
3.52687017038283 6.95778515148864 5.87647576226906 2.15482958071516 0.562229370794606 8.62918266199613 7.73305112291725 -0.994607829569705 3.78707768696272 3.11763940234433 4.35573542110477 -0.209807596619389 2.08857263482339 4.29412986062507 1.35656992906589 3.94752971669215
3.89694367736737 0.0963297311523377 6.52580490142271 16.3701851947515 -1.84603658385235 1.67211786114644 4.91503318185282 -2.0056602143485 0.268853518809051 -1.15853675327578 -3.29022780760039 -2.1103690662903 -19.0321302076467 -0.849232443415157 -0.183597130431404 9.12014301822334
5.16851198466761 -4.72055552831931 3.22053305835123 12.6535593932435 1.67681304214782 -0.921825460058344 2.26507848291245 0.301423587380913 -1.80342553626653 -29.174892158584 -5.63768935814991 -2.24489975844011 2.92349040350861 2.02660850032663 -6.36463199183927 0.0765255657992032
4.12803035935741 -1.50382258700867 2.704706962357 19.7305157798829 1.34720189437778 -0.155569469551953 3.8993756311498 -2.90016816143064 1.15234224683176 -3.34713927748282 -8.19434712928368 -2.32035986151457 3.24646117855253 -21.8781692344669 -6.24790960950497 5.62449149942015
-0.424920471296179 -2.67058609062897 6.59137616688216 15.2158996779431 7.39492786724496 -21.6881628783003 7.98749041529061 0.497909339895733 -3.97281407456564 1.74260725363165 -4.76536399306341 3.17939419116587 7.39257417162763 1.68019537243444 2.12718885003802 2.80538983818048
5.47274255791233 8.25176230706589 7.87380001296529 0.727616589320396 2.45150008729013 5.03141532506785 5.20180122600615 1.65533340710248 4.73664086167971 2.9333846983435 9.30870481595007 1.19441585469461 3.67154314636047 3.85493826009099 1.49173545783293 4.09088966553284
5.91624602763539 -5.78958588499485 4.66301038577968 12.4859691566832 -1.23188883200734 -2.43909643717018 1.29871598402621 -1.78913408984241 -0.0703806514298762 1.78507604742837 -0.304577310455771 -28.4177606302521 3.78816360860547 5.85178225156314 1.6647094502866 2.40959442463044
5.4626727909586 -3.91732101009654 3.58661390046499 12.6953125622004 0.0258990057286931 -5.0920568555605 -4.71820711073664 -3.88980905256359 -24.7874946605496 -3.13234266092805 -4.67699513552226 -3.7877382490209 5.40875305135197 -1.80127673106574 -0.063994416870057 9.6036615141236
7.29972376904922 -3.4921890732241 0.354874969376757 15.4245204102272 -25.029147403818 -0.948223017481672 -0.714301517526311 -3.66803676230281 -3.35181852196985 0.818984080563016 -4.05017133662514 -4.28547662904458 0.10314249091176 1.58434461628598 -3.07338322371268 0.541965535450812
3.82055881352435 -2.85913587184751 6.04675261237253 12.1549566737959 2.37354621772206 -1.50959432799918 4.30780381227837 1.67589059186133 1.07577528350186 3.65301873673867 -6.94715349835386 -23.4904300807433 6.44770543323948 -2.07306807543181 -2.16332211326263 6.27268898464786
-11.9603990888334 -8.8841822124105 -4.21088732541886 -3.66724078289908 -2.24854701053651 -3.90602637171614 -7.70068469865044 -2.13994371932934 -2.6502152457545 -0.575152404288103 -2.18844698406935 1.31202867823519 -6.55976207264395 1.22988579043459 -4.30778318541791 -4.69691919351322
2.53098351943735 -11.183316552035 7.96141020551 4.95927572890133 -0.891495753175842 6.74145417038227 3.84434586582381 -1.32044071405738 2.16814130154863 5.26664333635876 -23.2624264779005 0.293834229979385 4.38141260996383 2.8462117138871 2.66368865339329 7.97175407160766
2.82367194866788 -2.99864425395199 8.57745911476156 10.9294127155834 -1.27072892321687 -0.661906025862936 0.821393146168051 -3.60683466425119 -4.50145193677983 -1.40140646808451 -4.62131794261137 -0.539124956063401 13.418557588721 -21.5770075547118 -3.09798402468456 5.06665638703004
8.4754738916731 7.44261278220168 3.01972417777226 0.198090652680289 0.891636691604161 6.60766150434039 6.35263146691593 1.02914287426532 0.504653448409145 7.12322684177208 4.85436397426573 0.687761402686528 10.7192863575848 4.2805283129487 0.834038229772933 5.4514014442719
2.89644622852784 -1.46191990317065 5.22016966032376 15.2250845806526 0.22028096169766 0.32250897463542 4.46172085674388 -3.37976319734176 -5.66344040467106 0.903695185983682 -1.33469927861477 -6.7087797957899 7.35661683551819 -24.1737409884663 -0.960872117171165 3.64206070009471
7.61900587182426 -5.7481969606268 7.44124271571101 20.52895723227 -0.798216055923876 -1.1820392774874 3.56846611570027 1.70807768945365 -7.49468563149946 -2.28018070056026 -4.94164122768363 -2.29958332421261 4.89161520754727 6.51257277963882 -0.167034969280185 -19.2591935775764
1.87769587104786 -4.03705089593954 3.67136697972646 16.5280229236936 0.247704758678033 -17.1105874131638 5.83509786852248 2.02817621395986 0.572169768138892 1.65837347192414 -1.47172241408951 2.0815753085731 4.08551863020339 1.71605114525416 7.22703226166953 6.72693541168461
4.15994323944202 -3.05781882631975 0.611906848687667 10.3976710745095 -0.834924555083859 -1.97514453623941 2.64700916094594 -7.70509070054664 -28.1483986880833 -0.66250260612007 -4.5000678894268 -6.47226523605611 3.30098185628026 4.52338546092795 -4.28194163381735 8.68772265607696
3.11593297499776 -9.33684295341615 6.62810583120226 11.68403763315 -0.320232192245346 -5.10062131421415 3.17461811224226 -27.6885839047179 -1.10786711293952 0.507847895172126 -4.45439375445338 -4.19946214625066 -3.02325809617466 8.96217448238755 -0.89592279090664 3.58010108379596
6.03149654569294 7.09027342689853 5.62166947377046 -4.19580663923818 2.17213958931666 8.24663378548886 6.80634884693576 1.88052992444111 0.815251050766683 1.56987896650185 -4.16271737459132 -3.58946114719849 3.14208292798669 3.34237715088394 -0.564430255777549 7.83047177124482
-5.35526094461458 -3.35328226177328 -8.04811188366448 0.778517343699485 4.18132837444624 -4.50672511152283 -4.47453192117552 2.65314229458802 -1.02849269543149 -3.3310653616866 -3.00526727901261 -7.86610480935063 -3.23949381557556 -1.57448536918891 -2.78472758467031 -5.81511032686062
2.25790022634223 -4.64994331219303 3.40923933496971 9.27857700466412 0.137066778004677 -2.35289859935584 4.95132933342928 1.7467818516607 -0.98451457259691 2.48155010967613 -3.47998225985534 -25.8275011374935 2.7651682329766 1.71747248005582 3.66059160723894 -0.301148755289642
-7.94799092792465 -10.2408581145416 -2.51891550562351 -0.995923616330412 -0.0913810003884005 -6.95466580577988 -1.23646621504259 -3.91269525907495 -2.48425199948068 -3.52810782438708 -4.08596342178388 -7.12225519332065 -3.88778717681907 2.17555259434662 -2.03814781101679 -0.140591057287084
4.65991724247601 -2.02995029812603 5.27764914350224 14.2328095577753 -2.73791338728121 4.28263666927409 -18.952390869476 1.22900070784609 -0.893780528601018 7.44016259684784 -3.62798722469736 -4.27275338170556 6.68207878310303 5.2946924194557 1.84704827370351 8.35308599746807
8.31564254794384 -5.32048145658332 3.52840463053468 12.3186258031044 -26.2375464828189 -2.43033073497992 0.856920406734976 -5.45981767422349 -2.86823674192257 -0.220334230776607 -4.13591316299938 -5.28599726165192 7.71992811288434 3.09494025860094 0.455794235630502 2.75324529605021
2.33151765116472 -4.79768866656968 -20.8277996850218 16.9250952382007 0.456932549962378 4.05810884090175 -0.355358032985806 -0.250674856917905 1.72876311820071 6.3716684942672 -5.38411104143068 -3.26565158796626 1.57796228929964 3.05312667086796 0.753823679089953 3.22046640751727
5.90951658908449 -1.86754192479632 5.4649347413359 18.8734714427204 -1.12412334984098 2.05268527227318 1.87532382586114 -5.14818890263341 -4.6284424122415 -3.62688949722559 -5.59536518413749 -6.74758366312931 2.22307229456842 -0.259199482426442 -2.45337539156946 -20.0800234710599
2.97908276287367 -4.14187128356989 5.76742391524662 10.4526378848528 0.202092915712572 -3.99691988875121 -2.28645143780891 -1.97590025949919 -28.239176464021 -3.90105719483856 -3.70864914032198 -4.88395833486316 3.927926803223 3.34104909246082 1.70557779968121 0.674252500886845
1.23780572841694 -6.01635955329029 5.00131290956488 7.08589996025477 3.6088742326307 3.21339297407485 7.89155944307433 0.59098988912623 3.02978246887813 4.91987042231131 -24.8721352331984 3.36296018872783 3.94270244199834 -0.257704800877077 2.82841434847306 0.151040175140745
4.6051157375274 -6.52863375269243 2.35675010027899 9.69319593804342 3.44974551173808 0.150439751716387 6.13261891402139 -3.40324029887484 -25.7613080145099 -3.69639386387471 -1.90394809250486 -2.6886337919031 -0.609021301272536 -0.631533161536016 0.357263578700803 5.51081673280966
1.75762990030626 -25.5011551415718 3.35893269711639 9.43592645988842 -0.377416913224681 7.03243481441724 3.48787273165286 0.227146624259792 1.55355281580563 -0.0175508101661574 -2.48757210774481 0.87501725978651 -0.147717750032504 2.90209597699259 -2.02176733974014 3.11603498439132
3.51945310573981 -6.61215438357409 4.07892034589548 16.1883880742534 -1.4951683030602 1.47811228022191 5.1925530336416 -5.16549633605231 2.22972041524222 3.4336616661836 -5.86195770794014 -3.14940596701507 2.30441546972598 1.00433752140371 -21.3399283660663 7.97638380874841
3.9438430487203 -27.9082404236773 4.4712982317666 13.0180726464175 -2.17059812640361 0.972086506904557 3.49906733469495 5.14982229896902 2.03188533798843 3.79322735206429 -0.71226201776242 3.30590672955682 4.22793188939509 -0.414765546262628 -6.44615567944735 4.81733733167254
4.46763910323437 -7.7258699013085 -0.891989467306245 10.5408260881117 -1.36355156329274 2.38124600565697 5.7366996831461 -1.11206770953565 -28.4257180726033 -1.95521335060995 -7.18133338267751 0.172641392927971 1.33743806621164 -1.50258921002911 0.430478880559016 0.351613593180259
9.84490038864219 -6.16754996155898 0.663225856340421 14.8494945481461 2.31139236524236 2.47103508734306 3.28403753490073 -0.0415315860235546 1.23267007911091 2.48627225751972 -3.62582210241951 -2.08983587573725 10.3114409806007 -21.510946586209 0.33465886257599 4.32277395637272
2.949814292096 -4.56249788874227 5.27608421859293 14.7785979419021 1.17809557488634 2.09046770986734 0.59963019820917 -1.3476626022682 1.03007087063017 2.65069966505084 0.975488101642626 -2.28999520509567 5.13371585674267 -30.7141888354706 -0.430357550469587 2.65080515186655
5.33657599718491 -1.83657692425713 5.72351715139137 14.5070465828768 -1.98315371009338 -0.399756717620903 -20.4356584107201 0.830595992553105 0.973360385496683 2.28375214699262 -5.289915415179 -3.87780327699292 3.52397548450776 -1.87212195991301 1.75016899451367 6.90024381398487
-3.37913856029816 -3.37967957037722 8.58172899535458 9.94054942531059 1.84563315819442 -0.678518472077715 -1.62840713999091 -24.8684073830062 -0.514431437612562 -0.592607020330761 -7.78123897289004 -5.66246702952337 6.89805418062481 9.76787358893203 0.667896783671437 2.58623263917673
2.05977496817383 -5.00099665560171 10.8598121751446 8.33279590988514 -3.80504195886231 5.36007778175007 5.81387162569856 1.57864066541559 -2.19551066867423 1.70825203683289 -25.7857763555581 -1.11553796872063 5.88906823578574 3.57646853819673 1.18654934396089 3.27459968139518
4.88117958905104 -3.21934259573801 4.26284627163807 18.1621794453141 -5.25252061468184 3.60039590174978 -20.8152101337946 -0.000757458611110096 1.73714642771867 -4.66393596398292 -3.49527316464862 -2.21047984900976 5.92668601927443 2.55746283068995 3.30055538705923 -1.84430248457369
2.42962810530644 -4.48605110067678 4.20543601108137 18.5469836673765 -0.0454665111304309 2.2140776557148 1.92287796686005 -1.54451245940843 0.0945148697218618 -1.16484964625808 -5.5027781882944 -5.47227445332101 3.89223568488348 -19.7962554613994 -0.614460063976812 4.25510935421484
5.78546567657456 6.21570715417656 8.41076451209538 0.63992450963421 4.37912768658627 10.3330857207493 6.16690824465687 2.97444797367979 5.0988103677151 -4.79350569541628 6.8667267148256 -0.0295253429638489 7.20363239080168 3.98568330611877 5.35000123154917 7.02452919669369
1.49679325460435 -4.20545209144707 -0.103269184715661 6.8534402864608 1.50718057135022 5.78222031670098 4.31407370937417 2.57257062598909 1.02571051524393 0.896090170056042 -27.3153479188644 1.08406165108043 5.79372891114216 1.29118994913914 -0.274413619974641 6.46640041403943
4.85473540351221 -3.41573776850737 2.01321403717995 13.5325967075115 -0.0709379730552404 3.20864157667775 -2.20160480380893 0.300993725653913 1.22996192305925 4.68428289135209 -2.3098713156727 -0.968149174284616 6.90020275807047 6.08679579983188 -19.8305425977065 0.309918832581657
4.9156680127786 -2.31764301283564 5.06979463868279 13.8105106064535 1.01046635362019 -0.0743305884634984 4.30330973044249 -10.7126013573127 2.55177721365026 -26.2436733569911 -6.4234473236518 -1.70882849131259 1.00707660199192 -2.72542399024601 -1.45333103370211 0.113206468213797
8.68492042762783 -7.09908708837458 4.78753487108958 15.2460664980851 -1.89319154132425 1.93986175154416 3.64752524844511 -3.52965096366503 -2.88268586857169 -1.24608523018596 -3.07394046773825 -7.63826695182599 4.53679013486683 -18.5452457919798 -0.57372614173945 8.80689798172991
2.34090300291843 -19.2973269243867 3.19886024377883 11.9428133799084 0.05488915512704 2.71594759777766 6.32765903375141 0.953144727725755 -0.146466182862178 1.14495164261039 2.63068940247424 1.63314156977118 2.01375377556487 -1.08250699176695 -0.549667030860053 4.64408316118479
2.17966672555944 -6.56750048528035 1.73272846663538 16.3127600299723 -3.37684848340769 4.33358604935973 1.50692798863498 -1.44311236705758 -3.23660908930904 -2.46164453111077 -2.0279171309307 -1.11168210998824 7.72423642977288 -20.0152711724833 0.194356529749311 1.83208419939946
2.2873635095729 0.93566710297569 2.2915798335707 9.30120804574052 1.76761670466846 1.64623462583576 0.884126743076192 -25.4738553092586 -0.667621456741606 -3.64766412321854 -3.14519568568563 -5.75172897231401 10.3185947343144 -0.0677354745791401 2.81259663517938 2.24463329070664
5.10793879070524 -4.85799633020746 4.02312618451733 10.3991006482387 -2.74723459058627 -0.503825252970659 0.508015251234818 -27.6439416256448 3.88467968057775 -1.8225325765981 -7.38353848780887 0.548020967243259 5.49774434007917 -2.12454288440458 3.98745669933538 3.66567008450915
2.95613038975073 -7.27480601528924 6.94896523225786 16.0629197501389 0.340933115457257 -2.38394474770426 0.579885859492915 -3.86931839407032 1.95410733017934 -22.6920847275368 -4.84274506306138 -5.47507214716946 2.76331821548752 1.03856388281449 -3.52638237235313 7.70791098424758
4.39347735750953 -4.7790401547326 5.55067673074416 13.6734338566085 1.77586860529203 0.0632325457040844 3.07662180116416 -0.853233813845043 3.85898849806128 -1.81538218839269 -5.44016981842134 -4.81931990105218 4.00983322323228 3.06972125614426 -23.8388632645902 -1.93544642455912
3.22711462042943 -0.0137811131034411 3.85977073922725 12.3079572197787 -21.2860995673376 -0.672054969655893 -0.717285097668592 -3.21014816637619 -1.0859566138241 -2.59509900509941 -5.65622699433682 -3.08029021015353 -0.14020286056174 -2.97491694715232 7.1673388808683 4.10578199467437
-3.02398003888491 -1.45739241218677 -3.54972655963586 5.20437326583841 4.84716917013225 -5.86177366792006 -1.10045705351382 -3.86811921251106 5.17325853326661 1.98279971215371 -2.04702346695931 -1.81135090571464 -5.53044458883077 -0.869971896393254 -1.98423632671848 -6.83992656379802
5.1202745801601 -5.85677288898989 8.0813950564543 18.3632701152515 4.12970479965976 3.38175206585775 -21.5168330384213 0.734059418864146 -2.44520337620956 -1.85254079626154 -0.841306399600143 -2.81106423731013 -0.599029685387072 1.85600516585037 3.32388693393738 7.39735505934582
-8.83658497296339 -9.78837686804961 -15.4476291933038 -0.486721975689986 -4.61297124125998 -7.54355021670748 -5.46679185760115 -6.31208725479685 -5.71195770660716 -2.44502775010372 -6.60181423359109 -1.52802257970685 -9.39851598178726 -1.49724045384082 -1.15416163928615 -8.32874378171205
-3.33729724171698 -6.14365422019806 7.77818171544802 6.72640726314514 0.320818733441455 0.511198762896208 7.71852735585533 -26.0009017659345 -1.52164700544892 6.17103870329818 -5.06348968521045 -3.474136347014 2.66983601298584 -5.98050166959841 2.2182785947364 6.63056121849394
3.56247955522132 -4.690402661078 4.60867335634482 8.79810191283697 2.67738896188335 -1.99433829060542 -6.18945531343706 -4.53435754546584 -24.2258182895341 1.81669280774346 1.21562115710772 -5.61588904493629 6.30753943018872 2.90005597182975 0.103706628099443 3.62582401673011
5.07644715351183 -8.72851019375615 3.66238780054657 14.6519414573337 -25.6361081378668 -5.13599950807213 0.908114555634097 -1.23160786101986 0.390064736125295 -1.13149629828815 -4.93285048943977 -3.22048727652592 3.45638660604762 10.1807353161471 -1.00009153045528 1.92777019229285
4.99313165459255 -5.46037839487937 3.54145876900554 16.0400639003228 -0.420054300564003 -0.652361083174346 1.28774241127864 -2.81332416521961 -0.0383731287990682 -23.3699728070944 -4.89412144036981 -2.58259666071764 4.40250417074875 1.51838519541955 -0.331263103178201 4.59575238495828
5.47538191271833 1.15292416790483 5.82001599378909 21.3819604091949 0.474493989915475 2.29979676923626 3.76894155647374 -6.89925975862075 -2.40742692424552 -3.96004811092844 -4.86710791146253 -5.46219531382583 3.57758576732748 3.85547960485103 0.893872823643504 -16.5533115024064
6.57906297059498 0.197633591122381 4.78380854536211 22.8241598909941 -0.304229242428519 -0.574765976021272 3.2312319993174 0.859368547270204 -2.1954106927276 -2.92755292938872 -6.41296528882986 -1.61966164393547 4.79607568942037 7.0555412178869 1.31888478739402 -20.1153756857735
3.32352787953911 -3.28828134417363 6.42689712525501 13.3468429667627 0.697780715949079 2.38694047124891 -0.611995276143807 -2.90498937390737 -1.7095083440347 -25.1219865116593 -7.47564832490003 -2.23212249084365 4.21966294517706 3.56392746063687 -2.41584385380452 0.68106966453094
2.79540352653843 -5.44329590225267 -0.120448860157778 12.018456918364 0.0928754554848366 -4.19788301605699 -0.249025225173199 -2.13581047217095 2.65308779511246 1.39746319597542 -0.950503945816973 -6.18822065340595 5.49631714645025 -28.2761350295223 -0.29719859670616 7.10598038913185
5.15320869829327 -6.21780340438179 -1.0360760672018 13.0602842715771 -23.7264552209491 1.16279614947667 -2.63860963723977 -0.0690801535203476 -4.92491682067775 -2.71990390242287 -5.37795008373496 -4.77694342538562 1.8705786352085 -4.38532760542341 0.0705041393849017 6.30322133743557
4.68618285459286 -19.8708979656783 5.52128708447987 14.7072131548791 2.48531244015727 4.11576422268217 2.6506828955098 7.24246256721305 -2.29498136846362 2.87024995971978 3.88187924120868 -0.177369833842286 3.21422800184023 3.12755170448199 -1.42806631996217 2.84453476690288
4.04101479575456 -6.09185716777881 6.28653771269309 13.4516174199186 1.70995584144263 -2.70636099888802 1.3417064632277 -1.4453252899376 -1.14525235860983 -18.667724115078 -3.78322465181945 0.444063877550316 2.36492427215077 0.341654940489525 -0.759906635855485 4.7871786307615
3.91037122159237 -4.22929709709117 0.562379206910979 20.4614499986417 -2.69719187258921 0.212454540499367 2.21126316543906 -2.85182692797058 2.34369067932472 -1.09307484968794 -5.54840032918107 -2.61327307774255 -19.1558013434276 3.36231529818011 -0.295594505973705 6.76450045419821
6.56403654131984 -27.9191604753575 0.744392986671979 11.4111437955228 -2.28921968940609 5.67124411559336 4.96368120366936 1.34347271189025 1.32298463929345 2.25081815344662 -0.190348027188687 0.733741000438495 6.41105774721471 1.91152630493554 2.57890529882533 3.7983297045312
4.13030089872372 -2.14416109001053 1.33738256454941 15.2009084702974 2.25666072234182 0.433490246398342 1.10178065291663 0.42755395736679 1.98591302673591 1.30796336917345 -2.25850979154992 -3.00086310548026 2.59545718432836 -19.52414381308 -3.02467697456629 5.56483180138123
6.43541381409605 -2.77097386382944 1.69477245844684 15.6289163445096 0.940443207437188 -4.33801192417455 -0.622061572203588 1.22647102748343 -29.1810456270105 -1.08674413717878 -10.0552221802232 2.71542496902892 5.62490813501641 3.34680460490951 -2.12933365727952 5.05787085715449
4.44838313495977 -1.18447888929193 3.41315656919532 19.7623679622156 -1.92263982855487 0.474134059279831 -1.70525987950216 -0.193718968886502 -24.0505971982857 -1.37265034030706 -8.59781758304156 4.60406509675261 6.71942255436314 0.856711943881276 -1.92644344267827 7.19385281956014
6.45556538506651 4.44365480302906 9.82305344001196 0.133301489225952 -1.20754901791382 7.83600628676327 5.6942269384726 1.5913507791218 5.15562033547306 -0.19732705318488 4.32334677872952 3.48665854242506 3.7755159617263 0.586421377550078 0.699416789191293 4.01776371393625
3.20973046416049 -8.61401035931854 7.40313886323212 18.5211857888739 -0.78934515151378 -21.5275210677189 4.10610323944065 2.96737400502214 -0.103215911179946 1.76674794583018 -3.31018557409527 -1.42351655669506 6.07628429750836 2.10710287295502 -0.850283104724348 2.4760988418615
1.97898853921917 -1.42405627533569 5.43145554245664 13.0004452757008 1.43753215429834 -0.696429781123361 -2.83474029321018 -2.90204414548429 -2.4044238485007 -24.0392216624756 -4.7901615170996 -2.78246163752069 4.12237142464955 0.564651735369395 -2.77353894059751 4.83259008185795
5.07218128704998 -3.13342364968482 0.38134604823255 18.1679030628107 -2.18609305490233 -0.519776148367392 5.02666821108873 -0.748152009242645 0.497091326375603 -2.78359594342581 -3.28056955737816 0.162782783692055 3.93048818449636 -18.8358166722171 -0.991683649426779 3.74258562563633
2.82582980136224 -2.87824923731964 3.89600537193277 7.47282398571895 0.714349149780919 -1.22741820518636 6.20938650875115 -0.773462692955264 4.6609696783226 0.433644294255867 -3.65435572875704 -27.5798692274516 -2.18846869410291 1.71272678862671 1.93183122039882 8.73266519030304
10.017322142628 -2.07837071335592 -15.9632344307365 17.7393366769536 -2.14293360315543 4.88342280440327 6.19024431650432 -1.13919770753321 3.72306616683029 3.40382737516826 3.84024463741316 -5.55011474920698 4.38348983496415 4.55630142564026 -6.40327713981581 8.85573874849132
6.05335353254833 9.3957636948176 6.93365937083027 -1.7141988228983 2.52346834335681 0.488136968736334 5.68908970737528 1.79608254632229 -4.42267281205442 0.867605846954592 5.57186146007999 0.712360127683548 6.20256300905494 1.87858334574759 2.49486464490041 8.8541279121595
5.9053348887105 3.62438369933839 5.72670832903582 -1.05919851830434 0.231634443036057 7.27250137693201 5.87431123478273 1.43850339867694 -0.885018353499244 2.15032873687355 9.80994994824529 4.70472902022592 6.57193246861806 1.84613443670565 -0.515250110287103 10.6971052676265
3.4995911407273 -2.42496109395426 7.88488083165647 17.0018392570541 -3.1612766097007 2.20777268916932 -0.387333029598693 -4.61755703221058 0.379967385739741 -4.20609443613622 -5.4065312278919 -2.99177188239462 -21.1119773611066 2.16213099338992 -1.57188194338271 5.96929703173019
8.54519225573985 -3.85265816844055 4.56017632957229 25.1052360494616 -1.69699171378345 1.45915304038626 5.816432607634 -4.55636334672778 2.15955442195606 -3.71052847328037 -5.48340741404422 -4.15150481357579 2.81794893872804 2.73796942925933 -0.571866702597722 -16.3426477034212
-0.364570793899866 -6.06302207855442 3.5399827091976 10.3709877280057 1.08302247377746 -2.96514276825161 0.156802215744599 -24.1000203844104 -3.18189848743277 2.16165124755859 -6.91465271258053 -3.66032745231934 6.78268404734711 3.84624354639714 4.45854854651722 3.63483939823918
9.15602076438515 -2.76318171379439 3.91454546942769 12.9388059171067 -0.072559909111303 1.57137663090482 1.21871114297036 -23.1713987296481 -0.0768512232988735 -1.79391664845209 -7.79095964011334 -1.46741301521929 2.8407810666685 -0.253710731388372 -1.29368756419086 1.71370811702815
5.01238020110393 -2.23599883558842 3.21559255038634 14.0581551365819 1.27675388275625 -0.980673808789774 1.01151285526761 -7.22839955907607 0.664903012382652 -19.7746493788475 -5.87899458635303 -1.62251067824748 -0.443677994501495 3.6490069762689 -0.367973816476762 5.59384187429251
3.13238026964605 -1.51049301947563 4.61289439488746 14.7706107920317 1.0030374134292 -19.5870368163875 4.36595640432711 -0.362026026304764 0.454457847857284 1.12327709130827 -2.74125000240365 4.28113839739448 1.12032905590964 4.23710749348313 2.96900911937023 2.8692194308606
2.77091522729877 -7.18110652146463 -20.6083088463848 21.2683436135216 5.02739719649769 8.08892515851288 -0.257340318272088 -4.67777148267981 0.632452385637862 0.915167206572229 -0.545296231279543 -0.666499640924859 2.53545069686278 2.2824706274182 -0.714432349049821 7.01806392894027
4.0961896306992 -5.4503608918914 6.05831857590473 12.4323130658391 1.85619084578842 -1.58308747847885 -4.02252384166881 3.57179009883729 1.76250886034125 1.86496383388686 0.961203140989944 -27.6109413595507 0.89276864889558 2.00202346561764 -1.70112051540454 0.770774857465706
7.53093756740642 -2.41857184379147 4.74564778907697 22.5495530245869 -0.583887487552742 2.6398156674509 -18.4792026968276 0.752896265214793 0.244117505885051 3.30739613343703 2.10938348999022 -2.34867333738185 8.47073934998225 -0.866061785386959 2.95998126314465 6.28327464745998
8.22419680773241 -9.55156364705205 6.361021475352 13.8303752108342 -3.14981536653488 0.609917649546557 1.90386993490535 -25.5028104088496 -2.51802907493428 6.3338931926674 -3.57393623842033 -6.07891439689607 6.03081552185735 7.61737790806627 -0.530072866266772 5.54116481121067
5.98032201903803 5.74062555456863 6.44211517617669 -0.120708298678323 3.79777622420018 5.25274747714722 6.8321301832052 0.614205123893527 1.21385886656102 4.58185777625704 5.05277448664629 1.18398252881112 6.17366307680077 -0.751874974402535 1.04656640465176 5.24799865804329
2.27182732736054 1.25310148125772 6.92385013811782 11.1717507672061 4.16943097315173 -4.19767306574927 0.361846077498586 -1.01928513407462 -2.68423039028729 3.48374564946851 -6.73325906797033 1.75694114642104 3.62802221720196 0.721539792744453 -20.0268401596652 5.67179899583062
4.57080607337782 -2.04765880703155 4.07914044048952 12.636002958369 1.26321225826172 6.65887822577455 1.67153579534294 3.8419590473972 -27.2054348861094 1.19728936979197 -8.9032604363176 -2.6909261599606 6.31579575877646 2.14976395499741 4.03547780504845 -2.07666402658179
9.99838780227838 -3.41635923532446 4.64854194801056 17.9601171088024 -2.59943184657868 2.93024242092478 2.34496514525963 -4.15774570636491 0.491599139369574 -2.95062831337125 -4.61371064206893 -1.35831500178737 2.31059039309217 -23.5694055300546 -0.374997830205193 9.40452987162342
6.36190151783934 1.50732999004762 10.1129288888759 19.2098838880417 3.0769632131145 2.72844243379204 -16.9132269536204 -0.257752884738118 0.601681853290051 0.908298196229084 -3.53965358966719 -0.939780202114435 4.68887487451977 8.74624386240839 -2.39913235877494 6.57672574043167
2.48743813890492 1.76343804396618 2.33986741465442 9.71049484230964 -22.3436968666179 1.16246474314557 -0.101252021790501 -0.768462247906177 -3.28112120380229 -1.40310134693381 -2.89266803235282 -1.38835793312814 2.56031378982238 -2.15113209159874 -2.43584005798902 7.80537979960403
6.97220806057631 -5.39477864704881 3.40127356986544 7.68314702428676 -3.71811801531425 1.16397027318962 3.56089674905301 0.189936836083677 -0.844145622124608 1.34410733751807 -23.744384904119 -0.592884119529257 2.19720900032194 4.25923150088696 3.01232913986985 8.31840499133863
8.36208074609861 -2.67748216210296 2.06390546316649 13.2790174298171 0.829971381022991 -18.6807448244727 4.73293731762421 3.65430503780243 4.17765777218509 1.52005694171557 -5.4585291468062 -0.43926892612741 3.46040370405509 1.4085569319667 -0.485966116264232 5.79604684990422
5.29320465798558 -1.67848557131027 8.16980927523334 12.8280664161647 -5.33135590285723 -22.5937790934758 4.98608026641839 3.30211697210795 -1.75087435492948 4.80289294729282 -3.96322635512002 0.936928182967605 5.76050373099456 1.90245341838694 7.19615890394359 5.23592432065793
6.57552879587892 -4.32241140205958 4.12130688626715 19.5456624831641 -0.808480456764248 -0.187189595008105 3.12048766278153 -0.68782565718073 -2.51903003512011 -0.851058689556 -2.28722601258534 -1.43671749834436 0.566843935568087 -22.5325949068434 -2.05958872889559 4.17601573352758
10.7131262678393 -1.38763205021877 -18.5083907697967 18.0517137513381 0.52447155467666 -4.31750784808196 7.22950985298868 -4.09477066071177 2.41200394824111 -0.991313613733922 -2.10685705526476 -7.83466372905431 4.96251925046659 4.97868141751089 -1.60008182286344 5.8486542716292
6.73032925248715 8.29375068950283 12.3654181345592 -1.15029321061744 3.97637739708668 3.78483973561503 8.74041348284671 1.86723282497315 -0.425271776695901 0.951684654107025 3.33263795182232 2.96598600623032 3.52302142768497 5.31944014493984 5.21269482247535 1.64917194508226
6.70121628649868 -3.88921666044055 4.42057318692358 15.4979745126171 1.46955260349241 -24.3225757232778 3.31331039769671 2.84866511569494 0.772397197349687 3.96021140075446 -3.05097473262238 4.59997376734674 3.76914410149413 1.26767370259265 0.17917846037747 4.78204393094626
3.99041521460008 -8.44246112395884 1.9559202120727 14.4944663559749 -26.4248838616684 -0.97673562433875 -0.681607956385042 -2.86937861289706 -1.23059488796387 -1.9726237094342 -2.72002778161941 -4.21359238894538 5.11483188328099 1.50878499295193 0.55962297780147 5.16215698053398
3.98075032481623 -22.7470287304648 2.7411874105884 12.4130526838773 1.01756852707698 9.26534788031653 2.9781411496647 2.07860274351639 2.42553769327939 5.48755370315086 4.3142723859943 -2.79940822433386 5.48137292882642 0.111260297978302 0.111477403136681 4.62827790591026
3.31714398142867 -3.81054396969031 7.67014214657238 21.2248615495055 -1.59832621050044 3.83100072690595 4.2692605222018 -1.17255082510425 -5.6525126300838 -0.177919300771464 -0.15197427319747 -3.2397570078047 3.02817883027453 1.03116623150625 -0.589090509295951 -18.1170265987935
6.37672119172707 -0.727495202189943 5.99407765452486 18.6269167301927 -1.39182751116095 2.08239441565104 3.4239188576689 -2.9543805252714 -2.77363007367219 -2.86114420427325 -0.109283468740466 -2.48092397486304 2.82307389194125 1.66833879959371 -1.16718768667194 -12.2352487573875
2.4266348473849 -25.9426186367969 0.811240229448084 8.91102779700977 -2.18164445975601 8.23116086446206 2.90298732393279 1.83529441027198 -1.02981053891819 -5.45375908693114 3.77759030641006 1.32416729820649 6.5269872400844 0.104488781182048 4.65077929096159 14.2877027276436
2.68954425608408 -28.0560252091118 2.35134133796393 9.24002542011893 1.20436011318629 7.06951500717465 4.2011688654515 -3.63171883865545 2.96761407025308 3.59843363965727 1.55108489214112 0.889783891626596 4.04328823194339 -1.98828090227144 1.85009421620086 4.55857159535241
3.74952743878688 -3.36526615714286 7.62509107766196 14.6061388592847 2.19614140642434 1.32143966056811 -0.364578677506912 -2.51548241317654 1.83234204167926 -30.5848986977158 0.729864527259819 -0.675505953015312 2.57488975612707 0.523797933082575 -4.83128407214921 2.95536393880144
4.12342436556565 -3.69747605794991 6.46174763220113 13.6178198954724 -0.968103263575917 -19.7482442837893 4.30293413782186 4.24605981600027 3.65019907150136 3.57649270096062 -5.630085820408 1.81033659929291 2.35064499354375 -2.57293594760439 3.926885364138 5.96112636199742
6.41438208981612 -11.3152238726742 3.24892495352064 11.9499954574235 0.545989856216332 -4.93250407004216 -2.28369597721483 -1.5747458431677 -0.753546594961549 -1.93448301562987 -6.7403247394866 -29.1757700951017 2.33094594308673 1.15635704186024 3.12228367699346 -1.07146372649274
6.3698410584001 -5.59957518125003 1.97600014152629 11.7257117699532 2.36972797564602 3.35830376668028 4.89136969444196 -1.95508836462744 -3.74285634985105 2.21308336531424 -23.9555114450487 -1.46611150191297 1.3605767163097 2.12295887479686 3.61957404994615 2.52763458872597
4.34458142975801 -7.85060567980305 5.26636166514815 15.5025142982693 2.96450462998018 -19.7751970544147 7.73421063625815 4.19793531796334 -1.50662119963762 2.44564484124813 -4.46139425579752 0.521078175325847 1.65223074649813 6.65620918251883 6.11408901213668 2.60028549275194
10.1657014588282 -4.49127330882201 8.42166197335327 18.7476048010164 0.400002275750197 -18.5857361412985 4.4978904740987 3.8876784484511 5.17593714345927 -0.883313257271269 -4.80589933460169 2.68447971372813 4.29768071963102 1.7376885799065 4.29181875880652 3.09594765911583
4.09396492493875 -27.4569673977999 5.28049926129292 12.7276906065238 7.11603664068836 8.67028330332748 2.47129964855255 0.573903605623284 -0.0138394813149351 -2.58291793573917 -6.20530596472128 4.38645858409064 5.95929005884027 4.01162143316089 1.32501599514043 3.09495785947902
8.0370534457132 4.21039219734348 -16.6938829973404 20.2117052278554 2.57422125906005 2.07725915425713 3.95910376926382 -2.40587979271861 1.22810332423335 -0.452000352504015 -10.2369029763317 -2.937441969066 -1.55883319877265 2.51538406051086 -3.56606341087102 -0.402000697331798
9.51270377625572 -3.82946638065808 6.08689605634247 20.5124014697044 -2.74770273854805 2.08390392781982 2.19038593689033 -2.43666490658911 -3.85860013129632 0.298317022096773 -1.67262168988933 -3.33377638169394 -20.0216718928557 1.5307804518062 -1.11794251068349 6.97626948280624
0.202382909916991 -3.69118585407133 10.0046817462159 11.4789628157868 0.934095465515824 -2.73138275481181 5.20147791473848 -25.2523320445255 -1.07856031080323 -1.15870866015996 -7.63767679994627 -1.79338018103386 3.90066385745093 -0.269247138495442 -0.868539598269432 1.43277472911831
7.13158542629141 12.5163789217369 5.00554763505862 -3.59913485540468 1.59341975777798 4.96248771748335 7.675379979659 1.35404827651858 -1.26629239183792 -1.25406583700868 5.89481570468775 2.53102590674803 3.86689683789091 3.97965127145832 5.51072787262279 3.24842385915344
0.715007323961832 -2.90313821503593 1.31512993998879 12.9620577016006 1.46923047882751 -8.88871676026313 6.2710031279842 -1.83044355537358 -25.7332364195953 -2.64554033734747 0.809167783318776 -4.57860448216645 3.20197289894224 3.27376972507683 1.63952198663619 4.57580274059489
6.37159200699746 -1.71338103979883 9.20763872679722 16.7476366306778 -0.252759089237711 4.08629878105106 -19.0921649721909 -0.300985007319199 2.15635083338676 0.950355767467294 -4.25823957364331 -6.29975266840941 7.33251072738372 5.57710955517808 2.80586760570993 7.4867689584494
2.08145546791829 -3.25561724385454 5.09403506088829 13.5867083904987 -4.83857858314912 -1.26266245007453 -3.60109700157917 -3.0040648795715 1.36017781167172 2.12281882950971 -3.20415347950776 -1.54737130210636 2.41135209699826 2.26763348866884 -25.8955514199183 7.65397580297606
8.50851172813607 -6.3282660778599 12.0621461947011 16.3294632070664 -2.38550959947782 8.13836738729903 6.61266135303377 -0.525115078881206 0.155166906486094 -0.589814356108327 -20.4235333122186 -0.186399338462949 3.20926591383394 3.32378029304489 -2.40820134108624 -5.29674431864633
7.66974068655546 -1.26712383374279 2.15074262993737 19.5005012458081 -0.463756021583888 7.10937244133616 3.7880966702098 -0.592585456698124 -5.75560538267066 -1.5611833225383 -4.60495274691124 -4.59650242130735 2.52154490379986 1.60058504006514 -1.92835277307749 -18.1916345252732
0.984749861691925 -9.06584984404422 0.013331460542501 10.8984456023262 2.70201295193564 -4.7030292023963 -5.73714562550299 -7.01808426534047 -21.4021531569001 2.17234497050908 -3.5975222959539 -2.88859329264573 5.09851893809323 4.14856403513811 -0.684610398782837 5.78121378199445
1.47298729806957 -9.60870589730265 1.64728778945273 12.7292123729627 1.21742587979128 -0.00839009063281804 -2.32526051655884 -27.8631459664061 -0.84559486895432 2.09106505119862 -3.96605745387832 -4.97514460099716 3.03982527739625 2.76672635379113 4.03015738331028 -0.527590703176698
4.93873900006266 -3.30856466488865 8.57778228914672 16.3039122851767 1.42887316849027 1.66234512375477 -22.1768149644202 0.238621038559269 -0.212785886546342 2.71202389217135 -1.1021147242949 -3.45318378402443 7.00579145689431 4.11950901943391 3.337512943383 10.0413814453112
4.47125075827454 -2.0520446983504 0.54246117004156 16.2288564982978 2.03746932564215 -0.293559754468877 2.1056365480663 -1.11741926243475 -21.6673886063604 -0.279498113836467 -4.13474506490689 -4.1280112369482 2.48583093209086 4.73846315765933 -2.08182281951 3.5148023806791
4.60140852062561 -1.41345714963262 5.02338940979546 19.5775215702753 -1.42346503434467 -0.0794139524588988 -18.731386096557 -2.25078935672623 1.6431745723051 4.60030142964186 -7.02126476529982 1.44647946500204 4.88859425447678 -3.51487203163209 -3.8451210543902 1.90917298427872
5.76856778788835 -8.42165843371281 9.17800580221833 14.030795766287 -0.0470003867421331 -3.33000231931794 2.92678148386101 -29.6198920800632 -7.31905038183627 2.74332923757702 -3.20629030644443 -7.22608523837705 9.06815289232302 3.19837121711937 2.19907977504094 4.36579998735045
-10.0536605246632 -4.2424590535967 -8.95695818817795 -1.29832159094304 1.2867463471486 -5.02906183554695 -5.38139644915576 -2.91963432382995 -2.26239651415823 1.50550393367781 -2.85402950001036 -5.09688380998638 -3.27589094294142 -8.47222081180457 -0.562601729897647 0.378974989434627
5.84170232793304 -0.53315601846435 3.75561278016854 14.6001986334226 0.222099582213928 -1.79116084218182 -21.0827661426796 2.32391816996609 -1.50870046046974 4.16409958756923 -5.31367348959727 -2.22941399613037 13.0405598287809 2.83882790834112 3.69606414815055 7.38353267068984
5.06848517189418 -5.32089732190437 3.97537892434132 13.1533127866572 -26.6795202036746 -3.80323492853759 -0.68457425189338 -2.71361002676941 -2.26428259590635 -2.65170800348459 -5.85787910836474 -3.93906565980629 7.80663753504378 7.36193835968816 -2.59257029112395 3.24106108749431
1.62035046850484 -4.15752952125309 -0.0994834431234981 13.4797876013828 2.05250096491777 -0.297114516381548 1.31009733556004 0.75982595986951 0.349327737361504 4.17149266685761 -5.58210186340572 -5.42686266864959 5.62620828157767 4.31151916443421 -21.7602098200739 4.167226183112
2.460605815127 -7.81602320326836 2.00289930195497 11.0459382434766 -24.1337867006684 -2.44002081961041 2.23753078116786 -1.3238451538086 -3.22401657833252 -2.8420480238984 1.81005908441803 -2.90308445529734 1.54860911913723 4.37287182174622 -2.71186273097979 1.72250281577489
6.59316452385731 -2.55783869371222 2.77721543015049 12.9195142806986 -2.39225369147436 -1.92430706072913 -0.1035409950216 -0.437874292917182 1.02821881295342 -26.6507852803473 -2.04270472245552 -0.350828203931346 7.37713115263392 2.12615953382131 -3.19352527741408 2.2570355384072
4.78755805560273 -5.63846388788684 3.27229582595484 10.3791316317793 -22.8415486881201 -0.436398614169994 0.266218141111965 -3.03995292193837 -1.07519386011182 -2.12439621602776 -3.60898321267807 -2.55963219453746 0.129964019727049 2.67524414115468 -0.401573392056694 -0.498326892197757
7.53301600929739 1.69571648719253 -17.6535189932861 17.5489685228729 5.75624657903952 1.57975849364363 6.63409576039338 2.0770388258694 0.826281119358686 4.24966528042378 -1.09044949257046 -5.82724139527705 6.90851989317098 7.76865974846222 -4.16616409180171 5.55933333728604
7.69225777550513 -6.06282664032366 -20.4688974528785 25.9748587673256 -0.634149535262927 -3.84235719185377 2.7902425300453 -3.40109351945186 0.887973692013969 -3.71494568568421 -7.01672132112234 -0.627317175523791 1.74243199966491 8.57894349206526 -2.52903702447888 10.987616424926
3.68752757246349 -3.38470312850669 0.483661533165011 15.8851954874088 -2.44516952550268 1.56702217067706 1.11454540612576 -4.27795156120322 0.213015140314162 -0.402552872111708 -1.6157560458279 -3.59949308539603 4.98876673586217 -25.8066031444934 0.391206035279833 6.11241505549867
5.39212872337332 -6.7571332488264 5.57800689356311 15.177374865631 -0.0125446592557428 2.45038784909099 0.00361750024839202 -1.20885735683014 2.62703882612166 1.63668455204693 0.0296490343363245 -2.6141009140727 7.45066885833159 -20.4240452524469 -0.563709909360823 3.27611742261389
4.28359445551491 -4.94210291388655 4.02111464169967 12.5443302943846 -23.3480366041173 -7.95146736040957 1.45648756409988 -4.1114174501836 -2.85440131608683 3.76259260790631 -3.33411260849328 -0.194516090608047 1.1141319711704 -1.50456579963283 -0.960786065707191 1.67545710246542
3.10711992748311 -6.85701212847042 1.06413732919556 10.2235440311221 4.05173637714044 0.561449209810338 -2.80322702742568 -4.00678645707319 -19.3555205165146 2.79690180826083 -10.3192883333167 -5.51358175065072 7.51379150939725 3.58516888271549 0.669077771547442 0.774914248389314
4.72657077531462 -1.90875728451633 2.20961224753986 17.6369674723489 0.585753017843828 4.13174762889275 3.4909194524479 1.59352180985685 -6.32321455282452 -0.928652324332358 -6.9767313230961 -2.68084508020002 -20.9705004407683 -1.5360901263606 -2.95588133983248 5.63472581479218
7.76348437280324 5.08100323951653 3.68211570676046 20.0318108102225 1.99317516829313 -22.358317322004 4.73319460143878 2.40557357321953 -3.36403401541271 -1.10897126253939 -4.16335487354752 4.42096159117394 4.1600813433195 4.32467958044074 3.60867615315787 -0.565625703839364
6.29090119920245 0.749641090574751 4.65482515416021 15.1511218114741 2.19697344500345 -19.7453098974422 7.26855618250098 -1.76411469802087 5.37137105545668 -0.343981502331944 -4.45631888463712 -2.69895312699934 7.07934802168389 4.31365299795719 5.10725226665276 9.39730026766865
4.81605207657687 -6.46208132113938 8.8995563431229 19.3185663295548 0.859474391950302 -20.9053897637258 6.66262827987855 0.744153591681317 1.60373446138001 2.00379107082283 -3.8161726182935 4.59711975809296 3.29930254338775 5.70909627212199 3.52151328271134 4.78344178894402
9.19470533828746 -3.86035643180264 1.47733353298973 20.475268113874 -0.675757516245507 3.13687646261271 3.00158734590738 -1.70282819692452 1.12545824235997 2.72089802575383 -0.743917037674639 -1.34982356661361 5.0049666682886 5.43172891876684 -1.53485757512514 -15.0410455512989
2.2883356697451 -12.8111024816668 -1.83603497221476 5.19982232456473 1.22061557538693 0.902650959672544 0.288305069228852 2.6641018353491 -2.77128218797601 -0.165740380246891 -2.89888057575995 -27.9682008982403 -1.20650096587823 1.13903838615459 2.13506621178647 3.87943310654685
7.58403753364686 -6.87060923316022 6.66328260345745 16.6690714235915 0.468655111658412 -0.722506006100707 -0.920244815117804 -1.26414343905378 -0.207169780681379 -20.5200854646344 -2.60336496091753 0.76905509728604 5.39150287561081 1.37387981096432 -2.79155885693157 6.2069123671545
6.05107120657565 -27.9371575438595 6.85147032862072 14.2096752498412 2.88400237200578 2.79814121793835 5.4682483589619 -1.54504439520288 3.05626240497379 3.7234734578181 0.736207702649733 -1.06300978217678 5.79594574178638 3.72118377283375 3.38990855405119 1.52449424076804
4.28767911008419 -7.28163929711511 5.77247950251309 12.3629812599415 0.941175795952635 -3.55428249236597 0.640766807847247 -6.31149609217798 1.80567941734935 -21.2066190646429 -4.23487836859574 -3.17333398647053 2.01040571305309 3.97089738224289 -4.99646652040748 4.69103769788111
7.13496950481463 1.21812147097055 5.01097270564372 18.2259256742844 1.23633781554074 -2.52461013583981 -18.9472428865133 0.625141941169637 -0.443380726683702 0.49771979603316 -4.60587022959892 -4.45913183909594 7.41680658018974 2.10519998769502 -0.43924143448454 5.79482895198946
5.52636006699987 3.34017637924011 7.7952841306337 -1.48599968452043 5.28750591357295 8.96320376843593 5.50931856663021 5.04046710677825 -3.14982235535533 -2.80253014769754 6.66441659582827 0.812833095449716 2.03514906193143 2.17823420980118 -0.252186251349178 3.47721110832139
-3.34766351507289 -6.02240153039297 -1.72093014139039 0.927439661597806 -4.0337832913205 -8.00944587161257 -2.04293709237796 -6.11516253119842 -4.82382454691105 5.06121132754044 -1.58775404196487 -2.25814080109464 -0.271513349620362 0.296949396308213 -4.01192946964076 0.582090123478654
6.18549728877325 -6.03640170396636 6.66888303636121 13.0830884238468 1.60056512825519 -3.67247967506175 -2.04444275322026 -22.733563164931 5.63350746711895 3.41952998716728 -5.85399776028321 -0.658654025401391 -0.753461150248553 0.877065971955759 -3.44920925468811 5.89123873835993
2.68951185015158 -22.4877723019163 2.22017446219459 10.4064988656132 -3.1574965901928 7.57676659841789 5.6411728296899 -2.49208441539556 -0.886707134103536 -0.662685050880084 3.17102682429754 -0.501559124043035 6.34239467537727 2.41962271390232 -5.14615635092556 7.75733532655807
4.997260279761 7.02644650523147 5.20880765400401 -0.955841460941341 -2.64380586763181 5.83853713448382 6.23888661571383 0.191133176772694 -1.19658490927601 1.74394066120889 2.96414729706879 5.3361367722225 5.49555961911957 5.93572470960869 3.11793184309438 3.01589999457569
7.77050517694964 -1.12612901370592 3.66371554185739 12.1902114217778 -0.212983463145338 -1.57316834659593 0.817985357629048 -1.10328274533796 -1.07442906067441 -21.1916048793026 0.127540813211662 -4.22767783919284 3.28419975647972 2.33395816067445 -0.884714689548744 3.43167327230808
6.69707894018489 -2.03905284421296 8.71759602666382 19.942388274134 -1.46318409698954 2.167404082986 4.30351488830871 -4.56978779180575 -4.63983429673751 -1.87500874175026 2.22031637246205 0.0500153867237363 4.45756878372268 2.12461350800672 0.380045238008638 -19.4238698607831
8.36747064220626 -5.38940127188963 3.19383707568475 8.4066157020592 1.60661601625863 -0.39788918992504 1.73893273904658 -25.74230705432 4.38626136228739 1.93773915803612 -3.88125679105458 -11.603645551175 -2.33604545408474 -1.46018208404867 -0.469798682229871 2.14365738396622
6.02012257830673 3.87062128123294 7.68033785484784 -1.86234948307647 -0.554641454004978 7.68656829826908 3.53909963272761 2.4648055002594 1.74223296796429 2.16637508915076 3.82938902216014 0.616060084661347 7.66230921493525 -0.816849350628873 0.385030621720754 4.74916874759491
2.15077697401199 -21.9827292421944 0.961414997296239 11.5738204391418 2.27229258900376 4.84369282427968 -0.247817152829612 -2.21678236069679 0.996027877587927 -1.71008076836315 6.64438924547796 -0.756512140705296 0.98601327931493 -3.19396679160255 -2.2514975561551 0.896507809603267
5.20730205685673 -22.5990811920058 4.88347240680366 14.158588287304 1.95355805372196 8.738245370286 1.03948737469059 -0.70986377574826 -0.100735538573157 1.06374276423709 1.76700020898846 2.64988254407718 -6.12214528170438 -1.38971892458228 -2.66701800271593 -3.88164807240128
2.19227567342676 -25.479903963199 5.7774419848239 10.5130991290055 3.45738462907823 6.52803808442665 2.68900610666115 1.81803044163407 0.343284509685037 0.53959413271255 3.43861442755473 -0.304368767482539 3.36671230446622 1.27375829793805 1.00927410292296 -1.1830627349812
8.44139890347335 -4.21923944971158 5.73567356165763 21.2676550741716 -1.6467874577084 -21.1171964891583 8.87206907135088 1.77287531910967 2.85583441133343 0.517777611839805 -2.50841531865804 2.74890360214257 5.06022694772928 6.74447336140052 1.19638997505147 4.74128112868673
4.88249091375726 -2.55505803626085 2.4430846370181 11.9144601636025 -0.144020935579677 -2.31414157754237 4.48513527323563 1.09492206653068 3.22563410698595 4.77250657621218 0.687486073296242 -24.3752244408515 3.05594147716555 -1.73250682654218 -1.13174261301636 1.55942350527147
3.70996126132848 -10.0405375716886 -1.22046198405588 14.3005925110861 -22.3272896096412 -4.3685504228122 7.31696640999446 -3.17274033268765 -2.95206401006073 -1.34136144255612 -3.33326169944465 -1.87631571831806 0.405051100747186 -0.617898194204546 -4.70726782549922 5.93333729469987
5.8312475481669 -4.22529205826786 9.97282149111754 17.714165819951 2.1535844850121 -2.22187108160828 -17.0666569774345 -1.17407938332535 -0.969544572370883 0.295118215960477 -4.29511253366005 -3.95232766664512 6.76205746514103 4.00634930466419 3.82891311172915 -0.0294092066046927
1.70415401269804 -6.94283316066932 0.345721411100543 11.6535610468905 2.01759168253353 -0.718269878361419 -0.63014000452936 -1.71031269216256 -0.32981096755479 -0.391979844325999 -0.863118158995716 0.124298790301374 4.75076461796332 3.48206659984021 -27.110135252664 2.91623907366386
5.90672978363687 -6.51545459572437 -0.177999309307192 13.3360097017217 -0.688381533804436 3.68123971370103 3.60944016725195 -3.16480059475453 2.68738677859234 5.36519349462644 -3.45931693003701 -3.46333412934066 2.15797429159678 0.468620935657959 -26.7884822811599 -1.52319926031031
3.45707329505898 -21.8153625422916 4.69345864359844 15.0389457225527 2.65994587236446 5.89052715454214 3.77322473937784 3.16442837496972 -0.978449027664541 3.37243789051067 -3.69029290080832 -2.02663517760279 1.3632389974784 3.00187427846445 -1.63729667107918 0.150265910723111
8.59100386636731 -0.0678797717557775 6.00055055126097 19.0564914019617 -0.311316419900962 1.67498845598294 5.56709268274835 1.43747457014154 -3.0746128819777 -2.2991586211501 -4.17826888599708 -1.02413382102179 0.917107377368044 2.14121660912753 -3.51925466327482 -21.6425707656043
6.62013126105085 -3.01737791082205 6.04923620525161 19.4574024245743 -0.689801219112609 1.10053388161268 1.97495644589758 -3.51300628197776 1.87625104990938 0.677674175580019 -1.47895495018908 -2.36950708262441 -24.2063017912822 0.47494419001649 -0.643366921928195 4.77498825004049
7.27573698505534 -28.9856344043304 6.09582219560086 14.0580857538975 7.19261205768688 4.33955593045154 2.52421349354896 -1.01976768444261 0.525046709678193 -0.178462999929834 -1.67939553045018 -0.267224291924673 5.26326889326186 -1.15835331794203 -1.43334238283775 5.2988651697144
4.81713706943523 -5.00773642214462 9.47352158102293 15.246930352117 -1.04274754699138 0.837571057905034 2.69445860411899 -0.390851181043457 3.15979555903472 -27.7894129264502 -2.18715487085555 -2.96972202701608 5.09455581440164 4.21430797982356 -1.74324551193517 2.12692688455458
-7.60773430749147 -2.76111508701066 -6.33871416891727 1.42184907553394 4.40603659901956 -8.48932904799474 -4.52785184837152 -3.9440181807831 0.160514025013175 2.58784050082073 -11.686841036464 -7.1391887052408 1.53151033064963 0.603198679824875 -0.979214645412815 -1.60485154079466
5.86218682187302 -6.65383549046337 5.25253168495707 15.4791015879997 -1.07517221568354 0.0679681945464453 2.36264093326182 0.391686162301114 -4.79692781132928 -2.27607003428606 -1.73534024415887 -4.5565834247429 1.10621095769176 -17.1093630894269 -1.30245530598337 5.05116676647844
5.21611636905423 -5.45032359315679 2.58675585290132 13.2322856364385 -21.6313808643783 0.277557744514854 -1.04779878859199 -0.494792178251366 -1.16296740502387 -3.59640281430622 -4.35458894549124 -0.859809625354938 1.35111595128122 2.10476589899848 -7.1781574658993 0.568532626299454
5.29554959047406 -24.2014339872975 4.96226220453907 14.9648310606024 0.950089472877655 5.28555545947678 6.5317225115743 2.72600164153513 -0.207051203740672 -2.28074195360991 5.47309390680606 1.8795189688353 2.71641024179997 5.24679265013978 0.323984707412661 1.51222767228212
6.59994023787138 10.7991407108374 7.18058926969402 -3.37613862823365 0.388920916225038 7.25533164728267 6.57808256834135 0.604187411258324 -2.12658450202105 2.14753899885362 8.12758862325297 4.99910126992068 4.44491664539204 3.92119234627916 1.1990547391135 5.28702526184199
8.95822787807044 -2.6922791428947 -21.1234694997359 18.0195860890686 -0.135389022413168 1.09520500137684 3.34564690592793 -1.06887896837817 2.34767563060696 1.82732013423954 -1.79917327941842 -1.75434151372189 8.61871783456658 -2.245600289572 -2.70373034543261 6.84181679481203
-0.807924331445312 -7.5601694884503 5.2397370617805 13.4840998705107 0.652777048659072 0.611889523813805 -0.0205070522824826 0.400125444652102 -2.34898289907963 -18.3122799799036 -7.65245875490057 -9.12557589046824 0.30726264940276 2.10698732593303 -4.68212412354743 6.46668381625547
6.96818426446538 -6.29039720403845 8.62221895234715 14.5609391694134 -1.97526370048678 -21.2718027381285 7.62499626772576 1.26826645173276 0.425746696848871 3.14981869813979 0.80857982101673 -1.52123804097506 4.14154392007563 2.59551041836608 1.64421620255625 6.11701183694297
4.33470566818446 2.03924013821838 3.70381163407913 19.7332439311302 6.78345300122624 -19.9109038540425 3.13183211511228 0.388481827835186 -1.73770030495553 0.913308883995879 -0.43145904808857 -3.25077769478247 1.43545503937663 4.08826669914488 1.42933090983102 5.0839281556927
13.9559002242814 0.307058270871581 -17.7900874363937 20.9998243952174 3.59858468938243 3.02263633713672 6.6628744247463 -2.20704856100686 0.45396153170559 -2.53864695926207 -0.765961337088795 -3.43865240729868 -1.02662112319208 -1.40344048723223 -5.99771545316443 7.26178801066061
1.73221137649765 -5.35825946900754 3.08931018755545 8.72417675006475 -0.2106154440925 0.473025373782176 6.82497943318425 -0.416726407778308 2.1214313552665 1.14201361406399 -0.123063170331993 -22.8080027321886 6.46055711295676 3.04846575561383 1.47480839783552 1.61833182534064
3.07334499050532 -2.84990493092262 10.0215267520351 13.9756447941691 -0.407219873100997 0.286001248695551 -21.2572142467635 -0.220284074587285 -2.38842311038814 0.16455589879308 -0.116475984485224 -3.84609332364406 8.00059992220035 1.46037998871026 1.78494710255586 8.1905264709817
5.89505789308198 5.39433810621936 4.34792224871985 1.5298144848507 0.555323457350062 3.95279245079997 6.66196189311515 0.515981839115995 3.75206134212321 -0.475084631046475 7.22672299845555 -1.18595676265266 4.95232132060376 2.96797032261597 3.40111325325229 10.6559259878082
9.66411529029596 7.78352928761215 5.74338999204407 1.87073231906851 2.60152441838398 10.527453476005 5.13408800292313 1.21655132240715 3.41749857897398 -1.01627588531738 4.07630774427599 -1.24021431247547 2.28699698767757 8.02817716235606 2.36600152760983 2.02226306233101
6.59486344846417 -9.05287365956426 4.04566183355491 10.8225619769226 -1.94839762588654 -1.84567732913857 5.33506740451662 -19.2776474323838 3.61852277230546 -0.76332359517242 -4.25333665246585 -0.678072987392901 -4.06606808663495 1.7431345243176 -0.381575496710016 2.38351990265247
2.60173271538072 -7.96185823653959 1.29542042136048 6.09029347057581 -0.802478172363688 3.09686532946508 5.0237761208552 2.4213214280068 -3.64332788580816 -5.16406608596655 -2.56590807413962 -25.856461515662 3.31831460290136 -4.78922685618475 3.2856762595678 0.0168730542869917
5.82916235323671 -2.50195156202158 3.75286106115506 10.3368719785237 -22.8352198196998 -0.586144348577505 -0.704306801102664 -3.56476370168828 -1.92746038351491 -1.3809687855229 -4.08075330587178 -1.4470594176238 5.23569456162855 6.2755088041964 -0.0857011923494406 1.0536795185301
3.29565869279353 -6.66172668174974 1.82993173474035 13.3236595034578 -0.443898563882212 1.43204260360835 -1.89170438933736 -24.606576322635 -1.77851757075556 1.09767817732993 -6.67131102528193 -6.62227602074097 7.88366906337406 -0.209974500663127 -0.571113104608161 4.70022053352095
4.96757091727939 -6.39812928231969 0.575984256253143 16.215145743844 -23.8836756789852 1.67662252894317 3.75316042388107 -2.88806964761011 1.58987545308 0.795874245296028 -7.50617277816608 -4.35081260839014 4.41353546970265 0.546250325980619 -1.32692587427342 7.06776452170198
-0.651769036879344 -8.50090447064566 2.0435178193401 11.8615259733972 3.60565323015564 -0.761109878732608 0.658186411709078 -22.0847188513407 3.47143985161402 0.951727805764198 -7.47573657439712 -0.139986761435599 -0.148698522066752 4.52452309977193 -2.15648851629658 2.85552162282015
5.72922977202498 -0.949299940535896 6.01011141834496 18.4414157226888 4.82585195157106 6.59905753477678 -21.1307135077011 3.37711548702921 4.73282683724815 0.0193542771269448 -3.10998830938398 -5.33331023481063 5.78645830514386 4.88575267137983 2.8795471888117 3.46213497274485
1.48197795085734 -29.9081862127772 4.30583707174487 9.97226633922405 3.72826001594031 2.37768501854046 -0.0864034977284946 3.58965130368931 -3.36792389548274 1.67257721588274 10.5130049859215 4.08910820019897 3.28519851237693 2.80087987134736 -0.141170017772778 7.95805537260539
4.67885187525956 -4.43222617414873 8.48716751755877 13.4603557374808 3.38426768619754 0.669863808010837 1.97748406234551 -0.893376341104363 -5.14752149526672 -3.02290432593476 -3.91791250664874 -2.78929468332604 6.24944760966885 -22.4412945360746 -1.87870907940254 7.1582599511984
7.55135904600475 2.73072718389702 5.57754443029888 18.9414564626336 2.90685715542076 0.803272301445166 -21.076830069547 1.59027346633172 -0.636759713097715 1.00087214053216 -5.50466310316643 -3.66627106072991 6.53558058474572 4.5180365625775 0.835989206086859 8.1440389010698
-0.733343802856063 -6.25093044959573 3.5816726874534 10.9672656250499 1.16918603799283 -0.980868184765235 6.50822476547782 -6.21515097624768 -5.9647935233081 1.15337726583325 -7.6514321828002 -2.7900760371065 4.45086702981977 2.13089738190836 -24.2358553532746 3.39871767827761
3.63014509146449 -8.62493093743619 9.59025318088188 8.7193960421885 4.88428170609682 -3.00087201256032 -1.54748507184392 -3.33122588737386 1.0029962956102 1.57142209976059 -3.60907979861289 -1.62233271004855 -1.40073738671827 4.77764348754414 -29.0708660041713 -0.986847059203666
9.58858595399276 -3.65609640634549 4.77572291587115 16.5553679962368 0.672443886704489 1.65057596238541 2.46984418920394 -2.32794975560023 -0.141954782020309 -0.689741161505719 -2.07831891345425 -1.78954537595753 -17.0053138878493 2.25320571629964 5.34292627221009 7.9163626826509
5.49995021981366 5.56325737541236 7.48434974349205 1.81369149745645 0.827190107968757 10.8454970396522 7.50372958560088 0.668534895941554 4.26682908118904 2.67912536070268 6.22551507168871 9.6402938971209 8.41394201285838 -2.79096134704292 -0.172449168103463 6.07298294887493
5.48296849039618 -32.3231664732655 3.62761552826898 14.1217921462335 0.147604817534328 0.989254384699815 5.0378289274405 4.97046386180456 -1.79560282668475 3.30807187093779 8.34182538067164 -0.555602424425734 5.10674184765621 2.09833220566227 3.1782572276989 5.01402275556807
8.74319888344416 -3.21212371073391 -15.9413887773645 20.7038930166371 0.793592965143256 5.44318931105272 4.11584199023332 -1.82174874487957 2.67295008080287 -3.6300600331645 -9.53135961373112 2.62860141355003 2.49737992528676 0.971812937051258 -2.43169812646882 5.86416838666818
7.71237985577615 -6.7600251233698 3.7004199992265 18.2577479082688 -0.892059777124689 2.35938450352113 2.84436263064584 -2.99031335020122 -1.15338850691098 4.16869632349285 -2.78924166956213 -4.91020976051815 -18.6544566863018 -0.476774208175403 0.645107532082271 4.29812906176616
5.09289183150649 -7.25976581594999 1.73083560242189 14.2383236465379 -22.5678200012109 -0.767057582012633 2.27523074838752 -2.1712249912524 -3.00611826136543 0.240332651413199 -1.98178278276339 -3.41472178758081 5.36941539995349 1.22184572265514 -0.726940756384438 3.10547880926026
3.22992315413434 -4.20226013401932 6.67971476905068 14.9732168649778 0.527017691626469 6.91619028654478 5.87224327109869 -1.91051241518132 -0.7260453919822 3.29153858591203 -23.10621355681 -2.52556186963736 3.06766960518562 1.99040672238675 3.28932749678289 3.64068568272452
5.78596540592862 -4.77325019240902 3.20788453325274 16.7366722533207 -2.52163840588632 3.8230715511681 -0.151447589842579 -3.51565141554149 -5.11259785022773 0.302734006664285 -1.16301272108919 -4.68781629452038 -16.1545893540105 -0.853553904726479 3.13110761383276 4.3313588182834
7.41915767216439 -10.1705320634581 4.62281313982412 14.7411452411203 2.49796145066152 -1.91707442405306 9.38874727555794 -28.9350043927707 -3.1801367476651 -0.949914200709567 -2.87660728222666 -3.64904869169641 1.942499919664 -1.86221936831549 2.06033865798885 3.46584711790462
7.48645004451747 -3.99250505286522 7.44917065793826 23.3175310383203 1.00288881211179 2.20787242911412 1.67757154246642 -1.41845964072636 -4.9801287126576 -4.84030192129156 -3.11963543374626 -2.86633053825262 1.54401307966272 0.297364102861975 1.26832974816204 -18.6912621756396
2.61936279762689 -6.9327932251231 3.82780621789804 15.2219549399368 -1.1309743820038 4.2510829699166 -0.793573194839442 -2.71643387961024 -0.284614137597397 -3.2913835546628 -30.1879590032589 1.08050186621016 3.34971488273804 3.17669341847326 0.928981654090723 6.47705099504359
12.2572298898496 -2.46755791618834 4.1828044468325 22.8789286750469 -2.4333415697623 3.37981783645168 1.98812205044303 -7.71663520309697 -4.31877070070146 -2.34382104980999 -1.59597972085398 -4.39147893908054 -23.7781466008403 -0.732912348729527 -1.38096452112917 8.29960014295833
0.512140132630433 -0.510108046331259 2.77560636021156 14.4625758154029 -0.56186329871328 2.9823977399111 0.549273153658039 -1.58630270307798 -0.389275911305729 1.87268340875133 -4.72926514613767 -0.91419001700678 2.87808250085058 -21.7233624296982 -2.97810934020427 1.42842232490358
6.73621585788585 -6.0428273015013 1.94427167627046 12.4000386569876 -27.0626607505036 -4.48064935687726 -2.25671128068865 -2.08509443767972 -0.679541336727749 0.680114792729398 -5.05485447681688 0.635607130774572 0.35342362604965 3.10049026377525 0.285321245885039 11.0462226300409
5.11268424452418 -7.34907060674044 0.484233122560304 15.5845083863071 -26.0772364597616 1.18092022530859 -3.38435943656664 -4.84023508136581 2.13023522346103 -1.41028909093644 -5.47191390351531 -2.82692637321222 4.10109184589452 2.55168311083125 0.127477195362743 4.95980119026544
7.44628658688578 -7.37184631426292 9.25259679353244 21.2358641293883 -0.641174199745185 2.23961520619158 -20.3219828202597 3.07332539667407 1.32593562890392 2.72929349509498 -3.6224170608675 -3.46254164292053 5.93485835726297 4.2446605936841 2.99774683747321 7.62787046673999
9.06974967776402 -6.15407610736907 7.029432539428 9.07737913527446 2.58857875230167 -2.9068711486368 -4.96322652504094 -28.3101605306629 -1.77705883407889 -3.99083541766758 -4.52847712712587 -1.09650834044941 -1.97796068564721 1.42638085723511 1.30991728105988 3.70145093119625
2.35291790601777 -3.59839776422954 5.98873694164856 10.3444638802115 2.16370064860494 -1.01189856891492 -2.22733571237763 0.75617280068415 -1.91570106583585 -22.7092486792346 -3.19297728091791 -7.09180386754506 3.49394315360265 -0.267436938772853 -1.34569719064495 4.75930080212607
10.6452290356463 -5.35479090535925 3.33044588649298 11.0144234658551 3.37367083649919 -3.58891932475766 6.86498215040094 -28.0105252551621 3.45905791635904 -0.762812452018711 -4.49703089102084 -4.03181029578826 2.64587782659897 -2.17979549652387 1.63012533450196 5.01163092266167
5.1985781262506 -4.36297214251748 1.83402746013431 8.80343221276979 -0.684895629787799 -1.20824715248273 -1.30293917123672 -4.24020254526851 -19.6915518229818 5.98247236945633 -8.00449343940746 -2.49622704915059 0.658663851232796 3.16271819754437 -0.919174301245914 4.90466976700731
5.82104959839811 -25.3113795771029 4.81962144498412 14.0217121565532 2.05548829225062 3.24484776028548 3.349889682037 1.37908064706618 -2.40446212153543 0.918994024476111 2.33969182774855 0.53944233447592 -0.362546376775248 1.17020123997694 0.0647755541659885 8.58000578170826
3.86363408337205 0.154027938526053 6.29669561587314 13.7743691475172 1.56614663215986 2.37817333457985 -0.551365795912843 -2.10723237765742 0.756602269162598 -20.8350043170756 -5.84961248341071 -2.37044657451078 4.40296370947715 7.07715208461423 -2.32955729552027 0.340190886224539
6.74724357953471 -2.75433209489629 8.42089186518592 19.0402296837607 -2.52888157436645 2.82130024399532 3.6082598869472 -1.27835739743254 -3.99248457037015 -3.49044322862499 -0.16197056038981 -6.56130461726208 -20.1911841553439 3.46996276636729 0.113928381117497 6.66422807497382
7.68355729080083 -6.74723535875745 -23.9688676391072 17.982812158219 1.4236495100891 2.48639686852408 -1.38988427592498 -0.963253281329892 -1.94852744010417 2.97836065312115 -1.28506623063038 -1.74261778856311 2.85895107497669 -2.92788320975208 -9.62043170611002 7.01822399805459
5.88463814059166 -2.02888967882632 2.70958904367298 11.1273498189758 -1.3807780002846 -0.33953308274361 1.35068624867691 -3.94016180464673 -2.25254936203504 1.72357722877059 -0.257080358954396 -2.6867319929935 5.97028371633571 -21.9905674837527 1.74017019458562 7.41523568903375
5.85525974752483 -3.09621365336564 6.07382779571994 16.5073116332776 -0.342433000124372 4.62899569331482 2.16296007485222 -4.32927854678087 0.965052975975693 0.352118765702958 -1.04238518269481 -3.17905297877591 -13.1764499393866 2.30300222042379 1.34596160999347 7.23830461359345
9.51187128085832 -0.586444696940513 1.92073416377968 17.9997985989411 1.15576869861725 3.94736903613756 2.83230150725986 -0.19225557754871 -4.76946170228913 -2.08121923273316 1.24818139904322 -3.30150669269219 -24.1383925927462 6.41157274564725 2.27690557442263 4.65818423639942
3.73607624823604 -3.01327364855348 2.55369729914307 10.6259820594977 2.57709682036085 -1.84097993361653 3.48141127783502 -0.611120715832766 -24.9247849704256 -4.06781299434687 -3.2565378207834 -4.12239531875404 -2.32196585755796 3.10212560785074 -3.25084648954444 0.417748100605229
7.34464074433561 -2.02881364379463 9.91814717759853 23.497109302332 -4.87367823463234 3.63728993264008 5.77456311320365 1.02316998705183 -4.34793244586941 -2.33815844200278 3.95068375930913 -2.91094323606125 7.25777879270282 -1.05480826480266 0.291393950762491 -13.7306980945466
1.62863357105513 -5.32785687568728 5.52772508534209 18.741585986341 0.660436907753061 -18.7615248007246 -0.0640419998887483 -1.68497955610556 3.84586863677094 3.1844530857083 -3.2015248391597 -0.482771071604786 4.62886565941467 5.70448231087501 -0.780733230684741 5.3293117902043
6.39311359336606 -1.3995388511109 2.31221829545844 13.4056631676398 -20.1143276367391 1.79158853547446 1.13785131451411 -1.92680869547711 0.337135534051663 -6.47784339272123 -3.01054439868719 -1.45789255706442 1.10790731260979 2.50976561077515 -3.92279471138447 5.07821305647608
4.27305054636466 -24.7454495230156 3.82984925552195 12.3006741162673 4.21894558542608 2.64387513953307 3.49362499689874 6.50394396883797 -5.40880429305015 4.8118422987756 5.06704420336428 1.58562746876411 1.07762199145515 -1.55188270661411 3.10934210243479 11.2266849978805
4.88077292726946 6.48922248849228 4.54453196761484 0.330980024214725 3.51651768292047 4.88836321111046 4.16941066210262 3.83388271140091 -0.498506856037361 4.10462625614049 4.01181269819346 1.78117611042 2.62330417365021 1.69807346365401 1.95974752971915 11.8225312898006
3.68144074642603 -8.36953588393817 2.6460375011511 10.6203131565476 1.00766052584998 2.51141799701614 -0.00447994957912634 1.92270826312207 4.44368253221238 -0.238756493131179 -22.9043892709669 4.26146719547408 0.471395445872292 3.49824598558479 2.37736461486482 1.8693963252252
-0.969906723354557 -2.48723135997477 3.74549929756156 12.2202697205832 -2.46846864344424 -2.90495832645548 3.40420219767393 -10.1919997186866 -27.2134686909601 3.64193038980865 0.248645109699483 -4.67368632492181 2.05673257242319 1.58055120640861 -4.20493958646419 4.44212972946722
6.29320153108636 -0.583220009796607 4.59836944331975 20.5352349888837 2.21186133690033 5.16879751857898 -23.917405882724 -1.61550568507377 5.31056679326553 -2.63380711949647 -2.99997200248803 0.569120685826726 2.84407086855831 -0.77437487601276 2.45543128400942 8.29466030591532
6.04886690874589 -2.5104585434372 3.9699467816603 17.8603177082481 -0.558312167604722 2.36864010993415 1.70301364216626 -1.60501763216143 2.25292736167588 -1.77772949227583 -4.38596656081129 -1.78700647806478 -21.9781471635191 2.12897127369334 1.70982868467396 3.35482573109983
5.23783697579641 -8.93000239427625 5.38111723851511 15.1164130127571 0.737317614525387 -19.4223317137397 7.69951535740907 -0.27807651808255 -1.88806715982458 2.62966029144531 -1.2178767847817 -1.7607837996609 7.46161068548522 3.98095043522623 4.18794703710301 4.39155784420928
1.63651113682154 -6.96060618183277 8.44762572818914 9.98715082288939 1.56745967130563 0.916862949386098 0.355016155024701 0.437976392170567 -4.47622802378363 -31.0517918568182 -6.6627002726664 -7.19298061668341 0.479272464084796 -0.44140971920508 -7.53312123684144 2.50925047674754
7.08032828686691 1.25367213268659 2.91072858579484 17.5928683978166 0.125138279544064 1.88299325449406 2.1752580838611 0.12525612018312 -2.78069516644731 3.48014568046109 0.127732903604437 -0.715356304796416 1.8631460713755 2.42309965667528 -1.69034885594268 -24.0827568619647
6.48722008121014 -7.99939548460373 -1.85666145522423 12.1770491888933 2.42134488607102 -4.18824423305166 5.72666827485336 -3.44491879825021 3.28406796392995 1.24795960428891 -2.94411329924794 -4.85903261935452 5.83043605887381 1.97939517424504 -22.4901722284963 4.24659522826269
2.38626474969728 -2.80641722489365 2.5651747295271 13.5727003106133 1.52094152783201 2.64934370592923 2.48040385527645 -1.56373136295406 0.727384084414001 -20.1014210759247 -5.19074721596034 -3.61742112167067 5.6961848678972 1.0050946233313 -4.78193128972401 1.59122619435877
4.07330330615022 -0.0328920413264613 5.30066208655824 11.2997792461316 -5.06457442065242 -20.0507262165063 6.34675176859917 4.40455381278126 -1.13589340448805 1.93971671721018 -2.21234573744691 4.47426280453749 4.18191604734011 0.745384032573915 5.0610566831341 6.28187464921987
2.40834362020591 -27.2724403196288 3.36637236432174 6.66268058110303 -1.71602598494845 3.12045788223722 3.88220677085097 1.96291924164316 1.71100035870787 -2.47873955600236 -1.34420440304638 2.52725123979898 -0.546642104378872 6.413701816484 1.76407827322918 -2.89650333117399
2.08621609787152 -3.10251067797871 3.3934842266544 18.5044639491511 -2.41252929933319 2.41754138359429 2.7813492992048 -2.64614005567184 -3.3522667585961 0.452039803754126 -6.66451401246863 -5.14336482752411 -15.0072306655839 0.164483655902798 -0.26316918285992 7.24764237610585
0.916859808752224 -4.03020522191238 5.92299748472568 13.6468954038383 -0.917059457485181 1.52815271172174 -0.890893764623244 -4.06312575325133 -25.2172658279972 -4.06887260635985 -6.1147608127745 -5.0159341822853 2.58685452837338 2.02369309880219 -3.70055890125248 4.68753608576669
-0.044019636286674 -9.22967425876457 6.36148391339894 9.07259606956693 0.0184399613167066 5.02172463607724 5.05098719144424 2.36882617304379 0.235197641338778 0.655130644114522 -29.4568855833255 -0.709551025671115 5.8545375109076 2.75280906759048 0.896095167183218 1.23519853698557
-1.70175870905021 -6.38458661015315 2.23517308630513 11.5630085782279 1.88068465618517 1.86415795155717 3.92779952217637 1.11401344974092 2.5910191367094 2.0082400095183 -25.58762858857 1.46788719259105 -1.81197299051414 1.39550998261499 -1.21120406842261 7.32867050466172
6.02496284829853 -5.15291902942685 7.79324986255897 15.1811101293544 8.9362149416878 0.0115076780469596 -21.9297554323461 2.74635805224068 0.323396564040908 -3.54281214108807 1.61937638407237 -3.00263697839105 5.71810720618523 8.89107792726334 0.756059149556982 5.72200224082317
4.2589204967714 -6.17127278924348 3.64494899198848 15.1447064872638 -26.434649612188 1.66068093324458 1.04786704031923 -2.12627393745576 -2.91579328152543 -1.47685755325191 1.93821227615554 -5.17224339747173 3.51962008766552 -2.07846771156483 0.554036139279015 10.8374736913313
6.87747183407594 -2.54774439991033 8.20574798822273 15.5950158326707 1.35378267176894 -16.7818398729578 5.07899743091377 -2.22915621888651 -2.94454118002876 2.25263226003826 -1.3104305137693 3.2299589640229 8.23183293915357 0.147420353674391 5.24656928880503 3.77688215664246
5.27805550887175 -2.7883636743896 5.83966271736842 19.6672258855485 -2.06722650539311 2.83653985349297 0.111281950876345 0.20440576274764 0.559500075248523 -2.14287178867934 -4.34644524913131 -4.14625791627156 -15.1469118200458 0.080658769706115 -3.01719897532539 4.64884614617055
2.88005574977867 -2.48909058910567 9.96908811317116 17.2970344793641 2.18778293905346 -0.418481635856486 5.57267113595356 -3.93182351992556 -2.61658049862818 1.12464779846791 -4.44473009937311 -5.40168324610584 2.69847987668008 -24.1624772152446 -0.499217537418637 6.80219724288973
2.7538610705471 -7.32634542667156 7.96288786051128 17.3525003897674 -1.72992221926147 -1.13205329477792 -19.4047701356508 0.769303935913869 -0.658942233823659 3.64435313662199 0.479367945528542 -1.57116611111484 -0.137075930849586 -1.60221402485426 0.800081764090676 7.66777384919931
-1.60786086156566 -5.44717650193745 1.93685192610857 9.4159315628159 -1.71909518787779 2.16658310655145 2.00125751376227 2.74968623454104 0.691963505128483 0.919776240221916 -3.98002286466381 -31.5948198711776 3.53456944832881 5.5005603789191 0.944452953231643 2.7483469208165
4.22330162369869 -7.17026256067902 5.44605160490501 14.3244850000942 1.24568909287702 -2.16319363415222 0.777487178885205 -3.37105663804494 -1.35972548234352 -24.5152049659789 -3.57890443846374 -7.46011376280729 1.52596421584669 0.995366526954235 -2.39093863432654 7.46440936834947
7.70222664143184 -1.77323699218356 5.30840902007962 17.4441929270172 -0.619856238201289 0.708072838718305 -17.2092518572944 2.23085791911152 1.76867807891912 3.34519341892804 -5.65610161107565 -3.43191871423647 2.27116604466785 1.11707308321212 -1.59310974050239 5.95777860746286
6.3741416892346 -3.8580569576937 7.9873997364054 14.7112547720743 -0.95583868479041 -0.273878394662858 -19.2679188450472 1.57775206377855 1.62640208092979 -4.14913640408222 -1.36192368552036 -6.71187227619526 8.19540769869492 2.5800666790689 3.41178867402183 12.9893842561648
5.60843443597438 -3.12315245221402 -15.6616382257387 21.1270003340173 -4.51376012848168 4.55959204902693 -1.38939522559268 -2.09400167853442 3.35534432151664 -4.14742672208715 0.0986056823527983 1.06925560832768 4.02095095761709 -0.17506253481748 -4.47928677311466 6.1834108748414
5.46478750918886 -2.57218832184904 4.46383322233718 15.674694969953 2.0203212997279 -2.51593645972037 -21.0286691834965 1.34606381959343 1.0403015276658 -1.0599946621867 -3.22002279662309 -1.40149964462537 3.36097031792614 6.50208518217327 1.36903946886661 7.63305586520894
4.04648679084001 -5.46641827583211 2.07235696070591 12.5930581996359 0.602868358353067 -0.861626007461883 2.10587943042434 -4.69899318748275 -1.69693892775841 -22.7980575136666 -4.88036838706828 -3.43907075080463 2.76876979483783 0.408032880879154 -2.50150403190585 3.86846335589207
-5.16391162387523 -9.94654282656866 -8.0679456969474 2.3741166692901 -0.0968154722365797 -5.34090052541229 -6.46552672423126 -1.27174889025332 4.36281339524561 -6.00193514190618 3.53828565551302 0.905722360514275 -2.24512621679961 -2.07566829054357 -3.46570707747555 -1.940533756664
5.12500896883469 -10.3419030717307 6.22436692770621 9.90962514482973 -1.98686730151492 -0.553085771955151 1.34110694482428 -4.64332890025409 -1.18211012083017 0.465780785969551 -8.89981551926865 -3.08939793253885 5.4108394924092 2.42857882615814 -28.5686304203649 6.60291880619902
7.59579522165973 -6.21489052661223 3.12804402491824 12.0743233752828 -2.35632886537621 -22.3385077519941 4.25582645415537 -0.287645604027793 4.49697207858743 8.92388925551039 -4.37704791439645 3.35688254086227 2.97556198207397 1.65478407531495 -0.647606115325043 1.79486524008742
5.06979876948375 -3.9036117969221 3.14296707094763 12.7430600184395 -0.287012220112626 3.14674980575551 2.7231790308274 -0.823716051811783 1.97061186008342 -25.3997214875599 -4.57346213600158 -3.92335029795589 2.08209040642465 -2.75253786833752 -0.87341733663576 4.66187204917733
0.606081182919668 -4.05436875180428 2.49586718805177 13.8954425218202 1.11222470209599 -0.419060580544754 -2.06192134639139 -4.88249756553689 4.06887939521989 -27.4551970549539 -3.3499857968959 -5.44967875964006 2.83015676415851 1.42757990588677 -3.55658300073565 5.10854302736714
6.40065916954993 -3.33697004387057 7.55938194993768 17.2127102616846 -3.19340831952998 -21.0223127917312 8.77672505208585 1.27553926101834 -3.17611300052169 2.43558167981194 -2.80315309444886 3.98334064836144 1.51388055884951 2.66557711629041 -0.145042878366339 4.68010324217377
6.45836324031707 -5.55576624469412 -16.3042079456015 17.6115427246839 1.32361877227943 -0.258103495040971 5.47850937585937 -1.7192923051188 0.385714658109801 -2.69846343242241 -0.757790380176405 0.853551186272642 6.38320005108123 3.94712780848577 -1.44027005535427 2.812001982594
5.41438604200246 -0.906356380628494 5.03674108398356 22.4206803280284 -1.01954987511626 2.98573533158979 -20.2739605259205 3.19213193713346 -4.6998996961421 1.32154630907437 -2.38483325408545 -5.06660048129964 3.90277125768518 -1.34453475707846 2.31451591701264 8.04325425489668
2.69417156932554 -1.19646393890049 7.41988161777747 9.6145374445294 -0.630521466786909 -2.4868100034069 -0.875208690112334 -0.60221235745357 -8.44301755448113 -25.3375505419296 -3.40953532920143 -2.21513889343816 5.69755513316936 -0.230168854503605 -1.58883328646462 5.02385970623516
7.24481645602924 -2.91007945332081 6.62575030665564 16.1288840519716 1.65413511954795 -0.671122749552666 2.38243414568129 1.43724749058257 0.125459623978542 -0.218214661064288 -1.80577815137725 0.595173435836407 -20.4624725070477 2.59015187904596 1.4004348995584 5.66568521875515
7.78422988319198 -1.15183408303785 3.77923281418733 21.1556293675563 3.06431020569051 3.06996055539149 -15.8846319299706 0.55428106903045 1.27164465848631 3.21569689477407 -3.2948718736934 1.50001155735052 6.98631657180269 1.93124170110086 1.34741448294941 0.669613278731233
6.58670177105615 -5.26095619487547 6.00799611491198 16.2491938302213 0.527083253273412 -25.8220009236642 10.7262470432709 1.25387602884994 3.28036558154744 1.38452073297788 -4.23231811316484 4.65387293680719 4.24043601937766 4.34435948780794 -1.42463890722333 1.6219044315784
3.07175319170269 -3.28383382253144 5.38205498541485 15.3441923627545 -0.599517443198298 -0.261534785718331 -0.157629609264933 -2.26624868749134 4.33319135216569 -23.3663718252694 -3.83514192283525 -6.17020301168586 4.54123843680618 2.37528461727522 -3.28998158172685 5.2636932587088
-3.59576651864963 -3.58196922491879 11.7424018839318 12.1640701233206 1.62367719850887 6.12073914217506 6.8456436303524 1.980421047615 -0.824170511322544 0.618745053731748 -23.4130881448419 -0.119867971185778 6.31085815452386 -0.0498940019060363 5.11998419373325 4.37068665389788
0.737157007043654 -4.77166690298262 -1.48147688135769 14.6507118291514 4.37913271322107 -0.344933476947413 1.87339585427619 -6.44288391790782 -0.353475029301082 0.602195322343115 -3.51146479097675 -3.19749709412953 -0.0890975860454724 0.0775563384141789 -24.4358290643161 1.44523369270136
4.93448050479821 0.313046865467713 3.6277916280783 15.0284350765148 3.24048906719658 -1.21583636993676 -15.7708119561837 -0.90368397659007 0.834503376565647 0.377519097145796 -5.95564415455883 -2.60730634053014 9.53091759487595 5.28240942749817 2.88861851855361 7.24780087616803
-1.28627788815493 -5.18708367872051 5.59555133576415 14.497728526755 1.11306733356741 -1.09420529536343 1.8688566238761 -4.87140386812672 -0.668833554244285 -19.5150221248569 -6.19494947136791 -9.7611225770346 1.59932597872263 0.732446013425281 0.419305409372082 0.149363005374396
-1.47635432439232 -1.37817978216809 5.49915629266992 18.8294029559762 -0.500286249707847 0.655953208180664 2.01545374434876 0.87311286662412 -3.32057554482225 0.0520273012309423 -2.39134562335914 -3.66619152359343 -17.1988492660108 5.73642524016344 1.6886824927734 9.15363786679624
5.75467270917469 -1.8718040445888 8.21905015595825 14.645157475489 1.11994735566205 -0.0944741152147459 1.51558457357794 -1.45475836250791 -3.7455328873762 -1.92711264680434 -0.990279912087593 -2.33667686785041 -0.653596241595552 -28.2683709460001 -2.11769027663396 4.41734568089338
10.4736331457798 -7.26922881289862 3.52264200299915 12.3666884234227 0.145826952505334 -0.755066177600032 5.73629187008677 -24.7198405402741 2.04788197537994 3.34605214908203 -3.16821677766699 -11.4007679092092 2.4221583701132 -1.01019600539579 -0.705138093538825 2.91477673071827
4.89425887068297 -6.00747159077446 4.1202954180967 16.9228465236228 0.809889584459875 0.0460632269604881 1.73792956146964 -5.89067892512366 3.68584653382821 -25.9241744481475 -2.90731383118988 -4.23911031887356 5.81168114816882 4.17771194352498 0.157702024409722 5.51719672741414
3.28658389205291 -3.93780127940763 0.807688774586667 12.3203886397478 -0.168417368924469 -1.71105803066981 -0.94433815258829 -3.88098218628349 -0.00894710511007218 -22.0124336929041 -6.30455033878576 -0.58757259101456 2.88514375060884 0.0933934349056935 -4.0837020129154 2.66499883786924
0.514980076333719 -7.19127751580646 6.3644395534565 12.1548442353389 2.94069542793471 -0.983462754403208 -1.13593151311798 -2.42724016682088 -0.680219642684448 0.163352480499179 -4.42986865542456 -1.41154989022664 2.40773601436778 -25.7078375551377 1.78764235831265 5.8721207815091
3.82372099900274 -3.49993316183991 10.2254388353658 12.9862301108508 -1.83407550542928 2.013507504985 3.45502126061585 -3.42575624692969 -1.09989198548504 0.567254152410494 -2.42825761137308 -4.74108730770154 3.37505210424815 3.01799202465613 -26.484912135263 7.74940983406211
1.02244642542416 -5.55453283801262 1.81925380766984 8.73141955143707 0.671539916579497 1.8556655810628 2.31133123065795 5.97141562838369 -0.318922252522409 1.10401175070665 -29.8465902676204 3.40206913882393 2.65067584579673 1.53096123807834 -2.29877058824774 4.50412741368443
5.11426089543839 -1.56015307841991 1.3980268333188 13.7838849871042 1.72391633556693 2.67538416412513 2.37290947760632 -3.41575162482338 -0.91505923984322 2.69697855963566 -0.437451821517755 -0.523428360598159 2.3825115372422 1.84441563686383 -21.2120703811558 5.51691469364416
4.57093213995882 -4.83260079420022 10.8396554412161 17.083922968738 -0.974551179048038 2.92158821438574 -19.9331137505571 1.82732581000332 1.74045441533276 0.283825104894012 -9.92387010769168 -1.24453010052472 2.56048073405893 12.8085155726217 4.04409091713334 6.33726175893743
6.07303840769323 -4.09333965447585 5.32049955004934 16.8126320051629 2.71150413373991 -19.3219820388362 5.6654504755706 1.63550283974038 2.07988679131192 9.09198164910714 -0.157582145039719 8.53953716288797 5.78407143789268 4.34075442541223 0.60211094388118 7.29819545450325
4.05147191893625 -28.1240234116666 3.36107992649365 12.7453326115802 -0.217024024255561 1.60641221724251 4.16275131741818 2.18284246553721 0.177240685962293 3.13737617009959 1.32238314366972 2.51783302449676 0.143972301453693 0.614592667875205 1.10627156348664 2.01149442030521
5.84783633520823 -6.13437523088818 3.32854369725071 14.4411071738624 -2.52586102276527 -0.25995950097422 -0.461474392469445 -0.213151156633365 -4.15381644378479 -1.94667365851326 -4.12837237609658 -5.72565102441613 -0.715554336487184 -23.5625576504948 2.51420388193416 2.13000013010368
-0.800331261119146 -5.00329351716196 -0.308926558069821 10.6620865807822 -1.14148168735806 4.69770014688614 3.94735289632323 5.42675604043287 0.657134412781361 0.28277892091512 -26.9545199921644 2.86824072136548 -0.738524181324251 0.628033149497199 -2.00802583477913 11.1135129739259
1.87862936425422 -3.76736770062266 -0.170819220968725 14.9333258376376 -26.2203164054635 -4.01581416434105 5.29260994363499 -3.43614640843522 -2.4211544571275 -3.05610305513361 -3.11102608223314 -5.97109853914422 7.36273904888135 1.38719192429645 -3.54329260032865 1.88359337486779
-3.20004181209035 -3.76559107667088 -2.38795684638429 3.14462107215509 -4.60087323117408 -5.00954469482219 -4.25487359869929 -5.22682079316746 -1.24590638105702 -3.33016075970509 -4.37638024822563 -3.97820155858079 -0.620448863210645 -6.24661612682902 -4.28343669309866 0.13959785397627
5.59104955744345 -4.60267034220756 7.58212947749305 16.838730079011 0.680058140481278 -19.3687543121074 8.33777782759809 -0.382558945168081 1.17587460518373 -1.17542005832595 1.23143054680626 2.49639084938797 1.93674328386541 5.38544961003582 4.80922886560948 4.4389021259323
-2.09532285312898 -9.1521739325293 5.72296843108496 11.3831995467215 1.81143263114984 0.575575659033865 -0.155616596566933 -24.8838421582784 4.61681996954665 1.22433640911199 -5.50167739570398 -1.86704041587283 2.19447372861801 3.50658286630778 1.54583466050895 0.864311891607644
5.60910877734817 9.66196004632208 2.70281481071339 3.7084084755177 -1.49466449712786 6.58024666977565 6.62452642433947 -0.465762853942856 -0.185103986375485 2.50686088009049 2.20932159718927 2.31531323883596 3.70668554572006 7.35847202976899 3.16880758736175 6.81767588004477
-2.41428283553869 -10.3449964483982 13.0197846654696 7.86162908922846 -3.79407307015376 3.73033011395158 4.94886238152528 -2.35466744672406 -0.40643799318293 3.68558026172064 -27.6240249191301 0.292223996945813 2.79602017929231 0.269234448289651 1.43968065171372 4.14949352887581
5.23164373916288 -27.1415970451735 5.25592349245986 11.4681066518758 8.0532685266825 -0.371669565734646 4.92433575928516 1.34097999956679 1.89875816893634 -2.27538388051888 4.28938696483998 2.35248811811012 0.55059458971897 -2.57795181420698 -3.76048261814213 6.76693640936914
5.53431667548675 -1.86886194258455 7.61764118205721 17.1439964263817 2.01525614841947 0.850252002654742 -19.3131563276265 1.23901829220634 1.87980043963344 2.63402021655878 -3.7579941113005 -2.05326787278112 7.900445782515 3.1291422608012 -1.32961465172173 6.18597094518408
5.8978951196662 -3.3882221736992 -15.4831675420232 26.0439968798999 -1.17745370337466 -0.511868062274867 10.9827715385998 -0.146863824676193 0.42125904633465 -0.356780040551686 -5.53425072010983 0.249237365440586 6.78805546569835 3.2617037428796 5.76976569557188 6.35939273604905
5.98627105412053 -0.0060917219431853 3.73535363079809 11.4280840595033 -3.37380160439966 -21.4678806576629 3.39000408346791 2.01231936448361 3.89051040722523 3.44831729610425 -1.98447197090506 3.86608097778159 8.53123835320469 2.12969340293765 0.0213228975983628 4.93691700405391
4.69380560360735 -6.33360828039906 1.47112845781738 12.827333381899 0.188906535477468 1.41795952387232 1.5151564984477 -4.06027259834237 -2.32705801066297 -22.6485545216808 -4.74782260775404 1.33148216000708 5.1074205996353 1.25747636056481 2.91845819330737 5.87875904551049
4.80871173511067 -8.8318997137149 7.05062159290448 12.6563865398809 -2.55119600291053 0.19159886184788 -0.301046010012753 -24.4196811169832 -0.7975777908758 6.75473266322892 -2.50878575658042 -4.03061607703089 0.575313406628846 2.7316622608901 2.59790728282317 3.7386530101574
3.86671541284345 -28.0652732744344 1.19598023920989 15.3681914147586 1.37873824523063 0.969501536444173 4.45048854807764 -1.52505682834059 2.58449672132942 -2.46278937469067 1.27915402533284 1.94066956382254 -0.701246487968029 -1.95926965855655 0.204062498351856 1.83910492336129
4.3525351787101 -4.70990686005518 -17.8991295874874 18.9639893708578 1.08953349700216 6.22579303768983 5.34222993025583 -1.086790959626 -0.339027186838302 -0.627067027303387 -4.4853808945599 -7.59515685544473 6.26301377547715 5.0019998082451 4.43811302530724 7.42611616867032
5.45456403591217 -3.66272329605267 8.85688805373775 16.1741642195678 2.29369616859923 -18.7514113103691 4.67020152513556 0.0769307432909663 5.82067510786414 8.23470458103926 -2.38206839496046 5.05227841258219 5.43424187351756 2.88246532368093 1.37635083648373 1.46178190918073
-7.07036939156684 0.15244101163271 -9.1997406537855 -5.02133493151411 -3.83873045941752 -3.71988672622462 -8.09979852252304 -6.18154512740482 -5.45376122122728 1.74656477398219 -7.53265529084512 -1.24686102887106 -6.20289625469915 -6.28256720811017 -4.73332941637185 -8.52000379154765
5.42435750597227 -2.09087003671392 10.1276861284357 16.4500176563603 2.84043617249556 0.829687463569155 -18.0866879402321 -1.89802138868178 0.857811699260171 2.40013661165106 -0.660923023941333 -1.76494898129896 5.25096491049262 9.01344377911039 -1.97403523173861 8.21976414762726
4.73239958141892 -4.0976070393365 7.81200162504625 11.5249903910552 -1.38889230854837 0.40250755155716 1.42541917149552 -0.017255848900779 -0.310951237263332 -26.9336873707257 -3.98891131531771 -2.74524304407183 5.13522704350047 5.60973951213999 4.71621487552449 3.36797254673657
6.36461545448721 -2.59371898902675 3.32483503916168 17.6174574266548 -6.06989924720199 -0.130059532991204 1.8169993188144 -1.52283687638062 -1.85230923210983 -2.5929615662502 -4.57375033896422 1.01418666897247 6.68469183402488 -24.1128502420638 -3.98045243208704 5.59026001612509
6.70694155392017 -1.33977198048161 4.96495842544653 19.6134000759487 -0.981684727133812 3.0477563234417 -19.4197092371641 0.363085367407527 1.91487132876857 6.76688643609121 0.821502218309118 -3.64954079624241 6.41788534736706 7.05433445738265 5.22174973616601 6.40152965801872
6.62762664793948 -2.52418016498958 1.41338031884856 14.1102241589826 0.238123706136912 1.57754839409196 0.740523031434507 -5.81314188310918 -3.19130953897301 -3.06034956224862 -4.19404245943625 -1.82349590667613 -2.01071706959077 -23.1893559577168 -1.17215147477851 8.93377077450072
0.390655709258062 -22.3141601681222 3.17974137536667 10.2011458152843 -7.23914358506417 4.14707938497461 4.34504260436465 -1.63649813302892 -0.532594442154568 3.84078687170921 5.05889227600858 -1.79990356283635 1.69991176351569 0.881028040945162 -3.13989739318256 5.905397980258
3.42145930652848 0.168556284010659 7.66926603692447 16.898788699135 2.62322186266412 -1.05314034805983 -17.8211296217739 2.36616848778402 2.74252633386159 0.199167174415621 3.52159106424363 -4.34798029696928 5.3695259458377 2.23378045437312 3.54782231328961 4.27725607052106
3.34146302539595 -6.14916133767675 2.09419969013855 8.62098653283071 0.848550815385436 9.20840745597284 -4.50680989938473 3.82444587762459 6.292067832162 0.714716732345498 -30.4393638836408 2.88619735517447 7.35647553858892 2.65444445203686 0.430394290779579 -0.822918859893117
3.70614838845716 -4.2264645598263 5.74219563828211 12.0863657985489 0.425132481193481 -3.15089371659469 2.70832070606772 1.67394892638259 1.6044568922522 -0.767107962729871 -6.97405184182215 -27.9591722880599 6.28468207999512 -5.29539855386264 4.17934089683763 1.93168307824061
-6.09544280549918 -4.11558942690536 -6.35102085799747 0.0105224063719819 -1.52523977808465 -4.52453058474123 -6.78354559327811 5.3626613694059 -4.74665179132817 -2.08130138581357 6.18724412678231 -2.04618588281871 0.277372714479486 -0.412346850728215 -1.4712454464009 -4.50638003103164
6.08208054930496 -4.94652469548258 8.07416400878931 13.3286586487343 1.03154154434956 1.79108925411166 4.26841199975404 -2.1692680049473 0.706099168702018 3.76748235519128 -4.1576412975128 -5.41398159326174 8.13872822762011 1.20715539490234 -24.3626421338916 5.0562269376583
2.50097537427979 -10.3262148003913 1.66807955271171 6.47551046658642 1.3319824392835 -1.06463562886497 5.4476048720992 -0.268534629775925 -2.14057740090898 4.00114360971235 -9.22049703617187 -27.8015870709287 2.37038995065454 -2.35837405220293 -0.663979025442118 6.9192234998277
-2.14553503060154 -4.74465315112528 4.77924205649852 13.2225435616578 0.194463606896128 -0.214374604764792 6.06940095831891 2.41360786200353 2.18313922363969 -3.16905548815811 -5.829584082834 -21.7554766281139 8.42290854843743 6.39655697037037 6.84591325580501 7.86043448259854
7.79724968738658 -2.13515737478519 5.18428817073789 19.8497328850075 -0.845880521941517 1.80664567492202 -20.2944129538687 0.554669326812004 2.0422644769727 0.832617360106467 -1.15820642751313 0.330078172474964 5.97604064926037 2.73542100439756 2.88238942653599 3.00837759823517
5.1711868023095 -1.9959805898449 3.66182235036197 14.0031852369529 0.637395834264851 1.03340717052934 2.44786324713068 -6.40463710783967 7.66190258085601 -26.0583585911786 -4.33433351708289 -2.63613291212194 3.91827563853281 6.65977478148986 -4.5773295172852 5.47028385213711
5.19484958843454 9.94890965871913 7.19310486741021 -0.250449052560935 -3.95808440781637 8.7428475585974 5.59540350553315 1.92830316912882 0.309894043735998 3.05282962317019 -1.42350018708517 3.20057810982919 10.0543433244853 2.56547951301914 2.91332710675263 4.25546340895215
6.22934646397222 -4.79725775355039 10.3882164876231 20.7427968621022 -0.849290671231309 1.08796515371612 4.50393904428844 -0.457513172434671 1.62528557192536 5.39829417209836 -2.08220688367916 -2.23770587732558 1.30082555641393 0.612514431804629 0.152311121969176 -13.2601770640971
5.06892850653676 -4.99328606377606 -0.23525720515098 13.1685664094852 0.12362725400505 4.56606100878874 -1.96313170326792 2.84678763771931 -25.1923793874215 -0.744179490425585 -9.056713520939 -4.6578313326195 4.82613779815832 1.93227731622564 -2.11775390811191 6.79891015927351
-8.2539501621354 -9.54140780019 -7.07530696971509 -2.68903251968392 -5.4884918974349 -7.9592100918058 -6.27332529148237 0.99851220941845 -2.92342209746291 -2.11967150853894 -3.69704004346102 3.80057771209055 -6.4506508384972 0.270700807272228 0.260347982617 -13.2101320810617
4.01489869212158 -5.60247765381624 7.74420734194229 15.9859900157248 -5.1749622412269 -1.58464132888438 0.891328833038664 -2.89811189378445 -6.49706062120826 -1.88083198020901 -4.40145801826006 -6.9060794422572 3.27584185353807 -20.9458462206839 0.486203773824483 4.58059471356687
3.16807904151333 -9.14062065677267 3.85404116044321 8.25567378108721 2.136526668825 7.85787612596365 7.52872294715262 2.90912943379502 2.3980499432178 2.08344986616084 -26.7383002584142 2.15312758518276 4.55160302716888 2.04946790645617 1.97300494803062 0.518902350864892
6.3396234864684 -5.74376392639977 3.51533946667481 15.5434238847214 -27.5273880724826 -0.14619551194586 1.73937551177907 -1.59046826005689 -2.64415636000881 5.17513097708683 -4.44879916122961 -5.51182665730366 4.79861443869526 8.46852216954855 0.189978040058507 -0.717043286151729
4.50720808157566 -5.38696493844301 1.56716242960235 9.96215596587149 -29.4211394004562 3.30458300901451 3.25938638396881 -1.84574750455041 -4.12218313172152 -2.76211918358179 -1.70991028899092 -4.62020650118061 0.55337284293797 5.23217844661907 -3.19036698542768 5.37757569027055
-4.79986493060133 -5.15255372398649 -5.18132735893377 0.285790621538279 0.111939882145578 -6.35177401713605 0.882932979756922 -1.65612314002716 0.388297465767303 -5.74857659252983 -7.21728817395417 3.57287845750466 -3.82766485804531 -3.20390709795878 0.110395783155897 -7.30706768633071
4.03223562160053 -8.6326451502123 7.85660389187404 11.9251638172087 -1.76023714756415 -0.349507900530874 0.909076259760432 -2.50309035034999 -1.81532405717873 -19.4230188121288 -5.25013234172586 -3.10233617960675 1.02276855851473 5.42433504384208 0.140475253184118 2.63477586224308
12.0604348991956 -3.46374184407886 -14.7116032990085 21.556432247371 0.887854175557078 -2.32345228057285 1.47122716068775 -0.127241717066098 1.10253204058939 4.68894909147682 -9.32833881043577 -0.048576834794618 5.47842125445392 3.92857229403552 -5.15734253427152 0.445782438011546
7.6369151842872 1.13234876878531 6.59303950419713 8.18799655357731 0.454660091436678 -0.96139790791719 7.7816885396353 -25.9890286717342 2.66760274663846 3.43155837821667 -6.64491442535973 -3.69063028086966 6.84382730133449 -1.57770560497822 0.523658332673011 5.72922490737835
5.54240205946447 -24.2924999494539 4.43446146346604 10.2593978278967 -4.23771242896098 7.42992809262071 2.99401255344662 1.40969651680234 1.15156183561605 3.74836855258903 -0.273526322406312 1.63884684749636 9.55667122924752 0.395441178860932 0.772090438496439 6.58572226826064
5.59584643529711 -4.53446701236234 2.27115431844671 14.1105560259441 -3.53738025116642 5.01465971322408 4.34423816258509 2.88829261649999 1.0271003678635 2.55144247626327 -28.2141394542457 -1.57295813513032 4.2498872614598 3.28939586493692 -3.31995447099498 12.2394491591858
7.16528345808834 -0.609934116599725 0.14344833506618 15.6984562875933 -1.51715433750407 1.27876771287677 3.30025255373933 -1.76959417970568 2.36761271108568 0.728774312614308 -1.10976978884441 -3.14839121151754 -17.5558764031707 -0.652180123496433 1.15857189467507 6.31465032773802
3.20598261572331 -0.857675338249731 2.51255087115386 17.9575141753517 -3.54700569799594 1.41043438881952 4.53862121426186 -2.59706392204546 -2.28152278505367 -1.91220938288547 -4.48227390678052 -2.41161030354658 6.31938891243271 -19.2326615245165 0.250800902741202 3.92473983646109
6.9704795875331 -5.20037239717513 5.66819113258135 22.0399116707067 -2.44245457307192 2.52138857054885 2.16359142255153 -3.62579021085052 -2.78028438995897 -1.15572095385506 -3.53163063778256 -7.26119293718125 -17.0556999271685 2.18590217421236 -2.67027467993663 8.04055944815267
5.9842781366253 -13.0518778547587 10.7670051363872 15.729784708252 0.253425178103131 0.759370985999205 1.37989151934376 0.452785277398396 0.787040355785403 -21.025113308888 -2.55076111018532 -1.84558598343824 3.62142971291188 1.8080402120159 -2.77461426923868 5.75974884665434
9.2694732484889 -6.8919653548722 -0.279418474279613 13.9582249367446 -1.07976226514604 -2.41346408970545 0.238828649845744 -2.32421742794419 -3.37118225212662 2.26114454700856 -4.16626996934525 -3.47104452764005 1.71451015318989 -22.1608708506703 -1.97238851811738 2.39070276943939
6.86996795066616 -2.15655756190449 9.62681856802162 21.1290713550578 4.60726131279811 0.333235609832706 -22.978737501498 2.29550549911779 -2.80097603341658 3.33278266955554 -1.15907621006948 -4.80666392549433 9.15679698740767 5.179700063293 5.25160252258589 4.97662054237339
-1.73148026069768 -3.77933844259919 -19.3072902271953 15.8697683035461 -1.76011342161836 1.421953316901 4.58318401254809 -1.31201261007823 0.64127947044453 -1.69726486902611 4.82391735155493 -2.13151791344761 -1.22607604605097 0.42652774905961 -4.78659407776119 8.89209141871496
6.01972906293161 -4.70132549018986 6.14672731617468 10.8381836598142 2.27773963265584 -1.77549543562021 2.05723980968713 -0.677292386654496 -2.74454859522316 6.50849137072139 -2.90853424005217 -5.63822862433007 2.87966049705308 1.48818757282366 -22.7986595454622 -0.992382167004821
6.33607103542913 2.58694818031338 -1.07524291314789 20.3838386717597 -4.21572691526312 3.03454154767412 -16.5077311100359 0.675371497900059 0.459919312991145 0.398571073301107 -5.71719222697071 -3.4242723798453 4.9506713513376 8.09875690161812 6.74653874759621 8.04477368535236
1.71823505198684 -8.66435621709002 4.36455100983023 10.176196852245 0.957225233155084 -7.40533409050191 4.48258217598704 1.12092624646231 -4.06584670266037 5.05844045335802 -5.20184238605365 -25.2391180122081 1.00630641782717 -5.87910753324096 2.56813359772881 -1.43800981359817
7.02840459946109 -1.94338245788344 6.59406626707577 8.90520413219243 -0.767646043422257 -1.59233845273906 3.84390114739632 -0.721426218554792 2.65826640879466 3.55192563035042 -0.940932010155664 -26.0986762471516 5.68071038378887 1.65272983819792 -0.461112964383974 4.21502412338543
2.83708549823046 -3.64465118682886 0.770997528580109 11.0282650418401 -23.8736659607819 1.0332869022189 0.272060674384426 -1.1817271049923 -0.375593110343255 1.59972466353814 -6.31397276047541 -3.378922487639 3.95495739579851 0.381094415343335 -3.26536498331641 -3.67255284041448
6.83538409236339 -3.99099893273061 2.90467411144357 14.8546704983891 -25.1501256609834 -0.493792262003571 -1.03538997911741 -1.49668556640122 -3.33565883929973 -2.18038675644421 -5.327515568582 -5.84322009806133 3.55779163314592 2.922702822418 -0.316839985105415 10.3819162756347
6.16254164288391 -1.69167876031914 5.21690022533259 23.5161172379112 -2.63699821396759 0.641648982723814 5.00145593805833 -4.52484606277329 -2.53815383074626 1.27198194051639 -4.78548444049697 -4.05560741250663 -22.2163488694479 -0.72258931765487 -1.94078590113166 5.8836539566916
1.37736120902952 -1.52011090035036 5.97128990829565 9.32898885252392 -0.635422589934234 -2.62125477742264 -5.60535447337994 -25.3647990253854 3.60039068975395 -1.60883731660123 -3.83202659927384 -7.49525147365696 0.557238035360217 5.22684181413781 -3.64817636357311 3.67089123440994
8.90237686933583 -6.1643298051608 7.25714586483017 15.9903216167867 2.50850325095372 2.54672831895956 -18.8767879376512 1.57448640837401 1.72125561266999 -1.77386292492692 -7.8432548294868 -3.69064282714619 5.10743172046554 5.55711622589944 1.53356800514464 7.80952338174928
6.47513646799767 -8.82009341354677 -16.5753005526477 14.6804513072721 4.58679436785733 8.29289636753757 2.66568089274135 -2.4928714285729 0.679497659104871 -0.320444396095088 -0.900817300796369 -7.74156458263987 6.05100962912125 -0.0963867341722544 -7.40024012514456 3.26554006000229
7.23938833951342 -3.8237813925616 6.56207387246609 17.7344478952712 2.10682398818338 1.11963145644611 -17.2122382745961 2.65870062754524 1.28463964653269 2.61217221892545 -5.8174202423333 -5.53653429090103 8.22231663732993 4.07503498060944 -2.07020201638468 5.82866653181992
-4.0034097711153 -6.85314250993899 -8.53768613303322 -2.1032128421329 -2.13290842418986 -6.7552932688747 -7.39000246474566 -0.533605780425926 -4.55616778437633 -5.67689326352841 1.46675825929967 -0.700013993201158 -7.9026963043296 -4.60997766850515 -9.4394098245127 -4.88935451358388
10.0512317235785 -7.54822658422228 7.6301647236581 10.9385425545157 -0.223954411965044 3.20142062182398 -0.747211334395159 -30.9625288605403 0.66670688785376 -6.64943998182739 -2.52497204096644 -4.48607306467524 3.89588132721395 4.24032552725023 7.11675171168199 4.63015361407292
3.15230915284563 -2.06787709812357 5.02212937998866 21.6376227757071 -0.728241238782007 -0.616661730099535 4.64978057420424 -4.16710548513527 -0.578671900178721 -1.32637639387704 -1.07930422841902 -0.535009405171091 -24.9548296187409 -1.38268700997387 -2.12139891178099 2.47558788657052
2.81320290579591 -25.7688291310724 5.41570710385348 9.83045251677308 0.363911679242738 4.02391244826176 3.98198427826173 0.879642358842644 0.456079746118523 1.96397455786401 2.3678193736432 3.00284514705912 6.99388705151709 -0.144594014787663 2.21098103289717 0.699290395329925
4.81779003584607 0.498536671365142 6.14644733123195 19.396745635043 0.478640735207505 3.74392870193096 2.4421941985671 -5.25516212365773 2.98562414600641 -3.49528186289981 -1.93817413269987 -3.43622035261986 -22.5720304887255 -2.9141742958606 -3.08448245886706 5.507519662598
5.39749140784957 -5.38255553021434 6.42479811518927 9.11725707700843 3.4408813457151 3.15389650811426 4.11565622052482 -0.872761143364018 0.980606588591137 -1.26146024268952 -22.8303731110794 0.0275959376335202 8.47722141966522 1.84655689533934 -2.76775512592122 3.59008162752994
3.21784307064667 -10.5097065211596 3.84014508657658 7.04410724487694 2.19610335387004 -0.572683307870426 2.62595351196428 -0.505055166754867 -0.414363803027021 0.0137026048208744 -3.17596224378209 -25.7396465779701 3.03108331509347 1.51216171442194 1.43713994703072 9.77408297692834
5.37643821467413 11.0330654514529 7.83658099182566 0.199595207330362 1.49628063677865 5.42691082838171 7.43521280312522 1.56467897870535 -1.31697224584664 2.05501927588362 4.55596770848788 3.677704272136 4.75460401446343 3.97582159154586 1.99232842368184 8.20858326374616
5.70106830456451 -4.50148679999223 3.47445305454484 12.8262961069799 -1.30036912710861 -2.46787127168326 0.122238308070397 -2.89970889316896 2.58230391450512 -24.3371823238395 -7.97048975338272 -1.92207432578381 6.18589314835373 1.63243691977282 -6.28722855060436 3.21037028562419
4.43287488851471 6.11076173061225 8.07445110585956 -0.68360903006749 2.60681410092586 4.55843321421237 5.044709287945 0.134986890590659 -1.61297398234517 5.72048071989002 7.77713876170001 3.47740319423935 4.44543160214656 2.39539144676091 5.46956944048187 2.16729626544752
6.04674639409208 -4.51981444639974 -0.380285179562285 22.6420497436863 0.574602578137602 3.7744987467469 2.89074927689244 -3.15258108980433 -4.43083819938565 1.44110278067351 -2.44897813993472 0.85798018177582 3.62304322542892 -2.11795692286567 -0.0456764865810513 -17.7319646387863
3.8642358537364 -22.758929881019 4.11640245091152 12.788473751067 3.86198486259861 4.04035217657297 8.43675197186619 2.7007161039542 4.18542028977142 -0.422581981327949 -2.93124964971223 1.71354665184232 3.1036541131579 1.45925948965503 4.22055874641003 11.9787729937346
4.78934330551924 -5.85055705866278 5.96420438927583 13.7173014406793 1.85871855070849 -1.10013845280912 1.68928086830763 -3.47353556801176 0.421396859980308 -21.5865567708684 -2.72475762286244 -0.291803721129544 4.82312142883811 2.54399742589781 -0.988730142229759 3.87730739578793
5.77456063717446 -4.6624353237173 5.39078237840131 17.3761289414312 1.7140352077806 2.85190393100323 4.13029916225692 -4.69660747790451 -0.474940999296641 1.30110968770694 -3.702338179665 -4.4175445008592 6.72239085129187 -23.2541787764935 0.480577749854144 6.29506153368321
8.91032416839708 -0.424010212467354 -15.3384401347918 18.373085006208 1.87924068259396 -5.04551293216204 5.38415980712322 -1.65545961688219 0.236582186220429 7.19134324943727 -4.50390246146813 -8.31962650681057 3.30054826311713 7.93866606303155 -1.37253532077977 2.79897032712667
8.93668053131375 -7.42808911100557 -2.24260369829122 13.6559693781308 0.254716175379866 0.801103712692395 2.17989703276267 -1.74985652363014 1.96345275984933 3.64114451403209 -2.00318230719988 0.331444852008768 4.77650047154645 -20.837447092349 -0.496779118250633 2.74149335099523
-0.419614151257338 -0.97182081605022 5.25782985130297 11.4370223295957 2.11236851546551 -5.22657965943673 6.02591982547379 -0.305218164672836 5.66720428920312 0.927417939967862 -0.629979824745293 -26.6660733520772 2.88702244804758 -2.65127627600932 1.72722344740146 1.68383980538312
1.80469539067525 -10.9467146656761 3.27207376856249 9.84065539429434 1.84954377835338 -0.240567173993734 -1.25568144204103 -6.14893886239145 1.61514137499576 -21.8590518054509 -6.18210857784943 -8.55282096342563 3.59705660634562 0.821514812502958 -1.40323961592528 7.07725770536103
-3.743958934216 -4.09108189430183 7.20411273827864 16.2520015939976 -1.77030274581315 -0.321516291084445 -5.03952322624422 -27.5744472831761 1.22656922126441 -3.79606632269096 -2.51209999129933 -5.94216033135654 7.99740577820685 0.321320404080715 0.0376846146564274 3.51777263338716
6.16718242787702 9.33478093229776 10.6776387887236 0.061469517986914 -0.436837326462352 8.22741985751178 6.85000226238508 2.8715618308065 -1.91325948342042 -1.45814676716332 6.51361757933283 4.84207573699153 3.21101345717377 -3.01261320793542 3.40373486723947 7.87794209102896
7.23480640962255 -5.37256531338125 0.663802798708045 14.1921534149506 -2.71592016573227 -0.622076612457673 4.98343524887999 0.341892833517142 0.167785539900625 -1.52231061086632 0.679755111519223 -0.29450184909133 3.24383019967712 -21.4103520936254 -1.48924707005078 6.66161097209176
8.73173829182894 -7.4551016065476 3.15466029490379 9.9946836027743 -0.504902033658296 0.971412025365333 0.89279087952676 4.01579148240642 -0.591321396096512 1.2507891630305 -5.16679159753023 -22.0082319326578 0.194546280995064 2.27721504603954 -5.5360402577246 0.97796036773967
5.72888234296297 -3.20131011873754 0.527061730973831 14.5097530843953 1.12245490267772 5.29136517438543 2.04582643697154 -0.834242892729142 3.03704967630865 -8.12925924202949 0.357712921753415 -4.23501036518906 1.70678263647903 1.43092660128138 -0.0256175594325895 -14.529381481161
-0.0201090072598538 -27.3718512058169 3.98918171671063 9.77105605311498 -2.44106028612325 6.52259324214385 5.39261190448766 -0.927040263558075 -1.70352355162414 -2.46050614906242 5.81086825610914 2.77178178656444 7.66747926731855 1.88810536800761 -1.33106297657662 0.535882661467953
6.42577835455029 -0.597978966962825 5.28856575608911 21.5189114822389 -3.53286347582689 -20.8819528127348 5.55834108343815 1.84954666620969 -1.78111535426934 3.06700439248309 -5.9517223081018 2.51745967863881 4.91127061304807 5.86140474850344 -2.15417477819562 8.57879517244623
1.89331633895814 -1.93559467981671 -20.6107412202019 20.3550087855592 1.62074722144108 4.42594864197188 5.95113052686868 -1.75696433086576 -2.12836368585983 0.426944437226118 4.95480344653654 0.662968421413342 6.57797397451522 5.89818054090929 3.19893577380728 3.88669668941307
3.55254491787656 -4.78892308044647 8.49214148368049 5.67420325888437 3.54539487830931 -8.28496653248684 -4.13306231686099 -29.8005848934945 -1.86256509544316 0.916103298486623 -8.6358970906999 -6.51258887678877 -2.27590439003166 -6.14713949333933 2.02278861303079 -0.0899244544071967
6.20530807185583 -8.25519744671421 5.6668545677863 10.0754595376037 1.31323023063954 0.904946832650057 1.94798206379499 0.444616248029862 -27.9292940331372 -1.8649922054384 -5.85820275677195 -0.0646152885326279 4.1821859052888 -2.29620434428998 -1.32615256047226 6.2611351431065
4.88886447788911 -2.00079812726534 6.5070645915892 21.9231488131286 -1.91720464464288 3.07614672455382 5.70800967299083 -3.40229458907263 -0.0785749313524531 1.96507027743845 -1.3968995668611 -1.14659465402899 3.95165741187986 1.58761908394163 1.0532810788183 -19.3789440651417
7.20927514545479 -31.5546243979294 3.36391966736226 13.4469983726979 0.77518361354193 5.90917306649238 7.78825086164641 -0.390103439525461 -0.29099455673246 2.09459557366581 2.16153456373005 1.02345126758767 -2.23441650406135 4.39767592878766 -1.1415210279603 7.12268875579674
-7.08199157818247 -10.3368759816399 -1.51784738035143 -3.16859944416456 -1.38065520197983 -14.6580283614991 -5.76219551220925 1.89555946138621 -0.895755477814865 -1.48178689091527 -3.69447153783175 -2.53921143980038 -6.99025340324261 -4.46962768179198 -5.30712870160121 -2.07600283377363
4.18280555812043 -7.13259182608492 4.23860146512204 20.2151006147352 2.46010183961269 0.884548014513801 -21.9322744337347 2.91210479909753 0.264524741545375 5.46810016786135 -5.43105689929964 -6.61918992523222 2.43379631054325 4.56576536222684 1.29653614117206 2.05359851132973
6.42683135311988 -1.47965058156487 6.84260925012149 19.8028735068917 -2.04238584249535 2.42740217449364 4.5543827988177 -1.98378823637066 -3.69123323545779 -2.93364655291105 -2.64012972624536 -3.032871386439 4.58869441155686 0.0753942808568662 0.814141735739 -18.7120264541864
5.94698939869349 5.49634059294148 10.13163640031 -0.782366759514344 -0.618938018319527 8.52081804337322 6.76111829125615 0.0967326862307953 2.03336561969363 3.93940232790922 6.93769794568334 0.178925521248052 6.72037096059087 3.71613717050808 4.68594507849525 5.34953040022432
4.63404787706034 -9.62563956918062 1.27022880168317 8.71107761024095 -25.8039684069805 4.06607672846372 1.41034194264938 -3.68707406942197 -6.3877137149777 -1.04744221533296 -1.56692684082428 -3.05884913809974 5.63009140771102 2.57142037282571 -2.18486245426605 6.12630809433109
10.0327050925853 -4.10123141077424 6.13919964877569 10.2057589063016 -2.93207684163674 -2.4569532994379 -1.48339399072292 -24.1713243777634 -3.1299832310741 2.39197175676272 -3.04453568386091 -1.45608433812528 2.98254176084878 4.95208059044518 -0.0348440217544501 7.18537090665595
7.18580101944442 -3.08990866602691 5.62828100002428 16.9364880423152 -1.75817611128311 0.548183468812208 3.072660222826 -2.29899773977105 -2.66570819195936 1.21463908652891 -2.56090298949962 -4.02340434425719 -18.428449862971 4.84664445933428 1.36315505194999 6.15924840065785
-3.32885720604653 -5.32875221656387 3.59532087495561 15.0929304875352 -3.57570586763687 5.95884494182574 -0.87004206662856 -0.109933061851759 -2.57738385726627 3.50120010526157 -23.48679255191 1.82270225109858 4.81885039025095 0.887129194822559 9.55861205564574 5.91988702958991
2.7315845308285 -8.96674661111576 5.45921610058765 16.2916046049088 0.486833343472659 2.02031470578364 1.55106622071447 -6.55994205979322 2.69200801611996 -23.4550688681487 -3.4544996131552 -5.33193822593485 1.64780704692646 2.95431980737042 1.55524493927501 3.1421951901995
3.27372347806155 -2.47908831556924 -0.108098422222823 10.0358951981092 -22.5836529293014 -1.41834499189635 -2.69112152375299 -2.69852876127226 -0.997580335553583 0.641002913133465 -5.18625078407275 -1.25318075886679 5.75027371176021 3.44780711598255 -1.2172379810599 0.875235009568508
3.89200214966728 -6.81306557848931 4.81484197045221 12.0307119026877 1.35744849795089 2.13559507679778 5.84750097151923 -0.0505106427177102 2.93154400277286 -1.05447105184146 -24.788496131585 0.644879205278529 5.28991316842296 1.06231864261073 -0.828115963835548 0.735907833425395
0.883008809297238 -2.24184611718515 1.70031819443326 11.8768809629121 1.68535288761533 1.43202571492424 1.36049895929978 0.123398585932536 -0.000272712495143712 -19.7754004883225 -6.90904560808417 -10.5499616482963 2.37528757720475 -0.779822045740656 -0.702161033054574 3.58656615196708
6.25819992025247 -10.0113654137822 3.58658269807369 13.4487858562117 5.56792574122903 -19.089733158067 8.61188303612064 -0.826604047882796 -1.94502474970455 -0.299937064234948 -2.95363137640357 -2.21753939082806 7.14883581928521 2.42462417923242 1.0530832996491 9.33645849142918
5.0835463851804 -0.174613714951156 7.69463080675609 22.1672264462196 -1.34341935133414 3.98065583116889 6.71981990330924 -4.62558035050194 -5.43191113800937 10.7220398761237 -1.49453451662874 -5.01721709807722 4.00350132361375 -0.31305608150435 0.65730732700195 -21.9423328411382
5.79033019163841 0.433441335181464 1.47881465395341 17.1393145323099 -0.144684643967989 1.43324842854257 3.41173645524749 -4.74452307838396 -0.382211762869037 -2.59114701356579 -1.66228747714015 -3.19935868695677 0.0574740312558273 -19.19835793784 -1.22065733972834 4.77916183862891
6.576444755366 -2.78153649503011 7.29713506457729 18.4478016674372 -1.25599110144708 -1.43801943988611 5.11031135149656 -0.232211531115554 0.0672593922531906 0.790876241298983 -5.80201121161272 0.843314499652498 5.83325424165039 -1.90238271342544 -2.14064471457745 -13.0327228789996
3.46770207875211 -0.889651174066996 6.20948194174119 9.6895768993988 -3.07821692420113 0.445977904773084 3.05240548022723 -2.79676565094745 -0.474780767659964 -7.0633557663477 -6.67326337282631 -1.93342373504664 0.993189029732011 3.90971268928579 -24.8792184206375 4.5538991706299
3.29528710356529 -1.49390815868065 6.57237027897364 14.9332013912059 0.606923260755647 -2.96308801265917 0.970790491191695 -0.535993443149668 0.198427391034797 -27.1842138082217 -5.27267879171791 -2.40639586166801 3.09824390873856 0.561638600381173 -2.24058364125549 4.95530235130644
-1.71892217080496 -3.30425866220734 -21.4527379429496 17.343333498243 0.934981787753429 0.987248605997599 7.0150355405099 -1.10549219008542 0.801532505114837 1.85832084560674 1.44559517771555 -7.06608640858933 4.91120372392528 1.65395578157355 0.0624306892395389 8.13018991558245
4.16973454510213 -2.37429003871649 6.89126734694513 10.3018638518736 0.321034624667512 -0.269109035383124 3.51359696801741 -2.24305629724672 -0.533368489054281 -20.391554771773 -2.62840168851378 2.44081601461666 1.85525104842783 3.13551677311164 -0.218996267127134 1.96684920011875
3.17014372972567 -1.10294288121984 0.337871540104221 16.4808841296777 -3.12623416777888 1.08880092242371 2.39163013904145 -2.11941583527788 2.4538758954369 0.688924431521798 -5.59524934750273 -4.43059803141554 4.22601137952551 -21.8777145992531 -2.07769733568892 2.94031838086336
6.02316107085232 -2.877287506156 3.77012395203576 8.84757046634248 -2.47008505047243 -3.46498583531101 -0.508397418664847 -1.25038576128229 0.670830118401312 -23.8847731528439 -5.87951349880378 -6.76328031200672 3.45318385189532 5.03913258517192 -5.01707262790266 5.50133952512482
-3.24747196310422 -8.04162267472649 4.36472904956023 15.3516377223864 -1.412518825568 -0.196593972127597 3.14022312486722 -23.2511377085575 1.48299507808108 1.38891806472069 -3.30300204603169 -4.46226066037954 5.24130389497699 7.12536282034457 -4.23935028484386 -0.830261847218122
7.58808353674963 -2.22397149681047 5.39849968269008 16.3103776801065 -3.07253949641523 1.44280893344799 1.89535834088992 0.651186487950564 -1.10771557705978 0.190836082640816 -3.69608070464035 -1.99493406193861 -21.2466209119501 0.685959254321908 1.02797945678572 8.07202433250217
3.26660700216835 -1.06711725730014 2.48085682383242 14.6176010019748 5.30025487954979 3.01193411276666 3.11639209945151 -2.16109232682183 3.02674390230114 -0.374300480118082 -0.980174317674928 -5.12178808379603 -0.613957991298101 -28.1512095248456 -0.00895434135044515 7.40746851220709
9.52644030564874 -1.5183975728044 3.35466995386698 11.8205553322411 -4.0473016526127 0.107853214682058 0.66311795342096 -1.0610420308114 0.0953861736149642 -2.33501916226941 0.375779071585617 -1.04609647572306 1.52611899218446 -22.0477110656876 -2.89674228542836 5.19858421668933
4.43055927317663 -24.9045920657542 2.993671597192 14.8457822884296 2.33365761087354 4.19375404530117 3.88347933986002 1.81833412332793 0.448615877352935 -1.8004587733585 0.478717697882239 2.12881783067588 4.75787318185409 6.00688166102254 2.0792252920043 6.03879136285894
3.81140603500805 -1.51376149553413 5.88474958010515 20.2497782800292 2.02153859182675 -22.1076962866956 5.73588999485862 -0.39377924417361 0.232199699311138 0.29341373669248 -1.23916155506113 2.40491851788902 5.86110998265054 4.71773296489848 -2.03604555692852 1.90534071966636
6.80939046039745 -3.71934715180128 5.45517146655413 12.5439602953037 1.89959218380626 0.803373173953876 -0.0177105331720085 -2.98813958484227 0.867864114345823 4.58354189085053 0.23248139938486 -3.17295319318947 3.57790411099333 0.0936676963697085 -24.6520951829307 7.36146541983725
5.73175846375022 -1.29986906097724 5.2541257542546 15.2043219904632 -0.848351397259296 2.5309195287255 4.99912397570639 -3.90957296538258 -9.13357232334988e-06 0.306622184470284 -1.83378834973781 -4.41260548786984 -14.4941036559918 0.244246522168013 -4.66567396058737 3.81818808562336
11.1966619520261 -2.67687290369887 5.33173223913334 21.8570329839609 -1.33470987860778 0.520125201100376 2.79987652314813 -1.21097897676206 -1.95991209614325 0.189261812862775 -0.62512626638896 -2.36918703569678 -19.3544069202786 -3.43163307146837 0.250462550434475 6.47824099209573
2.79149065217525 -3.26183909817091 1.66422591648264 14.747486038478 -7.34757602196086 -1.15225651754162 1.29667225234909 -0.732512744598186 -1.44468082096823 -1.3200103745252 -5.57571019681886 -4.49072892469512 1.71483232031736 -20.6388208654269 0.00156788626163284 7.72309820944106
0.374020890806696 -31.3906427596262 0.0920695381149397 9.03029161973326 -5.63362936143744 2.39268727194574 -0.448300979864396 -2.73862094927544 -1.65693195740191 -3.17813003062448 -0.93015737651775 2.75264142484968 0.593261909048375 3.39341678760217 -0.983789076517321 10.6544954525207
7.15169089538827 -5.54482376757 3.92298499773748 10.208374575355 2.6736018091326 -1.60505019945723 7.57325179929567 -29.9491125092886 4.98361248479573 3.4149990244696 -2.46343307192453 -3.80018609333616 0.167675785800381 10.2391821449377 5.41294346903138 4.92412015860032
6.12607663841062 6.78695923074524 7.15294283545786 2.23688574700863 -1.32144866362807 1.90091399762855 4.69332404579561 2.39389117169535 2.75739785223133 -0.0564412663666674 1.32924625311826 1.57806083538325 7.63223049403027 1.03881448684703 0.580785945325967 6.19087823689949
8.08439324781709 -8.62235125775266 0.719066807040266 7.98361941875892 5.80926202121508 -4.72650721825263 0.598031802699269 5.50338475249417 -23.1654206988348 -0.0839453778449062 1.24295836798947 -7.97305115626198 5.37184286743456 4.97345943582811 -3.2612419024329 1.12060644894698
4.24292666872239 -9.8609823682098 10.1422350172599 9.60115637287221 1.825187184266 0.657545533016087 5.10391508227896 -25.8034963786663 -0.896835012784667 -0.849456516441584 0.49320356646134 2.38551562859351 -2.20925422105163 8.79549509413013 -0.575836185781773 5.18882459207325
-6.00106591880774 -2.51987063619289 0.192946792109423 1.88433226595912 -4.1766151444392 -2.96817422005977 -5.64818827580473 -0.897523113350123 1.84269051250619 -2.80149853427209 -10.4792370108596 -2.08650025640943 -8.7836092744575 -4.43663896833483 -7.56181368646111 -0.678666090599407
5.08312066753962 -1.66245151840567 2.75333247925499 12.4128393521128 0.423521475213444 0.582503123925282 -21.4366925417339 -0.800895234606995 0.211607413438596 -1.62514006271139 -5.01084847605027 -5.05208435356253 6.17847103763762 1.74485347812373 -0.338112860107957 2.22612730727727
3.99764123205533 -25.4488750625172 4.77307634299732 11.5172427135467 3.05869675600162 0.625422459571203 8.42230611556835 -2.51462459882201 1.71009834726806 1.20649718612902 6.35989656708619 1.89575029884004 3.36866459967211 -0.89702502695732 0.154841453196625 1.57708779583843
8.18227137396784 -3.10955399367086 3.44880494736315 16.449812318805 4.89176741753409 2.65075025945861 -15.608387385143 5.06370670841556 -3.06233274401469 -1.51882254488372 -5.87584491112787 -1.41550665201799 8.19593532785704 -1.92768278996719 4.48885234125611 7.47396882236266
7.43260322571123 7.17755251676532 5.58024450029808 -1.22496871283464 0.155517018351121 2.80048683867077 5.41012915390094 2.52359172036616 0.262710755104726 3.13865830805182 7.8099049830491 1.53805849571963 5.28483509400915 2.57930066258376 4.82380858456786 2.13960857049908
5.29964497257967 -8.15991742604252 4.18429436856169 17.767336324205 2.32285676326759 1.05619963083425 -19.6566017581984 0.758248110419468 2.03522181858199 -0.304136590093617 -5.87801186050159 -4.23212089347462 5.93230627657482 2.89127777903731 3.21098035623506 10.1240641703684
-6.57951948583485 -5.04940773051217 -11.4865788581011 3.30686739810847 3.34935985678033 -2.77524471310924 -2.4769544443815 -0.605387068120577 3.4838764373487 -3.48948537843565 0.313150405179031 -0.830244226677686 -7.03824252687324 1.51219205010787 -5.83591572851551 -8.76756432583354
8.12100721001782 -2.81854497631173 4.1189760325446 19.4041683564758 -1.65954439594747 -0.48019839120639 4.78506291371905 1.05121756900713 -1.11009211921208 3.78535564590849 2.69307742966574 -1.58017609648952 2.01321786429585 8.01848982151291 0.302334660997464 -15.6690977117923
-0.998496147864083 -2.18670101877082 5.78153879369298 10.0338391186831 4.63098929051645 -0.383600032301233 -2.541869251638 -2.85355913483247 -2.50082101519011 1.33887122554864 -1.52785188732529 -4.22389171882892 6.75340403832234 2.96683136288648 -27.1704335326699 5.26609626354054
5.63026007411693 -1.97068731050327 7.08158753731772 22.3529018733878 1.71315958603712 -18.5211155452048 9.12278199340597 -1.69719137216042 0.771019983793352 1.97629519527745 -4.90094600614783 1.75853579319669 5.0425535269004 6.21189250608151 5.7467419174043 7.12034399310803
5.71478435924493 -5.77057726516712 8.74900202849197 20.4621500652484 5.06418067626562 5.88018966412803 -19.7524875852543 1.59249310862869 2.93190263769335 4.03466573974298 0.216171404498694 1.17595929963841 4.77690009475573 4.08658937727176 -0.74797133611702 2.8245999324789
7.81122291250667 -7.02645765887569 4.64982466496363 17.2175829305997 1.61796189783006 -24.4103253302956 5.24612839103357 3.7642698108444 1.31029405891522 6.16265956758613 -4.89049425824705 0.704665001506293 6.72679103771246 2.26132802036076 0.540403829488829 0.143258055001446
5.99699252724089 -6.11721894046024 8.80239598029875 6.86573480200924 0.0725381123705449 4.79655415828386 8.38546389153039 2.61282976031543 1.51288360315972 -0.386802768248166 -25.7932720485797 3.10632975224626 3.36282047574817 2.72857165785164 0.148110600453668 4.13442598883617
3.61478988675836 -5.31510010672752 0.736269852221434 10.4174113790736 -3.11924562116871 1.69253530224671 5.02495241506415 -6.19589455399299 2.77689501988949 -1.12072820583182 -2.87526352823784 -2.94890609818166 6.2971174635827 2.97244616881 -22.3261227896767 0.740090320302542
3.71591440260689 -0.118609493758615 4.06058484989168 13.5200002579821 0.380546426872039 -2.68029047921153 -21.5732785571952 2.41001210174418 1.98920348308704 3.46735743968048 -2.19224566480032 -4.29230924064196 2.33237479978082 -1.58898274508737 2.77065184145947 7.36512494564736
6.17810301309695 -2.07834562487004 5.89882294621364 9.16203637279876 -1.90703462876491 -3.87029428703261 2.36739171193953 -1.33845327347701 3.42970527150755 3.44643601025251 -5.31451033977771 -20.8280105488157 7.32648246339179 -7.62230425121938 -2.13708441802236 2.36852612571352
5.34845071685812 -3.47467302040202 8.46811236369979 12.3327622716937 2.7944993013004 2.17334332310084 -23.5055735912971 1.47442625242231 1.56765573592601 2.28950019180489 -2.01550572689298 -3.53708800595215 7.15214244419171 9.53044544725086 3.62730603804738 4.73061691703953
4.31514843350378 -20.6243385051898 3.90959420117876 11.8688022029929 1.81794056579213 5.50765086506071 2.86803932120722 0.0469735921698604 -0.286103956800422 2.80023258437688 5.97124525658811 2.24273511152574 4.39092572730559 2.12255347369077 1.03328698226067 2.08921384226117
5.18475853881898 -3.7844990578428 0.330568101756056 10.4954419686351 2.26391624017278 3.58163448925342 5.54475945376057 5.16987866135791 1.19410731517058 0.875967380381487 -23.1861524022413 0.437005027458499 3.6226326697054 -0.0796529286562044 3.83490323827866 -0.370938630135575
9.41743212998615 -3.36947927112632 -18.0380081103012 20.7466603869833 3.18482157617588 5.83153726555611 9.2776500596119 5.05588380904001 5.02068414633432 -0.616546187201961 -4.58128792568053 1.71565444996573 3.29897498140543 1.71926298019715 -11.5242858937023 6.11871679554572
7.82455737054361 -3.917436516827 3.29585350827894 16.8487899424088 -1.69195097914854 0.0325459894197777 3.64810282770578 -0.767281756913802 -0.445833617836263 -2.42781272111033 -4.68625525653204 0.907868244743658 5.9012763534849 -25.8748002144928 -2.42830400180507 8.04136949667439
2.24338318533782 -32.0310555735356 2.42371193255989 12.5759118721942 -7.05772229912883 5.70376083821005 7.67626617795395 3.83882077361277 0.886534423672438 3.98306001752126 3.95502940157784 0.193682203815656 5.54318208995262 3.56102338438857 -1.71505325574794 3.01474175439098
5.60974914772129 -4.78504399578468 0.340999071601046 16.7099594564521 1.60570141399874 -21.0112154012753 3.29247236550472 2.68699575436547 -1.83912653823221 1.26822364905964 -2.81401478650024 -1.06617883774662 4.84103012157389 0.569192355896163 -0.860706041971443 9.81670919161471
7.70795803479644 -2.71540940565539 2.10585940254397 18.9489626707796 4.73650193520773 -24.034154461153 4.7059657854771 1.13320021214992 -1.7797523661431 9.06772497887432 -3.70658412145373 -0.157054189236008 2.93747440915384 -0.434352511569807 2.06396854777139 7.20614885889822
4.66412147815979 -20.1050623447099 5.46877875585879 12.4617962115723 2.70107581214435 6.16993584272345 6.03357308384394 -2.35395265993037 1.08891410073644 -0.392099132160872 2.96378096510264 -2.3608032493123 -1.35419613870217 1.67745826880176 -0.46135963176818 2.00917434549887
11.818283174306 -2.56333931009278 0.111019230553958 19.815314965618 -1.36238571295621 1.15647480145124 1.25955085007388 -4.04018297263566 4.3209449660443 1.73276334242519 0.24621922084228 -6.2473369663099 -19.5431421206366 5.66937230437365 -0.667600129467622 6.10461570591472
4.59374561485707 -19.4389976057106 4.85831994953291 13.1599472070015 6.49515970800523 2.38297857599302 4.13307937836288 2.02254394071038 1.5143616072462 -0.349756788129541 3.48427558952395 -0.143041879079453 0.712455754713885 3.40958968550563 -2.34867109020623 -0.978886439772604
6.68014032664251 -3.38970480320412 1.82221376967267 19.7025409641476 -0.74204694501542 4.7832612463337 2.52378428208319 1.29439740999551 -0.385792947494124 2.25946832122606 -3.07955852202387 -8.3746833970334 2.28145660496201 4.39880763778575 0.428986710299906 -16.5111829208609
6.00528182340993 0.127562661566583 5.17724361301135 18.3510997549145 0.262763589328204 0.240046883464368 3.16428776550503 -2.0857181362746 2.19479713108806 -0.948907572692096 -3.72539248221649 -1.63077040951607 4.99558773624552 -19.7884967056957 -1.07443050144388 6.15837582087144
7.1959342310053 -3.99663218599823 1.08369930705354 14.3102777805496 -1.21936600652268 -3.67491963066037 -0.113287309395821 -1.36608367898352 -1.59826302979163 -25.21753627755 -5.09914586849022 -5.70534844672569 4.0515647430858 0.353574217084649 -0.0652721327260231 5.50928660847918
1.99074693707967 -6.84046554404493 6.05729725600622 13.7370228273547 2.8075154231092 0.859132791527706 -3.8394377224014 -6.57785424200353 1.69122608230401 -1.8083013300719 -5.6826787394026 -4.22634574982229 6.92648676597672 2.27995480801134 -24.4439617895586 1.22870461551436
0.703778827052245 7.05606040808019 5.64350845334551 1.96498301740464 0.659419237420276 9.42976705265439 6.16543105569971 1.74491623864478 3.32080597326314 0.971844259310488 3.82583432170755 1.32368167636955 0.690267595760932 1.82214148708375 2.84191137179859 3.06328864794219
10.205524416663 -9.23032511485625 2.61344937727072 17.0655158401992 -2.46200379128218 -4.14863429029535 -3.92652578451114 -27.2839746609239 -2.60987487262884 3.16608812520781 -5.81116862480729 -4.41541937551767 8.20252914203033 -3.89610754455335 0.66225216618781 6.66137677906183
3.88814150294473 -5.71606193493009 8.22935135106226 7.54601551072069 -0.530780437955301 3.75558350267079 1.29442608146123 3.92950706128172 2.96447365925752 3.81918215825868 -27.4010431627802 2.83065205503878 4.17132851225346 2.09705550637565 -2.54542000488062 4.79610202833185
6.09357040800124 -6.98654039815048 9.63074846736254 16.4727916554192 -1.69039849395448 2.76233750330903 -20.4552097807861 1.26685599599297 2.14627856718344 4.20150653153297 -0.851767053439249 -6.0063864996975 6.85782007000854 2.15236017672954 4.47890145885573 2.36564750512789
3.39559530634863 -3.69000801869635 3.7682359118001 14.8958388267952 -1.02435573702124 -0.0613411828428965 2.58129529954628 -2.97855150890503 5.18352262196858 -2.01698108908086 0.602004400752184 -4.06771490987303 -24.6948469281198 4.96421841823353 -0.88301966317249 5.32775729467772
10.2170576797302 -3.49369438839223 -15.5557249996051 23.6734915230234 -1.2403666935558 12.3544610634719 -0.454376635690277 -3.49515593334881 0.676878796674692 -4.31725035482914 -3.71538502428157 -3.6374914856724 2.96358291605372 3.77005361833214 -4.43001036638269 7.9559374658675
4.86999174774846 -2.54716538444542 5.1084912000298 14.2767015878356 -2.52301787974506 -0.277599303968946 1.40754896574941 -4.78164258406684 -0.390362304255089 -1.92596743468094 -7.05694869137936 0.760670601825479 0.581203792492404 -28.5288890435866 -3.98664458770874 5.19094801509172
3.66729209323188 0.0498979490415219 4.25668387291877 16.7514206861154 -1.45062353679897 -23.121085471937 5.86340934231485 1.56158186100504 3.35087270937375 2.83453370691911 -2.01041067086951 -3.20115105959619 7.14867506415325 1.85830025890202 1.71738383013409 5.64298870324106
-0.587243994202519 -2.02134899324992 -0.997434198159533 16.711990669116 0.224718103161059 0.980321909185112 3.05738577069936 -4.15639050730202 2.99011591482608 -1.52152398967327 -2.77006989997653 -5.2165790039173 4.18446315232083 -24.3750443989522 3.94641221350617 4.87937127547174
2.7784719848538 -25.754558111896 2.72742854894199 11.0204345721302 -1.97245639493962 5.09689076998775 0.260455350110757 5.64999024813403 0.712677951403315 2.51472718654421 4.15019516680083 -1.78267277921681 5.06995243096545 3.22727127829347 1.06140719025772 7.45154693975411
6.00700935933471 10.9120703202841 4.82175157331313 0.185833546632086 -3.99823028176187 1.65374513181302 5.13494028709764 2.8872840150141 -4.6073302556163 3.16294425845655 0.972690578406019 6.78491319579242 6.41114997532194 3.68365037174946 2.93382647673503 4.7042567531475
7.31337744466641 -2.27927458020304 0.725711476066759 20.3173991129624 -0.603120173607327 1.01504076706404 -19.4078262225554 2.48841563425535 3.26664268605992 5.37157993399289 -2.09017719797136 -2.06816336515982 5.77548605543013 7.0148344047837 6.95802333763058 4.04274092706806
4.2150087245652 -1.6893604895106 5.84471832847942 10.8960763577725 -2.60532577426227 2.98506738172866 4.69516421521733 1.05251839984319 -2.93402061601175 4.74039677765527 -23.6976716456719 -1.31011858100147 -0.822197853649012 5.10412156076324 -0.044120173900442 8.8665784590656
-7.07823842967373 -1.98198155611225 -5.51306707122624 -4.59048207673916 -3.66670613315448 -13.5575813649475 -5.18256893877072 -2.6226260320991 -0.288193538975089 -4.01403578269723 -1.4547421340302 -1.19245784964761 -6.92924407446281 -8.5727503257956 0.202631566330048 -4.64897687683495
6.23100343664418 -3.53010586052176 5.40201578732324 11.0110845219864 3.05415405018956 -23.6355348812187 12.4132406190706 1.7072994913399 -1.38541306286503 -1.40915285775031 -2.16512318000911 -0.786799615407537 5.05009591013569 -1.65407385599521 -0.120819973900297 7.43318218102783
6.94090924048176 -7.62682181615407 6.52102465059245 19.9673196699292 0.210793865906684 4.8042972774462 -18.9951381611361 4.09380031257763 -0.32196588346071 4.87282028187491 -6.44873102761429 -2.99991257714417 1.59477645875116 2.68363425186674 2.3067459044438 8.8403668273015
0.547136712032745 -4.18984287153269 6.94459887219094 7.98128839359293 1.78243580774538 -5.05725649258752 0.708838132705871 -26.7901118109811 -3.83644859610019 -3.97386166381232 -6.17168895874594 -6.0260070035708 0.104787049870198 5.17158451230395 1.00283596090868 2.94273627683196
0.743404963256385 -4.88263760043298 6.57527816558162 10.3544740871594 -0.281559317000928 0.406242599560604 3.63657232810365 -2.99246432739132 -21.5293094094121 -6.15883088674186 0.376011735264791 -6.75480171830867 3.03704477732883 1.25980732635834 2.46137260195291 3.5913315672774
0.78567135922968 -7.53547190209727 6.87499720987363 11.6881548768632 -3.62294545834919 -3.44920004475925 2.62673501033976 -0.956259106780369 7.76416586195791 -1.00434658716869 -1.10052274961288 4.73005756286164 2.52900504874608 1.94525766665995 -23.1173424444408 1.34603263192261
4.7663876109995 -6.98854962263603 5.33313074757325 12.5317397836936 -1.34942415118017 -0.795614571282048 0.877546993200863 0.264836262599352 -2.20553203644301 -0.80912331037814 -2.82309294999597 -1.74699317723885 7.32971090697882 -21.0050147350551 -1.5791021514833 4.36098989649444
3.39800862868757 -22.9464281386497 3.13782137042462 13.0153236247647 0.0593853067913881 7.2443484566521 5.40259352900891 0.935987672206011 2.22872066018058 1.21952310800716 3.47800158814917 2.24765314196478 4.44075295273126 1.36207232212566 -0.318410087569999 3.85298293992631
0.990496077063178 -3.35063103681283 8.62615981399883 13.1297825971737 1.11459300186189 4.35241777806951 3.1557503521348 -1.16227997427492 -0.1834747472144 3.63636018786198 -24.7835125332627 2.01567578649439 6.01855880885059 1.11841943064034 1.47343034609947 -1.27038744881244
6.28829532275268 -1.65335819001712 1.03344044211222 11.7687442220688 2.44193826943369 -0.166293717541723 0.392379932644586 -4.88094152278583 -3.22856206678085 -24.4332145854032 -3.53966044077991 -0.353166613319173 -0.00166124248766497 4.42024566048486 -4.2883206992435 3.40010084053006
7.0249714806907 -1.83408754039844 5.35871944554159 14.0171846176016 -26.0288986302777 0.856262345074776 1.64020515752306 -0.871176407456941 -1.28638105095438 -4.64618708346397 -5.89588696232774 -3.70478598430639 1.03928324758723 -1.19369654089531 -0.0449304475559622 3.63605831961092
4.17060565975798 -7.58225170266805 6.81535251554344 12.5733955111738 -1.52936909229423 -1.42181049327675 1.96122500341349 -2.81793262981741 2.60532187997825 -1.36239979607127 -4.13708473025597 -2.88065108966565 1.80993898550742 0.358063184076924 -26.8076193271505 -2.12043133750685
2.20707993254893 -9.68501878649274 1.38874609035949 7.68676175204286 -1.04420849175983 0.235722478418959 4.22379179898595 1.82574440773533 -2.03741405363009 1.40155834618344 -3.11851270213848 -25.8988304041157 4.00423968964764 1.90907627251385 1.22374842885971 5.57138757121489
5.74674595487794 -1.93959884193485 3.27457465073433 20.6723034528131 -1.32683607506795 6.65318144352707 4.09032206127859 -4.38951817046707 -3.12908661457676 -2.58468139169397 -1.45609101548005 1.00654692922838 4.35314080564493 -1.09384324647814 -0.576441083559861 -20.3847634155874
5.8895532486643 -4.75056056952495 7.47527894838866 12.6061846180414 0.946780398237621 -5.0183585848018 2.21597423844813 -2.18333643428306 3.64694530475729 1.24925311449666 -4.99141249082414 -3.30660896271381 3.72579875788185 3.99558325296316 -24.0684842169008 4.0851668607117
3.87910953618192 4.34434259851091 5.2187822873329 8.14671184195037 0.462170632614499 -1.10872467844349 -0.642196287967497 -18.9229530593689 -0.185714574825309 5.53973413588513 -4.36341144106168 -5.29760325906498 9.40767823826783 9.61718612602138 3.70895812455007 3.37697687600604
1.58202263420169 -30.1596172010818 5.86054463829466 13.060609578073 1.909694535456 12.4155378855259 3.84591393448851 2.81096587604229 0.54888748270347 9.82461206321071 1.54670628928971 -1.56954775208856 2.57945834776935 -0.0314364682640449 5.3264938694193 9.2110139469226
4.31489090487772 -4.00312643317508 2.8005985939041 8.00255983683893 1.33375534153525 -2.24663747467979 1.07923717554482 -1.23874220647489 2.40906977579836 -1.21513925909681 -3.82989331023861 -21.1778919767631 4.69325305979148 -2.29113979507549 0.245322112291088 5.1687262409077
2.62323278160056 -19.4431028883151 5.46138444778527 11.0816095736456 -0.101253274195846 2.08904212243042 4.85902350204961 1.02715016530926 -1.61634145897351 -1.55134138403378 1.03135849620797 -0.3005158731194 5.95878054369982 -1.17196572300726 2.04819158448797 1.84953931356138
5.28841696030551 -3.91175070664102 0.689697609847411 17.6736748529946 -4.62682765402181 -2.01544650524714 2.05794543793678 -0.22856348161111 0.319638976075841 0.833773968097447 -1.86345111224679 -3.7656998959596 6.36049021863664 -23.0106249064679 -0.377002649175911 2.64098315443044
4.83482813832236 -3.75546972028908 5.45209285610635 17.9371684300378 -5.5889138500567 -1.6725893378041 -19.0619429886172 0.405664671172858 -1.50121145510713 5.5201737298267 -4.61113762806751 -2.14231935658048 -1.31716798587671 4.24228717303336 6.22939091852128 6.29249760076145
4.94633447715842 -3.74031032988881 5.75624612259871 14.1939087964391 -25.810080886231 -2.62887269000472 -0.510337691037353 -0.307168092680582 0.526026016174243 -0.809129146167107 -1.88563266124764 -4.96419880102148 8.32886577835468 -2.05300695306978 -0.254525817479607 8.41569928301269
6.13310129898216 -5.30744613915816 -14.2120536568412 20.8196928999073 -0.841701998081344 4.59408128129488 7.14071573097681 0.97525154956041 1.94680083151374 0.00177548454739204 -5.26194742347115 -4.46802761470996 0.628215705294505 3.74201680773692 -1.18904961597061 11.1881852621037
1.4048205818578 -1.62511503733164 3.8606390473993 14.93211308893 1.23883781650756 2.55090516577351 -0.165723434139546 -1.43655266601595 -2.00987929590204 -3.26662839683951 -3.68552544605233 -0.700525268110924 6.21071000908399 -28.3301987903873 -3.82628004958827 4.00464099423607
0.71233324034899 -4.02617310814387 3.22872050638828 12.192822354852 1.72676581925121 2.51901630476293 3.2420274713081 -3.97038336879515 -19.1259276907514 -2.48100517919953 -3.58367970131355 -2.45346019182346 2.51972162262495 1.42429383046435 -0.989319649297445 6.59617983735379
6.3427164171161 -6.39857923882101 4.00697721264964 19.8060913691932 -2.89692621277983 2.74803329057684 -18.2120870387088 -0.0140078907311809 5.12695497888446 -3.34312531113629 -1.81184393089114 -2.61970254562944 4.03965182411433 4.76676228089488 -1.20548132136776 4.5531426684481
8.99446735362571 -0.371773740122129 -16.4363082957687 19.2903550260014 2.74143230923999 5.75745258944866 5.12744348484581 1.21876198727371 -1.64786462700045 1.82117275235779 -1.61134992749092 -2.15985543409745 4.30198205205734 6.60451845435954 2.68022672830298 5.90219435169502
5.9697621654422 -7.88714260973245 1.4329579540487 11.3089392844887 2.25899754964615 1.37000641002554 -4.36553400958417 -4.15607533114945 -25.4776622694051 -6.20932483930807 3.4111458244902 0.166320616613988 7.69340049078601 -0.942018410437712 -4.63341692009693 0.372170996311548
4.08377642255349 -5.04753371315744 5.10508775962989 13.8411711072631 0.583495021801435 -0.301224869570585 2.21944995952217 -3.99063949470574 0.790941229208384 -25.0890873208407 -0.0127210563190419 -2.21261561860539 3.99209985958709 1.85347343124705 -0.128539839412455 4.10817612885869
8.27206062702279 -2.54795850314212 7.21817996640799 16.5288913031042 -0.857003500428051 1.69664070057175 1.83984776977181 -3.43534854338594 -2.27573762816486 -4.72805353299344 -6.15475059180634 -1.63506756342938 4.5397596671725 -20.179060811705 -2.33668099287109 6.72936469749841
7.75644925113129 0.130504945802504 6.02648558238534 20.323188190665 -1.74336300225876 3.97278688548783 5.78396829077728 -5.8419484019977 -1.1027186155176 -2.80041594294419 -6.68336725045623 -5.74730951254552 4.95318870116314 2.8696736236307 2.53962500175179 -17.1456048132964
4.45990517696557 1.37707989764066 6.61816879439743 19.3177471171627 0.11068603880679 -2.12584716894968 2.46020700263673 0.719104883571444 -1.26866311262679 7.34382871863382 -11.0833933822723 -4.9287016997205 4.40742995563539 1.33167298030426 1.51359507722979 -19.1837187368689
4.02398158338502 -22.6358651338816 6.22500792004565 10.7165813947309 2.00762952963432 1.3166120387422 5.03647741156009 1.01464899931461 -0.454559932657552 3.40560157805078 1.46194678630636 -0.501944317852175 4.99330929052738 1.5540605244485 -0.956245200008314 3.26500668979004
8.29250153512269 -3.8738620569776 2.8684040686765 19.1681442993222 1.69117544979542 2.86483179464732 2.24050672326054 -5.76405928108243 3.47228575148269 0.213215170998791 3.23756308095778 -0.313165912331732 1.73551051878385 1.27690101738862 -2.03639906297991 -20.3353834553894
3.57551905090507 -0.816740637325729 4.68496915652195 18.4692775196348 1.89332512273702 1.90429416393869 4.77496157373688 -2.14021529678658 0.552153963427099 2.96313945503333 -1.95584904519771 -3.69436748732141 -17.4055637098385 5.3611937471111 -3.54289762825101 4.32589472694646
3.05355465169673 -5.10220983956076 5.61703602973103 10.4512634403665 -1.05641982201711 -18.7852238977639 5.61594015871376 4.33612981526531 -1.16776647425648 -1.09219786090919 -5.09489192222942 1.5187135661303 6.06921975010325 6.14781725230303 0.72841912986419 4.29109390623025
1.73811545322941 4.83202162117414 11.5566799366623 0.47825783267612 1.93455227360857 3.15829257940549 4.07978821893112 3.35219067248308 -0.204019814073519 -0.899211328296484 8.9011835372532 -1.40408492385695 4.25833057488769 1.58153186364738 2.23869893441035 4.93340718161043
2.52880757076343 -5.15530355116658 10.6801554988236 9.18119959709463 2.11666585811901 -0.328789627903607 2.76073223705483 -3.58601157480415 0.199298419223925 7.05579283620701 -5.65079023468374 -0.969399226909951 1.69039062163584 2.37173121600386 -20.7853250511604 2.52615914430489
6.82348411381243 -1.3191594089084 3.13789315418985 11.6289111339223 -3.05425949265631 2.60935395310053 8.50656529086512 0.292441490807469 -0.00196756750870675 2.64277665705191 -3.21868022448627 -2.78125371083133 6.94340328888543 0.361167358797729 -20.5900272528275 9.06456463256399
5.65591941805869 -4.04341090956631 2.03117833614418 9.72175385518023 1.48392963393726 -2.88694251311846 9.48538580001416 -1.31909960965943 -23.0058289348584 -3.27704330757461 -4.54317582604491 -3.55173186324328 5.30672292766131 2.05059614415538 3.02692223956248 3.39529359026512
6.95243842505954 -4.49327433145649 -16.6089382677331 20.9601029244078 3.76238031304477 1.08972669104987 -1.78935070148841 -2.17815085941936 3.76178848741449 -0.112247059869768 3.78009759307559 -7.75881670459325 7.86179090132618 7.87182629750192 -6.62570556928363 1.61951778700992
4.78422600225702 -6.14539456758573 2.67390771888967 14.8473703477561 3.07186400565985 -2.18721222063238 -1.42779223414288 -6.13418654762968 -3.41394829795918 -23.3880431215368 -4.94661724547518 3.49159781966221 3.50084711031895 -0.564882070390868 -3.6543537682128 4.75180866158809
6.60235451920145 -3.95998481832967 2.29891247008254 21.3994419227684 1.70157782517505 -5.90725996652246 1.52763153905436 -4.06310954715788 1.69333475361703 3.56640870380499 -0.11607673028151 -2.11819526244006 3.54261470766879 -1.95083178419363 1.65087670356927 -20.4366665033597
8.43935715759432 -3.71139380608872 4.06386394313364 15.7628926803386 0.0415235647703349 -3.14669737655287 1.41223982134261 -1.4656722788455 -1.83065326519815 -2.25356124844321 -2.87704665756745 -3.48287752114285 4.08267463260579 -20.9697503952951 0.600749763700463 4.45518096608071
6.48426151400029 -4.35498353667441 -15.5477744218762 17.9820720974869 0.868296430302278 -1.16288500486358 4.52928793066306 -5.37151912543766 2.20364284162264 1.77502484581979 -3.38585493009559 0.172577378402122 9.36154753861202 2.2047780340383 -2.32715310368977 4.18836285641297
6.03771199968431 -23.8742784106692 5.60904577178117 10.7276256991032 1.92519770110096 6.33474040460312 3.28740694176892 0.113303016481572 -1.74864599434172 -0.665871399599151 -3.35586292061791 -2.86101584761784 1.2963250325545 1.97541669323127 -1.20551407464644 1.05821973266738
5.77981973744337 -6.6887781006376 4.54209341793304 15.8554428770013 -0.221613538395458 1.07591276133958 1.4368628297111 -3.63345677871565 2.92273667432208 -26.1416788596348 -2.25198758160635 -4.46960802556472 5.48272161175723 5.1253319196364 -3.77464255575518 0.633458205936324
12.0632802123638 -6.58938198910858 3.51797630195128 8.92879124765867 1.87522475490107 -3.38865398883583 0.755783965382691 -24.3983338030305 -2.59143026317487 -1.90455804620096 -5.13120755642561 -1.8463333237551 3.48313688277444 -1.65125339978165 3.53577291550307 3.98390379320673
5.30044640261404 4.19794586733975 7.64390497335915 15.6989871474062 2.79695283444981 2.91837686624236 -19.6464506720423 1.7630765822473 3.76175116567611 3.2780163792313 -4.06394044479729 -2.13672012635 9.08477399845171 1.95289997436491 -2.04792786387496 0.494527152414803
0.687886015306242 -8.55286121204334 2.43777863779064 9.06285621827116 0.458581686204081 4.34327220632334 5.17575901749684 -0.662156211876774 5.78381822865482 -2.09079991122919 -21.1811310638983 0.468776847099609 3.67872318911819 2.45189278859136 -1.20402561309084 1.21229830456848
6.0304856751724 -4.34962385532897 0.0461286127227405 13.6271089899978 -20.7809595473737 0.0132457601565134 6.87883235651876 -2.46936999770471 -1.18950343590071 1.30294836674709 -6.66801675902741 -5.6668223447888 0.653465842191717 2.5972052923514 -0.270583084452947 3.34527771794594
4.63739271170373 -11.4491046867264 3.29774994878398 8.11510255092569 -0.0994946964197415 -0.656691987846928 1.80566976490568 3.75075816614862 1.21737205681044 2.59354927546488 -4.2266234173034 -23.2187810170701 4.84909341369141 -4.93507256114212 4.74366219817493 -1.60936714666879
5.71032203567401 -1.70934295692777 6.13187311622745 20.5869243160564 0.828614247327581 -3.7781730475 -18.6951220851098 3.4694787273632 0.135833999123257 -2.38065348813816 -9.27292358757103 -0.590402312316522 4.18200372160723 3.99380236087482 3.17913063270878 6.12609191871277
-1.30173274108512 -5.94646943825427 1.44851531167408 5.35266654822265 -2.73333179370892 7.2674782201002 1.42013114232231 2.06397323417964 3.61090417379037 3.871597774067 -26.9318256310302 3.28334920081604 -0.17940239762285 2.96156070704615 -0.655002232989338 -0.267874308550741
3.96792819642798 -4.02859129235371 5.01373084361484 11.4324188258022 2.70236038453704 -0.539525171096175 0.14223762549007 -1.7445312054718 -1.31484310159288 -0.264451467912189 -4.27998464962917 7.4801953708579 3.43220062231562 2.13096617629657 -21.382235600398 7.53227676324846
3.54123473253583 -29.7803311131118 4.31130035388056 11.8086946545476 -3.01507153061054 8.39237622837007 3.16477504577093 0.0666473143243599 -1.02658039723222 -2.8267581575409 7.58741891643751 -1.18747080771007 3.26914339246662 1.88142224134287 3.62656511636705 1.95443171209242
7.93057456008367 -2.84856834794893 5.4068106519457 18.3368067286705 -2.56767209512509 5.83056614596076 3.28063518619491 -1.74260209402688 -1.86678187266337 -1.26758996899806 -4.14089772565425 -6.44755835378754 3.33227542328596 -1.40494808690027 0.818965392641685 -14.9839672635262
4.64945852759511 -6.73104050345086 -0.431043007215042 14.3653858625045 -0.590968114218438 -0.0960257902688129 1.65473776159158 -2.63921248795527 -2.86923056984362 -1.59121827338328 -5.51185111071205 -8.42993361515283 2.04619998899585 0.283610966282251 -22.1531809804311 8.68004983266233
1.5491325371705 3.26871916994867 2.39358796359654 15.5971099865386 -0.684363644430925 -24.8309125201106 5.45163515710345 0.976045999051614 2.76923006981577 0.155811175038967 -2.14008591224591 1.05535464900878 5.77941844681172 1.60625329678328 2.82358721951621 2.14257898368899
10.2762289163528 -4.8188128279923 3.33198129472901 8.72390573346774 3.39158407372118 1.27449894001688 0.471464229336398 -1.8034589530363 3.56175218488022 -0.757588979594402 0.184212943136832 -27.3875929624644 3.22004027898423 -1.55583901656615 -0.763574036810434 3.12425616381051
6.19565540835961 -6.70180100354321 0.614676055047356 6.79460463060737 1.80633170637422 -4.6225540452927 1.84231234090463 -24.6800376594692 2.96657705582325 4.7175082662946 -3.64616204526453 -10.2073991415447 -2.86496154348164 10.029541415533 3.76418609972222 1.03364466323435
5.16949955146112 -3.7493981050503 4.82629903045079 10.6070150771963 -1.35843737280905 0.18497584347042 1.60945668283107 -2.03659673848874 5.90656309564604 -23.38706619314 -3.71265978956421 -0.360261861933586 4.36469886282675 3.9773495124864 -3.67663144372941 5.92523086141913
-3.51637329188305 -5.9631590698983 -9.17059905060042 1.51113912286951 0.2675738484293 -4.68628944051685 -12.2572109116328 -2.63108174072218 -0.527793695581506 -1.77702686648994 -11.4973080817808 -4.76511660512598 -0.157111353663668 -8.51074260035584 -2.96217850874829 -6.43534441060919
5.8207706461707 -2.56887353401958 1.07650246585284 16.764797723955 -0.143674318374942 3.55791804109395 3.84627141815213 -4.71255618329315 -2.67388283646543 -2.05508086859542 -1.96789302223522 -3.3697044390701 7.36745688174932 -24.8654925294428 -1.47985189342465 6.04144664183949
3.60339765587224 -7.42140571501384 5.47190144859422 18.3381736858599 1.03876513169492 1.09609942460953 1.88564908026976 0.918348855559868 0.799352565180616 -1.09242153673491 -2.3139907294208 -2.44619878012283 6.95154112015649 -18.8260222508974 0.827441814483467 3.04572539844599
2.78788264515979 1.28430380803055 9.18151243540566 14.7585031868125 -0.302918368854841 -1.02348741502542 -21.5117363598375 -2.79177600620593 0.743932808701081 0.392680839565384 -5.55638262074869 -1.42342377325153 4.51480944050491 1.07704294641686 -1.26627761572075 8.09340047783393
2.62786487192912 -6.7741755244901 0.531055361700408 10.7270742754164 -21.6195291793978 -1.77532085080103 4.64340722088632 -1.89761634197015 -0.985740473155651 -6.50789498224484 -4.91361542464927 -3.15325469283791 9.43288838322432 2.34021034880705 -4.43140188030384 0.850199862985913
0.704961190192924 -1.37311267743708 9.13944054467465 13.4371611940547 0.219124247037669 -0.310532231239435 2.96895139819863 -4.92129067250604 1.88105350550975 4.53896255661025 -6.32791305576844 -1.46792046528924 5.19404742500283 1.87154632496351 -25.6013966164634 9.42572313374701
1.67997282995073 -26.7356998480208 4.19722158121068 12.3524208318747 1.78245355400824 7.13533239973491 5.29598433695767 0.164386703106742 0.945718013755442 6.73263283713157 8.3185599170834 0.68210399438512 0.303397015151877 5.1789567363119 -2.43376976282018 6.58768805784649
5.60235469022866 -2.83414372074781 6.04831613387171 13.599935175227 2.47799712585216 0.153858836221656 1.39383319808804 3.96761276478888 -3.6617091819717 -23.4065537627646 -3.35252251581632 -2.51158147159115 5.10125827251843 -1.42408962876257 2.28148042324271 4.55653798542138
5.35157753975741 -5.75527774000104 1.03290553287689 13.377512351932 -23.8772214481059 -4.70663205783055 0.63681916208223 -3.4814888591899 -4.76212069003331 -0.18159391025482 -3.11989650038147 -0.888014309966576 0.875137664915984 1.41849863220372 -3.5461337891508 2.48489346004509
8.6372308302009 -4.35339974202162 5.26123392730849 21.8767204273797 -2.8932166590124 -18.4764314174185 7.5536744646396 1.37559373349415 1.55043668793215 0.307969321844126 -1.76561511825282 -3.15917096563529 5.420091123263 0.740233323421725 4.62644955179333 10.9502582580243
3.9208638692116 -17.4649474707784 4.19007033136425 9.76089897495334 -5.10661890207637 5.39550153046797 2.04198574578253 0.700815497163375 -1.63720548484657 0.222400621488605 4.67054522181064 0.746319590146919 7.47679854697741 3.39000949079956 0.194482364933126 2.77119036898228
3.72152185936134 -2.8216447632758 1.32426546447168 12.3294390066031 -0.654047827804771 3.73498788472295 2.12992375993284 1.32648295609148 -27.897201461669 0.855273553440965 -0.280889404902111 -2.46509817015236 0.840513496752632 0.721250470841132 -2.38892840404528 -1.1285591067377
7.6336145164528 -1.80175677237935 9.31242747858319 21.933285442108 0.727428197750696 -0.423260285213892 -19.894107229047 0.931687103043384 -0.176237290199004 2.03347044718065 -5.92094865621139 -2.11581504103321 3.59719122467807 -1.48678861831404 1.90550619868473 5.25117629738083
3.73809941644555 -7.3621282165289 5.76501698614538 8.74787687824347 -1.28123858419757 1.40454454935821 1.7658333199746 6.54151509184358 -0.955988794580991 2.98630087094894 -4.86007180515983 -23.1808518105809 0.944091196881859 6.42250906912602 2.55853343710598 -3.84480263203694
-2.83292038365156 -7.66745537818613 3.24087913765958 8.31281140815221 -0.0260582384775028 -0.164066692214688 7.49653333029783 4.78642820821082 1.09079942305179 2.25463956818357 -3.45354271709825 -30.5327160231348 2.06921515510601 -3.3971484683717 3.54729108643716 3.14480583591621
5.14194508310457 2.42185785995965 3.68501743935817 15.329856253446 4.1070014840249 -21.290532947248 7.29717582845385 0.794731248986751 -0.394943782009101 1.51869596512326 -2.19945282162388 10.8474759244407 5.34450133151006 1.69506784328751 1.63371405226415 -0.835993803885422
4.35999018780212 -7.30303221452545 4.89990959134631 10.6080840643662 1.06740125015093 -2.47241210884867 1.59164059357899 -5.52653372791799 0.013651439633025 -25.9996394805181 -0.753448240342937 -2.08465521413285 5.71870989436234 6.51858690355757 -0.206258311664014 8.74068909125537
1.63952479640506 -2.64589075085274 9.88832876985899 11.864475772111 1.17922485073309 -3.1834610078276 3.57826621152852 -0.385400745486096 -24.9700778522819 -5.43625389230732 -7.85725244318164 -2.92320056786543 5.91675107748342 0.654215028842104 -2.88846395095367 0.570510998355978
3.64016486003702 -6.02900268589435 4.34466792698908 11.6888086576008 -2.15250649909168 0.782306190088883 2.11037478875161 -3.03112943813503 3.96160524256057 -0.664211008505125 -3.05109393752171 -0.920693863367019 3.84766260778083 1.58138338108646 -25.1399249144091 3.07323816425669
5.86372738896734 -0.723641706085466 6.6705302662539 20.2898348568675 1.49807006969074 -0.333064132470803 3.8252851039712 0.480097599361341 -5.30228687982634 -2.71149789112916 -5.25308697621765 -1.45957573978274 6.74351640754505 2.36329248108446 2.43674040171393 -17.410903161335
-0.819150917760608 3.07397555036512 -18.4032427649075 19.6481368069941 1.70617921578212 6.26341728742535 2.18554675319384 -3.12257582197375 2.13571066956837 7.71063526464192 0.388654274802549 -4.14313430394225 2.07884707476131 2.26968868760245 0.800233230109235 9.5356517609822
6.67626936925597 -0.684294163056865 6.83853227713566 17.1945568138336 -2.23360862906996 1.0191204621688 0.104394095980083 -3.11112977675802 -6.04997723113268 2.48663697061875 -8.19393738457171 -4.42463472134313 -16.5429898222287 5.01827951674291 -3.47483867658763 6.66017462074827
8.11077107268115 -8.43956279317445 3.41265184153056 9.5776914545868 1.67516247427391 -2.33834054227118 0.980561390674075 2.02511951616493 0.130498278914768 2.22393786380822 -6.18984683381374 -24.0487067669436 3.35422727642052 0.889169110070217 0.515274997462629 4.00678475195784
8.16423154337443 -0.969450717332074 3.3058442372385 16.7277177456638 -4.19237220090853 0.8626124966655 2.0842037106539 -1.77294698362414 -0.360295388439248 0.259874828182167 -4.03466630879779 0.0142893006362996 -0.760824047183299 -21.6503160067796 1.42074939171603 7.06669835772639
3.34201067448619 -2.29028609545275 3.88851529616221 8.66542665248773 -29.8531349347916 -0.743082912484784 3.29247622550796 -1.76449349037229 -2.95894742697353 -0.446792623321578 -4.80699844823085 -3.71009307307307 5.72494079705742 0.0717610733596494 3.58827434965452 2.65895577781195
3.4582737878074 -27.7712719155537 3.68745918766392 10.5119857642677 -1.7617260243394 6.43332996267571 4.66125067640558 -0.723858380541987 2.25829082989672 1.16274083107118 -0.757386248925354 -0.26488811741141 1.72345606998125 5.80751644936578 -0.444415155701147 5.41956142982552
5.29476820512344 -3.05275722921665 -0.372197676650559 11.5513511107992 1.87972700164601 2.2821185226958 4.20627525189056 -0.862862510216386 0.863701313904508 5.98055332637415 -2.75730989569968 -3.47063656674188 6.44039548122562 1.62784305730536 -26.4644933797202 2.97977033002968
6.95626492421128 -7.68319527369517 4.27019360855484 13.7605669212171 -0.953571176278791 -0.6271620425397 -20.7235549317424 -0.422182876341681 4.98633427592725 -0.0531516157503118 1.79032150128953 -3.15308622509277 6.31408079821426 3.70884776789563 2.0791531327055 4.0659474250268
4.32052918333613 -9.91402853694925 0.220075341056843 12.1281739710803 2.68348364495677 -0.967199656454866 2.45566589677485 -28.4405489975097 0.813770980224709 1.40161950393615 -6.36185944321199 3.911295200853 10.3498674520728 6.24727272510692 -5.47061925575698 2.31503916287497
3.58319578929569 -7.17174306636627 -1.03891518964761 8.25998142509135 -28.992024388128 -0.11950854084216 2.14038970620095 -3.9485259166482 -2.2872086588437 -1.68142507238187 0.779920441122489 -3.02673590920001 0.964639804441332 5.72808935609283 -0.933780598474394 0.0616762672774596
2.2564195598405 -5.04084777454269 4.76004872703642 16.3001565562977 -1.97497362399617 -2.16866083725235 0.6673421091488 -2.8673762031558 -2.8092183755208 0.46656387413764 -3.51600318110934 1.65903645580385 2.15629978335615 -22.0099857363698 0.611638469173391 5.7219910037857
6.2016686397545 -3.38958575444864 0.069008432967756 18.5207409023432 -2.84805672418892 2.21058928521022 5.10024472027529 -1.84202435281632 2.4938230801715 0.783166145245237 3.2685142632692 -2.16921089560762 5.07379202136367 -2.45358134201123 -0.794394099512725 -17.6140969341658
7.73534803148564 5.48422689204859 7.24381882715055 1.01371034472745 -0.0716438246278877 11.022882121349 5.01901156720242 3.50876440878242 -0.59938344124302 0.504887750160717 5.173056833806 5.60589579594175 1.32576334037401 6.80372289262887 1.07517130618044 8.64868788807862
4.57387076148204 -25.6262260053835 7.57332571818717 9.51813773506384 -4.23206066387744 4.83475574786159 3.96004509141795 -0.610764326452827 1.14416035443693 6.2009277367016 7.98281065089096 0.784425047467737 1.14656385622623 6.3435772153939 -2.14447967619568 3.8274494861239
4.4818174122713 -1.73521337681639 2.96478443552201 15.4708255504372 -0.452295137837183 1.64792701479808 0.89908396068625 -2.65221443914826 -4.5070247036299 1.01525475759379 -1.87684585014865 -2.87411203643981 2.22144886325659 -21.8949441584715 -1.7360473947549 5.58363335613673
5.28738949383088 -1.45650927311797 -1.10417310685853 9.1217587412196 -1.07602124168655 -2.12577060443401 0.460364005693209 -26.6306235084222 -0.745531157088062 4.06558670242545 -2.27516738985014 -6.19157138295148 4.63188525012023 1.42444892004336 0.329333454427224 5.36915674736429
5.39833146849533 -6.04484960110929 0.92150027469301 17.6021712807611 -4.20469838680732 -2.94189672598198 -0.194464872677874 -2.15257457918282 0.989130652844292 -2.83719452783285 -5.83547544648217 -3.63802262572534 6.93146702710422 -25.7769721792679 -3.25604625590732 5.12230826855157
3.42719994810342 -2.04023262063461 5.10082305280563 14.0146768646764 1.25719754592917 3.26637104066046 -22.7990892860381 2.43744170195299 5.39281447441967 -2.91251953511291 -5.87869639750962 -3.17337238855616 4.33792710176172 4.23195341026278 2.2922141648116 6.79194404614598
4.14466102995472 -13.4142102835698 9.08535616193663 15.1888872524317 1.97305096703251 0.00152932208553996 -0.0380242146763752 -1.3432842797029 -1.12008297003929 -25.1857173491395 -4.58288152818079 -2.98733116286578 2.39878512845742 3.00118159338518 0.432495477911349 5.3472080973234
4.34427226437052 -3.34454572282406 4.99929553896713 13.5432049944169 0.204160616474226 -0.314781086797009 0.75264691960846 1.58834320243796 2.0422951157574 -25.1795098224091 -3.33008527961242 -1.78410502488347 4.81312395792776 2.71300419260566 -6.31154162382265 10.5563033928502
-5.01611807751495 -4.29813681356167 -6.96372877092101 -2.23163821734448 3.40299541009533 -6.50142627769657 -8.70208156818688 -3.3726048932467 2.00776504637011 -2.43786843237355 2.41842433253905 0.168328479229958 -13.1139336187921 -5.03543648706083 2.60619105110171 -6.74284402077966
2.84751119749783 -2.82923466186208 1.76045720321406 13.2846090879383 0.913740124412809 -0.596118946210029 1.83714894602111 -1.8634630261335 -20.7796676316839 6.10826570086179 -3.34788757310983 -1.94179493677625 1.9985975281457 -0.0789236754342504 2.5859071606892 -3.65307589772168
3.69718341328798 -2.52585757315012 6.14530461821455 14.4781819905331 0.802734929903067 -1.03558419067999 -1.90134503496707 -4.25259726048255 -2.92829552508545 -19.3996140011549 -3.50640077940113 1.10260230429895 0.329448006489904 3.3061897705307 0.397824416652987 4.86845958277525
1.83134660860606 -0.673283651115186 1.31058088623052 14.0368858877908 1.77249653236721 -4.19030724071742 -2.60332157697692 -33.3412636075657 -0.457992871309617 -10.1346637310619 -4.36711251707366 -1.77598252603051 1.53914982158742 3.13377803912584 3.86346275273835 2.36029302883311
6.62527845439491 -6.8468428451542 3.38690617359654 15.0727973575976 0.641172267346307 -2.8642837920906 -6.92329631107036 -4.8267086009728 2.8946572605622 2.4012524518523 -4.48110865376416 -5.87817091434403 3.6966513938281 2.17382191152039 -24.1696119104158 0.592230497016828
7.86846452374447 -5.84951069835062 2.60014232857449 14.1766970919604 1.3028929586592 3.83952693350001 1.55980958047969 -1.26948850022216 2.69742451298692 1.9317714495652 -4.93701459949021 -0.991318381142592 1.93411388514916 0.117543456697217 -25.0132470413886 3.06193834419164
10.3612424005749 4.4347618756502 4.49871390302795 -4.29014168003597 -0.975967157957897 4.31188247975265 6.55996833374607 -0.780294397695642 4.61319409667412 -0.654194891742506 6.49522768172982 -0.797160702862831 7.22716209970746 6.00392731803757 3.61040780483244 6.21331658703978
2.75234722034121 -22.763171076208 5.32852611101694 10.7689185131344 -0.0305373167204686 1.5157965548648 3.14999409190765 3.71495644554939 -0.489984505696971 7.35155460763721 5.56755177367518 -0.320972009320797 5.07033354886626 -0.913484839776076 2.6824142641878 1.22174689277605
5.81047479962689 -1.86246382692731 9.3057200229912 18.2738962493776 -2.51583775864893 0.67699098568316 -26.141045202603 4.74652237747537 -3.48698813971266 2.53065099738625 -1.69327123555255 -5.04966698294815 2.80001480985254 -2.25751752640925 -1.76812459038527 4.17898501865432
-2.44771277453946 -10.69257111512 6.16498705940797 16.4466127188097 1.03849635958519 -2.57488360118721 -2.74847796816164 -21.9019239024862 -0.247115717916667 5.85734073785233 -2.95953659427703 -0.534415097882 -1.06163470768382 2.75664788411195 4.38069150446526 6.85479273155319
4.69782743633127 -2.77583314689049 13.3944566675079 15.2223080801933 -3.15990153180981 1.17678704654173 4.2910233734885 -0.424613912608001 -2.8836955847667 0.536141538749125 -3.24037730156291 -4.67824856761896 -20.3183640252408 -1.80325090071262 -1.13418055528905 5.75217120497641
7.72837105710373 -3.20197428521126 2.51130334753931 16.5807907460554 4.49951275828522 3.61028494289363 -15.745742945108 0.901672318267335 2.21948086430637 7.86293979337723 -0.483766469279284 -1.17236859035969 2.43630118485321 7.59586128653393 0.729201673505794 8.07680797948603
3.89186962555312 5.6052473218954 6.98767994294238 -0.440428334844698 1.0493106900458 6.45383983552595 4.73095272974227 1.78806061278894 2.03475964183817 2.91909866316737 4.60911831627993 -2.0334026689519 5.2662094007267 0.136821872179655 3.1026821331576 10.0967023530919
3.77743214916495 -1.39536195587076 3.39546644197159 14.9054090832145 -26.0338249942011 -1.70320181262955 -2.16095575394729 -3.88860710913003 -2.09010427264814 -2.0976258796303 0.467214631885057 -0.998721643222989 1.85250631284554 -0.286364147994786 -3.09178725809376 5.73561368381387
3.40763067729159 -1.79098850098175 4.771755761327 11.4653124591838 -2.16536510058554 2.55223625013528 3.17932234093581 -2.56414746747758 5.62124240148615 -3.06602210974827 -2.15491480284696 -0.998075343629695 8.42829013130893 -23.685447468364 3.28727243521003 7.60399111793279
6.54394292411218 1.35514345668016 2.80246449503238 19.9701162818 3.51126987417279 -0.379023661891807 -21.6874288177909 1.62388868662977 0.00532195367132937 5.3356755956665 -4.99933736722501 -3.58087446497091 8.07865069554265 0.0788695913037558 1.20297480975124 8.69181845389377
4.36227704143522 -7.88092476789799 2.79948628717026 9.06329162046423 -0.735682204989436 4.34491551113025 3.83896312583549 2.64624626148291 -1.21765064448779 -3.31156604333094 -27.9475114866057 1.42271513310382 6.48785735564321 2.52112027391281 3.98885370338247 5.63137150648324
6.07069186132209 -2.02781641371246 1.35396867657171 18.7201768581186 -6.06149639508982 3.02110841286814 -18.1828828540923 1.49642728692975 2.54801832889204 -0.493825404332902 0.60916288852835 -1.41100790187297 11.2734735407982 6.35696576152543 3.43364845646002 -2.89354212208726
-1.58513727685861 -3.05915116860046 7.75877810804819 5.41699823499535 2.95590854985529 5.03040672254408 6.98987168516013 3.20743994820929 -1.27947510207444 0.110177829467961 -27.2235399486536 -1.31666264803404 3.84880523998785 0.303645664021717 5.72881242573666 4.90469731224371
-1.85725326197957 -3.3647151238947 5.46150636355515 9.61542650287846 2.11736301281673 1.61161862073401 -3.62518251529842 3.99864336097153 -1.868036034376 1.37083688517409 -27.2113967103632 0.801979084697761 1.88980526666765 -0.477418198866937 1.86569917314271 3.87981621438024
6.4447617437338 -5.51594428130835 4.09328564490415 15.5862503483125 1.87690079863889 -0.612669151945687 -4.16188915349528 -4.29719693373197 5.90110182253164 -2.06140717715446 -5.77609308453589 -4.00993315457348 4.2574686202522 0.57371004652132 -25.9099720025298 0.791064309153458
5.20764057948339 -5.55377500324691 -18.7702762892473 25.0363112509082 3.20622734449485 0.433245736084834 5.40569749067026 2.19135246687056 2.72382139567027 -4.09865150265623 -0.7459758119297 -3.15931579747725 6.27755806181329 5.22018823075317 5.65416286311417 6.62151954120066
2.94810551329431 -2.23182045050494 12.6084406955718 12.208836897531 3.73293416156411 0.806162995116443 -19.6044200768822 2.31418443642569 1.66080123593036 4.37930011925889 -4.78820954402756 -1.94654749001794 0.197072886796559 -0.477875427335393 -2.59365800180223 1.98310213588866
6.04577248132462 -2.19493578055485 -2.46682638581604 16.0262148883869 -1.19007209692547 2.15407619380791 2.59886406010741 -0.104522222138118 -4.10241063983512 -1.06643406622712 1.71582744716567 -1.82084727312152 2.94751997375109 -18.4882650914088 -0.224182344252684 6.22908090396375
7.67518521679347 -1.65900691860011 -17.5119532038717 23.3236340668408 1.12357438870524 2.45124133057466 -1.43562143943832 -0.922083341159565 0.610257752776085 -3.46504730957015 2.91176963223502 -3.35687101311108 4.27619863909406 6.74236166431824 -7.61530055855746 4.75726879588632
0.126963256808525 -2.91959085630315 1.01513244091712 18.5622936455453 -2.75940906819403 2.0145891350519 2.68626267514407 -2.41951370776291 2.70671472010342 0.217358226056604 -3.81677049376219 -3.94418975078469 6.64839754442969 -22.7998187297003 -3.30076728153935 2.34996371961868
4.0886530849173 -25.2099377604151 4.34165842925402 14.7954899793493 0.254111551448172 5.15598719174951 6.81084054434276 1.77995243617264 1.64167378485451 -2.90880424638044 -2.76263973381899 0.439575127207051 6.68242647303586 -1.31027519137735 -0.396474166920043 8.48827268891378
3.07095787320234 -0.828243496403679 2.26803383882058 7.09150047540068 1.32906609871968 3.94381830700058 5.60675380360501 2.69383247664941 1.73348844154684 6.37850749494977 -24.6383942876889 0.450820171223328 5.1812801722799 -2.78487474207661 5.5924376334604 9.79372367610587
3.96983737546099 -4.77719418688411 2.61792167075558 13.2495298470999 2.82003012885044 -1.28530550560898 2.6916369821822 0.725073601773292 3.64060676188125 -24.2994455786226 -3.07746096732412 -0.860173097823969 3.36113671290779 2.73073588902217 -1.56070444056709 1.99023382002265
6.19780650873642 -6.00280862454551 8.81263717609293 21.5858672911159 2.05124439196168 4.02874305803063 -21.3349778191143 3.08138944063973 0.389004010877397 5.93483245162828 -0.346628387392228 -3.12484085227266 9.70141008333224 3.94714667321727 3.82878282607404 4.8853143944063
5.0874148842875 -6.40657709355852 5.49281416118761 17.5115136263062 2.70441199152416 2.90728812683594 2.9729391672127 -3.27756614414585 -3.30834388279244 2.9040736961221 -2.14159246838504 -3.15390493528013 1.69767987214631 3.16821736638985 -23.4724460772622 0.968824117292066
4.89354110158189 -6.22852213588313 7.53465395895844 14.1399744062515 -4.78193791933937 -1.0813404549932 2.84706390892726 1.25971730225761 1.82386953615271 -3.96071878885151 -4.18527658139455 -3.96866456464219 5.38653357328157 -23.1638241648713 -2.71263369338841 5.45003328895535
4.84439506442412 -2.43325668904595 7.34909803523051 14.7387001486652 -0.347445872267149 0.988077278939469 -20.6895027399403 0.982215856782906 0.725007433264498 2.86721540817991 -1.89786400923656 -1.20188832472239 1.1227228417384 2.20512725542282 0.547620353879501 10.3624558621267
5.86025571704862 -8.5640651852393 7.76698235059377 5.64907970140697 1.16991277408912 3.22760513185437 3.80414653973134 1.28053765514276 6.09924354310344 -1.5297441827049 -26.1824964408059 2.013415057274 2.02542404291291 3.94354793495364 -2.67852827835387 0.547371897331805
10.057035866337 -1.61938623793762 1.90036479335659 9.20811958516683 -0.713254749339635 -3.71557821387947 -3.65857855518865 -24.6915390905357 2.97681955367167 -1.55525142309909 -4.56145305968098 -5.32266302460554 2.35042576034203 5.62338558020351 0.53420960953835 5.42916531134397
5.29391438271755 -5.8782382231388 9.522487925221 8.29859626090443 0.595828513508398 11.324552305159 7.6177798449801 2.35809859737755 1.6446331417886 -1.19909929812497 -27.0108184095516 0.848925351005983 1.8372031025827 2.55481755915761 3.68263760427234 8.44411677710635
8.60609920354326 -9.32726442111553 -16.331942419817 24.1551471144841 0.532559566256262 3.67311662847416 4.31534026070218 -0.770142560353002 -0.679468735727645 -5.44548837384118 -6.47928797871434 -1.36598994241179 8.77603730894109 2.81534608488953 1.82306480979114 7.59116725293859
6.15034809269179 -5.08185864522537 -0.480101074286338 14.1119040621013 4.06604652347821 0.031273524060644 2.27168513020087 0.819553968174523 -0.313502718150003 0.150402322253627 -2.64969038136989 1.04715943135421 3.5543413570105 -22.6360166910632 2.59853222901222 3.66123989623339
13.4090482947778 2.30047041340423 -17.9913079777197 12.3366247077437 -0.35101710531183 6.30662278140595 7.13752842131908 -1.50220694916034 0.282799683273216 -7.10235246493093 -2.87868475294044 -4.06192836833843 5.63214481366698 2.72454062972514 -1.28831629391295 7.9603102881785
-1.97080107959522 -6.29150928066951 3.38428567948021 8.07644225972132 0.599647653227005 -3.32892263119746 4.84467775884974 0.0112436952084419 2.22194041420718 4.69330104758613 -8.51440457708685 -22.4055456410497 1.53203075583911 1.00310922962197 -3.23751437061983 2.90049354771732
8.70120215236689 -3.54942962427528 -17.7068413096278 21.6931534701842 -2.02355016513403 6.11671796507424 5.94325694588626 2.91255604678338 -0.235737087930153 -0.873284227796908 -8.37590575716249 -5.76859691202106 5.89510928993668 7.92939513756974 -3.85544433453497 9.57810188901092
3.36608458335146 5.71310968048002 5.78404296226215 14.6587787145773 -2.09873063318218 5.27590905897783 -20.2465836598894 2.46952329576361 0.153040458718042 0.561414317008993 -6.0008631828234 -2.8136727289848 6.72996333424632 5.6389997093428 1.01196879247155 5.53559976311578
8.68879944533863 -27.0649429756244 3.79469325769997 10.3713146171654 1.13224462004322 3.29011685608981 4.595145445941 2.30459601771237 1.82045393902427 4.7093316736164 -4.78509116056921 0.0937870109165093 4.41452878774383 3.87477517758566 0.979316850967949 6.24815604402804
7.77758937067522 -9.83842167791267 8.41952817942871 12.0808852296697 -4.66359799283023 -0.397790282382296 -1.31578964392326 0.00518063953416048 0.778966849271541 2.61412612850017 -2.86993397127711 -6.39577858555121 0.590568219750173 4.14573843694154 -25.3461135633706 0.947593877385791
6.12134773710978 -7.78305103398488 -0.944031656281125 14.4373366443902 1.44159727555167 -5.23868950078833 -1.54765534667615 -3.04437245747102 -21.39845552791 1.52441995972331 -6.31752604767496 -1.70028131978174 7.2683296425914 4.00619838246045 0.0234086958823143 6.52699986432811
8.21525298363611 3.8906727805639 7.07974874476657 -1.17049050186146 1.01034680609821 5.60705472042575 7.43655465270763 1.60756750060803 1.47567890141837 3.21332762132225 -0.248467732294843 2.17776266926187 5.15268722620855 5.0318092196223 1.87146426553983 5.31606741160024
6.67958933717625 -18.4835534189217 0.77660246257913 14.368485732133 2.04983476709333 8.5414487658256 1.85007831987893 -0.16016407867048 1.29706814528081 2.13967783227477 -2.2699019905116 0.513219258116622 0.71455851218348 5.50303239164963 1.25123865423216 0.0605290148709559
2.32073720223662 -3.26594070291227 5.30370132369476 13.763812692423 1.69583186716694 -0.988232533385398 3.76558856755476 1.92025261015922 3.94772847781678 2.69421200339431 -0.870967741579466 -25.1424793703437 2.59672258633432 3.50669680175337 2.28915006157942 4.24794250939543
3.02021119833656 -3.64154322180913 4.28714136722192 12.6483538983566 2.39803281673203 -3.46158518043534 3.8244802805852 2.61001133303193 -27.0768010613724 -6.5710424908105 -1.3385744959998 -6.25214826020066 3.95483093821106 -0.334838116069431 0.713938390152718 5.62259421156654
7.46257721477277 -8.92782592917075 9.98485041403644 21.4921812656501 -4.80274903971842 -25.8482291657459 3.72753090175943 1.28162252140995 3.69183185175132 3.1031767494798 -0.884927906748513 0.660099403386988 3.31444902249013 2.98922207655639 2.90297611563744 6.50735927243178
6.28171298726861 4.50533988832843 13.4202277467564 -1.7501435915556 3.50816606362577 9.16445304280081 3.17311998926489 3.12273197101982 -2.07590257707773 2.45304813667979 7.37312346272651 2.69322104450029 2.18659029228342 6.32984265965962 1.66026305733415 6.79923609763599
2.11730878102158 -3.55104336714316 -17.2280737714168 16.5681773009119 9.23061564245668 6.84522327102387 -3.09233497720186 -4.20696180015288 1.0697772091712 -3.78507308460104 3.31458414511527 -0.403752849765077 3.54860313973055 1.4961274878114 -8.47245163199236 4.30961441693112
0.255155982564968 -8.5686793992732 5.72444327863585 13.1902042478836 1.29709944813181 -1.12774419865876 1.506217576337 -5.99790919349779 1.4629093594354 2.76807751101953 -11.2120122104284 -6.48723308584633 3.88173598526836 1.30644912777091 -26.4872647665791 2.38334213664305
8.82341139894273 -1.81269931603987 -0.299269619335236 19.7574498712791 -5.0581040904441 1.56437536639428 2.40811738245463 -1.35961270270143 -3.11365421770431 0.776978099263662 1.24371514177842 -3.12449218112793 -18.507892354116 1.18164625149 1.78880556227715 3.92208044710359
7.53143069346926 -9.92615016487243 1.48207013721243 15.2982268632925 0.27171488796027 -1.02287704195184 -5.59890096344638 -25.9785770067037 -0.847098419808394 -2.84579920580854 -1.32986203151081 -5.83193031975826 4.37938819577244 5.05240943833122 1.80276773880939 4.64733082443034
-2.98586694205281 -4.07866338530238 5.83335372934387 11.2755760868183 1.45800553793999 2.85745847528241 -8.16720885929363 -26.0605432976349 0.818551485750232 0.459405353532816 -2.97614636381349 -2.00075325480927 5.19983171371953 2.76067661055059 2.60249815031206 4.47775269228666
10.8446920044716 -5.61679223525535 5.79989977078814 12.4761230786186 -1.33641992385948 0.358475503140696 2.85397419250866 -0.615576136818601 0.235163798339288 -1.13469667299006 -1.63149378755874 -3.0615970468297 1.99855044781726 -24.9349324841283 -0.463675197090487 8.36440895670752
5.64886299943342 -23.757071619481 3.22210174007443 9.53514556230826 1.32288790199482 5.81400524465745 6.4887304916213 -1.10217540135625 1.50683760625289 -2.37621148895951 1.29181041680225 1.92381274563133 1.33901993029301 5.31005736590672 3.64634757983349 6.65015623758043
3.59643127379042 -3.97843098430156 -1.09621871877705 14.2963110076623 -0.114113522139329 -5.42711949499698 3.72918341155402 -4.30789705352297 -23.5091443530557 -3.56990388251624 -5.71593173531618 -3.88073841623779 2.79552857784495 0.404040882066529 -4.16977791837314 2.2676885617473
10.9747971620109 -4.62988681680083 4.509506924701 19.5671103588418 -2.23524782844855 2.34837437226122 1.06881650498317 -0.872196427096811 1.23044280509083 -0.667862634591923 -1.72019965216468 -0.590911798285031 -22.1224972397346 0.174080694425206 -1.08496968816129 7.95736034890777
1.80881543588472 -3.81483725782457 3.94654221233694 19.6669635385586 -1.28934856286448 0.311773209517369 4.06682872596948 1.86620261918017 0.099514071970084 -1.57404925605712 -1.21231850074107 -1.02178669687751 -14.9320781948156 3.18436886027886 1.87308339015105 5.93377068224239
3.39249815606083 -3.00905117974754 6.51749917332203 12.3309217854497 0.444625855188785 0.175696127456614 1.95705615705086 -2.48196197266602 -0.253208922105146 -1.35950076329089 -5.33141099634609 -3.40981628889089 5.90446576622314 -20.9213553200297 -2.44419246488068 4.75093234865296
8.53242915428315 1.99501652559728 1.91558265051477 13.9800515194096 -26.4708429242721 -1.56090947782956 0.908484442343425 -4.46798200355254 -1.8911971625153 3.23729861780993 -0.591629164317155 -4.92672030968831 1.25507905678375 3.35750734452123 0.638658172829646 7.07252851451177
6.37966554336272 -2.43370161938229 -1.04162773774317 15.9048762969743 0.603210788960562 1.38893078535883 1.34919126085405 -1.15322093398102 -2.14543235586473 -0.0226385986554777 -2.80353962596568 -1.99111213463907 -24.9084117196338 -0.991041697954686 2.16745642379527 8.8359755407958
6.71909173908886 -5.03828919228631 4.63947968802711 19.331170008245 1.31391463601508 -0.737047402967867 -21.6355708695515 2.77470295096134 1.85150098332233 3.9409844925708 -3.00679067241501 -5.39770286398765 3.12543425411395 2.84967298762715 1.95896508764381 10.47157329649
4.06622824520492 -10.1105385417222 0.107467924668931 6.3985287471864 1.77410088500222 -5.10237126602078 11.0751325001152 -28.218940367513 -4.83565677958253 -1.00012029363636 -5.10628883797424 -4.64915978607064 -4.02398182962979 2.78951381106475 3.91457539146923 3.4129081556441
8.27362433000397 -4.29932685311923 -19.5000110908208 22.5475896088342 -3.13681630216235 -1.83858686086126 4.12528842953341 0.426783822015412 2.86200235501522 -1.87345210639104 -0.215724062989467 -0.936489747315053 5.71134508124314 7.90737852276555 0.366392886585497 8.51492196820056
1.1030299768891 -3.93134638940445 5.72897240869145 13.5001643579018 -0.320500637656412 1.78620421075296 4.92365794925294 1.97111086908201 2.43229472151968 -1.34475917166295 -30.9987800302523 2.53243117365619 1.9197668547683 1.84690174379351 4.18237770446304 8.39073688662642
-9.74468091366307 -12.4314519708875 -7.71891140045914 -7.41450713025746 -4.99059403212079 -8.3006939559856 -10.5665111599968 2.08969581875962 -10.5137967397564 -4.64838837218977 -9.41178252543481 -5.77359758695403 -8.69130303903118 -2.60743371586934 -7.8846937649364 -4.88132633960236
0.99765362202465 -3.81494788219953 4.19672001928461 15.9553535461232 -3.04233190397668 0.515804731679852 1.21719861303432 -3.22546648639974 -0.670805424586775 -2.4338595115093 -3.99900136798452 -4.26703608734151 3.05029234053189 -22.568936928396 3.11426996623803 6.10447151224566
3.27689670782172 -6.5370501508767 3.73418400124116 12.3836369885893 1.5645427696661 -2.53492100954014 -0.757869944204242 -5.72601468152077 1.33176313467662 -23.332575623617 -2.20115043764537 -6.57677529747737 1.72746483698963 1.54619240503502 0.0938793234396178 6.79982237037363
9.74437244676255 5.03532303330533 6.26923820128327 0.651792719893458 3.46504284812685 8.97021963920148 8.18225308758732 0.913746856062883 -1.72372102528507 1.73903555385401 10.054027813484 2.72083312771182 4.82057587968058 1.55946024857246 2.57180823671786 4.85840977168835
6.70869543948055 -1.70509313850231 7.65687085014224 12.900657642039 1.25625887428425 1.87365175212732 3.27526506192146 0.132480673532647 1.17317906524658 -19.6235649470745 -5.38572615900235 -3.82965856686835 5.85220036203738 3.58871488939099 3.0710559779218 3.80654466110519
4.70669985771476 -0.765645734031298 -1.82869852460889 20.7503250597293 2.3303305379559 -0.795905485029685 1.70361971712126 -2.51208421665687 -27.2928430333544 4.62106571078972 -9.03336609667556 -7.91012591059153 7.26781776569093 4.54940443913997 -5.23730264770475 0.815299962276216
3.88877901366828 -3.07957085154008 3.75480800951072 16.0069243914797 -1.31685743823422 2.2483079412515 -21.436216561444 1.93529847702474 1.90987462419039 -3.83617553625465 -2.10752130330426 -6.05753781157915 8.20471146387755 -2.24170238700643 -0.243651009387642 3.33870915625859
6.29010514757933 -7.83684266052647 5.22318808765994 11.9122737562931 0.863790881000533 -0.888142448142164 4.37604673125214 1.70888553597637 0.571029004468753 0.716730238187988 -25.1716893655904 2.56062953718742 2.23325754494341 1.15576156547639 4.04953485109387 -1.33836426666684
3.75873565777991 -8.56843770357276 3.88846606478046 15.4291828473349 -5.54539787124618 0.815339155581253 1.1848082535799 -1.01561935594555 -3.35416691957875 -0.281395947817986 -2.92500836654843 -3.62371682179739 -0.49093026001646 -19.9684969286634 2.11965542629281 4.54730262065196
3.49942684049642 -12.7978315859273 3.9843343327838 10.5043601994877 -0.751744584996389 9.08854892975539 7.23326713122774 1.75314639245187 0.572499152818897 2.25204166449134 -24.1791951078989 2.9749623728768 5.57151747119202 4.02316128155144 -0.9136333951879 0.657262775713397
7.16132988722213 0.647675878649588 2.32249055212659 26.0980056297236 -1.58989581985624 -0.0155182833500844 4.67586875293144 -1.35121502568197 1.38824350825996 5.30009142835166 -3.30065692989622 -2.32471540331028 7.81734731026917 2.79462728396972 -0.919527165676199 -13.6956923206868
5.84370763883823 -2.770863172052 8.02015143325499 18.3632285727809 -0.504381700479264 5.21701707221003 -17.9942446426302 0.839082037874261 3.15838861677221 4.38009321351606 -0.237891297703603 -4.49728557500015 1.4363736010828 1.90538622684333 -1.52090555278009 9.79307633611004
-5.68295235987426 -5.74013419341025 -9.12158207422769 -1.36995033651826 -2.99382301056283 -3.58308270383855 -8.03758946541017 -2.03439286129431 -6.23735465896798 -1.7524922865002 -9.08111430872845 -3.06547579328055 -4.472926034852 -2.09182740003194 -4.11289880789973 -12.1364172375175
5.40598768239911 -3.49667061224938 5.48349163177519 16.6539998533181 2.85205986834692 2.76574513133521 2.35008708098336 2.14580308587809 -3.09614283205162 1.80547371823244 -0.424692033517745 -4.69980282704088 -0.191232206468805 -29.5637225677229 0.0272073387538423 5.13757895786958
8.0021300431959 -6.57149079565504 -15.386836060765 19.7416081690802 -1.77304929449705 -3.95616896618485 2.85657377097971 -1.02868822197311 -0.231361189933255 -8.82035373908439 -2.68333879275301 0.0816251939706776 -0.140366858667119 3.33957049192571 -8.6248277007186 6.51869074272535
7.71802869396593 -2.75615317984597 1.48698535690784 12.3040294837552 -22.0364744683562 6.61650097210982 0.0950483948320027 -3.90073585170085 -1.58044907940281 -1.94111921519536 -4.9438211081749 -1.84009875590931 1.58105470758375 1.93926446303129 2.31037509586162 4.98110772578323
5.78922121266104 -4.79376644280065 0.315899163672149 14.3477829089289 6.13909663207668 2.43512962545363 3.19955798250297 -1.49522312834817 -2.58996088604877 0.456709809392742 -4.55429829377627 -4.64223397764742 6.42271604290034 -23.235939236449 -0.0113806160623016 6.78897315053386
7.64433732613496 -6.36940381298119 -3.61567022969179 13.7693475757473 2.53409110180787 -1.50488820241111 4.4656436407139 1.35724660280882 -0.153329865216517 0.753757580930819 -5.63250796447167 -3.231191228613 5.13730718437464 3.28081223062622 -22.9788063144904 4.35649302256986
5.86561039343416 -2.32803459087308 6.46825449646845 17.9429130540471 2.91645610869839 2.43669889600042 1.99863819859421 -0.579040504070735 -3.68984486435927 -0.842723052724111 -3.19563703399317 -6.52320083308533 4.15166092900917 -18.2663241567559 -3.16394362359762 2.99461841613003
5.38769968824235 -6.4515778684198 6.81408717805041 14.1226519701344 3.09488062059137 -0.210654594726912 -0.121431557290723 -0.364622968778869 -0.791318223541963 -29.6440963936797 -7.38283491982285 -2.79323120959599 0.789449162157654 0.730939954005417 -3.0464638460078 1.19723448649452
3.88587257232461 -25.5835326713826 5.76150727666077 13.6393294130482 -1.33366369436525 5.52366281238694 4.78287619128637 4.11248263012894 2.09747507076739 4.01579640642252 -0.274068600039026 2.08901332655973 3.3230215220631 -0.025264098805607 3.69866492626918 3.62824735166549
6.15015381023872 -2.99395293075867 8.4613335292915 22.5101188493089 -3.41368173840446 6.14510659913273 5.02209693537639 -1.44583491252011 -3.90800305973493 1.5424031301905 -4.13427547385979 -4.65236379799305 4.09053692117089 0.0587490569658977 -0.760262203085462 -19.4032709703662
11.905203239427 -4.14894798846929 6.67624257890116 17.306394305862 -1.64151374058444 2.72979273381 3.67158857711191 -5.29097372135943 -1.09790755334146 0.518382288158011 -6.98596211268756 -3.52073571686386 -18.2476215046967 5.23355825154326 -4.89684697582833 4.98708064998885
7.37683853875228 0.210469684466865 6.23619282233004 21.7660373084856 -1.81973862908228 2.30093569474925 4.73228649549291 1.82901284657799 -2.39477682388782 -1.04184361831721 -6.38496817232615 -2.818109678168 4.30715556325708 1.72357515358771 0.418790012029688 -18.2590088772472
2.06238563632799 -13.3164650623857 3.84375119249355 16.7753958302731 -1.72238761955854 7.39330003422283 -2.34743739875714 5.87598113580741 -2.12403985940733 5.0027473820364 -26.1102018619077 1.74913152141024 3.28099292143977 2.00611252697927 2.06782825828887 2.13996086834569
3.95249141592026 -4.19706397727217 7.32161047440246 19.8488230213746 -0.966418104765993 1.42379580442605 3.87202053307252 -2.18735790910198 2.13465948962797 -3.14816551710621 -1.71136879606035 -6.06772259528475 -16.2272589891534 -0.949094891349761 -1.08795155392814 6.78508882830861
5.06205577262577 -5.46007933158133 5.84071633660516 16.4342411436163 -1.30517283009261 -0.776410751608185 2.31198264358996 -4.4510571725115 -2.45255334052639 -2.49063611978351 -3.96525456411961 -5.73501897051134 7.00309470629815 -23.9851128224295 1.05181418048439 7.83504923758472
8.13853429610323 -7.45706121320979 7.06080902706309 9.68469718141239 -1.05778042260533 -0.626766718597725 2.57944575797987 -21.8525260911243 -0.149177815179588 4.01823482392008 -8.4187519313501 -3.70303292801847 3.2527953629429 2.33288311239027 3.28567120085489 1.64633578950831
5.37844425620806 -2.85088890731577 3.82753945309181 13.697846488145 0.840213984850442 -1.46349692051782 5.41332225623029 -4.7664520938154 -0.0423407914331801 1.44864296927161 -26.1712936711462 0.194854146836101 0.428701330986546 0.970404974399964 -0.298573571124119 3.88479848551889
6.69862999314522 -3.5710417558127 5.39482266345053 13.5763731928142 -2.27736713749784 -0.824347703800288 -0.626582885751992 -1.34336698416149 -1.88879704357783 0.10398527659978 -1.31849395468311 -4.86053303282673 10.3544354309429 -23.4425265602025 1.26065644696797 1.67380222403149
5.75550381225701 -6.26036246439177 2.94352151824645 14.0820489609055 -2.14158023697169 7.92806927394898 4.33070441677861 0.62523465528694 1.06796112787926 2.10925497185794 -25.0585632081265 0.0161036430373767 4.19533850286361 -1.16090208473686 0.922112232872257 0.433501259093778
-10.256090318495 -3.49319105922161 -4.52884021626009 -2.92774280820997 -1.12807232061464 -9.80924656702499 -9.17385317594139 2.56260615093296 -3.33376291904335 -2.20416686064398 -4.52700933372394 -1.43922855523133 -1.64120286751237 -3.62551329390319 -4.54290032959661 -6.56587040725991
4.14554761802944 -2.01479587920557 3.55466085174418 13.2998840028312 -0.0435600744086811 -1.66886057243572 -18.2215898213173 1.56238145406974 0.112819141416615 2.90025398385413 -0.700244556682711 -1.28346250968981 1.88864785381552 3.95987710373344 2.88383050242721 2.16853593624339
5.68313494655199 -4.39181010681218 5.60187531527307 13.4769813555871 -0.0446945492438663 4.29643483922174 1.77558867841275 2.3306587977366 1.75781555876408 0.706166038208903 -5.16890393459047 -24.1974577154874 5.11110789636556 4.42368524497103 3.08916292800205 4.08895734004106
5.92549102321733 -1.08742009161116 3.48978244052401 12.7716474849164 -0.218780117618063 -1.21141241721159 -4.44159557044502 -23.8910933435405 1.67286855859203 0.117291307035259 -5.44669404189182 -4.96277111580687 0.887939363420236 -0.135746628162743 -1.31206847075495 2.92385728221052
8.80575391842967 -3.20872782087678 3.65406626315551 8.5127590480435 1.65545776686005 -1.78290973361404 2.14187508257268 -23.3573994624759 -1.29843972152821 1.95098557025973 -4.55436382113957 -7.12078777532074 4.08028713871083 -0.313779100895011 2.02111169288754 3.10085534370009
11.3028430189492 5.18579299049724 2.77504694525256 -0.618929474427373 0.286572960756475 9.80627529416985 4.16862794437607 0.670830665425945 7.01674700570467 4.07191096254258 7.20207623956608 7.60357797544293 1.66487228172498 0.322138694261249 2.55762119280447 6.4336598998821
3.6500594739111 -4.62460876396231 2.4267276892359 16.0919197389284 -1.48379989795861 0.991365329903067 0.800256602523023 -3.8445123493676 -0.448808075810115 -3.2949049858045 -4.36629866935818 -8.33737449276478 3.65257259890476 -24.0435375913622 -0.830470134696797 5.25335183693708
6.64118979181617 -5.65287230640943 5.53962101947868 19.7461285941503 1.71780259673292 5.05764807568998 -18.5355148842968 -0.543415534737939 1.42650197921377 0.644853146227277 -1.00914493553393 -2.18567816947518 6.14183094248633 1.79015324500631 2.75572280561786 5.16320971578089
5.57318921967926 -4.31321614900542 5.03202578099909 15.7673396177438 1.09831912008933 0.813705848525514 -20.7477843460488 1.12829991697759 -0.773744736135873 -0.994073708861565 -2.25845928131652 0.265509571787504 10.2715806406237 13.7020738121361 1.65808291371166 3.11767073102162
6.06418143606937 -5.26049821165216 5.69770108476549 18.3471947076996 -1.32398280759387 0.576313358992791 -20.0205402721793 0.90450931173274 1.8968524464037 -1.05085595309224 -5.34684942676887 -2.14126623870004 -0.143151120041 -1.341841957641 4.03492477816161 10.3341677523467
7.45229872072456 -3.31991957333236 0.216585327028805 16.9807365323904 0.534797614106631 1.77512855499766 1.56887333586489 -2.40541739493546 1.71431033048694 -27.7535475562618 -4.38785621846969 -5.16311727112243 0.567815022080636 3.17512352570989 -2.58700573350853 2.07101950294825
9.32180634153351 -6.78118502869657 5.38967449557669 11.4181052283823 -4.25755550724955 0.110950244453115 0.128468002417104 -5.32606180392921 -26.4879192852803 -8.96306647360304 -6.7042667252069 -5.29669409132681 5.48706935344099 0.794528437344815 -6.07716620425956 4.71833161409178
1.32456679811992 -3.8549854643029 0.896455716275758 13.565437093117 0.911111730568343 0.794813263571144 -3.71314998045726 -1.20502511462656 -24.7824697067385 -4.62859723970814 -6.33414167984913 -3.78031528017668 3.49392305340928 1.6157837488343 -4.20278460790877 6.36205510017895
8.46064014505932 -1.64554554833155 7.80948645707119 20.2761301851083 1.50604930393102 -21.7736688963448 6.13289908101648 -0.273776720459268 -3.71533393789785 4.98340517234992 -6.75557040659405 1.75464176729168 1.44856926913566 6.81243823558026 0.131290030511571 6.90647159196322
4.35568084580632 -2.45715259647013 -1.2227999998366 15.1778639932925 -2.85224681786548 2.63583041093497 4.02885553003561 0.144146721565464 -5.95065599060287 1.17534021458882 -6.2299635297175 -2.49668176732101 -16.8701177428792 4.77197480626138 -0.395086235211142 4.25262562712514
9.81984479247809 -4.92347275807559 6.01156438731714 14.5104336235095 -2.07084048367688 2.8513084688942 8.30254523542532 2.53737125246013 3.92642472158973 1.08789731824848 -9.94426289965894 -23.0709438274258 5.63843365213846 7.33656171040989 1.72262018555521 -1.29684790738764
3.07232388898993 -3.68577185250249 5.27792817557911 15.1172751374295 0.0567334049133055 2.17945587206193 2.32418325569342 -3.78847436753878 -3.99465300147255 -1.27172082098034 -5.32957751408103 -2.09586864834217 5.47047036083443 -26.0767714226599 -1.45666353365657 7.68200743228926
-1.15630992171393 -10.6369573362922 4.1412185270578 13.1243275719624 -0.0165940805081882 5.00611972125135 4.35228213385612 3.53645016551591 1.8669315861515 6.75967652871252 -28.4112220203251 2.73129963576383 1.31734901665834 2.0763913465933 3.48547146651481 -0.618832608932693
4.45131616726702 7.32550634264647 5.99427902582154 0.760367882210478 1.73605230689491 1.46907425421872 4.7452998034377 1.55836198412099 0.964935176117745 3.04099831967679 -1.96760658967293 7.14336254296256 7.15613167827714 3.04460623365411 -1.80904355789769 9.27021676757838
4.1349702404052 -4.26405485331692 5.9632229839437 13.3810780057236 0.166068287316129 -0.428797953504661 2.59164626614665 1.51940749761249 4.11362375741979 4.20460405314415 -3.64765281789667 -3.04568828407688 3.18775323257355 1.04577230222582 -22.5429270840384 8.33471163447497
5.49896494886613 -0.79238638336557 2.51453367171966 15.0892868789507 3.66012899915944 -2.2394232414321 -18.0232820729921 2.42056270004621 1.81151719016101 4.88638456348041 -4.06625030715967 -3.08102789858944 4.78204370703782 2.31383446211466 3.21423108978704 10.1621655868489
0.390099887759797 -3.72624427691072 -0.248924218944437 12.7582476798816 -4.00679265921529 1.61957590123464 1.41200436439976 -1.34292443021416 4.77628689101512 -1.37086752287267 -1.13834144151978 0.45443120295999 7.59072220692521 -26.1223582917268 -1.5844586621667 4.47147548205465
2.59890022763911 -9.40145218246982 7.03213919096191 17.02115225727 5.28224906798284 -19.8463791393369 4.55230946260638 3.17228253242391 4.14915567413597 -1.97674239184287 -2.02029442106728 0.337789584046134 4.3058869484737 2.85537060771037 3.3535167358495 3.37258199427285
4.9671057130513 -5.59281322535081 6.8979796394908 19.0163525379255 1.2210717154328 -25.2412976812434 3.90712055279976 5.85991883031063 1.56787214436438 3.48645163972308 -1.6668794998551 3.45548881483656 1.01391318050439 3.57603158265229 -0.354578049615167 6.57425562840201
-7.10245140336832 -7.0289278193169 -8.50720088874724 -1.96130951909667 1.19358315052201 -4.54577751224397 -10.3011842933265 3.11637968555374 0.471644229126139 -4.38670610605684 -4.65289357975884 -1.15633776113227 -2.15715796881595 -1.33828741313104 -6.67297447975813 -7.68482442926199
7.07705613808352 -3.50638987459879 8.2116466203805 20.79266501917 1.6655626279359 -20.4613193676907 6.11776773983866 -1.26233708353154 3.11041221780045 1.98684337863973 -4.29537265708132 4.23971228359366 -1.82374344498371 4.90917912832008 2.66960141159911 12.0349454767455
5.73453591604087 -0.229309048751468 2.42753949533003 15.5111382078056 -2.92043645778101 -20.4441359263719 5.89349546617522 -1.35459189602662 -3.87623533405382 -0.919930495403729 -5.42089037472276 -0.170905358748462 4.84553735131741 1.83140122431075 6.05607352769946 7.94611754900289
5.05288598485063 -0.22445278089611 3.47580466570448 11.4610275856612 1.03199145423546 0.591251944102761 -3.21659290485988 -24.9738381073664 -0.558453558283029 5.82173983148987 -5.41687187642749 -6.95192508922622 4.77226702464207 1.28011791389662 1.47934536052959 2.52228204209498
4.01811296607044 0.656917675923316 -0.900939823498573 9.82716226411224 -24.8465432384468 0.0243536449649855 2.54184662232311 -2.77980223913555 -1.33523819242651 -0.0635234303887233 -6.9913409607757 -4.99029667310379 2.8364701554365 7.21697174859804 -2.46622214993987 7.64782086439724
6.63798808791059 -1.84849958544121 3.38928031914497 12.8207298709644 0.557875033282421 -3.60060765851484 3.08829573768839 -3.53368217510137 -20.3456333881274 0.00069524194879067 -5.90910580394445 -7.76344228178718 3.87079456125278 3.46927890766798 -3.83023325692696 -0.615693522049238
1.74349479201525 -4.42176448604151 3.60756215206439 12.5345226368913 0.69678789329137 -0.37336229691446 2.28286124416856 -1.3644835463466 1.50876341821697 -22.2498604140148 -4.43123040217381 -1.48370268017863 2.89581775628086 1.97290294525415 -3.26173695660193 1.5408924112132
0.869878038422706 -7.90958828705083 3.9116558479985 10.1238981592099 1.03691940014772 -1.86315706396465 -0.00312158805865848 -4.19700513737016 -25.7036132794803 -0.842551346589093 -9.43186894765839 -2.63408035395081 2.83414695345213 1.53408116306625 3.62206651842653 5.80834769333803
4.42092102452906 -2.58738196771617 2.69801969804099 15.7077430429384 1.34603993628682 -2.72572656639574 -0.321279116064922 -0.788350472280097 2.4288444960768 -21.2914891419553 -6.80919520604488 -3.39016275559372 4.51353475529 3.73625411787629 -6.33004493014051 2.87555372016843
-5.73572167034728 -3.84884911118302 -9.90665528360505 -0.180586798750793 1.65110118680377 -4.46268438096667 -4.231531443077 0.432362262780706 3.1659281653903 -9.32559785018914 -0.988491781006129 -9.12138320266437 -1.4844081477701 1.07920694730405 -4.17659381913594 -4.1680528714524
9.21676961615387 -7.55896436803887 5.90731392181643 21.4235101503426 -3.12880244211278 -24.4146294409405 5.97649389716153 0.930180039164716 1.2965837601398 5.88395524888781 -4.38408170471838 6.46383468787582 9.06938533319375 5.38274595888371 8.08920644007925 -0.710059499766121
9.19877715799049 6.26466290716092 6.82204068753905 0.0580420603370777 1.84830449719103 7.16310983795311 6.95834895589806 0.446688271017102 -3.83674808578025 -0.222276514367191 6.28917234557991 -0.0773969161904959 3.46334631970188 -0.758925683753675 2.66238305575899 8.55503844849428
6.01536278977055 -3.90262191792572 8.86276976485685 24.3664417844709 -2.02971422983512 5.26767727133537 5.67590821042277 4.56525837988521 3.45302060688468 2.28061534842138 -2.28118151080178 -6.24200485540544 3.24846011731734 -2.201055888387 1.78270416234583 -20.9955916108595
12.3880526650494 -6.39023443698974 -17.4666168870339 16.066324716652 -3.43670197905761 1.26677484395323 5.86692525293098 3.21699700003398 0.26314357229785 6.28459890871641 -1.85981786009917 0.189027729397327 6.84603312863066 3.67412737475808 -10.1649807211405 9.1734287452034
10.4091483528449 6.23077116807191 2.01062578333095 -0.837967040193001 2.69847096371434 5.3149233217973 6.94981240726539 2.6698996626526 3.16815130601007 0.386365047476871 4.91092646544097 1.46049735374868 6.5258369022837 1.29836408222082 3.0355217058496 10.0028982210926
5.42521022136093 -1.30733688412135 2.61551315471414 12.182794450325 -1.6184497127661 0.294545174594116 2.46248201792085 -0.394369026319491 -2.21110516569535 3.58634105549847 -2.02209894747332 -2.10435328273501 4.86945151204934 -20.5706749650932 -1.9715274611036 6.39641413176833
6.26735527177851 -5.89488949827965 7.3078820985111 18.7520032093256 0.152417729644877 0.98253177472685 1.27671922888101 -2.08278240749276 -2.76967078914543 0.666617675990848 -4.19883225235936 -9.73779514259408 2.3342308775244 0.311011472753082 -1.19850926447087 -19.5759099592786
-2.4153940108548 -4.92376391586563 2.78153321094284 10.4746636961965 -0.723955239478448 -5.47923416969502 6.35240343592203 0.396329911566782 -2.07424799484968 4.96918742209486 -5.77999366670925 -27.7743550819999 -1.11636475092091 -1.98220760050447 4.2595826270123 3.17229409294864
2.67795555234443 -9.78348345757728 3.16425831702894 6.9675493256865 0.82557191007838 -0.96890091052743 9.22591467293182 1.18944513159173 3.02505606357609 0.568367858550937 -6.92874568944765 -24.6481593413827 0.450800011949999 0.470877457261883 3.83340006948409 4.59210694336721
1.38960034326448 -1.66681545281158 3.69172134084285 12.543203903129 -0.959025067061692 4.38849187529338 -8.29939805091427 -25.6295776325231 4.2363232366333 1.61182151809966 -2.696967041458 -3.31178454805488 3.73445128430878 5.09135001531935 4.1590940088419 2.40509580569138
1.1927054144781 -4.78122845081636 2.56070724559118 14.4082542279153 0.406757978603582 -3.88248676207594 2.00592371991805 -0.0648496639782845 -25.6161470968768 -1.45597647101925 -4.44752962200525 -1.84119914903925 7.77679187879017 0.755445539762386 -6.45939607950012 3.68139022775692
-4.05847819389332 -5.0777459250952 -2.81073553934622 0.904550521687257 -7.75919726637715 -9.7100169520093 -8.84593469887672 -3.1053324715066 -0.148060955413467 -0.483547637483271 -1.63413387886953 -4.09158964604246 -11.5655143503191 -3.00844357128083 0.0109442086979428 -10.1707622562129
6.72004089137022 -1.84540427617562 2.28290538080895 20.1078096840292 -2.16208814946179 2.84711994578971 2.32064614133515 -1.9193946588541 -5.2534524667916 -3.93098194222865 -2.99074818515599 -2.58849518059383 -20.7899991940647 2.80234619285431 2.1286408286028 9.7217135217497
5.71217727899046 -3.2666981070541 8.98665844300956 12.3387903986579 1.26824811146383 0.144876978298005 2.79213422621348 -0.902126127018586 0.498945289021749 -23.5909365460306 -4.57293770034699 -3.76283628744673 4.83051108483077 4.39811799229461 -4.4799292489322 3.21427566502837
8.19764339943836 -3.905429409569 6.37671038830716 9.19306212211535 -4.02501327388239 -6.06383187348784 -0.215893576495446 -5.29891822975549 -5.77921064124997 -0.997596876314954 -5.73155527888715 -8.60865461948789 5.32381939673363 3.05777750268064 -25.5322456913199 0.371884934928655
10.0969892232278 4.21566017443842 6.2356878819086 1.54643900131855 5.93240493548361 9.94591342858517 8.24612399902793 3.34242159974598 4.19657435187379 5.087411919285 4.207090645698 0.326368813262319 3.98711849594163 0.09478480878012 2.76936210716726 6.01950843148527
-1.09824805066279 -7.97142985296497 6.8065273247573 11.7627297869233 1.17503772038854 2.24852434249765 9.44394698733722 3.61166250284891 2.84720265343043 6.31662137186414 -25.3218063580238 -0.677465649948057 8.22036986246765 1.01789443420767 0.968679148557109 8.82049552713603
-2.9183641831791 -2.03493364147593 7.19255911965263 9.56810150239712 5.34376818694621 -2.90770781068596 7.41236791313305 0.980001996472593 -1.73488569859914 7.07540182551683 -24.4157794128172 0.855417833426809 4.57092207494408 -0.102939343060166 0.154794658860673 4.65885764672551
1.1684667888247 -27.4094009909109 2.69496511202452 12.6164122172234 0.848820560861235 5.97280002121431 3.67794532547764 0.618459076915085 2.05920583716496 -3.82361237976557 1.90374532915743 -2.10978162397691 0.0522671464188544 1.47834025224669 -0.0443559945460072 1.14706083425407
-0.141572128918241 -7.86270366026783 -0.0701266379613679 14.3412137264251 4.99681227191495 -1.42321779733127 -0.529590719566758 -6.07782085802383 -22.3660667414274 3.67517374423898 -5.46244342751866 -0.953219133921538 0.898868061827721 5.0053673022886 -0.921468239148713 3.09209000912998
7.34289196929394 -2.20130494350981 3.41955370564225 22.005754823203 -0.905352881985572 -0.0714798741874717 4.27129852506158 -5.46088255306006 -6.43141565917224 -1.31979382414856 -5.04894779234722 -5.56830950005238 5.88008838738017 -21.6300348525191 -2.6011788903824 6.80902822700574
5.96178244540541 -2.3611841199317 2.96423921825293 16.0770862316709 -0.137510644795945 -0.213275938643077 1.82056719273988 -0.827603368363808 -0.698771134976716 1.27719668300815 -2.57389479210464 -4.19459084581979 -1.22173697163357 -25.6627651931171 -0.939351575475788 5.8514134419613
7.96267150111153 9.31820910214647 8.65040267560502 2.76901813529597 0.817335531754967 7.3387014781787 6.7389732009902 0.370233204508121 -0.56578010817116 1.84522627058103 4.47659736738344 0.362320488866585 7.1630028896253 6.6065411452455 1.67037373452014 3.05718765709846
-4.39418610925688 -11.2093391440741 1.55416958778392 14.0521921534008 2.31071064171634 -1.48258635052573 4.48592155387519 -28.2861770942354 -0.82813133488736 2.94790382921845 -5.88801268898369 -4.47746084401927 2.93380823847583 -4.39281931708991 3.48112968266087 1.12373716792532
9.00542243412167 -0.660133215499035 8.14730009310916 23.7122133184147 -2.21489739782871 0.935243471557038 2.23228682635119 -4.03981287975359 -3.38794861116785 -1.84820440862233 -2.04743926889752 0.059203208854095 2.28847791162028 -1.11300728852079 -0.7286993988801 -21.4800891267875
3.49458365619638 -2.97834850095754 3.47784064131048 15.4104545952993 -2.78824142916432 -0.807545470423108 1.10186092669688 1.49680027677323 -1.27017726421736 -0.128319099795925 -4.15757111921722 -6.59024907865987 3.89263892241207 -27.7604626881596 -0.784747330262295 4.83545894789781
7.41099598273864 -0.040499389835472 1.19661505471933 15.5803954612194 -0.510765786492405 9.23260919015377 2.86867123245576 0.755212285057781 -2.90433589157676 1.14519398367467 -3.96512103861739 -4.31204817712581 4.41455847009773 0.0659037105202491 1.13020852318505 -20.1900221463483
2.54970915838186 -5.37724319766514 7.90848924503502 12.2102638210531 2.80576605241179 -24.6544874669656 3.31097741658197 3.64300446005061 -0.535070862249318 5.80086249030134 2.41328667355763 1.02988047106499 2.87813116370528 0.688057788179764 -6.51463973704687 11.0197699667136
4.30994332685934 -6.23477464941913 6.21127819290194 11.9605994147552 -0.95741704100415 1.46008982188639 0.523442785297152 -2.74692206239945 -2.73960917571464 -25.5751305938715 -2.52934602292252 -3.17176374969659 3.84160670866058 2.06279837160096 -1.99599646328933 0.664140135924056
3.60701635964522 -5.54906390907706 3.27585720105564 15.2063267710929 1.58869776957197 -0.299157988143654 -17.702757144833 4.62169495873686 2.76540126387113 4.70381983289016 1.0456344138019 -2.93138343717446 4.24559932188916 4.82177579320873 -0.700681340344344 9.7322697256736
-6.43587363641644 -7.90263222900659 -6.15054262924974 6.36401563817026 -2.79833870216689 -1.90019390464894 -11.0557941172321 5.57480989457012 1.83835485348824 -2.60698142087057 -11.7918238433321 -5.79789843297988 -2.44785011612143 4.29818653776721 -4.62631610129478 -16.9307650983119
5.0785460681413 -2.32702928770702 3.586042225737 18.2853384760782 1.99024764744077 -20.9423829988795 7.39553374936772 5.38871256544984 -2.77553001092918 4.4783780648223 -2.46328729753169 -2.05660144792557 2.07880073604988 1.80073922373847 -3.12098977718244 5.7586834416409
5.28704020280898 -7.54046834436594 6.3652511555911 13.3286958428534 -2.30843521515725 -2.29128121276944 2.60424672042847 1.12651821185696 1.1882446512716 0.734427218950285 -4.50918164188571 1.79259090015397 -0.804176650169341 1.54266694778507 -23.8231406568091 2.64222684571848
-1.45464936808088 -4.30820179718135 -5.27213849721132 4.4375771987243 -2.48526891450808 -3.46415606019347 -11.5107995652355 3.3266029246929 3.17035341087327 -5.4288782123012 -4.81603637167429 -3.22238643918496 -2.99191216971223 -6.41159295678039 -0.130641597845607 -1.63871067644046
8.26316935616564 1.24161591072039 5.20624396248152 20.5170580766605 -1.304204517826 0.62609105063689 -20.6282325437487 2.10193168226284 2.2295182170779 2.34891627857252 -3.9087135661807 -3.53854325234309 3.04691404915804 2.184969521792 5.24055578317949 2.98591863007303
6.93337690012654 -5.10008600270182 2.80944594063127 17.064818256322 -2.02995507350915 -0.418048859375034 1.72835158949245 -0.485994457583097 -3.01726270705613 -1.40265472671348 2.71361227631887 0.494459993890556 -23.0759788299957 2.57897747972333 0.305385569356111 4.75611771472533
5.67207059129351 -0.851594999545618 6.92508310026352 17.3446308508856 -0.656834843426741 6.67806964477622 3.3138349160285 -0.324478444234032 1.03492896066814 -0.415316566388938 -9.54642118392556 -3.25602814686746 3.60415261825076 2.64064800355994 -0.630243841213368 -18.2527419316965
2.98864918313608 -4.4506137591403 5.94286606565691 14.2312086344386 -1.63803798493611 0.467520460661007 -0.387775756431033 -1.31990492407465 -3.18726730180096 -21.816614956693 -2.22999530583006 -2.97812869289652 3.33530338678314 1.11931472914996 -2.01055337299988 3.2147082040531
12.926644768536 4.15763296972033 8.20591711845738 -0.965954836055406 2.65995886900299 9.56557021087308 2.9478365804154 -0.474440982083486 -4.43505432427016 2.67532746086784 4.34710776676819 -4.88205908707747 1.57535422335626 0.0679702562599092 0.861535388370904 4.24496420159694
6.70586403923163 1.59136175287568 2.34520065204401 16.711917606979 1.07501134378609 0.10134749889901 -24.5476904238529 1.7857401166311 -1.52244790931861 5.28534246975995 -5.73742575530593 -2.324872517173 9.36050679531272 3.79402127785413 2.13031278430754 4.22062303567712
0.210635581672308 -8.88031749775116 1.52304414550926 6.55626084971927 2.02158543123551 -0.933133434124861 3.28832501121665 -0.313647838171729 -21.5795727340907 2.86204004986813 2.26881004467476 -6.75554213594875 -0.607832306496271 3.23940112610334 2.53415728085594 2.46958222863903
7.00210829957015 -1.46118286574876 2.86657284000503 22.4300965161121 -0.587031895009247 9.49813329823156 6.50842214453465 1.08807229865068 0.267216071576287 -4.55190790070034 2.93552913153533 -6.42036775348922 4.6782084027009 2.88861396830422 -1.77667774473166 -24.0730794457125
2.62774226084771 -5.44108305398852 -21.1321780123942 19.549023296555 0.765495840144162 4.36314865131162 3.58470868409301 -2.80792732540737 -3.89505441406128 0.336825552190619 -2.09982127584865 -2.51725627578307 6.77334719031519 2.79478870707813 -7.050393191362 8.7975450431378
5.21971907535885 -3.30671330212631 -1.44515092516676 21.5855929952231 1.27956458616937 2.85984286745633 0.615835864448936 -4.0049659451579 -1.33765311148278 4.85128151613111 -7.59973099701789 -0.83902796832866 4.26761739345207 0.551820966643358 0.585573797392187 -19.4027537927601
3.75225620663924 -3.25069094370077 0.446060706331905 11.8068234282335 -26.9822355842009 -3.57130499127623 2.62723246227873 -1.17168952463887 -4.74089185810321 -0.822386796017358 -4.84228177478225 -3.56151839711022 8.20420512584975 9.54132691905481 0.26756444294579 9.86880029833792
8.10696609568424 -3.25503310075064 0.877351287742562 20.1718907906207 -0.311869410002571 1.09110322693579 2.36778195409171 -0.519053478541411 -0.280970060140547 -1.70333128010156 -0.477178771086462 -2.61832202400515 -20.6656047909608 1.35226032148167 1.52945758789846 6.63703057510331
0.23355789150433 -1.22520461629842 6.16565608287899 14.6248632120987 5.00745090639962 0.679667599796489 2.383921615102 -2.53904472010404 3.40998294684063 -0.297803477063396 -2.74069050093438 -1.69218815526377 5.06772964649161 -20.5067313666146 -0.811162983868112 5.25674940811001
-5.27310262430388 -8.8092602153606 -16.3317884000908 -0.11055701946335 -1.96390495521657 -8.0000639404483 -1.86790767160828 3.5389210572454 -3.2113711566576 -1.54728080426844 -9.13343630358459 -3.48026235019745 -4.78537456537483 -4.40772522195255 -2.0118417257652 -3.83802000396421
6.60729249755862 -9.96933449352988 0.642159700682942 4.41999564251814 -2.06327211424398 0.147918048119347 1.79300570874042 4.17097111323105 5.62056979578534 -1.84456670015431 -26.2617486384164 4.77432325068592 8.63698912468215 5.93722847644907 -0.366908210290833 -1.29614392739803
5.73452319532196 -27.4764552273548 5.80601350455083 12.1711031946618 -3.11384564618865 5.02776241996459 4.75467682731759 6.22611737033879 -2.5431389448435 2.44279388799184 2.85605503695093 2.3756121921112 7.67951037771476 3.38267422264823 0.224343704729789 14.3282350328105
2.99821655018443 -4.91548160595717 4.35703612057075 11.7027210019186 0.847119632815248 -2.93124264880594 4.83711365503802 2.28662750029759 5.30395334111714 1.81318585341444 -3.79155005367557 -24.8370625717904 4.05172018494898 9.97455543506526 0.784462028778401 5.8625782719141
1.32862245515693 -3.50205174667984 4.25491062208983 13.0130739384168 0.19341702873882 -1.63745009467469 0.764938796002184 -0.29953090708026 5.49943300207176 1.72524089800187 -5.93568606115269 3.37290279640385 -0.551764435474693 1.82313720991658 -24.3454759372156 0.67437654713588
3.1669636294417 -25.9856937312684 5.88524416171392 13.1289170449407 4.61247673924666 3.75156791226849 3.16126757339168 -1.46709529982159 -2.47349655302533 2.51402595721102 6.92876830006211 -1.76676388950075 5.09394657021342 -1.73048834879146 2.05056231643875 3.40975277828462
2.47427179592096 -1.46738171129068 3.5772270330577 14.6414622085539 -0.476312354798654 -5.37744524426804 2.18465697123247 2.28431000751395 -0.396669340920936 3.16555747696553 -1.93143290665277 -23.9523094204029 -0.887759476861239 5.33044520887815 -1.10586732154726 0.593523412316462
4.11997618054222 -6.60940286567202 -0.0795180703048115 11.6236892470582 0.766709636759546 -5.08924611662339 9.12030679752801 -4.21816377404422 -23.4602928988949 -2.64415083831931 -8.51639012722621 -7.60983201321637 -1.50814644998115 5.03474985516771 -3.86865973775946 1.55092927499939
-0.557001680639259 -5.7019660127437 4.19038864743242 12.1497287334437 0.751801297887377 -6.11103056998996 7.79966885993699 1.45591016150207 2.29287624696654 0.428687262723523 -6.76854494567473 -24.6441322348949 6.14780011489421 2.34047506315521 0.683124829764297 5.56041048118775
4.49311382323224 -22.0352217460791 1.7943388151535 9.76120319110447 -5.21856304420434 6.21132400774122 3.51697330702446 -1.67271298627633 2.78448472001487 -0.674254632625459 -3.23299744963803 -1.79177192562772 4.12228809925749 3.64482634276525 3.21690601425683 3.81227961733621
10.4611663919036 1.72323652118686 -18.7078191171596 23.0245489445607 -0.621565693772889 3.70813839055274 -0.542831153616486 0.26638213825968 1.0750964666202 -1.69819271043185 1.32632682558979 -3.60684965957013 6.91891699694302 5.12605871360374 -1.2897922101168 4.95085797633952
-6.52178415704318 -10.2381354169573 -7.65940417816948 3.7565794089475 -2.7076059986632 -15.918330723066 -6.93036800209348 1.79422157741052 -4.8360893733472 -0.359972927794356 -8.9450425261316 5.22785697068414 -10.1313055428958 -0.840974802497986 -3.33707431024523 -5.48880042137374
7.07589123763578 1.82268301128052 -0.637970142233671 10.2329424123434 -2.06362532253157 -5.19858307444125 -6.11792843359587 -24.3299522526059 -2.48338153133447 -2.10736895679672 -5.98112201786679 -0.944412132455478 0.456193409584701 -0.938694726954078 1.70669735503348 5.34909129446631
3.39706739480244 -4.15845375729795 9.47760767445815 15.3557790962128 -0.494227639598926 1.44729329533558 -22.0007428610348 1.30638512080748 3.87337252395074 -3.03034148501375 -3.01026729227172 -3.97747007708444 1.72813886546978 2.90849941738884 2.58402808889325 6.43255112656708
7.56865309257835 -2.24869895275099 4.61237395195288 20.6169037695777 -0.139268134337515 2.85065400182777 3.0274121237334 -2.03076006421677 4.58158031936022 -5.40337136467681 2.13663784655211 0.171174020280811 6.12210696828152 2.44560022180322 -0.20035603862618 -15.8055236963437
5.44835677716574 -3.34386226143383 -16.8765760921403 19.5598018193556 4.9985350888027 1.6216100137673 -0.76301936553857 -3.13618005199656 -0.92170287954999 -0.839455743338786 -5.60724242162249 0.322323536456209 8.19149387626441 0.267255169549391 0.6690312607501 9.96038513791098
6.94416790481642 -5.99513842248416 2.2249056326515 6.52371283972195 2.13611807608382 -0.0762791034514079 5.2604120376181 0.0463791287034461 -1.13980038969886 6.089134973322 -24.6618310773549 0.529689865403945 3.79436051418704 1.27876895011735 3.23558769570669 4.76891066159157
3.62055324312391 -5.11717848990668 5.1749260279812 16.5412175043897 1.44565372884394 -1.3497125520215 -3.38636817049493 2.44189486805488 -24.498994106844 -3.11306115247631 -4.16291313092198 -7.84528145242088 7.12686327093569 5.62722885289989 -1.72128470073357 1.51489561463109
7.04730516430054 0.0110378264182085 1.1971578602158 14.025379769046 -20.8434082127041 -2.74631327185181 5.99316645425943 -1.30465264571417 -0.156758842806679 0.726837916736901 -1.62779582207444 -4.73711223280747 1.58759611432754 4.68139653751137 -5.41252607316829 7.39806842642903
3.87949740561259 -22.0041274136565 3.23851355834455 12.3155460789832 1.02219933199423 7.02955248068067 3.68951362117504 2.7994025230911 0.683658309314621 1.9254045456869 7.11377702640528 -0.639956665983206 -0.474228483851296 -1.23633352015306 0.699989431827162 0.746067345215966
5.80335161489783 -7.45257421743203 -5.61755687848769 12.963519473679 6.35989842244312 -3.16103555345008 1.14557489618561 5.39669488783792 -22.3701746040304 5.0579422081436 -2.61798664619646 0.653098756863171 4.03277684874719 5.96182095331758 2.97761813463523 3.45884534935243
1.99984560634369 -6.463406457168 1.42365020370448 11.273929891431 0.875462120138985 -0.847140730138895 8.65579184558005 3.40305160522447 -6.61283778565243 4.55462499748195 -9.22721845973015 -26.893161739858 7.20303107160731 -4.03989697425846 2.82688326241162 -0.238182481776799
7.15977135050537 8.43503870471218 4.70029380165949 1.42071181575688 -2.95789344115473 5.25869042131414 4.5484072729432 3.11814536747474 -2.48536878007324 6.77887967708578 8.24438409144434 -1.02632237227345 4.14678546648028 1.51190040645179 0.745854785671763 6.71214006404657
2.13995747130502 -5.37182368325036 8.26491095349653 15.2375004523452 -3.50058865477359 3.71604871207949 3.03280265377867 1.69622428623332 -1.57392639405045 2.42255438132946 -27.734064869636 -0.853007521240483 -0.0364212238184431 1.80645834420509 0.974367530272321 1.66339147752896
10.9281007206666 10.2890799636322 5.38501319280771 -2.83156766493904 -0.943694317203458 5.49902255333327 8.12322036289394 2.98066717295184 0.155539961305208 5.44458708692415 2.9800490069324 -0.34043006849274 3.22947377050303 2.36935756017011 0.500135182480283 5.35270506309525
7.97635062747906 -3.08554870349368 3.57245093838503 19.9850975238955 0.40552304457571 -3.35953533469992 3.17297391735394 -1.7285982987085 0.501210188614023 -0.552545825650176 0.66559076875328 0.187631829537197 3.64155676082933 1.85507541232205 0.693855018352171 -19.4916691131903
-6.38332168043909 -6.7201696743489 -7.54833714030247 3.20784898823305 -4.85941250579338 -7.21646094780276 -10.4633064678445 -7.67468975189069 4.56036889598532 -2.19279858439715 -5.97952337508761 0.116661410273954 -1.47833241118258 -0.588619225044754 -1.13699169325524 -0.259072167575668
6.76841857428036 -8.27772133236631 4.20131481321246 15.5299766091862 2.05866138582973 2.04935120429937 -0.966887550204055 -0.197335805543034 0.555681866521928 3.70225805304403 -3.77395258264093 -5.92210524447918 5.18265275516449 1.40413859596163 -21.6000905600823 3.67621208065937
4.41134345001192 6.48448420030496 5.62818770047356 -4.63127194414979 -0.736328541887404 10.7698332255489 7.79390117539936 -0.0407034407361702 -0.780434606306992 4.70327289386563 2.67619205699271 -2.55617563861611 -1.34282524711759 3.47415763956794 1.12045071971874 3.62909058928906
2.9414316214775 -6.59126427969653 4.05753611103805 8.08446568132635 0.524719882453456 7.91686339844407 4.41403902279251 -3.27844470770881 0.925343804838983 2.04326670749474 -25.8216581061345 0.330369059977748 6.6867269607045 0.919950439870121 5.41727673532768 -0.473035233857972
5.69204641876781 -3.7708085780732 4.52200094664978 16.488298459315 -1.10225035854726 6.69069770000287 1.48905566353768 -5.76246873747296 -0.560203584501903 -1.76543301870347 -1.99889315471137 -1.09360413747447 4.3453063857065 -4.68875234566264 3.26636720560931 -16.0060226178124
4.05045141448657 -5.63412038539688 2.2133444435504 14.8936379703649 1.04591764260164 -0.0309699178612713 0.320588087159206 -2.30186656306002 0.435987951168681 -21.0635365743673 -4.1891068973489 -6.30053959576875 2.0566142382417 0.711699419450612 -6.86490952525272 3.9065704685041
8.64269964026185 3.62653102885635 8.31282849548163 0.661026099960803 0.204109734729554 3.87604080370388 3.28061647700422 2.33189268645466 0.472331357986826 7.82273019652677 0.8432982919767 1.94350773806996 4.54110680142481 -0.00257670958866596 0.785089840133028 4.13299387329955
0.894252843636689 -3.73274027761205 1.96827091626583 5.54228221762478 1.23943907368604 2.43236828494312 1.11049511873832 3.84705575724361 0.350502983245879 2.16265773651297 -4.32874695471151 -28.6877674496442 -0.60870625004276 3.01341728204773 -1.53457223239225 5.57539547132813
8.53764722290779 6.6316572503573 7.3041945351434 0.744717244189771 -2.84822923527968 7.33398926576553 5.9569334313289 1.9599841421819 -4.26769551867831 3.50681953366431 3.30500608175833 6.45407735570538 3.3228078645843 3.49313259984148 3.22251997280438 7.31969025121975
8.75496093960889 -1.51146574673748 1.77316044742001 18.020660801546 -0.0639055730935774 1.80532458818108 2.6783250622448 -2.70204749517052 -1.88227801681135 -1.91909452374651 -1.40886937133953 -4.39767009638992 -17.650559522803 0.476877778181112 -0.569326943373246 6.50460492992364
6.07396963472847 -2.99039361811798 2.23750508672233 8.98813216954445 1.17214934330777 3.95048398102562 0.440153665930471 -23.4596163494943 -0.496705555669164 7.63022992686669 -3.60729654316793 -2.21956504725952 0.791226129060972 -2.0729717107419 0.937885973943456 6.01978547119445
5.82431620136408 -2.47289086526983 6.15283583727526 16.5088746287425 3.70780152653445 -0.900494897911374 -19.7151939154285 3.93637414278361 2.45003542319378 -3.52528846223622 -5.60208533729001 -1.60479718558423 3.57095670833604 11.154532267283 5.91337036382479 3.28077422743764
0.0783427698710999 -8.30107442187961 8.31273289825311 10.2831777172227 -3.12265364102768 3.52767724275997 0.140444414870056 0.913914096737647 3.88837151633853 -1.20526724847443 -27.2936422065851 1.04947516474124 6.52752918956845 1.83840763467434 1.6097802677995 3.59566111444338
4.37933773289114 -4.49862099954257 4.69063752877219 13.4131638079963 0.0970815165954493 -4.26488042064014 0.329308713893844 4.84892213320714 -28.4107765156754 -1.7062718697383 0.393107204474844 -3.74441587602004 2.74384652217387 0.883247225469 -0.37845465889538 1.71170646783686
3.70513687669082 -23.5634782461397 6.8527615994559 15.167124063168 6.67829159669576 5.3206844049513 5.80181271046137 -1.21194996853478 -0.26285120793562 3.51767040208175 -2.89263097391026 -0.574974952656037 4.19622071762843 3.51511289048839 -4.6886393357925 5.24543671407241
6.62992673020789 -4.98460382542607 9.81364370258877 16.8926418922367 3.88862217023933 -0.709525012143709 -20.7550440210094 0.781057822198831 3.19714287724068 0.02924938549338 0.0734429747473961 1.18344992836344 4.60408083348094 -0.190380515898771 4.45566562187634 6.72836269309611
5.73965696570313 -5.20312461911731 2.25151034701587 15.6870282655158 -1.3962872717634 0.968978020248506 -3.26496107900414 -1.5159001223009 -26.2776156400986 0.908857647666906 -4.21358234188957 -1.14724578013361 2.04903501345371 1.77714749386944 -3.2168609014978 4.76792692327967
1.21736653974915 -6.95167560577031 3.33756032067055 8.53322300759908 0.749976564288165 2.88227977705498 3.06270434690499 4.0270071658558 1.61623092763131 1.85313380724342 -25.5173088954262 2.46235631005805 3.3057754274113 0.663957664644322 2.47951936942573 2.03743216976409
-7.71231865417178 -4.74656809682189 -5.1078581018475 -6.60303807475152 4.8706367711241 -10.110227961771 -7.33184529104607 -5.55461530126066 2.43659130235705 -4.15335132041644 -0.586900330375384 1.46724236384616 0.643417160974929 -5.73455901425858 -2.77238891722116 -2.64814903452493
3.38796040092119 -26.2324090934779 6.01265598022523 8.8657033513037 -2.28805384600872 -0.325777721817695 3.35673976425043 0.829501297536822 2.52693425956533 -1.76991192200935 6.39807824931498 2.11268126007459 1.27170414390949 1.58477084132665 1.96259337471984 4.1944658831828
4.38977875176418 -2.66377620427013 5.4937820041725 19.921673604527 -3.47545318747937 -0.701640903024735 3.72420058426879 -3.25046724814885 0.899771944325158 -0.679841411624126 -4.8874840499682 -0.224725938162183 6.64233398147449 -27.1747465155998 0.0631661302967661 4.82974579325163
4.92655379515208 2.41083788245102 -15.8324245123409 23.1338260386326 -0.620168714937296 -1.85452852068168 -0.798295135868271 -0.0251637845184851 0.325994378982449 2.4815891294342 7.82894039965622 5.79219867447219 4.04868785516638 3.95050152266744 4.71338129912346 3.20503718149918
8.83188862001824 -2.65760186817679 8.62673374444186 16.7771089496269 -1.94288221827226 1.704024196176 3.04072027544741 -1.8859680778816 -3.81159681485148 -0.739624957479034 -2.61389247881146 -4.00422113608679 -18.2794695683959 -0.0588134544922023 -3.23707926505711 8.57465519322672
2.63889540155162 -5.22375341189803 2.10199782886938 17.6919810546443 1.66161210660119 1.56616159185185 0.792393426047837 -1.75820482467033 -23.8694082469306 0.47383451166592 -5.71870382271427 -3.67630467912981 1.83163286511773 0.117597242519937 1.00094848523858 6.24882628989863
5.71109978250638 -0.412705987504563 2.55187633992228 14.3056726670627 -21.8731916353494 -0.0163458177961154 0.428111071837591 -1.76467747698572 1.05539761492159 -1.62128394973668 -5.57036631310449 -3.7642329428746 5.27594632410994 -6.58120594996474 -2.64170913310759 5.35192091717458
4.86351547925281 -1.94407907647939 4.89526379625086 18.1864528287722 -0.864495394506142 -1.38957259548574 2.15004906392117 -1.33515421534581 0.242890000249909 0.330739254504601 4.46582209411717 -0.0899985021850531 4.24352259504693 -0.237684074493947 -2.14540415337194 -18.9190536404631
8.6280191179827 -4.15229682850162 1.88294922792093 11.349803121425 2.49410943860879 -2.35299882948264 -0.751483496627668 -3.14922317514743 2.05690336888286 6.0508948897428 -3.12149761975784 -7.41307586214002 -0.187198100747571 3.17233787155767 -22.6716058101927 5.5299043254956
4.9216339880485 1.48458425071068 4.51041150543349 12.736343709521 1.51607647052225 -22.8788016760258 9.60658048299495 3.99363983860278 1.21472800401454 -0.59979365912181 -1.02504521798191 0.385769601949422 0.721489776773179 3.3832834114134 -0.834922764883893 9.92285838291536
9.38074091854374 -2.00545812053864 2.02645667193812 17.3112682038589 1.39749551108815 1.93405934654412 1.82712035514921 -1.65077439826069 2.38420900112188 0.917238823715183 -5.76249477234787 1.47119072263406 1.33562132274043 0.791826065953038 -0.746345446247911 -22.3366444740663
4.92949587482951 -4.23884449153659 9.99202757809807 18.6264935676766 -1.11346989004046 2.73573017422746 2.08923582596084 -1.12216174181655 -0.152901412369705 0.120712193444037 -0.0129682839026799 -5.48715774113461 -21.8897509830083 -0.64301239428841 1.71859424860045 6.3844626469848
8.25819762114793 2.1547351278981 9.44449156842324 14.5127823147782 3.04032961208329 -23.5779946521981 8.32981671765756 -3.16280911466403 -2.46339703889081 5.56103473124799 -6.67270398946722 0.17679147884664 -0.00935478826334801 3.28197716346967 1.86490812186499 7.07713226898841
7.36860225332198 -21.104237873359 4.67112490252334 13.1364732233155 2.40400541544657 0.723242756120098 3.69159964830124 1.02367907853394 2.50898483588429 2.41751729043149 1.26803517776905 -2.0663487075971 4.31289674628053 0.270660300947388 1.86260311080688 3.61705321956793
4.31049126628978 -22.1463877137216 3.53692282703096 9.92458001855242 4.61917908686724 6.2080450336492 7.39244335736091 3.10926929515486 -0.610585607871554 0.949870381276977 0.285529717417853 0.82100791594863 4.57924569382611 3.46670907270572 -0.00680654590362262 11.0730448166243
