x1 x2 x3 x4
-22.1457262963248 -13.3771806794139 -5.52216706195059 -22.6318193387445
21.0608026143433 14.6895673535333 2.55357095594159 23.7325567592942
22.5692006568949 15.5891977872574 0.889910593560937 20.4059279684924
-21.2364465788146 -13.4495490517296 -8.79787028996022 -22.3966703546938
21.3453546559005 15.0467826707042 5.21872405628453 24.5755716193389
-13.2590527890951 -19.6406615987054 -2.68763173000373 -25.7298294071063
-21.0135492276239 -19.81617641292 -7.83965211464255 -31.1647578504506
-19.879728145164 -10.527134357522 -6.5061602245433 -25.832852334902
-17.8347609419411 -12.0826616656337 -6.28699585078162 -25.6792463282379
10.2559368875282 17.493098747101 3.46931479214309 23.394581682265
-16.3120308027419 -12.2709900740522 -1.30536156467965 -25.430165989179
-16.8172926316474 -13.8214785694805 -1.74781827076237 -24.4507906071775
22.2255164302141 11.5922131147246 0.853574627546559 28.9907947961021
-17.9732574108188 -21.6530767161053 -2.08397918868637 -24.537888821932
-15.314885596214 -18.5041648129364 -6.60165631760232 -24.642250095719
20.7902292899492 13.8403157238099 1.37021411292914 20.7188427688486
19.7270967161714 14.2266309556667 1.14534152965992 25.7600902050816
-19.1838549270941 -13.9031866448913 -6.2623502345125 -22.8855796386979
-19.0812902540792 -15.2255331540348 1.20182415822056 -26.1103476826769
-22.5201650289226 -16.1646116791712 -1.52950954538251 -19.9535149664756
-18.6442490914197 -11.3327417988293 -3.65349922602488 -31.3397203071952
-18.9615254703972 -12.6557298311081 -6.13663807832255 -25.1461541825232
-22.1925138334709 -13.4531145735226 -3.11970600844423 -18.827760462572
-20.0599306626322 -12.4442069544162 -5.01850829610265 -19.6434430159051
-15.6402257809917 -15.8572327990916 -5.34532984461125 -26.2015728495331
-20.0526244657786 -17.1712450780244 -5.01673133137717 -28.6714594518887
21.5887558656888 16.7470542655132 6.5331884103528 25.6687457288116
16.5698401107709 12.9625960881498 5.41668850701993 25.5915846160044
20.2230519215847 11.9893819221197 3.71178018601975 26.9171056666811
19.9072226068772 15.4130561582406 2.57948081047683 21.4921569969347
-21.817970906582 -15.0832044012689 -3.27443998282731 -25.0719370988946
20.4374374981951 14.5004353838901 1.49686692725024 21.9033583059512
-17.8887230259484 -8.07331417208429 -3.33405367929057 -19.3702708380741
15.4228386918486 15.912482443765 2.26553184124795 21.8170673291818
-18.2702221805685 -11.9101846598088 -2.17012891164181 -21.607101700146
17.999095998297 14.8449644081438 3.12158731855256 21.6407510298068
-17.4673832407435 -12.3974378046185 -0.751290839298974 -24.4746034433296
18.4751096580729 14.6819479717154 5.282719270252 24.3166969262592
-19.9944904260376 -13.3121610221376 -4.76970799896067 -22.4501766828021
-25.1070281155664 -14.6114783750692 -5.98358461832096 -23.3067476249554
-14.7213633177603 -16.0815809722657 2.42537059744284 -23.3213052271451
-15.0477907849427 -12.8211732050728 -1.55517072062638 -25.1932988682977
-18.9695269604571 -13.4852940891635 -5.70821040678762 -22.9387580211453
-17.2152911718416 -14.1371324850375 -0.594670132269952 -25.5917078264041
20.7164134764948 16.0265130609438 6.65465279211576 22.045425016653
-18.0711521081046 -14.5575141396268 -0.0727512620397821 -23.696096209185
15.3669132292 15.8646518495554 5.06155006901636 24.1225770312037
19.3122244990804 17.4271638632729 4.11314278683478 23.6340985438858
23.15158242015 15.8406253639698 6.42735862431364 22.30546992932
-13.4998399318785 -16.9535424718053 -7.83032878671485 -24.5484624173884
-16.3158819543273 -13.1059256865017 0.996665115411976 -20.8880741854744
17.5191057399884 14.4566572403861 3.07726266697791 23.2112748619855
16.9289390584353 14.8862127621029 5.42353789755555 25.4023978376676
-21.1624236847085 -14.0853818302334 -7.19008711924697 -27.2956973348627
13.624601236589 15.5571456329703 -0.878332582429063 22.8128690612055
20.365229229417 16.3067695203166 -2.08196754597736 17.0616249315867
16.9482845827155 13.998625664285 6.56626765774944 24.4943283793247
-17.8243551837967 -20.9071380715827 -9.73909759400705 -26.5631125832908
-23.0942881430924 -14.2431025291055 -0.981212328401057 -24.4323007996295
-22.4335070935206 -14.1431066994604 -1.31548371143626 -19.8072880760101
17.720620072351 13.1783436501835 1.5344192326517 25.5044676654786
-19.7794854708935 -8.65414551755513 -5.08052138454124 -21.0810164315524
-19.662683915223 -15.867923297592 -5.54750035602719 -20.9561119388745
22.4835422667151 14.639233648536 9.17800736587136 25.619788562691
-16.6302430975343 -13.1753950123066 -2.74853824612379 -19.128035746845
-20.3882523702369 -14.5550073434412 -1.74475427202672 -25.8360661870132
-18.9114739487351 -17.5328000081466 -3.12083184888121 -23.5840684579465
18.5411518921163 15.0632073725939 3.25425346129905 25.5664594133978
-22.5871396878626 -15.6024701604284 -3.4269464726638 -17.7384101629758
-19.272294118067 -10.4888724759688 -6.52987105043141 -26.9437256490266
-17.9440973170787 -14.4750696444439 0.266189424020519 -23.5675674875041
15.2436202122679 14.0041169997167 5.89709757122324 24.5684426025312
17.6366379651762 13.4734674892044 1.58268412974353 21.6361145166299
21.9699639714878 15.6123755294188 7.64251784230345 22.3577604167782
-18.0913884622182 -15.4702807807066 -2.97025702839386 -21.2558335238061
-16.4226797196299 -13.7076146586386 -0.241868770843126 -27.6601379127514
-17.0063623290757 -14.6752475778757 -1.69128238262242 -23.8656329591885
15.228765755853 11.6853853006403 -4.98248538760221 22.3876683563963
19.9421418474647 18.5831123304278 3.83365326920979 24.1144036082546
-16.2167292760218 -15.9358701815009 -0.886736941955509 -19.2731602877788
-12.8718103785086 -14.0844983436674 -3.9358990207185 -26.1662320049687
-17.2204263904303 -15.1877250071834 -3.99476911630207 -23.2376965999226
-19.5654582960698 -12.4538243768446 -3.76379070180907 -23.9113013118561
-18.3037177632401 -15.4136093871369 -3.87569806262308 -25.1524091551999
-22.0686288972724 -18.4404295228329 -0.999426491404931 -22.8505339818452
-21.8525295357052 -18.2328271887079 -5.78391473644854 -28.0138165467894
-19.3218614223034 -18.4762037055744 -5.07747509956168 -23.3173484163281
-20.8382783992077 -13.6281766741679 -1.26415308477192 -24.8972295567558
19.1246016205537 13.6390505224192 2.78872221373714 24.6606656370028
-17.9142620402371 -11.602906589589 -2.66968182633496 -22.2802279453722
16.3102778133735 14.8616887329723 5.48199633251501 25.1604303293436
20.2988584464979 13.9754286221866 4.55714957757411 26.076903701311
-20.423433443744 -17.7614524776862 -6.55784979478433 -21.6350478101839
23.8907474682213 15.9771101404866 0.598095077709761 23.4908637578251
20.268689337824 15.1587028945934 8.64822642407126 24.8535554976201
-17.8822667075121 -16.5300560349311 -3.70607373324956 -26.5700587448703
16.0711742095871 16.827629138276 5.92624533387868 26.1122900122834
-14.9540397332307 -13.2047069257308 -6.91684571190217 -23.931842429635
-21.2130381843337 -11.8835737697907 -5.8516692766033 -21.7211063897176
-17.4177542801676 -12.3190219465687 -2.90027037845877 -25.3048598458667
-19.2128170607877 -13.310129401578 0.982558821297355 -24.6516210184477
19.4012176187429 13.6967045639459 3.83598830237736 27.5553777336148
21.9432022344514 15.549932831923 2.77059684559277 24.2987188979869
-15.1348318807432 -13.4968179936289 1.17137104988278 -25.1065160486286
24.3538391771801 12.8411427832117 2.78403878476883 24.9485354191657
16.9746052279583 19.645746830813 8.39282817850508 25.0699460165931
16.5178482742014 15.2672795561793 5.15185295747334 25.6544487517067
18.740974437212 17.3556518954517 3.78302628739942 23.5352970061554
26.6158612993941 17.729705285506 2.05846863216295 24.0916639767723
19.3835948477403 15.1234818112651 4.99558846545794 23.8794936078
-18.4026713345453 -14.2033839672942 1.56965887412979 -23.6328839096511
11.0965665725932 10.846273409976 1.91641650422172 24.9509094161257
-18.2579525314185 -14.5394291015609 -3.84956845656857 -25.4707708126527
-18.1813911827856 -15.4409187871162 -6.49585055967106 -22.8238514850939
-19.7971049260255 -16.7192359452397 -0.90193407627873 -25.6638359803496
-19.1290138462415 -9.70342115651017 -5.87037823837503 -28.0668176802535
-20.9420997383153 -10.9560964771304 -0.146053297779189 -27.0504373322779
17.8036357004011 13.8261147059406 -1.5703223618112 22.3848611091777
14.8993860416775 13.0355363522046 2.30128883491994 25.2744373191101
-15.6864238626857 -15.128239303631 -7.97862961275368 -20.7872500180313
24.0859817056785 16.5575665539014 2.89393197527889 26.4252557005642
-20.8223052455722 -20.5744093629563 -4.53132649916574 -22.2407842368409
21.0483751951684 15.4954013883586 5.99815066988227 26.0211253757044
20.5280260227843 14.5403336635607 7.24722482931836 25.1018526825417
-19.2662523817478 -15.3488609517588 0.470038452030991 -21.1430844043822
16.6441241556732 9.82347227302226 1.9400339047062 23.3145377737067
-16.9753586300818 -13.3696516689519 -2.39044318180246 -23.0965155556274
12.4995451251148 12.3536281865561 3.39396750956015 26.173417543608
-18.9981046142344 -18.0317970821779 -2.19586371094918 -24.3588391229368
13.6363263308147 11.836252584188 -3.22300055075918 24.8066120177415
-18.0287729526808 -13.2722269213268 -3.76718400031483 -26.5964911408196
-17.7914359799007 -12.1830306295565 -6.79974987779338 -24.5902808439749
18.9881183605493 12.005220076382 1.56957147253199 25.1295845889747
20.0309134310026 15.2815422786519 4.583964018081 25.2959381428841
-24.319901458487 -18.4465801860649 1.80532424772905 -25.0788915583644
21.6859431488824 16.1092981448745 4.13117821677204 23.1692552531037
-20.7485980722819 -16.7350729908511 -3.28445484558817 -23.6665869113214
-17.781617110235 -15.0457587942827 -1.1912396582257 -24.2105344601281
-13.8181932083941 -12.5205735601358 -1.95833562943316 -28.1297757583015
-20.8583217675193 -15.9004671033624 -5.36198597220699 -22.2703889295321
-14.4335368624548 -14.5067397868418 -1.55482922630896 -24.0706606205237
-17.7746146036108 -17.9330401755494 -6.67788106749564 -20.777879508222
16.5756396461724 15.4111528654512 7.35048278287473 26.3302900831821
17.6587957613882 14.1039888819999 2.10738490528712 25.065397980722
-14.6951603016428 -14.8806727224116 -11.9958385682821 -22.414539891726
-18.5627620049129 -15.0055778734331 -0.187406628795218 -21.1591501924539
-18.3650450855892 -15.3771158672807 -2.82520085764044 -27.5134084019659
-15.7590771027084 -10.982701380654 2.99744251861295 -26.588591101628
20.4536990529517 15.1240180421249 6.50625668599972 22.8416784826949
16.7855133405886 12.7085931867381 -0.836247147253238 20.4750730283178
-21.5334159523444 -20.7933714416225 -4.54409193384993 -21.0764437520963
-16.1572149619438 -13.4514732558084 -4.82997550157985 -27.7628027070683
22.0310138753057 16.2867203742303 0.671131214608498 27.4688396018145
-19.0915856039996 -16.4538500883804 -4.9619611713562 -26.7354077831077
-19.4245850785403 -18.7259915553981 -3.38083188782369 -22.8618824889101
-17.505902251327 -12.0986266301119 -2.70583549567649 -26.394015686832
-19.3116926273535 -15.1488574024032 -5.92165658214014 -28.8274148485208
15.6887247386558 9.8017596887635 -0.733557549503359 23.2781879497567
18.7028672660256 14.1000329986946 4.03516401856207 24.9581389851733
-18.98172160544 -11.4058443380922 -3.71581208145892 -28.0055240341178
-23.4833622726671 -18.9533651871466 -4.24188659789738 -20.3945154985878
23.1044640175701 13.6406746646388 0.93918432443989 24.4487667053796
-20.9796430269165 -14.3065423094489 -3.95842266120824 -23.5583827910318
-12.9709195776456 -17.4995302331803 -3.01399843700625 -26.539738679648
-14.0251670057714 -13.7235871912612 4.01205359462411 -21.8326896579819
-16.7409662396957 -15.1067565174154 -4.67047897051926 -23.2255613870384
20.2525571047491 14.4008976058116 3.38188852068166 25.316077616522
-19.7346294748659 -16.0500351022908 -4.7432610958434 -25.7379170137617
-17.4306766944609 -10.5286157127952 -0.957334200577128 -24.9807774674099
-20.8742408822612 -13.3417175179586 -3.67986540267375 -21.6096785245271
19.6012120045311 15.8872914813522 5.24482729050773 25.6587721740661
17.4831035793167 12.7830898384204 1.99649534775724 25.1050521151864
-23.0843620675739 -12.3688429129184 -2.26159583145656 -25.0802866601113
-16.2917015144926 -17.6338035374045 -0.00656856539271367 -22.4418169390044
21.5011142675075 14.9124708335625 -0.921990966894879 22.0831154464127
-11.0512308065083 -15.7725208705577 2.21249576684716 -26.2688475146675
-22.0291755827437 -11.3005718685738 -5.9094419501556 -27.2616253909622
-22.7455971519768 -7.70192480670445 -2.58698752952531 -21.7384266274637
18.2042603426313 16.6720765232511 3.00736259114652 26.6546699088456
-20.4783510225128 -14.1971610482633 -7.91839386978528 -23.8020658506423
-21.6125333131221 -20.1612739822942 -1.95793116008174 -28.2210980794544
20.8141680271621 18.7232809317319 5.25691464953494 22.8405536380333
21.0139952969231 12.8629972074258 0.158512742134216 23.9631592738282
-16.174776152366 -10.6675922464073 -0.842644437760635 -27.1341315601854
18.1207380430769 14.4320221862485 3.88471896228068 22.6282302552927
19.0896317233801 15.345169213114 1.31976431410797 24.728230392009
15.8319787363355 13.140446733224 2.35250758384626 24.5118870540448
18.0157324774516 12.5190824298947 2.33261030997332 22.0286409656492
-16.6711612666684 -13.5273590495006 -1.66886999334761 -22.2674039496413
19.9879595136157 14.7731148839888 -0.506220118257524 22.6435080167853
-20.2726176309354 -12.1750088084361 -5.68838038814437 -25.4475987066061
-18.6138989116839 -9.12940183971803 -3.99025729030088 -22.9429503457232
21.6098035448912 13.6516852665006 0.670777020322912 25.8083607859508
20.394005478576 16.0300289110299 4.78735791289773 23.5477070526787
20.2366061503383 13.7036141705304 2.87304805739945 29.363357651691
22.9927685428754 13.3154755680562 1.0901145673607 24.8320828841223
-17.5375767656569 -17.9244365809885 1.22326533422475 -27.2107360600597
-20.7299262029926 -14.6121916527517 -5.53259459918796 -27.0393169335126
16.5175935097151 14.7713250131789 0.767711901468797 21.2966457730751
-20.7321321970984 -9.73337798899131 -4.67124630296165 -25.091513760448
-17.4103235456536 -17.2351407468516 2.00483614898247 -24.7743351627376
-20.3244182084603 -18.1780772697554 -6.66863557926923 -22.2639275721471
-19.9327768978094 -15.4899792990962 1.01053529635788 -22.6314112074019
19.6148024099963 16.0182780428474 4.25628012002021 25.6568689060065
-18.825497762061 -18.4697543171587 -5.82506637309633 -23.0905752535181
22.5177251988848 17.4985890262335 2.2774850517286 23.9970860479436
-18.434912102297 -10.9374356969248 -5.42850440129495 -23.5439174533591
-13.6707310665781 -12.092067487374 -0.867522361751171 -22.7345656378946
-17.7814246230528 -15.8647979905808 -3.08825197053434 -25.4168136231398
23.1259745196972 16.7790095192132 5.72324732578424 26.8840007453764
-16.0472622322121 -15.4831686762086 -4.33281132156384 -25.5369933526794
-20.7996542309525 -13.0807822945752 -1.53550006580324 -29.0496166705868
16.1990629576119 13.6578374551436 3.17020522971742 26.208061386295
15.9287713333877 13.4346629604216 4.86649287680626 26.7705571867687
-11.8111913335664 -14.0390683661813 0.567483537982874 -28.4631566302609
15.904439066319 13.8326858375575 2.5687639882316 23.5012375053805
-21.9506834660164 -16.3237800134489 -4.3398197417057 -22.283925418448
-18.3855384452764 -14.3481308767956 -6.52968914183354 -24.1493186139923
21.4145107183715 13.52217416655 1.92375787613787 23.9536152612711
22.9516429781717 14.474749668737 6.31092260390806 24.5573381705144
-19.9821285886385 -17.0931330915025 -5.36574209171694 -24.8249795524526
-16.98848625784 -20.0218344793523 -3.16160261017132 -23.0661481831988
-17.0930178926719 -9.40676771563141 -3.047193367159 -22.9975641847997
-17.9345076829142 -15.7870466471084 1.01199820770965 -25.1712296000822
20.5069841721585 15.1359255015631 1.85712137417573 21.0595356748742
-15.4045315326932 -11.8354348924233 -0.186518690959514 -25.5001161672303
-16.407296596025 -15.7812142262246 -2.89878835931188 -23.4217286990729
20.5276749271031 17.207088550177 -0.842481445616327 22.5332881073839
-18.6041655928132 -16.7361845531382 -3.38770977485764 -26.4378898680658
16.2551582795267 17.9325897626593 5.84487296564359 23.426927297894
-16.9979752603531 -13.9975495060974 -3.9109903307191 -25.6392304738731
15.136966059602 15.8658926239431 1.4970945031005 19.4626709630412
18.3662699410491 15.5623427877244 2.67715135432552 19.5073388146171
-17.3496000404611 -13.8328713884631 -3.47147196066281 -22.3995217323057
-19.1986035729708 -11.7502275339696 -2.94993130500269 -25.4238955560623
-23.1808706892375 -13.3417027212216 -2.1885667886961 -17.5892000062982
-13.0855002968868 -14.2304626506819 -3.16020252870264 -21.5664768756
-17.867584286255 -15.8024288522969 -1.10856314079966 -19.547241193531
20.7723576227423 17.2841141389026 5.90178567764181 22.8044383659008
-17.6592898056128 -18.2758737846232 -3.02029794575117 -25.8089450463768
14.6383992165908 14.4176111963615 9.54621422446282 24.3344746344028
-20.6926408576056 -10.8427939866285 -6.76450438768347 -28.8506806587776
-17.3815587428237 -14.9852591756677 -1.57022960567914 -25.1135966387859
-20.1485960740945 -15.8779852349309 -5.30602955626058 -21.9296673649895
-16.2282425002132 -19.087119666576 -2.51454203044338 -19.749456668252
-18.61632159044 -17.9399007729565 -8.00461576074246 -25.2103216425831
-22.3853511259882 -15.8645342413644 -5.29121858363694 -24.4557610783222
-17.5100163093071 -14.7620614002357 -7.72821122644331 -23.4111762772205
-20.4605058777681 -14.7130865591359 -8.49182275219558 -20.5513167748809
-20.4517700271077 -15.1701952677912 -5.61672600915629 -25.8445838612621
20.314486640065 16.8917212034628 5.07007335494553 24.1305963713692
-16.2531592670931 -15.2063270038939 0.763230440076895 -27.9879925319572
-17.1457732139701 -12.4621277693687 -5.21786248179477 -23.1801150905128
-15.5146004422518 -7.49583778119554 -0.806584247954444 -24.333502924822
16.6144238372444 13.0206353110826 5.6980074372771 23.5644053061313
-24.4694833211726 -9.95433989633987 -4.00169864232789 -27.0464913831591
-16.8573278009879 -18.5488120210111 -0.681190463486178 -25.0014312510742
-17.5993700588096 -13.6022139289904 -6.19828736266804 -25.9135025789027
21.4387976010727 14.9337458669271 1.09896840856164 23.363172975421
-20.9465734052449 -13.4450599264914 -2.20234773557875 -23.1102900815894
16.8373130210421 15.5047989112434 3.66757283415946 21.9363160900579
15.3508086037952 17.2380928867512 5.46635993619671 24.1526256963
19.1615271955095 15.7197343090106 5.26861632756888 26.1838362710361
16.4902259565562 17.0109116996884 3.63088658185732 25.0833810995225
-19.3003450498888 -18.1420136233312 -9.64661055652182 -23.0858052847269
-22.8693259133809 -12.2711040967764 -7.87408847820418 -26.5945356760068
-14.0823096030304 -12.2361180965111 -11.3859786140493 -24.1854075452724
-22.3713707795274 -14.2832974029358 -3.32441988135128 -25.601607808152
-18.7654853831907 -17.7850627871765 -2.18309525882806 -25.7793260963224
18.0111144703045 11.5479694710266 3.29971257715743 25.1866310408281
14.2735144508762 15.1481553323203 5.63772151591201 24.8133045579235
-15.3217127829016 -19.9211614652309 -1.81157810717998 -27.2979599267086
12.1096019575634 13.4034986840833 3.02827570628653 28.1814006692473
-21.9576502968459 -18.5974432678474 -0.557196638564175 -21.1887601028231
-16.9088430126915 -18.1219739077521 -1.80177316732324 -25.1749328619609
-18.9728634905089 -22.3813955932016 -3.54960671536983 -28.437675072427
-22.9384887182436 -17.6609115522159 -2.86707496823159 -21.2009226103018
17.2146843055002 16.2352779205337 8.26110291189241 22.2971321363634
-21.0671137516628 -16.0010733095261 0.995109062488778 -22.6677184227331
-18.1355437993459 -12.3380255226195 -4.45235702136447 -20.496697230398
-22.2778376860806 -12.3654164447236 -1.03060029480772 -26.6078355374939
25.0302851335142 18.7683738754463 5.71762206347423 25.1095404828349
16.4464391937161 16.859169282431 11.0191208554855 24.4724409687984
23.3262471987118 17.1685858078237 2.98509052942114 25.2173558613096
17.6057478704804 11.1480977959951 4.32154984110476 25.0843299886725
-14.7878436696017 -10.34295676534 1.75056247235776 -32.7010209790768
16.5371527809308 14.7337179609657 4.23868290741918 24.0594852288295
-17.5938562439154 -17.2103511440996 -0.298068126570568 -28.9793617170702
16.120353714397 13.7992516653145 3.02255253656908 28.0463525991893
20.5041844137952 16.1019469764482 3.15233573194975 23.7515456519738
-17.2405583473414 -11.8305536171085 -4.66758925131357 -25.0452037570391
17.8107621013343 16.6039461118195 1.18219193237623 20.7483948300159
-15.1600549642869 -15.3525944899653 -5.71181496392426 -23.6158997273142
-20.8048568594326 -16.4168464537039 -5.29506797432359 -25.3553976247953
-23.6091038530494 -13.2659521814703 -5.67290947878096 -22.519373358704
-25.5756045482841 -10.5513496632713 -5.80255341583892 -26.9730896511012
17.6965182083384 15.4135915813108 -0.98877098893964 22.8457082651478
-17.9326740081383 -16.1743675173559 -7.59105303704781 -20.2102844278718
-18.4561802576695 -12.7375133409345 0.435007646244925 -22.3544650712749
15.2190445720701 14.6691042426054 2.64056237628718 24.4547052016021
19.7983405369801 14.829542148767 1.91874149026328 23.306004788657
18.7049892681645 16.9890457911256 6.34163432065721 21.9004483911268
-22.2340137265451 -20.4062743713049 -5.88726588171214 -23.9579917441414
20.8899532215003 17.2135147551204 4.74327218205933 18.7084157856527
-14.5441340852455 -15.9515118159543 -1.94013831957236 -21.6584044355098
-22.4596474425417 -11.1426154922131 -3.11792375326174 -25.3443742497958
-22.58686487984 -11.1599738902777 -8.37310814282846 -21.7237095856403
-21.3793568200149 -13.7188788875915 -6.02432626313893 -20.0377002962091
-19.2168908961892 -16.0611631770279 -3.08558613468721 -21.1695258219021
16.6361378024072 17.4549281889007 6.9626765399798 24.038540770791
-19.8407344457559 -16.7990599270945 -4.22768823619533 -23.3323450653466
-13.5961062968205 -19.390483906589 -2.07269067383058 -26.9454308459587
-16.0542311095584 -14.8142034980197 -1.86958924236611 -20.2624372381218
20.3484134553639 13.9648980474488 -0.378653398809522 24.4440680701338
19.2457007735192 16.4217207126104 4.99317396116645 24.5694291750457
16.8655492166268 12.4050735017016 3.65369509174693 24.3169303948489
-22.4540344433376 -13.8711724409694 -1.09936945936582 -26.6890248233484
-17.8284616913606 -14.8112918043465 -4.63656646725343 -30.4668621199067
15.3020103288931 12.9443755425657 1.9404962527127 21.154518709099
18.3654836770964 17.5515534657368 5.46957415994742 26.4233190980859
15.9431141161265 10.0764064066558 -2.10056974426257 25.1589499926553
14.9962790802716 13.9341256506209 6.35598432746062 25.4718739270708
15.8168956079925 15.2404341238904 6.04375843746698 22.837520084632
-17.1337368348481 -19.0557493785731 -2.08242131698231 -26.2952319996455
-15.5671738280034 -12.45551204931 -2.8672751781066 -27.7642892236284
16.91562873398 16.7194473390148 5.12147435734258 24.446264133577
17.6385552205847 12.4557804851609 0.961839188305525 29.1080731205829
16.9404668178217 13.4428414630373 1.92502175827974 26.2721459804358
-19.6208878858551 -14.6763164567778 -6.89565644810684 -19.7363284178295
-22.1118170776326 -12.5929479751988 -4.32063198223413 -20.5400567396979
-15.6280984769598 -14.3010761640237 2.67385462262527 -26.7450941256801
19.4570694895325 14.0272180077238 3.02642884432503 20.3772529825386
-14.6917017159422 -12.8050872889662 -4.43495510294196 -26.8888413086295
18.4149026862826 12.1836998728533 4.12106105249303 24.1277741393831
-19.6129639963906 -16.253227488233 -7.97970171478824 -21.6295354826705
16.73432157015 14.6399047767649 4.4921758768175 24.3830427790306
-16.2404410136132 -12.9680819509492 -1.31044942783956 -26.1636200415977
15.9157120347303 15.7320822682529 6.13898571960844 24.2896567937684
-16.6237704487967 -15.6790416968158 -1.62412793584595 -24.7024707100885
17.6925005991221 14.1000971722524 7.98725989502607 24.6850185656804
-16.5346467150357 -12.7720770225649 2.8047808698552 -23.8447546375729
-18.4932826213855 -13.0876906817488 -3.17801754461813 -22.3564462956229
-19.2395130067732 -13.5990090013246 -5.29679807914416 -25.4776209300763
17.8585043882492 13.8514956420085 3.45575305795681 22.2754000140116
-20.5578175144206 -15.53877482155 -5.70227131959347 -22.5712742424202
-15.3801555734205 -17.1918079126575 -3.51383171025879 -23.4838698232294
-14.5307360497494 -11.1551749854717 -1.5259611599489 -24.8316464002701
20.6265159529484 15.5536416708887 -1.13188930772992 23.9145458342711
-14.6217995918526 -9.77411831721621 -2.84323104827406 -26.3975680977157
16.8760907399914 16.5742627605097 8.24945371858744 21.199403953295
-20.3120712115844 -14.2942987089108 -2.76773703668049 -21.4412548780015
-17.3545555409267 -10.4752493846508 -1.51592803771955 -24.1894423837112
-22.3283504892442 -14.1567308619017 -2.20931829774955 -23.2257266780488
-18.4015376289703 -16.051774549529 -4.1057262832521 -25.1860347623202
-19.7633276676656 -13.2127792397651 1.13633146518514 -23.4925805083207
-17.0971265296941 -10.3713390056209 -6.00071979151944 -21.5472607288015
-13.5535748592982 -13.8546814456289 -1.26535884736845 -23.7940301503339
20.8458284158969 14.1328409613012 3.33291929581474 26.0736469621282
-15.928863893738 -16.3172948096678 -7.61276627790552 -24.1270958728709
20.2810190961197 13.151911724343 4.57821629321424 22.4834126328972
-18.1287498094824 -16.4428536660502 -3.24401334965012 -29.4504955897259
-17.7734800932661 -12.0155612289047 -4.06164161919855 -23.9131395506139
25.416342277966 12.5863086341315 1.54221250616223 25.8472985892931
19.4781936323582 15.7373352828461 8.53190104585777 24.2165625873502
18.8692104838798 14.5084324241886 3.93300269351743 24.3755207113253
23.9314170049266 16.6655705402885 3.46712082050676 23.4123348504092
14.8484762563351 12.7717939889929 0.129758157157147 26.0412386863572
-16.7688463139718 -12.3540137556159 -6.07434734710239 -29.435389538154
-18.9155961107833 -13.4760492504891 -1.71453654103041 -24.6676486845866
-14.491437544355 -15.7363838472833 -4.04715872758852 -26.7700644339794
23.4678026699186 12.8874623751831 2.53623786905006 24.0076855544707
-20.6068023991779 -8.2018232764668 3.84490776745562 -24.8324147451936
-18.0469607264298 -13.2681712784094 -4.71543554588568 -25.5734340320541
-17.9330196950814 -19.663271283191 -7.20728178230052 -22.3145337203095
-20.1308048349387 -16.6076772316127 0.0292137221407187 -20.1567364344253
14.322793801073 15.5700730466233 4.04607078623806 22.4686014430413
18.0651369120786 13.7828278933301 5.56495988389948 21.4760210481639
-21.1842498803565 -12.2114150117009 -4.85317571691007 -22.4922647833629
-20.8862890622028 -16.2406799216492 -4.69981225435309 -24.7179857333967
-23.1390470556696 -8.43727971255642 -5.55778985130205 -27.353946202552
16.0878249764249 14.4252921900054 3.82789133481484 21.0396735804537
-15.3660214989817 -14.4045996144773 -6.45084357284049 -20.6887723690493
-20.9326689081486 -19.1642678112349 -5.19725277196873 -21.2200423979869
-24.5859139302192 -14.4315657300032 -8.10052581691008 -24.4049098582981
-21.8502098643761 -13.7976538644416 -6.44324612605258 -25.8810714407263
-17.9855201642841 -16.5906478983824 -8.93962903305542 -19.7731219667151
24.3734204341581 13.6944709224325 0.284563798339057 23.7604676309368
-19.4873340881362 -16.9431862086886 -2.69606829771587 -23.4232925596952
18.4813069545928 15.1774015594158 3.03536064546256 16.5670570977907
-18.0324078579712 -10.7773218803732 -3.63633276786058 -23.3038263020901
-16.1721408735563 -12.4187807668084 -3.84327308047554 -28.2807388542933
-17.1537313138079 -16.9970126672773 -0.267527033322309 -24.8479692128044
17.2616089236887 12.8948085424957 5.05937263993461 27.4213389485529
-18.6522460208298 -15.4202276102268 -5.65842879373235 -26.2724403023134
15.9974585838791 14.7839865847967 5.78993075691653 25.0681129923291
21.3528603787309 16.709294836321 1.16679866215832 21.9433583347388
-19.4724355824514 -11.868797750039 -2.38012425412983 -21.0781915385014
18.3477179779039 16.3949293676758 5.85238010162207 26.0412317211009
18.9897624164255 14.97986005594 3.93488662406155 25.1508545942523
16.639863733001 12.576825487493 2.72418401090971 23.1224256197894
-20.6861603591607 -12.9216774543401 -2.09636571964165 -21.0983665421319
20.055356608041 10.8112337230183 3.82772467855637 25.8096373821085
-18.708438059499 -17.0631939592869 -5.47453954945861 -24.8479079294149
-20.7530321424218 -15.632451396518 -3.01021718742487 -16.6786513591767
-18.819364663994 -12.4797099624994 -3.8264000890332 -26.0471123226654
16.5195767918577 14.223138727422 4.98535153075578 25.8945372564028
-18.1591256519777 -14.395395645459 -5.63499017116383 -21.0970757321316
21.0174433777487 14.9676840454708 5.40716448292133 22.8944565030068
19.700151343317 13.959040242157 -0.0965575175776205 23.1059779830741
-20.4157366865843 -12.9223350248595 -3.68180417321545 -25.5545349903916
-17.4366267718302 -19.7219085567291 -3.87089015473444 -20.3862525616909
-17.9322858006148 -16.9521538128238 0.624209508977386 -21.080035829553
19.4408916407848 7.82357510427452 2.59733513998687 24.98524889187
-12.0177209508387 -16.8967476583949 -3.1824617060772 -23.2772587993558
-19.4467349351826 -13.0287628013896 0.449822784060346 -23.8976019213188
-20.5918558810062 -14.828297940892 -4.5039483631564 -30.0894807491545
19.9156167872692 14.8754531745878 0.162111918281714 25.7509707170241
19.7184139044085 13.5616492510032 1.25305294517231 24.4933455821947
-20.8387275312347 -13.49496559451 -5.66305928413958 -22.4695376661179
15.4792660011533 17.0671030221256 5.13172091009532 23.7540239067109
-19.5990230399997 -15.5146946875358 -2.14575202184371 -23.1785867400037
-20.2326247780457 -15.0158210350354 -2.83019325408891 -30.1089864113719
-19.1099806515597 -16.6619894962828 1.1437338140851 -22.7742413919455
-21.8410197634064 -10.3751477299171 1.19943957983258 -21.9057693548432
-17.724384356259 -14.3486580740341 -1.35713337735295 -27.0631641511075
23.0577844285947 14.7300923118913 5.04782265838532 25.2615992137275
17.7473783264333 14.6377274231549 4.9075712738819 21.8349673836494
14.8358896297673 12.9749971324104 7.10551630466245 25.7184392007994
21.5093337657843 14.0665013234543 3.37908832470149 23.9834521948956
-21.2964837927394 -15.5044590563858 2.53051850723676 -23.5753089219773
20.4104805461293 14.1288733239356 3.24318704345634 21.8394156392711
16.8198380055739 12.3949933595399 3.64242877295306 19.4310193698788
15.3699784035842 13.2565064720992 -2.06218357848708 22.2216199175954
-19.678139708579 -19.5440793213633 -1.28382293788884 -25.7835374892641
-20.0197898130834 -9.5846214576235 -5.06644938427458 -22.2671249826804
18.6394038988509 17.4760873764389 3.55033696817606 22.2381532498237
22.0588853096669 13.7688292556782 2.20347515776792 20.711571488994
-22.693615180828 -17.2378378405688 -3.66623747553044 -25.7549503364399
-20.9275793156893 -12.8373491220783 -5.38801000129981 -25.7635854131189
22.2612481813085 14.5437281078697 -1.47592051177369 25.1250620849935
16.7423206649968 15.2970073080968 2.39888487994208 20.8973687344145
19.1938321604204 13.5854094410493 2.911714701551 26.6052942184731
-19.2899486212044 -19.7492852338772 -0.751542328844645 -20.4571806137584
-22.6893822041202 -11.4384106124285 -5.58149659113091 -18.7179924966935
-17.7144157813849 -13.2245674094435 -3.38308876944748 -27.2314254848334
19.3989135861663 16.5883768401819 6.14187200465221 23.6180260072649
18.178543055835 14.4840297230666 3.60016955540412 23.5289362349831
-16.4911789918516 -14.4047639728871 -3.6267198782492 -25.5020802411318
-16.4169655643988 -17.2147972364137 1.45129065830015 -29.4300635372822
20.3027681457519 16.1803240676074 4.73314847826326 24.3539049779457
-14.7736746923118 -19.6150760944307 -0.321282982073659 -26.7735253358707
14.9648409866526 15.2651828056183 2.778980803074 21.1554542101047
16.9771068314402 14.8698331074446 2.61279035783184 20.3658194027396
19.2175799035645 16.4686469625625 2.54984221400064 25.4852500518628
18.8364737482276 16.0591806685246 6.61816516633553 25.4065656071673
-21.6269414462131 -9.03944386210021 -4.51277578533509 -20.7582463676327
-20.0247100691674 -11.1213472775429 -0.397383243452759 -27.3396202714806
-18.3116577423681 -12.2571728690094 -2.04459324961343 -23.9411862878323
-13.3009686044366 -16.1332267595767 -2.76066412705724 -21.8948315430028
-19.8144368003756 -12.9309172581479 -4.98470454195001 -22.9144571614536
20.6962236823159 13.7633624957005 1.82131444072557 23.048608582698
-16.7203290851881 -10.7990210025602 -5.59008347004994 -26.4957228441972
20.0097641891846 15.8192866975153 5.23103477764715 23.4159456854318
15.9080915346013 16.7186099892582 3.91733929016232 22.5447731698216
-13.7643544672337 -15.3165875818229 0.502436332429391 -21.7782615751849
-17.7690509607007 -9.59117701705345 -5.53233065758925 -29.2058483387171
-17.6304212156157 -14.4264754365454 -3.63111998829963 -20.9700648994885
-22.7715703697593 -16.1773186353854 -3.86793930390339 -20.9063763038489
21.5274632766636 15.4610100834133 3.42533350033184 22.3370234984776
-18.3102022484258 -12.2250405382599 -3.38753520863015 -20.3170374856899
-18.6985887755658 -15.8145107114785 3.8222905093794 -23.0143708998311
-14.1569701943525 -15.3050667112382 1.03894481196895 -21.7243578138448
18.2114390054429 11.1568360885126 3.28318862756649 23.2884586892277
-16.7843171302788 -11.776470322326 -1.8881179426505 -24.8610615842791
-18.4121581977259 -10.567831345367 -0.555570492389319 -22.4333924890671
27.4949274306395 14.729477686294 0.307792393710281 25.9083174720165
-15.1117436024347 -14.101298752963 -3.75624744851493 -23.8564182923832
-12.9668060918772 -13.9003953269659 -6.33776864708023 -19.7035838762909
-18.1175941489575 -16.5906061370133 -1.95075688435732 -23.143356882874
-15.8856647131975 -17.0043210756945 -0.109045449415657 -30.2700137378243
15.5877579899953 16.4533452316331 5.64027454392209 22.6713252489884
17.7614840472045 15.800544423873 2.31772521844083 22.1236123401931
-18.9261018517909 -16.3912995518599 -4.37598712220818 -23.2756450751993
-19.4342343110574 -10.1123306686028 -8.09420681073937 -25.6513457759905
-14.8881119036001 -15.4331814041083 -6.99598942391375 -25.1991822516694
18.7679465151625 12.3065790946749 1.82946147278276 24.8524183484931
-19.7138539638755 -12.4540466339391 -4.53788778781492 -20.9093946894003
19.0435040878294 13.5591466179387 2.08303688888592 26.0565756993032
-18.996629711841 -14.7755123846662 1.88009633320848 -26.8106611279123
-18.1500117127385 -17.0511387931049 -1.48268756364221 -23.8688228433356
-22.1476839484847 -15.1907408442514 -4.8243711088108 -21.6660840314347
-19.9685627497119 -14.6766987440985 -1.5806606294913 -21.1096613133044
23.0735556891997 14.6308672256508 0.999753042699502 25.865253264054
22.1042050617282 15.5728071173127 5.5151027002456 27.2343648696677
-17.9192456181294 -13.9894362403131 -1.4986952289686 -23.8555457561625
17.3249442367144 15.7047723781104 1.69773187883509 22.3722521593635
-18.1279675465481 -18.6159154653517 -2.87691264277261 -24.6823061233048
-17.2891672043089 -7.76959057705876 -3.17001919461844 -17.9871017551149
15.2067655021121 13.9916361424158 -0.758351020960127 20.2437187130568
20.0655589034203 15.6671546129615 5.23800486441694 22.878783427495
-16.1821415738726 -11.4920779174892 -4.28652985676493 -25.5898411291676
21.126190143683 15.8860612407291 0.769630699361959 25.6679226349223
-18.2355427009134 -11.5796300081461 -0.690317220567697 -25.0925517951694
-21.1634832119026 -12.3736672443776 -0.599733906031798 -24.8237559919857
-15.7822043641101 -12.5265793133643 -7.25228446332469 -27.2914792689507
23.6009670626461 13.0139489505936 4.62250600209439 24.711585125131
18.6577139271313 13.9231540097056 1.82905828608425 27.9584813507384
19.9114542691278 15.9133492442395 2.69766719826308 24.4353836406699
15.0307086431046 15.037231614918 6.80829920883097 25.8718860703014
15.9198606737195 11.2533908499429 -1.80112922189838 18.2327761892089
16.9334265660118 11.7270195742747 2.9523862568205 26.9662499192549
22.4322755571041 16.638684764489 8.33532604257043 26.7851973655004
26.2494890139497 13.3883288249741 5.23580950571687 24.3933235089077
18.3430868359596 15.7754905495389 4.234371630351 23.7305807589665
21.2518477701239 14.1313594164522 3.78998835936249 24.0844690291002
-18.054972259267 -14.8785384972845 -3.12090607324299 -22.1657692767812
20.4581791891868 13.9397715733852 4.9593288607215 23.0740960748879
-18.0552347206236 -19.4007613450398 -2.50957591604968 -21.5410606688797
16.913072778291 15.0546486287619 9.56410541128981 25.305391496486
16.9806192566395 14.9722107778027 3.92573951127781 26.3685731505135
20.0359487046351 15.3085664787937 1.31166272219218 22.6689147618335
14.6188205674299 13.9331551013383 6.21904317434695 21.4915143805909
15.7245545655405 15.6845408469464 4.03125427376241 20.3151935574853
17.5134258028952 12.0663776866474 4.5857458968823 24.5938797006778
-23.4354659486335 -15.3661392415655 -6.20527752014626 -27.222764178361
20.5701440999816 10.5345281877785 2.08210253859308 22.7042488719136
19.7959542366064 13.1364116428294 -1.40877914612281 25.1187828440067
-20.1792960335014 -18.9038699983723 -6.32042543226834 -23.636927382771
22.9993224576851 15.8681104091771 10.6236749398458 21.8017957874379
-16.8961112876515 -14.4169717809113 -4.16038736929517 -27.2228769798827
17.2612310360799 13.6709602242615 0.301216692398595 21.6107491014705
-18.0345825484108 -11.5139588998947 -2.43706822800157 -26.0520663518582
-18.1439119742669 -11.9859566136088 -7.55260556977372 -19.4359932783211
15.2048246512658 15.9107977384988 3.32999528935315 22.6749853558168
-21.4148506797817 -16.7859645489983 -3.3103063126636 -16.6723863567653
17.5905703871296 13.3000773303665 -0.403280498239133 20.9018344439356
-15.5737429387093 -12.9766108628773 -3.2211175196879 -21.3270603656367
16.3834189331071 14.2899741165631 1.92936723653619 22.3569513639765
-19.1073645608737 -15.8549121047485 -6.34322669266019 -26.597648539461
-21.992590744154 -11.076387020313 -6.97143898780616 -21.7160011680231
18.0444547231582 15.9616911708349 2.30157261223729 19.1864276613465
-18.818881904865 -13.196993347757 -1.77398124369004 -25.4390519338699
17.3501619540597 15.6720663497551 7.00742031576176 26.1345093397725
16.9167167623982 15.9101477584351 4.19942342424602 20.2145766664047
-21.9503309422192 -11.9081644435298 -2.66205628775418 -31.3232694275451
19.0463813926588 15.0935378069154 6.93736447091393 26.1327431602301
-18.137864346937 -15.5435815812206 1.50283808716807 -19.0690327956936
18.4852170363223 14.0026707813211 1.84751824443958 23.522918177152
13.1885168778005 15.507168759267 4.61248268626445 25.4705543659636
19.5285371713501 13.4749885548539 0.0430049170671816 20.3005562975508
-14.6209929796448 -12.2775117012537 -6.38166139248714 -27.924714789187
18.2187506436893 16.5150362382105 3.29221996487016 24.6327393883606
-15.3594956279136 -15.6026972400495 -4.48861204465715 -27.2385957892728
-21.0575698190335 -12.4803553162772 0.0260190722553406 -23.3743117560958
-20.5683424091831 -14.2858149679248 -4.71934448422188 -25.2104746823677
21.2271612806193 14.0602934818503 6.25309304171895 23.0828681112911
-20.250617905444 -13.2919388287041 -1.61099529824161 -21.6191760955873
-16.0304307940734 -15.1820473247856 -0.44457666625786 -21.1221832454449
20.6109210416075 13.8589230369316 4.43493662067255 26.7228143847243
16.4581382926255 14.3130551173723 -1.33370162997896 22.6277612097291
-15.6447147545346 -17.244098306441 -4.91813531058672 -21.3601217650879
-19.9749708190229 -11.0171949662181 -4.04206833150404 -19.4425691114711
-26.788076133305 -16.9033639405994 -10.2158602711032 -22.4979103592224
24.5710257636279 11.7162642153142 0.177111588711635 26.8604053965842
-15.2447117381056 -19.3723829543267 -7.35792357898548 -26.5730136615931
-18.2443284912823 -15.531983187764 -7.08642888221924 -26.2623944757757
-22.3963029067652 -14.5154694467372 -6.79408422890966 -23.7535900596316
23.1455567325398 15.899167350599 0.233235280726581 25.1131206818546
-19.0995005068344 -15.3506501339015 -6.15893171813768 -22.1270051044794
16.7089007175501 13.7872048896062 6.31425506310626 21.7575984220183
13.6800104414056 12.2288636852724 1.12026132873617 28.0338658413862
20.7102550886603 12.7156533625582 2.65231893072335 23.5895653265106
18.771836159464 16.1957692532555 6.93771345214661 28.4447394724772
-18.6199479791121 -15.2781614590618 -1.97364968932794 -23.9146324960724
25.5314366412693 10.7819068157217 3.13270748252427 24.755339074101
21.0594430558653 16.1696229852346 1.80870509517866 24.9843377862188
-18.2889212013218 -11.3377994987227 -5.10835487921649 -24.5815257495658
-20.6255872651152 -15.7772131223514 -2.1317447908953 -18.5259765126718
16.5670067163848 17.7383743208981 3.87599465491921 20.4246456263125
15.42073499134 12.1345036869303 0.408404264361942 25.507855162342
18.2134442911735 17.4652284131802 5.5307901353996 20.5057328220838
-16.4006973455447 -10.0866663732706 2.91385075922409 -24.9030222332873
20.9881385697398 12.7017560939498 0.410153561755994 25.5294557008326
21.9560498164667 16.8455969088473 5.46827260208784 25.1924413889055
16.1670810291662 15.1452292679291 4.22975556221386 24.3231906852207
17.8991649491986 13.3583667952757 4.94698386033278 25.1942040886462
-18.0555960792645 -15.0438393264262 -4.23770019191454 -21.2611054751381
17.4713410562905 13.651073933534 3.14058381298688 21.7803406294438
-15.7576952673276 -16.2624144563482 -5.82581151745488 -22.6860915841013
17.8513796562601 15.8274694973467 7.70668788772184 20.9161480654733
18.8558441902197 13.709925957594 2.89529469794434 23.1104279185931
13.3845202337822 14.6957852568312 3.46850873707518 20.884934910624
-19.1811830765735 -17.3592655334341 -4.70983863661221 -21.7833080977202
-17.5128054045008 -17.8811950321054 -3.31722611729114 -28.565754905009
-18.7502959610224 -8.47682168763713 -4.80235478293922 -25.4901303226699
18.2919501904124 15.5425197073995 3.40531592613366 22.8571890532914
19.5615687912223 14.2302378442077 3.1097368556975 25.4066763164624
21.5048499369681 17.4725432860897 5.1340249252999 21.7979410075337
14.3883475681015 16.1118075137517 7.2296272546164 24.6061009485178
-14.7329421013084 -12.9115594726614 -3.91236112345573 -19.8235576935702
-17.8840920590344 -13.5121669620682 -8.25515723711855 -27.3856760544111
-21.5643271647904 -6.25236746027716 -1.58919318511705 -21.8693735478175
17.5892901627602 13.8556866031832 -0.581566283410694 24.6011642898687
18.3222713681471 16.3525493512415 3.99164534873256 24.7181289269201
-20.0810789151305 -15.9211408715101 -5.08607326026238 -19.7806846284474
16.8894582503499 15.68632732769 3.45686682017523 23.6255316214124
20.3418178938227 12.9688071373208 2.26704963408879 26.3414879900146
15.9804965563023 16.3063087122081 2.39588508305178 22.0098993634409
-18.2151577679207 -17.0030567611147 -5.8626989232018 -24.5435574506315
-13.7895320782127 -13.9003225909892 -3.56785644436466 -22.1570419659776
21.0408348042606 14.9459438843916 5.38846618224797 24.8125852667702
19.0637586369205 13.890964550778 3.00808530245701 23.4053614476519
-19.4943956330666 -11.2246353175808 -1.30903442829152 -18.0830525717547
-15.087499477422 -13.431753958942 1.37171260861672 -25.3216781404799
-16.1948406826225 -15.7804395800822 -7.19892685842525 -25.261794442679
22.3848122328385 12.3465430349436 3.33418441275155 24.9430093945992
-18.5966730080392 -15.1680469401686 0.347268187821226 -22.7208220916473
-18.9210901814603 -13.5254790017628 -6.21675096215582 -22.2940790388674
14.3762047064863 16.469611220448 6.45885911116119 23.8937014949366
14.9541632374364 15.6748519993385 3.59354113082454 23.835841084829
19.4551052959834 16.810035423434 3.1944297572722 24.1451507970775
-15.4712981536488 -19.1577188525074 -0.432056468296357 -20.2419658720104
-15.665572629551 -16.4724247668308 0.407581992359221 -24.3070452106083
-19.4477059554826 -12.1383019670703 -2.68441234006865 -24.8521777903117
21.1747332645366 15.9147474731438 5.2141002660114 22.9250203221713
16.9025483190175 16.0528433927429 3.48192897954481 24.6884867016786
-19.9202966587639 -15.5350903127631 -2.81083754166441 -27.4051885752743
-18.5153051948509 -16.3303302329772 -5.9484056133652 -22.7365275627898
-22.4328945110516 -15.8750539956806 -5.48418812539452 -19.1736455788946
-22.1341801675943 -9.74685338413457 0.287205096571215 -22.9793039342691
-16.7800692968431 -12.7118852200254 -5.6013718468882 -22.1000722451333
-17.5648275793305 -17.4850851511676 -2.24333543505723 -22.9819743520406
22.0797733516703 16.564403460103 4.01753423593357 24.6726262491659
-16.050716587021 -13.7321413710909 -5.87794211373483 -24.933097543625
-18.7967541014372 -17.33347553178 -1.69001339514474 -24.0272242234107
-16.4916766311935 -17.1810769499635 -7.31434625475241 -24.7245562355648
14.7582285040984 13.5207515554748 5.12519795407428 19.8866507519504
-21.3111151754924 -12.4318053094215 0.837827944515718 -26.7113187692689
19.8303295904419 12.9924379504881 0.732587677783604 24.9876957778869
23.3079768932241 13.2624321317158 -0.307183682038811 23.452079403404
-23.8008861688404 -11.7997703165547 -9.74222511676933 -25.019483745691
14.7446567173084 13.1466666810707 -1.59290863299024 21.3730296319789
-26.5136603420611 -11.5809765185583 -2.78888368139776 -22.8818592452662
18.0436342685716 17.0104664632992 2.67612283802682 24.1212545698926
-21.6656154267587 -17.0141890926558 -4.9659985930777 -23.7651560872613
-17.0702767523285 -16.577174528653 -1.98880378077681 -25.2178039064574
-18.3639174591449 -16.8282527410605 -6.66804210678777 -25.2833898332977
23.4771662198181 12.4685368180629 5.43270960785687 24.3358038044727
-21.6371776105617 -11.3369201897298 -7.05052454720109 -25.7059063379471
17.0676735093004 13.7984448258822 4.86747963103189 23.8497853344076
-18.4574449884562 -9.88084548406886 -3.68756590198447 -22.6433400208216
-19.0621798755711 -14.1923582724879 -5.22288837855979 -19.871196890465
-22.4610918363271 -17.3482436735239 -3.40123753771596 -26.9498582753287
-23.0127412011456 -11.3717446922506 -8.37239022308159 -23.3793240937123
22.8042002347539 14.9984106208867 5.33920641158379 22.8507277263351
-16.9773920041195 -17.7764870574638 -4.60830426664579 -17.4832980670775
-15.8984477401075 -14.7938053290893 -4.39021568689579 -24.7181207843168
-16.5350373966871 -9.46334193324813 -2.7513313389973 -25.3672917296523
-23.3961528149282 -15.1958302268123 -3.06080961777692 -26.6885818297512
23.9203318727757 16.5334454940164 2.44735164830408 26.818744137682
-21.3837242316046 -14.8115860519564 -5.9760325433022 -22.3663284381902
18.1949438709193 14.3102589736513 3.30535910509133 27.2314766838181
-21.8286132675642 -14.8648304230262 -1.36405756943824 -26.542667205898
-15.1493023010142 -12.4341225943731 -5.86580408553928 -25.1107696480981
-19.6586458876407 -13.8444663988624 -0.907904921568934 -22.4777169715279
22.4707224959052 17.189471655298 1.72485133631709 22.7028882240653
22.7925059904846 14.3514644382058 2.32346493344498 27.598657212015
-24.6929280434793 -16.4641833716409 -4.60184288970372 -19.0448737607378
18.5970872911434 16.1314049352709 2.9733519025346 23.1053134116483
17.8716731437128 16.1000794764295 1.49486741521774 22.7179180874653
-18.8626359188601 -16.7957088796228 -2.64236760755458 -25.4390381398516
-18.1288535603379 -16.6454561153065 -3.40302204512275 -21.2167653540681
19.724316416328 10.419401293553 -2.2916399834519 24.3185713133563
19.9154967658444 14.964170889974 2.90772125499305 24.3608019686154
-20.9335594959416 -14.0653395429722 -3.88757691026063 -19.9794525180611
14.9140537395693 12.3315953517195 -1.44649754361095 23.0339283707714
18.3435092412039 14.9942374895416 1.30662162676147 22.0483076202055
23.0933517681791 14.4335792012826 3.44381346189349 23.3619767184046
16.9175855101943 14.7855444445492 1.68431369420914 21.3688150332129
14.165486988168 13.2002919828896 4.05779999133181 22.0822816209419
19.0583057584582 16.4992579724904 4.43880464111032 24.8993517384179
-17.7488101974912 -18.2948096354338 -1.20531577943357 -24.9491601023623
14.186578932912 14.4122647721522 5.44776536081461 19.1310045899956
18.2784888535778 16.6713940855705 4.28231036127839 23.8022465394108
17.8893388449257 11.5601371698146 -0.280187799607682 25.8521967653976
-25.0008580234654 -11.8519077926791 -4.20200861793961 -22.9689237170602
17.492642867446 11.7248289035577 1.53992416206089 23.3782122979836
13.8316388963497 15.9756880411628 2.55364535259176 22.2878305048695
-18.8757341821122 -16.7524877910845 -4.84700971791937 -27.3882282773306
-23.3928626017002 -16.2891569991091 -1.4187424948548 -25.6223621740536
-12.5155197523462 -14.5099203028733 -4.30082815709361 -27.7552357006337
17.1560042182043 17.8424501610984 1.88018693151016 21.8235464627623
-16.9477432951102 -16.1737282473162 4.61035080823922 -25.2010273611654
19.8862866019105 14.6657613602909 4.42237666861784 26.0569266188566
19.3766236662426 14.8379902265097 4.40160479239791 27.084784202772
-19.7041147440095 -11.1353637318144 -1.06551731436331 -23.9681151178674
16.2706600365914 14.3532582789154 4.39391923900532 26.4789890831028
16.1209146010027 12.4498975239976 3.9029079174865 25.7038732016336
-18.0051484376194 -9.30673993197318 0.0486699879283625 -21.8472142481968
-16.455550742918 -11.9860185323389 -7.36022911516872 -27.8137423362393
-21.6893522603351 -15.5184189324678 -1.15188906415357 -21.0369990732894
-16.5303249853652 -13.6279160356756 -3.4855352608814 -24.0411907337893
-20.5972580645419 -14.8096836871606 -0.45042612103312 -23.2487285866246
-15.2534878930631 -15.4743854793048 -3.67703325799937 -21.8721388500759
17.0179232766577 13.2172416779189 2.42570022123368 25.0962530959772
18.9300384368064 13.7049192509393 4.32608677907381 22.9825856354305
-19.1872473044449 -18.7654654886514 -2.22728560323366 -23.2578861041003
19.4665981667571 15.7747928391273 5.40720825228261 27.9768367912008
-18.0893830228195 -11.3650201304509 -10.3829331005279 -25.505581651671
22.9775273797028 14.4300579502813 3.9722953387673 24.6231634363791
-15.8878735287189 -15.0657677625593 -4.13758452213188 -27.7638034385278
-19.994129029656 -20.6291084958921 -1.09954422987574 -23.1702072609396
-17.2285998601981 -12.2940798889941 -3.02227655113958 -28.8578197460923
17.1412429295072 11.7776099628164 0.989321044052258 24.5749915944814
-20.8164662163629 -12.8813059029887 -3.22226537351964 -28.5228944497361
19.3707682495178 13.7031737611548 3.48539874579722 24.073982104175
22.7457476348946 16.9116908623873 1.7395791726685 23.8882954252933
-16.3817891475165 -10.9290573140955 -1.28423980097902 -21.5721038622208
20.2367424936997 15.266867824716 1.34365526119357 26.1123769009324
-15.1065961767323 -10.3653231189615 -4.43360324616213 -26.6938896352231
-14.8787689539268 -15.7100534194271 -3.65101115081989 -30.9647722378195
-20.6667109444613 -18.7313463470053 -6.01608555976577 -24.8602220096969
19.633186582679 15.4503954626216 8.52253376632871 27.261567594458
-17.0926178851534 -13.408810453102 -1.63447228375719 -20.697282597419
19.92784292392 14.0520191714884 3.81676263931348 25.0424458531396
22.7005792669045 14.691379171574 4.43898808105889 24.2237604567551
-20.3952254594309 -12.9287970634301 2.62031881361703 -25.7862042849993
11.5066252648584 17.6466893985648 2.61813224339646 18.2741866245267
-23.138984926968 -16.0801456090081 -3.96306468237888 -21.4662416264389
-19.9414466443491 -10.9440002111323 -3.70955028137928 -24.918209451959
-19.3146936161692 -10.86625175768 -3.25016606603129 -24.4445637113017
12.1148798679906 14.5391960897878 1.58422097830775 23.2833865989881
17.4666975203385 17.1776096049186 1.63884024544212 26.3131339532213
-17.9097799840311 -9.32467384168183 -4.31914187940613 -26.7162018789716
-21.6249539655147 -15.1860494378767 0.658695448916483 -23.4242325676129
-18.6095944512624 -15.5500865142071 0.347901757280448 -19.4761821961209
24.7537376623262 17.1228536241683 2.87669126132796 26.9545941408966
13.5307621504072 15.6634173633935 4.78363777647609 20.9784047783931
-20.9721726470135 -17.2082661689789 -2.71763195622116 -21.4978931484478
-21.1467165764283 -18.1901256944266 -6.83220470823116 -23.7675560408657
-17.255700786807 -12.653910181671 2.49441672846397 -23.2416086585872
21.5411285954322 13.3763014260869 -0.0314400810164424 20.3471537975251
-19.1847346299856 -10.1100197781984 -3.90984523276489 -19.1676772301748
-18.8442756925815 -13.2599586835599 -7.00023501597044 -26.4869385481216
-13.6127562847834 -14.3688603215369 1.30484739964723 -23.0597649218214
-17.1367914014272 -18.5660135577109 4.70840279593271 -27.6660960251397
-21.5787183669477 -14.4524665599542 -5.14380319623364 -25.0844866190313
18.2742590368747 13.5950681520328 0.17558197875837 24.0125017616367
20.6720266760234 18.0530510211309 5.5984950051861 23.8760184455432
-20.4870136580232 -14.3814545186766 -4.01832408187468 -21.9977269589182
-16.5010114465573 -16.0891792392341 -2.33595056495574 -25.6941737673329
16.8512868838528 16.2882655416836 5.70552226984139 23.0948956197131
18.3391658794134 15.9007802360414 -1.2966294053466 25.0650769848195
15.3069366538951 12.0435482319992 4.72781332991522 24.204685712121
20.4464067491438 13.0147828018364 -1.47995671969425 21.70709201138
-14.7571848680585 -17.8839062920582 -5.59869227338571 -25.0615960317625
19.6509022036125 13.109166515865 -0.384539954664314 21.6983501942378
17.8310924884902 17.3687079355101 9.65876645030614 23.1000986947714
16.8097722229309 11.2173076200268 3.74853130667312 25.6896802280171
-18.3218792568905 -17.0236245687668 -1.31066475001341 -24.4657539104852
17.0207134616765 14.7287867672429 4.11056378269728 26.9016937369985
-19.2023453399186 -10.3517755157594 -8.23467851131868 -25.5987602827994
-17.1969263957874 -16.3496694852375 -5.74406939859381 -29.1623359477832
16.5727239631317 14.3707686762632 3.85829780635205 21.4928542617866
21.1702323284267 16.3857534175746 5.04833285734299 26.8102335710496
17.9079862447367 15.9171762657186 6.69219553087078 25.3399016545119
18.6477547250062 15.4858757439704 3.5308753204827 21.5061482874776
-21.0631920382625 -14.5625503917626 -3.93173482653823 -24.5125555360275
-21.9843091496986 -13.8697766195959 -5.13043089448013 -25.1467316261628
-21.7285794613168 -17.7290139883316 -6.53597631763324 -26.0968334192013
-17.4371691959805 -21.309216909201 -6.98688692528247 -29.8344566631741
18.8463595809777 16.8875996714418 7.79147774251159 23.8061263181626
22.9195557843116 13.7673348379404 4.95827945067986 26.9470085288472
-16.3114147541485 -14.7856419992333 -4.96887882804595 -22.7539444017849
21.5972404467497 14.6767675006804 5.06997897807812 26.8319736846182
22.9163966764303 13.9563745809983 0.975592673971681 22.8190152714202
12.8237972466685 12.9576312997604 -2.58989918451789 23.393764527306
-18.191460050885 -16.588255231544 -2.29202035090576 -27.2674759426249
22.7709247196134 14.3755128099889 1.02005238188837 23.1142767876794
-19.9279345996514 -15.7873869472935 -4.29643083265612 -21.6011376401812
-15.9077542912205 -18.9348854826714 -2.15009171970619 -25.0008492701762
-19.7490806193811 -11.945404284422 -7.11265921454567 -25.7702898412904
13.0079210030463 12.5792577711232 0.847337686701203 20.2160311801381
15.7822075041887 12.5653177929396 2.35435689145241 22.5599291314307
21.2224833576044 14.7366721645748 2.98026089469912 27.0333892376107
-18.077221734361 -10.6745682848738 -6.20688528998725 -23.5313550960334
-16.7587477725081 -15.2813112361396 -4.81823958089381 -22.3576835362118
17.6614196191611 15.1061728661891 -1.05104319471496 21.9662336650206
14.9559240408681 13.0248794514611 2.16075583260386 22.3511384034102
-17.305158968669 -16.5423005958188 -4.68052887539787 -26.5583802475667
18.3831402425514 17.5872333829301 7.32469130476577 26.8688402294834
-19.898023036471 -17.8114241277647 -5.14144462213394 -24.7606600198895
-18.8789641012585 -11.1667549075051 -1.96245969031123 -23.0641940502184
-21.1680039695494 -18.9240822157482 -5.0294547021561 -24.8096738050994
-19.2102616138918 -15.0268920194848 -3.71520417558867 -25.5205910494097
23.5966035960433 14.2916355950676 5.79156445190032 25.0913436297754
21.3890157974506 19.2982198578384 4.42963705439692 26.280400775564
-22.6858147048 -10.8234904668851 -5.68241712192768 -17.607350899784
-20.1321054690562 -16.6886805081006 -4.38959656995647 -21.1940328185936
-16.9515984674937 -16.0366247846856 -0.494309544650009 -18.487393423427
16.7413073213921 15.5032337699758 2.85865284001445 22.9174622221495
-18.3637460836321 -15.0353980295163 -1.09962738512035 -24.7881777563852
15.6062454712377 15.3317824206488 3.92131882078327 23.5709525752852
23.1764084700954 15.7753124759642 3.67885508312525 22.6842412056174
21.1957735744847 11.025433062323 1.62577895462815 23.6228355265027
-17.2075690138107 -12.9188561704628 -2.89635229385781 -25.9892796797501
19.0591617349522 14.33119287772 -1.63387223479549 26.0393134737506
-16.8872251722763 -11.6299318641833 -0.602164457218399 -21.9538071171339
-16.8548620525745 -12.2524944297499 -9.0045253694447 -27.369332168469
-18.9431855928546 -19.5271843108886 -8.54826994117685 -21.6867858033188
17.7935238833519 16.0846898215056 3.84022245686666 24.2628410813904
-20.3415966114775 -15.6665627605254 -4.26260702743206 -22.4383132607263
-18.2522923433867 -16.2936260222746 -1.20560677159067 -23.9022723353411
-17.4066124120269 -14.1696544008444 0.360077473343106 -25.4643947968291
-22.1434376640043 -16.741015918505 0.221442550343757 -27.5340325126222
-18.9241074059458 -16.7795361336548 1.7948795747716 -22.3577793851521
-16.6292007091513 -16.8682922596441 -1.71706009283124 -29.5492568083114
-23.2277600150953 -15.1446904395916 -5.76699647681704 -24.4272489445307
15.0325848304753 13.3628435346555 2.4725427799359 22.4126063404945
-18.6108818332474 -11.8095848089382 -4.87170089387512 -23.3958256676712
24.4564824712991 16.2700685488276 2.53457716072192 25.7275753502846
-20.6751118145341 -19.9796626126019 -3.23076124656054 -23.9650949435145
-20.9090599884009 -13.3224552236149 -4.89460581740196 -22.7431986117352
-18.5500318203318 -12.2629157054771 -2.69454346962766 -21.5439826611195
15.8985578820877 12.6924501253808 -0.505664474070182 23.0352443036761
23.2334548307629 14.7286314469363 3.49110497763001 24.3194800426776
-17.2321738505887 -15.384066970765 3.7628827761624 -28.3905730700741
25.3843587880008 14.3780530631109 3.30261700430072 21.6016346716632
-19.1757920132014 -10.5683948659947 -5.10868147433528 -23.6189846946558
23.0521806621741 15.1661990511077 7.32271526118289 26.61747987302
17.4820475530411 16.1838167089627 -0.22891432196662 20.7832329704156
22.7941266475622 14.8343341166985 3.65091432489157 23.4960169270551
18.0136848113572 13.8566029282242 7.54985336261955 22.5995665652279
-19.3325222528293 -13.3191060788075 1.81223618232685 -20.8632147121586
18.7322097986322 13.7113090184679 5.16840579183616 24.6718613528192
18.1384185683482 13.3536924379337 5.89066677281896 28.0108128040673
-17.7469112250967 -14.616000794648 -2.26365161938809 -27.0101402937619
15.7288587205861 11.6359872887138 -0.500735021531847 23.1093991062347
24.2052798985823 13.0613601496554 2.90843443874381 24.9417666040047
-16.27262987196 -15.4488113586242 -6.75483315957278 -26.7128506808118
-19.7578712561627 -15.2669358274102 -6.5484263827576 -22.9100435414228
-18.9461575281164 -13.1259662054227 -6.76479346027867 -20.9723291415717
13.1488630194097 12.7323390586698 3.88499068147247 24.7574549620341
17.4873492241425 15.6114260747818 7.05128627419389 25.2670795343948
-21.4491964183265 -17.905177200453 -3.29918256113603 -19.5194806810991
-15.6818909433094 -13.4982677121826 -6.35292599057625 -24.5180938972263
-24.5200034507699 -17.3903220692831 -2.12945684752592 -26.6807774366027
-18.7608263675752 -17.4698315919371 -1.20355024523795 -24.5453620558109
-21.1576201602791 -16.1808251851588 -2.25109546482818 -25.4185896087266
19.5192899748759 12.179886988681 -0.489858921716035 24.4832914610367
23.7055110924939 15.3290077811943 0.177175574738906 24.6816639335859
-18.3118990880898 -13.4876294840645 -6.20895516221236 -29.3048411351047
14.0322361231207 13.374245288654 8.58289545302787 26.5309523117101
-19.4154596926376 -11.9552286304489 1.16454958085171 -25.0379971581794
-19.921913472253 -15.0737512559837 -3.10992230838956 -25.2737661050317
18.826858205655 13.280462526435 1.41794639176752 24.9756554740417
-19.0483038975293 -13.3380537200132 1.58106657953243 -29.2431324251132
17.4447020548227 15.8305906074007 2.64282920011226 23.135970057553
-16.1186358558675 -14.0589245428263 -6.03536382572465 -24.4417274549667
-13.9520401142738 -16.3403862002956 -3.89234445345015 -20.7433635627488
-20.8547481922605 -16.7287545259195 -3.62785402147181 -27.0959490590621
-19.0340983932593 -18.4757944661194 -6.57587459990697 -24.6956631271419
22.8309961631554 14.3117574200189 0.954453996676712 25.1997097107484
17.6420889188373 16.2149614428466 1.71072447120741 20.3446075974821
-15.2609835279715 -17.3721087230342 -5.64281513578956 -25.7591162809644
22.3123339163967 13.704824871194 3.7032110780444 27.7176387673495
-16.0751712741645 -17.1920031884891 0.0457471394302011 -32.0392056479225
18.6175451955497 13.1652493013976 1.71000447349952 22.6047275951928
12.6954643189171 12.6887617159649 5.50232508423626 24.1108110608405
-18.596603253121 -15.3210991308228 -1.42041937153566 -25.6574281683511
-19.9401691862469 -12.2453732740927 0.00223867977101788 -23.992252384644
19.7121249477199 13.0429551638153 0.559468905722036 17.4633187807278
-16.6392916686568 -15.2357673650381 -5.29044562533368 -19.979208164088
-19.2324205839726 -17.1914352169606 -6.21234245274053 -21.2575642092974
-18.3528302611832 -16.2031728460097 -0.851292008790315 -22.3724641895026
18.847136005821 14.4764778513199 6.65817372760295 22.2787459518008
23.479184971454 10.5590608058253 -0.19642400898408 23.4646833206206
20.4352301965045 14.0669087754848 4.5846854565812 21.6830501508281
-17.433629376751 -13.6196624532733 -4.31305603001149 -18.5208020999042
-19.716277084837 -18.7932320796413 -7.14897942728204 -19.9280334633733
10.7112634656921 15.2651963120578 -1.1268164948477 21.686756640195
-19.3443556513356 -13.9908798889165 1.27322100012176 -20.4741597987082
-17.6322435935128 -12.5745748280512 -4.47587373130507 -25.2675299071598
-22.3927197806722 -9.92267401042387 -4.99267582332393 -20.6628747809016
16.4035925607555 16.1175412059813 6.29651491749395 23.409089271317
15.5267780629948 16.1698896358755 7.84281774712875 23.6662596644428
18.4669190204056 14.303508121177 3.3901757564691 25.0166651570893
-19.3366422620229 -17.3201060055492 -2.01177046910899 -28.0152712436517
23.6629806343533 12.2720949983759 5.59775084073101 24.6559475425503
21.221470706071 15.4046802661486 2.18148216825651 22.8021632286655
21.0634760429003 15.029589916157 5.8361244448475 27.6276982589459
-20.5351807963998 -15.2775089896828 -3.28026367308379 -23.043820233007
17.2783962050999 14.3039518313537 7.38100571099632 25.5554017219495
-15.8198627312923 -16.6750930435501 -3.46676858687793 -25.9893049329792
19.3263852283938 14.7226157816725 4.1862456274852 26.3136751538794
18.9654149951486 16.5006269505826 3.96158546151316 25.4031287303972
-22.3448007463839 -16.1302021884 -5.26525767667882 -24.367669916645
-22.7508244956693 -11.1233317948679 -3.45163902751424 -19.0906715242394
-19.1407454255629 -13.9216873966272 -3.74247727760486 -21.192683249523
13.8662824051897 16.6664313100582 8.68193421579269 24.1034649043437
-18.8846913725581 -15.5197066599214 -7.75974040616672 -23.6217213236262
21.539427119594 17.7634910541655 8.20345251433183 23.7657985674285
-16.6138692587304 -18.3337032423424 -6.13195159239454 -28.5389223601257
14.2057599872253 12.4897646560115 0.913534322536321 23.6618525317132
19.5604359754296 17.3817805114356 4.98666200020432 25.6670196176706
-14.5106591796188 -15.9857513791859 -1.66720825352447 -24.4296405131466
-19.4811774059274 -16.07910332293 -4.26309429717857 -22.9709793460367
-18.559739019265 -16.4543453894122 -1.80394928278459 -23.4639410870512
-13.3851397922918 -18.9865410987208 -6.69110702117998 -22.4766852594568
15.8475831079737 14.1165883082013 6.65243759624862 25.6673377612581
-13.1785785701799 -16.5597134480134 0.383894265860775 -23.9228235530028
-15.517475241142 -16.1827654485553 -3.11077488565604 -23.7879582231431
13.5545479044968 11.2370891311239 3.26586936656774 24.5549030959167
15.9194122894942 13.2086375167177 3.29262702233004 23.5260285632633
-19.4925826788977 -17.8280492839829 1.29856519304025 -20.0999806320782
-18.9108831547229 -12.7423806336477 -4.13321737443878 -25.5012587552346
-18.0457144571969 -13.2482251125495 -0.840134189576608 -23.5376626556558
-17.3204057776532 -17.7888926783935 0.265996133947707 -25.8788048156829
24.1087430508522 12.5566541503896 6.32148271024207 24.4994104296362
-19.6693111958359 -15.7522038585716 -2.56455871667494 -24.9473046347978
18.0045473368654 16.9717771218873 6.23856557963238 25.5355043615292
-15.5628990216962 -14.2428213777205 -5.8052875584214 -28.5568278295608
20.2337664940522 13.5427260023876 2.70093004211076 21.4947546012685
14.1583016849876 15.6514420378879 5.27747338672224 21.1033268544018
17.5089908971055 13.2051124373345 -0.0409709703721268 21.0484465322435
14.3754413575247 14.9442157146828 7.41423738642143 23.7393652436468
19.1906287443134 15.7337928967464 1.29927555174502 26.2784364508888
20.8135815159478 17.4171124899301 2.44860537430523 26.196605323529
-19.7072349719089 -17.7589237088366 -4.57567737435802 -26.397675351389
-20.0594707820345 -17.8886812379396 1.36743865407699 -21.9299785782527
-19.9718599440719 -14.488444533908 -1.78606517783808 -25.2363148937792
-18.8995839871062 -7.66623410120707 -7.60722193938156 -26.5357117100193
-21.0288339555154 -17.6703528258829 -4.85687301571029 -24.6033978063965
-19.484912348939 -15.785653553707 -0.708155041301406 -23.2560513267183
22.4078438318537 12.7628408174811 -2.23490271202462 25.3536710594953
-17.7311856220713 -13.7645045020122 -3.89781533030904 -24.1237986502223
-16.5205477065369 -14.2761773228046 -4.59605056351692 -22.1167326130554
-13.6496563616624 -10.4012768357679 0.408921904471238 -25.8086641926921
21.0278707528131 12.8605336122071 2.19176388465432 25.23377621894
-21.7845450237201 -13.4588862978586 1.45386624206836 -24.2262189665261
17.3154978190116 15.9367036349044 5.11879466493496 26.4939051294094
-22.723353895163 -19.0700153242767 -2.07779861227241 -24.6776435101185
13.3278092857012 13.7289094887208 4.23429368464499 22.2845263320307
17.6338753078498 15.8923179285132 2.346830658616 23.2918989463604
-17.9458249229698 -15.143090279151 -1.83588824427229 -22.0331527373781
23.1742003434334 17.1311451782136 9.87472599789029 27.7725919100556
-13.8290718049328 -13.0490233667756 -5.57742813787458 -30.2103219211665
-19.3312419870571 -16.1974224374581 -0.588172462597078 -23.0902170481019
19.4844669297642 16.4330880191285 4.89491283060252 23.7199680381574
-15.0466369314815 -17.6778092169649 -5.22178213313381 -19.4539813212942
-22.6096371791606 -20.0858355454191 1.46944260464976 -21.0850604819064
-17.7963255382271 -12.1296514932819 -6.26471966530572 -26.3532121472164
-17.346839897908 -14.409494624858 -0.364729155583043 -24.8784088366349
-20.1269468527944 -8.11953604490801 -1.89035393348967 -21.1278730455767
-16.0151172436327 -16.8975992891338 -1.89778531298534 -27.2578227332622
22.6575985282826 13.9496682931469 2.59092749437122 22.1176815599292
-20.0743277972815 -20.046981825528 -1.2651992068758 -18.5456661960765
-15.4418023815188 -18.1886640851633 -3.87702825566349 -23.3339056213763
17.1182710033462 14.6110177209138 7.72225598564041 25.1275123211922
14.7304365282332 14.6807137495771 2.61675262575881 23.5265282277091
-15.2784554540603 -13.7001248042944 -0.899314278190644 -26.9092944383374
-22.4508535528733 -14.2773486056613 -5.06907414947614 -25.3623243725397
22.619585323158 13.973661971243 3.43672432995272 25.259114342036
13.9312256778191 13.1795684593057 -1.09963238979429 21.0344431960507
16.838286584307 18.3015741919746 0.0199572120021547 20.3512195084456
20.6123511195967 14.2152916699891 2.32882491575384 24.3280881278724
-15.1787369267681 -13.5848277553192 -3.97347572885575 -16.6707313025499
25.4328129287499 12.7276001121201 4.5347434551568 27.4705177089818
15.595061013011 12.6288418918973 3.74133451893351 23.2484373799309
-17.2341400313043 -12.0162585570295 -3.78101587538918 -26.890111053537
-18.5982065550772 -20.4506121684776 -2.68539361949506 -19.5518827787436
16.3104940277312 15.290002316407 6.10827407048106 22.4560512951699
20.6716736725066 14.7345154277885 8.00351605366131 27.0507836709005
-16.2668198167165 -12.3060716736646 -2.15843754494033 -26.1161996197432
-20.9481792108484 -12.3469874416548 -0.646801707068062 -26.4418527797333
-26.4476709317238 -11.0019387835581 -3.73522553728919 -22.5574550133745
-18.3781272747447 -16.4883721944729 -9.64185240592456 -27.7370495125288
-15.2869373324288 -10.5057215014285 -6.64072844016252 -20.7910188878509
-17.8168636347105 -16.2455009362679 -9.86273870174004 -26.2703352174375
-16.4667380511205 -17.540153471535 -4.63770226598509 -24.1094755161875
-20.6466573397048 -13.5378863964083 -7.02748055676818 -24.068200647358
-18.9217900106844 -13.0998699524063 -5.73316297526174 -24.6181944311459
-13.0724985605325 -17.3269127711812 -0.847089579042255 -25.8165042672513
16.0629233702784 14.1926720643886 3.4176288522658 22.5567871388064
-16.2819101227264 -17.4042931765855 -2.25509468958254 -24.4805627985483
-19.3936667683425 -12.1958154340554 0.747105130073102 -20.8713151066398
-18.0331092369007 -11.1633581364196 -2.42734464494086 -23.0604149029633
18.8991018876695 12.4379038319781 5.60671460468483 27.236038543994
-19.7577196001782 -12.1582046359707 -2.69541542079651 -22.5858228100142
-20.0951600243757 -14.0524382530375 0.683505835488002 -20.6518103226952
-15.8422735251323 -14.9448733100458 -7.2890166066345 -20.7452165212081
16.2419749938937 15.3258532340149 5.06543624529904 27.3305991374075
-18.5646682388658 -13.8676779411555 -6.25997169579221 -25.1924099436621
20.9393746643349 15.9223806211008 4.32431277349847 22.9742531247127
23.3277673868041 12.9442326563095 0.981432938366346 19.9832518853822
19.0355218009024 14.5075266769661 4.92182268263156 23.7155000229819
19.9871483921834 15.8835808639444 3.80856647823266 22.0586414982347
-11.6894529628907 -18.2971239135124 2.75250726268062 -24.7200126356609
21.4273057781461 14.7913612332758 4.30534213244649 25.8889218468236
23.0511433972649 12.3646569089594 2.18588553753519 24.4007015180215
20.4268211987776 13.4642461865556 1.146459943167 26.7857088144853
20.4250150750968 12.6978731771589 0.379121086146376 26.6854236939375
-17.9295109264501 -14.4342697927032 -1.7375834319018 -25.0218072643933
21.9655544646735 14.0526883335131 1.69012528424628 22.8021871162788
16.2265503470028 14.7699841716216 2.49578296845388 19.5683253353545
18.4373513460717 16.0334224310216 0.553222409380109 22.6661984014933
-18.6869563523833 -13.2038986911012 1.59918857213481 -18.1629916659691
-18.8171861085072 -15.4471451269269 -0.719209853572771 -25.3254462357979
11.6926173887131 11.9664876477094 5.21598590764672 25.6795671501189
13.9535474692961 16.3392786615346 1.5239718111981 24.9892531064314
16.7428563136462 13.9955164140543 6.55559491436364 21.6358876601203
18.4335551120725 13.1668613914176 3.90478616513689 23.009137816263
-15.7899858297324 -11.672097079866 -3.61943005755297 -23.7303630477961
-20.2763202638992 -16.8856141246974 -6.43622873967876 -22.1685018844191
16.21296745828 16.374060485917 4.10314809834187 21.1278828259902
21.912459662803 14.180445129565 7.19395405061796 27.4831402090139
-19.0187783191291 -13.8219579720712 -1.36529566912377 -21.2600497001284
-15.4811992562808 -19.7010520950373 -0.670718470313457 -24.05642678702
-17.7928559261869 -15.8204990356528 -0.372093087780511 -22.1787286963853
-18.2156690263203 -14.2137747080721 -2.19268691424478 -24.4060438908804
19.5991826460653 14.2668861964525 3.53842152515985 24.5813133830076
17.6044483457656 14.1121696522903 -0.924844426174361 23.1486155568991
-16.0068026527377 -15.8327445624787 -7.40109564159133 -28.1712305649714
-14.4724317902101 -11.645445561187 -5.52830473077377 -26.1038269803838
-20.1609819013187 -13.0697267079956 -7.83582818448735 -25.5146689592059
19.7734398455181 18.4184850074923 7.07811311482894 22.7822942535326
-19.523418286824 -8.67066480514753 -3.62746718296283 -22.5611854032932
-19.2116551858563 -12.0628616042088 -1.13526101601033 -25.3324041298388
17.7247795637308 13.8247939107344 3.54183902071666 25.4063367072449
-24.033193733972 -13.2219221067714 -3.85998380071864 -22.8361801919575
20.203452237622 14.6740785139995 -0.384836977240153 28.5739231514059
-21.9643551107839 -12.174319294284 -2.27092448371669 -27.2526355947282
-17.1837193088849 -22.3948917197086 -7.35352498681832 -22.3809285946438
-19.7145424052594 -12.8151980475887 -5.32077924500807 -27.0958734367495
-19.2257922921038 -18.1347476567278 0.1934450125036 -21.5234312028413
-18.2383673718963 -13.1197418710923 -0.283125720355712 -22.9994036085881
17.3429640769565 14.5376774341501 4.1656791031712 18.7879747124886
-18.3314534313721 -16.2247454823982 0.192973901306227 -18.2562891742973
-19.690474926996 -13.1103607596601 -4.63460826861835 -27.111204846632
-21.7075049629581 -11.2693178420056 -2.64504344394552 -25.5011079778994
-15.255069353479 -16.7004720444441 -6.20106213450653 -28.3160228140756
-22.5128766116641 -16.9455992525526 -3.69201264230291 -26.33415848838
-15.6073268597973 -16.8145141649196 -9.08661839140373 -22.3746107297112
-14.9905365570773 -14.4243153851073 0.182215995381393 -19.9468153557537
-17.401228896507 -14.4573941190031 -1.12035150348665 -23.407034597347
21.8630830731022 13.1874856961037 2.0871881525318 25.9663996680189
11.6036923113878 15.4656231909144 2.60339586492215 25.6522624689056
-20.278239037734 -18.1874626906228 -5.95986365272788 -27.960182605697
-16.5884273759364 -13.3577232507971 -5.4321957074114 -26.7093763319077
19.6900932197454 14.8055599303593 5.43042993209021 23.4464639664348
-19.8721971067319 -14.8010619797291 -8.38851624525042 -24.2299783535426
-17.0867946586942 -14.5539847255422 -4.801300029591 -20.3069758593476
19.1328817327679 17.9960719782066 1.78534125440158 22.2210494775186
-14.4330458374994 -20.9565571966029 2.33889023030281 -23.4071324231346
-17.0362485833035 -11.9531066313325 -4.04990526661539 -21.2637676708949
-15.5239152859626 -15.3812326867362 -6.45985932927191 -24.5163038877978
-16.8912327528571 -15.4710340743251 -6.32057260450691 -25.5705022131938
-20.4107703080124 -16.5903024731962 -6.56068549123197 -27.0294994024786
-19.1238608702801 -13.7134966791123 -4.44322484883418 -25.9491307535495
20.7744231825407 14.1130703363006 -0.442563339763075 24.9379426537574
-14.4438384464412 -13.3136877569897 -7.97090310469814 -24.0421039946926
22.8293431000859 12.4801555745705 -2.0963022879296 24.4210585148395
-18.7508060098659 -14.5472900136079 -2.8530026138834 -22.5895653606143
-20.7402326322306 -14.6981197242757 1.25184578849769 -29.1837798281195
19.7313686978193 15.4651104326446 2.30236628182576 22.3955896857457
17.6237981871677 16.912364142451 -0.0787519355950477 18.7243892288283
-21.9208357042095 -14.3845295332593 -3.02716795172217 -23.1764855240059
17.7027134682148 13.5028973274128 5.02299965344911 25.7073293031327
-19.7328878993666 -12.938771599883 0.276771324593723 -20.7833783041957
-14.5081717931028 -16.8087213467157 -2.12013777771315 -23.3918941103142
-19.0034416362586 -15.1950344706168 -1.50831027433048 -22.243368195608
-18.6841644533247 -21.7402451672736 -2.21189490292004 -18.9193858969581
13.0988098353942 15.9345656164118 2.7369812493713 23.2036797474528
-19.0938992918048 -17.5740148811508 -4.97368047230425 -23.6555000170075
19.763167830616 10.9228484099737 0.727187416338304 25.5313669173245
-20.4070836936872 -13.2765183934819 1.9448837721216 -21.7449931754369
15.1611328716054 11.9022629999187 -0.27972373206698 20.6677265516181
-21.4795169180347 -11.7440828302572 -3.40884685324331 -29.1365919140994
14.4627277306489 14.4320861612098 2.55680144218297 23.3869143357948
-21.2107704587963 -14.075924500288 -7.27910882840375 -25.0456094124653
-14.3794627656093 -14.9302494766818 0.443766083763612 -20.4844568460079
17.3907587303278 11.0398795598887 -3.93203076446983 20.9193084914164
14.3154434426692 14.4036019246127 4.21194633940822 20.3233669962817
-15.9341891123629 -17.0303337521719 -6.64717149552472 -18.9844486941393
14.0869223134259 16.8598240630435 1.10691723238639 21.4815173699836
-17.1678192053045 -17.8426345317372 -6.64786936762853 -28.2812368177997
-19.4679894415606 -14.6178879477654 -7.33085333275975 -22.7646219102658
19.2155294575876 13.6065180845003 5.42817704116378 27.5058873655838
-17.4476795110231 -14.6224575602197 -7.16921360122587 -26.6447736384944
-14.5727434106032 -16.5907507155076 -3.99639918521944 -21.8163047535437
25.9760222300757 13.7486817790184 3.40788343686746 26.277271192981
-19.6279780585429 -19.6974337441529 -3.75496371270571 -21.8884256598508
-20.5029317345682 -14.3193930226527 0.0571064967486619 -23.1639845519458
18.0139130967695 14.6571714007275 3.58548259340409 24.0186460086349
15.421117362318 16.4080172745881 1.74632320461173 22.2554491454477
-17.810317504164 -16.1601366899737 -3.17371972437003 -22.2086791596797
21.9916496353855 12.9284009538421 2.2257293246585 23.02624912856
-13.8036917366178 -12.558927148369 1.65355220285759 -23.455965323767
23.9819395178249 18.827622363702 5.79796132266017 23.3081683638193
-12.9577458207813 -12.7643997510879 -6.25173374747903 -24.5527043432379
-16.7199130525951 -11.4740277910714 -6.21489091491355 -26.0907265465801
-19.0406804953085 -17.2992983416967 4.03203775322609 -23.6319588535587
16.1075312262384 12.617561397718 2.31353417281608 24.7582951314775
-18.0160777595116 -14.5603390688641 -4.75056362812171 -25.6614172934614
-22.5509883175055 -14.0144033912352 -5.0349959464089 -24.4396543249743
-17.1744058112347 -15.2239183407911 -0.165524973291353 -24.4637231376299
14.0014281103225 15.5472136317091 5.65494715727403 22.1700421155607
-19.3662824885316 -15.6622915428149 1.82900703944081 -22.0296603730124
-16.0999234033101 -19.6021439036376 -3.94585316483602 -26.8272491021021
19.6619303495043 14.3455229548184 4.55309418126518 27.1114352020832
-15.4133879997723 -12.7807687257523 -2.9005020658165 -24.7225881953159
18.3392497704508 17.0568177458005 5.09652416450413 26.5726689147012
13.2939814582705 11.4206619519394 0.22858491044304 23.1524852131662
16.591463913661 12.9039366316066 -2.43895855586908 20.1083514294598
-15.7208003414728 -13.6435855257789 -1.15532156847632 -21.142772012348
-16.4471059403058 -19.2279043976057 -3.05524601782216 -27.5368366611176
-18.263466749759 -12.7195915780055 -5.68124820990527 -23.3333268315911
-18.1228875097672 -14.9417756934546 -1.25462491935465 -24.1387030252773
-21.3919222200398 -17.0093775328743 -5.53879263777568 -21.3915902905184
-19.0396814942134 -12.1897210635047 -3.30667266825988 -28.4959427733492
21.7671152642235 14.5328904348505 1.5872029489351 23.1636718117823
17.1477884879493 13.4228349690935 0.888576451824019 26.7822840918943
13.9366335190407 12.7725693680323 4.5659714742914 23.4053664797373
-25.1435127446573 -12.9064890620234 -9.06665172901542 -19.5715032505982
16.9678293730657 12.0045040611211 2.50318722644088 23.4788319629715
-18.5505735989443 -7.88471235992343 -4.58031087160871 -21.6705381916488
17.6916661195735 16.2301930070357 5.46315663299331 22.5575862174301
-20.1065297677965 -12.6006100488142 -5.89003134724696 -27.2948695989146
16.8722125417805 16.4938532062326 3.82212101365788 25.3983353974174
-16.7000874939543 -14.1618869684785 -1.41220509641521 -24.4153132773358
-11.648380730347 -20.0401697974949 -2.16481335563262 -24.6377730530331
16.4503417950803 14.2097634793172 0.682503349408905 21.743238585939
-18.9221196736527 -11.7764004491555 -2.01900862543036 -25.9250741614076
23.3980125892201 16.3659845497821 1.74123555974761 23.353227201204
25.3261377467518 17.1744741988297 8.81353430207718 26.6339614984245
-13.7731792853845 -14.2699288427266 -2.05149774643185 -26.5385038475877
-20.1504849575256 -14.881559746351 -5.49307644053201 -20.6001499568801
18.9088330649812 11.7364883494768 6.60387862217888 22.3512958451583
-23.8124742388801 -11.5657511049516 -1.00319680039727 -23.2342986251211
-18.4869445400674 -10.8419254125664 -3.38248321618878 -25.4730924387478
-21.6114969777108 -8.75780717817208 -1.35633073547073 -19.9060497336525
-14.805923668949 -20.9355786125933 1.53114965278349 -24.1388273577696
-13.0986773634214 -20.3396405347242 -3.64662020454935 -22.3044392934
-21.1022488105264 -11.6601245005311 1.13391040740225 -23.9161984622443
-18.4483468952467 -15.3283882690269 -6.75126832742857 -23.017024757202
-18.0497803440064 -11.012132393642 -6.80943695273173 -24.745107513926
21.5071924305852 16.3891567850011 6.69202304607117 23.568137432337
19.2178833805622 16.0343098669329 1.33484879012324 25.6988649547735
-22.2612769245019 -15.3350044689232 -3.81403370045169 -25.1070469328359
-20.5580144766267 -15.8300496406366 -3.76838694126764 -22.1976533282282
-14.4261194110334 -15.9957023914741 -3.99397230028269 -20.3570812161684
16.6825376532677 15.8237215847523 -0.597033784707413 22.6468977765983
-22.5771718912312 -13.5111606545157 -3.71241993048669 -18.458924416401
21.0521834409772 15.8549025608246 1.98236196051658 23.3970097659205
-19.5631295437425 -14.8422786005977 4.06113687549509 -25.4675548339737
19.7989981083652 13.1906528268775 7.46565951471192 31.8339766808541
-18.762126210096 -12.6368410777126 -6.01321757664414 -24.7854319959989
16.9195540868933 13.5049431527016 3.60907871683375 23.4940474550007
-18.5258723198255 -12.3478614577018 -5.0567385688267 -21.9721985413209
-21.4184766718 -17.2204895369882 0.0977115267263939 -22.3005116974965
-17.6320025889684 -13.5627371102659 -2.19286759493864 -20.9033246013101
-18.2618363846501 -13.3229782855996 0.90359311450141 -23.5106062818142
-18.7602609628626 -11.4894981399696 0.419932969321653 -26.9556369126029
-15.2264805071653 -19.4821702147491 -0.341929003948445 -28.2051179576575
22.223209393905 15.9020929272492 3.48309707119612 25.3617067932581
-18.7149553952959 -12.1015915277058 -5.52347916591691 -28.0073573399206
17.4162297678931 14.8992315280915 1.11884913965859 24.7108854951658
-19.0666655799103 -11.5314020250531 -2.39621401080507 -24.0835162367565
-16.1178992080617 -19.9073133301933 0.533586454684551 -24.6799233648185
-17.3186947138447 -14.2683109820949 0.659495888741028 -24.1727430514584
18.7533952835388 12.8513681837623 1.74635679260509 23.9518107165623
-18.2745300543795 -15.2202917708999 -2.54993831687049 -23.0933351432768
-17.3287582608307 -15.5355065625067 -3.38281014641739 -29.7891544280146
-19.9039157344036 -13.7443194259975 -5.73141892568585 -25.8601379778024
14.8863635286803 13.3159846670177 -1.04110128865602 24.6206326552357
-16.348679967154 -14.9077113472432 -3.03984470320506 -23.5718686282662
-18.0295737569424 -15.23657953708 -3.52924021464522 -21.6146692268496
-19.3837802642804 -14.3705540930579 -2.27318231279009 -28.7026023667931
-16.3233512690526 -16.0986630351163 -1.62657617500146 -23.7977615346475
-21.5812069542382 -11.2350388855496 2.0800050470474 -24.8561884704315
-17.3132225054387 -19.8251501369894 -3.1088857226081 -20.665931908326
19.6989756300589 13.0797512085065 3.04345942437322 23.126567510309
23.4691578800591 16.3621375080079 2.03992665485738 20.60808883933
-19.9635125350932 -17.634562423633 -3.7854243273838 -25.7337809755873
-26.0004987811786 -11.8273422404118 -3.9328950842744 -24.5996491663789
-22.5344475041537 -7.90312193674045 -1.51732653955209 -24.6543248467203
-16.91892840612 -19.1043715189424 -6.92128455710223 -21.2373470532442
13.7730670982889 13.1613976292616 2.21598136014742 20.919936642952
17.9630730348413 13.8733117164121 2.62925030069238 23.6716179257678
16.0991630465995 13.3396056957323 4.30434716399252 22.8474502104904
18.141149550487 12.5678881785764 6.68282296372142 22.9928783836911
-21.1703133641912 -11.0952114604247 -7.4938450720075 -20.4161680858044
-16.5043333372108 -11.6060748507357 -2.35812505266657 -23.0135316565279
-18.9918541029155 -18.0950136656401 -5.95847157988254 -24.6616554834994
-24.1044102520035 -13.5870545750577 -2.88362732558207 -20.6165185199072
20.5079234897132 12.5128159050083 4.95150421881157 29.3143008139422
-18.730056621762 -12.9059971677232 -2.1659991179066 -25.4910246490028
-21.2090733527755 -18.1155689627919 -2.37317166087356 -22.0930614224222
16.1833717402339 12.667742024966 0.642200567722792 21.9446307465536
-20.3315289433047 -16.0608615237194 -5.87173579770598 -19.803087427324
-12.6128236910366 -11.6761916541423 -5.59508993490741 -27.2015173368856
-16.8348829587266 -14.1127401100286 -7.58305039845978 -24.3866666607857
-16.7130637438395 -15.8123851696644 -0.758216601507843 -21.1831190693032
16.7650451898779 12.7319084566854 -0.835707908378053 19.3537608537818
14.4255030818261 11.3826238442345 1.72883799237349 23.6139848666157
-19.7678682012343 -11.4817891353477 -11.229378479141 -22.9815068186932
20.7013108022344 13.5966100802003 -1.73258040718805 25.1195205609427
-24.1948158325595 -15.8340053340025 -5.1285686750764 -22.1733157381561
-17.0253293510615 -12.6221319849143 -1.23895980570051 -25.6717034740698
16.5938614396088 16.4144063200351 3.76727030020718 24.8234281755974
-21.4914266960936 -15.2966125821063 -14.2089349355993 -23.6824806895365
15.5090940550364 15.3607293711852 6.66933149804159 23.3902183024213
-14.465206941894 -12.2394403045564 -0.812191307847494 -24.346300696951
19.4943662461935 11.9801672337184 1.44324379020785 23.4545090578849
-22.1675402695552 -19.4906103488121 -4.09116354510876 -26.8041474149288
20.9769538764827 11.1359499201155 3.35348578711591 25.2910903365671
16.6356209503176 11.7113649624344 0.896818068949929 26.4190893569087
-18.2417317119678 -11.0402203413916 1.48290424637253 -21.8603270314323
17.985722811436 16.3101350086606 0.905353200537789 21.2813063494623
-15.2029856216974 -13.0648649785944 1.09513098025826 -26.2811114304811
-21.6214000473533 -8.16910604997893 -2.66058077167964 -21.1241704003968
17.1509002023012 13.8411075983259 0.664732327801364 22.7595715736106
18.6277573423936 13.4093392887944 1.47643569036782 24.772747367528
19.1636445980694 14.5070029354084 3.51664932962135 25.9640407257662
-18.8592392685374 -15.8686873210553 -3.08228899015445 -23.907883825429
-16.6141975074794 -14.9555836179999 -3.11164235524033 -24.5248486796367
20.0313519261171 12.2699304459823 5.76603417653913 24.385829822579
20.878677902131 13.6343828958223 3.71779347433336 26.561854796228
19.6457756157563 15.360794954191 1.20564514265268 23.1323684596592
16.2536781910341 14.7913860295015 2.39762403230015 23.4944217024211
11.7175228825289 14.1416968327143 3.56293847392717 23.6116227012908
-19.1419374253744 -15.6241535826563 -3.32397961731983 -25.4746513965468
16.9453606367258 16.8995966702888 3.28345164840698 21.1260081079459
14.1820481572647 13.2942505767509 3.37415167011424 23.1525463063408
-17.1675172452186 -9.5056193481108 -7.1507122653798 -25.1941153376509
-21.4623673021327 -13.3484782441556 -2.99700633630955 -27.4483736007288
19.2242125546812 16.6626597422181 2.96263448721127 24.8213081851125
-16.2335841058857 -13.8633897211654 -6.66733668371486 -26.1932938117472
-15.9837265412725 -13.7829383939747 -0.635425744913954 -26.5374360154177
13.9353162533925 11.4284672713099 -0.848583009282621 22.5920219563031
19.6324597732899 14.7075857496041 0.174778284523644 22.2299959374086
-15.7849127044399 -14.6162096471383 -4.86716930359434 -28.4635124654031
-20.6337814026513 -14.3912120381705 -7.05432951520787 -31.0040694514012
-21.9783502073175 -16.3595615481264 -4.20327482696547 -23.2469723042888
-21.8827631697249 -12.9694147761101 -2.19200644134196 -29.9352011524854
13.8150105341542 15.5844770606974 5.81274875479487 19.5095985936112
18.414918255549 16.6064329249383 2.8179154672042 27.6833179945947
24.0941799485509 12.856920408753 0.918797663908027 24.2625699550692
-19.3087440663745 -14.7905750735358 -0.92218604943776 -27.4966916452922
20.8565979291943 17.576299838042 4.48517798970718 25.2731402589916
20.1972357054229 12.3362003263472 3.78344854369236 26.4171186008811
18.1791636356241 12.7445107092186 8.09279535878576 28.7849965417707
-16.8673590421241 -14.8299239775266 -0.602541679729258 -24.0279137825752
15.6948069582486 16.1710765233244 4.22096587052005 22.6431985318356
-21.2158722367963 -13.0021915781078 -7.85497767180949 -27.9429332606191
15.7690407056247 13.1205966330906 0.837801886193798 20.6313109639902
-18.0669159635124 -11.1192696203966 -9.08273066673033 -24.7309212117617
-18.378148171236 -9.97440954886698 -8.88142464382218 -22.3192874239602
-18.7651758472613 -14.6437289761174 -2.50079345412511 -21.2796878566828
-13.5698556254648 -13.6956099934621 -6.59806481525032 -24.9221825126497
-19.9713039569765 -19.3858596403977 -9.69009921519796 -23.2493381892981
-19.9531344495251 -15.2165997696211 -0.426986336230408 -24.8823150456158
-23.2265680175848 -10.2592822029105 -4.74849061834645 -23.5933496101395
-20.3554607177776 -12.9774942772816 -2.31593388012993 -20.9320066622278
21.6217919958647 13.794454782529 1.32070958516952 25.7074261493712
-19.6556527939407 -13.4408479217102 0.958661080622515 -25.4181503633249
-18.5790570087156 -14.7202567616841 -10.5811601321441 -23.9169679457293
-18.8501566102622 -11.6512066504621 -5.12320680117353 -23.2405333346268
22.7171472118263 16.1067233677296 4.55351932013081 27.0741740424298
-15.6701233430178 -20.648065228869 -2.63436980339517 -23.0960196445367
-14.2295636289923 -18.7192456613624 -1.25657915347197 -25.065859693803
-18.9662172411193 -17.2756151968021 -8.41476526860293 -26.1196805495193
-22.6290388986516 -16.255365249706 -2.68120389281307 -27.065145846927
-18.9066544193048 -12.3422930513028 -1.20299856267856 -23.3927939248748
13.3110767176455 12.6344990756287 5.5555406741931 25.852604585825
-15.5432915467199 -19.2137249711371 -1.00382874799536 -22.1769719496013
-20.7576653538239 -19.0296957618793 -4.34873977211697 -23.2954773161145
-16.9265452827019 -12.1513389864674 -5.75110174342189 -21.5342117554555
18.2365416985352 14.2088889337927 5.70166717097951 23.7637587198197
14.7954186433984 16.2076668740968 5.22018101997363 25.2219917892478
16.5340902399667 17.2615685516993 5.81811449780992 26.9894459324041
17.5175255212769 13.0742331333568 1.84974637108045 25.635252471061
-18.9821700983241 -11.125460891229 -7.91252556209233 -26.0249700891535
-21.456131141927 -14.1046953392403 -1.65111834607534 -24.4448333488947
-21.2015105632493 -16.3061625156975 -2.99778112721408 -27.53073783694
-20.8401264709323 -14.2874227827223 -6.95668740656533 -21.4655787676787
23.4604212318044 12.6618253212967 2.90732898875057 24.4259456798404
-16.7534692925494 -14.5948557128791 -4.70792680456205 -22.4236786286743
-19.8694782087417 -16.1315333630629 -4.12132123072894 -24.2006607281197
-19.4693902281335 -9.85122672130111 -8.79369084125748 -26.3350288808049
-15.4573847766786 -15.9317865012458 -7.28869742088394 -24.9469683589344
-20.5667227892355 -12.413247085124 -0.315480497176652 -23.7199817357736
16.2961152610291 14.098834060906 -0.453028990726378 23.0250410265057
-22.0187641848039 -11.9583561068003 -1.1729117497794 -23.6114878039109
22.2251273044939 17.5539128522816 3.2112265184596 22.0671721524079
-19.536160106339 -14.4573052391215 2.3529648606013 -20.3097268363888
-18.3947692396378 -17.0026274107722 -2.65377811388644 -23.3202362761732
20.019445061557 12.9186923067988 2.80323908149392 23.4665504443214
18.4788734104852 17.74933544469 2.44083676087635 23.7817242680077
-12.7072751412954 -17.5294800906396 -1.34057911643143 -23.0488344447664
-20.911466158126 -17.5676288732224 -7.05815885614349 -22.9590766199953
-21.0277685626519 -12.1310217749117 -0.733983988248962 -23.0805228981876
-17.3317575653914 -20.2588977805334 0.896849592531694 -25.7542203978871
16.2835679192183 15.7900371136325 6.04237678617943 22.1662917820766
-22.430016326914 -17.420051388181 0.244091830175317 -25.1598820071816
18.0171452617409 13.9036332037026 1.33792457644573 26.4164194353356
18.4224807709121 17.5214390575488 3.69735773951795 22.5000703271837
-18.9842072430134 -18.3075596731688 -0.275430363755169 -24.7853865627536
-20.4097248699891 -10.3129569549396 -9.41946292301696 -22.0876918296484
-18.4930539953495 -17.7891216072076 -4.18003969848136 -22.5834276749286
18.5017562369045 14.7620184244656 2.73613637899614 23.3707380277177
-17.8247963373362 -19.611816024934 0.33149886311665 -23.360893482577
-16.040351985982 -14.7793461511302 -3.7037663583623 -25.6313692518759
-16.9744974469297 -13.7617783260103 -3.00808001009801 -25.2737553460738
-12.6919047686467 -18.2835158012309 -2.68857713569372 -20.8097396590298
-14.1555367653396 -16.530106401228 -2.0326928796862 -23.6244836674542
-21.3262710786377 -15.63808723404 -3.26088786434184 -25.8884714157065
-19.2543380525712 -18.7518280189081 1.16937156195873 -24.3638046037855
-15.0253071840235 -16.4955262611211 -4.68772506986623 -19.4457221804265
-14.3327521796987 -17.9161385563684 -0.823370814884516 -23.28402872521
12.9436296955266 14.2122268270467 6.59517185328762 23.197126129354
-19.4504282669588 -11.460326901411 -1.36770495092423 -26.264471782049
-16.0859707747093 -17.6744246814829 -4.47743044947112 -23.3764976881017
19.8984383605496 16.0740792713783 2.56262753272657 22.1865231134968
-16.5781751417643 -17.5855266603011 -4.15307864653681 -18.7402935528104
-15.7418842384228 -19.2992232002215 -3.75510775754199 -24.9798697337873
21.4132816138485 14.3267916269242 3.99000096978214 26.4334528859571
-18.1481434919642 -14.1223125225977 -2.79429791942974 -25.1684851295095
25.0073018805662 15.4539859594326 0.390725472141346 24.6589897556554
19.4506466714449 15.2312853172379 -3.67636769349966 24.1933171194653
8.77825095447895 12.5034907196361 5.61802643829547 23.2465758724359
-17.4056718605603 -13.8630026249453 -2.00353592582927 -22.1834802339583
16.6709860820743 16.2189389722181 4.11176092280285 27.7643402725495
-22.5759218348434 -18.7573569969833 -3.75481731326555 -22.3492073378934
-16.5094069281663 -15.3109533621353 -1.52500752592943 -21.2807326605797
-15.0658910923519 -14.5468566309552 1.04615908729843 -24.6496867559015
-12.9015250499053 -15.6136079001152 0.404854710685032 -27.5042572541108
23.3132872852651 13.5121378111544 3.78826262884086 25.0272760993303
-16.8072462419052 -15.7380400520601 -3.36011133328668 -20.7025528218964
-17.8989022401474 -15.7360682544982 -3.45790399839656 -17.8795934096498
-21.1637677025635 -14.0217128030978 2.52991244382636 -19.1672978086344
-21.1192858391803 -12.2017067498807 -5.4418487545693 -23.0652078842624
14.0196325862377 14.6173083209189 0.104066196774705 20.3352205828134
15.5847279241798 13.6930363294502 4.80617967356026 22.231348781636
-16.3222012003492 -18.6714958533184 -3.00127691199534 -26.3535603172337
-20.953303846014 -16.19959702471 -0.396546899120817 -21.4109226756908
19.0795304568323 15.2891296753746 4.25487983240984 21.0667523674689
-17.5506054241618 -11.5017330112148 -2.15309259445095 -26.026208844084
-17.771754835091 -13.065247531816 -8.97793592021653 -24.9411116007781
-15.6405870005218 -12.2209492878815 -3.38302364178113 -28.7937528217797
-15.4973910099629 -18.9355375654729 -1.55668725192707 -22.4002096645184
-19.2968207244848 -6.88213063847273 -7.64617728217163 -22.4202334514683
18.895167714243 13.2602419498572 0.814949839583078 22.3258235806114
20.9094750910808 10.9176265546332 1.58785291625628 26.2283793783649
-20.9078307190049 -11.908104969569 -4.89516516577614 -26.1275932802078
18.6137534600898 16.8534727766263 2.02305002749953 23.0741907377251
-19.5362973435618 -20.8705235948912 -2.24391625181165 -25.7276932683838
-16.4319675333318 -10.5627921941386 -5.74206546792794 -25.3847348832101
-22.1717416891014 -13.1237808221846 -2.55023850474196 -23.2322091941271
23.4512136369779 16.6290992423828 0.924806361389062 25.2484401721838
-18.4773494117845 -15.4679114853559 -7.36224566013118 -25.1670671936495
-21.5181366137503 -12.1681083180498 -3.13985088228412 -18.3781928744578
19.9499317880867 15.8739887212652 1.57438700115126 25.2461319073809
18.7543727593544 16.1053559216409 6.97245267504215 24.6704439768317
-18.6686537488193 -14.6320368362721 -1.08972203026512 -25.1325046782726
-12.5590397615251 -18.157048340712 -2.78650628128416 -21.7055972043219
18.3107562251106 9.7789298746961 -0.817753362000526 25.2700109699288
-15.9216873123465 -8.98653256169759 1.20813599421663 -22.3916940443402
19.5510313883151 13.3229484299259 1.37725690646767 25.7487775573995
-17.6235400286873 -13.0039894862677 -2.57494022200405 -21.4564909586958
-19.0301029503373 -14.708270452995 -8.78719022798017 -24.1271224595463
-12.7792435548092 -14.5062401180332 -3.44475355872869 -25.0515217910393
18.7386057939257 14.4150527356534 0.520529560771961 20.602700413573
-15.442599987982 -15.211634306531 -0.278930407270742 -21.0647143983746
-17.5085564432424 -18.2782036632277 -7.491324285695 -25.4629142618679
-18.3653528437973 -14.6271993628197 -1.1538888328302 -27.0102057078746
-19.9606897734128 -13.222456143258 -1.71131879723542 -23.3498600704413
12.9543182089253 14.4826442966329 5.06132486025919 29.1139274035102
-14.6724291779038 -14.2570769975159 0.587533225235679 -23.9299795467563
15.6195791566216 16.4862533607449 4.38359541502455 25.5753110193943
20.1796270556985 16.1006035587403 5.1443774871741 23.0428008473026
-21.3549676929196 -12.8211434771131 -0.711085527143662 -21.391194031935
-21.1972736438253 -9.92000057920708 -5.01821956506267 -23.7152449691075
-18.5551320902361 -17.0986388485295 -2.84224119770822 -24.8311164885383
15.8928555956254 14.8517548752676 2.85148069936649 24.1710867726198
18.4847143622195 16.0637962240731 4.05897712191817 26.5964989893099
19.4966229359521 12.6098978838562 5.74136448370073 25.6071232647085
16.2827410871415 17.2821730099541 4.90298120481175 22.4778014495738
-15.8105362868052 -11.4542983902139 -6.50112823248847 -27.0661428184472
21.123786305943 13.8871277823031 3.87715473456645 26.7693598585185
-18.166987244108 -14.3963358619485 1.91300655819665 -24.7004881300913
-15.283025802664 -12.4056808090694 -3.79300729327328 -26.0893420251952
17.8871332683695 11.4503650767972 0.539609737879488 28.8160624229531
-17.2702117479833 -12.5971123333671 -2.78122157788245 -24.1312848295073
-21.6396774728103 -15.8458907118208 -2.30488445554195 -25.1669803261568
21.2616340582179 16.9373860436006 2.37942795316834 23.2296251107956
18.1825265918398 15.202805592887 3.60761647442612 23.981607318119
-16.8914529629547 -13.7323430266307 -4.88907785663333 -27.2399884551611
-18.7617012428409 -17.522913500281 -7.36246962705308 -25.9821090547658
17.7031629777206 13.3500884309073 4.19906411846136 20.0256254694737
-15.2073822744547 -18.7066986079762 -0.669766946721853 -25.2721927347856
15.2634329093613 11.3073588214194 -0.49272276698721 20.3579181107424
-19.1275308496881 -15.8981627603287 -10.5272986067592 -23.4147295885558
17.3599648363694 12.0273325965371 5.22323651111366 25.2449741878619
17.3255243607202 14.0881156171049 7.36608087886018 23.5714576220845
20.8685791905512 16.0360910258923 4.5630826799167 22.8459951258308
18.2016757924017 15.9967293802371 3.63770854410358 22.1093500606974
19.9392877231034 13.9968322181704 -0.539274406905992 23.4397365478882
20.6862449680483 17.5690957864393 4.9899063330223 24.1936420759318
-23.4341702298661 -13.8549792650183 -7.49120961267486 -24.6260928198096
-20.9460654591791 -15.8595013179605 1.48758315208342 -21.5057805432388
23.2624204771172 17.7752134928473 7.69804186706238 26.0546373299383
16.814403877613 19.803294498054 10.6975774108314 23.5848497521077
20.4290161051312 14.2869898460017 1.71565508307054 24.8853397054516
17.7516542259228 11.0014984586473 -2.4642946099469 26.1908079212964
-20.3301523025617 -14.7373075678634 2.70044953841967 -23.9838771109188
-16.6421390059962 -11.7300759812277 -6.61710590482769 -22.8944940399674
17.5892081216347 18.1545472344642 -1.981087760541 20.8714419569823
-19.9186255323633 -8.20893703090235 -3.46797142213746 -25.714484768081
19.5935728950077 15.5091833777011 5.2112614509935 22.6371762479481
-17.8172691196618 -13.7112544296164 -0.492555624022175 -26.3009891794139
-17.9813825035228 -12.3396639921428 -7.59816147931174 -23.7845537064544
16.8300115721503 16.2744782531012 5.80676206361549 23.4641907182854
-21.4786039080983 -13.4830457611916 -3.89715516955649 -22.960311115834
-16.2397733453335 -14.9023003441429 0.496029167930413 -24.7057728262724
-21.0792552984949 -9.93590446059216 -3.15724510314253 -24.7424006231954
-17.1402579567789 -14.722727067265 -4.07192950765549 -22.4757417365823
-22.3547002863179 -13.382343495048 -8.74471229299233 -23.3672655817219
18.3395082832404 16.1630770141876 0.336153290230614 20.7355337541618
-19.6641427170107 -14.665392933822 -10.3514547855813 -27.8173247926325
21.9069530860302 15.8395379353332 6.6037808560903 24.0939368275295
-21.0470830321356 -11.5073242675304 -1.20867039496653 -25.2532833446571
-19.7719290390404 -15.9526985620341 -4.62877276418471 -24.1339034672062
16.6737343832811 15.7603328321015 2.79299803138476 25.0684890229365
-20.0418204372347 -20.1325482700969 -4.73286793999298 -23.592547188768
17.088924136974 14.0435954538847 0.212508784479573 21.6131000400926
-19.2489348136715 -11.2759493976146 -2.49351315008713 -25.4965947249131
-15.4222498667075 -15.1014572237413 -5.96738589512442 -24.7610693845392
-18.5063273358131 -18.6170678263267 -5.92744287234776 -23.0492185022234
22.4717687683686 13.3572604573407 5.6482632427586 26.3860987133076
18.3474517766643 10.9161646019968 4.64159799492915 27.1150996428827
13.9799445453289 16.5216450283212 7.2970551624582 25.4944860960631
-17.91678343376 -14.7561978316932 -2.74495941971059 -25.2791849921483
-20.7850948746971 -10.8700865867656 -3.92767512053726 -23.9798762505915
-15.6409930034479 -15.8821272821614 -3.95269312780377 -28.5989774041084
19.1030755506229 14.5423112793694 0.94190373582174 24.0378700536806
17.3104948845063 15.4771090360672 -0.30100480041366 22.0520879316846
-17.4958115480083 -14.8977281355858 -3.80848871984771 -25.9695197129151
-23.0564727444355 -16.1856543176673 -8.83943341667175 -21.7924616204824
-15.5497660879894 -13.2071570569527 -10.7291215731307 -24.3554307988532
-18.7084050362706 -16.1963803936182 -4.25850006411456 -24.3152802068364
19.4703752430511 14.1988761214656 1.81929398923698 26.4506851606174
14.5641993411333 13.4536164405684 2.27768334915786 23.4178981434968
-16.1988652547143 -17.2724860891327 -3.66008709113723 -20.4182422870352
-20.8849008439982 -13.5739189328353 0.332861769785384 -24.1270370995661
-20.0769494802152 -12.3448212646784 -3.78741250019349 -26.2969717810477
-19.2684448425383 -13.9596086822371 -4.09904926342846 -27.0348095461988
23.4641116812061 15.0491324869749 4.77615793240911 24.5692045450957
-16.3871312522429 -15.0655381519431 -0.812857695088007 -25.6920759638901
-16.4358234808545 -16.0825837516146 -5.62325278265478 -27.2965544492246
14.4705313342013 10.9608449676547 0.797707700420202 22.8521977283671
-17.0536827741578 -16.3361147121417 -5.51864910841826 -24.5716009316565
-13.111031921099 -14.6109749350968 -3.97466016117717 -22.4751706402365
19.7716001858634 14.4821137985948 7.80500338760705 22.1094435118803
-20.0109545009707 -15.7714384500649 -3.83557324619189 -27.352497393268
24.6353515718574 13.2575024183521 1.42983577677753 25.4909942855376
-15.785809085736 -14.2042176656173 -5.10780521579434 -25.3214410697599
-16.465384900312 -18.8262853701028 -4.48920259668264 -23.4793382780445
18.4100081966956 17.5086289292244 8.23773833509552 23.5172128615079
-14.1946763160904 -16.1933455226154 -6.67612742753865 -23.8348053270652
-16.67484663032 -13.5076273453273 -5.7451615186874 -23.2483422915587
15.4468844502136 12.6051528708798 0.67464349125974 23.8668180300987
20.9607351957824 13.4332318860141 4.63657152082696 22.8418615802776
-14.3710949592483 -14.5416934050833 -1.13174173921098 -22.9384611718073
17.7875046841859 14.6169210454349 3.98565291437766 21.9243928860025
-16.2325412114272 -15.2229156539042 -3.35699341924852 -26.7229728298066
24.6369970188615 12.2395754302429 3.4972577974289 27.296415176026
-15.323759313063 -17.4669645258298 -3.33150521636621 -28.1600549920818
14.78133560613 17.1428691834481 3.40883014659734 20.0195279732657
16.3312027253921 12.9790720192026 3.15328369259627 21.8599267824493
17.3636261952256 13.7865921292042 -0.203958309493237 27.2125297547959
-16.7468328752003 -21.1795494628666 0.427067982887085 -21.8028121261773
-21.0923876656527 -13.594915656535 -3.93133920958297 -25.1503965693807
16.9496390480582 14.5287904494133 -2.08400151177838 23.3138812377354
-20.4847736629443 -10.9757707344136 -1.25183423534547 -28.3279625701492
-19.3218936472887 -18.4295533708159 -1.70415217514082 -25.8762460269394
-19.2908582355003 -16.7277435251069 -4.97354958505117 -24.8638440025395
-13.8872969007203 -17.4998443396455 -2.29838024908587 -22.4860244268939
22.4109971154526 15.4307958264142 5.15777906255474 19.572892872683
-20.3218396420913 -12.6143945265787 -5.49947432047705 -22.9320834375449
-22.6284780417633 -11.0854674874359 -2.82685174807842 -21.9354630811644
17.5726925732426 11.4294999708399 4.22732489144265 26.1153860224872
-21.8958294088312 -14.7777473469741 -5.15585636131781 -22.8883950732872
15.6892542826475 14.6016436715673 2.04903073732465 22.2012840032098
-20.031801884606 -14.6528566333941 -3.96426018729938 -18.9985839902015
-12.9773795571359 -20.7637954763081 -4.39028821451118 -22.9886154728757
17.067143481695 12.7331786255933 -0.344521356404789 26.4939022858185
-15.7216218569792 -15.6328266280761 1.36134831721236 -28.714087094306
19.006398384239 14.117341574258 7.76982239860921 23.5202286664245
-22.9414541486574 -13.8862531646307 -6.03051850290309 -26.905559451362
-15.8753470497503 -18.0654763312753 0.192900933202867 -25.9215465569777
21.8716708596392 13.4800845718761 -0.0345442325637251 25.3163191834319
-18.2665663218649 -10.6865669697728 -0.890730080567117 -27.4277865933123
-21.6319192888843 -15.5858258247652 -7.71068912633143 -18.4190777060619
-15.75389106686 -14.3042162817227 -4.75437738901645 -26.7557892101941
18.5851404222898 13.7175423987298 5.69311990473454 24.7517143984161
-18.1599446353737 -9.11099187118318 5.08810258448631 -25.190518981342
-18.3340616348921 -17.1705182055204 -2.15975192637806 -23.6355951003068
15.3063106676538 17.6034185669387 8.01108978425712 24.3172823314186
17.2214434496905 17.4435981490374 3.91858617626854 24.9990873204682
24.2721739207931 17.6028196374188 7.36948490011154 22.7036767423972
19.4171180082846 15.1259187685304 5.24755162619559 25.1431435106295
-18.3143653530982 -11.9368999765326 -3.10428593352722 -29.6435869818934
15.6469202160461 16.1643873980111 4.88786871157306 23.1599576017981
-15.1276836762254 -15.0152676585 -2.21223723265534 -23.4841557770637
16.2081822958623 15.6425144917512 1.64033709174114 22.2628241317312
18.381156462915 15.0840394736075 6.68064121851095 23.8287304351657
19.5183401589239 13.1603477285026 1.45987740036519 26.4451881137973
-18.5338795909075 -16.4446065501612 -8.19610049676771 -22.1366582626172
-22.6815510519975 -11.8404483242849 0.766378927492226 -22.918070799097
19.3635625392053 11.9953565609129 5.63890862614136 25.2327772610878
-20.8071765119253 -11.4657021509764 -2.45294750075664 -21.6437259300947
22.5531741848224 13.5229706386105 1.06798231568124 25.8767254304057
-15.2949215621996 -18.2908331790032 1.53787853988986 -25.4991116957376
-18.3909980837882 -11.9720424157913 -3.83742432050477 -23.6339616560764
19.0724990601488 13.9084667549142 8.44468315580755 27.2925359499199
-17.4711595295521 -10.0910460236805 -8.40561744963075 -24.8001364340944
-16.2028486989045 -12.7575419375593 -7.57059402577939 -24.2902353871803
-20.7407798412271 -14.9570962321773 -2.76896819273666 -20.7229228415638
16.4453940166514 14.5835223531257 2.03545521092682 17.6091861640762
17.8879304539423 14.1235258483483 2.29463872171316 26.025520605657
17.8762858365227 15.0225241433575 4.41437035279942 26.3753122275327
-17.6812069212124 -11.1604036253923 -5.73419192170266 -22.2921192736625
-21.8886458438016 -11.1201752973001 -5.6783169876653 -20.6645054907532
17.4995216766334 14.2405873613946 3.42124548145938 24.4865519348509
-16.316954115844 -12.3644012321215 -8.63481539504003 -18.3569141627023
-23.0900034572448 -11.1649922820115 0.832249459409615 -24.1405799107833
-16.4069412890736 -17.8560907892251 -2.54742676013791 -26.3615229766916
19.4347650531628 16.0120489981938 5.11056566037904 21.878682106866
22.8260366673705 15.6647114773319 3.0580035331551 25.3989013725112
-17.7575809728849 -16.6563587381009 -3.3286294676261 -25.5782300250263
17.0886067978039 14.6639938692532 5.59614607806593 25.8393295174052
19.3787224226644 13.4191472634817 3.1330063266813 23.2422350955749
19.9326587223038 12.9494275367822 2.55589027727062 22.8261878536042
15.4707226165156 15.374975041394 4.59844005974856 22.0206933731907
-14.7097691962346 -11.1542612857001 -0.128953048345538 -26.0272475016427
-16.653281697457 -18.0685750601483 -2.95559044496889 -25.3039570317979
-13.7556837225668 -17.0798610594848 1.87359517458985 -24.4017002745011
17.6337174845376 16.3122072721817 -1.28451052040776 25.2331148899224
14.9009759623258 16.6292654120057 5.54175387019953 19.9647627741263
-17.3853151068684 -13.3317852040448 -3.73189098153258 -26.0276811233757
15.1821339722763 14.2831458873666 5.86668061329103 23.6170893386285
-16.7337694107247 -13.6090953571278 -5.08508766691456 -23.749610716497
-19.3310472663173 -12.076538121551 -5.11389089775026 -24.4113384724185
-17.0339019783765 -14.8378893529154 -9.11179443203096 -20.5701206796086
19.5049881271888 11.7834261160614 2.5339491403135 25.5055735176523
15.4422133922525 14.0778237035557 7.3967066888757 26.1093841747919
-23.4409364304494 -15.2797751539922 0.41582472383269 -18.2976587728636
-17.7374355314806 -9.4898077714156 -4.48242229083964 -24.8420442771095
23.4178116435101 13.4223082736036 2.13293682314408 23.4145381079639
13.7927271418333 15.1000432724055 2.62215803424404 21.8795213923613
16.7003048795691 11.3007776007228 6.40863849608153 27.4879958186748
-17.2577371451411 -12.3312861052243 -1.61653114940822 -27.3775110190624
-22.1905553649969 -13.2314384219174 1.11932089638479 -26.0422917616306
-17.5895935548129 -14.2803680863425 2.63469326884536 -23.2475047385501
22.3252172135422 15.6429474585493 1.59076410137873 23.1578818942129
18.8456464205482 15.8049357694504 1.38163404773406 22.3631438377586
16.9409266100075 16.0039051454083 5.05597636551552 24.3329271715139
16.4770499769606 13.6770683323483 1.54374621614575 20.7233390577573
-19.988220488358 -13.0808454207581 -2.83443752651274 -23.8525117317765
-21.9254475829738 -16.3279880253362 -6.24591819204621 -22.8220337851838
-15.9507446620011 -14.2328424702235 0.92746689037094 -20.7383270103292
-19.4838808136521 -16.9382506853158 -1.73938189179887 -24.3607699099456
-15.8447717348987 -14.7219707949548 -3.984121781286 -29.9057018524965
-16.4945469878718 -15.7410046698219 -4.47163098006531 -24.5717804338395
-15.334283241387 -18.2362259676708 -4.62819584572217 -23.7635725481802
-13.8782880338575 -13.8542465641253 -5.10966149568009 -24.8948846713106
-19.3245157029488 -14.1231551529263 -1.47791782164766 -22.9426638625182
16.9533924660146 10.4190616529605 2.09122501828891 26.7807357279315
-16.8044884514074 -17.7697179373033 1.64424177663165 -20.3306946822028
-18.3079408187189 -16.9746310012935 -5.30615188338054 -21.1395965409056
-17.1864680600631 -11.9708883557573 -4.5590803741173 -24.023771591826
-17.0019114585563 -13.4564687698172 -2.36128244918967 -26.0602542392963
16.0307286871479 18.7296507263496 4.77451698602508 24.1334862948967
-18.5004465111271 -16.9596104755159 0.0423472753730505 -24.2814850325154
-16.1119665172708 -16.1430763341256 -6.17466389219898 -23.3729040485907
20.1620211587104 12.082637431324 4.61492756540923 28.5786270747551
-11.1765058825881 -13.3220966575192 -5.3533011231544 -24.9284521343355
22.3715066192305 16.3139513193397 -0.063529937689462 23.0662808526247
-19.6487423154 -17.269059043824 -4.76379619674021 -22.966098287211
-17.0729552081018 -13.7537696649235 0.190154178868455 -23.7975364480646
20.5231240207359 15.1433453659052 1.0545072225844 28.7076528307082
16.2573994945211 14.3501515243856 5.10348896051087 27.2234751289762
20.4305844150689 13.8022707751284 5.77713848672868 28.3064828356029
18.168188092646 11.3614374149947 1.00628087934894 25.566352692253
-19.1237820673579 -13.6075725028084 -2.49174172000447 -23.3422791960732
-21.8962719160625 -15.6662484587443 -1.49107750152012 -22.8030906972781
20.7325690417876 16.3505897730697 5.84978714294045 27.9154709245627
15.4565085202853 16.8064895475286 5.47093941076418 26.7835403779299
22.0703243324055 15.5694982031254 4.12574814139705 23.2328643750942
20.7919779233604 17.767129769734 4.62205790280961 28.3865690560038
-16.8909692698998 -14.2074689509618 -2.41200946006858 -17.0395374367492
17.1170206737808 16.8854173968605 3.77149115812979 25.0574280043108
22.3970705246308 17.3861849866059 6.81749756460479 21.1176441327138
-21.3366276248462 -14.6341463828683 -10.3608011003518 -24.040305478459
-23.9548731733357 -12.4757503468417 -6.00453448593116 -27.5463478512896
-16.9626215387692 -15.5824113514242 -1.84209398464142 -23.7763618724016
-21.7347627556272 -16.9605855539199 0.328604250140768 -22.083142824676
-18.4892077372908 -14.2587345800771 0.706102975048126 -22.5110782944438
20.4226312972002 18.3161929954364 6.21056390118668 23.7885611906342
21.2053062686034 18.3608171032444 5.1895708760593 24.7831330796386
-14.2816792494093 -17.2931721848911 -0.87422188103257 -21.9631956615601
20.3441549865715 14.8166506619382 0.72900412638267 25.6411093334427
-17.0396621301345 -12.1657607158052 -6.88725927297936 -26.2980068796004
-22.591720465303 -14.5742473244015 -4.363542282754 -28.9043226192018
18.5129674668275 13.8311862605173 6.03894163199109 26.9101146069626
-19.7974146581431 -12.6590879344075 -3.0414894796368 -24.0854585756019
15.8002180820482 15.5950100671938 4.10679227266743 24.0575399547372
13.9139541306452 16.6728150856172 4.72336344233925 23.7227639095298
15.666030094112 14.3375562033589 3.04137070405067 24.4823255882416
-24.466380827656 -14.3685242332164 -4.42045263125066 -21.943529603002
21.2993488820004 13.8082287282231 3.92110828635572 27.396439374317
-17.0787824658998 -16.129200801513 -1.83665080596123 -26.1710060008578
19.3829181136711 13.9685754445133 -0.960766698858177 24.1911394629764
-25.8969252769391 -14.9663159078768 -4.12498362823542 -19.9708055135886
17.5514683396779 16.0909438599934 6.61924657546894 21.9737718595959
13.5494523078887 16.604231841466 5.93546969248371 27.9245592962054
-14.6119894104986 -17.1966410740478 1.44344279664228 -26.9137915450279
-20.9757218376465 -10.1985146380917 -1.71568417990805 -26.2616882146057
-17.4124716840074 -12.0443140097298 1.2657221249168 -23.5469780095064
-14.8996419286292 -11.4243628281175 -3.10165999089059 -27.5839091221616
19.8552347799918 11.2286172226628 4.5182785799151 21.9535548967234
-17.1354667399058 -14.3186796218318 -4.46224546815525 -20.6842758022386
20.8646756801006 16.5265947898154 6.05612986221398 22.8636303506027
-18.000412414006 -13.726065643205 -2.46280984248249 -27.7921205850574
16.2156371002084 13.5116102956016 4.92214351079381 25.8545655162278
-17.2394618582541 -16.0803842367904 -4.11682058914514 -21.8420110643736
23.6624093572728 12.3520202070212 2.90229085035011 28.5266720806132
14.6536465760344 17.9114780598044 2.91972010368224 22.7271429821916
18.7222196502222 14.1786395425213 1.35522884322433 21.5150074888827
21.5682051418971 17.8272630220455 4.62762496128618 25.3674073775298
17.1675181715566 13.9294647269994 0.522679448264653 22.5330988147821
-18.7767191714946 -13.4123381793883 -2.48925086404743 -26.5335392653487
-24.1173503203757 -17.291370062941 -5.07947953227024 -23.3246698242881
17.1394507961236 13.9658765419702 4.78724216939734 24.366642543554
-17.4984210212189 -16.8233927741782 -3.73956548275352 -25.3992804456269
16.8549148325132 17.3906256173744 4.43768697858099 23.42052905894
-20.5792621784957 -16.7556332158534 3.07976070634494 -25.5011635426138
-17.8501883906707 -18.2774365390797 -3.94373449101537 -23.4670839014368
-23.0378474475204 -14.6727076654281 -1.51268976791148 -22.3727997337646
-17.9760393474578 -15.4221590733857 -2.81414167073132 -25.0467122495833
13.3688925027161 14.2029510955533 6.10360189353922 21.964437695768
22.6739523000283 13.597557144313 -0.289661152496403 24.1227513078788
-19.5867024105319 -19.0579521017778 -6.17353700968506 -25.0909432150937
19.2799314353468 16.6814668666781 2.75259273113546 21.1681942723664
23.2904032840434 17.4882663333825 7.07564648431528 22.9914553043266
14.968874217408 14.8697655142857 10.9168762445745 28.8307110275158
-19.1913658791943 -14.9915721130297 -3.785997376829 -21.7740078852916
-16.5679526430565 -15.476606938121 -0.422354171382911 -21.3894566732062
20.6520607184479 18.5666666511356 8.12744632399605 24.1937507976962
-17.8577251668604 -15.7568983793178 -2.20917765927226 -23.9357453900866
-20.154843715379 -15.7341738372372 -2.27845860341991 -19.3069059441479
21.5270319416186 14.1017110563486 -1.42776783359376 21.4724757014087
22.3686831195974 14.173039403339 4.59437307947232 28.0631277076193
13.3953493066938 14.4970345550258 7.7357824994377 27.9743743131596
16.0316110961465 13.5406875591507 1.41364632032878 21.7811912222177
-16.5612900367368 -15.3113310143256 -4.36302011145084 -24.7255219368619
20.1528991859835 13.8797959491367 0.241058515722626 20.6344652767432
17.4626092774107 13.9193044256286 8.1261011861986 28.0268487419786
17.0082535045754 13.7112451133209 3.00826598116497 23.785186352997
-19.1640186444536 -16.9027042404825 2.68378003352228 -22.4349832438597
-16.5535527940188 -10.3455383154789 2.14557064848046 -23.6955181315913
-21.8193808085187 -19.1720345055398 -8.74616845108362 -23.1483607737401
-19.0106818204952 -10.4721151768601 2.04446337289138 -26.4380625279947
16.3736485995945 12.8559037369514 3.94740463390929 21.6120841794835
23.6762622087765 15.9487885874378 5.39616556420623 21.6414980226937
18.9281851161715 14.1088054988304 1.12391902588054 23.8017304553965
16.6976273294433 12.2445043114608 4.97354228656326 21.2055781436942
-20.2872204998891 -18.1964253653598 -6.95327356970103 -24.6925179245708
-13.5470650440109 -13.9006993322152 -6.34638707796287 -23.9328375438408
19.5785349492773 12.7841293223447 -1.46792278722594 22.9448298435786
-13.582655688947 -17.1596681024467 -5.53166970910773 -25.8160599428283
-19.1779964262134 -12.6735291814321 -4.1513127906701 -25.5005983268303
23.9262841099269 15.2109623821517 4.95972689587806 25.0594338108738
-13.6871972126546 -14.3137073068823 0.969184067412463 -26.1749739081496
13.1936633600024 10.8367142353426 -5.63654859848102 20.7624387655381
-22.5820146948352 -15.4813900886171 -5.03061682758182 -27.5028032999944
-23.6330698185388 -11.9920153739576 -4.20819007455326 -24.1204298316373
-18.213599144854 -22.3740730184838 -6.32942040208469 -23.959181689614
-17.0502329934758 -15.2590933151981 -1.38609176677002 -27.4701783676351
18.8667545604061 12.1097821618019 0.398928786485251 22.5388263711209
-22.8996772240676 -11.7516289689869 -2.02116228145066 -26.2535099974905
18.9201003527699 11.9855145713672 -0.919950855532255 26.2349971355178
17.6172057644986 12.9949619705719 1.03664298505673 22.0036256656621
-16.2726662420347 -15.8355326258436 -2.05400841682034 -23.1250603035776
-16.1428738756761 -15.5625398480727 -9.02345585940289 -23.4930638896583
