x1 x2 x3 x4
0.186304632478445 5.65807877716361 5.39482779193742 2.33170009268809
-6.95409210978968 25.2541899319437 12.2418984818768 31.340503350113
-1.32991331349392 24.190218748058 14.5800986557971 27.3258678716598
-8.37753053007163 34.2548453883015 18.1355940932971 44.5720683907357
-5.95381592879423 -14.8705926352943 10.4711229163118 11.2632979166801
-2.87159057584141 10.9278485235449 -0.971043246571131 18.4544049461585
-1.92506359355728 -12.3763585924851 6.78088499966258 11.2396599145388
-0.896347222329993 25.2279630498162 -1.56912047035294 34.0081206934859
-9.20606587692996 -1.00839713903104 -6.86852140430661 3.35975859695286
-12.9894585332706 15.690985225414 11.0823273757418 18.7091357434791
1.3749592335827 5.99907407433825 2.75530371246803 4.32476711465825
-3.66063414353631 23.3680178022518 19.6984496435129 49.6714662638532
-0.859450753675329 0.0526919436878993 11.2512712420324 22.0085211601533
-2.68679045819902 -7.15056001957745 -3.04084509402956 -6.49217875006526
-5.68817320610206 -11.3251687069653 3.77046802349623 -10.995333346448
-5.91952548502629 22.356953851742 14.2382865879567 29.4477177989567
6.41767974832691 23.3873219755227 19.8241240746258 32.8143813928579
18.1829037038575 41.340772822746 24.0580746727816 42.3613215522762
1.32884890661291 13.5230853385592 22.4868600121687 33.8886491629266
5.6629882170164 17.7844460940801 7.72101842291692 19.848223693074
5.80721416805411 21.0643966858077 12.9880593637947 14.312074864523
0.421636753809435 11.5637503265985 14.571402335655 33.880004100874
-3.69161267652356 -10.0208719395014 -0.968927206436199 10.479779815887
-2.0728173341527 9.32240058641535 -8.80347741012004 25.7859424678538
-10.8196817367921 13.3060507622476 8.45225299400352 17.7409888544155
-4.07966607138757 -7.00157655188626 -7.89836105444094 -3.79859182374433
-4.67421140071193 -4.56924879864826 -9.88088194687063 9.2470300253689
-2.55023315753865 19.7513878816472 24.9686957048657 46.5792276974351
-4.08681288900452 -8.09497306571098 -6.15761676498743 -9.45755696451077
-17.4151045455957 0.668033511425441 0.99854206182936 2.53849062432475
-2.32192636632162 -9.30298070001819 6.19359524190726 9.3873066973991
-4.63797028055431 36.4880686361099 18.2582086060483 44.4330037922213
-11.6582380910532 23.3043347966945 10.8058227398129 31.3965942927871
8.4453862428023 39.8799214778305 28.8535582336339 43.76756047107
-1.76913637397065 16.4950900739905 31.5197750378573 37.1047455913101
3.43020623719512 11.5712216099117 10.2357143552999 18.7786284464315
-10.6754746944658 15.6352397752145 7.87783639911452 17.9232847810494
5.04993652256121 17.5495481520836 11.6231382610684 13.8053093299965
-0.233589735192589 0.435277332689723 -6.32004812160487 -7.11293334427
-4.25659029775476 -7.36272171945228 6.26209051389653 8.29237387311239
7.61409611853192 41.1888631337317 16.4445825403346 47.0054183619482
3.73491117165178 22.4588346085556 2.98715920395266 32.582099095588
-2.50526776557825 13.0949937823335 -0.203045809724035 25.4063711206985
7.41619129745127 28.4838495346187 24.7036966658909 52.1219110685607
-16.2053765991783 -2.23263957067511 -1.79735439117689 -1.61377807497856
-4.76887818756344 32.697379374508 16.4724174092892 40.8794461498917
2.78688511438824 -11.3555211857909 -0.0462646455668754 -4.34245401751184
-7.45353536129765 -10.0593168069632 0.14262867415486 12.3728005734716
-6.7311159607436 -13.8686847937236 0.108111709386157 7.32762983155621
-2.82301410142385 -5.09271744952108 9.09689964632982 21.6862398153559
-6.89839135670032 10.0458812518423 -6.05279383904877 19.1620701501268
11.8968403533964 44.9781636059282 25.3643833445752 43.5445005590627
4.91226136678582 2.69661028643295 2.69109565631787 7.97265199563991
-7.87859129260515 -9.16961355881301 5.37682242903166 10.1855252840442
-0.750432202504517 -11.0701747334233 -1.0869292872984 13.2375395469687
3.54650973082225 11.8941237813906 19.8926891787309 39.7575676819212
-2.81300349678278 -9.98615358229756 2.46318930004156 7.73836246010966
-0.592467372919641 20.8313714524869 0.908678754044801 34.2496804862648
8.00823388705736 23.6472569726685 24.7941920447669 45.1553855749434
-3.23442679274483 -1.17914884536535 -2.20947561529467 -4.53496038582466
4.16836248198676 14.0349180555184 21.7757705366849 35.9475139224554
-15.920646325091 6.20934969371507 3.44956290087397 1.82082974783306
7.54329965073373 23.7874289253374 21.3440771634398 50.1377348778655
-2.89609080054006 -9.94198320864475 -0.604499651378225 7.92518360110591
-12.893784631556 1.99542252764487 -6.57714497185391 8.61307526325989
-1.88795028856183 1.68547684324131 9.95852294414196 24.4352406813199
5.28455339920678 13.6240501862471 17.3722937471872 33.5424874823385
-1.5951569184741 0.413287773780527 -3.69866983354247 -7.41046097060168
10.6768569155762 41.7209835030963 20.6709564955424 48.2750237946714
9.34839890828633 36.669815182523 18.7858372155142 40.997399364516
3.01185262960937 26.032837361834 -1.07158112888211 32.1138015001209
-1.25227547374707 -0.128607597514401 9.34926831486795 23.987188918877
2.67221849718398 23.3082605559059 -2.68671432256461 39.610521923749
-5.19181587941904 25.8305308740407 14.2122290504766 27.4908235752426
-4.87495632024207 39.6467974422978 20.5932849121702 39.219675818824
-6.07796025147246 -12.8829637715926 -0.574108249181514 15.2529798624507
-4.91535771319148 -1.42477692442323 -4.2488432302431 -0.674621424524263
8.7768790233174 22.7556185250169 20.5764509419708 50.1106027279657
-8.53361595190447 35.4557913872046 22.3133515473463 48.7277736158198
-6.29227790815017 -9.24009402595793 5.11205892658399 15.9213975419305
4.6827014978095 27.8104471356853 14.8366079149611 32.1817571238435
-1.29011980433448 40.0148589413433 29.4923521877961 38.0304834676182
-4.17446942766349 5.64909475774234 8.33311871929653 25.0505620441489
7.03785130836799 28.8514920770416 16.8959506001364 30.3628812798447
-0.750103889433387 -2.8208019672245 9.01275111316889 24.4407864551387
-11.4629210240704 28.542638631574 12.3603276663202 28.0982004230637
-14.0849114978994 10.1266137069018 4.89133345952416 11.8883476196153
0.712695941025635 22.8930903473114 1.72531859311498 34.9790448012356
7.16338067652164 10.9946068712134 19.0402547482734 39.711716493641
-3.38718062723889 -11.5179107113451 0.232681086612089 6.29559510378749
-16.8134067722261 10.6883020226541 4.75604264088073 13.7617242595418
3.51993343366253 3.1187204179139 1.23769638521626 4.88342983939618
6.68832527233282 22.0566010350296 7.40955618297219 19.1596852842702
-2.96616671502519 2.02945047334729 10.1597064965406 24.294131563842
-1.62436864452968 -7.34130005192042 -3.12986244100573 -2.29631886968294
-6.59353268842946 1.0946467395387 8.62451209322804 24.2711612227885
-2.36072409684749 -3.39191531156058 -2.38219088614361 -2.87757632500517
-10.5213054547344 12.874184684112 6.61264384557076 18.257585497138
-9.80285308074155 38.1220650370101 21.4674080888704 45.6463538998459
1.53614750236334 12.9384420296055 21.2793710409591 36.7625689392979
3.05069477204838 5.19863865380943 3.57610941942851 7.85976570801421
1.87844401972466 7.34948840775638 5.42113438410239 7.65222136381445
6.61933175813108 19.9463705063157 9.10492011090576 16.6767444871098
-4.84063740198918 37.1945402070316 19.7898070306899 37.7093957239168
21.671633952978 37.8036511832925 17.6684444846751 37.7082113219171
-5.91489828695239 38.9886181324853 24.3899599704047 39.319150205404
6.58986972386342 13.5895154029572 13.9236887543807 37.8392552661425
-6.49262798170714 10.7071261322345 7.8023496131335 13.2495091248397
-8.9172972466518 27.2213254154763 14.0701915868027 25.2817154093929
-5.40797062591182 40.3410189407332 21.1779474194893 39.6443881943136
-17.5406331507451 2.22466174168629 -8.35294600279092 0.608579235610783
0.678750887718652 1.33890071651262 7.93018438278366 23.8456461591372
-14.14382080188 1.44552642779178 -1.16237960411548 -0.710805541691751
1.56942537278256 3.09892676125485 7.34039127015914 2.09893052593887
-13.5710765002919 -0.266105437245148 5.1764930022873 2.23532255305168
-2.89659783442417 -9.03584709292524 -1.3327985226477 11.4821623872374
1.20045895863315 9.01802702103062 5.25660584339386 7.37663221278955
12.4148333866061 42.2433375313321 17.654306977464 42.5612749162124
-9.93203013942845 12.6581636052708 9.97377888851423 11.5739715555008
-11.0179141049568 -11.2043301556408 -0.0876164580284868 13.7202508715478
-3.23145040173836 36.5312716556893 21.9870384481264 38.8463934529709
3.97250564517163 13.3510757854215 17.7960352375356 32.4423022961858
-3.52208015190629 1.90309517905239 10.526198532635 20.7456401862439
2.13917320564383 1.59613307383478 -0.392822673371749 2.66905400822683
5.6204224087764 27.1573456582896 -0.459510938074993 29.2255640884972
-4.90023555817532 -2.05391259484674 -8.38819936184005 11.0470181353314
-11.2267673361065 13.9223323456903 7.9539365754409 14.3219594222134
2.90126328751312 4.14195231751986 5.00481245417925 7.61145364338625
9.49542623269488 43.7696653970016 25.7105151262004 47.1059789309524
0.264718099467047 -5.82901601007831 -3.91197918214331 -7.16937373555716
-2.39980741153454 14.5839170204536 -6.88864570770258 25.1606623177416
4.32019255916985 16.3413263363334 4.13220792796744 21.3482049645596
-4.46209739126391 1.02532038082285 -14.5681240243981 5.63803772799533
10.2200167014961 36.8766913559973 20.005126408907 40.5924586603458
7.99871015944233 24.2175059641544 23.8860787559673 47.562046224095
-14.9857906569802 12.5043414398808 6.24858257660735 15.9848010298551
-5.63192597335604 13.708183171711 8.53718796390004 15.6512159445351
-4.10712904240172 39.0449419833673 24.9267422229586 37.9154047137372
-8.2759623518596 36.0830196997543 22.1439733841013 41.5852825130173
5.28385988963512 11.3537541573637 16.5019229251505 33.8735905300386
1.95124356937226 28.6652297515488 -1.40137030190208 33.2618937075025
-17.1883042472061 -2.97166013905095 -7.2122011903063 2.22532264570222
-5.70179740415453 -11.6536663916397 4.29664141854725 8.2205603423415
2.01168151333721 2.59842643593429 5.35497971849666 -2.05879183160959
-8.99631164660238 23.4174112429346 16.4044869475402 27.1439659303546
-0.832913841662975 -1.51879204357695 -1.98634449915549 -8.63033016422379
-12.1166093513683 13.4749879717078 10.4069971873984 14.0454910843965
1.93033992196654 23.0144484169739 19.2275454077042 48.6643126358646
2.11842470441026 -5.55493976431 -3.98816697279641 -3.1078368315035
-3.41685240965139 -11.7223710322681 -3.26618928378105 6.91222672034993
-11.1034117486425 10.9785700830132 7.48541617012821 15.2353274392586
7.3525397713518 -7.76903132829322 -5.07200370217694 -4.85501046766865
1.29256420733443 14.1852138844065 -6.96263898625762 21.4159614976841
5.88990654741764 22.0124556962447 24.6618199676859 46.017281936352
0.203340736326585 5.74179315454966 -1.87437476140545 7.62794163288442
6.28653499743326 30.2621435855514 12.7218040542779 31.6516735080525
-14.7144959180396 -0.573170567709774 2.94898862450023 7.25126268631606
-4.37511453588813 11.5449438898198 -7.18181190424662 20.4039909746942
11.8405719746769 41.4962329908328 31.3078844096508 39.5915132208477
-0.689199682751708 24.4783942621548 -1.38444139829264 33.7966723811666
4.76821758356972 22.2396238606397 13.6938812918549 23.628860775744
-4.53631837601432 -11.0712499421103 2.56894142539996 11.0782245385391
-14.0467064787975 10.4994169573886 8.1560496768843 15.6403438822047
14.7308239818076 41.5781260535306 17.5393032155203 43.4868658374918
2.3226971383643 4.47937431996096 0.0832981053229997 1.29450317057715
8.10718845355151 17.759148364875 6.86703967404352 14.4568059355424
-10.4080241338385 25.3898016140877 12.5307499737957 27.1437848073768
2.0464684756064 15.5242205401271 -8.70704145464885 21.1644786411079
5.1869983683767 9.66275527900995 11.2561638979705 35.4794568502412
-7.54096312866439 25.6477530782978 18.0235235460312 22.313662185586
15.9034255297545 36.0356966266281 18.3199314944997 37.0283901049916
3.01524346335105 2.03809573341865 6.62824712470464 3.62817941091223
2.4902270617763 8.0466318574386 3.99754592573135 11.4165267668575
1.92568502546918 31.1002447406047 18.2779359880241 34.0293175842554
-0.170340499355303 -5.94808102074363 -2.31095623214726 -8.87460129682854
2.14712373918304 24.5553971156397 27.2077779860795 52.360115959602
-1.69862845616807 11.7770666886891 21.3172181955434 35.6095531985583
1.85890603132846 10.6922892636819 -2.72366053089904 7.24490875717048
-10.4646505090821 14.7647221517778 4.99785269218783 17.2520538175974
-4.27766438933173 12.2558192503394 -4.86263812149272 18.1710440260154
-1.04563088060717 -7.68793179863496 -1.89231848601549 -5.04276327211903
1.10810607649706 3.29602989211156 7.45595328349257 6.89263298031467
-1.52301892127949 -6.74090448836668 -4.57732672053777 -5.65550121554217
-3.53927802706143 -3.39788646803904 -3.07061181552508 -6.74824239025672
-2.07508576798512 -2.82560056226009 -15.3008146884724 6.88941178517148
3.55019324701825 13.8842582969154 14.7064051696906 30.4809357545157
10.6039427081529 23.8935062860905 20.3928661021104 49.2080828394566
-7.0221310745724 -2.68598302377987 2.73073820776854 -1.99033359032523
4.47097847410607 18.7213777829242 11.0469254173148 14.482911910239
-7.29988648174136 -4.45462386633429 -4.2537681265255 -12.4659501295745
3.70462072817418 25.5120835420264 23.9943108373828 41.9581629716853
-5.22063344803001 -3.83481944253842 -11.1908915310538 10.2968036693253
4.72153954579565 19.67108199812 9.87254697286643 20.3772570554201
6.27960532677355 26.6377266322453 18.7219810009018 29.7113626036338
-11.5217404720763 12.8104201600946 6.26984251444227 18.7683278141673
-20.8110839888564 -0.431103378047462 -1.59258205182163 1.79218657357157
-5.30959459216144 -2.53625699047852 -17.0216597445466 6.93810290985147
4.36423147999398 30.1009056632701 -0.221065980911169 41.402246575314
-8.10072383641912 27.9038082380173 14.9310936994188 23.7878515466984
-4.64158630147929 -7.80656751722834 -3.01383406941934 -6.15438137282069
-12.0966383887628 0.685240261789108 -0.351106348333672 7.95121559948608
-7.05445419246623 35.5936208843879 13.4059979074608 35.8551990243866
10.1838058570209 27.5211056299466 16.0233544957787 32.7670648560621
-0.785838099602454 -0.751038120737092 8.22995752059242 22.0405207131069
-3.48300880731277 39.1567684006305 26.7241988942762 34.7536438354836
8.01069095289257 28.2162093308535 26.1913294839888 46.4487095686873
4.88481472844285 17.9946783225884 7.55563849689175 21.291788184867
-9.61723461897631 27.9502485408974 14.0572380697319 29.0258754207551
6.32291581731555 22.6110588897185 22.7623380371615 46.9882141332891
10.6976284099464 27.3371684519268 23.694040631366 48.7437721636266
-4.26355591310135 35.115879681219 22.0027263433521 37.0439877566722
0.261063040747954 -6.70927013697655 -0.998835671518478 -1.69553462520691
1.22951793787098 11.534642799986 -8.06744271600104 20.9654409481409
2.02892120633381 26.0425436391599 18.324970500776 47.4750797638512
-5.87874764666145 -10.8952388292037 -0.8476646708223 11.2784050714373
-8.56390171889743 13.2452160588287 5.72432432202001 11.4342608090703
9.59269301082309 23.9739398766354 22.9940513963634 50.1796325528224
-14.641803570741 -8.59489456489132 0.451346202734669 13.9985386416707
-1.90944827630023 17.105530328405 17.6640583842986 35.6482596530348
-4.47824330285634 3.8155185019869 9.98098670225268 23.711356154367
-10.6225052045839 24.2570262511326 14.8174514504237 27.1262295304231
1.28314370721431 6.44659175654039 -4.05614698339648 8.43317061582493
3.86540367616159 20.722708633601 9.45338987281917 20.1568171573861
5.54405843418448 16.6057607570982 27.853976973323 38.3872154398676
11.7013241299756 40.0776441044622 17.0758608254501 40.9002100036086
0.37413726571627 -3.21300101697508 7.08989832246617 20.1248802381194
-4.37818767192351 34.6727721335192 22.779967636323 38.6515924691041
-16.2417986823913 -0.844779895396197 -3.56952378659983 -1.73834058021993
11.0507907466612 37.183933059114 23.5071188363496 40.3301914658921
5.15095392809306 15.640066464 9.78965855216274 18.1025125733197
-12.0670565418889 23.270213170557 12.3086454981376 29.3866157980053
-14.2226540171508 11.8053827780556 8.43701606701763 14.0718454249005
16.0602984106352 39.5724475414882 23.2651970497906 42.1451059052455
-2.44075562938478 0.483985114984651 9.82358543083316 25.5793244130505
6.50259554010214 33.336425532784 18.9292217229513 27.7010209271528
3.93601194074351 23.9153586474667 28.0452874098454 49.4024685651665
-3.25050836686821 8.93306873938021 -6.64305728789226 19.5875996467318
-3.04700759780799 2.48057171842531 -13.2186157923861 12.6337187208636
10.4079792445365 25.0326479008908 25.2266033158326 47.5132263419416
11.7443254493503 38.9231251438474 23.2065898519258 42.5446023903354
-1.95054626353673 9.56142805599645 -5.20027592429274 19.3666941597828
-11.4726394414636 11.0795651389438 11.700953402228 16.4485680166364
-6.4925007970192 38.5415608972162 19.9752332140345 35.5946722288335
6.93365327428547 29.6171187351283 16.5739524439985 28.9553018636981
-4.73935678607579 -11.481787604814 1.63775884669233 11.455652598928
4.94289987389855 23.546502265344 -0.338019855194242 29.893398256169
2.93216320012538 4.53270962947504 6.43918069318437 9.72452209375426
-14.0464927099928 12.4167712340352 8.64804723974246 15.2778897642377
1.07041540322976 -13.8873096201375 -4.3693848015885 9.08455333610082
-4.32389092401758 -1.85130285675424 -9.81708937167534 9.06066032365861
-3.32182728970713 -1.12144269468378 -14.3640062745962 5.45683149936271
-5.18178582015545 5.26685056361069 14.0376168847289 24.101200067241
3.68603817528184 -5.03937899733651 4.54306023973209 -9.94197517206894
13.2316311532424 39.6172250513502 24.2617304515042 40.8121944023895
6.1517767155648 18.2330463942563 23.4817331825778 46.0862602964661
-1.46710416891023 35.4444120161461 22.1835104863739 37.8611846973348
5.86401983525844 28.3695901134751 24.6451542291838 51.5658622562759
-12.0787084894236 14.4167165524193 10.6360741655656 11.5377406185637
2.7808186680009 -12.1650991421353 3.22785867388113 5.35264279217984
1.20582156425395 5.71223621629526 3.33933991974367 4.71409049515144
2.83068771164341 -10.0094581509324 -3.3585513033085 -6.17299300369482
12.132862307073 41.6855540286251 20.9208984163182 41.3348354755021
-9.78312007126606 12.7679056157494 6.91818151362993 15.1878210143266
2.58650212499632 12.370517968497 1.81494403310334 8.31427539993982
-15.6817428466944 11.9175621324254 3.93257088609521 17.1836062660015
-6.02811788991829 -15.3744478081639 2.0115185191312 11.9762248980594
2.23775076304137 9.75858585158007 -2.93485557584165 17.2822906926721
-10.2758468453803 11.702183042003 6.53356492548519 16.6926269494422
9.53317755567387 27.4025994594209 24.39195968316 44.811819567188
0.729635397070172 24.378746708051 20.3079439169808 21.2122060340421
6.97790845914006 15.237461087517 21.4860747258929 40.9397817093898
5.00783322745616 3.39222489218632 1.79841276931819 9.10777055643728
0.647181181613714 -3.59242223756638 10.8843774883174 18.6536301778622
7.00753980237648 10.9280546666788 -7.27750886657837 21.0601450071112
-0.47503379125509 2.15459222667505 8.11228229223061 24.067718889935
0.778777617038625 0.902529226077073 5.33488569046384 5.95911698876255
-0.769154711679779 -2.64536184590526 -5.58151448694908 -9.30979193526564
-19.1377338514719 1.15771256624418 -4.63352192120448 -1.79911117399566
-5.25138326952192 38.7915336453983 26.6728857639063 41.4458503747061
3.4772715054977 16.2797265010853 7.51542183052192 17.8556185496022
1.49817795211381 11.8731141165946 -5.64170671035239 20.4193825988753
2.50737921841397 2.47272597883144 2.26412311173133 6.05992127694129
9.86990095953906 27.0765831040852 23.4128756905969 46.9439224141641
0.00394939263446747 14.1951001439454 -8.25693748537546 21.6233099655077
-2.26904532112335 -5.26912012207401 -3.11536560643265 -2.21138825032929
-13.2556142224652 14.9882858830648 7.3391129364234 17.6717362360707
-4.06713996307474 -9.01998518257233 2.57476261414193 8.80667648455142
3.0316637408276 -10.8188695844438 -3.80485756594228 -6.97951884992216
3.48391655627515 -3.88113417959728 1.48287465019361 -7.07420807997214
-5.74942588744176 1.47580200770499 -9.85611736613872 5.43856731950567
-13.9114861240283 22.6669250540779 15.9474460660104 27.7854582096152
2.24168247473986 11.2260600003446 0.835709190926914 6.71588472187664
3.99786523212982 15.944645233633 10.0142671492386 20.0717645641065
5.95684415564708 26.995639840466 21.7796773850142 41.957804907652
2.9893893450195 2.10315170920682 5.74098454238761 6.48608601352094
2.30315557465085 -11.3812610299571 2.94721445576406 8.47415172079483
7.06185642833374 14.8291393141504 12.5039135217473 24.746840014932
-11.477227936618 13.6835663482464 7.20019466077394 18.2383391064428
-2.95686459803158 -3.11834373794292 -11.2945420113331 9.98196569780277
-5.43930531318139 26.9173975280954 10.0992503310343 31.4651410972361
4.1226379289036 23.898041911955 2.30959603602827 33.029120779392
14.0252133441404 42.1088075481611 24.4792806558495 45.2720611137446
-3.6152260693884 -0.978207390607841 -14.7384216067223 8.9831702136733
2.30037368796773 21.8897913582911 -0.543759718282272 34.4115330985624
-16.3915796777922 1.13129461263576 -5.93133908852027 5.23006867688075
-3.18468037000781 37.3232509021726 24.1072692735705 37.3424109703636
-20.6057421073919 -0.713341238537938 -0.864232217799716 13.1474692196825
-5.16925225756812 2.62991953078614 -16.6405235232289 12.7105062677453
-7.18807156779365 36.1861696285974 26.3097464304213 43.0768732577795
14.4849977369644 45.1678405239091 25.9778656523579 45.5655032370591
-4.60603345363701 5.18796494976534 11.8411153141225 24.1300422153376
-3.95000925951623 12.6419320284066 19.0650806841224 33.1142854969768
-2.99026160000156 2.34813202355747 7.47666496530277 23.3280785550033
6.40401277508463 9.30578993177944 12.6400428759746 34.4940896096526
-4.03711547055907 26.1324836650974 14.5078411793179 32.5329478037256
-5.39136250645002 -0.0602139987930271 -8.49493757359395 9.2099351129514
-2.57552278041595 11.6887753151733 -8.52005416889148 25.0106713140806
-0.153024021140252 1.23057540077745 9.22558852599668 20.5117537966569
0.937637495419401 -3.20986484723314 6.32691762807488 20.2570975338626
-8.5747773323607 21.5907105370908 17.1981984033013 30.1006255054834
-15.7992088482006 0.952293169507069 1.81932661933548 3.53864522955414
6.22379503615459 23.7886331436865 24.8067200321747 50.2678425762128
-4.5936179856011 -5.89153310398581 -6.93294663969409 -3.577850960731
8.60459832673916 23.4736250059814 17.9639463145231 52.1706617145434
-7.28696750244374 36.8036200771853 17.8193284750023 50.7920980085139
-2.52143231820708 -8.5744366918471 1.29371257757669 12.9148737113308
-2.47687625387188 -0.278394435625881 8.24115221121784 21.5762485827094
10.8218483877557 22.0237843256964 24.995200779766 47.8713308600386
10.5020462334824 23.6616559868854 22.5275794481514 45.3040986723496
-3.16481489256529 37.2098444603643 23.0185815485142 39.9332306907154
2.21584796363508 27.2738834837205 -1.22821606015386 28.9485626478377
-14.399698227416 1.81308669498267 3.46435070083509 1.53921290205826
4.92173434962096 12.7811543788223 13.9536393322247 33.2450048337551
-0.635835830979192 33.9148833766019 18.7496062960833 35.6047020985341
12.9188839879724 45.1488098263195 28.1044766007483 44.9308672458349
-3.07672076750001 -4.70974448303394 -4.34967494375788 -10.7345274165187
0.477817418535442 -12.8126296891341 1.79163890777896 -5.85574562751492
-0.403020331883047 3.52343759860732 3.94346930919444 8.75688895252887
1.741178104791 23.36227430547 28.4514884114727 48.9032397368335
-6.51384503452031 38.7941969902864 26.7924555129495 41.1450454220884
7.26934196952712 42.9589334518184 28.2270961015275 45.2142489787868
-1.94391027389794 1.04634646571397 5.09524410831001 23.5453022612426
-0.128209284454287 -8.46526552957084 -2.49092547284743 -7.0094620589646
10.1008492381713 28.2013354939502 16.2176770538196 32.2667544684043
-9.24302190991785 11.8573182458104 4.61754967770918 15.5227367956983
6.63918398624432 24.9555804203831 20.1366545267717 48.9709760967064
0.516020955703721 -3.48716568452983 6.82928528504201 18.8521244837848
10.9849174936751 46.2769064967912 27.6807445494058 42.0086666287421
-14.9933259376245 5.28636434091705 3.46461104637159 4.15846179347186
5.33775289413615 24.1478985087205 -2.69971882700278 32.4189334284852
5.96852000113842 16.7209474833915 6.40895406555592 18.545690806957
-0.822965954012077 11.5917514182444 -5.04067087673183 22.3793422807088
14.8365504702037 45.3080595594583 27.1600533031092 40.5345564861524
5.34886459301315 16.3033351038109 8.52840613878227 16.9247447201665
1.6755108445749 10.2295157994246 16.3321286241683 34.0828871969845
3.59339311594058 21.999250558293 -0.258728837534983 35.5304355044026
-26.4294878456019 3.22893067533777 -3.55718523449941 -3.69679738935187
-12.2543973072173 2.89865757854367 -0.666231428956397 2.68735384508679
-7.17377445656105 -8.26697561470204 3.48694306736545 12.6509059959834
-6.52489692212125 2.95337793068274 -11.2451726809334 7.3340814216892
13.1250312121895 27.1619810787533 13.2615684751105 32.6017641586273
1.75074183228151 26.4891077084624 17.6819516131395 51.1161911491438
-6.33306777146952 16.590449713194 10.1736687880743 18.2987702191016
-2.51098715519089 20.8287046431458 21.3088769494052 44.6761584717791
-1.93397754155803 -5.82544561997406 10.8662939972459 21.7334732434593
10.6480746483948 26.527909392586 22.7980691493777 46.7278640467322
-5.00846197407741 11.2150021838938 -9.86436363444936 20.3898713036087
1.22731981393339 -1.44404560488179 10.1183316550658 22.8713734776832
11.2316871498235 26.1876342692836 16.7517276994986 30.5200988359295
4.51479894137036 29.4130826674544 12.5555317602214 30.0076704470415
-5.97074360440255 34.3497180764201 19.1882779862153 39.0269401751185
18.1979785005221 40.8186962457451 25.5311845034046 45.2754574631223
-11.5848352309993 11.4150323726115 7.73418431060128 13.0216957979426
11.1209413705673 25.6054075484804 18.6359680342296 33.7596981808962
13.0064424745453 40.7301189217999 21.8692291179469 42.2966137067587
-4.45477730188155 -4.36369602025836 -7.72712698015827 -8.90218806842684
-1.94049208356524 1.357759913293 9.48484436721508 25.7062729759198
-1.13796842606454 9.07934304582351 -5.78842386046945 17.8635363579417
8.32263583667762 29.9266282700443 13.6929206704927 33.0897200992882
-18.3594723870729 4.78089330154581 1.18347937346978 2.31181555285649
-0.1443492617858 1.53187418624643 7.68621041828081 22.6413682577365
-2.73247421785348 14.9709854770721 21.9223988282185 34.0523058574938
0.160455363804215 4.39447984914819 2.10038895556738 4.00022390537806
-6.15166021263858 36.8956111948015 21.4478137729331 43.5452979507223
-3.76154148045229 38.4279911779659 21.2281344523497 48.9485919436512
14.5431979773862 24.464518457921 16.5267263971162 33.3101910898677
2.66473941058554 23.453270548474 -0.363784804413188 34.5556810487872
1.24236930217124 4.72570506380276 0.57030312549072 10.2658521976392
-7.95776870118794 25.1465338790606 12.6920274778879 32.4804576131892
4.74026277841269 26.7839773486853 25.7006312958162 47.6217877505368
-14.7668770904668 11.6297728537077 5.90135457696405 17.9513944976419
1.24165925103816 10.7586260817758 1.38239251255427 18.8094620061998
-2.93977773606934 -15.8778022000702 2.93291383656834 7.28683036440292
-12.1798272033461 9.44745132437627 4.677624897998 14.2460306319317
4.63260777994094 22.7935419699377 17.6565763076092 47.6130642103115
-3.47665382248985 -13.8648862327641 0.531803543501087 7.85045341945845
16.6959878115272 46.6527828792715 25.6286154137205 39.6853402275653
-17.2917330457047 2.97744382266808 3.21535941616204 3.67929405421297
-5.51684641113187 -2.39420714320157 -9.76920045249256 8.88774488286661
-5.92346064056998 -12.7917115100287 1.64767251824918 11.6261839531896
-0.467423084579647 12.4928824315616 17.927936423178 39.0095432231254
-12.6343953109441 12.4150544577219 5.7655145603306 15.4378039937219
-15.6456521466273 -3.33530129247352 3.82163029767091 2.875281033129
-13.9998824726595 1.53142589736615 -4.10146179791071 2.976115437987
-2.32996300053622 26.5142863861481 16.4985221051327 24.7176806495455
5.33346036187088 24.5924680208603 -0.376442128430748 37.5935681288063
-12.8330370055908 16.286343870126 5.83323841794971 16.3282909864139
2.621096011601 11.400091876951 12.5075958701141 32.3471302550774
4.15579409523223 25.8624834923223 22.0798799970835 46.5056477947413
3.59822903092717 6.12611461919278 2.25115975558011 7.83713500828252
-11.9328670307617 -1.59693858665417 -7.25136782112395 2.77119544165939
-1.31993042924639 -5.30405523949833 -6.67689376958783 -6.95344281377774
-1.15794808911589 6.22591090364801 3.95622452480768 2.41649829466225
-3.65655758726664 5.81571298479506 10.6437978435984 26.1246037266884
-3.96646505320242 12.6266747097839 -4.04225790664301 23.4117550460123
-1.35346293226742 -7.07289313715021 -6.90182415270267 -2.46102300568474
-4.15922996953573 10.8728360751996 -4.31518224874495 15.9427911481683
1.66226508170583 11.9604345686201 -4.26363774509355 21.228840876026
7.64468492551772 47.9806037799947 27.8862063408305 48.9396880799364
-0.691680018150958 21.7507567137458 -2.43419483245342 31.3057105195984
-0.461367716951621 27.7034855631338 -0.702599661742769 34.2380358846802
-2.39465560743601 -4.8965837732923 -12.072553373099 12.8826107235535
-4.55685322713391 11.9599004166563 -7.70946337938133 21.4886903115838
-2.66418789948876 2.95570063074673 5.88959132715688 26.6829840500353
6.23032314228149 14.8942811812107 11.8352936697701 15.1665419434154
-17.9971379880746 0.415941741288745 -3.57371601160015 3.93451307362807
-0.095684568838923 4.87529164438756 5.52829712937366 2.119395608308
0.763648737772728 7.25569898885168 2.60857623766276 6.82293081943109
-5.11080638425686 0.80779375564468 -17.5415419501165 12.4013000087697
-5.66436750962903 -3.55538264697957 -9.50888762512622 7.96179856663749
10.7587776379405 29.4327026901658 17.1369348659728 30.4955985935174
-7.77883584419679 37.4079890525547 19.5987313546953 38.8774898801032
-1.47018003694132 13.7194262139105 -8.59537538005636 20.628365641103
8.84167738715221 30.2529173097442 17.5442958458866 31.8320334963195
4.11107940162436 20.6517589445574 8.86765444941107 20.5125814964537
-6.54723649872108 -10.9278239379299 7.30319721887554 8.72853952989067
-4.26896844862882 -0.204324140964001 -14.845485920941 13.5431539577519
0.970441208297028 13.7187964697895 -5.52863502135304 21.8165088894005
-18.5892841031881 3.27483228835696 4.01311615569966 1.93101851544914
-18.5762073289614 0.037031673006866 -4.53242433280259 -3.90330146523894
6.09768925034213 23.1030968552326 -0.238541679299534 35.8467072012749
1.18968679326401 3.60950007169085 5.63998964943646 4.16522769915704
3.5515375648328 12.229794907199 19.3749274962756 37.1693342863262
14.9140096347976 46.2991171086917 21.1357179799259 45.2826440485779
5.39857540027771 27.3882580734852 22.8855024529815 47.9150260216745
6.55359533403362 22.8859073296899 20.9423328464734 48.7366428324456
3.26801700898192 9.78143154523501 -6.27917615015226 18.7666013087087
5.71097645685733 17.0872805336105 4.65718081234501 16.3986720326715
-9.62539393244651 1.54650349180925 5.74165017742038 -0.142205981200228
3.66702220550904 13.1061117422259 -7.61546334025328 30.7844033671572
4.08714557155671 26.1679294652961 0.579522371104859 32.2177082179637
-0.266914708626568 -6.5491247709173 6.3615544691705 14.9216882247095
14.3455195059552 44.3546836344921 27.851182820527 47.8746658603024
-17.1727244426513 11.1870780356403 7.897086372993 16.043953553388
-3.04712308264127 31.7348994017293 23.8377673200465 35.4114836352675
-2.59177678705285 -2.77409778007663 7.54628562564129 23.3608730153184
4.21459379599914 19.0709636543908 10.7831444870763 20.115852417788
3.61992404408024 24.7818461810553 -0.547389249979168 34.0697639161007
-7.32333322997384 -8.29616290278368 2.69012819140769 14.6149528680093
-9.12873132290838 13.8234596578864 9.66936620489703 12.0145876282049
-4.08505936020691 -3.93138850146537 -10.6698044619226 7.62278169315402
4.26246128437165 9.29999115980543 -7.48975331065229 18.0100790966255
-3.65301466217243 1.77139638201954 10.8977861036172 23.8357259326355
-0.888140258227841 11.0663702722604 -1.29152055517114 20.8823540323397
1.82242925713142 -7.00200893521636 -1.22920004437627 -7.72951182952155
-1.68560297512954 14.5144550587088 -5.8335494537154 22.0565322074692
-2.11642676841943 32.7850393740142 21.8688142969959 35.7658639002304
-0.76286689376814 3.89786639376067 9.57363347453941 25.6904002627388
-3.60606126223586 5.35460743848346 -10.1180059829948 21.7223660903341
-2.33624098197913 -1.84379314613733 8.04314057485232 21.261647903348
-11.2031716706756 13.3849975272556 7.47478309205936 18.7376331272018
-17.1529281276336 2.08986879920389 1.18822671068991 0.268937427700974
-16.7237947264819 1.26301433684655 -10.5227145313718 -2.21459578717743
-9.24532060762223 25.788649846696 12.6466935645502 29.0641660184961
9.68279037568052 28.6498990822616 15.1417124175843 28.5456309935146
-11.9657911131897 16.7199709092838 7.36999717252063 14.1358824358454
7.66015756694163 23.2894623495307 25.9101087362423 43.6884992704931
-9.028494930586 26.3404122009768 14.894013976995 28.3854441635839
14.6802553056102 30.1713107849048 19.639758359304 29.1447013741129
-1.2081401016795 -8.69842517429236 -3.98359683069581 -3.32853434357595
9.02353113191448 40.4190546726607 19.9265520906989 41.486705238658
-5.76807955121487 37.4158010851251 18.8393675149795 39.3652528778482
-3.41173066224664 12.2246804905027 18.8619412823845 37.1957037926951
-11.7968156636753 9.27518404825506 5.34108848356655 14.4470272924636
-6.39905579461365 25.3950009564101 14.5844230595431 31.2420589868102
7.46831219896969 13.7475222829841 15.5514487907291 40.4399540079144
0.697433257143289 -0.370758785104107 0.0950525581226924 8.22197811196585
2.87708654743696 4.23594562657584 4.09533777381123 5.48246543987144
-6.93613204163903 -11.7206348436325 2.77459400514752 13.0357203445178
-1.1715401662905 -7.96753253640809 -1.08170813136127 -6.06056638913347
-2.27971638650155 -10.5383456770425 6.40124143761192 16.632704778244
-0.323788906252262 -3.64820997037486 -0.558833968963033 -9.79719632590121
-15.5252004533181 11.1838500858374 8.61632554255732 14.8257424321455
-15.5666183002032 1.41822505943102 -0.730570501619697 -2.27685129876434
-4.35561784216894 11.2427411592517 -1.93477505107244 21.8794035975297
-3.47212948319704 -1.74465837374529 -14.916665076237 8.34951675006379
1.37112725664829 8.22546574612799 5.22205607265826 3.93298802074206
-1.03400417065116 -2.8230508886168 7.2452114592357 22.1388596566688
2.06724049633043 7.0927853843465 3.68351714630423 -1.11323103449665
-1.36367307996946 9.30276267336899 -6.95413951148841 18.3936627667484
-2.35066776712479 -9.88432137342858 1.86669055543858 13.0191251818674
-11.8546717934989 21.8035140250024 15.1467778854098 28.8558583749916
-8.08951326347408 35.2395350323199 18.1767826504095 43.4260762775822
6.25481950667684 37.8377442809951 22.8879369128747 41.3044480494227
3.73173187427603 6.31618219500766 6.54790747686284 3.05445287011255
10.7878764341125 45.4634418329182 22.7698037920958 47.3564991771987
-3.58713692359387 -12.0695558541669 2.81342073039968 9.06966212159266
1.72892174964121 12.0577981051124 11.5921063144347 22.0117680993515
1.8730322981723 -5.69275143934644 -5.74675012886845 -6.37002883261528
0.177032115229969 -0.750752382968054 8.38085264626903 22.9382459126584
-5.37468379591435 -14.7633388009763 -2.72410647660944 8.20104513895996
-1.7481901654358 -2.1982182345651 -3.79821649551749 -7.56808863923934
-8.04207654971014 -10.200663790393 10.0423162199825 10.8427434450583
12.5182430127506 25.4528440242413 24.8504030197986 50.6153837028249
20.1711962558026 40.1019963431001 24.6433878200667 40.9471901154562
-17.062305185941 -2.05882932640122 1.73510500693681 6.97815146442626
-0.730424115339815 12.062955395179 -8.31499490941998 21.2470733572313
-11.5292894971004 14.0138291374864 9.37437952119625 16.5960065859519
5.36980716732456 15.5726034227828 10.8756208323288 22.7269588870388
4.32607294454814 17.3166334638261 5.48121807701367 24.2063696826518
12.8133553052952 28.1053783014933 19.5366027618511 31.1352467645854
6.1568866498754 18.7026045930519 22.0939215042012 46.3086122344982
-2.42039916305086 -3.17394298971812 -10.8659616388857 9.82358346458782
3.64598630023486 1.45793324245967 9.54427929827878 24.3239589432005
-5.61083438929869 34.1067192117785 20.2459049373004 36.6031682090221
4.18575827710438 24.5794750014098 19.9989584727349 47.1373092869093
0.0712226428469194 30.0647459830984 -3.21451523334893 31.6846474493301
-1.46643037221702 13.4605927652783 14.4904255389627 36.5635735619381
-16.9236291417362 -0.58603222880431 3.4276831913247 6.32702005824609
-0.698515124335298 -12.0220939324988 -3.85223226731858 12.0164144810152
-4.3657942761653 -12.0353240466 -2.20105195297032 14.6375315741426
-7.33361912675408 -8.25401544039254 0.241976446003529 4.74761689921339
5.06709866741471 22.1748779356981 24.0294991025296 46.7400614399919
-1.01180553535505 -4.16205871738835 -2.15975151167715 -7.20974648668484
1.95556885869418 5.4195829894927 5.22911019998346 7.5650184830131
1.39224576277365 4.16138256987459 11.2120785158716 23.9119204175738
8.47283494070063 12.1883541924123 10.051804966976 20.0608507833185
0.960537226539494 27.7554375084779 0.167568105535845 31.005570385476
8.65893807607715 41.940597611102 24.9501378347946 43.6343843671446
-3.88541759437288 0.565859452970663 -15.7947195004315 9.45688444536975
1.18253530450093 11.6840426441242 -6.54211977378637 21.5599523086107
-0.683983866566317 26.2534229296946 -1.52609304532769 32.5220221783733
-10.8951388199819 22.2391354324328 14.1115992420879 32.6415408943694
-2.73131390495751 0.0613889813093138 9.26724506494618 21.9128275227223
-7.95431759363001 -4.70657018897486 -5.10584366727152 -8.12430681539914
-2.69035504964023 -6.58898347155903 -4.99276760952487 -2.43724922129763
-6.81667080360527 7.57657226191152 -1.31190581420108 18.3167725086411
-9.62537768502578 38.3972993661324 22.5703450139407 42.4938711049555
0.578627931595248 5.26553016880816 10.9789111020628 25.8489499022736
-7.51882928868486 3.13572030703514 5.9296194989746 22.0483800589306
0.684618432004612 8.38126358931721 -2.79150505243765 4.41384281092989
7.26095888711064 30.5962824924763 18.5353738291197 29.1542099737516
6.45700950354845 21.5510064786268 18.9828962434292 48.046555296404
-21.42144263132 -1.22499351302385 -4.51844106922603 6.45989879990816
0.97604595088557 24.9218365867596 -1.45696504363726 30.8639812206576
-11.6177282767998 1.49234490768353 -4.2883059261817 0.205583056059041
2.95574575737067 -6.11072793502213 -5.86436228172075 -3.08365527326006
0.251384097865411 26.4488764660854 0.958056696640682 35.3499528708148
1.47077291811238 19.7053610834001 1.02373301973276 34.9501275461937
-9.31666861771974 11.6366060981887 4.09981350329978 15.7270002615561
-2.73527554327082 41.6371432143709 22.4901202353049 34.5570484341946
4.612173569303 25.0160634750549 22.5876124034297 50.8234845552829
-6.48986585847375 36.9155232318254 24.4018172625839 38.3948448467562
5.6948046311626 22.5630873725933 0.479702394444028 34.629158453126
-0.39490597230067 11.3454930296052 -7.90127565124218 19.2680645993406
-9.0580563736419 38.7306568416202 24.9578937107376 42.3737243148329
16.02664494387 38.0559069908445 17.2698964527746 45.9195380270796
4.64102899177955 12.5286825024579 10.957025133883 19.2519412819652
-0.51736211739055 1.83660767625009 7.49346094735309 23.8480713189223
2.8656380744312 21.0630150048787 1.43646739959744 28.818164316581
-15.0270196828905 -0.847835277292832 3.2221293512128 4.55708334900423
-12.269695144273 -0.0698375067607921 2.18621882645952 5.09538428939952
-5.91413387739923 36.1088709790458 22.2903319971657 44.8402227986007
-4.40401747757983 2.31681343694716 -13.3081382270486 14.5132960629961
-2.94955492714611 37.6965610031122 21.0209615835432 37.6082764527966
3.43886303902774 22.5186004391986 24.8502702521952 46.1189896272983
-6.57920816002415 12.0980506044776 -7.14151959062297 23.9609573795608
8.85937222662254 26.856557948258 14.0457852729428 29.8554765503727
-2.01352788161387 -1.12596479066727 -7.01740609526572 -7.57478766182217
4.39382092676803 22.3918365368704 25.5321181725825 49.4191481030877
-12.5097101788579 4.43357517792724 3.09732058916222 2.61495013041785
14.819770537987 42.0090018162511 26.3642010352734 46.8664253163507
-12.5011184046186 10.6822719910469 6.6235237864347 13.5696379093086
-0.565939003083203 2.41264452019195 1.97744126947322 1.5389762649098
-5.71307696065496 1.59978533436207 -13.1266384984274 9.56498159141574
20.9294989866604 42.3901657007532 17.5198834783181 45.0561104240141
-1.74824050269928 -7.50323221214896 -2.19622722628734 -3.81279144273677
-17.0942032154816 3.328018173187 7.24147039693459 0.546732865088697
11.6917744691149 40.2548253425096 25.2147875237983 43.0274143592512
-3.04231308263534 -1.93091735236622 -8.9361094817053 3.40367007133495
-4.92635661658109 38.9615067710949 20.3170651811317 45.7432640233694
-5.35920226216285 -8.82227562107522 2.34644105189183 14.8001011034479
1.02181295330064 10.7763649942221 3.60879885639921 7.39013992669665
-5.80785734067408 28.5326337539189 14.3229839711715 26.5086341155442
1.34753475942604 -11.0898414503534 -3.90289280494243 -2.89725423087212
-3.8512531139925 -2.63971048717379 -9.70784447549954 8.79794940384974
3.41018349094117 25.3115166353919 -1.23132190682166 30.2906825647895
-12.9935917147085 0.669134297134892 3.52098236361647 1.28607568807332
8.81975459055261 44.303399344768 21.9750247529381 41.0934802093479
1.37630143355942 24.7325219453431 0.0393599088581368 30.3327974535048
-13.5541659836314 26.0457671273944 16.3572922560644 24.861481101645
-8.91738561959115 33.2257666794666 19.4816839777374 39.2824127787397
0.818962955183263 3.87206328479162 8.11743657463822 5.14887355414729
-11.0893153739273 11.9882592534851 5.53325052651351 14.783048253249
-0.830458568416554 11.6042984148963 -6.12775429496417 24.3399137600831
-1.35949336618579 -4.83380903282468 -3.03330887243328 -3.29654137164656
-10.9004407226177 21.6596377203835 12.7313286764412 30.2719308522984
-15.5555608339882 12.0004871953677 7.03075623460463 16.2881858968874
-8.56632569314655 26.9090550521461 11.7956502314541 32.7480385025488
-12.1105702407564 15.4579421123738 8.35866530771953 15.8373595935022
5.86603898886487 22.4530665873202 -0.596828564125536 33.380620425658
-21.9961395023457 1.01213725966317 -9.34148619035173 1.81565554309558
9.36983580931388 25.6646870298864 22.7960258451546 45.0956088072863
14.436603649785 46.4795202635673 18.5641446812247 46.3720541157685
1.21245000980094 11.953831740314 13.4161459841017 37.4157218237565
-4.85977247744284 1.84628475955984 -16.0477277049485 7.69665644203316
-2.40960343134846 26.8505096387174 14.8673163752728 27.8423159935395
-17.4819271833821 4.43418624977952 -0.250118658829759 -0.168448221713865
-2.49796696941645 0.143992532818511 -12.5443264661087 6.8950169888117
9.9559045183016 37.1161263111025 23.7857815342196 38.9800796125719
8.69925055300048 20.2017959062564 20.6742112530788 51.5786438458268
10.4314950792823 31.8911445069261 17.7298550260488 30.5285608013425
-12.9656653478568 1.18567210090892 -1.9289136261694 6.07578774965541
-2.37439153936353 38.7780963458163 24.9666708284381 34.5166086189386
7.24294578616547 25.8920799803226 19.4117073100889 32.6566976296188
8.55199869005072 24.4800707977624 25.873297855389 44.4139355730691
8.00550250148635 28.7168163242545 15.4707818288384 31.8026792879196
2.41947148331544 5.42262800248259 11.6204589004779 25.7079357606668
6.25467266768504 18.9238552622263 9.8128039421658 19.5966745980638
2.30616424301838 14.189704819874 25.1799720344214 39.4410893797636
-1.17273359473742 -4.06278635602662 -0.54624500737713 -6.20413587556147
-15.2194539713152 11.9198688434474 7.33758208280448 14.220873892644
2.320234127611 4.04389144789115 5.75108733423637 6.7700005029493
-11.7762720060998 12.7207825486417 8.84225029522282 15.6086176517403
5.35124859472378 14.8973680731738 8.60816524410075 16.6952394732226
5.30432805280868 23.4043945624652 1.40400839222926 37.6078366042736
-4.55323374649412 1.33826905661267 6.75168773427727 23.221314930978
-10.6869348084236 11.5736271021894 6.72669148720298 16.5137180884831
4.1436792893935 26.1965870836272 -1.21355741550606 31.8701558009999
-6.68125673813866 39.1486824580684 16.5925350517891 47.8662005878386
-17.6477631073233 2.89799446444495 -1.93857519961048 4.49130074549416
3.49129534297548 7.95103422015486 5.81227509057888 6.34822065667241
-0.948404916833374 8.3590556157134 4.02309455578309 8.28773330277005
3.63378518629506 12.0733344900128 10.009359793921 33.9658880121324
-7.02162423851727 12.1472701240287 -4.19539287222706 22.8362919335001
-3.69799823117206 11.6547259474401 -7.4387342551665 24.3948886559867
-10.2617773335676 2.64113425279697 2.08009189250369 5.48105568796377
-14.2265964119442 2.00005394320033 -0.0372651073311439 -0.0881034111843575
-11.1655784921066 -2.70468522151191 3.90236032831501 4.30940511204224
-2.8142961106637 36.6369481521121 23.502801926111 36.2257008297259
11.6508683107832 45.6908815549621 27.8719407696353 46.9994394021953
4.34488162932805 20.0400477808456 12.1203097457831 19.369573213135
-1.02762476401799 7.36996797402757 -0.484845190332869 6.1486343592251
3.45057327827753 7.96006680729311 5.21602874400451 1.27616490028059
1.41875882099402 13.3800888841825 13.2102275440989 34.7197323192451
2.54860236966993 22.6393546945757 24.2851065509474 53.106428199881
-12.036360059074 15.419585313702 9.77060742735005 17.4320421857759
-2.48291434437545 10.3013005756311 -4.64392321265811 19.6568414524504
10.9541286201 47.4770728643223 27.7880504528913 48.2201719890339
0.276360793767746 1.03597476992006 6.8387250253216 24.7081120256389
17.5094176517635 46.270409699308 26.0043260289084 46.9968906068327
6.5012247347669 19.4097169350635 10.1742874041363 19.3177504604994
-15.7479989292204 14.7288304279712 7.95326683075887 18.4788070563741
5.39909536761571 21.5431486313807 3.1853932008946 34.770859554177
1.66856467205609 3.98747191645655 5.49459292164488 3.94655406010692
3.05686710957491 10.8694091679424 -3.00350300157162 21.4834333925708
-15.086788844911 1.38968830792431 1.87112122025354 2.23746626261958
5.21495090467042 9.94110726779267 7.35738567555887 35.5534502424904
1.78524051352083 2.94992176744024 1.08738649347288 5.93483421901321
-8.95230607201393 26.6462404256852 11.7762711550717 29.0477072796697
5.46345455112257 19.8621768033022 10.4759994133838 17.3746749855692
-12.1569474285269 11.2682199606572 3.16610243697354 15.4399459732499
-5.54420221785247 11.2960256180089 10.5255829472249 37.879401405778
9.81843064672831 34.7722086744761 15.1353810676875 29.1721325327808
3.85570325292687 22.2281796804938 20.7046360124316 47.3327462644728
10.331902869296 21.4018020030409 21.0105481403394 52.6183570399843
-15.713634840376 14.8997637926895 5.86644547492283 19.1613064220928
-21.8596934544303 0.70082430137527 -4.11116239721873 -1.18725027681658
-2.99124825004821 11.4621285573614 -6.69787671164024 21.5784323616875
-3.60072666629303 11.7495586728405 14.8471195840402 32.2100053912855
-10.6207833682493 20.8101463866369 15.1413209777356 27.1263786541166
1.23816392688675 15.0725515446343 12.4193077858042 33.5230579652118
-8.82513481475211 -15.2506427749744 5.93207023879529 14.0826748762445
-4.62146726963294 -4.58897454344648 -8.65132100794498 1.31837999698938
16.094959606067 47.5901854328082 15.9442139098583 45.0208820439177
-8.31249916146177 22.6914147944004 14.648841525753 27.2952095837341
12.4944064102383 41.8127913980923 16.099190685477 43.511560996936
2.73865541219748 22.7337059985041 23.4295630129485 49.4253951618489
-2.89219932970132 -10.6854493395914 0.7430222068207 12.0598762020172
9.01798705848715 41.0973676356569 19.5601784026835 43.1898725002468
-6.49712806998577 -18.482454316682 -0.150325085855069 8.96739911734944
-15.5940349498708 -3.1632105964789 -6.55945596847771 -2.29931720751602
-1.48612965264286 -13.0581318926866 0.0123800846674516 14.6626016075424
8.13249209267528 22.2937828955175 21.9461851457787 46.804733448535
-12.3434568161845 23.9282281808181 10.3767644677024 26.0870746549049
9.43918832093933 31.6659800152591 18.1962229906693 27.911139785456
1.04254609282684 3.16361988702858 6.27338289046041 3.6071638572328
-4.36713076263408 -10.7689588003262 -3.27270742369712 5.06944055222508
-13.9201646502937 13.765099429961 9.9807107861885 17.5545651463529
-0.567820977354439 23.395849267216 1.33568124988346 35.0757112419214
16.4615220700535 40.2729132961975 26.0177223167933 41.3583032272073
4.73316576801879 11.4122460201153 11.0833468435475 33.6749954535511
-12.2834434678752 10.9771964203295 4.19835870709544 9.95627787141395
2.09959130569907 4.87950778886382 2.75562905708771 6.09094177972936
0.0526653045288219 25.3589950763809 1.66830531191037 29.1655437579407
-13.1040604728136 5.04045869240966 3.129433903331 9.83710801131953
-0.848130726466506 -6.2818140298125 -6.02647022946619 -6.61816978504453
-11.1664057300651 23.8584236542106 15.8652082003269 27.7144883222837
-13.8119214591144 1.54358442229223 11.7569326878947 7.07889783653435
1.016815335481 7.46179574479542 -4.45418805585147 18.3858494800852
-8.80550995098814 13.6158452309664 6.45151849620729 15.1336104227382
-7.94068417700582 36.2264936469968 22.8312483040595 34.7165444749342
-2.21831233595325 35.4963177135628 16.607838815884 29.9532789626899
9.26099890224353 25.604633491551 24.6598701379667 46.6525338686123
13.1323223874958 37.3795929190633 16.7229725886831 37.3659679894967
-6.43303951056841 13.2730032249132 10.2297110280944 13.5706398882404
1.09763341797585 26.9531606925165 1.9036053285073 31.0648376849778
-0.582857052187026 3.36904549673317 10.6851552780354 22.960775733762
-9.85498314138342 22.802416537606 14.1482476577153 28.2947086893802
-13.0062187812704 -2.53117365827435 0.101361480307671 2.67252070467167
7.84710429362364 13.6925387774249 14.604538926242 38.0748300179438
0.568345012009211 24.1300257711277 2.44204754934492 28.7647570169212
8.51684511580218 20.9591734127012 22.0172115127101 48.1567061029135
1.05666643862945 13.4371056228772 -5.28993409583915 25.4192168040448
-3.09491561644523 13.5703875455617 -8.60907950737989 22.2140886432702
7.19559255690371 14.9829410564288 9.97288717654877 16.1857694802455
-7.55622725369376 21.7310989188709 14.5960465843509 31.1567160960516
-0.569699598442359 13.257939159552 -10.2792429970829 22.3457797135949
-6.69693586455648 40.280888074208 24.5004109752707 42.2704789530377
-4.09907743515019 -8.88191071109168 -1.30855189135431 -6.24086857724914
3.64665859214659 17.1846088084961 4.17260431669924 14.3276410340311
-0.0971981777891613 9.84099869640068 11.0164948043404 30.4954366561958
-15.3171233692309 0.385519553127172 5.40076069954323 10.4437604205507
-0.00503851275120892 26.335526194237 1.26008449742453 31.593460251412
-8.66037187076628 12.9576628825527 7.25152076074635 18.7393644200408
-4.4682180350954 32.7212709881544 25.7237190869519 32.6017067667873
-9.20102151469435 38.0463624450411 20.4936683753968 44.2089510237289
10.1598526431366 24.71355137979 20.4862050125577 52.5866577658008
-1.46436963107136 2.78305980681081 8.25148897362791 23.8231525274477
0.70325954967251 6.83728678482366 0.850844168110815 8.744252761431
2.70922731254911 22.7181603962126 0.80289848662135 39.242424291896
-5.5320477866268 -5.8736469553196 0.532005882402965 -2.36188835394568
-2.1089456080895 11.9066835918333 -9.0818840270682 21.7773238264961
-3.99613661936184 -3.30489389375077 -16.540771133202 4.72364751231886
-7.2837492179534 3.00625297482935 -15.5343607124088 11.0183194675197
-4.32941424781839 -5.63992522727458 -8.05430634060906 -6.4856228637976
-9.0416959764219 11.4412837169927 7.05144320526929 17.7211083946352
4.43243142681417 24.4223288681512 29.5125105415297 45.4216414668777
-0.704414820980041 36.4828025787993 20.07759158711 38.946742737767
14.442944880505 39.3934679699817 20.7779688557513 42.6140020601627
-18.5405351988691 2.29941620680937 -11.6355625699089 0.790566796931381
-2.94292032529497 -15.7422159202007 2.48795341254896 11.8703610711201
-17.29788738836 0.192825481462466 -1.05717342447803 3.685344563132
3.05815241642102 4.02628504086608 3.84957666464266 -0.127606188551383
-4.62302751370167 0.116837131276283 -16.9526594425123 11.9803583865095
-18.3793523312353 11.9288377277601 9.98691157210489 15.4175093393971
-13.1600700713871 22.6214491653787 15.3593431848863 25.1252303348162
2.97902344904173 40.0469653855241 21.3665943551755 44.3567248271862
-2.48727210936851 -7.68120669948424 -5.26557908499661 0.816707003741673
0.276689722505256 -5.38676276314532 -0.506310857161137 -10.0116213269107
2.5714191327805 17.2234108285422 2.16559621654886 29.3874497668166
-1.86096684794775 -5.5238317748688 -1.0508511049862 -3.16768590341639
-18.0448709882704 0.931711419166502 -0.442937133383534 6.81037245310833
-10.4827730731397 24.8675321241826 13.3295424724774 27.3766093496565
-5.93088662209686 23.389574004817 16.0251620609757 29.2858565879907
9.90721481418032 36.0147934591863 21.6356369275466 37.2243706247419
-9.55624876044799 28.0934221604314 14.1483009402257 28.8287818295135
5.6911075020002 21.4514709292745 12.0721172321322 19.1083283727911
-2.76718099196639 36.1487191712639 18.3305680098271 35.4976764523573
-7.88320462633819 22.6288628425171 14.6657035965367 25.1624636633928
4.51429537859557 21.8079354357462 0.54116532014138 32.323155219299
-9.97775872608609 20.269541679544 15.6741342369782 30.6699595660669
-2.9740076556977 0.145211341145563 -11.4150812141476 7.40498028932975
10.0542352649613 30.7764693097698 16.5893108187928 29.8650208799499
-5.46094527661185 2.72947683334468 7.26274764550036 23.0396990888132
3.94471770180458 10.4589735292447 -5.70767419685305 23.8708501277036
-10.8635192645863 9.86601943319975 6.11554487055221 14.1540387541531
-14.7190201781534 14.5448779197425 6.47842688560871 13.7130204999553
-4.73477102071312 -1.98828714697368 8.07645997309359 23.5247661496969
-11.2631751127102 1.60069828798971 -7.56312504510165 3.87528666718764
8.90570419243952 23.4986315367766 22.593834413799 47.6268740357836
0.611866439462537 8.18128867007734 8.07771893830232 4.86851937274815
-0.594484916381465 23.2112124351298 -0.0835418233416081 36.2652921961546
1.42355727923887 6.25218729278308 4.035466775127 7.12371412321711
-0.457943672086715 10.399089181172 -4.3120877741516 21.0656401727169
-0.154917074045103 -5.85804582618413 -4.35603451110604 -3.97394314576224
3.20496183759429 5.18830498645973 4.52824955587576 6.88969624478576
9.93177927624872 42.6956374588002 20.2412148567284 44.2031475288338
9.99840654991474 26.1894983044031 21.3795708236156 46.1888536006502
-1.13453320167419 25.3261619589917 -2.70885577912611 36.5922557698368
-2.98658650281035 3.96662686073471 9.94042040154796 24.6727029435771
2.70481419073266 20.5053383465076 0.202241494130733 34.068784688915
7.64777774777126 45.5570425578466 30.8354680311863 48.3930400303445
9.45831215372714 41.2256818729969 26.0806417876996 41.4757389583749
8.8587492028665 32.2497614315892 12.1589139688578 28.9659790023384
-9.66691160210108 14.1628114612787 10.9453270449514 14.720752456532
-12.2044901543293 -11.7189602003286 0.551808300245108 8.60510367473876
10.2096901824988 13.4878848202056 22.8024892016054 36.8173707908406
9.32694761520119 23.8455661054642 16.4186709021605 31.6686662898319
3.25181431860476 22.9521880054837 18.7779767441376 53.5867883798403
-7.38410529193858 39.320469248586 18.865653112907 40.6979725984417
-1.83333856641528 11.1703646017945 13.981135786035 36.1138671380437
-5.69762019959524 11.8780055955935 -8.2840813551465 23.1583865038191
1.01008024390575 24.0647848898102 21.5749018867356 42.9937616583989
10.9166179487268 32.6017151371312 12.93272293213 30.3065569839525
6.57482883867154 25.6742880019717 13.1146302387034 33.1594882895515
-6.18087206465522 -5.09914745066075 -2.084829682317 -6.86496303189434
2.63881018049797 25.2522458950723 0.965615681770261 35.1677755731237
-2.82002445778333 9.43114619189061 12.6046980152113 36.3916947397129
7.45945975709411 24.8077036306703 -1.2236292861295 30.6650440102019
11.8854065541232 30.6466509180362 15.4576812140657 31.8124784097531
-1.2467225717668 30.4538597145048 17.2167039740419 29.9579856923515
-6.2342928325508 36.0734216101206 21.2543274696308 38.8029697744852
1.62300344823286 7.70525388575949 0.0114309560914236 11.4009141424863
7.32263292761255 26.8103438709936 20.495727560342 44.7072676374245
-0.619527005777913 1.35428975248245 -12.370079411484 12.5528447380461
4.16115434661442 23.2998519168673 18.0845088768016 45.3503876065648
-14.8222514417273 11.9687580768894 10.1972263244138 13.3564697911813
-12.8895999304076 -2.6438561529304 -3.11448079262748 -2.66331491295326
-0.907867231298578 -10.5408134113619 -5.44162833307822 -4.70565422475818
-5.89739039418008 38.6076937839014 24.8245418817951 44.6676090693529
-13.6981752274072 18.0922862635719 9.81181360608925 19.607666841372
7.96670644284706 24.0683743075107 23.1658495953416 49.0693273690192
-15.4219894529848 0.605040287033425 2.33345421795123 0.272163724759787
-0.665125591984065 -3.02027816469067 7.8193200228418 20.760103650234
-13.8230985489758 25.066121949446 12.9626608066037 28.3359242839134
-0.786798829897769 -7.32671219561884 -5.79811457028693 -9.36717000078793
0.948780326029692 -1.73775986002951 10.0664681015927 21.1052540680127
8.45551917729563 20.9347046798434 21.7532101505954 46.77038288335
8.33503350955986 10.2062101437548 10.1555564290836 36.1147615650721
0.745983118304328 6.14572702591001 2.12216128773551 3.95967366368799
2.7467629718756 11.105458987198 -7.74996963118295 21.6994692219165
6.59740194364126 32.0134693146451 19.6711386587688 28.5661230776695
8.36631840853449 15.4396528895095 13.7169785529367 15.9842001024305
-3.96394173239591 3.45096734759974 -9.38309873808554 11.7460827596532
14.8038020777647 45.556344920744 25.9750085855017 42.6560202557593
11.0061190463183 22.9793953576113 19.2003116628233 31.3374308847013
-1.96536915323376 -13.2560393499142 -2.33601782929603 13.9759251222389
-12.6986292648241 12.3800267248463 6.7417765908795 14.740485175251
8.66867816670305 43.7537500099347 31.9885245444405 44.2774186368028
-3.46252004130417 -10.6137848583152 -8.54755206985909 -10.527195330094
15.2977238745553 46.3963210066807 25.482242931091 47.3443073897841
0.939533962653831 13.3275518827051 14.2033224746355 34.85829716467
2.81518524918515 21.0658940929237 3.14041573223746 27.7065409056741
0.266947975374374 15.7930377748067 21.8170061389751 32.5599087354549
12.0405004503865 38.2807811504793 18.0352411011383 37.6470138481577
-7.31143979008499 25.3742562352751 16.6951156180171 21.8443796672086
-0.556540796478491 -9.51415126288841 -0.638751725278885 -5.20176438087043
-2.98306993254239 -0.596375754761369 9.34953927738765 20.3701893871158
-3.18970639207395 -7.18343639071371 -0.646263660425302 -5.47021849825767
4.58003732795027 11.3248012825323 3.57690960896617 11.2587026996823
11.7068804568514 22.1252354377624 21.3304791337054 43.7849225265232
-3.20906703421108 -3.25752071705253 -6.06381557928986 4.91732747184888
-11.3485673043288 15.1294811662232 5.03007276220765 18.5889778968902
-4.1805742634703 -13.9626867451161 5.17028169193964 12.2380752941287
-3.24363855086819 1.69201358050758 9.41711704932919 23.5401268257117
1.80102838938491 -8.85902145441535 -3.13290172440244 -4.19562123541466
5.22621660868744 16.7581050053884 5.80314979978459 15.9232234827516
0.429952025009112 6.4784685649039 0.529861945734789 6.32315581769086
4.90997371126334 31.0396041248043 12.4218384018613 29.7968150399607
5.01195218467496 24.3118651700012 20.6956622024462 46.9881083018729
-11.0119451538242 1.95071176855889 4.89740596820139 2.9030561415197
4.00879444931399 15.1597600795232 8.92129768476627 12.3526577932131
-11.1796899410263 -10.2034049778837 2.12035893234625 6.32600391416832
4.8205731368708 24.4423770219065 15.5777080916696 32.8859922737586
0.0746307779747926 0.408082335434089 7.51586950487961 6.39135424147274
1.11402210335812 10.389659973598 4.43482274971161 8.09798013239273
1.4762186511285 12.9238099434397 -9.18000426892157 25.6939436310273
-5.81472567624701 32.6431427866496 15.5598105455529 36.9974805413324
-5.22622920844906 -9.98276905180053 -0.404417081986983 -7.73767761576516
-0.143098768762399 -12.5422437742568 1.50802948948096 9.10188857071244
-12.5722532868344 16.0049320193124 9.01626842129693 15.4570234534029
-9.75303862514266 5.15463588970169 6.95469076771477 6.59194423276207
-4.86585055001011 12.7999689898465 7.48776631264836 14.4932435801333
4.17437537094692 -6.52589669784809 -3.56741610361127 -5.77395521228134
1.37922214620652 10.6491195023895 -2.33142960605963 16.9453084265856
-2.06250727586119 -2.03724720086231 -17.5438130950892 11.4913644198264
1.68060754337841 25.9236281685615 -3.08110000046722 35.2362410675196
4.72084147576702 20.0868257779781 14.6220332310242 21.5288072742234
-12.5322702353945 21.9425845965655 15.5889456690321 28.3933622824129
-4.52610145168185 1.52409681803828 4.10622493346115 21.0222514988434
3.92311631068296 27.6525440242206 19.8678297582151 42.6671918378074
4.92484024297602 24.0371746928603 -1.09605880457124 34.9375315467943
3.56227352850055 24.2886684388563 1.64804270447145 34.5600726357793
-16.5222910028187 1.96543275653249 8.32234759992035 14.5878042749895
3.75038638214314 7.91107140099366 1.87624300193416 6.63858340082372
17.7550110561146 49.4412873380408 24.8203027784419 47.4551862210181
4.8257826741022 19.7898765540724 11.5044552859424 16.1719891698174
9.61470313102433 42.7439835560831 29.5437550934953 44.1899057230209
-4.35716319916039 -0.685761268777439 9.14723937475172 22.8480263992956
-3.71668002821593 -5.82285803020025 10.2521622317703 17.9260258493172
0.58997471492392 -0.318591144339663 8.25103782444515 8.30630075486401
-3.55056802987732 35.5238346799931 20.0680380249985 32.6424132158341
-2.9608108854049 11.6074171124549 -6.4607233850374 22.6028852736615
1.76632281952371 13.8832219222215 10.6097891842039 33.9406868861992
0.378238152133777 7.18143154157492 3.03803129009922 8.50475130210148
7.00983922514088 39.8826479442495 23.5247890220686 42.85017332859
3.18988830383122 28.6324814999482 19.2483417488163 34.1980488491553
17.3061899752222 41.794913706895 24.8403933608478 46.1710481137062
-1.19147747425893 -2.34868055308454 11.4175463426857 22.0075569136483
7.02754659557914 13.6808766654545 9.15509964975212 17.8553896361011
6.78733125728364 45.7057943410208 25.6459812661299 43.1948747177473
4.33244707207138 -6.23396992481657 -3.27787684184745 -10.2295021387456
-1.64960064316094 38.4085919173837 21.2755611548899 37.7281626980876
14.818407922002 44.4479459497055 25.8799613045284 48.6292954240666
-0.923086132108414 -5.26989399111902 -1.72864829382608 -7.50253073913468
-17.9404548140675 2.67975664472209 -6.95436121621249 -5.85065637104273
-8.82426001213091 27.6666121691085 10.9320506419824 28.806374521389
3.74273511275049 21.1859169011867 2.67256302640738 29.1286632991952
0.48111026232912 -12.9413480537415 -0.829110797390332 10.1985785248776
-5.39530982253471 0.170942756709333 8.01089376398135 19.8575828488059
9.18388921111041 24.3847607478992 21.3992822935344 50.3194219701552
-5.41057623357945 34.3313665508236 17.6763111537199 42.2574004199805
-2.23471995372957 7.91518401294176 -8.65094160018409 17.2654918700121
-3.39276127078755 -8.96505260266531 4.89842596621549 6.3095060814359
5.32387636704515 13.5509251778618 19.7244492339382 37.2437257557121
-2.22118477959124 2.03341805135408 8.78440472482292 22.3291981322736
0.643226726176577 21.4850709153788 20.5128164519072 47.6673333089588
0.641743115571721 11.7529637098423 -5.08350475523236 20.34096884702
-0.379885412493052 7.80987918565328 -5.3015548447161 18.9540817671008
6.77687612205106 39.8936695492028 19.8611355266784 40.9164259958268
-1.17177978817641 11.4512270353929 17.9136590990575 32.7477578922712
-9.57414486850774 11.6940392622325 10.1076738889738 11.380771264211
1.86905943525027 25.3870418990181 24.163125172543 53.3934525349994
4.15104867025481 4.63370876871127 3.62765792872107 6.57271537877593
-11.0067397242359 14.8529931640748 8.4097781997202 13.4834801951626
-3.19911379072682 -10.1393980429583 -1.6680479162301 -4.68615633759613
4.80700548536144 27.2841099241723 -0.423060658443326 33.9144704005731
1.83166061463482 -4.4476931484646 -0.497070538981523 -5.38260067317291
-3.73163814445181 1.47713153875505 -4.84246165572509 8.73432615108567
0.220187085521505 -4.58249313519752 -7.45209442147345 -6.44177498752429
-9.39298334951345 25.9193256141178 11.0164120501525 30.9916004819993
0.278475000865997 7.50623710840851 3.15696534389447 9.74987506484373
-12.9123471337343 -0.992891236960255 4.89466773961279 8.39079829558436
11.9950211715576 41.0793217725394 24.3177083647063 43.8920532338329
-1.67894492753454 -6.09846782947334 -5.43326516579807 -6.51133056084875
6.2043796994939 22.0546631967396 21.8410613227599 50.5374208324384
-11.9693340226824 -13.8948602258518 6.95424487782149 11.3140263015497
-1.89147769578071 -5.32804817973867 -1.33122221326403 -4.19059070849969
12.9432104235669 30.5568987802618 14.921811959696 31.8970945467635
-8.10265099504217 15.6507390421617 7.00117699080538 16.5076284997586
10.6333625809321 42.8470899254995 27.3230520463689 43.8750261638646
3.46575083656754 2.96733993978097 3.17253397614272 7.40258971116228
2.99290054765517 22.9684779229349 -2.89852086650822 36.0055220723094
-2.22480546542517 11.9746851497462 14.997093033638 37.5068913876255
6.19858972785653 23.7223224573562 2.4540669501523 37.8198236963758
2.88284692490524 27.8808122950844 -2.63259246989856 35.0705979777235
10.1839563763695 31.1905562331311 19.0726169994746 31.6821241934111
0.671721181104397 24.7951254309282 2.52912869425891 36.8300687333108
5.36223896636597 19.5333973691084 16.5872561848981 19.5157155626115
-1.0628714308578 37.2124933304419 19.211147459411 38.1514594705588
-5.31801388583846 -0.303171947933959 -16.0323515737869 5.72758251996023
-21.4372909688034 -1.45288349488597 -3.94877091439986 4.35704370029491
9.46201633816892 43.3591475082533 19.1124103509477 45.5577643269859
8.54383049298667 28.4968968901481 17.7468527800528 29.2541255713484
10.5631582225469 36.5645508595239 23.4440847028835 38.5541541960224
0.960183358402902 1.2744726624327 8.57594724486618 22.3334719023124
14.6941889962498 36.8608133130855 24.8548438727125 42.5745190924159
-14.1437577663826 -0.689454543815155 1.5302661891709 2.86330014315455
-2.03258888611469 10.2446681332829 -5.97950548134555 17.8323095966247
-5.10568460257764 39.520824835976 22.5704650630843 37.139331917055
2.5032610755579 7.55322566731778 7.34347165962755 4.02454475138828
-5.25012557328057 -9.66693161940236 5.0322657131997 12.6671449724417
-4.11583208235131 -9.92199170083983 6.8125285449443 9.27173027245373
9.90762896287962 38.2131001126484 18.9501387581172 40.6606230580983
-12.6078884864674 12.098633759346 7.81663873107138 12.8956974469225
-5.66139893122517 -11.7357660916149 -0.324073953421645 15.1315756637834
-4.04474346412036 -6.72719558659712 -2.75249437738119 -10.9081281278055
3.77545130223114 30.3663051684143 17.7007659028148 31.4061525227553
11.3992727908592 33.3073800268466 18.480882342309 27.9171226977467
-10.5496041666824 26.7211994936828 14.3459144803873 27.6034190194034
15.122276589415 35.7976163294902 16.3522410638308 38.4396659472649
-10.3448268652388 26.4646163959278 13.1482244258424 26.4509976975536
-10.92301049081 0.397164296216422 4.25366169464692 5.97796234675173
12.6995170583552 43.2994709372268 21.9814010886209 44.8390904542049
5.24342899195403 5.43541915273847 8.72774102521794 25.9738556659322
2.65834334421228 -2.65004450678901 9.04059484242993 21.7168361422059
-3.51353663445738 36.6318192273445 26.392050326655 40.7840605034069
4.44028852330294 18.845516956359 9.27911148623803 15.6770775496092
-15.728692993391 16.1261832321377 7.57173108140883 21.3296421284017
-16.0120768384061 2.72071853111488 4.09317759620261 0.551847298973809
-11.2286351371619 14.6625318833536 2.79845594202382 15.4514602124568
-9.26560796693463 27.9634322775673 11.3345312011022 28.0540741801443
-9.79470395181333 42.4977374951692 24.3673067782483 43.2375786638524
-17.2426912334203 12.2036047798126 4.37386916637919 13.8666813717592
-1.74136426687109 -1.24022850555676 8.89826628111898 23.5572583606304
0.997903313756428 11.4891770461974 18.4878194910943 32.7099984003337
8.46483027512558 32.7577811182832 19.0349315520666 31.7519233909385
-13.4869922291694 13.2250716822692 9.26878541804173 10.5322516455053
6.79267486640114 17.3477485302781 8.03517794464613 20.6043641347102
-19.6209601645934 -0.985865025239265 -1.55379163204762 3.55400203332131
1.69113452888343 -0.295615749884933 5.85818643254279 5.83907187813057
-1.42461237112882 -9.52594076734715 5.51470873372983 15.6358142934198
7.18829426644168 24.3445559207257 23.4746706016428 44.6789280009041
2.72409555056297 0.896051689608415 7.55870415112893 21.0250365235833
-5.01518723102005 33.073324317607 23.2016763932035 36.7234363888098
2.48656193564867 15.9420166667898 21.4479490862321 35.1707751814657
-4.43442951161699 10.4444017116655 -3.9733045120806 20.7402950569262
-0.363506070728596 -5.70205611066392 -2.92504018604923 -6.08097959972941
0.175507919886553 4.93510023675067 2.33983295055733 8.35523799936885
-12.1303468366146 13.7614721219295 7.54462692565612 16.9257530357906
-17.6570639868308 0.529557010649288 9.81004921403728 9.6303358474538
7.18752987620842 25.0214585163774 20.8395265790032 46.2438858782607
-3.04679566268996 -6.40088431057371 7.6955112684963 17.0640872751983
-2.77231705565871 12.9465905225666 14.726736919014 36.1942165571264
3.06450379300648 17.4772791051746 17.4992954151272 36.673710249035
-13.029674812269 9.52755248370007 9.99123085500506 16.248290119254
6.87104336463773 29.9978797258147 15.2279566324836 30.323384872449
3.44490626325224 22.9420360979475 4.38034214247602 19.1178517851131
15.7137188800908 35.9715207327632 22.1194467733896 41.2152560925718
-1.83269476410277 21.5616685534305 3.59334571138762 35.1249959613142
-8.97080316560913 39.0429432303716 18.8255415599021 42.6888475183921
-14.1033982430573 26.7089385634356 13.3460031885594 32.1142955619234
-3.13516627797585 10.6772714028625 -4.90982515053833 16.6699564241825
0.617463347891943 2.25063530947444 -0.464686024670726 3.48185495340916
5.48392548083133 25.4811360073699 -0.0334508301226683 31.9426095544807
1.41633010558857 1.46186310595933 4.77551498242293 22.112819847421
-16.5120539345075 -0.136684875255842 4.15327326540812 3.62447025014053
0.32994497246359 20.3240809433822 3.85663674041824 35.0037485000298
3.79317022194603 23.1587004637483 -0.753926412517772 29.1512284047042
6.76873205234178 10.3467841440198 18.5658141467295 36.1168470476522
7.07829177847474 24.8526167490765 17.7749552821707 46.1545428361501
-3.29775734705769 39.2161699193282 25.3307092705381 43.5356459565234
2.47434035987787 3.27344009722465 4.01758709871154 6.31868365682984
4.97017034229504 23.9214525480886 17.5752946899896 44.4952833653366
-1.82245311794543 34.7314587488259 22.496094990874 35.4923453717388
1.82957372382452 9.80894029459611 4.82260878900335 4.71755658513845
1.41598457070827 -5.21096952236175 1.42862002476416 -4.7827251438853
-0.897171531729228 1.83842949348049 9.06861364827358 22.595861962452
6.23909005982453 28.819020768048 19.1083685504419 44.7973221165364
-4.34539825083831 34.7472384079294 11.7703588979374 40.700327086893
-7.24980959060948 24.1894060057097 14.9675254432061 25.7159443064594
-1.57729502000698 12.0362809285949 -4.58297605699275 22.4496591760453
4.72375285606127 22.7855667253989 1.54825967157291 31.0090541704168
-19.6987920247153 3.8631884648972 -1.83343944109828 2.1580447157025
-0.979021179761442 24.087099924577 1.76102941769539 35.6329477492634
-11.9515701625163 26.0215999323353 15.4239286804266 27.6495911816825
-8.12376292005009 40.6732198158947 17.8259136308282 43.1734225731938
3.41780708022994 24.3300675998763 18.5360090084028 50.3229608620424
-9.95857172435747 25.872588628522 12.921806646964 28.5985007117257
5.71708489345676 14.8808116734806 -5.15662920757405 24.388452522762
7.57230160352006 29.8045072809819 22.9609322751455 42.3732317791276
12.1574758006875 26.1076266853875 23.4341196494993 44.6444702777179
-7.46972702776686 -14.1176724644851 5.55971875225198 2.78381247498776
-6.61569087326725 12.1512097698054 -8.60810939439185 22.3787914961946
3.46147131152997 -4.67360910517287 -4.05475631378182 -8.42573124898812
11.8211601891467 41.8628803073916 24.2462219616656 41.6770784120594
8.49128136616071 27.68709817374 19.9787744395265 30.7462974703541
-25.2570691059359 0.0167072442275602 2.74844465685505 -0.889993242665111
8.70837166663344 26.9185375717366 20.9918976512499 31.0394518509205
-9.04445355293711 38.1539068353478 26.7819970846154 39.4934944940917
0.0786174748652277 13.6612962041811 -10.5130831141662 22.3733515551657
2.56805925382128 21.5093579590141 16.6039438063913 45.2583592053051
6.82083656693297 30.2397918564044 17.2630855064082 31.6178851133736
4.22259271946272 8.03507260416869 12.1510794725626 34.8151328283469
-17.6916472745529 1.37532939986593 -1.18503998261277 2.2835668259499
3.40451968920008 18.1158185052314 6.66106374470209 15.8805361702288
-3.5499220442014 1.98026038765816 -10.6553849040814 13.8584124402873
0.972271849332377 -3.16410844201667 8.2981680252805 21.4555616990329
-3.60409730312831 -0.991644192400699 7.40525393790247 21.910274855412
-8.93444807406073 23.9408936698786 19.3424220717655 24.9366450364955
4.70189464141072 17.6892810214571 11.7040837758773 19.4910148809244
7.51762307916756 28.744182223156 15.8671518994902 29.5570783110043
3.36103282300157 -9.96734818821722 2.54503015217072 7.19388114391824
-10.9005948331748 25.2149061416661 13.9547368358092 28.5345562666807
-8.41873214786608 23.2704972571627 14.5517792474234 29.5920095859271
-0.0448858602854418 22.2863155241565 1.13158964968999 33.8846443181546
-14.4902123887703 1.52672476865186 -4.86055785201484 -0.0381727161702834
-5.94836101787116 39.3141776489218 26.4269180666261 43.5260945390387
-4.20744589146144 7.50709949219628 -11.2865555795845 20.707468731676
0.0947755461229578 4.7014327375119 1.10324521268415 6.51729593745909
3.89258136216511 10.9978976763632 0.514422721762458 7.91057160905852
-1.53010225463216 -15.3024664270238 3.69899508325362 11.8494749612913
0.458368604812674 4.1105284627054 2.26707686103491 3.82914691895814
2.4123834114217 1.50482759133332 3.12089981041968 7.9255164235864
9.31262737860087 30.4914020768655 17.4085307134764 30.3018373799023
-4.03759492362532 3.21875448011907 -10.5072058926569 8.79171613636758
4.70705406820125 28.2784683212572 12.8951616920995 31.1440714895693
-6.92460725613218 35.3013567568765 21.3673283445871 41.4314885679713
-7.84717947731742 18.2937757074166 14.8897187119354 28.0848898051016
-16.7037389403832 8.54210354901011 8.40748776049602 15.6055612395415
11.8526068270874 41.3983720703525 23.7991300262341 42.7575856197149
1.94339950821454 30.0693676994267 23.1415001340837 46.089087911867
-2.1139622257237 -0.666549230989386 9.22224355109669 22.1951782714306
-4.82449507070197 -2.85546209730927 -3.6716896663769 -3.69087557998206
3.83815996583257 33.1015736909537 15.0946244014799 28.5930882699014
-17.0909485552432 -3.10066166276001 -5.57748652214322 -3.48808187559107
-17.3110218149011 3.04756521199428 12.3318728157722 6.49911404618519
-12.5636204008141 25.5425769963296 9.37317229275207 29.4846526241515
3.4336762637543 9.72207178967364 -6.97649405142159 19.4984442337645
0.5528328490646 7.82190290659702 3.99425205083865 6.64152328791463
0.573645967359725 -8.93953296036077 -0.255764992104655 -13.4228139569897
0.981560869754262 -0.227156489802788 8.88621713422232 23.3566021897525
5.5107194480418 18.8176269220761 7.6652612777277 21.8362759424511
-13.8104548965861 -0.487137949835413 -2.31477600901708 -2.31505082576651
1.33911689481818 22.980640473516 1.04903029744453 32.1606548335473
2.69010339896038 12.6906496708962 12.0160802065187 38.5879675632281
-2.28785140241639 6.39839635007288 -3.76408759390604 7.01262382473113
-17.0931680414022 1.63556730357375 1.56414084397282 -0.696615176380559
1.15025257682467 13.6206665694121 20.7554239046585 38.8548851771649
-0.944807345595961 -5.06539902123568 -5.46286901610211 -7.99628951677401
5.66881623992806 32.9629520623658 15.5428498113306 31.4131062247393
-6.15305834018716 -7.87496567318465 -3.94983369946397 -6.4951415830282
2.2190159045013 -5.70186961224018 -5.80618817517909 -4.38364244082768
-14.3345827684032 3.72848997943152 13.1627796031932 3.75317934443742
5.67422666147981 27.0592855242736 -1.68881442301793 31.6900986022247
3.7968936666748 31.9244842904447 25.1931324237972 43.272595329635
2.13684396082797 27.7248818010598 -0.448673925794999 35.4889902993834
0.318357849415337 5.15893984525181 4.31466037045689 3.93571400528129
0.892912892217609 2.1561228127984 9.32339297522919 24.0086995293392
-9.76315114733972 14.9327160503391 10.5983289160084 15.4205205360734
-4.48101977873777 -11.5869193921518 6.28333361789103 12.6205330653167
7.89920569953356 33.3720575629747 18.0497209211849 29.5900267636708
-8.24835800084143 37.9212566645678 19.0363375627727 40.9700345744358
-1.32965449402032 -10.5795340010753 -1.15190398264431 12.9987143071674
-12.1806590753851 -10.6595348155403 1.5377813313875 15.0060860281362
-8.32107133687418 -6.62990234089871 5.67261962102507 7.90325418854641
2.64301180462567 7.02680329431735 0.867344639490375 5.97412115029779
-4.5073773607999 0.610878082698712 10.8112609711788 23.6241689455583
-17.3930986113277 -1.57152564340778 -2.38792285383803 4.19277738456065
0.780909677361445 3.08225595511343 1.29206574630154 2.03693581927506
-3.74430477950873 9.85547147629029 -5.11307719487556 18.9069216904912
-13.101624123709 5.18094831178122 4.00422726709684 -0.0689632660444537
4.84921534278895 21.443430613191 6.69795219409224 16.4279116293139
1.83613084259072 6.11770568237043 7.97767847084283 24.9608809977163
-9.38003467731347 22.2211744935216 17.3976405034645 29.7164560533366
10.1697987381722 26.4151969675466 20.6365359813633 46.9965979637841
4.38578475206723 10.0572154378936 21.3527096161384 34.199290533445
2.68672235865549 27.620943007698 -1.13858060823202 31.6086314196923
-0.063261432703065 -3.60929264463643 -7.38994984550601 -8.45401009215903
1.83761458456775 -6.44590251310155 1.07816219178525 -5.86537098046262
2.87259616446164 10.903819491135 -2.97215442981749 19.2027725311281
-13.8940712045299 27.1397152582176 18.8305560398546 24.5149436506566
-11.8377109262996 2.15364666281364 17.0081166861322 5.44845230002618
-3.77629906264782 -11.3973485691938 1.43232079070111 9.24511942094892
-3.91780137024828 36.4244728721282 25.5764970191009 39.8389859997885
-4.74482151449253 23.040297201482 14.2770331508367 25.3277554181182
-0.650216470848539 10.1829512315647 -7.44813777846161 19.3125413205686
7.70283988856548 27.4772768436968 17.1486427269568 31.653512489609
-5.93672340460152 35.4848214092577 21.56457586295 44.9792199092017
10.0815203526635 15.9951003881033 20.0945507103193 35.8934013277797
-13.8593892293765 0.698290563368318 2.84693190378892 2.0485604424173
-15.2016358973453 13.5823126809132 9.51600271209506 12.3707644041144
3.14997063335202 23.7287233386514 2.42762323430136 33.697936667097
-12.9008201612981 26.2941191099218 15.3555706657226 27.707966093047
6.10064810226902 27.0105694035719 22.8125418265113 47.4106299572081
-6.938280515375 -7.58325925377254 -1.27292113433662 -5.19288081287077
-9.57057498093364 12.1622291657414 11.996012148038 12.6244240869236
-0.0670583061739096 28.0887467750475 -1.81000331139395 37.5002797985125
-0.556848145855943 -13.2501742115664 -2.24333433099491 10.1375899598635
7.64429511538277 22.2010436357467 17.4963773951863 45.4859788477472
-6.83413366822481 38.2675955698855 18.4347572088095 36.8475363372005
-5.81055107217578 -10.1958802234422 -2.50789295082303 7.14873132669548
3.44868495694599 0.00895107939265749 7.14898095895817 6.55118571798243
-8.21333659909863 26.6549534433136 11.3812550075959 24.6945054778783
-17.9773861486546 2.72530657805259 3.91848975814302 5.10725683341966
-5.30138744094216 -2.57144415424241 -10.6548520138846 6.44028337247352
-5.46978308133065 35.233322234246 24.2468450158828 40.0885900798032
2.33981757299556 -8.12452215392813 -1.9895261472922 -7.41067490279036
-4.60949498851531 38.5070196199187 18.4281955284429 37.4300982279546
-7.01213124542495 27.64017644759 9.38764220042374 31.0187377137123
-1.30237162974163 12.7429426978454 -9.9171620618571 26.5487231787211
-8.75027702839268 12.7949998013084 6.11597160979488 15.7030452827007
-11.5400228345505 26.0247997857919 14.4254587576944 26.9822306113695
-17.5426913026037 -0.17076320785633 0.125077883844793 4.43680540136561
-8.51936011977874 38.3759323711763 23.1355144913787 42.3771249393931
-5.24070136157815 -0.272578035762378 -14.1099963036855 12.6205900898245
13.9530963071651 41.6340238961866 20.2970384611809 46.176360001557
17.266098475979 36.250080831603 10.7443929086997 39.3988528252934
0.810703971892818 26.4199951890925 1.24456018364322 32.3313056105035
-3.4334999043753 -14.1299128854751 -1.80743880683888 14.9964814802375
9.92212823460862 24.9903533613791 16.613709453328 31.8431248340466
1.79755786631261 11.3236518910695 14.8551772354286 35.5501613849726
-5.25297232738529 22.7879698838354 12.3643223926817 28.8357537356496
14.054658355986 41.8210218568105 20.9475087637592 45.3170440101756
-8.53933525662037 35.7996029094003 16.0403481104136 43.4265547230543
-2.49822204447435 20.6933499993846 4.3203545232302 30.814635830417
3.48265957705886 21.4678137459538 2.51403386712335 24.8391994488884
-6.08387484930646 26.6671345775903 15.2729380409498 26.5843183014208
6.37783812649194 18.8352431754641 9.12119979557579 20.0947416128352
-4.35093358177314 -3.87721949532277 -3.58064763818923 -7.54190909067648
7.45847672466802 23.0456371142249 -1.04634208697963 38.3160911164138
8.41077714191799 27.8371977816664 16.8342169740905 30.0588517006912
-12.6119309731112 5.34747409107702 1.70108647355814 0.0101974406243808
-5.33885532593004 -1.90073879714519 -18.4556591420965 8.25163405300725
-16.5858482217275 1.64634533734377 -6.10418501515927 2.29032895434505
-2.02377242228311 32.1407187738653 13.8419628175065 40.6058454866118
10.0467444863843 11.6651816180101 10.5929068985548 34.2158526224539
3.43194819411731 14.5790518817907 -2.30319484641121 21.1570256605087
-7.39446179068052 14.6449420952666 5.98978250460545 12.8963390613734
-13.4948976488691 1.50833467697977 1.56983173092358 5.93617927901743
7.60103940861284 32.5768634617128 17.2504502538358 27.3702076077972
6.091426063895 24.2652385169844 22.7149399743876 47.1438277432333
-6.34295128924533 33.1153993395053 21.8468859506995 37.2819518143452
1.60553485277776 5.96028989831156 5.70876203613146 11.4898872608738
-0.407652734624916 -14.1912312034198 -1.82356607965841 12.8268627024893
1.8133654929981 -7.73083953031785 -2.2146455853888 -8.12743951732454
0.371238106902482 3.33983475685332 11.2408355385423 26.3830678057661
-16.9744998359722 -2.90895424440788 -1.8819610465093 0.376249940356507
6.68464300716773 18.6815171046091 10.3135700425164 22.1873508928274
8.30342458219039 38.3721780837806 17.5540763059906 40.4485200483854
8.34738960488585 43.9144519846342 29.9916766498555 44.7894448793951
5.79085470772522 28.0833588343935 17.7722661696738 30.0257308945581
-19.9605854190609 -1.15672672119713 3.38608647029585 5.21104310601127
3.55582508583517 12.2866157519609 -1.47011231076475 18.8987381694129
1.80708192724107 12.8952978050979 -10.3084977642195 21.2391178614823
4.99491970623622 15.4333713645401 18.9525116364096 16.8753934197681
-19.1858912507591 1.3885903151765 -3.17795095815807 -0.395417245507796
10.9080434281163 22.7632179412282 24.7104160374893 44.5254975203171
12.3332809470813 25.1348529880985 16.3276544447601 32.7492465625802
1.58409952694548 -4.97047882138755 0.982887559813063 -3.37968637153981
-14.1683188407186 1.80529016710597 0.375552834267426 1.32047860880858
-0.953276091163286 -3.71665720317923 4.86249490601132 20.1181230636665
2.47063781928064 21.0634684492264 24.8020068679354 47.1193483234502
-0.441525768569423 13.2074119324449 11.9225955782363 34.7799953388242
-15.1364226582931 3.06511480630638 5.79941760079158 0.778326911353423
-17.9996748789404 -0.307298576952878 -2.55430132473966 -2.16784088263134
-13.2698518858098 21.9584438868589 17.3688233413294 24.7786256711718
-4.91482653704805 0.635510833768976 -14.0705452799197 6.41406535961198
-13.7488825500363 9.37001440450099 7.37371366324445 14.3784969808387
0.137144260382632 -3.00171254460785 9.62464742370287 24.6822945823872
-4.32054667163427 -0.666578509979587 -9.89812072986255 8.46269929167384
3.16179455306997 13.1011093758838 -6.51807504136843 20.1320077139351
2.08372272188294 24.5250448158465 -0.499377531290534 32.7836195700473
-11.2055121717539 14.2384852436495 9.42527787420586 18.1865124929924
-13.5214430240819 -1.96042564710907 5.47375795401803 6.41934800904283
-5.23834526102681 -11.8346835501896 0.435949894100976 10.3839863968799
-3.52488442022625 8.89950356366047 -5.80302041176286 21.4935847561552
-2.99721067053566 1.2477925586102 -15.1112045331695 6.46270153955736
-17.83572861823 -0.696811602187541 -0.561916304646699 -3.37841322471397
-13.8554300514018 14.7646998120821 4.25113163392071 17.8332531767481
2.2581454819519 10.0509907399233 -5.83985742572183 22.9087938862072
9.50034384135652 27.3325440219203 14.8978751853128 32.1419449553525
-4.66390221018817 -2.57306847537304 -8.9287905676919 6.29184863292541
-8.13436373339485 38.8878245438143 25.5754891749728 43.9581706845941
-8.44469986404267 1.04926732410295 9.0475081339991 4.62781760636653
2.11885924258517 4.40767947579239 3.04721990919856 1.88993531632415
-1.1919815671386 38.2869748141901 17.7380207609532 40.6421111848355
13.3717326626843 39.0471099599449 21.5286897031925 41.7565828581776
5.44655843502677 22.3279457424876 0.693370431480834 31.669847801579
-3.53876370657836 -7.52884499485209 -5.17396569987278 -6.77004067212692
-5.94593429308868 34.9278724815314 23.3950482191556 38.2833094647038
-0.245694957937523 0.831706217945278 8.22687775502717 23.62683021221
-8.77525944045514 -4.92374988229395 -3.36614132503174 -2.69565103031963
-1.28314816869647 9.59707377548843 12.5792424328112 39.3224763383472
3.37339212580318 21.1138951717309 -1.86532866954282 32.9798902062311
7.26588282958923 25.7778138525023 24.3909330984467 45.8916603689205
-3.27306012090728 11.8163713760557 18.6029402727841 36.1543691893782
-12.7718039461494 12.4429024378475 6.37711751949193 12.8293287250462
-15.5310614390961 5.43460359559075 5.24473972832162 3.45245583671525
0.976297928371118 21.0833049563779 28.7036330775746 49.6395050402359
-6.97368798504536 29.0134350136997 13.1352273700841 27.0455614379957
2.19202106484368 24.7130340642389 2.55413545206846 27.1298200529154
-10.5719532286754 10.8280698910254 6.50040850081982 13.4577407396623
5.07811770034317 20.0209040661514 6.4117099938326 22.7395384229367
-19.0990953100526 4.27774712233581 7.37215277097398 4.17144072359103
-11.4694536059294 28.3012297939243 14.7195768504922 26.0274737154085
-16.2261731046864 14.3979698743519 8.41824138251939 18.6660660678268
-10.2654953658234 39.4671310359757 26.6654535434983 43.7999348595366
-8.0752236449479 -3.04123744831143 -3.06797374845308 -5.632903482663
-3.63267404994588 -0.758411144243155 -15.455774702596 7.88541427177648
-17.5650531097116 1.08029747524217 -6.85844005834252 3.1928004933117
3.09806704807884 12.8849228583608 15.5381740558691 33.3149504678708
3.49732290226568 22.1924505768529 -2.43141571197544 38.3258082559471
-2.30056290464187 10.8558314375501 -7.49393219077594 24.4507063396416
2.82630760354319 14.3906348752795 8.66175761244126 18.6967562359902
4.52763881296559 1.49324562586546 4.34558657246244 5.76825029755284
-4.60539711514923 -0.590126861191673 -4.05282545483416 -10.8983190307105
3.08567619321329 28.3691592675781 26.1819321718291 50.1259507517685
-3.90504262820508 34.6030719268421 26.3203338085208 34.1669637661914
6.73423847680981 23.8585046877758 22.2144878208837 45.1929509131155
5.20664230856136 18.9282567268957 10.5521818863506 18.4648526522518
2.59055155304483 -4.58531464732639 0.0785319779787539 -5.7036438859282
-5.2967806695497 -2.42396512945187 -9.63331305455064 9.84521449002713
-1.49885235478174 -15.8786058286279 5.42300550866601 11.487990039274
8.8265186532915 30.3910448664279 20.2144678948023 30.2390967739352
-2.30896746109268 9.06681367264162 -7.3256829118423 18.7984595881772
-14.1685408143432 1.65539740899954 1.99191373541501 7.70998221552132
12.7063004556576 42.800516816905 18.6938911429431 42.9478740576934
-11.9386047128098 -4.20594063050799 3.18507249875268 -0.415180747569229
2.43430902503324 23.2643659344433 0.0598630553003555 34.1632789499767
1.05074597728044 6.84336715292905 3.80613995465268 3.58702867007892
-11.7320887756561 9.12276825386539 1.6420201077458 7.87029980478686
-2.21735394187724 -10.6923808055127 -0.246832427676575 13.1495701302847
-7.16887923309861 34.3268706450978 24.452524257877 42.7819558620609
5.29014252614925 28.0627989386178 19.3905487094347 31.3462520422835
0.613354734636288 9.52703711183732 2.785546030626 5.14763523118712
-18.3320367149836 1.00467919735452 3.45436550424686 3.45367939607824
12.7807458271933 41.7462318747802 23.3856723213071 46.2818040679873
0.381050350963891 -8.54794519836822 -8.19450751008284 -1.691061297004
15.1990142722657 47.4725920519533 26.3347472917897 49.0998082605357
3.09255930640444 -5.94330339887633 -3.49386018302958 -0.108470503161711
-17.060003915633 0.705008301733294 4.6730108054208 5.57933772824113
2.57659948750366 23.3921380950057 -0.998284884959358 33.3260472366407
2.32669447219814 -1.70308588995731 -4.89607940516469 -3.24767592110405
2.41756966392912 20.6131725927185 2.30793514465397 32.7035354134244
-7.54788047924751 -10.6851897310761 0.904805159249153 6.68323643057243
-18.5505056160086 2.48165662745496 0.88648884709677 -0.142636846215221
1.45916393397089 21.418926803559 1.10549116314261 34.2661936159165
2.94351717487589 24.1042587067601 2.86061360079265 33.6727504242061
-0.6206039883809 -12.4120328500842 9.36371588065372 10.7122653434564
-12.4267720189172 0.847887264835889 5.76008367120576 4.69622246816772
1.61763070468438 21.775508107765 5.66124440851658 15.0289357684567
1.28860405672947 6.5766347125302 5.0266135024057 8.03197097302698
1.56933404762441 26.0103624654617 3.96765260716903 35.7078042236668
-5.0452891287468 -10.4315745053616 0.843777578271558 10.6497892109578
-14.2635348465995 -3.86650939097385 -2.56477431090991 3.3696360155436
5.96364813382203 43.9161288833127 27.1104755597622 46.950889332339
5.608989754349 14.4812776275311 18.1444721101585 37.9235049210659
1.73925645155862 24.5760781206176 20.1802435307676 46.3269892633671
15.0486662978759 24.8003424996082 14.4210092954618 34.0552884683684
1.1606144615468 -7.5773090636031 -0.73363147051063 -5.32068633336738
-18.5265111478358 16.3407113194405 4.52986333204599 19.3881542552456
0.00734706112705419 12.1524402034486 -10.7093496155251 18.2583397674917
6.4011474932714 26.4949079313167 22.4504962263762 49.2631146379247
-20.3064685291665 -1.30241568940328 -11.9640527232206 7.06150508422334
-21.3802442729446 0.353574505108704 9.02113395619967 11.5200149507716
6.8479094846717 18.2819918464674 21.041825537098 52.1216576517848
-11.2333472737723 -1.59620488340722 8.63710607705443 4.48278009119217
-5.00726597299015 -2.67287337997365 -10.2103653975743 4.9472164664495
-15.4034144203699 -2.90041951173891 -0.900700533577669 11.2678406349229
-10.8553674071185 -14.1313398454993 4.80431546891384 7.31760366488542
-9.35969275379943 26.1376968033648 14.1488158373192 29.5345407752389
1.69214126254349 11.9096652226415 15.1268436483737 33.960732687895
-7.27811042350401 3.20510865127629 6.71241360496481 23.9244764085256
4.4985227845615 17.0117558017032 14.2264592283417 18.8561089756866
1.12893450968238 22.3992036146041 -0.978501245288469 38.6220870009186
-0.294948555912386 0.778847863610538 1.97189188554934 -4.1943208350827
3.0030809776066 20.4619818297201 0.619485894770989 33.0790555902537
-1.49865337910585 -3.09059827145983 -3.34758103406114 -4.07047742238388
-6.40128886868905 -9.8039425733676 0.817165243167382 12.4631813801698
3.1479755040939 22.654968503884 3.04003226831637 28.4425065472468
1.66864573907499 21.7927862031281 3.89382319081993 30.9091317335038
-1.55836810388239 2.27524170878327 8.79742178270393 24.2390891129731
0.273398094314974 12.1685338621165 -4.76033740827072 19.591715037509
0.412000664325781 25.5872940883274 -0.0991855632280315 39.6530639106909
-2.94714746993509 5.87844346939202 9.68946667987145 25.4287889236731
-6.99744897814322 12.0024075163995 -6.67933920819355 22.9058637038594
7.74586121275764 44.9783962717639 28.1048895613423 45.2749892429073
-16.1812254583317 -0.917379880153904 -11.7656399535714 -2.18076220764236
6.55932938572082 16.0115476576192 8.65908558339601 15.0476708024689
2.92474448091857 21.8822738574303 9.90349028674176 22.168611896286
-17.9277579742997 -1.32842342023597 8.06230352674054 7.27590352721358
6.87607619738966 27.1148404898658 -0.663861764149898 30.2714903195941
-18.4686765397256 3.7733421834823 -3.94791775307018 1.78638166845146
-9.7017888479339 21.9454516309995 17.2465867923473 26.6731444111012
-15.5114663498562 0.621281562877597 5.47889467657251 1.85713141010401
-6.06694790965284 39.900914358573 21.1891731647821 42.607573585432
3.08218007020768 1.84268614043466 8.91349611828428 23.447745154331
7.98939730977621 13.251275694713 18.5076636683035 32.1067377873968
-1.89030479516971 -1.56808408439684 -14.2729942204666 11.6097696705442
0.0953814102698074 6.09098932920923 1.41932365892046 4.16777173051969
-1.45652611080699 -1.73476669239829 -10.5240090749745 10.3419235040705
1.92739295613545 18.8521066140328 3.71194931175848 31.3498485930816
9.87452592999805 46.4942557803354 30.4808038515617 43.3138404858204
8.32627519401244 27.0867144050781 22.830497118184 52.389489840862
-12.5958886595963 12.3439870214758 10.0226553367963 17.2568669093217
9.00910224724689 32.574723429321 18.4302254361554 28.5839750322027
7.39420564812005 22.937964117388 -0.107355456242512 41.2247387575461
6.55549620401545 22.1065151321017 2.26690925502043 34.6101209490508
-7.5652030707831 -7.60177858575766 -3.10438285673267 -10.4187668782329
-1.58589242296075 14.5842962573236 -8.40886537485295 20.1165648627084
11.4607082605423 22.7655219964155 25.4164836869365 53.7090025616342
-6.05663884636135 -0.699908948449413 -10.9325698421758 6.47277622094314
-15.8165446698768 10.9954208189669 6.32785019110271 15.0700992913933
-6.41646932414973 39.3282136356551 19.0890236344407 43.3458046397149
-1.27901660183695 -12.454573103844 0.200733920240523 3.93213309717898
-1.40086280238398 -7.44047536032376 -6.23077411646921 -5.67978543051372
-2.44403093540138 -5.10728973315784 -7.25231263994799 -0.180435050037664
6.1033799414569 23.029131533314 -0.739270128268993 34.5411064137781
-9.26309822941504 26.2020925061389 15.1296770655764 28.4439752312949
4.86184942322187 22.5424028300862 19.1987860121947 33.8771859950283
6.47620929875805 17.2023976215814 25.9345862830679 45.8853109423628
-0.963957518273208 -9.47501718231552 3.62657336087534 7.09263046310571
-17.1876920814219 -0.497886222954445 7.24122329769198 3.71237025622984
3.58212894006242 24.8005689354229 24.1849791745492 53.5548426966049
-11.8916890909561 26.6421753642917 12.8355600260346 29.474539866837
3.34186136301294 17.0379277763891 14.5708187783817 23.4770447399518
-1.79627351176233 -0.28306938996664 5.35064459861508 22.5320148564779
3.59816407222476 16.7981546998755 2.32033092571047 37.0308686079315
-1.91743757359255 -10.6980583692571 1.10441395033504 7.17319043268801
5.8300821100632 18.8075162398556 7.54748336135003 17.1019645082397
5.22295234020091 4.07274092625516 7.39849118591874 25.3088220691387
8.80070659616768 29.41763969284 16.9401205129325 30.564470998869
-4.87655215483562 36.3297495148076 24.0462749372697 41.2546319333285
-17.413149446814 -0.189187565585784 -0.0427003162817573 -0.0642531685937802
-11.7848855575386 12.1315146122257 3.62881666365304 12.0398043464063
-5.20722892364787 11.0882811306487 -6.67773275698305 25.1921030599375
7.4289026541533 18.1202483706837 16.5141828414312 37.43499558287
7.24775870792811 22.1409588743406 19.9917846213622 45.2812707371619
4.35091081621542 12.7422091742866 11.1780275720039 35.5768116042683
0.916441394390534 -5.61926464336889 -6.27163028628217 -6.22008039020361
-1.08315121265362 11.453659846132 9.81388789641348 33.7424356622476
-2.4318966025413 -0.620412921630464 7.63553487011921 19.7014868811887
-16.583671849016 -2.1371801835781 1.24898685107567 6.68426052917466
-1.05752023934561 -10.6710876168344 -1.95660419766696 -6.06467083552494
2.38647346210161 23.0089019865038 -0.933271707686368 34.5159533339557
-3.47292337103794 -6.43721414250071 -5.15104476923379 -7.55777552001911
-8.44757987061188 22.4506514178549 16.5581593692028 27.2839379700052
6.79105867879761 20.4443206088815 9.80453463400118 17.1103158185567
-1.01781985128206 -6.7214455550483 -2.74302766715464 -7.31243440574121
-3.16676216468124 -0.385052556931584 8.63418901762373 23.3748472071054
-11.1202145644975 -12.0212193652748 -0.975705017699207 6.77296389725852
-16.2251951803188 0.428522841655716 -2.5417704945952 -1.171780578698
-6.64422815471527 -9.20951731547653 0.17098688452748 9.91836552730066
-20.4355415750276 1.56113514368021 -3.27006673859352 -1.68279841935134
-1.00063117510007 -1.29180632998109 10.868904036703 21.5383959896927
-1.02663948578137 12.1256049418013 17.639107963865 36.8151531515161
-4.92423977138245 0.517854290501438 -12.5258243886289 5.29800376789493
5.34243980874114 19.5461007580368 7.28659465869893 22.4144956493384
0.632651653753598 -0.552033929031456 -5.8274169307945 -5.35877700546622
-19.5826428727219 0.902607572831158 7.19151475080397 6.22925199907889
-12.4393762911218 28.4760544014522 14.797399643021 25.7540356541358
-4.74643415224063 -2.07497896928996 -12.2967526910714 5.72013455651907
2.59239047440234 25.8990204358062 15.2304274977671 31.2692504682988
-17.0761591755635 -0.367541811395973 1.39701467598325 7.78059658330024
5.54890602006025 20.2925338095445 12.0127601571473 21.2078230621406
-1.20335146557026 -11.5516925674184 0.632456487421542 9.39021753741624
-0.340934561789752 -3.16144446917375 6.97485086457138 21.664396553382
1.52594432321407 4.43363778902298 6.42514774673645 23.7888651406235
12.4773196379338 26.5843346261188 25.1963476592154 53.7659887894106
-3.20011223066987 -2.91688360885942 -15.2563653685897 3.10706488909969
-0.00261167672407536 12.7333733146108 17.0378878966173 34.3940369318673
-7.02669730897326 29.8822481516597 12.336831144972 27.1654963157562
-0.655661731851512 10.750362187619 -9.79666922592963 22.934065642991
-9.83850698252785 4.64051951123277 7.67552909829965 6.39472513089161
-12.2744768893877 14.4091305618265 5.62870995690707 14.639429400608
-13.2854201934725 3.20725136924294 7.53745522073391 9.16163934544875
-0.352190658603651 14.4406399874524 16.0858794201529 34.3681987990227
1.5065306081518 24.6165342087894 0.389220152186593 36.8531199696465
-1.02192005900389 3.69196995128006 5.32491282893218 5.2580333162918
-5.08324241486727 10.5769149119007 -7.12845240301329 17.3633168291198
-1.19811839834085 -7.90738019037506 -5.07149616735202 -5.56109785536005
13.9026294266656 37.6957077723641 17.0011862413289 44.8601738718494
6.50105947178426 21.1259698503787 11.5037944670204 16.2906034848139
0.610220454191958 7.44447473921414 1.35425326059363 0.182869429557912
-13.7939553199315 12.047918574242 5.19249707470085 15.7112302653303
1.72401058021734 12.0209229157285 1.42498780365913 11.7870028813032
5.73198698192086 21.0541446354265 4.50917250847655 33.464634557117
8.60484262140888 25.2694469547338 19.9635637462598 49.0723013578812
-2.99018953143457 -5.05527802296267 0.691762983654161 -7.33266119642306
-1.89046543321589 -2.04328879407845 10.0176653576306 20.8122873209727
2.91577890294905 12.0619275874418 19.4955497632173 37.4652263115275
-5.68463391286852 -12.6086768077527 4.10762891637775 10.2523461208168
-3.09003877435772 -9.71052437476324 5.55358079352137 12.0887860592956
3.28749035488121 24.5037156192679 0.94448327894506 35.9856233563283
-1.00861742442429 -1.09311418201349 7.84290024913675 23.8923713519079
14.358916524729 39.3721224657823 14.4953060528904 41.668238650905
-13.6474620462551 -2.55702706552378 4.86759160491941 7.66514974350737
-5.77786549262289 25.8107352755568 12.6193643518449 26.2205625203487
0.843005425531177 8.249502207409 3.6212331352103 6.65617767024298
7.18692068981185 24.1471074540743 21.0223648289926 49.4717505268858
2.34463025029571 19.000115276943 1.65576928159679 28.3548682366439
-1.42399459451077 34.6678377709035 16.4985769558702 40.3865537622384
3.80052863988773 28.480716133347 18.1971560472275 32.0231183681323
3.22730233132131 5.56950110843543 -1.13628380254773 10.5399062629664
10.556196666881 30.9330493498534 14.9462835702204 33.2949122916479
2.0487663043217 28.8975366874273 3.10882527230448 33.8523728911383
-0.999775351775238 -4.60310177958451 -0.022582926766201 -10.1117099336935
-3.35088611297047 11.1937121455167 -7.65733967487581 21.1779337001251
-7.80460683640447 -10.7585075422465 2.68231410854346 12.2711274607343
-4.39997714362818 -9.20918573079356 -2.19322887917895 11.5540695029344
1.93464562749849 4.12926394101287 8.20543145995482 -4.38408466537582
-8.09640118440321 34.6778869323923 19.5045789204939 38.3321229276863
3.83640271495012 24.3674245847767 1.76583858759693 33.1840671770053
-2.33253030144985 34.1888970413464 25.4240231076126 38.5870211318289
12.2382388758489 27.3278560963645 20.9909739796618 43.5912050751952
-16.5394348934629 -0.493000561540847 -8.59911260764738 -2.60381863642022
4.0055277737208 3.23506705029858 1.11197684167579 9.33774512510888
-11.5729054368342 25.761962203048 16.1218057587769 27.9427357158598
-0.484824998110349 25.6713168252209 -1.64932313351718 34.941400663232
2.07830582045962 7.28428962692544 -1.65081454388209 7.80099089185901
-12.8075701324153 15.3481104837766 7.7712635262525 15.8051269012981
-0.74216586369095 12.3806373075139 -6.1175409125795 21.6020910099573
-10.9032245775748 10.8706215816525 7.71948445106116 12.9178412709179
12.0015589060649 30.3174015264197 18.1276343210317 32.8500063717428
4.72323924944492 21.3470011490816 -2.48263572046654 36.2167417835469
2.61567971669248 27.4025225849958 -2.46519393884199 33.0530288399964
-6.93223169202088 -1.46183812223516 -13.9150988897515 10.4429591264882
-5.71643298615301 -12.068542926841 2.80347190554983 13.2632327503656
-0.0841749254673205 -9.00476588611962 -3.2987221438093 6.49496126736446
3.97825569062258 14.0611509371204 13.5445858545863 33.423806109318
-13.0340174784372 12.1964164167986 5.29953815731864 14.6732729749382
-2.76822403954279 -6.1163330593608 -5.81561622149047 -5.40050673286787
-7.9198067913958 -4.74647058412397 -4.63184367669342 -6.00919594315456
-0.458411848180634 -0.0399549139216677 10.2971738573189 22.8251804595004
-14.536573907149 -5.68214113852824 -1.6238119978695 2.36910322655064
-3.68675511079636 -4.62931233340743 -10.234040615001 5.05490602886503
-1.53523246952198 13.772025275058 25.547477621807 37.7708738469712
7.69205201154959 22.4362689182433 24.0108536295851 50.6220601481331
1.48820804661417 12.5680801744215 12.8080363548918 37.2060234983531
1.90826226244178 -5.49897460163354 -5.68267254172939 -4.39228682057993
-5.59402522520128 3.03897386506206 -16.0139670027366 10.5954135369806
3.43694524921999 25.4755399320439 23.5418787045457 45.6726593390905
-6.92520701635491 -1.99554251367613 -13.4668943788321 7.6808055386919
-15.2080031962809 12.5436647739551 7.13839276529399 14.114904585588
-14.464387882198 -0.576897493878194 6.03039889970562 3.38992538045888
-4.96445165779748 15.646005667684 -5.8065326539131 29.8619472420694
-4.00317051439449 12.0525631683732 -7.53496810176661 21.4841084965667
4.57961377933797 2.73255302510375 7.30489666181288 7.25020815772782
1.9490995620579 5.25727863502336 6.98322911234673 8.01966994192349
0.946333155666636 7.09901309301914 1.68636948068508 8.11144318127045
-11.1871281533156 18.5431660444208 17.5564799988795 29.6539895867721
7.7358204489321 37.2662087212496 23.9862934413825 37.1142730955839
5.95797963311424 15.0917711837587 7.18088866560175 17.4993085274925
-6.66438344965503 37.8142229543177 21.2741007498099 34.9382673542212
-0.651468987759207 12.0458186559436 -7.81207223751384 17.3778078044109
-4.77219072155359 -2.43254060267069 -15.5944601445505 3.56933795134484
-4.39192060791118 -6.48450549493001 -12.8981111646437 8.5244337781351
-2.59790731338227 36.7975348625117 22.111089528391 42.2013289388967
-5.15708709588716 3.00020904921127 9.56889341662195 23.8820757667785
2.07968092499547 0.378363429809429 8.76949755537342 20.602258108006
-6.54082428491277 -0.243683659784339 -6.16965585700926 10.7296076610565
1.52717668910651 25.0893038356385 2.71477214634568 35.5949885518926
7.33202930290009 21.0231210958875 24.38606395892 52.6992292582699
-6.72471181260686 14.9244643125738 7.50563489155055 15.0528780006549
1.79238016039883 -7.996611708173 -4.33102467847401 -2.84934077543155
-6.14681785674308 -11.3633664121721 1.92156809477941 13.8784340010476
8.06608605907988 25.9390020745723 20.5808885838955 53.9237981233598
4.79248358382786 25.5406040863816 23.515299182278 46.4010811400635
-15.3687794144424 0.265556256049789 6.56017067886363 4.32058077509158
4.11503672557183 8.23632311219391 4.36771227689932 4.85726743164204
5.22655640847407 12.5791216010049 11.3228150371841 35.2679838892978
-4.57025961562281 -11.1865221555809 3.44977515520887 8.18486111496416
2.78951511940505 5.64444299438328 3.28266228552859 6.09300636723691
15.1296698092431 41.1154978952461 25.0617468729962 41.4507976218154
-0.164526774701796 -4.36711071015941 -5.8941760666911 -4.76823398703848
1.20973084272542 10.7970564718245 -3.21596476623552 19.532518517568
7.52371879329659 26.8771047757431 18.3429028165105 50.4775882751419
0.15149913655176 12.7742669793776 -9.4531782573755 20.7779379103723
0.852242611566377 27.9768402751613 19.8632267809026 45.4591565473745
-2.55752480432002 37.1583691055398 19.3949238638742 34.6741892607316
4.90211867276134 22.5099611495623 21.8875502925025 49.3914476786174
1.23968435098538 20.1551228143953 1.41324915630467 28.9450976375941
-15.1518184957416 25.3724122740899 17.8613473491557 26.9357823367818
4.94420472959492 25.7054787679853 20.9974335831374 46.0140977165426
-10.9857191642559 13.6305116808867 10.5740930361867 13.0456115605471
12.152131957122 45.768099786657 24.6441968478895 46.9870503962893
2.35305871571905 -11.4155827882077 -0.160997269212181 15.1342921049708
-3.23001768002902 12.5553678117156 -4.68239236620743 25.5020132411066
-3.43655783370327 11.1791756395513 -9.21427070901252 17.1289352581705
-8.9424134397574 35.1851585282669 20.1794849340272 40.1434675766383
-6.008065782534 13.0064519866633 -5.79598998268205 18.3619891814006
2.51766608826975 22.8998176505671 0.71965643942285 38.5654428161933
11.3498380223631 38.7710989797323 22.8710618216394 40.498474803548
4.29055611085305 14.3689187449437 15.6214143887443 15.4103381726122
2.90438666856821 23.8733796386466 21.8679909161418 50.1975746050672
-10.2440511226602 27.5529823083731 9.24407253404547 30.2451002890345
4.14172382053829 16.4392978764529 21.197668414069 45.9691682765559
4.75355096903386 18.8557538578519 9.47726246734343 14.7421376646581
-0.920994711247408 -0.592307857996703 8.15104197022306 19.5431601490962
-14.3348499280721 14.3104273810978 6.39731304906508 14.629394481305
-3.56266260711622 12.1031738550062 -12.8692882833513 23.3628996927097
0.641365809571544 11.5058503609902 5.53472772161942 9.69351697667474
1.39202598871987 11.6889431179911 -6.15558538765139 24.5522643419933
4.22715686481936 24.6692325760037 -2.61318995219549 36.1461998501743
-20.7680942874294 -2.59818113878314 -5.31913882746822 -1.91656737905482
-8.75777506399575 -4.37119513028964 17.0633955200534 9.81675687237013
-6.45924236890245 27.3265859793137 9.46960890339962 29.3708256307349
-0.592092415457055 -10.3790984738585 0.595370646718734 8.12571629456071
-2.57943662578069 14.3240208774514 13.3900529415085 34.5584308311659
-12.9619501487442 12.3984762775025 10.7436050316799 13.8251552108169
2.88825045959964 11.4956010864738 16.5931932650625 37.7330901665653
-7.58457862388377 40.6063557400766 17.1638398664633 42.6046177305043
5.09327930810462 19.9609628998074 17.0055018461985 46.4635345230836
4.13891104934751 18.552295042996 9.96483793350544 14.0584334499225
-4.66582376254352 22.6521949276792 13.9279126001938 31.5597573873636
-12.0771653915784 23.1941274590021 14.3876381179915 26.7298069477164
0.922207364900339 12.4217163565659 9.1597939335824 34.0840835506778
-16.663937306349 0.683077876616384 6.46719971111935 8.79543449511514
-14.1950645730474 3.7499609347095 7.62290479172873 4.46992969866406
-2.88751602260138 1.56386083660926 -14.6461150435831 10.9502713672161
-4.25084484827998 -8.53238935495031 -1.35897472581689 -9.09578219348901
-1.01947498311512 10.5338886624386 -6.55919302584012 21.2843231415001
4.89738955208044 24.6169068458602 1.9049797102089 36.2549070066317
-5.65301538153716 24.2536866374175 12.2430595865087 29.5864669829466
-13.0295040866035 1.7593671880307 3.98371140317303 5.03082633787239
-0.410512579105446 2.3638813707791 7.21083432440756 22.9489193310515
-12.6405060606531 14.5729118058048 8.38648051104194 19.6878510820034
-6.17090626475624 -12.6535523722856 1.25025000262113 14.1345806876345
-15.0939123273476 -3.21295877230202 -0.732209850151064 3.40061201427333
1.41957301573332 2.97501057187557 1.57884735926433 4.31753644473188
-5.55398082783619 -6.61335214501234 -2.23845283831116 -11.4100909473614
-7.57161455542894 -9.18534903905931 9.90876990467554 15.5559487903716
-1.21325225681449 -4.15598121840845 5.35710040684089 -10.676695629376
-4.0436429404824 1.64558178065667 -9.85369583180428 9.08680037633919
-15.8300622616615 13.0385245972564 6.42424905512905 12.2074356275171
5.47345591054685 30.247076738757 16.182314889073 27.3618162593751
-15.4164662022931 2.25946732058849 5.32358320307277 4.2581779443621
-6.70259331546106 -4.09101609881166 -4.20705823103717 -4.13826530037859
-7.70433327657925 36.3058544080897 22.2918523825586 36.6847291879428
10.8727213214106 43.9559576514039 28.3353844149198 47.5189059074507
-12.8782534108733 1.96942325431948 1.67551117508484 6.42971036482102
-5.24439819775739 0.776532312057271 -10.798793728536 12.1033925860451
-3.47058909003604 -12.7627111262524 -4.52545477598097 10.7994176347413
-8.31148076470921 -9.66896537934445 -2.92203153798717 14.2208873450514
8.58659218753398 36.7524637819169 23.7252034450773 36.7563595868096
8.04051529971573 22.7671566342369 20.6890389022835 46.6873952600709
12.5311022516819 44.8966692648097 27.6845848488189 44.6129236771877
-11.0379491236436 11.4547945572501 12.6535750347005 14.4698529963055
-8.97816860447321 11.8918251912972 8.19652480780158 11.9272844319491
-2.1818127175964 -4.51141727666422 -2.7388674374331 -2.83964274994298
5.20927857711916 16.1627724136567 10.0171660049132 17.2344642912843
-8.70281464523557 26.4384321187182 16.127114567765 25.8137102188031
-11.9128906406636 28.7121002755346 12.7757961543683 28.6542577254678
-6.39573930116704 37.6429664238028 18.0586416647239 36.2022539038692
-19.3104233162476 3.72542423565421 7.63712641140513 -0.867883496700742
-0.53831195161519 -4.64548660024593 -4.33680660826708 -4.71806919123113
-15.6476310416739 2.38942113794075 1.41621214934257 2.6777297285588
-2.27096530512282 36.4239461423507 25.4791981999302 35.1334809643256
4.00837915802843 25.5857168920344 22.6367024552166 46.3694723825708
-13.7759819482943 1.82274475634487 12.5814801523709 8.08881319270603
5.30885090292483 21.1359312359171 6.00801272982067 16.9988483741788
-3.92539019370327 -12.2736864717129 3.21110621807525 8.72275216197623
2.23282161104315 -1.89163502552271 -1.99295809105973 -5.6393429315494
11.8620423715438 26.3418081177502 15.3334329156736 30.965641246215
-15.05691885624 13.5733746668713 5.28606810594103 14.8588263230621
-14.9876791076941 13.0175526565881 10.0359024390334 18.5520842747686
-6.89575065682565 -14.2405710954733 1.87762002792269 12.8749063904293
-4.29959784301016 -11.8706487606062 -1.46080831722578 13.78551865677
4.99313963324405 26.7602145413531 -4.50401549550059 35.5935956880992
3.13746247117883 6.04985802772463 -2.23184291727783 1.73133952771648
-4.08055943027643 17.126111054551 1.66707828444577 31.7161220006418
3.44473243968726 24.1713021380412 19.1281929220294 32.1723845090195
-0.76449598811607 -9.15554787807134 4.37760105282006 12.7931321618588
8.02007380035777 27.045192033696 17.1828362515728 31.7794171947314
13.0541461270507 40.4263931479027 13.8585442531624 44.4146804272916
8.66842364055876 41.365109182301 27.1722436612623 43.4066524506498
-7.86658471065744 25.834801528917 13.8910565879075 27.2399323949099
-4.29563775627049 -13.839788257781 3.2715992621911 5.24479942551252
4.72102452328881 25.5758814082612 21.4961502634946 46.488397995753
6.17391096513968 10.9963237416569 5.30750224494758 20.3030567798789
0.221123988459974 20.7288458232898 11.7274021057951 30.2278133709292
3.05567529640825 5.55151846074013 1.38263142397305 3.3644934364994
-3.96618245858757 12.2678428424887 -7.07086615926435 18.0289282994849
9.87042609063629 25.7048153963473 23.5411223192563 49.2626117197801
3.74342403513442 8.67137882040658 5.68712043669104 2.00506948770947
14.193679568803 35.3228323272672 14.3332272948758 27.7043215089545
-3.33508824067021 -4.71869682887445 -2.81992268299908 -8.51529331468709
4.77002818127675 23.6142364159867 1.43512281789012 30.3826062261451
0.672037420518283 13.5458625304442 10.0646762169855 34.6828056256953
-0.568001572074266 24.7428319760455 3.17396987032429 31.1495974180003
-7.83467603731958 38.5690345661654 19.5386772309348 41.88919419089
3.84429572874188 21.0908795937805 2.16016088974411 33.9376963526759
9.83828713374749 22.4943281738721 18.7690465683097 45.3407614240766
-1.24623590080164 -3.48684283072075 1.95349064542686 -6.70689855118369
-18.0538083099022 6.19134184030974 -2.30305540091754 -2.45616196149007
-5.15910919411426 -10.4527540506985 -2.92403987769624 12.8908148129074
3.96065669867159 25.6542186669465 -1.2676856872609 32.0533453855664
7.64850392940048 15.605843217328 23.4724787504462 32.0338417970045
-11.4216019165218 38.3179610548296 18.8642054235592 40.3494500510559
1.98939039293404 8.31704255480932 0.463092336887355 5.57939036068207
-2.62295873999067 0.940685857416395 -16.1087529823102 9.79620837405965
2.00491923158315 25.5980873428853 1.26930345076806 36.0858920333341
4.95819492861875 15.7205835009543 15.5285187875467 38.3440537423203
-2.85601841773063 11.7497598962198 -7.86841822507869 23.470826662431
-13.801531908027 1.85246605815409 0.60082424003577 0.243731458641775
-3.70344121498679 34.6303233668588 21.359010224505 40.0748506105966
-17.0076310349519 2.92685632938142 -3.92808881775448 -3.35179882093052
9.11571479590648 25.9907216647637 21.0162247361293 50.6563756551689
-4.91510162357018 13.6928316567155 -2.87689427887227 22.9973729289991
2.67091495011478 26.2919716960736 23.2803737096167 49.5488958089351
6.21111389243464 24.8195794449733 20.6198133295381 52.9952751117071
-0.834201151780277 -1.03148458426729 10.1708480723393 24.5912366645905
-1.10090385197443 -1.86021869898648 -3.43422828205216 -7.42516449220052
-3.98361708204303 -8.77841199165275 -4.01617512321189 11.8356972141785
-6.25507747950668 42.1314995083113 14.8679699494246 42.1088860596875
-3.52366810807565 -16.2627437348044 2.67896893986464 8.23357187183604
8.51142451124644 12.6610283717917 15.8719267106227 38.2323248777016
4.9121048152262 11.6525505553557 20.6871405920902 40.4456741412879
0.715412211977593 17.9000721100887 21.6897608293393 37.0977170958811
-9.94005778237355 15.0673306125696 7.98270926276233 15.3747427733824
1.42536584699669 14.043846217912 -8.28286112147181 24.8502577437276
3.22069042575498 24.7472101400461 21.1035525106321 45.1246431236403
0.221896003107056 9.66104397959733 -9.11448503801045 18.3388754269355
-1.83465374876738 23.5999365935491 1.40964970747008 34.4319177213345
3.82945524923595 23.9307975855087 14.1508305237051 29.0765528355055
3.53891085869869 19.2011984559225 10.6213880833238 20.5790196793009
-3.25446011937125 24.3458031090678 0.945826866488683 34.7567821750129
-3.1899436623433 0.741452897144042 -11.3933109800438 11.79024926727
-0.171411463951196 11.95321825189 16.4427336124015 33.4763385903076
7.48950695906872 33.3492129747387 18.121149212918 26.7246555421287
9.95649027716102 31.9934988250205 19.1746962373091 27.3040880551567
-1.62560126392167 -5.0315351840403 -1.68922681980813 -4.69831784515876
-5.19976214516449 -3.56754401169513 -15.950581008199 6.75361587272734
4.59858847164507 17.8125548689671 10.4974211611842 15.5360643216982
-1.53504397544508 21.7935425661375 0.979458719136642 31.1851274582918
6.92394941831822 42.7511150170241 22.6067134156872 47.2085816104639
1.44329682152396 0.433600276485881 5.26010260575732 21.887646568477
-2.09938668259857 -7.05611768685604 -4.98935577735822 -8.8740898314297
6.79558342478882 45.4317013115933 30.4948257219703 49.0712644704931
8.60410492348846 41.122167668218 29.0354955669028 45.5927179840293
5.66018113938156 25.3945040037889 1.00366088289832 34.5706530301496
-10.7849352292562 2.00317911628674 3.84005743664947 5.86305335192447
-5.13219691907221 -3.58008831523583 -2.84302668665645 -7.63196205938377
5.44374566947424 14.2473449713618 3.49331252000486 17.5546294628658
-15.0087020809886 1.88128733283269 -1.93831481892684 3.75173082640973
-5.61557628043528 -14.4454348791505 4.85692151977414 11.0424350646055
10.6716233092556 38.5190852738089 17.5896120727847 38.4488121088859
7.9145819436308 36.5722821742874 26.726630643039 37.281818296735
-15.6074657543833 1.95844229957617 -4.80352225322855 3.31026157075458
-0.356723633211881 -6.04710062167881 0.533151962359028 -6.24789836831426
-0.4232906126034 -4.2238702126576 0.968642663210149 -7.56863296256827
-10.4772711844324 17.4433810696702 3.42065013679934 16.8440311118827
-6.78668965767502 22.3895292500642 15.4166666794158 29.5692797736208
-13.8095663995197 0.110050406270442 1.26677353272108 6.33279093372615
6.10520405662578 23.9924628400407 25.4467704949954 47.712312834168
-1.75511844446626 1.61703409693554 7.14849877616979 22.4431417686162
-2.59209104312156 -0.794908072975087 9.73361534516155 22.6933264754736
-11.6267076730816 14.5991035549406 7.42543739379733 15.3812111777573
-18.4085755275123 0.444000788274536 0.871578484190291 0.377305170236936
0.81552420992614 1.2422545682825 8.15256922990731 23.8328968319462
-2.76440657335858 4.02773805661314 8.8494858091567 24.2825434113063
9.06869927267274 30.6183102342499 16.6578306606257 31.3243527410654
11.2951080241585 45.8631417710036 17.6859719227374 47.5845033024511
-0.359964560387227 -13.2510594566321 2.83593932774689 12.4181671651052
-18.4205858276851 -1.96423210226923 -0.819613343819488 3.7252163084382
9.247147007635 40.0071228553319 25.1096234634377 34.972360152187
-6.82954562704618 12.1466121437014 9.829295795786 16.05146826086
4.67115587302823 24.7808129543661 27.2215712780959 43.3229882721351
0.245303194541388 22.0458183439518 1.5045495491506 37.0843116568403
0.971751677549365 -3.75686596567504 -1.71468861006973 -13.7522525188619
-16.966868430451 13.0145037559526 5.50805344153371 11.680788973501
-7.57233883530857 36.8059969395581 19.6215482333084 43.7690175596299
-12.046984221996 16.5472904078159 8.88386290781706 18.9387535715483
0.497354641962285 8.44914846642377 -8.35342803973331 23.4295082026588
-1.22961433855183 12.2895819325014 -5.4771155469201 26.0001545640067
-12.6906394974244 12.7724464522948 7.90173411754126 14.5762566624209
4.75901063388115 23.8015219165109 1.39214769348308 32.5532007272417
1.64118392390841 -1.78327295424624 8.38795742259822 23.0118932196707
3.35252984218982 4.23663955019696 3.95011027174284 3.30915936286994
-17.5489360785883 0.875395155537877 2.36919980187429 0.957802390381184
-7.22740088775485 1.97607710816473 -13.0748500924958 4.13159161873464
3.25702121854327 18.8714869694385 8.08435711873847 16.5118393980707
1.46929387390052 2.90397767495285 9.31294608550904 22.4858013934493
-11.1082351207609 10.1588478195157 6.71858064697116 14.4875862969981
6.24654221584151 16.6734436158173 16.4506832298838 37.7639997420999
-12.2103179002471 2.98422885134169 -6.33841935400998 -2.94982559272498
3.99004809058258 20.8016810031489 -0.127353776228456 33.8913934135468
2.95478922656267 9.68558090835439 12.5266199018494 41.8891256134896
-3.06946980544408 -3.05099250860604 -16.2704365791516 8.97195939952852
-14.0278558471677 6.93954651996095 17.9333758276866 10.1464306998243
-12.1581154131514 15.953186123365 5.38827521794975 22.1097992829282
2.96700736345001 -1.91407910747559 -2.19175111855644 -11.882568648529
2.37304363129073 12.857453314394 -1.52658797354715 24.7973046581193
-2.74661307361841 12.9602867272412 20.62864253977 35.0156171640121
0.127946360184753 -9.60364691984215 3.24156185422602 8.60183862825803
-0.934195291869195 7.51429481373608 -7.8452270429869 20.5131372986024
-0.00435263459290314 -1.96109390586796 12.5027815648899 20.0871519239601
-7.42499223113792 36.1206733905333 20.3128985288395 38.1008193442595
-15.9347310533778 -2.55693335217123 -0.439047203254172 0.522741917333121
2.33862512086195 9.77078889811822 -0.732059080062871 4.30225216303837
18.6110988172902 44.3826877984962 17.0208632859041 47.0699210275412
4.50565053665324 -8.65256102701516 6.34645290195254 4.912017623199
-12.574683557988 23.5997741175292 15.4099963594086 29.442981832833
7.62562270350342 11.6503134809341 14.178019490812 30.4984031166143
3.62630110499856 10.2338616976755 18.5563801994119 38.8103889438966
-6.50676814445671 -11.3539308140307 -1.49614150799854 19.1231604046928
2.85721985088711 24.2576078733625 26.6593540139629 47.5880100023621
15.6129166718378 43.4545994062435 18.6500072802265 41.3593011151363
-2.33352969096216 25.1568726657688 -0.09804395697176 31.5404217579514
17.607228897832 41.947066558922 23.1984784358254 39.5055149567903
-2.78570240479768 -1.56177561517878 -10.8344446622845 11.8018716631342
4.1335482954569 18.61132208847 15.3092005181652 19.9763811332186
-17.0163585983551 10.7342792467702 9.92918797098059 11.4972227941736
7.67921332421388 43.0308119551901 23.6707376643168 45.779667884166
-18.702311418372 4.22462506714215 3.70606263931377 1.16508587215967
5.03911872650197 24.9354858208791 24.1472355976074 45.341580229893
2.59478842701199 7.38815522139409 5.5137083288456 3.82470738551949
-0.693205957037436 8.17479255630364 -7.99170544630962 20.4237801322038
-2.37690008683052 -0.0223568699769503 8.261019227117 24.542653643486
-2.24643470133206 -1.23830016995757 -9.09017698597818 5.77689482811325
-5.53158669551226 0.420160255557575 -12.4924039484105 6.84544274022584
-2.94438763531223 -8.48946424529697 -1.86925202451947 12.2721532311184
9.19911662955433 24.3099092945314 25.006015746311 40.5706988360872
12.745977725262 44.467015037656 26.5004507163022 43.330963356355
4.16086762129461 10.9264905085762 16.8399905397706 34.9763329670799
-9.46482473752005 33.8681138486393 21.3417968408916 43.1715607240371
8.84239627832547 20.5807247347569 23.6069650422827 45.2735264871584
4.72957836909782 25.898206137844 15.4563743323317 13.851430078435
3.0576315233517 24.855788894057 -0.290969080042399 35.7802938301188
-17.7469522643488 3.87973560292273 -7.72493567383554 -1.51203806471856
-0.266120879321677 11.4040985778691 -8.63172909363431 22.1120650883749
5.74857564353235 9.36376622475386 16.1780337370023 33.4234189500722
-15.2306162100279 2.7464161020325 -4.88300086536496 3.80284189618893
-16.2202782048749 -6.58599554224964 2.39451185151941 2.94279569242059
5.33245713438921 21.0424535460952 20.7539436699482 50.6395669570427
2.8405592909801 -9.35322914449036 -4.50192947025632 -2.81803563016412
1.64030960818895 8.24902303392743 -8.79560289830437 23.0920316104659
-11.1411995792239 13.4384591389339 5.07185386929759 14.974461749195
0.445331240246667 26.9971138699569 -3.0504732740127 34.5024554860208
12.3029638125939 36.8860380200846 28.0536395943404 41.4980828821024
-9.27968219924223 29.5340022846704 10.7232051437392 31.7807200841358
-0.65588572694736 -8.08844917101738 -4.87671655061717 -7.72468824543301
6.32631343619839 13.7612538480901 20.3354265937905 33.0724993808837
-17.220329568758 1.579628466818 0.266700269832374 4.72408988780036
7.17856154724577 39.4617929078173 27.609841256565 40.4150192949995
7.95241726302979 14.7762395997255 18.828625453134 35.8383130185839
-3.95446956832046 -6.41435702813974 -1.5671927491871 -8.87670047282322
7.3173036406757 25.6903899696755 21.3125299447769 51.3822660887597
2.37782450761733 -4.71712848819945 3.04878438361539 13.3848994625286
2.85162340285493 17.1573381686387 13.1796963807083 18.0463772089771
-0.559342938371379 36.576658951787 20.1474932366235 38.547103152738
5.21809266218416 8.4735904471157 17.5010717198061 36.1429056692405
1.42433007140629 -4.87352975000961 -4.02352963145137 -8.41291019009806
-5.09254489019256 21.2653213944362 16.3662299402092 28.3609814471816
-3.10964516734612 -1.47908071315098 9.92540211007767 23.2340397956744
9.52690510976023 21.4472129353254 20.1001562008402 33.8726520503485
-4.07833092968223 0.552735517826238 7.3696106003557 23.891495464149
-12.1514210409005 15.0686957335536 8.08068243816703 16.9642529858322
0.81608753126897 26.7287350904055 0.187400749554272 30.7629231185424
5.0397758076051 14.8783814710846 14.2661604033434 34.0952274115717
-8.28047405938591 36.5285527663552 22.4717303860651 41.5685488656841
-6.14672289209958 -1.78657929874932 -15.5369004173577 6.3550372015357
3.00372761565634 8.30481680761523 5.7300705451551 11.2691427975923
10.171566664937 23.6592993405307 22.889672782939 45.1498540199376
7.33611798297611 14.2095710815454 2.22021470935351 17.889132893723
-14.0947038563195 25.708204230795 14.0622407421784 28.1870632325363
0.527390755449795 10.1000169107632 4.47171058764926 5.39494008683121
-2.48841564402451 0.249733365849578 9.60720810719683 22.9579527748209
-6.18027999075319 38.1023291514026 22.3103907343519 47.0587131360809
-5.05960191267038 13.0670688378413 -6.72763161922266 23.1037258030818
-3.2171569858673 0.20120063049858 7.99676822259463 21.8203360046632
-2.47630722750614 -3.3868925575837 10.4367785211343 21.4032663092662
11.8785685502463 39.1908959642388 21.1424656719163 40.8757412509343
2.2186288020489 6.61158692649533 2.73024847804444 10.0638586214962
-6.55188861552361 -6.25084955782463 -1.05821633562612 -7.21790102385845
-6.91336786232553 -13.9889619922807 4.49946520216494 9.17350374006417
1.48694195706504 12.0928103590356 -6.54574196117283 17.464105812445
-3.02793056429356 -1.62512838529161 -16.8648227005066 10.1404202658842
-0.0197012128085318 12.2017208577146 -4.34767973146148 17.9237502370539
-13.0567745675289 27.0678962252014 12.1681215272397 25.5649255486271
5.51443785155488 14.4626144113298 22.8855446607522 35.2792762512469
-9.95941084455393 24.627344993614 15.9145306918148 26.3143407746753
-3.5272372281629 12.2976076596097 18.15895501954 29.9559877780791
5.34698647071298 21.1219327449947 -0.20233310571302 32.8519513258159
5.06637010721569 23.065049075572 9.22229061908575 19.9781509336519
-7.9907451242346 12.443182014536 5.93246730824147 15.517087096945
3.68406478621308 19.6723188470998 12.637132896835 20.1432886731534
11.5974607089577 40.3667135583115 22.7875839100986 40.6063384471627
6.7090445005798 27.1164556706193 21.07536533164 46.3796196268714
-9.16950392130083 33.2389268787417 17.0225626288935 41.7502608290824
2.31516990588016 6.30140325583652 3.57831174624922 7.07122019957768
0.348050904047495 7.18889393931518 3.83133824563659 10.6656716490741
1.61266234759606 25.5705696892562 21.233608149829 53.106039877435
-16.9343352260061 1.84051038549504 -4.77642133174601 -1.8615338459375
4.01798114179086 19.0394450735906 8.4123591053987 17.2413684008187
0.787137719373501 12.5472152993198 12.1405188584243 31.0492816598275
-7.8703867627039 25.2991742348479 12.2411151900813 27.2912832377316
2.81738062943001 25.3844064196604 24.1262655614327 46.0152124238569
-9.62670143615784 27.724926582838 12.1195668922601 25.8054178342499
-2.78070432293876 -1.45052258666372 8.31349738647067 22.1781300812308
4.18921408429353 24.579617168322 22.8613442122902 47.329170920342
-1.11036924804871 -4.26546127237832 -7.38647249667326 -6.38582584074583
-2.99332232156086 0.214391918915646 -12.1096430064261 4.77835712838081
11.973416527592 47.3422131718751 22.8354614435095 46.2122748552439
3.73699429018816 30.7424969130584 19.2088541568825 30.1336054778678
-4.86750944553484 -8.52970327742623 2.68087178429828 6.73801774567661
-8.10986384265696 38.1602690979098 22.1114554271777 43.43835542443
7.41919522682562 29.6099623355932 20.0313489118965 30.486622941745
7.07385280338379 28.0576430240556 20.9547561346853 33.725075921527
-4.81171848113754 -4.12607590920228 -3.57076174241968 -7.52116731717235
4.37542524247288 14.9425696466901 17.8242466973417 34.094600007692
-3.18846519188882 7.94458153964667 -5.94145875317349 21.3435079833835
-3.89668593648864 9.7678760123547 -6.68859477289326 23.8592380337867
5.48033844368629 30.1915218464423 20.5272853343644 44.3456278583585
-7.21854846122052 -14.9087813900026 0.911655364752588 9.71488051116567
-8.90181780892855 27.53173039348 13.2928664556797 32.8786537199284
-8.88425632659983 27.0024545658401 13.9376437720466 27.4636144694821
-4.83553523662926 36.9805347854697 15.2102252880677 41.478245725053
-0.964273714022411 -7.88993739975074 -1.34874968904973 -3.90586732625652
4.12936707803681 12.2177277520955 9.07663610494473 35.6909711250947
9.41703896794071 38.5183688004901 18.6479324769362 43.8699432651963
6.26456436722502 26.6556401813425 16.1801572090034 32.6860490681836
18.9525224853084 42.765561711499 23.1433031895064 44.9225051916699
-4.83021858267498 -10.2728349948777 -5.31983196221637 -9.09556718331379
-14.8490712991456 23.5988250021254 18.0540768449575 25.0760565534877
2.3124117081165 20.2900563638627 0.26700792306785 31.200714338535
6.13370452102489 12.0815730857634 19.471468573881 34.2694373095516
3.65447773316361 -6.93893210085693 1.93206263306347 8.88271180981658
-18.0967801422093 4.71348481731684 -2.96892156580763 1.69574026017319
1.7227585921814 10.2852923825587 2.20725378174396 7.72026299880498
-12.165978049343 24.7954405129305 14.7577071750326 25.6570410370682
-12.1444751608489 -2.41218448644185 -1.18172454915335 1.07400733792049
-2.51675033104044 41.0627157180251 25.3879208302094 41.640429491125
-6.60539789874261 -14.2626577494719 -5.10411405714017 8.6568750629971
4.42553551113743 18.1065035558809 9.77352507466432 18.1184143266689
-8.05219614167152 37.6670715134825 16.7015143666394 44.1633495022862
-5.58414620617937 38.8913188205337 17.6421804639507 36.6562682831041
-16.263075185812 11.041244941359 6.12059698900877 13.6947172250963
-4.44682839611684 0.337743144959474 -18.57976630381 13.8850623558274
-12.7830179418012 12.3271648565147 9.41749326100675 12.2333269996962
-0.454504937621871 -12.5234763016524 3.16215923228487 10.8414412975675
1.15216781870209 12.7760577810656 7.53031653442751 29.5018755543788
-14.1536463591273 2.21676767226831 3.43046710815371 -1.24387491381843
-1.07894235200607 -11.2750629276904 3.6396424339047 9.19569938561471
-0.704259168479261 -10.3349396398727 0.976680094685924 9.41233013067132
0.210837820268935 -19.2427271724639 3.50788257502255 9.07251992016849
-12.8705713573487 -2.99296691247089 -8.80784892105156 -0.0608621451717899
-2.52706322558529 -9.11986864196993 1.92566065103733 9.17151481824065
11.3073994892628 39.0690905715877 20.9044634729636 44.9296929954415
7.77254682221092 26.6846786145458 16.8659789871323 32.9511436870317
5.04104180356254 11.2282517953476 8.9512359695758 19.1178071643114
-12.3069872999668 1.53382153195691 3.5380378551508 2.46663958557715
1.30937053929194 7.32788332270507 4.48024832542287 6.93884147814414
-19.8813019681599 2.00580422108545 -4.72604576948438 4.71216760774127
11.749199143346 40.6339406727824 23.5801085234006 39.8020944908438
8.48702838066091 14.7598630023388 11.8237458739727 35.5383837198571
-14.905468263634 23.8028279988 16.5917458734545 24.8518488038171
9.04862558153225 30.2410733178361 18.2036056640316 28.8829929877531
4.90284186728175 18.8205582139276 12.3019256795764 16.1548408827095
-2.9630055251245 -14.7375013880045 0.787857836465066 11.8232275646949
8.08614200143516 27.5143313773262 16.8362380002221 31.2977313465336
-8.64125218461238 36.2097077270803 15.8280533183365 46.6399186438018
-2.75779504955974 -9.35078340210814 -4.99946915874353 10.4978760203116
-2.12629906385519 -8.01127382964279 -0.994507969206829 -9.60181158571475
1.39260603003269 6.15064908391381 2.03825418422459 10.283395091884
-4.75673527111897 -11.6692279705018 -1.68943519409953 11.4095708540011
-4.95417234439657 25.6246951177504 10.658527347066 31.5877163447729
-6.96492165544747 4.16531779830698 -14.4533021696652 10.584409019276
-8.2978931039556 -10.7158635703007 3.00037727180499 6.01593078320704
-4.03912822680809 37.1542544770426 19.4098537597961 40.798594634326
-13.9037526482646 0.704713599615665 -10.5695477416325 0.835646450492637
0.557873692526649 -2.34271651453194 0.561481648841476 -9.36639885170067
-14.7167925451326 3.7885215350453 -4.54481381273107 -3.09056383529306
2.60231514259707 8.4389307480917 9.57755405420066 36.2806926076326
-0.999083134818006 4.80309750373045 8.70890513258746 24.1312765765736
2.77764579758876 21.0107226953954 2.01152670480553 32.4159203898534
0.78431427731422 8.37343051136584 2.7566081559245 1.12814846026455
1.81668882526254 22.2618699964971 -0.619196884642529 33.2910229091961
-3.83839208140512 -5.83327565541128 -1.94083577687604 -4.87194726385313
-21.6089088731613 1.2558523569811 -1.31563422773448 -1.45951477644246
-4.04637682583842 0.320692871320416 -13.2047041476996 6.15943891360366
-3.87187204927376 39.6754820878568 19.5461978464001 40.1023900675832
-2.50735247310596 10.1085271342429 -6.26121201912091 23.729524752204
1.43617398422655 -4.58865554640115 7.91679555596279 22.2031498587793
-17.8759811575885 2.36166332899501 -1.47951252022796 -2.76894359582382
-15.7074885122474 21.1600278566866 14.3613269862464 29.371768080068
0.445772508453493 12.7915346766156 -9.52871485237154 27.4435334138412
-3.55753940621484 4.75218928875432 9.47081809581144 24.529082050796
-15.8660766226104 0.305105713050462 -10.7607359757728 -1.95768641383612
6.2061102623874 39.2059078159248 28.7770982361134 42.4845585862054
-13.429932966586 -0.314264547051053 10.3726854581543 5.14196401186584
-12.6685079027601 13.5001747867491 5.8649361216481 16.2203130017344
-8.05700666180324 0.495536839226101 -16.2276144259054 11.5320765353175
0.71051734661417 5.17185598380034 3.28114463260529 1.23062235589186
-12.5052066612294 23.9369579852931 15.968135304354 29.1115529181173
5.54420525890198 10.6125256532591 17.1016098847749 35.1492942054485
-10.9205676484154 24.5496514766663 14.988690931297 26.1957670669186
-5.45679844342441 -7.04138482935225 5.80272542295191 13.1169754734685
5.65658868713797 28.4534711836679 16.5787736688401 54.1780812835937
-8.20602140276096 37.3804477928559 23.6567922569617 37.4600129397213
-2.87535513478423 -11.2495571203303 -7.23062841858872 12.145798346725
1.68457959606475 25.9380137434972 -1.29604999817857 30.2846273714528
-6.87904485307082 24.6223357134584 14.2191724587858 29.1941257946696
5.13817496270416 15.5898675202455 5.3977378371996 21.4811670563335
-15.2319733480921 -0.55046771774208 -3.29748517204663 8.68508168573158
-5.10724364824916 1.69946657479746 -9.86151197126727 4.22131922671371
-8.61023018178691 -15.8013630833467 0.771218108574997 7.62972756812905
0.446506081247874 1.96703361093127 4.3397112156542 2.76085782953099
8.43912900984052 27.0389615395123 15.6306354738703 29.5641299841125
10.8242709461713 40.7727594718273 22.2594909933897 46.4539477692853
-12.4352353180421 13.4190285832847 8.54847144416427 15.1604976631577
-10.7111875834103 24.384301301881 16.9878995783516 28.3565880960717
6.92617063434544 14.686785526114 10.1274693411113 15.7783052192771
-7.09877125373445 32.2974862279018 14.4987982381447 44.0445758511085
-4.1034547218523 -11.9015977428894 -4.10617279441035 -3.75901370555864
-15.6152738528536 1.04397209747176 -2.31901847727014 -0.26280513806449
11.562025760125 28.9082000788505 16.5780626920171 32.5884495406393
-6.55266656286231 1.76226215806091 -10.3490355264709 11.1516431448321
-6.93572922126451 23.0393938288029 11.9484771264125 31.5746980635831
0.711461467001466 26.4294618792393 -0.292474801587372 36.511994445436
9.8373007548524 44.6184134444167 24.3577055150776 44.2310427872315
-5.99266792552598 0.193726173918467 -12.2813270124107 6.49241364090433
-1.8189558782232 10.5486781382997 -6.31911144305429 18.8118865277178
-13.7613924337311 11.4858782014905 5.67302383869092 12.8657443309765
1.59564364029677 13.3164410970652 20.6069409973204 37.9898896381806
-4.59068835404932 9.99804825430158 -4.01034188445476 24.3139654982171
-6.28844151562779 35.5945992123353 23.1200022587373 41.4215742720697
6.05027109361957 20.4600286134105 19.9112964865498 47.4089076328544
1.46980066035111 16.2086028425113 1.11101020405425 37.2718099277179
9.89290818909662 41.4264932365784 19.1717541071733 40.7278736513037
0.0959032041407057 -1.64821120125394 10.3047310271618 22.6938718393642
2.47040297168173 4.72172364626346 3.01098425651603 7.36272249296958
-1.38463996223415 -6.72808248495837 -0.425883856941782 -7.21695085979669
8.02010831280053 26.7330260851446 19.7708467966009 29.9503580421427
0.505365460027801 10.6380946434976 -10.7523748178938 18.9558970120475
-2.07971056873744 -10.9547576144471 3.41287899936375 11.7120117650505
-5.3447548031791 -5.52243594810118 -3.3135679971489 -7.39894540584298
-2.86751767919671 9.53366411432002 -10.5351733680904 18.924023893308
2.6447809680483 1.83107992360236 -4.36785735595515 7.70563092990709
-13.319234259754 2.11003687601188 4.77659721082498 6.98047759279878
1.91232888335667 21.7438822304865 -1.46688218631245 35.5566943184823
-2.56390758987838 -4.72774920042546 -8.20555419856687 -2.49733720237094
-7.40057200058673 38.3417274799694 22.3916805990231 41.0122916201415
-0.488618636084112 -9.52818999632329 5.75510084372523 6.85046783632376
0.616512428377254 11.2917988567311 -9.76338503485285 21.389613427617
-1.93933995098582 -7.73884829755763 1.88311053264307 10.1789066771558
-1.2984789097683 -10.2025084203619 0.848516865992816 11.5654745440563
-6.67642107892921 -7.16720049838036 -8.33610920328448 -5.07923066499905
1.88235258022118 6.24043604253263 4.74424243765677 4.85879166785803
4.63675776184076 25.3625064158857 0.177817938013194 30.7141689657977
-19.0437122018503 -0.37438338171444 0.15720713671162 2.24108699624349
2.18232366335579 26.0983494258994 24.2679168439211 52.5781168816162
-0.0595732604881324 9.20575280511669 -9.09327595445316 18.4798378110167
-4.06413807743646 -7.31032851011698 3.6687980590373 11.1999347530111
-2.51275924073991 -7.18538590236043 2.48837108777958 10.3752681064494
5.84579850201842 21.6144661166052 10.6366347213687 21.0566656591227
4.44848357695422 19.9189580484954 21.85510132439 50.6106227682986
-19.5897878529882 2.58624832439813 -0.128825632829975 2.49595922044173
-6.09906887888919 26.9104074727482 11.9001142962755 25.1080976811842
-7.28631535365088 7.63939445561188 -9.13298029424278 18.4193702162141
1.89826316987138 5.21242410386439 -4.30346441950547 8.7506655649537
8.82707544178616 28.9939031605917 18.7006836205578 31.6865109381173
1.45636329533837 10.7244119976062 -7.1292527876601 18.2337501302057
8.89100566975651 36.0447461930056 18.4985372041887 28.5354688080686
-5.12695693473113 -9.84507985347715 1.84538299140316 15.5536619696253
8.08216531203865 25.0168184866991 -3.82448070600586 37.6860564480601
-12.6551950431452 -8.07434809492345 -5.92194916862028 10.1680977785465
7.7245961319138 42.7863446182596 27.8481526815514 40.4915446737997
16.708825663756 38.7187745144203 13.6504853341131 38.5723719663049
-7.58198154459635 8.49069702119698 -3.38223961967953 15.770116870657
4.06877762816049 17.0118777081409 6.45237180305375 15.4751383678343
-18.3388326959048 5.85295458689283 -4.57915565748672 -0.828316018929756
-0.285869937895207 9.03395406663225 10.7121777641136 30.9732733755235
-7.93405643418042 14.3019746363017 9.17003871332616 16.7124472292352
6.99756296958686 39.9061510183269 24.4592312838355 39.8677093416252
1.18828221238005 20.8082277029117 0.575765559091041 33.9212246792869
0.00467237349757799 -12.4342675221483 2.12635802447274 15.6278485001022
1.90443372442283 -4.23448098640383 8.35058743961996 22.5138515438743
3.21547590623795 6.91345110265995 3.8433832522294 10.9912304438647
-5.0678769483771 0.405020017249276 -19.6502537970711 9.11640094418524
6.12907916892931 42.9619598490012 30.2697618660521 41.7008644309927
1.68830694516598 15.2498475049986 15.5514882157707 35.8142404340104
2.1979775443851 10.3813415139312 19.4026404717245 34.7714890501091
-15.0645246016211 -1.17584437234107 0.40559935472853 -2.11157618769899
0.817512671785817 24.3730217389265 0.986154238583827 38.45644318822
8.25367129769395 20.6302671561922 28.7949358470908 55.1077824648686
-0.0862355625584016 11.0718003408174 -6.26727034883115 20.0548772003727
8.65761380046032 40.3003385985119 32.9454515273044 37.5597629923412
4.87389970300821 22.1942766737852 15.7456068244702 19.9356459964047
6.20006008699434 19.2922107418736 2.93082997439978 33.4002132581814
-5.18937573877871 -0.295616643782828 -17.0557770384148 10.7398616049436
-6.58227231899662 26.4179947570107 12.2462111289693 30.23208664132
3.50147291276325 24.5022125442996 -4.92105816851374 37.7619112479968
-12.4322225398491 11.4594811254458 3.42865045836628 18.3407876795078
-4.76240403543049 -6.54561009496066 -4.84101847498864 -3.40068902565216
-13.5226500189586 14.6086407968539 6.7924831356327 18.2008043922308
-6.94001252368092 34.7737159640031 24.1986171692176 40.9900112081835
-6.10457190828991 9.96605804308901 -2.25472944915583 18.1366997306481
-6.1931321457709 -0.132222304001806 -12.1108765369126 9.51344482796784
2.72363314017671 7.47919315552915 7.17240401124965 4.21084642239037
16.9815887563755 44.1213284880141 14.3231390212411 43.3436623182901
2.46182711593025 2.39182666463915 9.60701037336139 25.3837606076428
-9.38879358611502 34.1806639720573 19.1272684677379 34.9376753295502
-3.96931159530907 -4.3979774023039 -3.0134713565629 -11.198287993357
-1.98760817020304 0.153775230670522 8.76142060801892 22.3209407841304
-15.382987043113 1.51414669567099 2.12886869989582 -0.910599008783602
14.3204301426783 25.1936075950226 13.7882747868828 31.3442946535084
0.461777322326967 -10.4138028978331 -2.18986946293828 12.7669169723195
-14.3783493936076 -0.044676311296862 10.5625423811221 4.5660168079032
